arm,method,target,model,metric,importance,importance_sd_across_folds,model_r2,model_r2_sd,n_rows,target_family
empirical,"Normal, Uniform",w1,additive,n,5.018345654470571e-06,0.00013065097761634186,0.9167627693096211,0.030571019040659907,147,fit
empirical,"Normal, Uniform",w1,additive,coeffvar,0.12257798036192424,0.04857985763266043,0.9167627693096211,0.030571019040659907,147,fit
empirical,"Normal, Uniform",w1,additive,coeffvar_uw,0.16873544320498954,0.15992062338412907,0.9167627693096211,0.030571019040659907,147,fit
empirical,"Normal, Uniform",w1,additive,skewness,0.010671729916074391,0.013278192580051596,0.9167627693096211,0.030571019040659907,147,fit
empirical,"Normal, Uniform",w1,additive,skewness_uw,0.0005745009050074733,0.00587822496495369,0.9167627693096211,0.030571019040659907,147,fit
empirical,"Normal, Uniform",w1,additive,kurtosis,-0.0005511120430508031,0.0028411316732117713,0.9167627693096211,0.030571019040659907,147,fit
empirical,"Normal, Uniform",w1,additive,kurtosis_uw,-0.001554920999684557,0.00432785410489423,0.9167627693096211,0.030571019040659907,147,fit
empirical,"Normal, Uniform",w1,additive,entropy,0.014530207078556808,0.002528122311611586,0.9167627693096211,0.030571019040659907,147,fit
empirical,"Normal, Uniform",w1,additive,entropy_uw,0.001946738785264628,0.0018198024670398518,0.9167627693096211,0.030571019040659907,147,fit
empirical,"Normal, Uniform",w1,additive,crit_bw_1,0.00375415540028484,0.008716679924065482,0.9167627693096211,0.030571019040659907,147,fit
empirical,"Normal, Uniform",w1,additive,crit_bw_1_uw,0.00016118875518228215,0.0007510214675671691,0.9167627693096211,0.030571019040659907,147,fit
empirical,"Normal, Uniform",w1,additive,modality_index,0.0055102873799324995,0.009579450216447516,0.9167627693096211,0.030571019040659907,147,fit
empirical,"Normal, Uniform",w1,additive,modality_index_uw,6.951195988341485e-05,0.00011638316181940561,0.9167627693096211,0.030571019040659907,147,fit
empirical,"Normal, Uniform",w1,additive,fit_norm_SF,0.057386070490072064,0.02514564336676431,0.9167627693096211,0.030571019040659907,147,fit
empirical,"Normal, Uniform",w1,additive,fit_norm_SF_uw,0.009034105552676933,0.00710224681044761,0.9167627693096211,0.030571019040659907,147,fit
empirical,"Normal, Uniform",w1,additive,fit_lognorm_SF,0.0009816744439748357,0.0035107344950468873,0.9167627693096211,0.030571019040659907,147,fit
empirical,"Normal, Uniform",w1,additive,fit_lognorm_SF_uw,-0.004280143832079841,0.006352651582385319,0.9167627693096211,0.030571019040659907,147,fit
empirical,"Normal, Uniform",w1,additive,weight_outliers,0.00031470878693143253,0.004161459139400259,0.9167627693096211,0.030571019040659907,147,fit
empirical,"Normal, Uniform",w1,additive,weight_outliers_uw,0.0027863955760712676,0.005996751867744993,0.9167627693096211,0.030571019040659907,147,fit
empirical,"Normal, Uniform",w1,additive,mean,0.014197421722112188,0.02441356793825037,0.9167627693096211,0.030571019040659907,147,fit
empirical,"Normal, Uniform",w1,additive,w_v_uw_wasserstein,0.1874071413635836,0.07609758581931242,0.9167627693096211,0.030571019040659907,147,fit
empirical,"Normal, Uniform",w1,additive,modes_fitted,0.001988239980163813,0.0029324639759082207,0.9167627693096211,0.030571019040659907,147,fit
empirical,"Normal, Uniform",w1,additive,modes_scipy_default,0.0023881972036805576,0.003226058620773487,0.9167627693096211,0.030571019040659907,147,fit
empirical,"Normal, Uniform",w1,additive,modality_index_fitted,-0.0022657696742986724,0.0011852798983541684,0.9167627693096211,0.030571019040659907,147,fit
empirical,"Normal, Uniform",w1,additive,modality_index_fitted_uw,0.0007291485892725279,0.00463311799513678,0.9167627693096211,0.030571019040659907,147,fit
empirical,"Normal, Uniform",w1,boosted,n,0.0011823368692395286,0.0024981534170188647,0.8308239318696413,0.06781210592142682,147,fit
empirical,"Normal, Uniform",w1,boosted,coeffvar,0.10615095260407506,0.03493581864236113,0.8308239318696413,0.06781210592142682,147,fit
empirical,"Normal, Uniform",w1,boosted,coeffvar_uw,0.24870617327403868,0.06556906617716567,0.8308239318696413,0.06781210592142682,147,fit
empirical,"Normal, Uniform",w1,boosted,skewness,0.0014628315010671523,0.003558506563513054,0.8308239318696413,0.06781210592142682,147,fit
empirical,"Normal, Uniform",w1,boosted,skewness_uw,0.00022221880658672478,0.0003161827986756808,0.8308239318696413,0.06781210592142682,147,fit
empirical,"Normal, Uniform",w1,boosted,kurtosis,0.0020257543861428597,0.013226725822826923,0.8308239318696413,0.06781210592142682,147,fit
empirical,"Normal, Uniform",w1,boosted,kurtosis_uw,-0.001724202022788617,0.003030340741221437,0.8308239318696413,0.06781210592142682,147,fit
empirical,"Normal, Uniform",w1,boosted,entropy,0.013966128666213365,0.014008845094158133,0.8308239318696413,0.06781210592142682,147,fit
empirical,"Normal, Uniform",w1,boosted,entropy_uw,0.006021129190196035,0.007358661230508066,0.8308239318696413,0.06781210592142682,147,fit
empirical,"Normal, Uniform",w1,boosted,crit_bw_1,0.0003060829262857201,0.0006038528253938659,0.8308239318696413,0.06781210592142682,147,fit
empirical,"Normal, Uniform",w1,boosted,crit_bw_1_uw,0.0015344965619075637,0.0029531832957706296,0.8308239318696413,0.06781210592142682,147,fit
empirical,"Normal, Uniform",w1,boosted,modality_index,0.00013051479243744168,0.000331019982024752,0.8308239318696413,0.06781210592142682,147,fit
empirical,"Normal, Uniform",w1,boosted,modality_index_uw,-0.000367382758980812,0.003623229107383473,0.8308239318696413,0.06781210592142682,147,fit
empirical,"Normal, Uniform",w1,boosted,fit_norm_SF,0.019523072356911586,0.010596712016583118,0.8308239318696413,0.06781210592142682,147,fit
empirical,"Normal, Uniform",w1,boosted,fit_norm_SF_uw,0.0015901976323785584,0.001461285668468962,0.8308239318696413,0.06781210592142682,147,fit
empirical,"Normal, Uniform",w1,boosted,fit_lognorm_SF,0.00012231086928370826,0.0019395867631359866,0.8308239318696413,0.06781210592142682,147,fit
empirical,"Normal, Uniform",w1,boosted,fit_lognorm_SF_uw,0.0012814088411154411,0.003918494585222216,0.8308239318696413,0.06781210592142682,147,fit
empirical,"Normal, Uniform",w1,boosted,weight_outliers,0.006237996966976718,0.007919352205457027,0.8308239318696413,0.06781210592142682,147,fit
empirical,"Normal, Uniform",w1,boosted,weight_outliers_uw,0.00016464138237632487,0.001455242312905373,0.8308239318696413,0.06781210592142682,147,fit
empirical,"Normal, Uniform",w1,boosted,mean,0.005549280355380071,0.0032619556042682418,0.8308239318696413,0.06781210592142682,147,fit
empirical,"Normal, Uniform",w1,boosted,w_v_uw_wasserstein,0.19023538917462637,0.03269576085752754,0.8308239318696413,0.06781210592142682,147,fit
empirical,"Normal, Uniform",w1,boosted,modes_fitted,0.0,0.0,0.8308239318696413,0.06781210592142682,147,fit
empirical,"Normal, Uniform",w1,boosted,modes_scipy_default,0.0,0.0,0.8308239318696413,0.06781210592142682,147,fit
empirical,"Normal, Uniform",w1,boosted,modality_index_fitted,0.004406706572177879,0.003718889699958017,0.8308239318696413,0.06781210592142682,147,fit
empirical,"Normal, Uniform",w1,boosted,modality_index_fitted_uw,-9.492402440998358e-05,0.0012677553463778552,0.8308239318696413,0.06781210592142682,147,fit
empirical,"Normal, Variable",w1,additive,n,-0.0015896763005695358,0.004041598379932385,0.886409359537651,0.11215425032178995,147,fit
empirical,"Normal, Variable",w1,additive,coeffvar,0.6393665291100857,0.2048171717336299,0.886409359537651,0.11215425032178995,147,fit
empirical,"Normal, Variable",w1,additive,coeffvar_uw,0.02282013598816298,0.027878756408500398,0.886409359537651,0.11215425032178995,147,fit
empirical,"Normal, Variable",w1,additive,skewness,0.00844477940085227,0.02051930449833185,0.886409359537651,0.11215425032178995,147,fit
empirical,"Normal, Variable",w1,additive,skewness_uw,-0.0024738235153558795,0.006653606385734438,0.886409359537651,0.11215425032178995,147,fit
empirical,"Normal, Variable",w1,additive,kurtosis,0.006584220274905632,0.005909226290439212,0.886409359537651,0.11215425032178995,147,fit
empirical,"Normal, Variable",w1,additive,kurtosis_uw,-0.00010302213625181578,0.00020604427250363157,0.886409359537651,0.11215425032178995,147,fit
empirical,"Normal, Variable",w1,additive,entropy,0.0026911745753602865,0.005407718309507976,0.886409359537651,0.11215425032178995,147,fit
empirical,"Normal, Variable",w1,additive,entropy_uw,0.0016243160508887945,0.004742309170033255,0.886409359537651,0.11215425032178995,147,fit
empirical,"Normal, Variable",w1,additive,crit_bw_1,-0.006249883415327273,0.009724837907834774,0.886409359537651,0.11215425032178995,147,fit
empirical,"Normal, Variable",w1,additive,crit_bw_1_uw,-0.002257482861044515,0.009157910642583278,0.886409359537651,0.11215425032178995,147,fit
empirical,"Normal, Variable",w1,additive,modality_index,0.0012793155181083237,0.0017927995541265167,0.886409359537651,0.11215425032178995,147,fit
empirical,"Normal, Variable",w1,additive,modality_index_uw,0.0014803014776120316,0.0030101973760435874,0.886409359537651,0.11215425032178995,147,fit
empirical,"Normal, Variable",w1,additive,fit_norm_SF,0.16934161189237093,0.04840592639516542,0.886409359537651,0.11215425032178995,147,fit
empirical,"Normal, Variable",w1,additive,fit_norm_SF_uw,0.014018209770358373,0.02727864034300088,0.886409359537651,0.11215425032178995,147,fit
empirical,"Normal, Variable",w1,additive,fit_lognorm_SF,-0.00055076746395619,0.004930665408174839,0.886409359537651,0.11215425032178995,147,fit
empirical,"Normal, Variable",w1,additive,fit_lognorm_SF_uw,0.001501936852139578,0.002496489997346243,0.886409359537651,0.11215425032178995,147,fit
empirical,"Normal, Variable",w1,additive,weight_outliers,0.0029053172593264233,0.0019258801773182502,0.886409359537651,0.11215425032178995,147,fit
empirical,"Normal, Variable",w1,additive,weight_outliers_uw,0.0014304015856877572,0.0017841661132823434,0.886409359537651,0.11215425032178995,147,fit
empirical,"Normal, Variable",w1,additive,mean,0.10605010000388415,0.05694580257970635,0.886409359537651,0.11215425032178995,147,fit
empirical,"Normal, Variable",w1,additive,w_v_uw_wasserstein,0.007222597494107606,0.0019113796756568809,0.886409359537651,0.11215425032178995,147,fit
empirical,"Normal, Variable",w1,additive,modes_fitted,0.001625769122853902,0.007351431523172906,0.886409359537651,0.11215425032178995,147,fit
empirical,"Normal, Variable",w1,additive,modes_scipy_default,-0.001614616134601616,0.0026662212950702606,0.886409359537651,0.11215425032178995,147,fit
empirical,"Normal, Variable",w1,additive,modality_index_fitted,0.0013819507540453204,0.002281811279050622,0.886409359537651,0.11215425032178995,147,fit
empirical,"Normal, Variable",w1,additive,modality_index_fitted_uw,-0.00033071956583566873,0.00032634195626416644,0.886409359537651,0.11215425032178995,147,fit
empirical,"Normal, Variable",w1,boosted,n,0.0019050416462390919,0.0031720699087630696,0.8705442469049933,0.018788988333101945,147,fit
empirical,"Normal, Variable",w1,boosted,coeffvar,0.19781014504518926,0.049420047830655754,0.8705442469049933,0.018788988333101945,147,fit
empirical,"Normal, Variable",w1,boosted,coeffvar_uw,0.3459758562325873,0.13439020959389206,0.8705442469049933,0.018788988333101945,147,fit
empirical,"Normal, Variable",w1,boosted,skewness,0.0007614318014807631,0.001522863602961526,0.8705442469049933,0.018788988333101945,147,fit
empirical,"Normal, Variable",w1,boosted,skewness_uw,6.98837186560075e-05,8.591460307970205e-05,0.8705442469049933,0.018788988333101945,147,fit
empirical,"Normal, Variable",w1,boosted,kurtosis,0.001725136950104862,0.00174945053725169,0.8705442469049933,0.018788988333101945,147,fit
empirical,"Normal, Variable",w1,boosted,kurtosis_uw,0.0009626598272018729,0.0037615639731518337,0.8705442469049933,0.018788988333101945,147,fit
empirical,"Normal, Variable",w1,boosted,entropy,0.00011916290078580303,0.0005018893594292799,0.8705442469049933,0.018788988333101945,147,fit
empirical,"Normal, Variable",w1,boosted,entropy_uw,0.014286777673803087,0.00966503227408081,0.8705442469049933,0.018788988333101945,147,fit
empirical,"Normal, Variable",w1,boosted,crit_bw_1,0.004764701311033308,0.004459299641221919,0.8705442469049933,0.018788988333101945,147,fit
empirical,"Normal, Variable",w1,boosted,crit_bw_1_uw,0.0011321832374212226,0.0011951676118317764,0.8705442469049933,0.018788988333101945,147,fit
empirical,"Normal, Variable",w1,boosted,modality_index,0.0019832399676627355,0.0016278909269791559,0.8705442469049933,0.018788988333101945,147,fit
empirical,"Normal, Variable",w1,boosted,modality_index_uw,-0.00017875707959365215,0.0001891249840585575,0.8705442469049933,0.018788988333101945,147,fit
empirical,"Normal, Variable",w1,boosted,fit_norm_SF,0.012176463121275766,0.01801665368410465,0.8705442469049933,0.018788988333101945,147,fit
empirical,"Normal, Variable",w1,boosted,fit_norm_SF_uw,0.01709337283467592,0.016673364873259,0.8705442469049933,0.018788988333101945,147,fit
empirical,"Normal, Variable",w1,boosted,fit_lognorm_SF,-0.001634936087930479,0.005435902167956929,0.8705442469049933,0.018788988333101945,147,fit
empirical,"Normal, Variable",w1,boosted,fit_lognorm_SF_uw,0.00014239513203344382,0.0015971344180215532,0.8705442469049933,0.018788988333101945,147,fit
empirical,"Normal, Variable",w1,boosted,weight_outliers,0.0019411317560622486,0.008156295441582619,0.8705442469049933,0.018788988333101945,147,fit
empirical,"Normal, Variable",w1,boosted,weight_outliers_uw,0.0017520783001471999,0.0027679850481847103,0.8705442469049933,0.018788988333101945,147,fit
empirical,"Normal, Variable",w1,boosted,mean,0.012454995860484357,0.009453443335109696,0.8705442469049933,0.018788988333101945,147,fit
empirical,"Normal, Variable",w1,boosted,w_v_uw_wasserstein,-0.005147014314820051,0.009878719639320865,0.8705442469049933,0.018788988333101945,147,fit
empirical,"Normal, Variable",w1,boosted,modes_fitted,1.2178731631793392e-05,0.00018649432679109448,0.8705442469049933,0.018788988333101945,147,fit
empirical,"Normal, Variable",w1,boosted,modes_scipy_default,0.0,0.0,0.8705442469049933,0.018788988333101945,147,fit
empirical,"Normal, Variable",w1,boosted,modality_index_fitted,0.011060645344804002,0.004894049733902395,0.8705442469049933,0.018788988333101945,147,fit
empirical,"Normal, Variable",w1,boosted,modality_index_fitted_uw,-0.0003628472647853085,0.002464311502764295,0.8705442469049933,0.018788988333101945,147,fit
empirical,"Lognormal, Uniform",w1,additive,n,0.011788568623089909,0.017623890144187655,0.8325074305611431,0.09521487686987894,147,fit
empirical,"Lognormal, Uniform",w1,additive,coeffvar,0.049236178783769645,0.015450851117913549,0.8325074305611431,0.09521487686987894,147,fit
empirical,"Lognormal, Uniform",w1,additive,coeffvar_uw,0.06118895062417995,0.021748996698888325,0.8325074305611431,0.09521487686987894,147,fit
empirical,"Lognormal, Uniform",w1,additive,skewness,-0.000485719447548374,0.0015093837315133614,0.8325074305611431,0.09521487686987894,147,fit
empirical,"Lognormal, Uniform",w1,additive,skewness_uw,-0.0016465127774943622,0.008744751963609387,0.8325074305611431,0.09521487686987894,147,fit
empirical,"Lognormal, Uniform",w1,additive,kurtosis,-0.0035295380546299243,0.0198191261400347,0.8325074305611431,0.09521487686987894,147,fit
empirical,"Lognormal, Uniform",w1,additive,kurtosis_uw,-0.005974598935921747,0.010215513714536231,0.8325074305611431,0.09521487686987894,147,fit
empirical,"Lognormal, Uniform",w1,additive,entropy,0.01956038520992828,0.04723618335808633,0.8325074305611431,0.09521487686987894,147,fit
empirical,"Lognormal, Uniform",w1,additive,entropy_uw,-0.003754433767234162,0.01136889323136437,0.8325074305611431,0.09521487686987894,147,fit
empirical,"Lognormal, Uniform",w1,additive,crit_bw_1,0.011159422318116365,0.015573673060546668,0.8325074305611431,0.09521487686987894,147,fit
empirical,"Lognormal, Uniform",w1,additive,crit_bw_1_uw,0.009555455915752863,0.013141020126032334,0.8325074305611431,0.09521487686987894,147,fit
empirical,"Lognormal, Uniform",w1,additive,modality_index,0.003377879200512137,0.004067667746689428,0.8325074305611431,0.09521487686987894,147,fit
empirical,"Lognormal, Uniform",w1,additive,modality_index_uw,0.009263999154516667,0.011086076234301486,0.8325074305611431,0.09521487686987894,147,fit
empirical,"Lognormal, Uniform",w1,additive,fit_norm_SF,0.016097756403452887,0.026329800652811524,0.8325074305611431,0.09521487686987894,147,fit
empirical,"Lognormal, Uniform",w1,additive,fit_norm_SF_uw,0.0018060388426699744,0.001985724798478796,0.8325074305611431,0.09521487686987894,147,fit
empirical,"Lognormal, Uniform",w1,additive,fit_lognorm_SF,0.0016460129838928416,0.0038214063242401172,0.8325074305611431,0.09521487686987894,147,fit
empirical,"Lognormal, Uniform",w1,additive,fit_lognorm_SF_uw,-0.0006742459219996944,0.0004329801620394032,0.8325074305611431,0.09521487686987894,147,fit
empirical,"Lognormal, Uniform",w1,additive,weight_outliers,-0.00037956185633295273,0.003706717599355246,0.8325074305611431,0.09521487686987894,147,fit
empirical,"Lognormal, Uniform",w1,additive,weight_outliers_uw,0.0025108047191491974,0.00886048872133028,0.8325074305611431,0.09521487686987894,147,fit
empirical,"Lognormal, Uniform",w1,additive,mean,0.05288462736645246,0.03976528984602375,0.8325074305611431,0.09521487686987894,147,fit
empirical,"Lognormal, Uniform",w1,additive,w_v_uw_wasserstein,0.608758588906529,0.12651712341052546,0.8325074305611431,0.09521487686987894,147,fit
empirical,"Lognormal, Uniform",w1,additive,modes_fitted,0.01024333928542352,0.011447666522720876,0.8325074305611431,0.09521487686987894,147,fit
empirical,"Lognormal, Uniform",w1,additive,modes_scipy_default,-0.000715858589347318,0.0029905879766200256,0.8325074305611431,0.09521487686987894,147,fit
empirical,"Lognormal, Uniform",w1,additive,modality_index_fitted,0.001740853831700528,0.011160656532142156,0.8325074305611431,0.09521487686987894,147,fit
empirical,"Lognormal, Uniform",w1,additive,modality_index_fitted_uw,0.005368451137014567,0.0137935043109984,0.8325074305611431,0.09521487686987894,147,fit
empirical,"Lognormal, Uniform",w1,boosted,n,0.004277903924378266,0.010387312858720295,0.7770454583706712,0.07038555824593865,147,fit
empirical,"Lognormal, Uniform",w1,boosted,coeffvar,0.037405987092095846,0.039198437272871686,0.7770454583706712,0.07038555824593865,147,fit
empirical,"Lognormal, Uniform",w1,boosted,coeffvar_uw,0.14998008603385707,0.05758592694227363,0.7770454583706712,0.07038555824593865,147,fit
empirical,"Lognormal, Uniform",w1,boosted,skewness,-0.0010175274248316458,0.002065212854516775,0.7770454583706712,0.07038555824593865,147,fit
empirical,"Lognormal, Uniform",w1,boosted,skewness_uw,0.0017844070788310452,0.0005152200905594033,0.7770454583706712,0.07038555824593865,147,fit
empirical,"Lognormal, Uniform",w1,boosted,kurtosis,-0.00157321869730759,0.008837431398010256,0.7770454583706712,0.07038555824593865,147,fit
empirical,"Lognormal, Uniform",w1,boosted,kurtosis_uw,-0.0008318380976817828,0.0028795190350678884,0.7770454583706712,0.07038555824593865,147,fit
empirical,"Lognormal, Uniform",w1,boosted,entropy,0.007459267908543453,0.014295448240826937,0.7770454583706712,0.07038555824593865,147,fit
empirical,"Lognormal, Uniform",w1,boosted,entropy_uw,0.015582107266860018,0.006885744337962405,0.7770454583706712,0.07038555824593865,147,fit
empirical,"Lognormal, Uniform",w1,boosted,crit_bw_1,-0.0006023779066681189,0.001308297295949613,0.7770454583706712,0.07038555824593865,147,fit
empirical,"Lognormal, Uniform",w1,boosted,crit_bw_1_uw,-0.0004162217423945247,0.002324199386338502,0.7770454583706712,0.07038555824593865,147,fit
empirical,"Lognormal, Uniform",w1,boosted,modality_index,-0.001347834289958665,0.005489737722862113,0.7770454583706712,0.07038555824593865,147,fit
empirical,"Lognormal, Uniform",w1,boosted,modality_index_uw,2.6152516207509497e-05,0.0035686432555195892,0.7770454583706712,0.07038555824593865,147,fit
empirical,"Lognormal, Uniform",w1,boosted,fit_norm_SF,0.0114231318494659,0.00640548764703942,0.7770454583706712,0.07038555824593865,147,fit
empirical,"Lognormal, Uniform",w1,boosted,fit_norm_SF_uw,0.002181174393805112,0.003585080457897496,0.7770454583706712,0.07038555824593865,147,fit
empirical,"Lognormal, Uniform",w1,boosted,fit_lognorm_SF,0.008062135295025037,0.008229139827535672,0.7770454583706712,0.07038555824593865,147,fit
empirical,"Lognormal, Uniform",w1,boosted,fit_lognorm_SF_uw,0.010019730699387058,0.009968262308538568,0.7770454583706712,0.07038555824593865,147,fit
empirical,"Lognormal, Uniform",w1,boosted,weight_outliers,0.0034904513882813904,0.006417799226104016,0.7770454583706712,0.07038555824593865,147,fit
empirical,"Lognormal, Uniform",w1,boosted,weight_outliers_uw,-0.0008458737157226246,0.004201916023003995,0.7770454583706712,0.07038555824593865,147,fit
empirical,"Lognormal, Uniform",w1,boosted,mean,0.03167231253492749,0.009690873977043536,0.7770454583706712,0.07038555824593865,147,fit
empirical,"Lognormal, Uniform",w1,boosted,w_v_uw_wasserstein,0.41290432592522536,0.04465211967956008,0.7770454583706712,0.07038555824593865,147,fit
empirical,"Lognormal, Uniform",w1,boosted,modes_fitted,-0.0009619206433780803,0.0019636296142830486,0.7770454583706712,0.07038555824593865,147,fit
empirical,"Lognormal, Uniform",w1,boosted,modes_scipy_default,0.0,0.0,0.7770454583706712,0.07038555824593865,147,fit
empirical,"Lognormal, Uniform",w1,boosted,modality_index_fitted,-0.001788764362807278,0.0024534876569880524,0.7770454583706712,0.07038555824593865,147,fit
empirical,"Lognormal, Uniform",w1,boosted,modality_index_fitted_uw,0.0019018454705591978,0.003986605683175166,0.7770454583706712,0.07038555824593865,147,fit
empirical,"Lognormal, Variable",w1,additive,n,0.007864936018501606,0.025596976766651954,0.7560541104661295,0.18150653114198662,147,fit
empirical,"Lognormal, Variable",w1,additive,coeffvar,0.5306072217347941,0.2590126269017511,0.7560541104661295,0.18150653114198662,147,fit
empirical,"Lognormal, Variable",w1,additive,coeffvar_uw,0.10911319811902634,0.13163314122263903,0.7560541104661295,0.18150653114198662,147,fit
empirical,"Lognormal, Variable",w1,additive,skewness,0.016853975331812262,0.03147968086289225,0.7560541104661295,0.18150653114198662,147,fit
empirical,"Lognormal, Variable",w1,additive,skewness_uw,-0.0015441483195738459,0.0030720641400318115,0.7560541104661295,0.18150653114198662,147,fit
empirical,"Lognormal, Variable",w1,additive,kurtosis,0.003202584194633893,0.016139297649272997,0.7560541104661295,0.18150653114198662,147,fit
empirical,"Lognormal, Variable",w1,additive,kurtosis_uw,0.0008292435522808649,0.016127798330306913,0.7560541104661295,0.18150653114198662,147,fit
empirical,"Lognormal, Variable",w1,additive,entropy,0.01630945004219439,0.03846334890566938,0.7560541104661295,0.18150653114198662,147,fit
empirical,"Lognormal, Variable",w1,additive,entropy_uw,0.011456431008498774,0.010501539777197913,0.7560541104661295,0.18150653114198662,147,fit
empirical,"Lognormal, Variable",w1,additive,crit_bw_1,0.0012261414285255378,0.005825085832878683,0.7560541104661295,0.18150653114198662,147,fit
empirical,"Lognormal, Variable",w1,additive,crit_bw_1_uw,0.016428883040896798,0.021709234186172915,0.7560541104661295,0.18150653114198662,147,fit
empirical,"Lognormal, Variable",w1,additive,modality_index,0.0006370117636694861,0.002086205169273241,0.7560541104661295,0.18150653114198662,147,fit
empirical,"Lognormal, Variable",w1,additive,modality_index_uw,0.0017526183169690479,0.0023636702240151103,0.7560541104661295,0.18150653114198662,147,fit
empirical,"Lognormal, Variable",w1,additive,fit_norm_SF,0.0020443783172762594,0.022131910324648115,0.7560541104661295,0.18150653114198662,147,fit
empirical,"Lognormal, Variable",w1,additive,fit_norm_SF_uw,0.002870137635251342,0.011562696452941246,0.7560541104661295,0.18150653114198662,147,fit
empirical,"Lognormal, Variable",w1,additive,fit_lognorm_SF,0.03169063290599044,0.05164191625114635,0.7560541104661295,0.18150653114198662,147,fit
empirical,"Lognormal, Variable",w1,additive,fit_lognorm_SF_uw,0.009246317607051791,0.015030400447927085,0.7560541104661295,0.18150653114198662,147,fit
empirical,"Lognormal, Variable",w1,additive,weight_outliers,0.0029350083069451193,0.007838835250915775,0.7560541104661295,0.18150653114198662,147,fit
empirical,"Lognormal, Variable",w1,additive,weight_outliers_uw,0.0006475674824994716,0.005730008186026035,0.7560541104661295,0.18150653114198662,147,fit
empirical,"Lognormal, Variable",w1,additive,mean,0.09429339899879609,0.060648748108897074,0.7560541104661295,0.18150653114198662,147,fit
empirical,"Lognormal, Variable",w1,additive,w_v_uw_wasserstein,0.03271380837491285,0.03554431641177354,0.7560541104661295,0.18150653114198662,147,fit
empirical,"Lognormal, Variable",w1,additive,modes_fitted,-0.007201516525998708,0.022878693763693603,0.7560541104661295,0.18150653114198662,147,fit
empirical,"Lognormal, Variable",w1,additive,modes_scipy_default,-0.0015202648074953994,0.005951636458157811,0.7560541104661295,0.18150653114198662,147,fit
empirical,"Lognormal, Variable",w1,additive,modality_index_fitted,0.00972872077666862,0.008345521013018727,0.7560541104661295,0.18150653114198662,147,fit
empirical,"Lognormal, Variable",w1,additive,modality_index_fitted_uw,0.0006891732104699289,0.004040951409339352,0.7560541104661295,0.18150653114198662,147,fit
empirical,"Lognormal, Variable",w1,boosted,n,0.009364327410511578,0.014805124806328673,0.7811111768806012,0.04852416835261017,147,fit
empirical,"Lognormal, Variable",w1,boosted,coeffvar,0.11408106213115195,0.11643528868000394,0.7811111768806012,0.04852416835261017,147,fit
empirical,"Lognormal, Variable",w1,boosted,coeffvar_uw,0.338796441092679,0.14079245293400547,0.7811111768806012,0.04852416835261017,147,fit
empirical,"Lognormal, Variable",w1,boosted,skewness,0.001491959097622897,0.005295827739018936,0.7811111768806012,0.04852416835261017,147,fit
empirical,"Lognormal, Variable",w1,boosted,skewness_uw,0.0025156527853162445,0.004172560725609643,0.7811111768806012,0.04852416835261017,147,fit
empirical,"Lognormal, Variable",w1,boosted,kurtosis,0.002090135972296277,0.00966127905384228,0.7811111768806012,0.04852416835261017,147,fit
empirical,"Lognormal, Variable",w1,boosted,kurtosis_uw,0.004908440383488753,0.005689211362797143,0.7811111768806012,0.04852416835261017,147,fit
empirical,"Lognormal, Variable",w1,boosted,entropy,0.013994732610409785,0.009138710143692925,0.7811111768806012,0.04852416835261017,147,fit
empirical,"Lognormal, Variable",w1,boosted,entropy_uw,0.09563550953396036,0.05448657241558462,0.7811111768806012,0.04852416835261017,147,fit
empirical,"Lognormal, Variable",w1,boosted,crit_bw_1,-0.0011375376184349227,0.004970585838102261,0.7811111768806012,0.04852416835261017,147,fit
empirical,"Lognormal, Variable",w1,boosted,crit_bw_1_uw,0.0012190762978579195,0.00749039990821866,0.7811111768806012,0.04852416835261017,147,fit
empirical,"Lognormal, Variable",w1,boosted,modality_index,0.004113155539479526,0.008121263396775213,0.7811111768806012,0.04852416835261017,147,fit
empirical,"Lognormal, Variable",w1,boosted,modality_index_uw,-0.0006518278102079389,0.0009400980254908177,0.7811111768806012,0.04852416835261017,147,fit
empirical,"Lognormal, Variable",w1,boosted,fit_norm_SF,-0.00020596824540311645,0.0009024302713706734,0.7811111768806012,0.04852416835261017,147,fit
empirical,"Lognormal, Variable",w1,boosted,fit_norm_SF_uw,-0.002657831823030221,0.004404104032137182,0.7811111768806012,0.04852416835261017,147,fit
empirical,"Lognormal, Variable",w1,boosted,fit_lognorm_SF,0.024191645743851103,0.008801339379643254,0.7811111768806012,0.04852416835261017,147,fit
empirical,"Lognormal, Variable",w1,boosted,fit_lognorm_SF_uw,0.02060469721640531,0.015856029645104804,0.7811111768806012,0.04852416835261017,147,fit
empirical,"Lognormal, Variable",w1,boosted,weight_outliers,-0.0004203032135293605,0.0010170740544826274,0.7811111768806012,0.04852416835261017,147,fit
empirical,"Lognormal, Variable",w1,boosted,weight_outliers_uw,0.0010762655752570849,0.0016113438377629646,0.7811111768806012,0.04852416835261017,147,fit
empirical,"Lognormal, Variable",w1,boosted,mean,0.025467740115229964,0.010009484042332891,0.7811111768806012,0.04852416835261017,147,fit
empirical,"Lognormal, Variable",w1,boosted,w_v_uw_wasserstein,0.02064918543335214,0.009652516541349538,0.7811111768806012,0.04852416835261017,147,fit
empirical,"Lognormal, Variable",w1,boosted,modes_fitted,-0.0007151076118659616,0.0007753861482809807,0.7811111768806012,0.04852416835261017,147,fit
empirical,"Lognormal, Variable",w1,boosted,modes_scipy_default,0.0,0.0,0.7811111768806012,0.04852416835261017,147,fit
empirical,"Lognormal, Variable",w1,boosted,modality_index_fitted,0.03806449039278186,0.016345830633782265,0.7811111768806012,0.04852416835261017,147,fit
empirical,"Lognormal, Variable",w1,boosted,modality_index_fitted_uw,0.010733912908920253,0.01406834716471417,0.7811111768806012,0.04852416835261017,147,fit
empirical,"KDE, Uniform",w1,additive,n,0.009164464464963515,0.007793450089829766,0.9249188162350526,0.029165632586826733,147,fit
empirical,"KDE, Uniform",w1,additive,coeffvar,0.007634145200595568,0.006072556971880557,0.9249188162350526,0.029165632586826733,147,fit
empirical,"KDE, Uniform",w1,additive,coeffvar_uw,0.04628732922062416,0.022285671770234862,0.9249188162350526,0.029165632586826733,147,fit
empirical,"KDE, Uniform",w1,additive,skewness,0.0012535534218895725,0.00031798410764735213,0.9249188162350526,0.029165632586826733,147,fit
empirical,"KDE, Uniform",w1,additive,skewness_uw,0.00025229023616821775,0.0009395371389232344,0.9249188162350526,0.029165632586826733,147,fit
empirical,"KDE, Uniform",w1,additive,kurtosis,-0.0006657184764253365,0.0009448448759126431,0.9249188162350526,0.029165632586826733,147,fit
empirical,"KDE, Uniform",w1,additive,kurtosis_uw,0.00020751958974075447,0.002236988255189739,0.9249188162350526,0.029165632586826733,147,fit
empirical,"KDE, Uniform",w1,additive,entropy,0.01812603125063088,0.011661752479249278,0.9249188162350526,0.029165632586826733,147,fit
empirical,"KDE, Uniform",w1,additive,entropy_uw,0.011758388996348816,0.012060380754035508,0.9249188162350526,0.029165632586826733,147,fit
empirical,"KDE, Uniform",w1,additive,crit_bw_1,0.001456694273861803,0.0036769964391109803,0.9249188162350526,0.029165632586826733,147,fit
empirical,"KDE, Uniform",w1,additive,crit_bw_1_uw,0.004764770157738258,0.001475371699266223,0.9249188162350526,0.029165632586826733,147,fit
empirical,"KDE, Uniform",w1,additive,modality_index,0.0013010399070215307,0.0023376958581742486,0.9249188162350526,0.029165632586826733,147,fit
empirical,"KDE, Uniform",w1,additive,modality_index_uw,-0.0008453332999336392,0.002406708821641108,0.9249188162350526,0.029165632586826733,147,fit
empirical,"KDE, Uniform",w1,additive,fit_norm_SF,0.0029676226440325587,0.010505438055444693,0.9249188162350526,0.029165632586826733,147,fit
empirical,"KDE, Uniform",w1,additive,fit_norm_SF_uw,0.0007737972563805595,0.0013760240031295149,0.9249188162350526,0.029165632586826733,147,fit
empirical,"KDE, Uniform",w1,additive,fit_lognorm_SF,-0.000817169658395489,0.0013526977188580598,0.9249188162350526,0.029165632586826733,147,fit
empirical,"KDE, Uniform",w1,additive,fit_lognorm_SF_uw,0.005695011184690306,0.007112827923380842,0.9249188162350526,0.029165632586826733,147,fit
empirical,"KDE, Uniform",w1,additive,weight_outliers,0.0074748440719784055,0.007131488484256899,0.9249188162350526,0.029165632586826733,147,fit
empirical,"KDE, Uniform",w1,additive,weight_outliers_uw,0.0004997845012134093,0.0031192538305395484,0.9249188162350526,0.029165632586826733,147,fit
empirical,"KDE, Uniform",w1,additive,mean,0.03356068393493039,0.022478869117417567,0.9249188162350526,0.029165632586826733,147,fit
empirical,"KDE, Uniform",w1,additive,w_v_uw_wasserstein,0.7690936320038424,0.14066626072399108,0.9249188162350526,0.029165632586826733,147,fit
empirical,"KDE, Uniform",w1,additive,modes_fitted,-0.00010385931777680212,0.00016604194192673173,0.9249188162350526,0.029165632586826733,147,fit
empirical,"KDE, Uniform",w1,additive,modes_scipy_default,-0.0015241652912633197,0.002991277599013965,0.9249188162350526,0.029165632586826733,147,fit
empirical,"KDE, Uniform",w1,additive,modality_index_fitted,-0.0006564706209129633,0.0008285281798819723,0.9249188162350526,0.029165632586826733,147,fit
empirical,"KDE, Uniform",w1,additive,modality_index_fitted_uw,0.0006951893638614527,0.004225810370186376,0.9249188162350526,0.029165632586826733,147,fit
empirical,"KDE, Uniform",w1,boosted,n,0.001091436133214878,0.0014475993079447575,0.7628910490743455,0.055418034341855646,147,fit
empirical,"KDE, Uniform",w1,boosted,coeffvar,0.007847758715609934,0.00850710146220036,0.7628910490743455,0.055418034341855646,147,fit
empirical,"KDE, Uniform",w1,boosted,coeffvar_uw,0.05175234316520243,0.023011716560165412,0.7628910490743455,0.055418034341855646,147,fit
empirical,"KDE, Uniform",w1,boosted,skewness,-5.158609700142138e-06,0.0006018505251470485,0.7628910490743455,0.055418034341855646,147,fit
empirical,"KDE, Uniform",w1,boosted,skewness_uw,0.0003809916422931314,0.0007619832845862628,0.7628910490743455,0.055418034341855646,147,fit
empirical,"KDE, Uniform",w1,boosted,kurtosis,0.002088299182298077,0.004433384103553364,0.7628910490743455,0.055418034341855646,147,fit
empirical,"KDE, Uniform",w1,boosted,kurtosis_uw,-0.0003418298863659408,0.0006815767036306744,0.7628910490743455,0.055418034341855646,147,fit
empirical,"KDE, Uniform",w1,boosted,entropy,0.023238491935611328,0.021582824359052982,0.7628910490743455,0.055418034341855646,147,fit
empirical,"KDE, Uniform",w1,boosted,entropy_uw,0.020306684206981573,0.01397610092123227,0.7628910490743455,0.055418034341855646,147,fit
empirical,"KDE, Uniform",w1,boosted,crit_bw_1,-0.00029012810543921125,0.0010044833706145233,0.7628910490743455,0.055418034341855646,147,fit
empirical,"KDE, Uniform",w1,boosted,crit_bw_1_uw,0.000461598832495862,0.0007414384963698552,0.7628910490743455,0.055418034341855646,147,fit
empirical,"KDE, Uniform",w1,boosted,modality_index,0.00014919511378408634,0.0002983902275681727,0.7628910490743455,0.055418034341855646,147,fit
empirical,"KDE, Uniform",w1,boosted,modality_index_uw,0.0002693413963410651,0.00036049153888269075,0.7628910490743455,0.055418034341855646,147,fit
empirical,"KDE, Uniform",w1,boosted,fit_norm_SF,0.013974806938364958,0.011966736574557612,0.7628910490743455,0.055418034341855646,147,fit
empirical,"KDE, Uniform",w1,boosted,fit_norm_SF_uw,0.0011302562808566585,0.00319310880428669,0.7628910490743455,0.055418034341855646,147,fit
empirical,"KDE, Uniform",w1,boosted,fit_lognorm_SF,-0.0007431924623457676,0.015581608821658181,0.7628910490743455,0.055418034341855646,147,fit
empirical,"KDE, Uniform",w1,boosted,fit_lognorm_SF_uw,0.0031447462338914955,0.011706631684135714,0.7628910490743455,0.055418034341855646,147,fit
empirical,"KDE, Uniform",w1,boosted,weight_outliers,0.002769316010418743,0.0029465880890256484,0.7628910490743455,0.055418034341855646,147,fit
empirical,"KDE, Uniform",w1,boosted,weight_outliers_uw,-0.0009761337009614901,0.003129255227125624,0.7628910490743455,0.055418034341855646,147,fit
empirical,"KDE, Uniform",w1,boosted,mean,0.010972548454694298,0.006207077479885493,0.7628910490743455,0.055418034341855646,147,fit
empirical,"KDE, Uniform",w1,boosted,w_v_uw_wasserstein,0.7072153314804137,0.1446746560866937,0.7628910490743455,0.055418034341855646,147,fit
empirical,"KDE, Uniform",w1,boosted,modes_fitted,-0.00029000418551681454,0.000449999408329913,0.7628910490743455,0.055418034341855646,147,fit
empirical,"KDE, Uniform",w1,boosted,modes_scipy_default,0.0,0.0,0.7628910490743455,0.055418034341855646,147,fit
empirical,"KDE, Uniform",w1,boosted,modality_index_fitted,0.0002011389147620335,0.0003224807540410839,0.7628910490743455,0.055418034341855646,147,fit
empirical,"KDE, Uniform",w1,boosted,modality_index_fitted_uw,0.00012422927387920833,0.00024845854775841665,0.7628910490743455,0.055418034341855646,147,fit
empirical,"KDE, Variable",w1,additive,n,0.16369133548162657,0.07376861083276949,0.7684836137557748,0.07803046939287801,147,fit
empirical,"KDE, Variable",w1,additive,coeffvar,0.22992852837888672,0.07330705582247511,0.7684836137557748,0.07803046939287801,147,fit
empirical,"KDE, Variable",w1,additive,coeffvar_uw,0.0801063684954468,0.023164495431348013,0.7684836137557748,0.07803046939287801,147,fit
empirical,"KDE, Variable",w1,additive,skewness,0.01709996867880576,0.03580378075329861,0.7684836137557748,0.07803046939287801,147,fit
empirical,"KDE, Variable",w1,additive,skewness_uw,0.004820008358990413,0.011725066840690053,0.7684836137557748,0.07803046939287801,147,fit
empirical,"KDE, Variable",w1,additive,kurtosis,0.028856293670136313,0.03368684719667602,0.7684836137557748,0.07803046939287801,147,fit
empirical,"KDE, Variable",w1,additive,kurtosis_uw,0.008509747261199468,0.014378810201803208,0.7684836137557748,0.07803046939287801,147,fit
empirical,"KDE, Variable",w1,additive,entropy,0.05876010063516875,0.012377745286748329,0.7684836137557748,0.07803046939287801,147,fit
empirical,"KDE, Variable",w1,additive,entropy_uw,0.12714012315059567,0.05865385966388328,0.7684836137557748,0.07803046939287801,147,fit
empirical,"KDE, Variable",w1,additive,crit_bw_1,0.0017196296982929173,0.0021361788702546564,0.7684836137557748,0.07803046939287801,147,fit
empirical,"KDE, Variable",w1,additive,crit_bw_1_uw,0.008778000345576957,0.01886085575639228,0.7684836137557748,0.07803046939287801,147,fit
empirical,"KDE, Variable",w1,additive,modality_index,-0.0003125795062424453,0.00253252780345923,0.7684836137557748,0.07803046939287801,147,fit
empirical,"KDE, Variable",w1,additive,modality_index_uw,-0.014901382457908615,0.018434984447957558,0.7684836137557748,0.07803046939287801,147,fit
empirical,"KDE, Variable",w1,additive,fit_norm_SF,0.016916349651038987,0.009610414245741153,0.7684836137557748,0.07803046939287801,147,fit
empirical,"KDE, Variable",w1,additive,fit_norm_SF_uw,0.0029328990908023744,0.006003325227896279,0.7684836137557748,0.07803046939287801,147,fit
empirical,"KDE, Variable",w1,additive,fit_lognorm_SF,0.002841783255015957,0.002464184915919404,0.7684836137557748,0.07803046939287801,147,fit
empirical,"KDE, Variable",w1,additive,fit_lognorm_SF_uw,-2.563615389572088e-05,0.008047439204185785,0.7684836137557748,0.07803046939287801,147,fit
empirical,"KDE, Variable",w1,additive,weight_outliers,-0.010765304517482867,0.02258437182777563,0.7684836137557748,0.07803046939287801,147,fit
empirical,"KDE, Variable",w1,additive,weight_outliers_uw,0.0014388674964837447,0.003940501475531509,0.7684836137557748,0.07803046939287801,147,fit
empirical,"KDE, Variable",w1,additive,mean,0.06695218925322814,0.037739360140088815,0.7684836137557748,0.07803046939287801,147,fit
empirical,"KDE, Variable",w1,additive,w_v_uw_wasserstein,0.004452366691912253,0.012965557017671442,0.7684836137557748,0.07803046939287801,147,fit
empirical,"KDE, Variable",w1,additive,modes_fitted,-0.0049809992741193425,0.014914004016939465,0.7684836137557748,0.07803046939287801,147,fit
empirical,"KDE, Variable",w1,additive,modes_scipy_default,-0.0004473440714277066,0.0008946881428554132,0.7684836137557748,0.07803046939287801,147,fit
empirical,"KDE, Variable",w1,additive,modality_index_fitted,0.0009018584995327047,0.024765413969708924,0.7684836137557748,0.07803046939287801,147,fit
empirical,"KDE, Variable",w1,additive,modality_index_fitted_uw,-0.0035154606695741823,0.010435470478242127,0.7684836137557748,0.07803046939287801,147,fit
empirical,"KDE, Variable",w1,boosted,n,0.0759558738618222,0.04690271287079209,0.6992748591518779,0.0601517845360989,147,fit
empirical,"KDE, Variable",w1,boosted,coeffvar,0.039268268073925694,0.02444615489318803,0.6992748591518779,0.0601517845360989,147,fit
empirical,"KDE, Variable",w1,boosted,coeffvar_uw,0.1869860479356919,0.08161872942612494,0.6992748591518779,0.0601517845360989,147,fit
empirical,"KDE, Variable",w1,boosted,skewness,-0.00022899558850963958,0.0014836711389928803,0.6992748591518779,0.0601517845360989,147,fit
empirical,"KDE, Variable",w1,boosted,skewness_uw,-0.0015729025090436698,0.0051239765285438325,0.6992748591518779,0.0601517845360989,147,fit
empirical,"KDE, Variable",w1,boosted,kurtosis,0.02517387080882732,0.0217680091750648,0.6992748591518779,0.0601517845360989,147,fit
empirical,"KDE, Variable",w1,boosted,kurtosis_uw,0.0006008104341417565,0.0021805998702675296,0.6992748591518779,0.0601517845360989,147,fit
empirical,"KDE, Variable",w1,boosted,entropy,0.05372649854425142,0.05147860254958108,0.6992748591518779,0.0601517845360989,147,fit
empirical,"KDE, Variable",w1,boosted,entropy_uw,0.1600213703622731,0.07315243343359173,0.6992748591518779,0.0601517845360989,147,fit
empirical,"KDE, Variable",w1,boosted,crit_bw_1,0.013070904997462263,0.011652692275821233,0.6992748591518779,0.0601517845360989,147,fit
empirical,"KDE, Variable",w1,boosted,crit_bw_1_uw,0.0013113968449499015,0.001857672806286606,0.6992748591518779,0.0601517845360989,147,fit
empirical,"KDE, Variable",w1,boosted,modality_index,0.00042100145346404274,0.001119218595569708,0.6992748591518779,0.0601517845360989,147,fit
empirical,"KDE, Variable",w1,boosted,modality_index_uw,-0.002600702363014613,0.004736615548494973,0.6992748591518779,0.0601517845360989,147,fit
empirical,"KDE, Variable",w1,boosted,fit_norm_SF,0.0037021410167712874,0.0038286763936367352,0.6992748591518779,0.0601517845360989,147,fit
empirical,"KDE, Variable",w1,boosted,fit_norm_SF_uw,0.00015928257691928408,0.0010564597062294443,0.6992748591518779,0.0601517845360989,147,fit
empirical,"KDE, Variable",w1,boosted,fit_lognorm_SF,0.00406586727521378,0.008792303611086159,0.6992748591518779,0.0601517845360989,147,fit
empirical,"KDE, Variable",w1,boosted,fit_lognorm_SF_uw,-0.004412577589806685,0.003463566940312677,0.6992748591518779,0.0601517845360989,147,fit
empirical,"KDE, Variable",w1,boosted,weight_outliers,-0.00033372074139643705,0.0011784988033497381,0.6992748591518779,0.0601517845360989,147,fit
empirical,"KDE, Variable",w1,boosted,weight_outliers_uw,-0.005896471946247903,0.006241565334002191,0.6992748591518779,0.0601517845360989,147,fit
empirical,"KDE, Variable",w1,boosted,mean,0.02451264031968332,0.024128252451109597,0.6992748591518779,0.0601517845360989,147,fit
empirical,"KDE, Variable",w1,boosted,w_v_uw_wasserstein,0.04905238583772506,0.040471558255015486,0.6992748591518779,0.0601517845360989,147,fit
empirical,"KDE, Variable",w1,boosted,modes_fitted,-0.0004664625411477008,0.0009329250822954016,0.6992748591518779,0.0601517845360989,147,fit
empirical,"KDE, Variable",w1,boosted,modes_scipy_default,0.0,0.0,0.6992748591518779,0.0601517845360989,147,fit
empirical,"KDE, Variable",w1,boosted,modality_index_fitted,0.007998840115370125,0.01318704263032749,0.6992748591518779,0.0601517845360989,147,fit
empirical,"KDE, Variable",w1,boosted,modality_index_fitted_uw,-0.0007137841103728414,0.007892235570684348,0.6992748591518779,0.0601517845360989,147,fit
synthetic,"Normal, Uniform",w1,additive,n,0.011377617086273115,0.0024207016744293743,0.9572206075957915,0.002448730982542642,10000,fit
synthetic,"Normal, Uniform",w1,additive,coeffvar,0.04122804586862408,0.004994483481424014,0.9572206075957915,0.002448730982542642,10000,fit
synthetic,"Normal, Uniform",w1,additive,coeffvar_uw,0.7760984526636582,0.035970092080846686,0.9572206075957915,0.002448730982542642,10000,fit
synthetic,"Normal, Uniform",w1,additive,skewness,0.018392804591858124,0.0011544019311448268,0.9572206075957915,0.002448730982542642,10000,fit
synthetic,"Normal, Uniform",w1,additive,skewness_uw,0.005397550560474257,0.002811314148421473,0.9572206075957915,0.002448730982542642,10000,fit
synthetic,"Normal, Uniform",w1,additive,kurtosis,0.002266755861065115,0.00033966913151516325,0.9572206075957915,0.002448730982542642,10000,fit
synthetic,"Normal, Uniform",w1,additive,kurtosis_uw,0.00816844502511995,0.0031116499722160856,0.9572206075957915,0.002448730982542642,10000,fit
synthetic,"Normal, Uniform",w1,additive,entropy,0.35726985422000007,0.05722342090273442,0.9572206075957915,0.002448730982542642,10000,fit
synthetic,"Normal, Uniform",w1,additive,entropy_uw,0.05649874386951985,0.014485251041891288,0.9572206075957915,0.002448730982542642,10000,fit
synthetic,"Normal, Uniform",w1,additive,crit_bw_1,0.0030450160539978953,0.00036337928336500767,0.9572206075957915,0.002448730982542642,10000,fit
synthetic,"Normal, Uniform",w1,additive,crit_bw_1_uw,0.007516381338183893,0.0010579713949144896,0.9572206075957915,0.002448730982542642,10000,fit
synthetic,"Normal, Uniform",w1,additive,modality_index,0.000905855081785416,0.00021591727169057877,0.9572206075957915,0.002448730982542642,10000,fit
synthetic,"Normal, Uniform",w1,additive,modality_index_uw,4.387402278852592e-05,7.464258803397241e-05,0.9572206075957915,0.002448730982542642,10000,fit
synthetic,"Normal, Uniform",w1,additive,fit_norm_SF,0.012838306183023488,0.0021031586473428295,0.9572206075957915,0.002448730982542642,10000,fit
synthetic,"Normal, Uniform",w1,additive,fit_norm_SF_uw,0.031072358954436736,0.0032151713699093685,0.9572206075957915,0.002448730982542642,10000,fit
synthetic,"Normal, Uniform",w1,additive,fit_lognorm_SF,0.0039991065690476125,0.0005386697257168332,0.9572206075957915,0.002448730982542642,10000,fit
synthetic,"Normal, Uniform",w1,additive,fit_lognorm_SF_uw,0.0011994906988021035,8.738523689332327e-05,0.9572206075957915,0.002448730982542642,10000,fit
synthetic,"Normal, Uniform",w1,additive,weight_outliers,0.0004449806703308034,6.981431967282112e-05,0.9572206075957915,0.002448730982542642,10000,fit
synthetic,"Normal, Uniform",w1,additive,weight_outliers_uw,0.0012339714774169952,0.00022921405161173633,0.9572206075957915,0.002448730982542642,10000,fit
synthetic,"Normal, Uniform",w1,additive,mean,0.08290872490053323,0.10031729195773992,0.9572206075957915,0.002448730982542642,10000,fit
synthetic,"Normal, Uniform",w1,additive,w_v_uw_wasserstein,0.11012655369956911,0.07082889726370344,0.9572206075957915,0.002448730982542642,10000,fit
synthetic,"Normal, Uniform",w1,additive,modes_fitted,0.00015352722516291274,7.707677269308603e-05,0.9572206075957915,0.002448730982542642,10000,fit
synthetic,"Normal, Uniform",w1,additive,modes_scipy_default,0.0001957962648706757,0.00012362714747371446,0.9572206075957915,0.002448730982542642,10000,fit
synthetic,"Normal, Uniform",w1,additive,modality_index_fitted,0.0006634140903428287,0.0002565021404764283,0.9572206075957915,0.002448730982542642,10000,fit
synthetic,"Normal, Uniform",w1,additive,modality_index_fitted_uw,0.00024790383944375713,8.880166098820387e-05,0.9572206075957915,0.002448730982542642,10000,fit
synthetic,"Normal, Uniform",w1,boosted,n,0.0005577208125191002,6.790157142091562e-05,0.9890140458878355,0.0011376997123332777,10000,fit
synthetic,"Normal, Uniform",w1,boosted,coeffvar,0.06316328474126347,0.003312577924214207,0.9890140458878355,0.0011376997123332777,10000,fit
synthetic,"Normal, Uniform",w1,boosted,coeffvar_uw,0.5860118758994473,0.014467030525065998,0.9890140458878355,0.0011376997123332777,10000,fit
synthetic,"Normal, Uniform",w1,boosted,skewness,0.0008767513459491094,0.0001954650769945157,0.9890140458878355,0.0011376997123332777,10000,fit
synthetic,"Normal, Uniform",w1,boosted,skewness_uw,0.00024891302581473877,9.064705605192015e-05,0.9890140458878355,0.0011376997123332777,10000,fit
synthetic,"Normal, Uniform",w1,boosted,kurtosis,0.003328124681425169,0.00037559712316825785,0.9890140458878355,0.0011376997123332777,10000,fit
synthetic,"Normal, Uniform",w1,boosted,kurtosis_uw,0.0004123460315363636,0.00017537075944003156,0.9890140458878355,0.0011376997123332777,10000,fit
synthetic,"Normal, Uniform",w1,boosted,entropy,0.023058380592252032,0.0022900150238008635,0.9890140458878355,0.0011376997123332777,10000,fit
synthetic,"Normal, Uniform",w1,boosted,entropy_uw,0.0016324844946211294,0.0004124155787541408,0.9890140458878355,0.0011376997123332777,10000,fit
synthetic,"Normal, Uniform",w1,boosted,crit_bw_1,0.0030450792707378584,0.0002162380618605025,0.9890140458878355,0.0011376997123332777,10000,fit
synthetic,"Normal, Uniform",w1,boosted,crit_bw_1_uw,0.0004665837623787384,0.0001327377928500501,0.9890140458878355,0.0011376997123332777,10000,fit
synthetic,"Normal, Uniform",w1,boosted,modality_index,0.0003753776647952067,3.060481814608073e-05,0.9890140458878355,0.0011376997123332777,10000,fit
synthetic,"Normal, Uniform",w1,boosted,modality_index_uw,8.864133055038303e-05,5.598919354900377e-05,0.9890140458878355,0.0011376997123332777,10000,fit
synthetic,"Normal, Uniform",w1,boosted,fit_norm_SF,0.03390521523246036,0.002151743602498379,0.9890140458878355,0.0011376997123332777,10000,fit
synthetic,"Normal, Uniform",w1,boosted,fit_norm_SF_uw,0.006505989396424712,0.0008262766328013619,0.9890140458878355,0.0011376997123332777,10000,fit
synthetic,"Normal, Uniform",w1,boosted,fit_lognorm_SF,0.00042950469495447226,5.84005748962116e-05,0.9890140458878355,0.0011376997123332777,10000,fit
synthetic,"Normal, Uniform",w1,boosted,fit_lognorm_SF_uw,0.0001364365959152836,8.251908518263264e-05,0.9890140458878355,0.0011376997123332777,10000,fit
synthetic,"Normal, Uniform",w1,boosted,weight_outliers,0.0021715364044380212,0.00020287199481068975,0.9890140458878355,0.0011376997123332777,10000,fit
synthetic,"Normal, Uniform",w1,boosted,weight_outliers_uw,0.00035035714684183316,9.61650776947037e-05,0.9890140458878355,0.0011376997123332777,10000,fit
synthetic,"Normal, Uniform",w1,boosted,mean,0.04809121971910426,0.00423784058912431,0.9890140458878355,0.0011376997123332777,10000,fit
synthetic,"Normal, Uniform",w1,boosted,w_v_uw_wasserstein,0.3370094446454792,0.008845018951532531,0.9890140458878355,0.0011376997123332777,10000,fit
synthetic,"Normal, Uniform",w1,boosted,modes_fitted,7.805226588497803e-05,3.659173785223537e-05,0.9890140458878355,0.0011376997123332777,10000,fit
synthetic,"Normal, Uniform",w1,boosted,modes_scipy_default,1.79150630371927e-05,2.2345248903027353e-05,0.9890140458878355,0.0011376997123332777,10000,fit
synthetic,"Normal, Uniform",w1,boosted,modality_index_fitted,0.00020033453820767156,4.640007235920633e-05,0.9890140458878355,0.0011376997123332777,10000,fit
synthetic,"Normal, Uniform",w1,boosted,modality_index_fitted_uw,0.000192214763171652,6.96803690614511e-05,0.9890140458878355,0.0011376997123332777,10000,fit
synthetic,"Normal, Variable",w1,additive,n,0.0009271594758482715,0.0003949692826221793,0.9849913727216177,0.0009015345229948541,10000,fit
synthetic,"Normal, Variable",w1,additive,coeffvar,1.7778958841209183,0.04255374568539438,0.9849913727216177,0.0009015345229948541,10000,fit
synthetic,"Normal, Variable",w1,additive,coeffvar_uw,0.004220573209246836,0.0010871442422761594,0.9849913727216177,0.0009015345229948541,10000,fit
synthetic,"Normal, Variable",w1,additive,skewness,0.0017419191255256907,0.00018138662419597704,0.9849913727216177,0.0009015345229948541,10000,fit
synthetic,"Normal, Variable",w1,additive,skewness_uw,0.0003283024400953049,9.697046575588068e-05,0.9849913727216177,0.0009015345229948541,10000,fit
synthetic,"Normal, Variable",w1,additive,kurtosis,0.0031478123592350755,0.0003874090614471011,0.9849913727216177,0.0009015345229948541,10000,fit
synthetic,"Normal, Variable",w1,additive,kurtosis_uw,0.0004560757613179911,0.00017816955664883252,0.9849913727216177,0.0009015345229948541,10000,fit
synthetic,"Normal, Variable",w1,additive,entropy,0.23078389949168404,0.005680375923246402,0.9849913727216177,0.0009015345229948541,10000,fit
synthetic,"Normal, Variable",w1,additive,entropy_uw,0.0008650770521982864,0.000426720142893374,0.9849913727216177,0.0009015345229948541,10000,fit
synthetic,"Normal, Variable",w1,additive,crit_bw_1,3.373389079384114e-06,2.218565350204676e-05,0.9849913727216177,0.0009015345229948541,10000,fit
synthetic,"Normal, Variable",w1,additive,crit_bw_1_uw,0.004155465505996393,0.0006433888874713949,0.9849913727216177,0.0009015345229948541,10000,fit
synthetic,"Normal, Variable",w1,additive,modality_index,-1.132740315914482e-06,6.049982370905392e-06,0.9849913727216177,0.0009015345229948541,10000,fit
synthetic,"Normal, Variable",w1,additive,modality_index_uw,4.924608337881775e-06,1.2286424001372426e-05,0.9849913727216177,0.0009015345229948541,10000,fit
synthetic,"Normal, Variable",w1,additive,fit_norm_SF,0.081626839624444,0.004175390031282929,0.9849913727216177,0.0009015345229948541,10000,fit
synthetic,"Normal, Variable",w1,additive,fit_norm_SF_uw,0.005118040386916933,0.0004994473001482459,0.9849913727216177,0.0009015345229948541,10000,fit
synthetic,"Normal, Variable",w1,additive,fit_lognorm_SF,0.002743356132334218,0.0003731229961949404,0.9849913727216177,0.0009015345229948541,10000,fit
synthetic,"Normal, Variable",w1,additive,fit_lognorm_SF_uw,0.0008494412167654519,0.00015849138723090936,0.9849913727216177,0.0009015345229948541,10000,fit
synthetic,"Normal, Variable",w1,additive,weight_outliers,0.0017845040930788622,0.0002800762718359357,0.9849913727216177,0.0009015345229948541,10000,fit
synthetic,"Normal, Variable",w1,additive,weight_outliers_uw,0.0012743498639693242,0.00030914692091770093,0.9849913727216177,0.0009015345229948541,10000,fit
synthetic,"Normal, Variable",w1,additive,mean,0.10897157575299599,0.009071107462226816,0.9849913727216177,0.0009015345229948541,10000,fit
synthetic,"Normal, Variable",w1,additive,w_v_uw_wasserstein,0.00029513050790073157,9.375369864882076e-05,0.9849913727216177,0.0009015345229948541,10000,fit
synthetic,"Normal, Variable",w1,additive,modes_fitted,0.000138708334868749,3.828417742400043e-05,0.9849913727216177,0.0009015345229948541,10000,fit
synthetic,"Normal, Variable",w1,additive,modes_scipy_default,6.657588564216833e-05,3.857202957392447e-05,0.9849913727216177,0.0009015345229948541,10000,fit
synthetic,"Normal, Variable",w1,additive,modality_index_fitted,0.0005174184395394144,0.00010344036659844259,0.9849913727216177,0.0009015345229948541,10000,fit
synthetic,"Normal, Variable",w1,additive,modality_index_fitted_uw,0.0006281169112309759,0.00012135887396695615,0.9849913727216177,0.0009015345229948541,10000,fit
synthetic,"Normal, Variable",w1,boosted,n,0.0016785851356272484,0.0008325689362497207,0.9925956853429458,0.0007765385055987387,10000,fit
synthetic,"Normal, Variable",w1,boosted,coeffvar,0.793276619791518,0.025136493667351212,0.9925956853429458,0.0007765385055987387,10000,fit
synthetic,"Normal, Variable",w1,boosted,coeffvar_uw,0.21084588410297056,0.005191432796362664,0.9925956853429458,0.0007765385055987387,10000,fit
synthetic,"Normal, Variable",w1,boosted,skewness,0.0008421914734733193,0.00014013932794506776,0.9925956853429458,0.0007765385055987387,10000,fit
synthetic,"Normal, Variable",w1,boosted,skewness_uw,7.291307522348635e-05,3.420815443748539e-05,0.9925956853429458,0.0007765385055987387,10000,fit
synthetic,"Normal, Variable",w1,boosted,kurtosis,0.011678944790196388,0.0014226976305530663,0.9925956853429458,0.0007765385055987387,10000,fit
synthetic,"Normal, Variable",w1,boosted,kurtosis_uw,5.202068187240672e-05,6.599317999251081e-05,0.9925956853429458,0.0007765385055987387,10000,fit
synthetic,"Normal, Variable",w1,boosted,entropy,0.09973392744316974,0.009755963857020319,0.9925956853429458,0.0007765385055987387,10000,fit
synthetic,"Normal, Variable",w1,boosted,entropy_uw,0.0010765556427005587,0.00068582345932404,0.9925956853429458,0.0007765385055987387,10000,fit
synthetic,"Normal, Variable",w1,boosted,crit_bw_1,0.008479334385289231,0.0015024652583258925,0.9925956853429458,0.0007765385055987387,10000,fit
synthetic,"Normal, Variable",w1,boosted,crit_bw_1_uw,0.00021992001735541942,0.00011034718780854734,0.9925956853429458,0.0007765385055987387,10000,fit
synthetic,"Normal, Variable",w1,boosted,modality_index,0.0018609386498617789,0.0005934015235681566,0.9925956853429458,0.0007765385055987387,10000,fit
synthetic,"Normal, Variable",w1,boosted,modality_index_uw,1.3940999715240655e-05,6.5760287550886204e-06,0.9925956853429458,0.0007765385055987387,10000,fit
synthetic,"Normal, Variable",w1,boosted,fit_norm_SF,0.08290366459667,0.004239771530663821,0.9925956853429458,0.0007765385055987387,10000,fit
synthetic,"Normal, Variable",w1,boosted,fit_norm_SF_uw,0.0009459333664682811,8.892842482016567e-05,0.9925956853429458,0.0007765385055987387,10000,fit
synthetic,"Normal, Variable",w1,boosted,fit_lognorm_SF,0.00020641455769949244,2.665651741018904e-05,0.9925956853429458,0.0007765385055987387,10000,fit
synthetic,"Normal, Variable",w1,boosted,fit_lognorm_SF_uw,2.2424527927280556e-05,2.4370260379937496e-05,0.9925956853429458,0.0007765385055987387,10000,fit
synthetic,"Normal, Variable",w1,boosted,weight_outliers,0.0024564209586505183,0.0003438928073093084,0.9925956853429458,0.0007765385055987387,10000,fit
synthetic,"Normal, Variable",w1,boosted,weight_outliers_uw,0.00021683325732744897,4.845826250166089e-05,0.9925956853429458,0.0007765385055987387,10000,fit
synthetic,"Normal, Variable",w1,boosted,mean,0.044421591986922894,0.0038127120230467613,0.9925956853429458,0.0007765385055987387,10000,fit
synthetic,"Normal, Variable",w1,boosted,w_v_uw_wasserstein,0.0013502537093784018,0.0003431910006388806,0.9925956853429458,0.0007765385055987387,10000,fit
synthetic,"Normal, Variable",w1,boosted,modes_fitted,2.4616430150949944e-05,2.0135691327752738e-05,0.9925956853429458,0.0007765385055987387,10000,fit
synthetic,"Normal, Variable",w1,boosted,modes_scipy_default,3.863420246639215e-06,1.88306762392055e-06,0.9925956853429458,0.0007765385055987387,10000,fit
synthetic,"Normal, Variable",w1,boosted,modality_index_fitted,0.001414679110727508,0.00016798849483422627,0.9925956853429458,0.0007765385055987387,10000,fit
synthetic,"Normal, Variable",w1,boosted,modality_index_fitted_uw,4.172109703830751e-05,2.1469290711218127e-05,0.9925956853429458,0.0007765385055987387,10000,fit
synthetic,"Lognormal, Uniform",w1,additive,n,0.005833352479942773,0.000387260792794619,0.9602202859282111,0.0008809016736180048,10000,fit
synthetic,"Lognormal, Uniform",w1,additive,coeffvar,0.0443068619876898,0.0055928282085835135,0.9602202859282111,0.0008809016736180048,10000,fit
synthetic,"Lognormal, Uniform",w1,additive,coeffvar_uw,0.15068187330317162,0.0209974582378073,0.9602202859282111,0.0008809016736180048,10000,fit
synthetic,"Lognormal, Uniform",w1,additive,skewness,0.010668512426804616,0.0004633078582251868,0.9602202859282111,0.0008809016736180048,10000,fit
synthetic,"Lognormal, Uniform",w1,additive,skewness_uw,0.004768411546734778,0.0009968406621251897,0.9602202859282111,0.0008809016736180048,10000,fit
synthetic,"Lognormal, Uniform",w1,additive,kurtosis,0.006555908917623021,0.0008696884443030871,0.9602202859282111,0.0008809016736180048,10000,fit
synthetic,"Lognormal, Uniform",w1,additive,kurtosis_uw,0.0021727991567368314,0.00022271875237084749,0.9602202859282111,0.0008809016736180048,10000,fit
synthetic,"Lognormal, Uniform",w1,additive,entropy,0.09830677402689036,0.003896223298568292,0.9602202859282111,0.0008809016736180048,10000,fit
synthetic,"Lognormal, Uniform",w1,additive,entropy_uw,0.014533235177862836,0.0012669203011961977,0.9602202859282111,0.0008809016736180048,10000,fit
synthetic,"Lognormal, Uniform",w1,additive,crit_bw_1,0.0006348874770716507,0.0001214448019221268,0.9602202859282111,0.0008809016736180048,10000,fit
synthetic,"Lognormal, Uniform",w1,additive,crit_bw_1_uw,0.004391461906031442,0.0005230654568802121,0.9602202859282111,0.0008809016736180048,10000,fit
synthetic,"Lognormal, Uniform",w1,additive,modality_index,0.0004508237555734906,0.0003606528377274675,0.9602202859282111,0.0008809016736180048,10000,fit
synthetic,"Lognormal, Uniform",w1,additive,modality_index_uw,0.00016724428159613282,9.068273565011257e-05,0.9602202859282111,0.0008809016736180048,10000,fit
synthetic,"Lognormal, Uniform",w1,additive,fit_norm_SF,0.005002252843126434,0.0006280418245881662,0.9602202859282111,0.0008809016736180048,10000,fit
synthetic,"Lognormal, Uniform",w1,additive,fit_norm_SF_uw,0.010891493716538584,0.0012683205269716047,0.9602202859282111,0.0008809016736180048,10000,fit
synthetic,"Lognormal, Uniform",w1,additive,fit_lognorm_SF,0.00066525971078921,0.00022710004641119045,0.9602202859282111,0.0008809016736180048,10000,fit
synthetic,"Lognormal, Uniform",w1,additive,fit_lognorm_SF_uw,0.0006006436724923603,0.00017890907728530044,0.9602202859282111,0.0008809016736180048,10000,fit
synthetic,"Lognormal, Uniform",w1,additive,weight_outliers,0.0034971294489957545,0.0002556325996817725,0.9602202859282111,0.0008809016736180048,10000,fit
synthetic,"Lognormal, Uniform",w1,additive,weight_outliers_uw,0.003532955774934867,0.0004256216255975153,0.9602202859282111,0.0008809016736180048,10000,fit
synthetic,"Lognormal, Uniform",w1,additive,mean,0.01564481546486776,0.006354930061586485,0.9602202859282111,0.0008809016736180048,10000,fit
synthetic,"Lognormal, Uniform",w1,additive,w_v_uw_wasserstein,0.7517429040264257,0.02534438555683636,0.9602202859282111,0.0008809016736180048,10000,fit
synthetic,"Lognormal, Uniform",w1,additive,modes_fitted,0.00019467941594651037,7.312276846490084e-05,0.9602202859282111,0.0008809016736180048,10000,fit
synthetic,"Lognormal, Uniform",w1,additive,modes_scipy_default,8.74967159045026e-05,3.549809494475085e-05,0.9602202859282111,0.0008809016736180048,10000,fit
synthetic,"Lognormal, Uniform",w1,additive,modality_index_fitted,0.0007219313538208749,0.00019527474065888126,0.9602202859282111,0.0008809016736180048,10000,fit
synthetic,"Lognormal, Uniform",w1,additive,modality_index_fitted_uw,0.00013952562764395936,0.00019972505893627138,0.9602202859282111,0.0008809016736180048,10000,fit
synthetic,"Lognormal, Uniform",w1,boosted,n,0.002808693270177019,0.0011732977461761513,0.9825697587996786,0.00039311255482355406,10000,fit
synthetic,"Lognormal, Uniform",w1,boosted,coeffvar,0.022597740790623173,0.0010012361506428792,0.9825697587996786,0.00039311255482355406,10000,fit
synthetic,"Lognormal, Uniform",w1,boosted,coeffvar_uw,0.1825780051856059,0.0027819289577300536,0.9825697587996786,0.00039311255482355406,10000,fit
synthetic,"Lognormal, Uniform",w1,boosted,skewness,0.0015841330505757755,0.00039274022887831754,0.9825697587996786,0.00039311255482355406,10000,fit
synthetic,"Lognormal, Uniform",w1,boosted,skewness_uw,0.0026006781377956624,0.0005803546082042961,0.9825697587996786,0.00039311255482355406,10000,fit
synthetic,"Lognormal, Uniform",w1,boosted,kurtosis,0.004646067468432152,0.0004354447291053371,0.9825697587996786,0.00039311255482355406,10000,fit
synthetic,"Lognormal, Uniform",w1,boosted,kurtosis_uw,0.003854380350812281,0.00047517131713873664,0.9825697587996786,0.00039311255482355406,10000,fit
synthetic,"Lognormal, Uniform",w1,boosted,entropy,0.007254746423412584,0.002084450819398454,0.9825697587996786,0.00039311255482355406,10000,fit
synthetic,"Lognormal, Uniform",w1,boosted,entropy_uw,0.020813179700772858,0.004895354681506513,0.9825697587996786,0.00039311255482355406,10000,fit
synthetic,"Lognormal, Uniform",w1,boosted,crit_bw_1,0.0009154707164085084,0.00018018612748940818,0.9825697587996786,0.00039311255482355406,10000,fit
synthetic,"Lognormal, Uniform",w1,boosted,crit_bw_1_uw,0.0008242820703322319,0.00025541193282662593,0.9825697587996786,0.00039311255482355406,10000,fit
synthetic,"Lognormal, Uniform",w1,boosted,modality_index,0.0002404498674744393,0.00011241959571267902,0.9825697587996786,0.00039311255482355406,10000,fit
synthetic,"Lognormal, Uniform",w1,boosted,modality_index_uw,0.00014007626795455198,2.9821101974595798e-05,0.9825697587996786,0.00039311255482355406,10000,fit
synthetic,"Lognormal, Uniform",w1,boosted,fit_norm_SF,0.010812398476726234,0.0012138639705398335,0.9825697587996786,0.00039311255482355406,10000,fit
synthetic,"Lognormal, Uniform",w1,boosted,fit_norm_SF_uw,0.002179919255207712,0.00035582998698984315,0.9825697587996786,0.00039311255482355406,10000,fit
synthetic,"Lognormal, Uniform",w1,boosted,fit_lognorm_SF,0.005408315942822137,0.00046429911017134605,0.9825697587996786,0.00039311255482355406,10000,fit
synthetic,"Lognormal, Uniform",w1,boosted,fit_lognorm_SF_uw,0.0006717763375348217,9.309465583365422e-05,0.9825697587996786,0.00039311255482355406,10000,fit
synthetic,"Lognormal, Uniform",w1,boosted,weight_outliers,0.008042641393817846,0.0004317926377483708,0.9825697587996786,0.00039311255482355406,10000,fit
synthetic,"Lognormal, Uniform",w1,boosted,weight_outliers_uw,0.0015390555312811169,0.0002537710037661537,0.9825697587996786,0.00039311255482355406,10000,fit
synthetic,"Lognormal, Uniform",w1,boosted,mean,0.007196457551162808,0.0012389837752457935,0.9825697587996786,0.00039311255482355406,10000,fit
synthetic,"Lognormal, Uniform",w1,boosted,w_v_uw_wasserstein,0.9599347018217973,0.010875189628864704,0.9825697587996786,0.00039311255482355406,10000,fit
synthetic,"Lognormal, Uniform",w1,boosted,modes_fitted,0.00031293465117873345,0.0002479981912585432,0.9825697587996786,0.00039311255482355406,10000,fit
synthetic,"Lognormal, Uniform",w1,boosted,modes_scipy_default,0.00046403854498608513,0.0002634469758105783,0.9825697587996786,0.00039311255482355406,10000,fit
synthetic,"Lognormal, Uniform",w1,boosted,modality_index_fitted,0.001203414048371243,0.0002480730690301466,0.9825697587996786,0.00039311255482355406,10000,fit
synthetic,"Lognormal, Uniform",w1,boosted,modality_index_fitted_uw,0.0005597021508896849,0.00013591404483721519,0.9825697587996786,0.00039311255482355406,10000,fit
synthetic,"Lognormal, Variable",w1,additive,n,0.008729336753454924,0.0010253386822987427,0.9330716258419404,0.0051203776697199095,10000,fit
synthetic,"Lognormal, Variable",w1,additive,coeffvar,1.6309647181456406,0.059578761609245696,0.9330716258419404,0.0051203776697199095,10000,fit
synthetic,"Lognormal, Variable",w1,additive,coeffvar_uw,0.018112879965270706,0.0023361389184114604,0.9330716258419404,0.0051203776697199095,10000,fit
synthetic,"Lognormal, Variable",w1,additive,skewness,0.057741579314287875,0.0048597903816643365,0.9330716258419404,0.0051203776697199095,10000,fit
synthetic,"Lognormal, Variable",w1,additive,skewness_uw,0.03804217282877569,0.01594387068404468,0.9330716258419404,0.0051203776697199095,10000,fit
synthetic,"Lognormal, Variable",w1,additive,kurtosis,0.004660167894767564,0.0010327063240266393,0.9330716258419404,0.0051203776697199095,10000,fit
synthetic,"Lognormal, Variable",w1,additive,kurtosis_uw,0.031176745860244947,0.010991343028371726,0.9330716258419404,0.0051203776697199095,10000,fit
synthetic,"Lognormal, Variable",w1,additive,entropy,0.6925881188814361,0.025367973528129212,0.9330716258419404,0.0051203776697199095,10000,fit
synthetic,"Lognormal, Variable",w1,additive,entropy_uw,0.032254070391864134,0.0038562989796426554,0.9330716258419404,0.0051203776697199095,10000,fit
synthetic,"Lognormal, Variable",w1,additive,crit_bw_1,0.0016378411849099495,0.0009508333800610276,0.9330716258419404,0.0051203776697199095,10000,fit
synthetic,"Lognormal, Variable",w1,additive,crit_bw_1_uw,0.03777858848229987,0.004775151511405012,0.9330716258419404,0.0051203776697199095,10000,fit
synthetic,"Lognormal, Variable",w1,additive,modality_index,0.002413585213266327,0.002513954273818946,0.9330716258419404,0.0051203776697199095,10000,fit
synthetic,"Lognormal, Variable",w1,additive,modality_index_uw,0.0005221356110237796,0.00018535944666610212,0.9330716258419404,0.0051203776697199095,10000,fit
synthetic,"Lognormal, Variable",w1,additive,fit_norm_SF,0.017304047312985894,0.0022341599584034333,0.9330716258419404,0.0051203776697199095,10000,fit
synthetic,"Lognormal, Variable",w1,additive,fit_norm_SF_uw,0.015390560984797555,0.004593127062835366,0.9330716258419404,0.0051203776697199095,10000,fit
synthetic,"Lognormal, Variable",w1,additive,fit_lognorm_SF,0.002714735913510911,0.0002827525833692217,0.9330716258419404,0.0051203776697199095,10000,fit
synthetic,"Lognormal, Variable",w1,additive,fit_lognorm_SF_uw,0.0015928456573828798,0.00019204365892287222,0.9330716258419404,0.0051203776697199095,10000,fit
synthetic,"Lognormal, Variable",w1,additive,weight_outliers,0.017826632477736006,0.0011452138529637783,0.9330716258419404,0.0051203776697199095,10000,fit
synthetic,"Lognormal, Variable",w1,additive,weight_outliers_uw,0.004247961157602846,0.00048214548144449436,0.9330716258419404,0.0051203776697199095,10000,fit
synthetic,"Lognormal, Variable",w1,additive,mean,0.1284776703326309,0.011740609235563382,0.9330716258419404,0.0051203776697199095,10000,fit
synthetic,"Lognormal, Variable",w1,additive,w_v_uw_wasserstein,0.04182561695469481,0.018670020172606768,0.9330716258419404,0.0051203776697199095,10000,fit
synthetic,"Lognormal, Variable",w1,additive,modes_fitted,0.0005132654081349863,0.0001569350210862646,0.9330716258419404,0.0051203776697199095,10000,fit
synthetic,"Lognormal, Variable",w1,additive,modes_scipy_default,5.364865503067362e-05,8.25225095005764e-05,0.9330716258419404,0.0051203776697199095,10000,fit
synthetic,"Lognormal, Variable",w1,additive,modality_index_fitted,0.015362071544116323,0.0005901701910752747,0.9330716258419404,0.0051203776697199095,10000,fit
synthetic,"Lognormal, Variable",w1,additive,modality_index_fitted_uw,0.0009006962196053304,0.0001674232737174267,0.9330716258419404,0.0051203776697199095,10000,fit
synthetic,"Lognormal, Variable",w1,boosted,n,0.020455517166278598,0.003931731970078787,0.9624251125563557,0.0030855225862138408,10000,fit
synthetic,"Lognormal, Variable",w1,boosted,coeffvar,0.36774713494334454,0.014810393619782368,0.9624251125563557,0.0030855225862138408,10000,fit
synthetic,"Lognormal, Variable",w1,boosted,coeffvar_uw,0.2811716312613453,0.02202393381246233,0.9624251125563557,0.0030855225862138408,10000,fit
synthetic,"Lognormal, Variable",w1,boosted,skewness,0.025520647922100098,0.004382278936934277,0.9624251125563557,0.0030855225862138408,10000,fit
synthetic,"Lognormal, Variable",w1,boosted,skewness_uw,0.0013899209178545701,0.0004638067468140691,0.9624251125563557,0.0030855225862138408,10000,fit
synthetic,"Lognormal, Variable",w1,boosted,kurtosis,0.020681383341856756,0.003196074867355854,0.9624251125563557,0.0030855225862138408,10000,fit
synthetic,"Lognormal, Variable",w1,boosted,kurtosis_uw,0.00036871189005400535,0.00012141214830606354,0.9624251125563557,0.0030855225862138408,10000,fit
synthetic,"Lognormal, Variable",w1,boosted,entropy,0.19762374517264716,0.015164577692816315,0.9624251125563557,0.0030855225862138408,10000,fit
synthetic,"Lognormal, Variable",w1,boosted,entropy_uw,0.007486331991001823,0.0020590731812530835,0.9624251125563557,0.0030855225862138408,10000,fit
synthetic,"Lognormal, Variable",w1,boosted,crit_bw_1,0.024649972692992596,0.001822717166607269,0.9624251125563557,0.0030855225862138408,10000,fit
synthetic,"Lognormal, Variable",w1,boosted,crit_bw_1_uw,0.001035781327559162,0.0002779823953749119,0.9624251125563557,0.0030855225862138408,10000,fit
synthetic,"Lognormal, Variable",w1,boosted,modality_index,0.0034338077528209255,0.0012541459967877239,0.9624251125563557,0.0030855225862138408,10000,fit
synthetic,"Lognormal, Variable",w1,boosted,modality_index_uw,0.00018070338431836586,0.0001172198314739864,0.9624251125563557,0.0030855225862138408,10000,fit
synthetic,"Lognormal, Variable",w1,boosted,fit_norm_SF,0.04085939226605374,0.002892559790959587,0.9624251125563557,0.0030855225862138408,10000,fit
synthetic,"Lognormal, Variable",w1,boosted,fit_norm_SF_uw,0.00043184905016092396,9.138749476833723e-05,0.9624251125563557,0.0030855225862138408,10000,fit
synthetic,"Lognormal, Variable",w1,boosted,fit_lognorm_SF,0.010805469907264182,0.00122467103888557,0.9624251125563557,0.0030855225862138408,10000,fit
synthetic,"Lognormal, Variable",w1,boosted,fit_lognorm_SF_uw,0.0008712229868755306,0.00025219121094970093,0.9624251125563557,0.0030855225862138408,10000,fit
synthetic,"Lognormal, Variable",w1,boosted,weight_outliers,0.03242944702530124,0.00268233695473365,0.9624251125563557,0.0030855225862138408,10000,fit
synthetic,"Lognormal, Variable",w1,boosted,weight_outliers_uw,0.0017900126105358626,0.0004129204880731786,0.9624251125563557,0.0030855225862138408,10000,fit
synthetic,"Lognormal, Variable",w1,boosted,mean,0.050865521417422885,0.0026833430389201457,0.9624251125563557,0.0030855225862138408,10000,fit
synthetic,"Lognormal, Variable",w1,boosted,w_v_uw_wasserstein,0.01720923120924384,0.002202393941147398,0.9624251125563557,0.0030855225862138408,10000,fit
synthetic,"Lognormal, Variable",w1,boosted,modes_fitted,0.000496531306162653,0.00035521203692741353,0.9624251125563557,0.0030855225862138408,10000,fit
synthetic,"Lognormal, Variable",w1,boosted,modes_scipy_default,4.9153796813414805e-05,1.3749944453623839e-05,0.9624251125563557,0.0030855225862138408,10000,fit
synthetic,"Lognormal, Variable",w1,boosted,modality_index_fitted,0.015827062528404788,0.0009746854680938939,0.9624251125563557,0.0030855225862138408,10000,fit
synthetic,"Lognormal, Variable",w1,boosted,modality_index_fitted_uw,0.0010250518124720553,0.0004450642570127311,0.9624251125563557,0.0030855225862138408,10000,fit
synthetic,"KDE, Uniform",w1,additive,n,0.02194494944108962,0.0026034297439250062,0.9733153849061644,0.001015494895123786,10000,fit
synthetic,"KDE, Uniform",w1,additive,coeffvar,0.008409603607549379,0.00044211514117617056,0.9733153849061644,0.001015494895123786,10000,fit
synthetic,"KDE, Uniform",w1,additive,coeffvar_uw,0.012407032080677935,0.001680795365825769,0.9733153849061644,0.001015494895123786,10000,fit
synthetic,"KDE, Uniform",w1,additive,skewness,0.01390778625132072,0.0006014501686078791,0.9733153849061644,0.001015494895123786,10000,fit
synthetic,"KDE, Uniform",w1,additive,skewness_uw,0.000538453810214663,0.00023245643955443338,0.9733153849061644,0.001015494895123786,10000,fit
synthetic,"KDE, Uniform",w1,additive,kurtosis,0.002813730895907278,0.000789757889571577,0.9733153849061644,0.001015494895123786,10000,fit
synthetic,"KDE, Uniform",w1,additive,kurtosis_uw,0.0057343548185084,0.0005883011804236203,0.9733153849061644,0.001015494895123786,10000,fit
synthetic,"KDE, Uniform",w1,additive,entropy,0.006866036449568057,0.0008930843179028446,0.9733153849061644,0.001015494895123786,10000,fit
synthetic,"KDE, Uniform",w1,additive,entropy_uw,0.018110868240501336,0.002579954792281491,0.9733153849061644,0.001015494895123786,10000,fit
synthetic,"KDE, Uniform",w1,additive,crit_bw_1,1.8326443343386068e-06,8.918844992377682e-06,0.9733153849061644,0.001015494895123786,10000,fit
synthetic,"KDE, Uniform",w1,additive,crit_bw_1_uw,-2.2941949114962947e-06,8.276092249307424e-06,0.9733153849061644,0.001015494895123786,10000,fit
synthetic,"KDE, Uniform",w1,additive,modality_index,9.112577124592568e-06,6.310941819466683e-06,0.9733153849061644,0.001015494895123786,10000,fit
synthetic,"KDE, Uniform",w1,additive,modality_index_uw,0.00018284850885357695,6.579677537200241e-05,0.9733153849061644,0.001015494895123786,10000,fit
synthetic,"KDE, Uniform",w1,additive,fit_norm_SF,0.009683556049000475,0.0009969709838237447,0.9733153849061644,0.001015494895123786,10000,fit
synthetic,"KDE, Uniform",w1,additive,fit_norm_SF_uw,0.00724221101601689,0.0012640322070062774,0.9733153849061644,0.001015494895123786,10000,fit
synthetic,"KDE, Uniform",w1,additive,fit_lognorm_SF,0.00025811814209493635,7.843288297571725e-05,0.9733153849061644,0.001015494895123786,10000,fit
synthetic,"KDE, Uniform",w1,additive,fit_lognorm_SF_uw,-1.4993505210025848e-05,1.6618588016442195e-05,0.9733153849061644,0.001015494895123786,10000,fit
synthetic,"KDE, Uniform",w1,additive,weight_outliers,0.00040554472444782164,4.1369617553892426e-05,0.9733153849061644,0.001015494895123786,10000,fit
synthetic,"KDE, Uniform",w1,additive,weight_outliers_uw,0.0006941904449173574,0.00010350331486112902,0.9733153849061644,0.001015494895123786,10000,fit
synthetic,"KDE, Uniform",w1,additive,mean,0.01051967017499736,0.0006434535091254926,0.9733153849061644,0.001015494895123786,10000,fit
synthetic,"KDE, Uniform",w1,additive,w_v_uw_wasserstein,1.4309274834745314,0.01407245384653574,0.9733153849061644,0.001015494895123786,10000,fit
synthetic,"KDE, Uniform",w1,additive,modes_fitted,-1.572457373184566e-06,5.94601671297503e-06,0.9733153849061644,0.001015494895123786,10000,fit
synthetic,"KDE, Uniform",w1,additive,modes_scipy_default,7.427778914035344e-05,3.897355700565728e-05,0.9733153849061644,0.001015494895123786,10000,fit
synthetic,"KDE, Uniform",w1,additive,modality_index_fitted,8.52804859764622e-05,4.1394285544357335e-05,0.9733153849061644,0.001015494895123786,10000,fit
synthetic,"KDE, Uniform",w1,additive,modality_index_fitted_uw,0.0005566215589575396,0.00012382361991387626,0.9733153849061644,0.001015494895123786,10000,fit
synthetic,"KDE, Uniform",w1,boosted,n,0.055397582856544,0.006697448072843691,0.9897869343615303,0.0008235409306021458,10000,fit
synthetic,"KDE, Uniform",w1,boosted,coeffvar,0.017422734231974997,0.0043093745598469175,0.9897869343615303,0.0008235409306021458,10000,fit
synthetic,"KDE, Uniform",w1,boosted,coeffvar_uw,0.0410323914982133,0.003066660603737938,0.9897869343615303,0.0008235409306021458,10000,fit
synthetic,"KDE, Uniform",w1,boosted,skewness,0.00017194906669172784,0.00010969127294506702,0.9897869343615303,0.0008235409306021458,10000,fit
synthetic,"KDE, Uniform",w1,boosted,skewness_uw,0.00032916364848575516,0.00011544797867307076,0.9897869343615303,0.0008235409306021458,10000,fit
synthetic,"KDE, Uniform",w1,boosted,kurtosis,0.0005774239881226206,0.00018979865040613092,0.9897869343615303,0.0008235409306021458,10000,fit
synthetic,"KDE, Uniform",w1,boosted,kurtosis_uw,0.0012255658473243724,0.0004459791279674966,0.9897869343615303,0.0008235409306021458,10000,fit
synthetic,"KDE, Uniform",w1,boosted,entropy,0.0030459279035722473,0.000529707444465959,0.9897869343615303,0.0008235409306021458,10000,fit
synthetic,"KDE, Uniform",w1,boosted,entropy_uw,0.013487240078256222,0.001988159542548584,0.9897869343615303,0.0008235409306021458,10000,fit
synthetic,"KDE, Uniform",w1,boosted,crit_bw_1,0.00023850242905102624,9.636363674872559e-05,0.9897869343615303,0.0008235409306021458,10000,fit
synthetic,"KDE, Uniform",w1,boosted,crit_bw_1_uw,0.0004235926638571197,0.0001968119230083561,0.9897869343615303,0.0008235409306021458,10000,fit
synthetic,"KDE, Uniform",w1,boosted,modality_index,9.602849488261622e-06,2.711287461726805e-05,0.9897869343615303,0.0008235409306021458,10000,fit
synthetic,"KDE, Uniform",w1,boosted,modality_index_uw,7.321058952356241e-05,2.5690568718539333e-05,0.9897869343615303,0.0008235409306021458,10000,fit
synthetic,"KDE, Uniform",w1,boosted,fit_norm_SF,0.0013757374019479386,0.00015301025495132958,0.9897869343615303,0.0008235409306021458,10000,fit
synthetic,"KDE, Uniform",w1,boosted,fit_norm_SF_uw,0.00035116839134543995,0.00011588291571852801,0.9897869343615303,0.0008235409306021458,10000,fit
synthetic,"KDE, Uniform",w1,boosted,fit_lognorm_SF,0.00048585503235191617,0.00012631302186494092,0.9897869343615303,0.0008235409306021458,10000,fit
synthetic,"KDE, Uniform",w1,boosted,fit_lognorm_SF_uw,0.0005213207978588619,9.56927842742889e-05,0.9897869343615303,0.0008235409306021458,10000,fit
synthetic,"KDE, Uniform",w1,boosted,weight_outliers,0.0001743660364388067,6.854651376626216e-05,0.9897869343615303,0.0008235409306021458,10000,fit
synthetic,"KDE, Uniform",w1,boosted,weight_outliers_uw,0.0007814950824115939,0.00012174483552290259,0.9897869343615303,0.0008235409306021458,10000,fit
synthetic,"KDE, Uniform",w1,boosted,mean,0.02022876793212825,0.001211891203888206,0.9897869343615303,0.0008235409306021458,10000,fit
synthetic,"KDE, Uniform",w1,boosted,w_v_uw_wasserstein,1.356934010917753,0.02002652777946993,0.9897869343615303,0.0008235409306021458,10000,fit
synthetic,"KDE, Uniform",w1,boosted,modes_fitted,0.00021564171210549206,0.00018724533327897533,0.9897869343615303,0.0008235409306021458,10000,fit
synthetic,"KDE, Uniform",w1,boosted,modes_scipy_default,7.280028097220504e-05,4.552482012798878e-05,0.9897869343615303,0.0008235409306021458,10000,fit
synthetic,"KDE, Uniform",w1,boosted,modality_index_fitted,7.331243205050741e-05,3.395071912135555e-05,0.9897869343615303,0.0008235409306021458,10000,fit
synthetic,"KDE, Uniform",w1,boosted,modality_index_fitted_uw,0.0002901684841972596,9.674804515106239e-05,0.9897869343615303,0.0008235409306021458,10000,fit
synthetic,"KDE, Variable",w1,additive,n,0.4675254181477044,0.023886467151809528,0.9664469075324309,0.0019316557232329971,10000,fit
synthetic,"KDE, Variable",w1,additive,coeffvar,1.1538125256076923,0.026378526924320363,0.9664469075324309,0.0019316557232329971,10000,fit
synthetic,"KDE, Variable",w1,additive,coeffvar_uw,0.007123791822767645,0.0016032470535165275,0.9664469075324309,0.0019316557232329971,10000,fit
synthetic,"KDE, Variable",w1,additive,skewness,0.018648457360788483,0.001762616029023234,0.9664469075324309,0.0019316557232329971,10000,fit
synthetic,"KDE, Variable",w1,additive,skewness_uw,0.022042521205133052,0.010813579374031212,0.9664469075324309,0.0019316557232329971,10000,fit
synthetic,"KDE, Variable",w1,additive,kurtosis,0.006842167360344598,0.0010836578329103887,0.9664469075324309,0.0019316557232329971,10000,fit
synthetic,"KDE, Variable",w1,additive,kurtosis_uw,0.01590632613887464,0.008385733515731996,0.9664469075324309,0.0019316557232329971,10000,fit
synthetic,"KDE, Variable",w1,additive,entropy,0.2807096887265505,0.021943127694608384,0.9664469075324309,0.0019316557232329971,10000,fit
synthetic,"KDE, Variable",w1,additive,entropy_uw,0.001337022850365275,0.0006183116310350431,0.9664469075324309,0.0019316557232329971,10000,fit
synthetic,"KDE, Variable",w1,additive,crit_bw_1,0.0015560664029956282,0.0003406935312739447,0.9664469075324309,0.0019316557232329971,10000,fit
synthetic,"KDE, Variable",w1,additive,crit_bw_1_uw,0.0021093192603062927,0.0004995093118395656,0.9664469075324309,0.0019316557232329971,10000,fit
synthetic,"KDE, Variable",w1,additive,modality_index,0.006810297172046979,0.0011612927790889203,0.9664469075324309,0.0019316557232329971,10000,fit
synthetic,"KDE, Variable",w1,additive,modality_index_uw,0.00021016988695634841,0.00013560865962957859,0.9664469075324309,0.0019316557232329971,10000,fit
synthetic,"KDE, Variable",w1,additive,fit_norm_SF,0.005452186983222509,0.0005561162383237803,0.9664469075324309,0.0019316557232329971,10000,fit
synthetic,"KDE, Variable",w1,additive,fit_norm_SF_uw,0.0023270921593208558,0.0005700402766608895,0.9664469075324309,0.0019316557232329971,10000,fit
synthetic,"KDE, Variable",w1,additive,fit_lognorm_SF,0.002412322382694441,0.0004448290736392796,0.9664469075324309,0.0019316557232329971,10000,fit
synthetic,"KDE, Variable",w1,additive,fit_lognorm_SF_uw,0.00011424655583455178,3.747290022933883e-05,0.9664469075324309,0.0019316557232329971,10000,fit
synthetic,"KDE, Variable",w1,additive,weight_outliers,0.005125893417726077,0.0005099701005150186,0.9664469075324309,0.0019316557232329971,10000,fit
synthetic,"KDE, Variable",w1,additive,weight_outliers_uw,0.0005325144383047431,0.00014356518354308642,0.9664469075324309,0.0019316557232329971,10000,fit
synthetic,"KDE, Variable",w1,additive,mean,0.06201995881329662,0.006433440594202035,0.9664469075324309,0.0019316557232329971,10000,fit
synthetic,"KDE, Variable",w1,additive,w_v_uw_wasserstein,0.02936446491109288,0.0028084008292186056,0.9664469075324309,0.0019316557232329971,10000,fit
synthetic,"KDE, Variable",w1,additive,modes_fitted,0.00040814184613968457,9.583440886052002e-05,0.9664469075324309,0.0019316557232329971,10000,fit
synthetic,"KDE, Variable",w1,additive,modes_scipy_default,3.459338361994746e-05,5.14966400353881e-05,0.9664469075324309,0.0019316557232329971,10000,fit
synthetic,"KDE, Variable",w1,additive,modality_index_fitted,0.017573831350690024,0.002240543587713979,0.9664469075324309,0.0019316557232329971,10000,fit
synthetic,"KDE, Variable",w1,additive,modality_index_fitted_uw,2.5326205155848935e-05,4.5644499865037395e-05,0.9664469075324309,0.0019316557232329971,10000,fit
synthetic,"KDE, Variable",w1,boosted,n,0.7519428673546363,0.022877598197404377,0.9817470210825903,0.001376881022617424,10000,fit
synthetic,"KDE, Variable",w1,boosted,coeffvar,0.7898205839473939,0.027260878328909652,0.9817470210825903,0.001376881022617424,10000,fit
synthetic,"KDE, Variable",w1,boosted,coeffvar_uw,0.028895636083263416,0.0040238064226419045,0.9817470210825903,0.001376881022617424,10000,fit
synthetic,"KDE, Variable",w1,boosted,skewness,0.010264765339850277,0.0007029466539814935,0.9817470210825903,0.001376881022617424,10000,fit
synthetic,"KDE, Variable",w1,boosted,skewness_uw,0.0001258432880516369,2.336072416590035e-05,0.9817470210825903,0.001376881022617424,10000,fit
synthetic,"KDE, Variable",w1,boosted,kurtosis,0.013139938966341419,0.0008893749284771957,0.9817470210825903,0.001376881022617424,10000,fit
synthetic,"KDE, Variable",w1,boosted,kurtosis_uw,0.00013532739157730902,7.031747801734214e-05,0.9817470210825903,0.001376881022617424,10000,fit
synthetic,"KDE, Variable",w1,boosted,entropy,0.13901463784614726,0.007535415993898924,0.9817470210825903,0.001376881022617424,10000,fit
synthetic,"KDE, Variable",w1,boosted,entropy_uw,0.0026562272781334804,0.0005450136156197873,0.9817470210825903,0.001376881022617424,10000,fit
synthetic,"KDE, Variable",w1,boosted,crit_bw_1,0.009314379967700542,0.0007764464798725013,0.9817470210825903,0.001376881022617424,10000,fit
synthetic,"KDE, Variable",w1,boosted,crit_bw_1_uw,0.0002587229187261131,0.00015181589789399767,0.9817470210825903,0.001376881022617424,10000,fit
synthetic,"KDE, Variable",w1,boosted,modality_index,0.000779699800759126,0.00015647412470814757,0.9817470210825903,0.001376881022617424,10000,fit
synthetic,"KDE, Variable",w1,boosted,modality_index_uw,0.0001328641685692977,2.9973929753407357e-05,0.9817470210825903,0.001376881022617424,10000,fit
synthetic,"KDE, Variable",w1,boosted,fit_norm_SF,0.011574978388930462,0.002452725599846673,0.9817470210825903,0.001376881022617424,10000,fit
synthetic,"KDE, Variable",w1,boosted,fit_norm_SF_uw,0.00023470209912367811,5.383479333071265e-05,0.9817470210825903,0.001376881022617424,10000,fit
synthetic,"KDE, Variable",w1,boosted,fit_lognorm_SF,0.0009184758069194698,7.115214419539979e-05,0.9817470210825903,0.001376881022617424,10000,fit
synthetic,"KDE, Variable",w1,boosted,fit_lognorm_SF_uw,0.0009892943944967824,0.00014400827862178547,0.9817470210825903,0.001376881022617424,10000,fit
synthetic,"KDE, Variable",w1,boosted,weight_outliers,0.01958330307672606,0.0020307421071977453,0.9817470210825903,0.001376881022617424,10000,fit
synthetic,"KDE, Variable",w1,boosted,weight_outliers_uw,0.000402710934179078,9.870749557396762e-05,0.9817470210825903,0.001376881022617424,10000,fit
synthetic,"KDE, Variable",w1,boosted,mean,0.03494615055675053,0.0013848800103276127,0.9817470210825903,0.001376881022617424,10000,fit
synthetic,"KDE, Variable",w1,boosted,w_v_uw_wasserstein,0.027882455302838366,0.004105994760742482,0.9817470210825903,0.001376881022617424,10000,fit
synthetic,"KDE, Variable",w1,boosted,modes_fitted,0.00010870422721498631,6.323325583148198e-05,0.9817470210825903,0.001376881022617424,10000,fit
synthetic,"KDE, Variable",w1,boosted,modes_scipy_default,0.00018612860884739124,5.401222578325797e-05,0.9817470210825903,0.001376881022617424,10000,fit
synthetic,"KDE, Variable",w1,boosted,modality_index_fitted,0.006772492310103473,0.0008587286005449896,0.9817470210825903,0.001376881022617424,10000,fit
synthetic,"KDE, Variable",w1,boosted,modality_index_fitted_uw,9.350739362302018e-05,2.8767068266929762e-05,0.9817470210825903,0.001376881022617424,10000,fit
empirical,"Normal, Uniform",w1_cv,additive,n,0.00924691922369374,0.01033110089412482,0.9249180809693456,0.049120976750986624,127,fit
empirical,"Normal, Uniform",w1_cv,additive,coeffvar,0.18686397201418847,0.02379684035017221,0.9249180809693456,0.049120976750986624,127,fit
empirical,"Normal, Uniform",w1_cv,additive,coeffvar_uw,0.09783072484756199,0.021548500761643143,0.9249180809693456,0.049120976750986624,127,fit
empirical,"Normal, Uniform",w1_cv,additive,skewness,-0.0006459344451146598,0.000691741397742336,0.9249180809693456,0.049120976750986624,127,fit
empirical,"Normal, Uniform",w1_cv,additive,skewness_uw,0.0018468628099734864,0.0022280023695777198,0.9249180809693456,0.049120976750986624,127,fit
empirical,"Normal, Uniform",w1_cv,additive,kurtosis,0.004881953577576075,0.006759386446783858,0.9249180809693456,0.049120976750986624,127,fit
empirical,"Normal, Uniform",w1_cv,additive,kurtosis_uw,4.2609937946736e-06,0.00029834163352748436,0.9249180809693456,0.049120976750986624,127,fit
empirical,"Normal, Uniform",w1_cv,additive,entropy,0.04949912030634448,0.027048792750802863,0.9249180809693456,0.049120976750986624,127,fit
empirical,"Normal, Uniform",w1_cv,additive,entropy_uw,0.011595306991495118,0.009915892922652617,0.9249180809693456,0.049120976750986624,127,fit
empirical,"Normal, Uniform",w1_cv,additive,crit_bw_1,0.00036251219333866436,0.0003924664099073865,0.9249180809693456,0.049120976750986624,127,fit
empirical,"Normal, Uniform",w1_cv,additive,crit_bw_1_uw,0.00010535256803468453,0.000539933441425964,0.9249180809693456,0.049120976750986624,127,fit
empirical,"Normal, Uniform",w1_cv,additive,modality_index,0.0011490692854769203,0.004455942156321864,0.9249180809693456,0.049120976750986624,127,fit
empirical,"Normal, Uniform",w1_cv,additive,modality_index_uw,0.043839210258501154,0.08932707864733203,0.9249180809693456,0.049120976750986624,127,fit
empirical,"Normal, Uniform",w1_cv,additive,fit_norm_SF,0.029458284223955578,0.007914798183051134,0.9249180809693456,0.049120976750986624,127,fit
empirical,"Normal, Uniform",w1_cv,additive,fit_norm_SF_uw,0.010996608845583091,0.0131672787985821,0.9249180809693456,0.049120976750986624,127,fit
empirical,"Normal, Uniform",w1_cv,additive,fit_lognorm_SF,0.0002626994657245829,0.0019351860650889674,0.9249180809693456,0.049120976750986624,127,fit
empirical,"Normal, Uniform",w1_cv,additive,fit_lognorm_SF_uw,0.0008822302524019498,0.003321169067619062,0.9249180809693456,0.049120976750986624,127,fit
empirical,"Normal, Uniform",w1_cv,additive,weight_outliers,0.002874453230892957,0.003081901557251233,0.9249180809693456,0.049120976750986624,127,fit
empirical,"Normal, Uniform",w1_cv,additive,weight_outliers_uw,0.0024862522884374115,0.0026674118038201755,0.9249180809693456,0.049120976750986624,127,fit
empirical,"Normal, Uniform",w1_cv,additive,mean,0.007356847167447838,0.004214668345306843,0.9249180809693456,0.049120976750986624,127,fit
empirical,"Normal, Uniform",w1_cv,additive,w_v_uw_wasserstein,0.1038086629944587,0.049732661092122384,0.9249180809693456,0.049120976750986624,127,fit
empirical,"Normal, Uniform",w1_cv,additive,modes_fitted,-0.0002590537123618276,0.0018000279101223044,0.9249180809693456,0.049120976750986624,127,fit
empirical,"Normal, Uniform",w1_cv,additive,modes_scipy_default,0.0054504497091506015,0.010043645026094276,0.9249180809693456,0.049120976750986624,127,fit
empirical,"Normal, Uniform",w1_cv,additive,modality_index_fitted,0.03642832180084455,0.07307414266596948,0.9249180809693456,0.049120976750986624,127,fit
empirical,"Normal, Uniform",w1_cv,additive,modality_index_fitted_uw,-0.00013288354557532844,0.0019943901529118602,0.9249180809693456,0.049120976750986624,127,fit
empirical,"Normal, Uniform",w1_cv,boosted,n,0.003759374990998452,0.004623532715026768,0.8842620035492145,0.013137984070613508,127,fit
empirical,"Normal, Uniform",w1_cv,boosted,coeffvar,0.06783352179677843,0.03586640675211015,0.8842620035492145,0.013137984070613508,127,fit
empirical,"Normal, Uniform",w1_cv,boosted,coeffvar_uw,0.35328709060136815,0.11489892857728347,0.8842620035492145,0.013137984070613508,127,fit
empirical,"Normal, Uniform",w1_cv,boosted,skewness,0.0007132585474876874,0.0014544265735060707,0.8842620035492145,0.013137984070613508,127,fit
empirical,"Normal, Uniform",w1_cv,boosted,skewness_uw,-7.127403091646833e-05,0.00014254806183293666,0.8842620035492145,0.013137984070613508,127,fit
empirical,"Normal, Uniform",w1_cv,boosted,kurtosis,0.0006239693661607149,0.0007067766774782737,0.8842620035492145,0.013137984070613508,127,fit
empirical,"Normal, Uniform",w1_cv,boosted,kurtosis_uw,0.00021243008233845064,0.000683099017978816,0.8842620035492145,0.013137984070613508,127,fit
empirical,"Normal, Uniform",w1_cv,boosted,entropy,0.023171023645315345,0.02415053628056074,0.8842620035492145,0.013137984070613508,127,fit
empirical,"Normal, Uniform",w1_cv,boosted,entropy_uw,0.04376424623157153,0.0061669105835976965,0.8842620035492145,0.013137984070613508,127,fit
empirical,"Normal, Uniform",w1_cv,boosted,crit_bw_1,0.0012597303424314375,0.003953575900179517,0.8842620035492145,0.013137984070613508,127,fit
empirical,"Normal, Uniform",w1_cv,boosted,crit_bw_1_uw,-0.0009552033253907256,0.0024677081187651773,0.8842620035492145,0.013137984070613508,127,fit
empirical,"Normal, Uniform",w1_cv,boosted,modality_index,0.004233577181576755,0.003155552633987885,0.8842620035492145,0.013137984070613508,127,fit
empirical,"Normal, Uniform",w1_cv,boosted,modality_index_uw,0.0015596169965891328,0.002602994151262,0.8842620035492145,0.013137984070613508,127,fit
empirical,"Normal, Uniform",w1_cv,boosted,fit_norm_SF,0.013822800151671342,0.007566397907188383,0.8842620035492145,0.013137984070613508,127,fit
empirical,"Normal, Uniform",w1_cv,boosted,fit_norm_SF_uw,-0.0021207647768906068,0.004690955654786382,0.8842620035492145,0.013137984070613508,127,fit
empirical,"Normal, Uniform",w1_cv,boosted,fit_lognorm_SF,0.006193578690407801,0.002240973135111607,0.8842620035492145,0.013137984070613508,127,fit
empirical,"Normal, Uniform",w1_cv,boosted,fit_lognorm_SF_uw,-0.0004973288925896702,0.0010986895916628866,0.8842620035492145,0.013137984070613508,127,fit
empirical,"Normal, Uniform",w1_cv,boosted,weight_outliers,0.009288603354097213,0.0035485063751899827,0.8842620035492145,0.013137984070613508,127,fit
empirical,"Normal, Uniform",w1_cv,boosted,weight_outliers_uw,0.011651567726161214,0.005959613668611239,0.8842620035492145,0.013137984070613508,127,fit
empirical,"Normal, Uniform",w1_cv,boosted,mean,0.005387458316448853,0.0029880845860495446,0.8842620035492145,0.013137984070613508,127,fit
empirical,"Normal, Uniform",w1_cv,boosted,w_v_uw_wasserstein,0.08097116771060855,0.02965380128283099,0.8842620035492145,0.013137984070613508,127,fit
empirical,"Normal, Uniform",w1_cv,boosted,modes_fitted,0.0002562971189115437,0.0005125942378230874,0.8842620035492145,0.013137984070613508,127,fit
empirical,"Normal, Uniform",w1_cv,boosted,modes_scipy_default,0.0,0.0,0.8842620035492145,0.013137984070613508,127,fit
empirical,"Normal, Uniform",w1_cv,boosted,modality_index_fitted,0.0044131375180449005,0.0022015553307274884,0.8842620035492145,0.013137984070613508,127,fit
empirical,"Normal, Uniform",w1_cv,boosted,modality_index_fitted_uw,-0.0006305651954143256,0.0036866568035473202,0.8842620035492145,0.013137984070613508,127,fit
empirical,"Normal, Variable",w1_cv,additive,n,0.014536953080487611,0.012287856266771124,0.9446206070379397,0.025381970666103915,127,fit
empirical,"Normal, Variable",w1_cv,additive,coeffvar,0.47972506852362795,0.1481711833801312,0.9446206070379397,0.025381970666103915,127,fit
empirical,"Normal, Variable",w1_cv,additive,coeffvar_uw,0.053157455510925634,0.030546482661606117,0.9446206070379397,0.025381970666103915,127,fit
empirical,"Normal, Variable",w1_cv,additive,skewness,0.0002574327669464882,0.0005618325531983897,0.9446206070379397,0.025381970666103915,127,fit
empirical,"Normal, Variable",w1_cv,additive,skewness_uw,0.0030153532839560437,0.005562741344974843,0.9446206070379397,0.025381970666103915,127,fit
empirical,"Normal, Variable",w1_cv,additive,kurtosis,0.02647953431630261,0.026758915022705426,0.9446206070379397,0.025381970666103915,127,fit
empirical,"Normal, Variable",w1_cv,additive,kurtosis_uw,0.00113195818299048,0.002134164495644066,0.9446206070379397,0.025381970666103915,127,fit
empirical,"Normal, Variable",w1_cv,additive,entropy,0.07141373069725529,0.03282573029536934,0.9446206070379397,0.025381970666103915,127,fit
empirical,"Normal, Variable",w1_cv,additive,entropy_uw,0.033665514391228994,0.0095908047211298,0.9446206070379397,0.025381970666103915,127,fit
empirical,"Normal, Variable",w1_cv,additive,crit_bw_1,0.00099091021389663,0.011652481141314761,0.9446206070379397,0.025381970666103915,127,fit
empirical,"Normal, Variable",w1_cv,additive,crit_bw_1_uw,-0.0001980173882107761,0.00039627022146501885,0.9446206070379397,0.025381970666103915,127,fit
empirical,"Normal, Variable",w1_cv,additive,modality_index,-0.0024501171098777253,0.004565123092775508,0.9446206070379397,0.025381970666103915,127,fit
empirical,"Normal, Variable",w1_cv,additive,modality_index_uw,-0.0029509597132982867,0.006137050763363781,0.9446206070379397,0.025381970666103915,127,fit
empirical,"Normal, Variable",w1_cv,additive,fit_norm_SF,0.06566815268371373,0.021326755967538323,0.9446206070379397,0.025381970666103915,127,fit
empirical,"Normal, Variable",w1_cv,additive,fit_norm_SF_uw,0.000759275967134465,0.0013525690841540616,0.9446206070379397,0.025381970666103915,127,fit
empirical,"Normal, Variable",w1_cv,additive,fit_lognorm_SF,0.00647758791043482,0.003827642248671907,0.9446206070379397,0.025381970666103915,127,fit
empirical,"Normal, Variable",w1_cv,additive,fit_lognorm_SF_uw,0.001967216138499672,0.0011361329644715254,0.9446206070379397,0.025381970666103915,127,fit
empirical,"Normal, Variable",w1_cv,additive,weight_outliers,0.0021513971345337455,0.0013273760399817786,0.9446206070379397,0.025381970666103915,127,fit
empirical,"Normal, Variable",w1_cv,additive,weight_outliers_uw,0.00251892031026957,0.0012469712157569134,0.9446206070379397,0.025381970666103915,127,fit
empirical,"Normal, Variable",w1_cv,additive,mean,0.07756398615421303,0.033946619349267716,0.9446206070379397,0.025381970666103915,127,fit
empirical,"Normal, Variable",w1_cv,additive,w_v_uw_wasserstein,0.013452010504319392,0.016834144228995047,0.9446206070379397,0.025381970666103915,127,fit
empirical,"Normal, Variable",w1_cv,additive,modes_fitted,0.0013043743256550265,0.00221103678296651,0.9446206070379397,0.025381970666103915,127,fit
empirical,"Normal, Variable",w1_cv,additive,modes_scipy_default,0.0012147044951808961,0.001715549798005053,0.9446206070379397,0.025381970666103915,127,fit
empirical,"Normal, Variable",w1_cv,additive,modality_index_fitted,0.0008066673488138675,0.0016409663590785499,0.9446206070379397,0.025381970666103915,127,fit
empirical,"Normal, Variable",w1_cv,additive,modality_index_fitted_uw,0.001600927787351021,0.004036515679235838,0.9446206070379397,0.025381970666103915,127,fit
empirical,"Normal, Variable",w1_cv,boosted,n,0.018966469842659598,0.009892434995392177,0.8684967315371288,0.036971960240477456,127,fit
empirical,"Normal, Variable",w1_cv,boosted,coeffvar,0.17211153458751244,0.08846132899063257,0.8684967315371288,0.036971960240477456,127,fit
empirical,"Normal, Variable",w1_cv,boosted,coeffvar_uw,0.27919788926202094,0.12679072298259458,0.8684967315371288,0.036971960240477456,127,fit
empirical,"Normal, Variable",w1_cv,boosted,skewness,0.006395257736228792,0.002647628419388184,0.8684967315371288,0.036971960240477456,127,fit
empirical,"Normal, Variable",w1_cv,boosted,skewness_uw,0.000288499378839211,0.0011482795610309703,0.8684967315371288,0.036971960240477456,127,fit
empirical,"Normal, Variable",w1_cv,boosted,kurtosis,0.005226572264873068,0.004391332648825896,0.8684967315371288,0.036971960240477456,127,fit
empirical,"Normal, Variable",w1_cv,boosted,kurtosis_uw,-0.002248413815079924,0.0028080329233835144,0.8684967315371288,0.036971960240477456,127,fit
empirical,"Normal, Variable",w1_cv,boosted,entropy,0.020061099817857603,0.03251377145781445,0.8684967315371288,0.036971960240477456,127,fit
empirical,"Normal, Variable",w1_cv,boosted,entropy_uw,0.08486991736131429,0.024173995184167872,0.8684967315371288,0.036971960240477456,127,fit
empirical,"Normal, Variable",w1_cv,boosted,crit_bw_1,0.011412545711128309,0.021813765015769832,0.8684967315371288,0.036971960240477456,127,fit
empirical,"Normal, Variable",w1_cv,boosted,crit_bw_1_uw,0.00036494524139786923,0.001416801242175436,0.8684967315371288,0.036971960240477456,127,fit
empirical,"Normal, Variable",w1_cv,boosted,modality_index,0.009198106808435521,0.008625482176626358,0.8684967315371288,0.036971960240477456,127,fit
empirical,"Normal, Variable",w1_cv,boosted,modality_index_uw,0.0004774630053313602,0.003926887721421137,0.8684967315371288,0.036971960240477456,127,fit
empirical,"Normal, Variable",w1_cv,boosted,fit_norm_SF,0.004194694278605928,0.009428551713284827,0.8684967315371288,0.036971960240477456,127,fit
empirical,"Normal, Variable",w1_cv,boosted,fit_norm_SF_uw,0.003691152703530673,0.004579344732999861,0.8684967315371288,0.036971960240477456,127,fit
empirical,"Normal, Variable",w1_cv,boosted,fit_lognorm_SF,0.00037515102420539344,0.003721141872261647,0.8684967315371288,0.036971960240477456,127,fit
empirical,"Normal, Variable",w1_cv,boosted,fit_lognorm_SF_uw,-0.0014125792294799864,0.008539298896174398,0.8684967315371288,0.036971960240477456,127,fit
empirical,"Normal, Variable",w1_cv,boosted,weight_outliers,0.007640248966310681,0.009508366552051074,0.8684967315371288,0.036971960240477456,127,fit
empirical,"Normal, Variable",w1_cv,boosted,weight_outliers_uw,0.005612279910845132,0.01416345093034754,0.8684967315371288,0.036971960240477456,127,fit
empirical,"Normal, Variable",w1_cv,boosted,mean,0.01668143686200365,0.011112545371336062,0.8684967315371288,0.036971960240477456,127,fit
empirical,"Normal, Variable",w1_cv,boosted,w_v_uw_wasserstein,0.01158052821879007,0.012220879443479831,0.8684967315371288,0.036971960240477456,127,fit
empirical,"Normal, Variable",w1_cv,boosted,modes_fitted,0.0031825237447171695,0.0033547157657160724,0.8684967315371288,0.036971960240477456,127,fit
empirical,"Normal, Variable",w1_cv,boosted,modes_scipy_default,0.0,0.0,0.8684967315371288,0.036971960240477456,127,fit
empirical,"Normal, Variable",w1_cv,boosted,modality_index_fitted,0.027803177431562458,0.017560286545686487,0.8684967315371288,0.036971960240477456,127,fit
empirical,"Normal, Variable",w1_cv,boosted,modality_index_fitted_uw,-0.0003539519824122306,0.002679582117968371,0.8684967315371288,0.036971960240477456,127,fit
empirical,"Lognormal, Uniform",w1_cv,additive,n,0.05505722608232888,0.03356105561977267,0.9348361099008253,0.025468560492884533,127,fit
empirical,"Lognormal, Uniform",w1_cv,additive,coeffvar,0.14125484042835482,0.03254121414023711,0.9348361099008253,0.025468560492884533,127,fit
empirical,"Lognormal, Uniform",w1_cv,additive,coeffvar_uw,0.11615894502272801,0.03886319117884013,0.9348361099008253,0.025468560492884533,127,fit
empirical,"Lognormal, Uniform",w1_cv,additive,skewness,-0.002222882539189783,0.003584283484680081,0.9348361099008253,0.025468560492884533,127,fit
empirical,"Lognormal, Uniform",w1_cv,additive,skewness_uw,0.001017676373013201,0.0025072401863569693,0.9348361099008253,0.025468560492884533,127,fit
empirical,"Lognormal, Uniform",w1_cv,additive,kurtosis,0.003915035144450072,0.009831351932740201,0.9348361099008253,0.025468560492884533,127,fit
empirical,"Lognormal, Uniform",w1_cv,additive,kurtosis_uw,0.0016948135561393272,0.001619086027278208,0.9348361099008253,0.025468560492884533,127,fit
empirical,"Lognormal, Uniform",w1_cv,additive,entropy,0.026893383681407174,0.023873090457772188,0.9348361099008253,0.025468560492884533,127,fit
empirical,"Lognormal, Uniform",w1_cv,additive,entropy_uw,0.022687580655681144,0.020791535037106082,0.9348361099008253,0.025468560492884533,127,fit
empirical,"Lognormal, Uniform",w1_cv,additive,crit_bw_1,0.0007199032952126094,0.0012591410028105663,0.9348361099008253,0.025468560492884533,127,fit
empirical,"Lognormal, Uniform",w1_cv,additive,crit_bw_1_uw,0.002698508405069824,0.0038357018404850994,0.9348361099008253,0.025468560492884533,127,fit
empirical,"Lognormal, Uniform",w1_cv,additive,modality_index,-0.00015804910715951686,0.0021596550688931667,0.9348361099008253,0.025468560492884533,127,fit
empirical,"Lognormal, Uniform",w1_cv,additive,modality_index_uw,-0.0020670899052312366,0.004386813283586844,0.9348361099008253,0.025468560492884533,127,fit
empirical,"Lognormal, Uniform",w1_cv,additive,fit_norm_SF,0.0011667555426209519,0.0065481609493959455,0.9348361099008253,0.025468560492884533,127,fit
empirical,"Lognormal, Uniform",w1_cv,additive,fit_norm_SF_uw,0.0011413689650259886,0.004517580607642436,0.9348361099008253,0.025468560492884533,127,fit
empirical,"Lognormal, Uniform",w1_cv,additive,fit_lognorm_SF,0.012962111082488684,0.019062461473295853,0.9348361099008253,0.025468560492884533,127,fit
empirical,"Lognormal, Uniform",w1_cv,additive,fit_lognorm_SF_uw,-0.0003419353454636776,0.003880247188910251,0.9348361099008253,0.025468560492884533,127,fit
empirical,"Lognormal, Uniform",w1_cv,additive,weight_outliers,-0.0007680600960261619,0.0006697226767108466,0.9348361099008253,0.025468560492884533,127,fit
empirical,"Lognormal, Uniform",w1_cv,additive,weight_outliers_uw,0.0022252340993561925,0.006373873509492158,0.9348361099008253,0.025468560492884533,127,fit
empirical,"Lognormal, Uniform",w1_cv,additive,mean,0.032235500614476095,0.026132013669594365,0.9348361099008253,0.025468560492884533,127,fit
empirical,"Lognormal, Uniform",w1_cv,additive,w_v_uw_wasserstein,0.18219592604742246,0.03364377304330331,0.9348361099008253,0.025468560492884533,127,fit
empirical,"Lognormal, Uniform",w1_cv,additive,modes_fitted,4.057785888731846e-05,0.00010326170693492591,0.9348361099008253,0.025468560492884533,127,fit
empirical,"Lognormal, Uniform",w1_cv,additive,modes_scipy_default,0.0005431748844171456,0.005749057784061193,0.9348361099008253,0.025468560492884533,127,fit
empirical,"Lognormal, Uniform",w1_cv,additive,modality_index_fitted,0.0003988512482225026,0.0007515301961076984,0.9348361099008253,0.025468560492884533,127,fit
empirical,"Lognormal, Uniform",w1_cv,additive,modality_index_fitted_uw,0.0038755829503683593,0.0026175873088137096,0.9348361099008253,0.025468560492884533,127,fit
empirical,"Lognormal, Uniform",w1_cv,boosted,n,0.0036337409681000653,0.009881859866989726,0.7802771054061312,0.07002939335282553,127,fit
empirical,"Lognormal, Uniform",w1_cv,boosted,coeffvar,0.04704817104193121,0.048598071818505825,0.7802771054061312,0.07002939335282553,127,fit
empirical,"Lognormal, Uniform",w1_cv,boosted,coeffvar_uw,0.1388998790143013,0.07259888928383522,0.7802771054061312,0.07002939335282553,127,fit
empirical,"Lognormal, Uniform",w1_cv,boosted,skewness,0.0009958315897828408,0.0022746635266596557,0.7802771054061312,0.07002939335282553,127,fit
empirical,"Lognormal, Uniform",w1_cv,boosted,skewness_uw,0.005595385895345062,0.011561046225445428,0.7802771054061312,0.07002939335282553,127,fit
empirical,"Lognormal, Uniform",w1_cv,boosted,kurtosis,0.006479182331053097,0.007220951347095082,0.7802771054061312,0.07002939335282553,127,fit
empirical,"Lognormal, Uniform",w1_cv,boosted,kurtosis_uw,0.00024176752569578626,0.0014942297593693006,0.7802771054061312,0.07002939335282553,127,fit
empirical,"Lognormal, Uniform",w1_cv,boosted,entropy,0.0370226038603354,0.015366020884191166,0.7802771054061312,0.07002939335282553,127,fit
empirical,"Lognormal, Uniform",w1_cv,boosted,entropy_uw,0.0972484796160252,0.06838549499574044,0.7802771054061312,0.07002939335282553,127,fit
empirical,"Lognormal, Uniform",w1_cv,boosted,crit_bw_1,-0.010023972093130065,0.02104178382299373,0.7802771054061312,0.07002939335282553,127,fit
empirical,"Lognormal, Uniform",w1_cv,boosted,crit_bw_1_uw,0.0020374336932675627,0.002477850750353365,0.7802771054061312,0.07002939335282553,127,fit
empirical,"Lognormal, Uniform",w1_cv,boosted,modality_index,0.025123118508608287,0.03652877120366282,0.7802771054061312,0.07002939335282553,127,fit
empirical,"Lognormal, Uniform",w1_cv,boosted,modality_index_uw,0.00011198493957542905,0.0017438689184776511,0.7802771054061312,0.07002939335282553,127,fit
empirical,"Lognormal, Uniform",w1_cv,boosted,fit_norm_SF,-0.00016634711795487922,0.007823437541135026,0.7802771054061312,0.07002939335282553,127,fit
empirical,"Lognormal, Uniform",w1_cv,boosted,fit_norm_SF_uw,0.001237658490887148,0.001932076910107223,0.7802771054061312,0.07002939335282553,127,fit
empirical,"Lognormal, Uniform",w1_cv,boosted,fit_lognorm_SF,-0.004765318258312432,0.015632332786372317,0.7802771054061312,0.07002939335282553,127,fit
empirical,"Lognormal, Uniform",w1_cv,boosted,fit_lognorm_SF_uw,-0.0014325626513523979,0.0058494296610588584,0.7802771054061312,0.07002939335282553,127,fit
empirical,"Lognormal, Uniform",w1_cv,boosted,weight_outliers,0.010675014239788186,0.012924234319919051,0.7802771054061312,0.07002939335282553,127,fit
empirical,"Lognormal, Uniform",w1_cv,boosted,weight_outliers_uw,0.001509136734346068,0.009955955242074621,0.7802771054061312,0.07002939335282553,127,fit
empirical,"Lognormal, Uniform",w1_cv,boosted,mean,-0.0010634380160896597,0.015479048697521109,0.7802771054061312,0.07002939335282553,127,fit
empirical,"Lognormal, Uniform",w1_cv,boosted,w_v_uw_wasserstein,0.20244106669951462,0.051846232548877394,0.7802771054061312,0.07002939335282553,127,fit
empirical,"Lognormal, Uniform",w1_cv,boosted,modes_fitted,0.0,0.0,0.7802771054061312,0.07002939335282553,127,fit
empirical,"Lognormal, Uniform",w1_cv,boosted,modes_scipy_default,0.0,0.0,0.7802771054061312,0.07002939335282553,127,fit
empirical,"Lognormal, Uniform",w1_cv,boosted,modality_index_fitted,0.007384059735885217,0.01342015776537575,0.7802771054061312,0.07002939335282553,127,fit
empirical,"Lognormal, Uniform",w1_cv,boosted,modality_index_fitted_uw,-0.006365155688764957,0.012960046814924419,0.7802771054061312,0.07002939335282553,127,fit
empirical,"Lognormal, Variable",w1_cv,additive,n,0.18397853052871305,0.12412606402678372,0.9317340566577682,0.02010867103616369,127,fit
empirical,"Lognormal, Variable",w1_cv,additive,coeffvar,0.31431153904485154,0.08990232545068567,0.9317340566577682,0.02010867103616369,127,fit
empirical,"Lognormal, Variable",w1_cv,additive,coeffvar_uw,0.08100210218511375,0.078838836251717,0.9317340566577682,0.02010867103616369,127,fit
empirical,"Lognormal, Variable",w1_cv,additive,skewness,0.005175550857267857,0.0047327342208936625,0.9317340566577682,0.02010867103616369,127,fit
empirical,"Lognormal, Variable",w1_cv,additive,skewness_uw,-0.0008734391388966723,0.0010711555297288871,0.9317340566577682,0.02010867103616369,127,fit
empirical,"Lognormal, Variable",w1_cv,additive,kurtosis,0.022947609283130534,0.016983878484919515,0.9317340566577682,0.02010867103616369,127,fit
empirical,"Lognormal, Variable",w1_cv,additive,kurtosis_uw,-0.000667086422507015,0.00133417284501403,0.9317340566577682,0.02010867103616369,127,fit
empirical,"Lognormal, Variable",w1_cv,additive,entropy,0.08733929794000597,0.04633419631396961,0.9317340566577682,0.02010867103616369,127,fit
empirical,"Lognormal, Variable",w1_cv,additive,entropy_uw,0.028603765894415312,0.02875452350495977,0.9317340566577682,0.02010867103616369,127,fit
empirical,"Lognormal, Variable",w1_cv,additive,crit_bw_1,0.0004911042033334834,0.0030322773567269925,0.9317340566577682,0.02010867103616369,127,fit
empirical,"Lognormal, Variable",w1_cv,additive,crit_bw_1_uw,0.00618111123016251,0.010332325782867793,0.9317340566577682,0.02010867103616369,127,fit
empirical,"Lognormal, Variable",w1_cv,additive,modality_index,0.0007856527808741398,0.0032503138171526003,0.9317340566577682,0.02010867103616369,127,fit
empirical,"Lognormal, Variable",w1_cv,additive,modality_index_uw,-0.0006327352410962116,0.003945607461676359,0.9317340566577682,0.02010867103616369,127,fit
empirical,"Lognormal, Variable",w1_cv,additive,fit_norm_SF,0.0037444228391218678,0.008894272992588808,0.9317340566577682,0.02010867103616369,127,fit
empirical,"Lognormal, Variable",w1_cv,additive,fit_norm_SF_uw,-0.0009702960943053474,0.0009765071958118218,0.9317340566577682,0.02010867103616369,127,fit
empirical,"Lognormal, Variable",w1_cv,additive,fit_lognorm_SF,0.030357682297064474,0.042223517888019965,0.9317340566577682,0.02010867103616369,127,fit
empirical,"Lognormal, Variable",w1_cv,additive,fit_lognorm_SF_uw,-0.00010484199143779623,0.002756436566005154,0.9317340566577682,0.02010867103616369,127,fit
empirical,"Lognormal, Variable",w1_cv,additive,weight_outliers,-0.0012820909443886851,0.003099719144045393,0.9317340566577682,0.02010867103616369,127,fit
empirical,"Lognormal, Variable",w1_cv,additive,weight_outliers_uw,2.8310035608216647e-05,0.0002046407302982637,0.9317340566577682,0.02010867103616369,127,fit
empirical,"Lognormal, Variable",w1_cv,additive,mean,0.10966036801627417,0.05071676761633773,0.9317340566577682,0.02010867103616369,127,fit
empirical,"Lognormal, Variable",w1_cv,additive,w_v_uw_wasserstein,0.01899782438777308,0.02135869213122481,0.9317340566577682,0.02010867103616369,127,fit
empirical,"Lognormal, Variable",w1_cv,additive,modes_fitted,0.004051216794784906,0.008232478772199505,0.9317340566577682,0.02010867103616369,127,fit
empirical,"Lognormal, Variable",w1_cv,additive,modes_scipy_default,-0.00013302738249977076,0.00040029608317288505,0.9317340566577682,0.02010867103616369,127,fit
empirical,"Lognormal, Variable",w1_cv,additive,modality_index_fitted,-0.0010557454396339682,0.0029911485009510397,0.9317340566577682,0.02010867103616369,127,fit
empirical,"Lognormal, Variable",w1_cv,additive,modality_index_fitted_uw,0.0005587883830029817,0.0019216041042587335,0.9317340566577682,0.02010867103616369,127,fit
empirical,"Lognormal, Variable",w1_cv,boosted,n,0.04546332246813715,0.04291443561582382,0.7980648826810772,0.07399800460107155,127,fit
empirical,"Lognormal, Variable",w1_cv,boosted,coeffvar,0.08627908586135119,0.05520958095948556,0.7980648826810772,0.07399800460107155,127,fit
empirical,"Lognormal, Variable",w1_cv,boosted,coeffvar_uw,0.13693498586382913,0.09208044614255391,0.7980648826810772,0.07399800460107155,127,fit
empirical,"Lognormal, Variable",w1_cv,boosted,skewness,-0.0017258726108534336,0.01829335556967291,0.7980648826810772,0.07399800460107155,127,fit
empirical,"Lognormal, Variable",w1_cv,boosted,skewness_uw,0.0004481641544405202,0.0008288343505856602,0.7980648826810772,0.07399800460107155,127,fit
empirical,"Lognormal, Variable",w1_cv,boosted,kurtosis,0.020834528638993027,0.019065887101519213,0.7980648826810772,0.07399800460107155,127,fit
empirical,"Lognormal, Variable",w1_cv,boosted,kurtosis_uw,0.001240961803067222,0.002441718095283516,0.7980648826810772,0.07399800460107155,127,fit
empirical,"Lognormal, Variable",w1_cv,boosted,entropy,0.015611929969113595,0.06103960703008008,0.7980648826810772,0.07399800460107155,127,fit
empirical,"Lognormal, Variable",w1_cv,boosted,entropy_uw,0.1968662932614646,0.10899171160947971,0.7980648826810772,0.07399800460107155,127,fit
empirical,"Lognormal, Variable",w1_cv,boosted,crit_bw_1,-0.0011893408577645114,0.0023859002765982754,0.7980648826810772,0.07399800460107155,127,fit
empirical,"Lognormal, Variable",w1_cv,boosted,crit_bw_1_uw,0.004028478816178413,0.005420138625727683,0.7980648826810772,0.07399800460107155,127,fit
empirical,"Lognormal, Variable",w1_cv,boosted,modality_index,0.0050793647904913445,0.00878471483006311,0.7980648826810772,0.07399800460107155,127,fit
empirical,"Lognormal, Variable",w1_cv,boosted,modality_index_uw,0.0019234139847019312,0.006513230428706157,0.7980648826810772,0.07399800460107155,127,fit
empirical,"Lognormal, Variable",w1_cv,boosted,fit_norm_SF,-6.0627511328084096e-05,0.000372361883694261,0.7980648826810772,0.07399800460107155,127,fit
empirical,"Lognormal, Variable",w1_cv,boosted,fit_norm_SF_uw,0.003053956295305342,0.005691420914701815,0.7980648826810772,0.07399800460107155,127,fit
empirical,"Lognormal, Variable",w1_cv,boosted,fit_lognorm_SF,-0.0010497227249121528,0.018336770776333788,0.7980648826810772,0.07399800460107155,127,fit
empirical,"Lognormal, Variable",w1_cv,boosted,fit_lognorm_SF_uw,0.005741163210037575,0.007434709922075094,0.7980648826810772,0.07399800460107155,127,fit
empirical,"Lognormal, Variable",w1_cv,boosted,weight_outliers,0.001505167225854738,0.00909053878956543,0.7980648826810772,0.07399800460107155,127,fit
empirical,"Lognormal, Variable",w1_cv,boosted,weight_outliers_uw,0.0039177329220932595,0.0045284895309695775,0.7980648826810772,0.07399800460107155,127,fit
empirical,"Lognormal, Variable",w1_cv,boosted,mean,0.03750191929802756,0.02710692109682247,0.7980648826810772,0.07399800460107155,127,fit
empirical,"Lognormal, Variable",w1_cv,boosted,w_v_uw_wasserstein,0.038438954390227355,0.0215250727669923,0.7980648826810772,0.07399800460107155,127,fit
empirical,"Lognormal, Variable",w1_cv,boosted,modes_fitted,0.0,0.0,0.7980648826810772,0.07399800460107155,127,fit
empirical,"Lognormal, Variable",w1_cv,boosted,modes_scipy_default,0.0,0.0,0.7980648826810772,0.07399800460107155,127,fit
empirical,"Lognormal, Variable",w1_cv,boosted,modality_index_fitted,0.014086510624820026,0.01724489572737557,0.7980648826810772,0.07399800460107155,127,fit
empirical,"Lognormal, Variable",w1_cv,boosted,modality_index_fitted_uw,3.68672552764248e-05,0.0030648383390202002,0.7980648826810772,0.07399800460107155,127,fit
empirical,"KDE, Uniform",w1_cv,additive,n,0.10391737109848875,0.04089392387150414,0.9239347890507201,0.024100449659280855,127,fit
empirical,"KDE, Uniform",w1_cv,additive,coeffvar,0.08860053170084173,0.03609897426626667,0.9239347890507201,0.024100449659280855,127,fit
empirical,"KDE, Uniform",w1_cv,additive,coeffvar_uw,0.09120904984344462,0.03527487161710602,0.9239347890507201,0.024100449659280855,127,fit
empirical,"KDE, Uniform",w1_cv,additive,skewness,0.000516795976384472,0.0008209268022656573,0.9239347890507201,0.024100449659280855,127,fit
empirical,"KDE, Uniform",w1_cv,additive,skewness_uw,0.0007378170753529955,0.0023586894072460444,0.9239347890507201,0.024100449659280855,127,fit
empirical,"KDE, Uniform",w1_cv,additive,kurtosis,0.0066167424150872164,0.01599175098081231,0.9239347890507201,0.024100449659280855,127,fit
empirical,"KDE, Uniform",w1_cv,additive,kurtosis_uw,0.0003688262162206457,0.0009468951575896101,0.9239347890507201,0.024100449659280855,127,fit
empirical,"KDE, Uniform",w1_cv,additive,entropy,0.021656763256712654,0.010809003493494961,0.9239347890507201,0.024100449659280855,127,fit
empirical,"KDE, Uniform",w1_cv,additive,entropy_uw,0.03628558046046207,0.017992862703956145,0.9239347890507201,0.024100449659280855,127,fit
empirical,"KDE, Uniform",w1_cv,additive,crit_bw_1,0.0057733361995142935,0.008129756389969081,0.9239347890507201,0.024100449659280855,127,fit
empirical,"KDE, Uniform",w1_cv,additive,crit_bw_1_uw,0.0024894416082111514,0.00260153894120183,0.9239347890507201,0.024100449659280855,127,fit
empirical,"KDE, Uniform",w1_cv,additive,modality_index,0.0029080461846485582,0.0029452800713467855,0.9239347890507201,0.024100449659280855,127,fit
empirical,"KDE, Uniform",w1_cv,additive,modality_index_uw,0.0008887233030018527,0.002099596019723545,0.9239347890507201,0.024100449659280855,127,fit
empirical,"KDE, Uniform",w1_cv,additive,fit_norm_SF,0.0011187781005155717,0.003717943120477972,0.9239347890507201,0.024100449659280855,127,fit
empirical,"KDE, Uniform",w1_cv,additive,fit_norm_SF_uw,0.0007700688186036042,0.001115817065592335,0.9239347890507201,0.024100449659280855,127,fit
empirical,"KDE, Uniform",w1_cv,additive,fit_lognorm_SF,0.00478239541486992,0.0080828527266895,0.9239347890507201,0.024100449659280855,127,fit
empirical,"KDE, Uniform",w1_cv,additive,fit_lognorm_SF_uw,7.817934645857991e-05,0.004684212138659046,0.9239347890507201,0.024100449659280855,127,fit
empirical,"KDE, Uniform",w1_cv,additive,weight_outliers,-0.0014143773884532141,0.002831241283341344,0.9239347890507201,0.024100449659280855,127,fit
empirical,"KDE, Uniform",w1_cv,additive,weight_outliers_uw,-0.0011645602708015045,0.003698201827871755,0.9239347890507201,0.024100449659280855,127,fit
empirical,"KDE, Uniform",w1_cv,additive,mean,0.0012364691737533138,0.0010825377574011019,0.9239347890507201,0.024100449659280855,127,fit
empirical,"KDE, Uniform",w1_cv,additive,w_v_uw_wasserstein,0.18565380518868377,0.07737973416685137,0.9239347890507201,0.024100449659280855,127,fit
empirical,"KDE, Uniform",w1_cv,additive,modes_fitted,-0.0006532343003894914,0.0031670066419031188,0.9239347890507201,0.024100449659280855,127,fit
empirical,"KDE, Uniform",w1_cv,additive,modes_scipy_default,-0.00011065494240910731,0.002853155445525244,0.9239347890507201,0.024100449659280855,127,fit
empirical,"KDE, Uniform",w1_cv,additive,modality_index_fitted,0.00029527068044643334,0.001959695893689574,0.9239347890507201,0.024100449659280855,127,fit
empirical,"KDE, Uniform",w1_cv,additive,modality_index_fitted_uw,-0.0006911907758039516,0.0027764029668892487,0.9239347890507201,0.024100449659280855,127,fit
empirical,"KDE, Uniform",w1_cv,boosted,n,0.034995450898984766,0.008571078579023256,0.8233619618706115,0.05013438788847522,127,fit
empirical,"KDE, Uniform",w1_cv,boosted,coeffvar,0.02356889283847504,0.013312008125536881,0.8233619618706115,0.05013438788847522,127,fit
empirical,"KDE, Uniform",w1_cv,boosted,coeffvar_uw,0.15543177902610594,0.06565202913600732,0.8233619618706115,0.05013438788847522,127,fit
empirical,"KDE, Uniform",w1_cv,boosted,skewness,0.004412112025217409,0.005481570477957378,0.8233619618706115,0.05013438788847522,127,fit
empirical,"KDE, Uniform",w1_cv,boosted,skewness_uw,-0.00011656129205606324,0.0006302635987329939,0.8233619618706115,0.05013438788847522,127,fit
empirical,"KDE, Uniform",w1_cv,boosted,kurtosis,0.0010235776719337976,0.004772588565300321,0.8233619618706115,0.05013438788847522,127,fit
empirical,"KDE, Uniform",w1_cv,boosted,kurtosis_uw,-0.0005274664089110791,0.0030677798736806114,0.8233619618706115,0.05013438788847522,127,fit
empirical,"KDE, Uniform",w1_cv,boosted,entropy,0.0597022867418836,0.03327993940443175,0.8233619618706115,0.05013438788847522,127,fit
empirical,"KDE, Uniform",w1_cv,boosted,entropy_uw,0.0565342466884373,0.038537732871854934,0.8233619618706115,0.05013438788847522,127,fit
empirical,"KDE, Uniform",w1_cv,boosted,crit_bw_1,0.0023722338327992662,0.0035457135181365396,0.8233619618706115,0.05013438788847522,127,fit
empirical,"KDE, Uniform",w1_cv,boosted,crit_bw_1_uw,-0.0005758608377002483,0.001450279637099823,0.8233619618706115,0.05013438788847522,127,fit
empirical,"KDE, Uniform",w1_cv,boosted,modality_index,0.0021489284655287744,0.0031656039774082038,0.8233619618706115,0.05013438788847522,127,fit
empirical,"KDE, Uniform",w1_cv,boosted,modality_index_uw,0.0004811704167623287,0.001829559639242801,0.8233619618706115,0.05013438788847522,127,fit
empirical,"KDE, Uniform",w1_cv,boosted,fit_norm_SF,0.002259127822857585,0.001266329167752785,0.8233619618706115,0.05013438788847522,127,fit
empirical,"KDE, Uniform",w1_cv,boosted,fit_norm_SF_uw,0.00022847077250997216,0.000639646278971212,0.8233619618706115,0.05013438788847522,127,fit
empirical,"KDE, Uniform",w1_cv,boosted,fit_lognorm_SF,0.0017909722276665742,0.0017154465891124188,0.8233619618706115,0.05013438788847522,127,fit
empirical,"KDE, Uniform",w1_cv,boosted,fit_lognorm_SF_uw,0.001269104250747386,0.0025343862592130564,0.8233619618706115,0.05013438788847522,127,fit
empirical,"KDE, Uniform",w1_cv,boosted,weight_outliers,0.021401247995129286,0.011436651727684478,0.8233619618706115,0.05013438788847522,127,fit
empirical,"KDE, Uniform",w1_cv,boosted,weight_outliers_uw,0.005335464510593729,0.005170284420771183,0.8233619618706115,0.05013438788847522,127,fit
empirical,"KDE, Uniform",w1_cv,boosted,mean,0.0006271741577585366,0.001173013789092108,0.8233619618706115,0.05013438788847522,127,fit
empirical,"KDE, Uniform",w1_cv,boosted,w_v_uw_wasserstein,0.1820378790378009,0.027077542660102098,0.8233619618706115,0.05013438788847522,127,fit
empirical,"KDE, Uniform",w1_cv,boosted,modes_fitted,0.0003952900651163693,0.0007905801302327386,0.8233619618706115,0.05013438788847522,127,fit
empirical,"KDE, Uniform",w1_cv,boosted,modes_scipy_default,0.0,0.0,0.8233619618706115,0.05013438788847522,127,fit
empirical,"KDE, Uniform",w1_cv,boosted,modality_index_fitted,0.0013921859403710735,0.007515713331243132,0.8233619618706115,0.05013438788847522,127,fit
empirical,"KDE, Uniform",w1_cv,boosted,modality_index_fitted_uw,0.001338592580632818,0.00445516433208603,0.8233619618706115,0.05013438788847522,127,fit
empirical,"KDE, Variable",w1_cv,additive,n,0.4032763407539367,0.08819858869974705,0.9402832179581363,0.047685439372266034,127,fit
empirical,"KDE, Variable",w1_cv,additive,coeffvar,0.307148243235561,0.12423928647603466,0.9402832179581363,0.047685439372266034,127,fit
empirical,"KDE, Variable",w1_cv,additive,coeffvar_uw,0.052171962795055773,0.030921403135917017,0.9402832179581363,0.047685439372266034,127,fit
empirical,"KDE, Variable",w1_cv,additive,skewness,0.00902231365214847,0.01817515082134542,0.9402832179581363,0.047685439372266034,127,fit
empirical,"KDE, Variable",w1_cv,additive,skewness_uw,-0.01073579664165252,0.022083430778273495,0.9402832179581363,0.047685439372266034,127,fit
empirical,"KDE, Variable",w1_cv,additive,kurtosis,0.014332443332393613,0.013344221589679538,0.9402832179581363,0.047685439372266034,127,fit
empirical,"KDE, Variable",w1_cv,additive,kurtosis_uw,0.000488313393363542,0.0014552756742414684,0.9402832179581363,0.047685439372266034,127,fit
empirical,"KDE, Variable",w1_cv,additive,entropy,0.05278210506534951,0.021801712500420505,0.9402832179581363,0.047685439372266034,127,fit
empirical,"KDE, Variable",w1_cv,additive,entropy_uw,0.020213629934654437,0.012872478002710228,0.9402832179581363,0.047685439372266034,127,fit
empirical,"KDE, Variable",w1_cv,additive,crit_bw_1,0.004335617607326085,0.0091168377904141,0.9402832179581363,0.047685439372266034,127,fit
empirical,"KDE, Variable",w1_cv,additive,crit_bw_1_uw,-0.0034694122534469395,0.007440174152499391,0.9402832179581363,0.047685439372266034,127,fit
empirical,"KDE, Variable",w1_cv,additive,modality_index,0.003641255487012402,0.0031328551519912914,0.9402832179581363,0.047685439372266034,127,fit
empirical,"KDE, Variable",w1_cv,additive,modality_index_uw,0.002480779098544781,0.0018946564649670358,0.9402832179581363,0.047685439372266034,127,fit
empirical,"KDE, Variable",w1_cv,additive,fit_norm_SF,-0.0011040229592831508,0.0022137891711884804,0.9402832179581363,0.047685439372266034,127,fit
empirical,"KDE, Variable",w1_cv,additive,fit_norm_SF_uw,0.0008030322927169252,0.0013780868687220582,0.9402832179581363,0.047685439372266034,127,fit
empirical,"KDE, Variable",w1_cv,additive,fit_lognorm_SF,0.006051383954798995,0.0032820858469253707,0.9402832179581363,0.047685439372266034,127,fit
empirical,"KDE, Variable",w1_cv,additive,fit_lognorm_SF_uw,0.0014581808621718828,0.003155803338865084,0.9402832179581363,0.047685439372266034,127,fit
empirical,"KDE, Variable",w1_cv,additive,weight_outliers,0.0008107831729907477,0.005363668033389791,0.9402832179581363,0.047685439372266034,127,fit
empirical,"KDE, Variable",w1_cv,additive,weight_outliers_uw,-0.000850056235688812,0.001527527665183825,0.9402832179581363,0.047685439372266034,127,fit
empirical,"KDE, Variable",w1_cv,additive,mean,0.07869375268735382,0.03103863289477749,0.9402832179581363,0.047685439372266034,127,fit
empirical,"KDE, Variable",w1_cv,additive,w_v_uw_wasserstein,0.014839619417556873,0.008844859887825922,0.9402832179581363,0.047685439372266034,127,fit
empirical,"KDE, Variable",w1_cv,additive,modes_fitted,-0.00018949655485150935,0.0010149789294995276,0.9402832179581363,0.047685439372266034,127,fit
empirical,"KDE, Variable",w1_cv,additive,modes_scipy_default,0.0002239672814638105,0.0008199675226149364,0.9402832179581363,0.047685439372266034,127,fit
empirical,"KDE, Variable",w1_cv,additive,modality_index_fitted,0.0007419085435302897,0.0008481019269362085,0.9402832179581363,0.047685439372266034,127,fit
empirical,"KDE, Variable",w1_cv,additive,modality_index_fitted_uw,0.0015008433071063568,0.0029345049665180922,0.9402832179581363,0.047685439372266034,127,fit
empirical,"KDE, Variable",w1_cv,boosted,n,0.11645863199260273,0.04408907860468807,0.81785441615851,0.04085412809436336,127,fit
empirical,"KDE, Variable",w1_cv,boosted,coeffvar,0.07696054269455738,0.036266253243026056,0.81785441615851,0.04085412809436336,127,fit
empirical,"KDE, Variable",w1_cv,boosted,coeffvar_uw,0.10320306489006617,0.052554752227400955,0.81785441615851,0.04085412809436336,127,fit
empirical,"KDE, Variable",w1_cv,boosted,skewness,-0.0012684614040750451,0.0038907783474362075,0.81785441615851,0.04085412809436336,127,fit
empirical,"KDE, Variable",w1_cv,boosted,skewness_uw,0.0011760316028949446,0.002352063205789889,0.81785441615851,0.04085412809436336,127,fit
empirical,"KDE, Variable",w1_cv,boosted,kurtosis,0.005445648788230296,0.0052984572265594,0.81785441615851,0.04085412809436336,127,fit
empirical,"KDE, Variable",w1_cv,boosted,kurtosis_uw,-0.002434543168888599,0.003638126565322802,0.81785441615851,0.04085412809436336,127,fit
empirical,"KDE, Variable",w1_cv,boosted,entropy,0.018150384299055067,0.031038006630406487,0.81785441615851,0.04085412809436336,127,fit
empirical,"KDE, Variable",w1_cv,boosted,entropy_uw,0.16644470151025206,0.06372983110562089,0.81785441615851,0.04085412809436336,127,fit
empirical,"KDE, Variable",w1_cv,boosted,crit_bw_1,0.010985206767891784,0.012202060046977633,0.81785441615851,0.04085412809436336,127,fit
empirical,"KDE, Variable",w1_cv,boosted,crit_bw_1_uw,0.002934210918236631,0.0037891497997544674,0.81785441615851,0.04085412809436336,127,fit
empirical,"KDE, Variable",w1_cv,boosted,modality_index,0.006732619143421439,0.004372586543381577,0.81785441615851,0.04085412809436336,127,fit
empirical,"KDE, Variable",w1_cv,boosted,modality_index_uw,0.001371340623461157,0.00182658308878767,0.81785441615851,0.04085412809436336,127,fit
empirical,"KDE, Variable",w1_cv,boosted,fit_norm_SF,-0.0019296150598863558,0.004171851686771847,0.81785441615851,0.04085412809436336,127,fit
empirical,"KDE, Variable",w1_cv,boosted,fit_norm_SF_uw,0.00574529350052932,0.007637667363524169,0.81785441615851,0.04085412809436336,127,fit
empirical,"KDE, Variable",w1_cv,boosted,fit_lognorm_SF,0.01970151710174107,0.01234724421092261,0.81785441615851,0.04085412809436336,127,fit
empirical,"KDE, Variable",w1_cv,boosted,fit_lognorm_SF_uw,0.00033535910117650665,0.0010779073524868259,0.81785441615851,0.04085412809436336,127,fit
empirical,"KDE, Variable",w1_cv,boosted,weight_outliers,-0.0020803521372231627,0.0039570454392722845,0.81785441615851,0.04085412809436336,127,fit
empirical,"KDE, Variable",w1_cv,boosted,weight_outliers_uw,-0.003007779198814926,0.005322879134614593,0.81785441615851,0.04085412809436336,127,fit
empirical,"KDE, Variable",w1_cv,boosted,mean,0.01711194033943582,0.013212891512660776,0.81785441615851,0.04085412809436336,127,fit
empirical,"KDE, Variable",w1_cv,boosted,w_v_uw_wasserstein,0.015357789657848116,0.00925284558278741,0.81785441615851,0.04085412809436336,127,fit
empirical,"KDE, Variable",w1_cv,boosted,modes_fitted,0.0,0.0,0.81785441615851,0.04085412809436336,127,fit
empirical,"KDE, Variable",w1_cv,boosted,modes_scipy_default,0.0,0.0,0.81785441615851,0.04085412809436336,127,fit
empirical,"KDE, Variable",w1_cv,boosted,modality_index_fitted,0.014259291874290791,0.012361166140536745,0.81785441615851,0.04085412809436336,127,fit
empirical,"KDE, Variable",w1_cv,boosted,modality_index_fitted_uw,0.0011024909129182792,0.002951764948729344,0.81785441615851,0.04085412809436336,127,fit
synthetic,"Normal, Uniform",w1_market,additive,n,0.11981487683498045,0.01719012206875252,0.7924059609789509,0.013877452197592526,10000,fit
synthetic,"Normal, Uniform",w1_market,additive,coeffvar,0.027901978539744222,0.015262758920950805,0.7924059609789509,0.013877452197592526,10000,fit
synthetic,"Normal, Uniform",w1_market,additive,coeffvar_uw,0.8445456343041208,0.08851675477232918,0.7924059609789509,0.013877452197592526,10000,fit
synthetic,"Normal, Uniform",w1_market,additive,skewness,0.003655955195858962,0.0014950401330604203,0.7924059609789509,0.013877452197592526,10000,fit
synthetic,"Normal, Uniform",w1_market,additive,skewness_uw,0.29198882121797964,0.1509987947266336,0.7924059609789509,0.013877452197592526,10000,fit
synthetic,"Normal, Uniform",w1_market,additive,kurtosis,0.011194738945405,0.004376355674613267,0.7924059609789509,0.013877452197592526,10000,fit
synthetic,"Normal, Uniform",w1_market,additive,kurtosis_uw,0.2870527218833784,0.12831069250334406,0.7924059609789509,0.013877452197592526,10000,fit
synthetic,"Normal, Uniform",w1_market,additive,entropy,0.4181657020550012,0.026202924285120912,0.7924059609789509,0.013877452197592526,10000,fit
synthetic,"Normal, Uniform",w1_market,additive,entropy_uw,0.040344032843593454,0.02061555120289579,0.7924059609789509,0.013877452197592526,10000,fit
synthetic,"Normal, Uniform",w1_market,additive,crit_bw_1,0.0015510714437039553,0.0012644886618721214,0.7924059609789509,0.013877452197592526,10000,fit
synthetic,"Normal, Uniform",w1_market,additive,crit_bw_1_uw,0.0012093393398871254,0.0005330055571168669,0.7924059609789509,0.013877452197592526,10000,fit
synthetic,"Normal, Uniform",w1_market,additive,modality_index,0.001032821424194268,0.00025865612953914835,0.7924059609789509,0.013877452197592526,10000,fit
synthetic,"Normal, Uniform",w1_market,additive,modality_index_uw,0.00013445684004673275,0.00010641264719284535,0.7924059609789509,0.013877452197592526,10000,fit
synthetic,"Normal, Uniform",w1_market,additive,fit_norm_SF,0.013264145419992532,0.004503736399366527,0.7924059609789509,0.013877452197592526,10000,fit
synthetic,"Normal, Uniform",w1_market,additive,fit_norm_SF_uw,0.004624119984517794,0.0022952447971649726,0.7924059609789509,0.013877452197592526,10000,fit
synthetic,"Normal, Uniform",w1_market,additive,fit_lognorm_SF,0.002954420897159569,0.0010969364519114817,0.7924059609789509,0.013877452197592526,10000,fit
synthetic,"Normal, Uniform",w1_market,additive,fit_lognorm_SF_uw,0.0011605099129409768,0.0009636377822802612,0.7924059609789509,0.013877452197592526,10000,fit
synthetic,"Normal, Uniform",w1_market,additive,weight_outliers,8.954817917111279e-05,0.0005684578878558954,0.7924059609789509,0.013877452197592526,10000,fit
synthetic,"Normal, Uniform",w1_market,additive,weight_outliers_uw,0.007808458032527346,0.0009084718238855383,0.7924059609789509,0.013877452197592526,10000,fit
synthetic,"Normal, Uniform",w1_market,additive,mean,0.006160964392834263,0.0014811253843909702,0.7924059609789509,0.013877452197592526,10000,fit
synthetic,"Normal, Uniform",w1_market,additive,w_v_uw_wasserstein,0.03287633758260104,0.006718756156694034,0.7924059609789509,0.013877452197592526,10000,fit
synthetic,"Normal, Uniform",w1_market,additive,modes_fitted,0.0010101389583110642,0.0005749684231500528,0.7924059609789509,0.013877452197592526,10000,fit
synthetic,"Normal, Uniform",w1_market,additive,modes_scipy_default,0.0005770071011183697,0.00033424337705743884,0.7924059609789509,0.013877452197592526,10000,fit
synthetic,"Normal, Uniform",w1_market,additive,modality_index_fitted,0.000748654728546294,0.0004673983373606912,0.7924059609789509,0.013877452197592526,10000,fit
synthetic,"Normal, Uniform",w1_market,additive,modality_index_fitted_uw,0.002104689226544669,0.0008565964302147308,0.7924059609789509,0.013877452197592526,10000,fit
synthetic,"Normal, Uniform",w1_market,boosted,n,0.010615873003334332,0.0033358856972600147,0.8198101807632968,0.006950773699985963,10000,fit
synthetic,"Normal, Uniform",w1_market,boosted,coeffvar,0.01764616464691479,0.0024828318241516207,0.8198101807632968,0.006950773699985963,10000,fit
synthetic,"Normal, Uniform",w1_market,boosted,coeffvar_uw,0.9442930026646961,0.02666699142002004,0.8198101807632968,0.006950773699985963,10000,fit
synthetic,"Normal, Uniform",w1_market,boosted,skewness,-0.00011597832076990721,0.0005773619393174437,0.8198101807632968,0.006950773699985963,10000,fit
synthetic,"Normal, Uniform",w1_market,boosted,skewness_uw,-0.0003918184097415822,0.0007093429023725223,0.8198101807632968,0.006950773699985963,10000,fit
synthetic,"Normal, Uniform",w1_market,boosted,kurtosis,0.0011161050804168314,0.0013484089035963624,0.8198101807632968,0.006950773699985963,10000,fit
synthetic,"Normal, Uniform",w1_market,boosted,kurtosis_uw,0.002833660911451588,0.0018848922353820181,0.8198101807632968,0.006950773699985963,10000,fit
synthetic,"Normal, Uniform",w1_market,boosted,entropy,0.07217649343552528,0.009838432511111087,0.8198101807632968,0.006950773699985963,10000,fit
synthetic,"Normal, Uniform",w1_market,boosted,entropy_uw,0.021820638689770966,0.004782118287095287,0.8198101807632968,0.006950773699985963,10000,fit
synthetic,"Normal, Uniform",w1_market,boosted,crit_bw_1,0.00038916414996411844,0.0010100432914401547,0.8198101807632968,0.006950773699985963,10000,fit
synthetic,"Normal, Uniform",w1_market,boosted,crit_bw_1_uw,0.0007488865400491141,0.0003869572785752532,0.8198101807632968,0.006950773699985963,10000,fit
synthetic,"Normal, Uniform",w1_market,boosted,modality_index,4.396467952539895e-05,0.00015334169402085262,0.8198101807632968,0.006950773699985963,10000,fit
synthetic,"Normal, Uniform",w1_market,boosted,modality_index_uw,-8.53578173677727e-05,0.00011710252613484174,0.8198101807632968,0.006950773699985963,10000,fit
synthetic,"Normal, Uniform",w1_market,boosted,fit_norm_SF,0.01056042513393902,0.0014690198000532509,0.8198101807632968,0.006950773699985963,10000,fit
synthetic,"Normal, Uniform",w1_market,boosted,fit_norm_SF_uw,0.00044348770576580377,0.0004272591606779111,0.8198101807632968,0.006950773699985963,10000,fit
synthetic,"Normal, Uniform",w1_market,boosted,fit_lognorm_SF,0.0004111872363735514,0.00036345167577274884,0.8198101807632968,0.006950773699985963,10000,fit
synthetic,"Normal, Uniform",w1_market,boosted,fit_lognorm_SF_uw,-1.4500295518007326e-05,0.0008717831462131542,0.8198101807632968,0.006950773699985963,10000,fit
synthetic,"Normal, Uniform",w1_market,boosted,weight_outliers,0.0009486495338832501,0.00030549788330883347,0.8198101807632968,0.006950773699985963,10000,fit
synthetic,"Normal, Uniform",w1_market,boosted,weight_outliers_uw,0.0016325940846984486,0.0008880077641625418,0.8198101807632968,0.006950773699985963,10000,fit
synthetic,"Normal, Uniform",w1_market,boosted,mean,0.020594177590744254,0.0013377589249463407,0.8198101807632968,0.006950773699985963,10000,fit
synthetic,"Normal, Uniform",w1_market,boosted,w_v_uw_wasserstein,0.06160313643391703,0.008257826182832,0.8198101807632968,0.006950773699985963,10000,fit
synthetic,"Normal, Uniform",w1_market,boosted,modes_fitted,-3.489436574952264e-05,0.00023312463879693757,0.8198101807632968,0.006950773699985963,10000,fit
synthetic,"Normal, Uniform",w1_market,boosted,modes_scipy_default,-5.975863142275717e-06,1.1951726284551434e-05,0.8198101807632968,0.006950773699985963,10000,fit
synthetic,"Normal, Uniform",w1_market,boosted,modality_index_fitted,-0.00012461954608098403,0.00039723814069126393,0.8198101807632968,0.006950773699985963,10000,fit
synthetic,"Normal, Uniform",w1_market,boosted,modality_index_fitted_uw,-6.602406866220933e-05,0.00048547775814789467,0.8198101807632968,0.006950773699985963,10000,fit
synthetic,"Normal, Variable",w1_market,additive,n,0.029698877668351102,0.009500631174049763,0.8107170347229676,0.01658273540319559,10000,fit
synthetic,"Normal, Variable",w1_market,additive,coeffvar,0.3752559669534784,0.02245317014065855,0.8107170347229676,0.01658273540319559,10000,fit
synthetic,"Normal, Variable",w1_market,additive,coeffvar_uw,0.2315815616043356,0.02016741960652237,0.8107170347229676,0.01658273540319559,10000,fit
synthetic,"Normal, Variable",w1_market,additive,skewness,0.010839109195838848,0.0037766682512292366,0.8107170347229676,0.01658273540319559,10000,fit
synthetic,"Normal, Variable",w1_market,additive,skewness_uw,0.24217410306974707,0.13865475784161646,0.8107170347229676,0.01658273540319559,10000,fit
synthetic,"Normal, Variable",w1_market,additive,kurtosis,0.007750248870864121,0.002662831185881526,0.8107170347229676,0.01658273540319559,10000,fit
synthetic,"Normal, Variable",w1_market,additive,kurtosis_uw,0.12202602858561347,0.07121390264428722,0.8107170347229676,0.01658273540319559,10000,fit
synthetic,"Normal, Variable",w1_market,additive,entropy,0.3007899295734533,0.04574587524615168,0.8107170347229676,0.01658273540319559,10000,fit
synthetic,"Normal, Variable",w1_market,additive,entropy_uw,0.03445074794046951,0.00635802896290159,0.8107170347229676,0.01658273540319559,10000,fit
synthetic,"Normal, Variable",w1_market,additive,crit_bw_1,0.016399820522000293,0.003729430646294764,0.8107170347229676,0.01658273540319559,10000,fit
synthetic,"Normal, Variable",w1_market,additive,crit_bw_1_uw,0.0034285893852666256,0.0005213405008320154,0.8107170347229676,0.01658273540319559,10000,fit
synthetic,"Normal, Variable",w1_market,additive,modality_index,-1.8985242619051777e-06,4.2043300716223065e-05,0.8107170347229676,0.01658273540319559,10000,fit
synthetic,"Normal, Variable",w1_market,additive,modality_index_uw,0.000852565737067601,0.00027294524862104354,0.8107170347229676,0.01658273540319559,10000,fit
synthetic,"Normal, Variable",w1_market,additive,fit_norm_SF,0.030162094768485925,0.0074826205981499945,0.8107170347229676,0.01658273540319559,10000,fit
synthetic,"Normal, Variable",w1_market,additive,fit_norm_SF_uw,0.011440129124538886,0.00914495719051912,0.8107170347229676,0.01658273540319559,10000,fit
synthetic,"Normal, Variable",w1_market,additive,fit_lognorm_SF,0.006631003498580382,0.0020263865078070545,0.8107170347229676,0.01658273540319559,10000,fit
synthetic,"Normal, Variable",w1_market,additive,fit_lognorm_SF_uw,0.005048614098283566,0.0014709025743937117,0.8107170347229676,0.01658273540319559,10000,fit
synthetic,"Normal, Variable",w1_market,additive,weight_outliers,0.0003548599777581196,0.00023341721786396328,0.8107170347229676,0.01658273540319559,10000,fit
synthetic,"Normal, Variable",w1_market,additive,weight_outliers_uw,0.004684450071792257,0.0009374772183333892,0.8107170347229676,0.01658273540319559,10000,fit
synthetic,"Normal, Variable",w1_market,additive,mean,0.13308210324050979,0.010889215583241608,0.8107170347229676,0.01658273540319559,10000,fit
synthetic,"Normal, Variable",w1_market,additive,w_v_uw_wasserstein,0.00703709708974966,0.002314088533063864,0.8107170347229676,0.01658273540319559,10000,fit
synthetic,"Normal, Variable",w1_market,additive,modes_fitted,-6.0103705195972964e-05,0.00023351357637429025,0.8107170347229676,0.01658273540319559,10000,fit
synthetic,"Normal, Variable",w1_market,additive,modes_scipy_default,9.848471730460329e-05,6.660710567241341e-05,0.8107170347229676,0.01658273540319559,10000,fit
synthetic,"Normal, Variable",w1_market,additive,modality_index_fitted,0.0003813312130378232,0.00018409364494785193,0.8107170347229676,0.01658273540319559,10000,fit
synthetic,"Normal, Variable",w1_market,additive,modality_index_fitted_uw,0.004553823401792263,0.001600659913987986,0.8107170347229676,0.01658273540319559,10000,fit
synthetic,"Normal, Variable",w1_market,boosted,n,0.01348117735882511,0.006627010800859857,0.8382015421928019,0.002121934948024119,10000,fit
synthetic,"Normal, Variable",w1_market,boosted,coeffvar,0.2013689869064886,0.014546166856194235,0.8382015421928019,0.002121934948024119,10000,fit
synthetic,"Normal, Variable",w1_market,boosted,coeffvar_uw,0.6866738052283637,0.022520471890503633,0.8382015421928019,0.002121934948024119,10000,fit
synthetic,"Normal, Variable",w1_market,boosted,skewness,0.00017789603239427133,0.0005682432269503973,0.8382015421928019,0.002121934948024119,10000,fit
synthetic,"Normal, Variable",w1_market,boosted,skewness_uw,-0.0001691978700294783,0.0006063197142462158,0.8382015421928019,0.002121934948024119,10000,fit
synthetic,"Normal, Variable",w1_market,boosted,kurtosis,0.003905925994100776,0.00174312454173406,0.8382015421928019,0.002121934948024119,10000,fit
synthetic,"Normal, Variable",w1_market,boosted,kurtosis_uw,0.0012868326370326733,0.0004739574777256267,0.8382015421928019,0.002121934948024119,10000,fit
synthetic,"Normal, Variable",w1_market,boosted,entropy,0.10838066536967131,0.01974447287687071,0.8382015421928019,0.002121934948024119,10000,fit
synthetic,"Normal, Variable",w1_market,boosted,entropy_uw,0.09039023189045858,0.016173697022331977,0.8382015421928019,0.002121934948024119,10000,fit
synthetic,"Normal, Variable",w1_market,boosted,crit_bw_1,0.0017235245108640786,0.001093307845224237,0.8382015421928019,0.002121934948024119,10000,fit
synthetic,"Normal, Variable",w1_market,boosted,crit_bw_1_uw,0.0007489408602044434,0.0002670732904615307,0.8382015421928019,0.002121934948024119,10000,fit
synthetic,"Normal, Variable",w1_market,boosted,modality_index,0.0005356302318608241,0.00014659419304625636,0.8382015421928019,0.002121934948024119,10000,fit
synthetic,"Normal, Variable",w1_market,boosted,modality_index_uw,0.00030445982835055404,0.0003914514848114544,0.8382015421928019,0.002121934948024119,10000,fit
synthetic,"Normal, Variable",w1_market,boosted,fit_norm_SF,0.008764108372019734,0.002222628257015584,0.8382015421928019,0.002121934948024119,10000,fit
synthetic,"Normal, Variable",w1_market,boosted,fit_norm_SF_uw,0.0013135470425763261,0.0004517617116997654,0.8382015421928019,0.002121934948024119,10000,fit
synthetic,"Normal, Variable",w1_market,boosted,fit_lognorm_SF,0.0005400985110577893,0.000702183425174464,0.8382015421928019,0.002121934948024119,10000,fit
synthetic,"Normal, Variable",w1_market,boosted,fit_lognorm_SF_uw,0.0001775713276457935,0.0004094521368576988,0.8382015421928019,0.002121934948024119,10000,fit
synthetic,"Normal, Variable",w1_market,boosted,weight_outliers,0.001498412110858307,0.0004077695296284533,0.8382015421928019,0.002121934948024119,10000,fit
synthetic,"Normal, Variable",w1_market,boosted,weight_outliers_uw,0.0007161320864712328,0.00032591438933511765,0.8382015421928019,0.002121934948024119,10000,fit
synthetic,"Normal, Variable",w1_market,boosted,mean,0.058978545923751825,0.00805328427015184,0.8382015421928019,0.002121934948024119,10000,fit
synthetic,"Normal, Variable",w1_market,boosted,w_v_uw_wasserstein,0.004609589040115625,0.0008018455481010144,0.8382015421928019,0.002121934948024119,10000,fit
synthetic,"Normal, Variable",w1_market,boosted,modes_fitted,0.00011432143055215338,0.00018621827524998864,0.8382015421928019,0.002121934948024119,10000,fit
synthetic,"Normal, Variable",w1_market,boosted,modes_scipy_default,0.00011150498807573684,7.682450902772757e-05,0.8382015421928019,0.002121934948024119,10000,fit
synthetic,"Normal, Variable",w1_market,boosted,modality_index_fitted,0.00022437031893486338,0.000477153759090409,0.8382015421928019,0.002121934948024119,10000,fit
synthetic,"Normal, Variable",w1_market,boosted,modality_index_fitted_uw,0.0001947690900191557,0.00022794222653364367,0.8382015421928019,0.002121934948024119,10000,fit
synthetic,"Lognormal, Uniform",w1_market,additive,n,0.12755530903536308,0.029078822854309405,0.7082592122872249,0.009679229708355526,10000,fit
synthetic,"Lognormal, Uniform",w1_market,additive,coeffvar,0.008477436403075396,0.003451237311371365,0.7082592122872249,0.009679229708355526,10000,fit
synthetic,"Lognormal, Uniform",w1_market,additive,coeffvar_uw,0.15746238699290332,0.015865863691142054,0.7082592122872249,0.009679229708355526,10000,fit
synthetic,"Lognormal, Uniform",w1_market,additive,skewness,0.0026303730749843183,0.001775439345733507,0.7082592122872249,0.009679229708355526,10000,fit
synthetic,"Lognormal, Uniform",w1_market,additive,skewness_uw,-0.0001848701973870237,0.0002698252221008806,0.7082592122872249,0.009679229708355526,10000,fit
synthetic,"Lognormal, Uniform",w1_market,additive,kurtosis,0.0031219383445174123,0.0009009215372019872,0.7082592122872249,0.009679229708355526,10000,fit
synthetic,"Lognormal, Uniform",w1_market,additive,kurtosis_uw,0.004081253372666312,0.0011013271005692346,0.7082592122872249,0.009679229708355526,10000,fit
synthetic,"Lognormal, Uniform",w1_market,additive,entropy,0.11753801785571916,0.013314447391583089,0.7082592122872249,0.009679229708355526,10000,fit
synthetic,"Lognormal, Uniform",w1_market,additive,entropy_uw,0.002454815866172748,0.002955525354657671,0.7082592122872249,0.009679229708355526,10000,fit
synthetic,"Lognormal, Uniform",w1_market,additive,crit_bw_1,0.005659331796500171,0.0023447802434989457,0.7082592122872249,0.009679229708355526,10000,fit
synthetic,"Lognormal, Uniform",w1_market,additive,crit_bw_1_uw,0.0014364253718701825,0.0011472901346649919,0.7082592122872249,0.009679229708355526,10000,fit
synthetic,"Lognormal, Uniform",w1_market,additive,modality_index,0.0008977861300342238,0.0005137089436681404,0.7082592122872249,0.009679229708355526,10000,fit
synthetic,"Lognormal, Uniform",w1_market,additive,modality_index_uw,9.118917559307828e-05,0.00018004580981544866,0.7082592122872249,0.009679229708355526,10000,fit
synthetic,"Lognormal, Uniform",w1_market,additive,fit_norm_SF,0.005283149261320272,0.0009460654261951889,0.7082592122872249,0.009679229708355526,10000,fit
synthetic,"Lognormal, Uniform",w1_market,additive,fit_norm_SF_uw,0.00185253923407791,0.0007390866681361714,0.7082592122872249,0.009679229708355526,10000,fit
synthetic,"Lognormal, Uniform",w1_market,additive,fit_lognorm_SF,0.0002442246674117743,0.0001895527185227761,0.7082592122872249,0.009679229708355526,10000,fit
synthetic,"Lognormal, Uniform",w1_market,additive,fit_lognorm_SF_uw,0.001068865787376827,0.0011409734532695514,0.7082592122872249,0.009679229708355526,10000,fit
synthetic,"Lognormal, Uniform",w1_market,additive,weight_outliers,0.002843838649583583,0.0012118166028746039,0.7082592122872249,0.009679229708355526,10000,fit
synthetic,"Lognormal, Uniform",w1_market,additive,weight_outliers_uw,0.008731239763119084,0.0020398050175898922,0.7082592122872249,0.009679229708355526,10000,fit
synthetic,"Lognormal, Uniform",w1_market,additive,mean,0.005903507163977173,0.0014534957494858254,0.7082592122872249,0.009679229708355526,10000,fit
synthetic,"Lognormal, Uniform",w1_market,additive,w_v_uw_wasserstein,0.47730593934986426,0.010278534519686409,0.7082592122872249,0.009679229708355526,10000,fit
synthetic,"Lognormal, Uniform",w1_market,additive,modes_fitted,8.989612905341281e-06,1.8130625212364662e-05,0.7082592122872249,0.009679229708355526,10000,fit
synthetic,"Lognormal, Uniform",w1_market,additive,modes_scipy_default,0.0006027118592013525,0.00042475409521499453,0.7082592122872249,0.009679229708355526,10000,fit
synthetic,"Lognormal, Uniform",w1_market,additive,modality_index_fitted,0.00011462933222769589,0.0003140354313132409,0.7082592122872249,0.009679229708355526,10000,fit
synthetic,"Lognormal, Uniform",w1_market,additive,modality_index_fitted_uw,-5.172645044382312e-06,0.00014407561252922904,0.7082592122872249,0.009679229708355526,10000,fit
synthetic,"Lognormal, Uniform",w1_market,boosted,n,0.02739372954753626,0.007108721972369594,0.7403559145776241,0.017036189275262213,10000,fit
synthetic,"Lognormal, Uniform",w1_market,boosted,coeffvar,0.005869143425355219,0.0020788655730944287,0.7403559145776241,0.017036189275262213,10000,fit
synthetic,"Lognormal, Uniform",w1_market,boosted,coeffvar_uw,0.13535565956427453,0.009347615233168835,0.7403559145776241,0.017036189275262213,10000,fit
synthetic,"Lognormal, Uniform",w1_market,boosted,skewness,-0.00040098517184552487,0.00047678204806249656,0.7403559145776241,0.017036189275262213,10000,fit
synthetic,"Lognormal, Uniform",w1_market,boosted,skewness_uw,0.000482421906052728,0.0004099380327436286,0.7403559145776241,0.017036189275262213,10000,fit
synthetic,"Lognormal, Uniform",w1_market,boosted,kurtosis,0.003701946655585664,0.0002864813471072408,0.7403559145776241,0.017036189275262213,10000,fit
synthetic,"Lognormal, Uniform",w1_market,boosted,kurtosis_uw,0.020099641123463213,0.004206229121181812,0.7403559145776241,0.017036189275262213,10000,fit
synthetic,"Lognormal, Uniform",w1_market,boosted,entropy,0.012098178883972183,0.0024014308107213663,0.7403559145776241,0.017036189275262213,10000,fit
synthetic,"Lognormal, Uniform",w1_market,boosted,entropy_uw,0.059526763974786824,0.008167667922478103,0.7403559145776241,0.017036189275262213,10000,fit
synthetic,"Lognormal, Uniform",w1_market,boosted,crit_bw_1,0.0011930495114586613,0.000734669898357368,0.7403559145776241,0.017036189275262213,10000,fit
synthetic,"Lognormal, Uniform",w1_market,boosted,crit_bw_1_uw,0.0003334637949342101,0.0002902554240904984,0.7403559145776241,0.017036189275262213,10000,fit
synthetic,"Lognormal, Uniform",w1_market,boosted,modality_index,0.0006307440428756927,0.0006967857646881311,0.7403559145776241,0.017036189275262213,10000,fit
synthetic,"Lognormal, Uniform",w1_market,boosted,modality_index_uw,0.0008506025137402883,0.0003770722339199924,0.7403559145776241,0.017036189275262213,10000,fit
synthetic,"Lognormal, Uniform",w1_market,boosted,fit_norm_SF,0.0014240584804027256,0.0012914656280719429,0.7403559145776241,0.017036189275262213,10000,fit
synthetic,"Lognormal, Uniform",w1_market,boosted,fit_norm_SF_uw,0.0008049281561246846,0.0009942666230338651,0.7403559145776241,0.017036189275262213,10000,fit
synthetic,"Lognormal, Uniform",w1_market,boosted,fit_lognorm_SF,0.001621630859562824,0.0006938278805868914,0.7403559145776241,0.017036189275262213,10000,fit
synthetic,"Lognormal, Uniform",w1_market,boosted,fit_lognorm_SF_uw,0.0005431673460492538,0.0006297164571217764,0.7403559145776241,0.017036189275262213,10000,fit
synthetic,"Lognormal, Uniform",w1_market,boosted,weight_outliers,0.006054605409015898,0.001829682306817199,0.7403559145776241,0.017036189275262213,10000,fit
synthetic,"Lognormal, Uniform",w1_market,boosted,weight_outliers_uw,0.003027483784594689,0.0016197292951342195,0.7403559145776241,0.017036189275262213,10000,fit
synthetic,"Lognormal, Uniform",w1_market,boosted,mean,0.001154728981273363,0.0006266808301573654,0.7403559145776241,0.017036189275262213,10000,fit
synthetic,"Lognormal, Uniform",w1_market,boosted,w_v_uw_wasserstein,0.6705961656709869,0.01915878494433455,0.7403559145776241,0.017036189275262213,10000,fit
synthetic,"Lognormal, Uniform",w1_market,boosted,modes_fitted,0.0004990308081986505,0.0004221790151587724,0.7403559145776241,0.017036189275262213,10000,fit
synthetic,"Lognormal, Uniform",w1_market,boosted,modes_scipy_default,0.0015403251868454616,0.0007297620517574812,0.7403559145776241,0.017036189275262213,10000,fit
synthetic,"Lognormal, Uniform",w1_market,boosted,modality_index_fitted,0.0006185549881429119,0.0007203880977093046,0.7403559145776241,0.017036189275262213,10000,fit
synthetic,"Lognormal, Uniform",w1_market,boosted,modality_index_fitted_uw,0.00017035375802056276,0.00022379776397780124,0.7403559145776241,0.017036189275262213,10000,fit
synthetic,"Lognormal, Variable",w1_market,additive,n,0.056320305745776164,0.008991756243746502,0.7659385113150667,0.00573479906945898,10000,fit
synthetic,"Lognormal, Variable",w1_market,additive,coeffvar,0.07679193477898222,0.0124778608800955,0.7659385113150667,0.00573479906945898,10000,fit
synthetic,"Lognormal, Variable",w1_market,additive,coeffvar_uw,0.21772124453047317,0.017584077022304686,0.7659385113150667,0.00573479906945898,10000,fit
synthetic,"Lognormal, Variable",w1_market,additive,skewness,0.007931405697552959,0.0020258193972013377,0.7659385113150667,0.00573479906945898,10000,fit
synthetic,"Lognormal, Variable",w1_market,additive,skewness_uw,0.0021562947129089884,0.0013049540319314279,0.7659385113150667,0.00573479906945898,10000,fit
synthetic,"Lognormal, Variable",w1_market,additive,kurtosis,0.0011524537508469177,0.0012711586761733537,0.7659385113150667,0.00573479906945898,10000,fit
synthetic,"Lognormal, Variable",w1_market,additive,kurtosis_uw,0.0004501424489698036,0.0003965391532195666,0.7659385113150667,0.00573479906945898,10000,fit
synthetic,"Lognormal, Variable",w1_market,additive,entropy,0.3414068665862565,0.05406822650202306,0.7659385113150667,0.00573479906945898,10000,fit
synthetic,"Lognormal, Variable",w1_market,additive,entropy_uw,0.021450958655955994,0.01103561937369237,0.7659385113150667,0.00573479906945898,10000,fit
synthetic,"Lognormal, Variable",w1_market,additive,crit_bw_1,0.012609633965531056,0.0016915444810666565,0.7659385113150667,0.00573479906945898,10000,fit
synthetic,"Lognormal, Variable",w1_market,additive,crit_bw_1_uw,0.004847126549340393,0.0015110928095635498,0.7659385113150667,0.00573479906945898,10000,fit
synthetic,"Lognormal, Variable",w1_market,additive,modality_index,0.0012212503928080197,0.000648401873945918,0.7659385113150667,0.00573479906945898,10000,fit
synthetic,"Lognormal, Variable",w1_market,additive,modality_index_uw,0.0003628058190169092,0.00021671173002370782,0.7659385113150667,0.00573479906945898,10000,fit
synthetic,"Lognormal, Variable",w1_market,additive,fit_norm_SF,0.0001505845544916995,0.000311671491420833,0.7659385113150667,0.00573479906945898,10000,fit
synthetic,"Lognormal, Variable",w1_market,additive,fit_norm_SF_uw,0.0017235691500968487,0.0015020260290629479,0.7659385113150667,0.00573479906945898,10000,fit
synthetic,"Lognormal, Variable",w1_market,additive,fit_lognorm_SF,-8.99911165300216e-05,0.0004755299394672864,0.7659385113150667,0.00573479906945898,10000,fit
synthetic,"Lognormal, Variable",w1_market,additive,fit_lognorm_SF_uw,0.0011763843230492088,0.001014231238520061,0.7659385113150667,0.00573479906945898,10000,fit
synthetic,"Lognormal, Variable",w1_market,additive,weight_outliers,0.002790037337962967,0.0007127517795908436,0.7659385113150667,0.00573479906945898,10000,fit
synthetic,"Lognormal, Variable",w1_market,additive,weight_outliers_uw,0.006381484772403729,0.0015730495739048839,0.7659385113150667,0.00573479906945898,10000,fit
synthetic,"Lognormal, Variable",w1_market,additive,mean,0.07233528581746695,0.011635025488205365,0.7659385113150667,0.00573479906945898,10000,fit
synthetic,"Lognormal, Variable",w1_market,additive,w_v_uw_wasserstein,0.025659514988445202,0.003864635536035735,0.7659385113150667,0.00573479906945898,10000,fit
synthetic,"Lognormal, Variable",w1_market,additive,modes_fitted,6.354687730860897e-05,9.793197033526675e-05,0.7659385113150667,0.00573479906945898,10000,fit
synthetic,"Lognormal, Variable",w1_market,additive,modes_scipy_default,3.086463950369156e-05,0.00010847132987296632,0.7659385113150667,0.00573479906945898,10000,fit
synthetic,"Lognormal, Variable",w1_market,additive,modality_index_fitted,0.0013513216161987773,0.000696462937173252,0.7659385113150667,0.00573479906945898,10000,fit
synthetic,"Lognormal, Variable",w1_market,additive,modality_index_fitted_uw,0.0001769936034013275,0.00019417808093751197,0.7659385113150667,0.00573479906945898,10000,fit
synthetic,"Lognormal, Variable",w1_market,boosted,n,0.08762869072604522,0.014288003381392416,0.7813123197172951,0.01082881906357743,10000,fit
synthetic,"Lognormal, Variable",w1_market,boosted,coeffvar,0.026174701555232098,0.00591382610518783,0.7813123197172951,0.01082881906357743,10000,fit
synthetic,"Lognormal, Variable",w1_market,boosted,coeffvar_uw,0.2445770039120335,0.02490766195394812,0.7813123197172951,0.01082881906357743,10000,fit
synthetic,"Lognormal, Variable",w1_market,boosted,skewness,0.0006682435106406292,0.0005854408395030422,0.7813123197172951,0.01082881906357743,10000,fit
synthetic,"Lognormal, Variable",w1_market,boosted,skewness_uw,0.0002704235426887647,0.0004089214401206586,0.7813123197172951,0.01082881906357743,10000,fit
synthetic,"Lognormal, Variable",w1_market,boosted,kurtosis,0.005023248688941657,0.0017317283311491264,0.7813123197172951,0.01082881906357743,10000,fit
synthetic,"Lognormal, Variable",w1_market,boosted,kurtosis_uw,0.0024188344409900543,0.0007304763118788956,0.7813123197172951,0.01082881906357743,10000,fit
synthetic,"Lognormal, Variable",w1_market,boosted,entropy,0.19436480020674307,0.014866805864101901,0.7813123197172951,0.01082881906357743,10000,fit
synthetic,"Lognormal, Variable",w1_market,boosted,entropy_uw,0.03575779658241399,0.010588401012361543,0.7813123197172951,0.01082881906357743,10000,fit
synthetic,"Lognormal, Variable",w1_market,boosted,crit_bw_1,0.0005075773170892738,0.00024001173702869493,0.7813123197172951,0.01082881906357743,10000,fit
synthetic,"Lognormal, Variable",w1_market,boosted,crit_bw_1_uw,0.000568091545712579,0.00032786152266621015,0.7813123197172951,0.01082881906357743,10000,fit
synthetic,"Lognormal, Variable",w1_market,boosted,modality_index,0.0003347113120665202,0.00025817450504610694,0.7813123197172951,0.01082881906357743,10000,fit
synthetic,"Lognormal, Variable",w1_market,boosted,modality_index_uw,9.169750377979735e-05,0.00016077546761849917,0.7813123197172951,0.01082881906357743,10000,fit
synthetic,"Lognormal, Variable",w1_market,boosted,fit_norm_SF,0.0011123175781862726,0.0003428886473527996,0.7813123197172951,0.01082881906357743,10000,fit
synthetic,"Lognormal, Variable",w1_market,boosted,fit_norm_SF_uw,0.0008101884122264071,0.0007999627491084155,0.7813123197172951,0.01082881906357743,10000,fit
synthetic,"Lognormal, Variable",w1_market,boosted,fit_lognorm_SF,0.0014981760233859108,0.0008993495992791711,0.7813123197172951,0.01082881906357743,10000,fit
synthetic,"Lognormal, Variable",w1_market,boosted,fit_lognorm_SF_uw,0.0009286990150689589,0.0005578163606040708,0.7813123197172951,0.01082881906357743,10000,fit
synthetic,"Lognormal, Variable",w1_market,boosted,weight_outliers,0.008025826426369087,0.0011601326991176953,0.7813123197172951,0.01082881906357743,10000,fit
synthetic,"Lognormal, Variable",w1_market,boosted,weight_outliers_uw,0.002861915691278274,0.0009214112718340177,0.7813123197172951,0.01082881906357743,10000,fit
synthetic,"Lognormal, Variable",w1_market,boosted,mean,0.031314946860406256,0.005612878383363454,0.7813123197172951,0.01082881906357743,10000,fit
synthetic,"Lognormal, Variable",w1_market,boosted,w_v_uw_wasserstein,0.07897743229461154,0.008635444652625158,0.7813123197172951,0.01082881906357743,10000,fit
synthetic,"Lognormal, Variable",w1_market,boosted,modes_fitted,-2.4270157198857904e-06,0.00011161601757944502,0.7813123197172951,0.01082881906357743,10000,fit
synthetic,"Lognormal, Variable",w1_market,boosted,modes_scipy_default,3.171345860969898e-05,8.517152547384788e-05,0.7813123197172951,0.01082881906357743,10000,fit
synthetic,"Lognormal, Variable",w1_market,boosted,modality_index_fitted,0.0033060153070685926,0.0005459664609612262,0.7813123197172951,0.01082881906357743,10000,fit
synthetic,"Lognormal, Variable",w1_market,boosted,modality_index_fitted_uw,0.0031076113897100348,0.0008220731585892742,0.7813123197172951,0.01082881906357743,10000,fit
synthetic,"KDE, Uniform",w1_market,additive,n,0.11420783373804759,0.04947599292005821,0.7927188482643046,0.002877109227417011,10000,fit
synthetic,"KDE, Uniform",w1_market,additive,coeffvar,0.004957585158690278,0.0024754168172994896,0.7927188482643046,0.002877109227417011,10000,fit
synthetic,"KDE, Uniform",w1_market,additive,coeffvar_uw,0.034810119170849634,0.00397292447785967,0.7927188482643046,0.002877109227417011,10000,fit
synthetic,"KDE, Uniform",w1_market,additive,skewness,0.0019200481164038607,0.0013672505764171618,0.7927188482643046,0.002877109227417011,10000,fit
synthetic,"KDE, Uniform",w1_market,additive,skewness_uw,-4.900319677174192e-05,0.00013141750797282525,0.7927188482643046,0.002877109227417011,10000,fit
synthetic,"KDE, Uniform",w1_market,additive,kurtosis,0.004069965691252292,0.0008741086692209869,0.7927188482643046,0.002877109227417011,10000,fit
synthetic,"KDE, Uniform",w1_market,additive,kurtosis_uw,0.0033638681493433006,0.0011858277103599796,0.7927188482643046,0.002877109227417011,10000,fit
synthetic,"KDE, Uniform",w1_market,additive,entropy,0.015525713652442527,0.002482014108704017,0.7927188482643046,0.002877109227417011,10000,fit
synthetic,"KDE, Uniform",w1_market,additive,entropy_uw,0.02110764336240613,0.01457716345153998,0.7927188482643046,0.002877109227417011,10000,fit
synthetic,"KDE, Uniform",w1_market,additive,crit_bw_1,0.0013876785040470054,0.00072174451169654,0.7927188482643046,0.002877109227417011,10000,fit
synthetic,"KDE, Uniform",w1_market,additive,crit_bw_1_uw,2.9943526485260998e-05,7.339009556914627e-05,0.7927188482643046,0.002877109227417011,10000,fit
synthetic,"KDE, Uniform",w1_market,additive,modality_index,2.2251630316592057e-05,9.100182298833956e-05,0.7927188482643046,0.002877109227417011,10000,fit
synthetic,"KDE, Uniform",w1_market,additive,modality_index_uw,-1.3509977298520321e-06,1.696897936627883e-05,0.7927188482643046,0.002877109227417011,10000,fit
synthetic,"KDE, Uniform",w1_market,additive,fit_norm_SF,0.007322381559650934,0.001326075505858809,0.7927188482643046,0.002877109227417011,10000,fit
synthetic,"KDE, Uniform",w1_market,additive,fit_norm_SF_uw,0.001336803042834376,0.0009663276988800616,0.7927188482643046,0.002877109227417011,10000,fit
synthetic,"KDE, Uniform",w1_market,additive,fit_lognorm_SF,-3.0459423165267724e-05,9.511229621551432e-05,0.7927188482643046,0.002877109227417011,10000,fit
synthetic,"KDE, Uniform",w1_market,additive,fit_lognorm_SF_uw,0.00042792399489985697,8.197075147389417e-05,0.7927188482643046,0.002877109227417011,10000,fit
synthetic,"KDE, Uniform",w1_market,additive,weight_outliers,0.0006648636249638606,0.00022785310083526934,0.7927188482643046,0.002877109227417011,10000,fit
synthetic,"KDE, Uniform",w1_market,additive,weight_outliers_uw,0.004007378526556109,0.0008544881494768261,0.7927188482643046,0.002877109227417011,10000,fit
synthetic,"KDE, Uniform",w1_market,additive,mean,0.0004380082995660972,0.00021527726316121116,0.7927188482643046,0.002877109227417011,10000,fit
synthetic,"KDE, Uniform",w1_market,additive,w_v_uw_wasserstein,0.8329872489639463,0.021853445860242446,0.7927188482643046,0.002877109227417011,10000,fit
synthetic,"KDE, Uniform",w1_market,additive,modes_fitted,5.060259994856597e-05,8.293588845014339e-05,0.7927188482643046,0.002877109227417011,10000,fit
synthetic,"KDE, Uniform",w1_market,additive,modes_scipy_default,0.0005457160279758156,0.0002031070501522595,0.7927188482643046,0.002877109227417011,10000,fit
synthetic,"KDE, Uniform",w1_market,additive,modality_index_fitted,0.00054496715146922,0.00023899245669794356,0.7927188482643046,0.002877109227417011,10000,fit
synthetic,"KDE, Uniform",w1_market,additive,modality_index_fitted_uw,0.00027528143778702944,0.0002614685257496892,0.7927188482643046,0.002877109227417011,10000,fit
synthetic,"KDE, Uniform",w1_market,boosted,n,0.05881594561079464,0.01883655335234105,0.8227494141556593,0.01068722949815054,10000,fit
synthetic,"KDE, Uniform",w1_market,boosted,coeffvar,0.0126815496346913,0.004691318942061367,0.8227494141556593,0.01068722949815054,10000,fit
synthetic,"KDE, Uniform",w1_market,boosted,coeffvar_uw,0.060526195993049946,0.006582837096183874,0.8227494141556593,0.01068722949815054,10000,fit
synthetic,"KDE, Uniform",w1_market,boosted,skewness,0.00014295090995567695,0.00026130434260749437,0.8227494141556593,0.01068722949815054,10000,fit
synthetic,"KDE, Uniform",w1_market,boosted,skewness_uw,0.00022991491023295342,0.0005729417178637839,0.8227494141556593,0.01068722949815054,10000,fit
synthetic,"KDE, Uniform",w1_market,boosted,kurtosis,0.0038828504439690588,0.0026986359646993144,0.8227494141556593,0.01068722949815054,10000,fit
synthetic,"KDE, Uniform",w1_market,boosted,kurtosis_uw,0.006926834818296574,0.0020936663872192125,0.8227494141556593,0.01068722949815054,10000,fit
synthetic,"KDE, Uniform",w1_market,boosted,entropy,0.006892194387829875,0.0017505767003439922,0.8227494141556593,0.01068722949815054,10000,fit
synthetic,"KDE, Uniform",w1_market,boosted,entropy_uw,0.059829989999261333,0.021500631013140745,0.8227494141556593,0.01068722949815054,10000,fit
synthetic,"KDE, Uniform",w1_market,boosted,crit_bw_1,0.0010154085683367884,0.0005617351093616821,0.8227494141556593,0.01068722949815054,10000,fit
synthetic,"KDE, Uniform",w1_market,boosted,crit_bw_1_uw,0.002922200508414747,0.0014723144187931507,0.8227494141556593,0.01068722949815054,10000,fit
synthetic,"KDE, Uniform",w1_market,boosted,modality_index,0.00011472009601070533,6.772119077344646e-05,0.8227494141556593,0.01068722949815054,10000,fit
synthetic,"KDE, Uniform",w1_market,boosted,modality_index_uw,0.00014782562496241215,0.0002763445228136457,0.8227494141556593,0.01068722949815054,10000,fit
synthetic,"KDE, Uniform",w1_market,boosted,fit_norm_SF,0.0013931354046035338,0.0008112225877740685,0.8227494141556593,0.01068722949815054,10000,fit
synthetic,"KDE, Uniform",w1_market,boosted,fit_norm_SF_uw,0.0001576791699222202,0.00028225460323179146,0.8227494141556593,0.01068722949815054,10000,fit
synthetic,"KDE, Uniform",w1_market,boosted,fit_lognorm_SF,0.0010844973207097919,0.00040779031833945,0.8227494141556593,0.01068722949815054,10000,fit
synthetic,"KDE, Uniform",w1_market,boosted,fit_lognorm_SF_uw,0.0004625749912499866,0.0004893785275149463,0.8227494141556593,0.01068722949815054,10000,fit
synthetic,"KDE, Uniform",w1_market,boosted,weight_outliers,0.00023585285251146674,0.0003047953378606441,0.8227494141556593,0.01068722949815054,10000,fit
synthetic,"KDE, Uniform",w1_market,boosted,weight_outliers_uw,0.0006008162300543508,0.0005717390089663317,0.8227494141556593,0.01068722949815054,10000,fit
synthetic,"KDE, Uniform",w1_market,boosted,mean,0.005110631534231765,0.001284355821134376,0.8227494141556593,0.01068722949815054,10000,fit
synthetic,"KDE, Uniform",w1_market,boosted,w_v_uw_wasserstein,0.9069397403978116,0.02123759334282142,0.8227494141556593,0.01068722949815054,10000,fit
synthetic,"KDE, Uniform",w1_market,boosted,modes_fitted,0.00017842914139279075,0.0003348590730677256,0.8227494141556593,0.01068722949815054,10000,fit
synthetic,"KDE, Uniform",w1_market,boosted,modes_scipy_default,0.00035263035557222546,0.00028993244780687124,0.8227494141556593,0.01068722949815054,10000,fit
synthetic,"KDE, Uniform",w1_market,boosted,modality_index_fitted,0.00038995937655651454,0.00033151797617793246,0.8227494141556593,0.01068722949815054,10000,fit
synthetic,"KDE, Uniform",w1_market,boosted,modality_index_fitted_uw,-6.4883059028793e-05,0.00032524633806687875,0.8227494141556593,0.01068722949815054,10000,fit
synthetic,"KDE, Variable",w1_market,additive,n,0.4608758649577146,0.03609664891348106,0.8452881392696148,0.006505870214720698,10000,fit
synthetic,"KDE, Variable",w1_market,additive,coeffvar,0.18883535653716116,0.008265580786705742,0.8452881392696148,0.006505870214720698,10000,fit
synthetic,"KDE, Variable",w1_market,additive,coeffvar_uw,0.09572095185837168,0.011580519924283739,0.8452881392696148,0.006505870214720698,10000,fit
synthetic,"KDE, Variable",w1_market,additive,skewness,0.003425673983245945,0.0015754821675296369,0.8452881392696148,0.006505870214720698,10000,fit
synthetic,"KDE, Variable",w1_market,additive,skewness_uw,0.004711960068601142,0.0060229581077264165,0.8452881392696148,0.006505870214720698,10000,fit
synthetic,"KDE, Variable",w1_market,additive,kurtosis,0.013966212570680675,0.004729284130039988,0.8452881392696148,0.006505870214720698,10000,fit
synthetic,"KDE, Variable",w1_market,additive,kurtosis_uw,0.0031512511805292646,0.003766132237036538,0.8452881392696148,0.006505870214720698,10000,fit
synthetic,"KDE, Variable",w1_market,additive,entropy,0.1399984583033332,0.030843267009011244,0.8452881392696148,0.006505870214720698,10000,fit
synthetic,"KDE, Variable",w1_market,additive,entropy_uw,0.021048979461764972,0.0033832968169552266,0.8452881392696148,0.006505870214720698,10000,fit
synthetic,"KDE, Variable",w1_market,additive,crit_bw_1,0.0017040298975335856,0.0007867248407035095,0.8452881392696148,0.006505870214720698,10000,fit
synthetic,"KDE, Variable",w1_market,additive,crit_bw_1_uw,0.001926159600961035,0.0007968965686327929,0.8452881392696148,0.006505870214720698,10000,fit
synthetic,"KDE, Variable",w1_market,additive,modality_index,0.0002474353662947304,0.000933406111171087,0.8452881392696148,0.006505870214720698,10000,fit
synthetic,"KDE, Variable",w1_market,additive,modality_index_uw,0.00025134892030858057,0.000173641363150378,0.8452881392696148,0.006505870214720698,10000,fit
synthetic,"KDE, Variable",w1_market,additive,fit_norm_SF,0.0021650476233735726,0.0012151740945047596,0.8452881392696148,0.006505870214720698,10000,fit
synthetic,"KDE, Variable",w1_market,additive,fit_norm_SF_uw,0.0009584146294521933,0.0015920043024989859,0.8452881392696148,0.006505870214720698,10000,fit
synthetic,"KDE, Variable",w1_market,additive,fit_lognorm_SF,-0.00012672937672163266,0.00016891776684430142,0.8452881392696148,0.006505870214720698,10000,fit
synthetic,"KDE, Variable",w1_market,additive,fit_lognorm_SF_uw,0.000535582744019687,0.00030604544016518936,0.8452881392696148,0.006505870214720698,10000,fit
synthetic,"KDE, Variable",w1_market,additive,weight_outliers,0.0017059185814422319,0.00041993741455474725,0.8452881392696148,0.006505870214720698,10000,fit
synthetic,"KDE, Variable",w1_market,additive,weight_outliers_uw,0.0006844168825350438,0.0008543406457526346,0.8452881392696148,0.006505870214720698,10000,fit
synthetic,"KDE, Variable",w1_market,additive,mean,0.08578342181061313,0.0038592732520100815,0.8452881392696148,0.006505870214720698,10000,fit
synthetic,"KDE, Variable",w1_market,additive,w_v_uw_wasserstein,0.04308612951277148,0.010650409724748885,0.8452881392696148,0.006505870214720698,10000,fit
synthetic,"KDE, Variable",w1_market,additive,modes_fitted,8.14388767982921e-05,0.00011023431349791844,0.8452881392696148,0.006505870214720698,10000,fit
synthetic,"KDE, Variable",w1_market,additive,modes_scipy_default,-8.240099563006086e-06,6.377340873403279e-05,0.8452881392696148,0.006505870214720698,10000,fit
synthetic,"KDE, Variable",w1_market,additive,modality_index_fitted,0.00013763759729619186,0.0003709447745329416,0.8452881392696148,0.006505870214720698,10000,fit
synthetic,"KDE, Variable",w1_market,additive,modality_index_fitted_uw,0.0010738752672738495,0.0005150370321974282,0.8452881392696148,0.006505870214720698,10000,fit
synthetic,"KDE, Variable",w1_market,boosted,n,0.7800615493466783,0.025215474998351306,0.8555186280631665,0.004741608169624886,10000,fit
synthetic,"KDE, Variable",w1_market,boosted,coeffvar,0.3189429697672856,0.026387892227114122,0.8555186280631665,0.004741608169624886,10000,fit
synthetic,"KDE, Variable",w1_market,boosted,coeffvar_uw,0.04889448111191787,0.009661947448030207,0.8555186280631665,0.004741608169624886,10000,fit
synthetic,"KDE, Variable",w1_market,boosted,skewness,0.0011087298300145921,0.000894455498059074,0.8555186280631665,0.004741608169624886,10000,fit
synthetic,"KDE, Variable",w1_market,boosted,skewness_uw,-5.665548727243452e-05,0.0001860058410540459,0.8555186280631665,0.004741608169624886,10000,fit
synthetic,"KDE, Variable",w1_market,boosted,kurtosis,0.00859260531857043,0.0013603327924072224,0.8555186280631665,0.004741608169624886,10000,fit
synthetic,"KDE, Variable",w1_market,boosted,kurtosis_uw,0.0006379438834748386,0.0005210307440797068,0.8555186280631665,0.004741608169624886,10000,fit
synthetic,"KDE, Variable",w1_market,boosted,entropy,0.010956634997023835,0.00287659489710276,0.8555186280631665,0.004741608169624886,10000,fit
synthetic,"KDE, Variable",w1_market,boosted,entropy_uw,0.04632326387347908,0.008171163617960284,0.8555186280631665,0.004741608169624886,10000,fit
synthetic,"KDE, Variable",w1_market,boosted,crit_bw_1,0.00045902541432802925,0.0002532829336404198,0.8555186280631665,0.004741608169624886,10000,fit
synthetic,"KDE, Variable",w1_market,boosted,crit_bw_1_uw,0.00022356384179649915,0.0003062961396407657,0.8555186280631665,0.004741608169624886,10000,fit
synthetic,"KDE, Variable",w1_market,boosted,modality_index,0.0006385789277586152,0.00017062315959700148,0.8555186280631665,0.004741608169624886,10000,fit
synthetic,"KDE, Variable",w1_market,boosted,modality_index_uw,8.808854449464444e-05,0.00021057874185258582,0.8555186280631665,0.004741608169624886,10000,fit
synthetic,"KDE, Variable",w1_market,boosted,fit_norm_SF,0.0002928303470408711,0.00032018472036065166,0.8555186280631665,0.004741608169624886,10000,fit
synthetic,"KDE, Variable",w1_market,boosted,fit_norm_SF_uw,0.0002228701754376861,0.0002799267474309853,0.8555186280631665,0.004741608169624886,10000,fit
synthetic,"KDE, Variable",w1_market,boosted,fit_lognorm_SF,1.3118157472848938e-05,0.0003209105959280895,0.8555186280631665,0.004741608169624886,10000,fit
synthetic,"KDE, Variable",w1_market,boosted,fit_lognorm_SF_uw,-3.994170583215162e-05,0.000263472715298371,0.8555186280631665,0.004741608169624886,10000,fit
synthetic,"KDE, Variable",w1_market,boosted,weight_outliers,0.00018101641520715361,0.00031986322035983285,0.8555186280631665,0.004741608169624886,10000,fit
synthetic,"KDE, Variable",w1_market,boosted,weight_outliers_uw,0.00015921793333939507,0.0001183211209686275,0.8555186280631665,0.004741608169624886,10000,fit
synthetic,"KDE, Variable",w1_market,boosted,mean,0.05456215784502104,0.0037691055747810643,0.8555186280631665,0.004741608169624886,10000,fit
synthetic,"KDE, Variable",w1_market,boosted,w_v_uw_wasserstein,0.0927840754323912,0.00812759438400948,0.8555186280631665,0.004741608169624886,10000,fit
synthetic,"KDE, Variable",w1_market,boosted,modes_fitted,0.00035420660673195713,0.0003078852760261822,0.8555186280631665,0.004741608169624886,10000,fit
synthetic,"KDE, Variable",w1_market,boosted,modes_scipy_default,8.27697345331968e-05,9.501200147720638e-05,0.8555186280631665,0.004741608169624886,10000,fit
synthetic,"KDE, Variable",w1_market,boosted,modality_index_fitted,0.00017157407066547002,0.00028571753962084286,0.8555186280631665,0.004741608169624886,10000,fit
synthetic,"KDE, Variable",w1_market,boosted,modality_index_fitted_uw,4.557941050953084e-05,0.00015845780027435878,0.8555186280631665,0.004741608169624886,10000,fit
synthetic,"Normal, Uniform",err_eci_mean,additive,n,0.08430764943067867,0.015125540447827285,0.5696269603890801,0.033414736200623275,10000,answer
synthetic,"Normal, Uniform",err_eci_mean,additive,coeffvar,0.00928922453821054,0.012758762606107829,0.5696269603890801,0.033414736200623275,10000,answer
synthetic,"Normal, Uniform",err_eci_mean,additive,coeffvar_uw,0.6582276867042669,0.0973776317914282,0.5696269603890801,0.033414736200623275,10000,answer
synthetic,"Normal, Uniform",err_eci_mean,additive,skewness,0.009377492479250897,0.0010870588894359473,0.5696269603890801,0.033414736200623275,10000,answer
synthetic,"Normal, Uniform",err_eci_mean,additive,skewness_uw,0.1627562147073624,0.08836964680646811,0.5696269603890801,0.033414736200623275,10000,answer
synthetic,"Normal, Uniform",err_eci_mean,additive,kurtosis,0.008513047374274215,0.0020338675680315614,0.5696269603890801,0.033414736200623275,10000,answer
synthetic,"Normal, Uniform",err_eci_mean,additive,kurtosis_uw,0.2306885732292369,0.12468858534153308,0.5696269603890801,0.033414736200623275,10000,answer
synthetic,"Normal, Uniform",err_eci_mean,additive,entropy,0.4449935369030394,0.08599482979534961,0.5696269603890801,0.033414736200623275,10000,answer
synthetic,"Normal, Uniform",err_eci_mean,additive,entropy_uw,0.03764128005289369,0.02811397135968591,0.5696269603890801,0.033414736200623275,10000,answer
synthetic,"Normal, Uniform",err_eci_mean,additive,crit_bw_1,0.0027874416412228694,0.0016386925506636407,0.5696269603890801,0.033414736200623275,10000,answer
synthetic,"Normal, Uniform",err_eci_mean,additive,crit_bw_1_uw,0.00010992190821933923,0.000698633539382872,0.5696269603890801,0.033414736200623275,10000,answer
synthetic,"Normal, Uniform",err_eci_mean,additive,modality_index,-3.6444356058739844e-06,0.001585713527570022,0.5696269603890801,0.033414736200623275,10000,answer
synthetic,"Normal, Uniform",err_eci_mean,additive,modality_index_uw,-0.0010769667506041756,0.002042273977914793,0.5696269603890801,0.033414736200623275,10000,answer
synthetic,"Normal, Uniform",err_eci_mean,additive,fit_norm_SF,0.0044528473467941605,0.003073927496166292,0.5696269603890801,0.033414736200623275,10000,answer
synthetic,"Normal, Uniform",err_eci_mean,additive,fit_norm_SF_uw,0.0009030875260104043,0.0010235802771961103,0.5696269603890801,0.033414736200623275,10000,answer
synthetic,"Normal, Uniform",err_eci_mean,additive,fit_lognorm_SF,0.0010488608150353794,0.0013945032431792685,0.5696269603890801,0.033414736200623275,10000,answer
synthetic,"Normal, Uniform",err_eci_mean,additive,fit_lognorm_SF_uw,0.0018412294582784018,0.002053881573316801,0.5696269603890801,0.033414736200623275,10000,answer
synthetic,"Normal, Uniform",err_eci_mean,additive,weight_outliers,-0.00021248169941368464,0.00051559089668954,0.5696269603890801,0.033414736200623275,10000,answer
synthetic,"Normal, Uniform",err_eci_mean,additive,weight_outliers_uw,0.00961868024239269,0.0020440179902489505,0.5696269603890801,0.033414736200623275,10000,answer
synthetic,"Normal, Uniform",err_eci_mean,additive,mean,0.0469011886754659,0.014867634136623563,0.5696269603890801,0.033414736200623275,10000,answer
synthetic,"Normal, Uniform",err_eci_mean,additive,w_v_uw_wasserstein,0.07207054799499246,0.013721488486653458,0.5696269603890801,0.033414736200623275,10000,answer
synthetic,"Normal, Uniform",err_eci_mean,additive,modes_fitted,0.0007131840570339376,0.0010347597089204804,0.5696269603890801,0.033414736200623275,10000,answer
synthetic,"Normal, Uniform",err_eci_mean,additive,modes_scipy_default,0.001750707066718049,0.0008239951768460613,0.5696269603890801,0.033414736200623275,10000,answer
synthetic,"Normal, Uniform",err_eci_mean,additive,modality_index_fitted,-0.00022355719582242348,0.002357058998170078,0.5696269603890801,0.033414736200623275,10000,answer
synthetic,"Normal, Uniform",err_eci_mean,additive,modality_index_fitted_uw,0.003915286657883321,0.0024179168746398206,0.5696269603890801,0.033414736200623275,10000,answer
synthetic,"Normal, Uniform",err_eci_mean,boosted,n,0.012955861329685972,0.0037956179833543526,0.6352249777410399,0.013940217918426553,10000,answer
synthetic,"Normal, Uniform",err_eci_mean,boosted,coeffvar,0.009558837903686527,0.002339136356274252,0.6352249777410399,0.013940217918426553,10000,answer
synthetic,"Normal, Uniform",err_eci_mean,boosted,coeffvar_uw,0.5681120704467675,0.023915585214218344,0.6352249777410399,0.013940217918426553,10000,answer
synthetic,"Normal, Uniform",err_eci_mean,boosted,skewness,0.0006280410901198729,0.0004742815846550295,0.6352249777410399,0.013940217918426553,10000,answer
synthetic,"Normal, Uniform",err_eci_mean,boosted,skewness_uw,0.00010700763911654749,0.0008716435447276951,0.6352249777410399,0.013940217918426553,10000,answer
synthetic,"Normal, Uniform",err_eci_mean,boosted,kurtosis,0.00493013400306868,0.0024584107551457526,0.6352249777410399,0.013940217918426553,10000,answer
synthetic,"Normal, Uniform",err_eci_mean,boosted,kurtosis_uw,0.0009546799017659625,0.0005529721807851671,0.6352249777410399,0.013940217918426553,10000,answer
synthetic,"Normal, Uniform",err_eci_mean,boosted,entropy,0.0395932419555843,0.005637978190579061,0.6352249777410399,0.013940217918426553,10000,answer
synthetic,"Normal, Uniform",err_eci_mean,boosted,entropy_uw,0.02896350148597477,0.014672282705858514,0.6352249777410399,0.013940217918426553,10000,answer
synthetic,"Normal, Uniform",err_eci_mean,boosted,crit_bw_1,7.103562492154934e-05,0.0008003410922369026,0.6352249777410399,0.013940217918426553,10000,answer
synthetic,"Normal, Uniform",err_eci_mean,boosted,crit_bw_1_uw,0.0005438355215410783,0.00040151849254911143,0.6352249777410399,0.013940217918426553,10000,answer
synthetic,"Normal, Uniform",err_eci_mean,boosted,modality_index,-0.00013109227752750255,0.00040408229620844725,0.6352249777410399,0.013940217918426553,10000,answer
synthetic,"Normal, Uniform",err_eci_mean,boosted,modality_index_uw,0.0001924707882434151,0.00033953628888838347,0.6352249777410399,0.013940217918426553,10000,answer
synthetic,"Normal, Uniform",err_eci_mean,boosted,fit_norm_SF,0.0009054749618222968,0.0009877790081462268,0.6352249777410399,0.013940217918426553,10000,answer
synthetic,"Normal, Uniform",err_eci_mean,boosted,fit_norm_SF_uw,7.717450144398841e-05,0.00019390435561731842,0.6352249777410399,0.013940217918426553,10000,answer
synthetic,"Normal, Uniform",err_eci_mean,boosted,fit_lognorm_SF,3.8255496582830776e-05,0.0006314049223203775,0.6352249777410399,0.013940217918426553,10000,answer
synthetic,"Normal, Uniform",err_eci_mean,boosted,fit_lognorm_SF_uw,-5.4696323783463026e-05,0.0006533134890511514,0.6352249777410399,0.013940217918426553,10000,answer
synthetic,"Normal, Uniform",err_eci_mean,boosted,weight_outliers,0.00012016046984274498,0.00018897410205603323,0.6352249777410399,0.013940217918426553,10000,answer
synthetic,"Normal, Uniform",err_eci_mean,boosted,weight_outliers_uw,0.0021451450712637833,0.00042188018870460166,0.6352249777410399,0.013940217918426553,10000,answer
synthetic,"Normal, Uniform",err_eci_mean,boosted,mean,0.09684819988385454,0.0034209729552676965,0.6352249777410399,0.013940217918426553,10000,answer
synthetic,"Normal, Uniform",err_eci_mean,boosted,w_v_uw_wasserstein,0.13162478165274236,0.0037653499344385568,0.6352249777410399,0.013940217918426553,10000,answer
synthetic,"Normal, Uniform",err_eci_mean,boosted,modes_fitted,5.432545474133743e-05,0.00026062145393884544,0.6352249777410399,0.013940217918426553,10000,answer
synthetic,"Normal, Uniform",err_eci_mean,boosted,modes_scipy_default,0.00035227157889092806,0.0004948843987535823,0.6352249777410399,0.013940217918426553,10000,answer
synthetic,"Normal, Uniform",err_eci_mean,boosted,modality_index_fitted,-0.00016875840727292868,0.0004499540823626372,0.6352249777410399,0.013940217918426553,10000,answer
synthetic,"Normal, Uniform",err_eci_mean,boosted,modality_index_fitted_uw,2.9953074113728825e-05,0.0002304364391503216,0.6352249777410399,0.013940217918426553,10000,answer
synthetic,"Normal, Variable",err_eci_mean,additive,n,0.005701976473535476,0.0017586214221106064,0.6438895494107257,0.017610498339604954,10000,answer
synthetic,"Normal, Variable",err_eci_mean,additive,coeffvar,0.5160627088657839,0.01854445165643765,0.6438895494107257,0.017610498339604954,10000,answer
synthetic,"Normal, Variable",err_eci_mean,additive,coeffvar_uw,0.02033300680178482,0.003337442049903134,0.6438895494107257,0.017610498339604954,10000,answer
synthetic,"Normal, Variable",err_eci_mean,additive,skewness,0.0050568041973740084,0.0034805516301031365,0.6438895494107257,0.017610498339604954,10000,answer
synthetic,"Normal, Variable",err_eci_mean,additive,skewness_uw,0.0013834586725568609,0.0006472792003968409,0.6438895494107257,0.017610498339604954,10000,answer
synthetic,"Normal, Variable",err_eci_mean,additive,kurtosis,0.0007687598612399982,0.0004661812797869794,0.6438895494107257,0.017610498339604954,10000,answer
synthetic,"Normal, Variable",err_eci_mean,additive,kurtosis_uw,0.0008288118515268318,0.0005730446082890442,0.6438895494107257,0.017610498339604954,10000,answer
synthetic,"Normal, Variable",err_eci_mean,additive,entropy,0.11228454039407536,0.011223371337324147,0.6438895494107257,0.017610498339604954,10000,answer
synthetic,"Normal, Variable",err_eci_mean,additive,entropy_uw,0.08009932623829621,0.0018682709050592743,0.6438895494107257,0.017610498339604954,10000,answer
synthetic,"Normal, Variable",err_eci_mean,additive,crit_bw_1,0.0013085897579075325,0.00056493570549404,0.6438895494107257,0.017610498339604954,10000,answer
synthetic,"Normal, Variable",err_eci_mean,additive,crit_bw_1_uw,0.016122304645550506,0.002977004984164035,0.6438895494107257,0.017610498339604954,10000,answer
synthetic,"Normal, Variable",err_eci_mean,additive,modality_index,-7.46238676810007e-06,1.3315128889712541e-05,0.6438895494107257,0.017610498339604954,10000,answer
synthetic,"Normal, Variable",err_eci_mean,additive,modality_index_uw,0.002144261875850002,0.0009719747144487735,0.6438895494107257,0.017610498339604954,10000,answer
synthetic,"Normal, Variable",err_eci_mean,additive,fit_norm_SF,0.005735265632373322,0.004453789609865005,0.6438895494107257,0.017610498339604954,10000,answer
synthetic,"Normal, Variable",err_eci_mean,additive,fit_norm_SF_uw,0.00035421565777996153,0.0008808686840047056,0.6438895494107257,0.017610498339604954,10000,answer
synthetic,"Normal, Variable",err_eci_mean,additive,fit_lognorm_SF,0.004610166969202239,0.0029753651904289536,0.6438895494107257,0.017610498339604954,10000,answer
synthetic,"Normal, Variable",err_eci_mean,additive,fit_lognorm_SF_uw,0.0062462061718641295,0.002129088873450304,0.6438895494107257,0.017610498339604954,10000,answer
synthetic,"Normal, Variable",err_eci_mean,additive,weight_outliers,7.566851722598633e-05,0.00041976508597288967,0.6438895494107257,0.017610498339604954,10000,answer
synthetic,"Normal, Variable",err_eci_mean,additive,weight_outliers_uw,0.001670052359849723,0.0008827760357438463,0.6438895494107257,0.017610498339604954,10000,answer
synthetic,"Normal, Variable",err_eci_mean,additive,mean,0.0778309043311641,0.009194522507949063,0.6438895494107257,0.017610498339604954,10000,answer
synthetic,"Normal, Variable",err_eci_mean,additive,w_v_uw_wasserstein,0.012336100895744832,0.0016516705580906024,0.6438895494107257,0.017610498339604954,10000,answer
synthetic,"Normal, Variable",err_eci_mean,additive,modes_fitted,8.59479392269935e-05,0.00037430778306389546,0.6438895494107257,0.017610498339604954,10000,answer
synthetic,"Normal, Variable",err_eci_mean,additive,modes_scipy_default,1.1219872251453378e-05,1.3749029646282457e-05,0.6438895494107257,0.017610498339604954,10000,answer
synthetic,"Normal, Variable",err_eci_mean,additive,modality_index_fitted,0.0002128091050328118,0.00013882324675992556,0.6438895494107257,0.017610498339604954,10000,answer
synthetic,"Normal, Variable",err_eci_mean,additive,modality_index_fitted_uw,0.003994746279175639,0.001927823381803657,0.6438895494107257,0.017610498339604954,10000,answer
synthetic,"Normal, Variable",err_eci_mean,boosted,n,0.07687219524375563,0.017652116830439657,0.6768606550842755,0.007556925753648221,10000,answer
synthetic,"Normal, Variable",err_eci_mean,boosted,coeffvar,0.4076561268301357,0.03618314804168055,0.6768606550842755,0.007556925753648221,10000,answer
synthetic,"Normal, Variable",err_eci_mean,boosted,coeffvar_uw,0.21833201209836495,0.009188729689985457,0.6768606550842755,0.007556925753648221,10000,answer
synthetic,"Normal, Variable",err_eci_mean,boosted,skewness,6.0514840117946724e-05,0.0006512375714295499,0.6768606550842755,0.007556925753648221,10000,answer
synthetic,"Normal, Variable",err_eci_mean,boosted,skewness_uw,0.000302405415007434,0.00032846895479706633,0.6768606550842755,0.007556925753648221,10000,answer
synthetic,"Normal, Variable",err_eci_mean,boosted,kurtosis,0.0034209707260404246,0.001675200823926574,0.6768606550842755,0.007556925753648221,10000,answer
synthetic,"Normal, Variable",err_eci_mean,boosted,kurtosis_uw,0.0009466685060133817,0.0008890860540285792,0.6768606550842755,0.007556925753648221,10000,answer
synthetic,"Normal, Variable",err_eci_mean,boosted,entropy,0.033943853268474454,0.008925129392053624,0.6768606550842755,0.007556925753648221,10000,answer
synthetic,"Normal, Variable",err_eci_mean,boosted,entropy_uw,0.07819091916333282,0.003998686678367021,0.6768606550842755,0.007556925753648221,10000,answer
synthetic,"Normal, Variable",err_eci_mean,boosted,crit_bw_1,0.0004065803436823079,0.000599419174707342,0.6768606550842755,0.007556925753648221,10000,answer
synthetic,"Normal, Variable",err_eci_mean,boosted,crit_bw_1_uw,0.00020847601141515737,0.00037015777670530703,0.6768606550842755,0.007556925753648221,10000,answer
synthetic,"Normal, Variable",err_eci_mean,boosted,modality_index,0.00019850628135853035,0.0004978871057620298,0.6768606550842755,0.007556925753648221,10000,answer
synthetic,"Normal, Variable",err_eci_mean,boosted,modality_index_uw,-1.897992692824869e-05,0.00025398419026006607,0.6768606550842755,0.007556925753648221,10000,answer
synthetic,"Normal, Variable",err_eci_mean,boosted,fit_norm_SF,0.0017422145912459341,0.0009907548353033908,0.6768606550842755,0.007556925753648221,10000,answer
synthetic,"Normal, Variable",err_eci_mean,boosted,fit_norm_SF_uw,-0.00018445212113697533,0.0004559613028660907,0.6768606550842755,0.007556925753648221,10000,answer
synthetic,"Normal, Variable",err_eci_mean,boosted,fit_lognorm_SF,0.001529369148162516,0.0006560858409234883,0.6768606550842755,0.007556925753648221,10000,answer
synthetic,"Normal, Variable",err_eci_mean,boosted,fit_lognorm_SF_uw,-3.935773607744553e-05,0.0002928822523727533,0.6768606550842755,0.007556925753648221,10000,answer
synthetic,"Normal, Variable",err_eci_mean,boosted,weight_outliers,-0.00017728566085982276,0.000368526704842421,0.6768606550842755,0.007556925753648221,10000,answer
synthetic,"Normal, Variable",err_eci_mean,boosted,weight_outliers_uw,-0.00016947686544799056,0.00019018767643671187,0.6768606550842755,0.007556925753648221,10000,answer
synthetic,"Normal, Variable",err_eci_mean,boosted,mean,0.03265716534634366,0.003794386966087534,0.6768606550842755,0.007556925753648221,10000,answer
synthetic,"Normal, Variable",err_eci_mean,boosted,w_v_uw_wasserstein,0.013713326641077064,0.002107328570904683,0.6768606550842755,0.007556925753648221,10000,answer
synthetic,"Normal, Variable",err_eci_mean,boosted,modes_fitted,0.0002893285407488832,0.0004813601334619036,0.6768606550842755,0.007556925753648221,10000,answer
synthetic,"Normal, Variable",err_eci_mean,boosted,modes_scipy_default,1.2551672235652235e-05,3.70612936178164e-05,0.6768606550842755,0.007556925753648221,10000,answer
synthetic,"Normal, Variable",err_eci_mean,boosted,modality_index_fitted,0.0010764612512273919,0.0007955300762223571,0.6768606550842755,0.007556925753648221,10000,answer
synthetic,"Normal, Variable",err_eci_mean,boosted,modality_index_fitted_uw,0.0002643234269885886,0.0004984452873486945,0.6768606550842755,0.007556925753648221,10000,answer
synthetic,"Lognormal, Uniform",err_eci_mean,additive,n,0.017614444705545147,0.007745275332617433,0.5571384505861724,0.010771388415313282,10000,answer
synthetic,"Lognormal, Uniform",err_eci_mean,additive,coeffvar,0.004878020234769951,0.0021762401029766106,0.5571384505861724,0.010771388415313282,10000,answer
synthetic,"Lognormal, Uniform",err_eci_mean,additive,coeffvar_uw,0.0013891083476406019,0.0010061587103326114,0.5571384505861724,0.010771388415313282,10000,answer
synthetic,"Lognormal, Uniform",err_eci_mean,additive,skewness,0.002845682519403383,0.000899165481489138,0.5571384505861724,0.010771388415313282,10000,answer
synthetic,"Lognormal, Uniform",err_eci_mean,additive,skewness_uw,0.001248948498310023,0.00042958343708991573,0.5571384505861724,0.010771388415313282,10000,answer
synthetic,"Lognormal, Uniform",err_eci_mean,additive,kurtosis,0.005257728467497576,0.0008316760801340505,0.5571384505861724,0.010771388415313282,10000,answer
synthetic,"Lognormal, Uniform",err_eci_mean,additive,kurtosis_uw,0.005437104370561652,0.0051742040772455025,0.5571384505861724,0.010771388415313282,10000,answer
synthetic,"Lognormal, Uniform",err_eci_mean,additive,entropy,0.007238289348268025,0.002570444996251869,0.5571384505861724,0.010771388415313282,10000,answer
synthetic,"Lognormal, Uniform",err_eci_mean,additive,entropy_uw,0.04396838010478754,0.013697490314247664,0.5571384505861724,0.010771388415313282,10000,answer
synthetic,"Lognormal, Uniform",err_eci_mean,additive,crit_bw_1,0.0008575337630981862,0.00037981704842617953,0.5571384505861724,0.010771388415313282,10000,answer
synthetic,"Lognormal, Uniform",err_eci_mean,additive,crit_bw_1_uw,0.0018454360725190955,0.00044987265683398096,0.5571384505861724,0.010771388415313282,10000,answer
synthetic,"Lognormal, Uniform",err_eci_mean,additive,modality_index,6.947602156213155e-06,0.00025611008493945877,0.5571384505861724,0.010771388415313282,10000,answer
synthetic,"Lognormal, Uniform",err_eci_mean,additive,modality_index_uw,0.0007838341681041206,0.0006804114370279914,0.5571384505861724,0.010771388415313282,10000,answer
synthetic,"Lognormal, Uniform",err_eci_mean,additive,fit_norm_SF,0.0027628044995490807,0.0009837802375809968,0.5571384505861724,0.010771388415313282,10000,answer
synthetic,"Lognormal, Uniform",err_eci_mean,additive,fit_norm_SF_uw,0.0024531696761400878,0.0011373066823188946,0.5571384505861724,0.010771388415313282,10000,answer
synthetic,"Lognormal, Uniform",err_eci_mean,additive,fit_lognorm_SF,0.0011332351678499419,0.0009616808741100619,0.5571384505861724,0.010771388415313282,10000,answer
synthetic,"Lognormal, Uniform",err_eci_mean,additive,fit_lognorm_SF_uw,-0.0004211691572864962,0.0003175636175186971,0.5571384505861724,0.010771388415313282,10000,answer
synthetic,"Lognormal, Uniform",err_eci_mean,additive,weight_outliers,-0.0003146858455934321,0.0006011329307064548,0.5571384505861724,0.010771388415313282,10000,answer
synthetic,"Lognormal, Uniform",err_eci_mean,additive,weight_outliers_uw,0.005129845764732155,0.0025360729025913527,0.5571384505861724,0.010771388415313282,10000,answer
synthetic,"Lognormal, Uniform",err_eci_mean,additive,mean,0.003951721246153174,0.001602684149831994,0.5571384505861724,0.010771388415313282,10000,answer
synthetic,"Lognormal, Uniform",err_eci_mean,additive,w_v_uw_wasserstein,0.7737525979316795,0.022216023656828805,0.5571384505861724,0.010771388415313282,10000,answer
synthetic,"Lognormal, Uniform",err_eci_mean,additive,modes_fitted,0.0012407113593996912,0.0003180536848453593,0.5571384505861724,0.010771388415313282,10000,answer
synthetic,"Lognormal, Uniform",err_eci_mean,additive,modes_scipy_default,0.0029322269148043725,0.0007654633817827608,0.5571384505861724,0.010771388415313282,10000,answer
synthetic,"Lognormal, Uniform",err_eci_mean,additive,modality_index_fitted,0.002116810855625795,0.0006560284445217579,0.5571384505861724,0.010771388415313282,10000,answer
synthetic,"Lognormal, Uniform",err_eci_mean,additive,modality_index_fitted_uw,-4.5956648569556166e-05,0.0005380963185787338,0.5571384505861724,0.010771388415313282,10000,answer
synthetic,"Lognormal, Uniform",err_eci_mean,boosted,n,0.04577706800236696,0.009508128617209701,0.5908090801470756,0.020352152341161223,10000,answer
synthetic,"Lognormal, Uniform",err_eci_mean,boosted,coeffvar,0.013300605420414401,0.002407167966269704,0.5908090801470756,0.020352152341161223,10000,answer
synthetic,"Lognormal, Uniform",err_eci_mean,boosted,coeffvar_uw,0.02013693889830732,0.004202974418077165,0.5908090801470756,0.020352152341161223,10000,answer
synthetic,"Lognormal, Uniform",err_eci_mean,boosted,skewness,0.0004345085553936024,0.00039464542254159964,0.5908090801470756,0.020352152341161223,10000,answer
synthetic,"Lognormal, Uniform",err_eci_mean,boosted,skewness_uw,0.0001205857644694275,0.0004568358358277032,0.5908090801470756,0.020352152341161223,10000,answer
synthetic,"Lognormal, Uniform",err_eci_mean,boosted,kurtosis,0.0026067344502435997,0.0006858073373565979,0.5908090801470756,0.020352152341161223,10000,answer
synthetic,"Lognormal, Uniform",err_eci_mean,boosted,kurtosis_uw,0.004531826672867398,0.0032078888546561556,0.5908090801470756,0.020352152341161223,10000,answer
synthetic,"Lognormal, Uniform",err_eci_mean,boosted,entropy,0.0032934195054675963,0.0008213954919767997,0.5908090801470756,0.020352152341161223,10000,answer
synthetic,"Lognormal, Uniform",err_eci_mean,boosted,entropy_uw,0.03407867075638864,0.015217812180922646,0.5908090801470756,0.020352152341161223,10000,answer
synthetic,"Lognormal, Uniform",err_eci_mean,boosted,crit_bw_1,0.0006506926957455472,0.0005294890427993223,0.5908090801470756,0.020352152341161223,10000,answer
synthetic,"Lognormal, Uniform",err_eci_mean,boosted,crit_bw_1_uw,0.0007318923399344767,0.00024575539237987664,0.5908090801470756,0.020352152341161223,10000,answer
synthetic,"Lognormal, Uniform",err_eci_mean,boosted,modality_index,0.000355726362881228,0.00030912592441201183,0.5908090801470756,0.020352152341161223,10000,answer
synthetic,"Lognormal, Uniform",err_eci_mean,boosted,modality_index_uw,0.0010902184248346083,0.00039344833274849154,0.5908090801470756,0.020352152341161223,10000,answer
synthetic,"Lognormal, Uniform",err_eci_mean,boosted,fit_norm_SF,5.691931163997576e-05,0.00039567402877967617,0.5908090801470756,0.020352152341161223,10000,answer
synthetic,"Lognormal, Uniform",err_eci_mean,boosted,fit_norm_SF_uw,0.00042195110655150357,0.00044358918381594807,0.5908090801470756,0.020352152341161223,10000,answer
synthetic,"Lognormal, Uniform",err_eci_mean,boosted,fit_lognorm_SF,0.0009921960572341426,0.0009293253131052996,0.5908090801470756,0.020352152341161223,10000,answer
synthetic,"Lognormal, Uniform",err_eci_mean,boosted,fit_lognorm_SF_uw,0.001341703366157838,0.0007178423177086915,0.5908090801470756,0.020352152341161223,10000,answer
synthetic,"Lognormal, Uniform",err_eci_mean,boosted,weight_outliers,0.0006232916123394404,0.0006760212484494704,0.5908090801470756,0.020352152341161223,10000,answer
synthetic,"Lognormal, Uniform",err_eci_mean,boosted,weight_outliers_uw,0.003979615551805962,0.0006068021145541929,0.5908090801470756,0.020352152341161223,10000,answer
synthetic,"Lognormal, Uniform",err_eci_mean,boosted,mean,0.014681946649252056,0.0034116327894543014,0.5908090801470756,0.020352152341161223,10000,answer
synthetic,"Lognormal, Uniform",err_eci_mean,boosted,w_v_uw_wasserstein,0.6891257695463888,0.026053087958297774,0.5908090801470756,0.020352152341161223,10000,answer
synthetic,"Lognormal, Uniform",err_eci_mean,boosted,modes_fitted,0.0004333482909338837,0.0003803239447262918,0.5908090801470756,0.020352152341161223,10000,answer
synthetic,"Lognormal, Uniform",err_eci_mean,boosted,modes_scipy_default,0.0020745113011045044,0.00097487827238162,0.5908090801470756,0.020352152341161223,10000,answer
synthetic,"Lognormal, Uniform",err_eci_mean,boosted,modality_index_fitted,0.0010313886386334858,0.0005631606134399441,0.5908090801470756,0.020352152341161223,10000,answer
synthetic,"Lognormal, Uniform",err_eci_mean,boosted,modality_index_fitted_uw,0.00027835325668297496,0.00028228794095744677,0.5908090801470756,0.020352152341161223,10000,answer
synthetic,"Lognormal, Variable",err_eci_mean,additive,n,0.31261442717303933,0.013278592572563294,0.593340619556264,0.006217227251638749,10000,answer
synthetic,"Lognormal, Variable",err_eci_mean,additive,coeffvar,0.13408607512154,0.02162214440742922,0.593340619556264,0.006217227251638749,10000,answer
synthetic,"Lognormal, Variable",err_eci_mean,additive,coeffvar_uw,0.02507835474975908,0.008275100831993292,0.593340619556264,0.006217227251638749,10000,answer
synthetic,"Lognormal, Variable",err_eci_mean,additive,skewness,1.3889124142456576e-05,2.9311225252225043e-05,0.593340619556264,0.006217227251638749,10000,answer
synthetic,"Lognormal, Variable",err_eci_mean,additive,skewness_uw,-1.3705528877105965e-05,3.149442394478507e-05,0.593340619556264,0.006217227251638749,10000,answer
synthetic,"Lognormal, Variable",err_eci_mean,additive,kurtosis,0.00544333822476957,0.0016868036584416972,0.593340619556264,0.006217227251638749,10000,answer
synthetic,"Lognormal, Variable",err_eci_mean,additive,kurtosis_uw,6.361961554647965e-05,5.613254967396207e-05,0.593340619556264,0.006217227251638749,10000,answer
synthetic,"Lognormal, Variable",err_eci_mean,additive,entropy,0.08869398602672418,0.019848586872472988,0.593340619556264,0.006217227251638749,10000,answer
synthetic,"Lognormal, Variable",err_eci_mean,additive,entropy_uw,0.01925352116074256,0.004233821546471362,0.593340619556264,0.006217227251638749,10000,answer
synthetic,"Lognormal, Variable",err_eci_mean,additive,crit_bw_1,0.00021694053748728902,0.0002348393121783125,0.593340619556264,0.006217227251638749,10000,answer
synthetic,"Lognormal, Variable",err_eci_mean,additive,crit_bw_1_uw,0.00040971481620385,0.00021460904419478454,0.593340619556264,0.006217227251638749,10000,answer
synthetic,"Lognormal, Variable",err_eci_mean,additive,modality_index,7.126747633390275e-07,6.038330277608606e-06,0.593340619556264,0.006217227251638749,10000,answer
synthetic,"Lognormal, Variable",err_eci_mean,additive,modality_index_uw,3.8709554597640136e-05,8.497929972655449e-05,0.593340619556264,0.006217227251638749,10000,answer
synthetic,"Lognormal, Variable",err_eci_mean,additive,fit_norm_SF,-1.4912979868797472e-06,1.0882789247618209e-05,0.593340619556264,0.006217227251638749,10000,answer
synthetic,"Lognormal, Variable",err_eci_mean,additive,fit_norm_SF_uw,2.112197517946557e-05,0.00014726445418467642,0.593340619556264,0.006217227251638749,10000,answer
synthetic,"Lognormal, Variable",err_eci_mean,additive,fit_lognorm_SF,9.452133703735655e-06,2.5106704951156077e-05,0.593340619556264,0.006217227251638749,10000,answer
synthetic,"Lognormal, Variable",err_eci_mean,additive,fit_lognorm_SF_uw,0.0001484663886001636,0.0001534236598255168,0.593340619556264,0.006217227251638749,10000,answer
synthetic,"Lognormal, Variable",err_eci_mean,additive,weight_outliers,0.00017316590517035382,0.00010991114372373956,0.593340619556264,0.006217227251638749,10000,answer
synthetic,"Lognormal, Variable",err_eci_mean,additive,weight_outliers_uw,0.0001370135357766733,0.0002918097693900612,0.593340619556264,0.006217227251638749,10000,answer
synthetic,"Lognormal, Variable",err_eci_mean,additive,mean,0.0182948449460063,0.005276841529557518,0.593340619556264,0.006217227251638749,10000,answer
synthetic,"Lognormal, Variable",err_eci_mean,additive,w_v_uw_wasserstein,0.027436615849383155,0.004381091557787166,0.593340619556264,0.006217227251638749,10000,answer
synthetic,"Lognormal, Variable",err_eci_mean,additive,modes_fitted,0.0005414567429943373,0.0002979749819170149,0.593340619556264,0.006217227251638749,10000,answer
synthetic,"Lognormal, Variable",err_eci_mean,additive,modes_scipy_default,7.336331548334352e-05,0.00017336702555030282,0.593340619556264,0.006217227251638749,10000,answer
synthetic,"Lognormal, Variable",err_eci_mean,additive,modality_index_fitted,4.383011391057012e-05,3.1382406036806485e-05,0.593340619556264,0.006217227251638749,10000,answer
synthetic,"Lognormal, Variable",err_eci_mean,additive,modality_index_fitted_uw,1.4597330564227739e-05,2.9194661128455474e-05,0.593340619556264,0.006217227251638749,10000,answer
synthetic,"Lognormal, Variable",err_eci_mean,boosted,n,0.5619438052974227,0.02897790562008108,0.5923176852534195,0.017208834604764668,10000,answer
synthetic,"Lognormal, Variable",err_eci_mean,boosted,coeffvar,0.12526126465580406,0.024952781611153666,0.5923176852534195,0.017208834604764668,10000,answer
synthetic,"Lognormal, Variable",err_eci_mean,boosted,coeffvar_uw,0.02478460124700512,0.007558717316623056,0.5923176852534195,0.017208834604764668,10000,answer
synthetic,"Lognormal, Variable",err_eci_mean,boosted,skewness,0.00034806647104892226,0.0007074918129522193,0.5923176852534195,0.017208834604764668,10000,answer
synthetic,"Lognormal, Variable",err_eci_mean,boosted,skewness_uw,0.00030029360145909627,0.0005520319786638719,0.5923176852534195,0.017208834604764668,10000,answer
synthetic,"Lognormal, Variable",err_eci_mean,boosted,kurtosis,0.0069000495883052276,0.00261218448170939,0.5923176852534195,0.017208834604764668,10000,answer
synthetic,"Lognormal, Variable",err_eci_mean,boosted,kurtosis_uw,0.0006269996406707224,0.0006757352104439274,0.5923176852534195,0.017208834604764668,10000,answer
synthetic,"Lognormal, Variable",err_eci_mean,boosted,entropy,0.01307843557150241,0.0037115173033640397,0.5923176852534195,0.017208834604764668,10000,answer
synthetic,"Lognormal, Variable",err_eci_mean,boosted,entropy_uw,0.024308287839058904,0.0055379031685998045,0.5923176852534195,0.017208834604764668,10000,answer
synthetic,"Lognormal, Variable",err_eci_mean,boosted,crit_bw_1,8.949780074152258e-05,0.0004117948470203385,0.5923176852534195,0.017208834604764668,10000,answer
synthetic,"Lognormal, Variable",err_eci_mean,boosted,crit_bw_1_uw,0.0005711404305802659,0.0005119847811845432,0.5923176852534195,0.017208834604764668,10000,answer
synthetic,"Lognormal, Variable",err_eci_mean,boosted,modality_index,0.00023901675067893534,0.0002766526030827012,0.5923176852534195,0.017208834604764668,10000,answer
synthetic,"Lognormal, Variable",err_eci_mean,boosted,modality_index_uw,0.00022360973107563576,0.00035475198146742696,0.5923176852534195,0.017208834604764668,10000,answer
synthetic,"Lognormal, Variable",err_eci_mean,boosted,fit_norm_SF,0.0012794401933731623,0.00039403341158582024,0.5923176852534195,0.017208834604764668,10000,answer
synthetic,"Lognormal, Variable",err_eci_mean,boosted,fit_norm_SF_uw,0.0004712244848707559,0.0006364635883089533,0.5923176852534195,0.017208834604764668,10000,answer
synthetic,"Lognormal, Variable",err_eci_mean,boosted,fit_lognorm_SF,0.0005258549007531466,0.0005375333621046956,0.5923176852534195,0.017208834604764668,10000,answer
synthetic,"Lognormal, Variable",err_eci_mean,boosted,fit_lognorm_SF_uw,0.0003664262571360854,0.00024345260073074698,0.5923176852534195,0.017208834604764668,10000,answer
synthetic,"Lognormal, Variable",err_eci_mean,boosted,weight_outliers,0.00018620071801303653,0.0002711085531270476,0.5923176852534195,0.017208834604764668,10000,answer
synthetic,"Lognormal, Variable",err_eci_mean,boosted,weight_outliers_uw,0.00031613909580750386,0.00016696741962742134,0.5923176852534195,0.017208834604764668,10000,answer
synthetic,"Lognormal, Variable",err_eci_mean,boosted,mean,0.011340328397250625,0.00284084248229576,0.5923176852534195,0.017208834604764668,10000,answer
synthetic,"Lognormal, Variable",err_eci_mean,boosted,w_v_uw_wasserstein,0.06543492127315823,0.0031739632288358423,0.5923176852534195,0.017208834604764668,10000,answer
synthetic,"Lognormal, Variable",err_eci_mean,boosted,modes_fitted,0.000655232865362081,0.00042389692295416106,0.5923176852534195,0.017208834604764668,10000,answer
synthetic,"Lognormal, Variable",err_eci_mean,boosted,modes_scipy_default,0.00010515728555262615,5.748163564717836e-05,0.5923176852534195,0.017208834604764668,10000,answer
synthetic,"Lognormal, Variable",err_eci_mean,boosted,modality_index_fitted,0.0013271521192290982,0.0007807103325329004,0.5923176852534195,0.017208834604764668,10000,answer
synthetic,"Lognormal, Variable",err_eci_mean,boosted,modality_index_fitted_uw,0.0006564610270144344,0.00043223825624831813,0.5923176852534195,0.017208834604764668,10000,answer
synthetic,"KDE, Uniform",err_eci_mean,additive,n,0.009027569229278934,0.007100481424182221,0.5593178354450441,0.020368590131944673,10000,answer
synthetic,"KDE, Uniform",err_eci_mean,additive,coeffvar,0.0016995118399490503,0.0018037611003893475,0.5593178354450441,0.020368590131944673,10000,answer
synthetic,"KDE, Uniform",err_eci_mean,additive,coeffvar_uw,0.025222401355444412,0.010812847667843004,0.5593178354450441,0.020368590131944673,10000,answer
synthetic,"KDE, Uniform",err_eci_mean,additive,skewness,0.0009836392586307686,0.0008916593246048504,0.5593178354450441,0.020368590131944673,10000,answer
synthetic,"KDE, Uniform",err_eci_mean,additive,skewness_uw,0.0010873221390189669,0.00109374594824863,0.5593178354450441,0.020368590131944673,10000,answer
synthetic,"KDE, Uniform",err_eci_mean,additive,kurtosis,0.005423869119343469,0.0010912305662460974,0.5593178354450441,0.020368590131944673,10000,answer
synthetic,"KDE, Uniform",err_eci_mean,additive,kurtosis_uw,0.004086858876107933,0.004436062032937267,0.5593178354450441,0.020368590131944673,10000,answer
synthetic,"KDE, Uniform",err_eci_mean,additive,entropy,0.012958283459999461,0.002707908618012086,0.5593178354450441,0.020368590131944673,10000,answer
synthetic,"KDE, Uniform",err_eci_mean,additive,entropy_uw,0.05247560507473783,0.024908779084627252,0.5593178354450441,0.020368590131944673,10000,answer
synthetic,"KDE, Uniform",err_eci_mean,additive,crit_bw_1,0.0003605338640352418,0.00041379109627936046,0.5593178354450441,0.020368590131944673,10000,answer
synthetic,"KDE, Uniform",err_eci_mean,additive,crit_bw_1_uw,0.0003887093562129973,0.0002305638677367393,0.5593178354450441,0.020368590131944673,10000,answer
synthetic,"KDE, Uniform",err_eci_mean,additive,modality_index,-0.0002510423014523444,0.0004116824149086879,0.5593178354450441,0.020368590131944673,10000,answer
synthetic,"KDE, Uniform",err_eci_mean,additive,modality_index_uw,8.419653098112878e-05,6.306784736356983e-05,0.5593178354450441,0.020368590131944673,10000,answer
synthetic,"KDE, Uniform",err_eci_mean,additive,fit_norm_SF,0.0030425023510656036,0.0005091240774515652,0.5593178354450441,0.020368590131944673,10000,answer
synthetic,"KDE, Uniform",err_eci_mean,additive,fit_norm_SF_uw,0.003827739386811546,0.002462764473829958,0.5593178354450441,0.020368590131944673,10000,answer
synthetic,"KDE, Uniform",err_eci_mean,additive,fit_lognorm_SF,0.0008226828802894426,0.0003751301881504198,0.5593178354450441,0.020368590131944673,10000,answer
synthetic,"KDE, Uniform",err_eci_mean,additive,fit_lognorm_SF_uw,1.9517314611130694e-08,0.0002023803225038857,0.5593178354450441,0.020368590131944673,10000,answer
synthetic,"KDE, Uniform",err_eci_mean,additive,weight_outliers,0.00018210557465512476,0.00028697190455363156,0.5593178354450441,0.020368590131944673,10000,answer
synthetic,"KDE, Uniform",err_eci_mean,additive,weight_outliers_uw,0.00316882263518043,0.001463992629782077,0.5593178354450441,0.020368590131944673,10000,answer
synthetic,"KDE, Uniform",err_eci_mean,additive,mean,0.0025993333581753263,0.000980468389341212,0.5593178354450441,0.020368590131944673,10000,answer
synthetic,"KDE, Uniform",err_eci_mean,additive,w_v_uw_wasserstein,0.6546356553985353,0.01514434831725742,0.5593178354450441,0.020368590131944673,10000,answer
synthetic,"KDE, Uniform",err_eci_mean,additive,modes_fitted,0.0015075798052507274,0.00033791977115529956,0.5593178354450441,0.020368590131944673,10000,answer
synthetic,"KDE, Uniform",err_eci_mean,additive,modes_scipy_default,0.0013936241741701536,0.00036339236532878077,0.5593178354450441,0.020368590131944673,10000,answer
synthetic,"KDE, Uniform",err_eci_mean,additive,modality_index_fitted,0.0029261566263056316,0.0016003268425398701,0.5593178354450441,0.020368590131944673,10000,answer
synthetic,"KDE, Uniform",err_eci_mean,additive,modality_index_fitted_uw,0.0004535437776047235,0.000372817067409396,0.5593178354450441,0.020368590131944673,10000,answer
synthetic,"KDE, Uniform",err_eci_mean,boosted,n,0.02462556370074049,0.004631629071369342,0.593324338944613,0.012413331490768958,10000,answer
synthetic,"KDE, Uniform",err_eci_mean,boosted,coeffvar,0.013836729168222683,0.0028320240237961203,0.593324338944613,0.012413331490768958,10000,answer
synthetic,"KDE, Uniform",err_eci_mean,boosted,coeffvar_uw,0.03375609654364754,0.004863384271827309,0.593324338944613,0.012413331490768958,10000,answer
synthetic,"KDE, Uniform",err_eci_mean,boosted,skewness,5.5696640689542025e-05,0.0009310465607254945,0.593324338944613,0.012413331490768958,10000,answer
synthetic,"KDE, Uniform",err_eci_mean,boosted,skewness_uw,0.00047958005151954813,0.0006442329342876469,0.593324338944613,0.012413331490768958,10000,answer
synthetic,"KDE, Uniform",err_eci_mean,boosted,kurtosis,0.005619754093684383,0.002703533578980586,0.593324338944613,0.012413331490768958,10000,answer
synthetic,"KDE, Uniform",err_eci_mean,boosted,kurtosis_uw,0.0029487284352851502,0.002105812571278995,0.593324338944613,0.012413331490768958,10000,answer
synthetic,"KDE, Uniform",err_eci_mean,boosted,entropy,0.007242306110854699,0.0018275305612049121,0.593324338944613,0.012413331490768958,10000,answer
synthetic,"KDE, Uniform",err_eci_mean,boosted,entropy_uw,0.05507809861890846,0.008606744400697905,0.593324338944613,0.012413331490768958,10000,answer
synthetic,"KDE, Uniform",err_eci_mean,boosted,crit_bw_1,0.0005760841849073706,0.0003844477423099738,0.593324338944613,0.012413331490768958,10000,answer
synthetic,"KDE, Uniform",err_eci_mean,boosted,crit_bw_1_uw,0.002303779658017562,0.0009639528424602422,0.593324338944613,0.012413331490768958,10000,answer
synthetic,"KDE, Uniform",err_eci_mean,boosted,modality_index,0.0008136650152648173,0.0002601652962801827,0.593324338944613,0.012413331490768958,10000,answer
synthetic,"KDE, Uniform",err_eci_mean,boosted,modality_index_uw,0.0004809588976012869,0.0003153291965764434,0.593324338944613,0.012413331490768958,10000,answer
synthetic,"KDE, Uniform",err_eci_mean,boosted,fit_norm_SF,-3.699981434914345e-05,0.0004662485823348881,0.593324338944613,0.012413331490768958,10000,answer
synthetic,"KDE, Uniform",err_eci_mean,boosted,fit_norm_SF_uw,0.00022606013840499318,0.0005273293472536021,0.593324338944613,0.012413331490768958,10000,answer
synthetic,"KDE, Uniform",err_eci_mean,boosted,fit_lognorm_SF,0.0015337427753953324,0.0009796558708149595,0.593324338944613,0.012413331490768958,10000,answer
synthetic,"KDE, Uniform",err_eci_mean,boosted,fit_lognorm_SF_uw,0.00025084227663349615,0.0007312501090041638,0.593324338944613,0.012413331490768958,10000,answer
synthetic,"KDE, Uniform",err_eci_mean,boosted,weight_outliers,0.0004367709463524427,0.0002541293678182913,0.593324338944613,0.012413331490768958,10000,answer
synthetic,"KDE, Uniform",err_eci_mean,boosted,weight_outliers_uw,0.001975632326597321,0.0010243898646455898,0.593324338944613,0.012413331490768958,10000,answer
synthetic,"KDE, Uniform",err_eci_mean,boosted,mean,0.026186318909156896,0.002129596296040018,0.593324338944613,0.012413331490768958,10000,answer
synthetic,"KDE, Uniform",err_eci_mean,boosted,w_v_uw_wasserstein,0.5886216680424862,0.017688315249480478,0.593324338944613,0.012413331490768958,10000,answer
synthetic,"KDE, Uniform",err_eci_mean,boosted,modes_fitted,0.00015063735477401248,0.00045012374398906597,0.593324338944613,0.012413331490768958,10000,answer
synthetic,"KDE, Uniform",err_eci_mean,boosted,modes_scipy_default,8.633699324957389e-05,7.948036061911656e-05,0.593324338944613,0.012413331490768958,10000,answer
synthetic,"KDE, Uniform",err_eci_mean,boosted,modality_index_fitted,0.001447451696207982,0.0005898835739825947,0.593324338944613,0.012413331490768958,10000,answer
synthetic,"KDE, Uniform",err_eci_mean,boosted,modality_index_fitted_uw,0.00015135262201242174,0.0006983584803297458,0.593324338944613,0.012413331490768958,10000,answer
synthetic,"KDE, Variable",err_eci_mean,additive,n,0.3630896023836171,0.03873830421976196,0.6048965609059176,0.011551210950215426,10000,answer
synthetic,"KDE, Variable",err_eci_mean,additive,coeffvar,0.24566791933379445,0.03442600732070632,0.6048965609059176,0.011551210950215426,10000,answer
synthetic,"KDE, Variable",err_eci_mean,additive,coeffvar_uw,0.019610292317574746,0.010804345052193593,0.6048965609059176,0.011551210950215426,10000,answer
synthetic,"KDE, Variable",err_eci_mean,additive,skewness,0.001533077026172267,0.001651885812851362,0.6048965609059176,0.011551210950215426,10000,answer
synthetic,"KDE, Variable",err_eci_mean,additive,skewness_uw,0.003932520398971693,0.001569864449925158,0.6048965609059176,0.011551210950215426,10000,answer
synthetic,"KDE, Variable",err_eci_mean,additive,kurtosis,0.00517845134310823,0.002179577712073562,0.6048965609059176,0.011551210950215426,10000,answer
synthetic,"KDE, Variable",err_eci_mean,additive,kurtosis_uw,-3.723110649173966e-05,0.00016024637798130629,0.6048965609059176,0.011551210950215426,10000,answer
synthetic,"KDE, Variable",err_eci_mean,additive,entropy,0.07254907754322273,0.02013690724512495,0.6048965609059176,0.011551210950215426,10000,answer
synthetic,"KDE, Variable",err_eci_mean,additive,entropy_uw,0.013128394880833196,0.008827015918262744,0.6048965609059176,0.011551210950215426,10000,answer
synthetic,"KDE, Variable",err_eci_mean,additive,crit_bw_1,0.0008420015230267564,0.0006742059918902917,0.6048965609059176,0.011551210950215426,10000,answer
synthetic,"KDE, Variable",err_eci_mean,additive,crit_bw_1_uw,0.0010512652266433833,0.0008554701635997198,0.6048965609059176,0.011551210950215426,10000,answer
synthetic,"KDE, Variable",err_eci_mean,additive,modality_index,0.002113826277491413,0.0009476241984411331,0.6048965609059176,0.011551210950215426,10000,answer
synthetic,"KDE, Variable",err_eci_mean,additive,modality_index_uw,5.795473856196497e-05,0.00031188310528048046,0.6048965609059176,0.011551210950215426,10000,answer
synthetic,"KDE, Variable",err_eci_mean,additive,fit_norm_SF,0.0003021205074599309,0.0004081608931655269,0.6048965609059176,0.011551210950215426,10000,answer
synthetic,"KDE, Variable",err_eci_mean,additive,fit_norm_SF_uw,0.000494698183632305,0.0006859056923353367,0.6048965609059176,0.011551210950215426,10000,answer
synthetic,"KDE, Variable",err_eci_mean,additive,fit_lognorm_SF,0.0004765455393690887,0.0007538541771719498,0.6048965609059176,0.011551210950215426,10000,answer
synthetic,"KDE, Variable",err_eci_mean,additive,fit_lognorm_SF_uw,0.0005999482439119719,0.0002447289333257802,0.6048965609059176,0.011551210950215426,10000,answer
synthetic,"KDE, Variable",err_eci_mean,additive,weight_outliers,0.000422185424955257,0.001053339855243285,0.6048965609059176,0.011551210950215426,10000,answer
synthetic,"KDE, Variable",err_eci_mean,additive,weight_outliers_uw,0.0008359811560319198,0.0005384937312379266,0.6048965609059176,0.011551210950215426,10000,answer
synthetic,"KDE, Variable",err_eci_mean,additive,mean,0.04980345370838459,0.007343624827596032,0.6048965609059176,0.011551210950215426,10000,answer
synthetic,"KDE, Variable",err_eci_mean,additive,w_v_uw_wasserstein,0.03903558363544314,0.001954741252515906,0.6048965609059176,0.011551210950215426,10000,answer
synthetic,"KDE, Variable",err_eci_mean,additive,modes_fitted,-1.5368651732554642e-05,0.00021329845193582305,0.6048965609059176,0.011551210950215426,10000,answer
synthetic,"KDE, Variable",err_eci_mean,additive,modes_scipy_default,0.000132133931315197,0.00011667775179559269,0.6048965609059176,0.011551210950215426,10000,answer
synthetic,"KDE, Variable",err_eci_mean,additive,modality_index_fitted,0.00029506555248950847,6.878879045597901e-05,0.6048965609059176,0.011551210950215426,10000,answer
synthetic,"KDE, Variable",err_eci_mean,additive,modality_index_fitted_uw,0.00022000208882207774,0.00034138404702610374,0.6048965609059176,0.011551210950215426,10000,answer
synthetic,"KDE, Variable",err_eci_mean,boosted,n,0.5679823125106516,0.04779084367925574,0.6082819717647625,0.008558656010783185,10000,answer
synthetic,"KDE, Variable",err_eci_mean,boosted,coeffvar,0.22901126433713323,0.03864681319045611,0.6082819717647625,0.008558656010783185,10000,answer
synthetic,"KDE, Variable",err_eci_mean,boosted,coeffvar_uw,0.026787911009887765,0.008929441741758411,0.6082819717647625,0.008558656010783185,10000,answer
synthetic,"KDE, Variable",err_eci_mean,boosted,skewness,0.0007738453160396495,0.0007885837213692603,0.6082819717647625,0.008558656010783185,10000,answer
synthetic,"KDE, Variable",err_eci_mean,boosted,skewness_uw,0.00021867521375800166,0.00020803817814612672,0.6082819717647625,0.008558656010783185,10000,answer
synthetic,"KDE, Variable",err_eci_mean,boosted,kurtosis,0.010323909218149577,0.0029093215617950158,0.6082819717647625,0.008558656010783185,10000,answer
synthetic,"KDE, Variable",err_eci_mean,boosted,kurtosis_uw,3.938651873491404e-05,0.0004967288143841632,0.6082819717647625,0.008558656010783185,10000,answer
synthetic,"KDE, Variable",err_eci_mean,boosted,entropy,0.004268395547528314,0.001771552793584353,0.6082819717647625,0.008558656010783185,10000,answer
synthetic,"KDE, Variable",err_eci_mean,boosted,entropy_uw,0.027645941966783417,0.005992345648919288,0.6082819717647625,0.008558656010783185,10000,answer
synthetic,"KDE, Variable",err_eci_mean,boosted,crit_bw_1,0.0008261379162613471,0.0010679216953811313,0.6082819717647625,0.008558656010783185,10000,answer
synthetic,"KDE, Variable",err_eci_mean,boosted,crit_bw_1_uw,0.0003870847530363641,0.0004301079861962917,0.6082819717647625,0.008558656010783185,10000,answer
synthetic,"KDE, Variable",err_eci_mean,boosted,modality_index,0.003019054340826144,0.0006740373968045856,0.6082819717647625,0.008558656010783185,10000,answer
synthetic,"KDE, Variable",err_eci_mean,boosted,modality_index_uw,0.00021756215120408265,0.00011600448805756353,0.6082819717647625,0.008558656010783185,10000,answer
synthetic,"KDE, Variable",err_eci_mean,boosted,fit_norm_SF,0.0004835328947321349,0.0006068725304494831,0.6082819717647625,0.008558656010783185,10000,answer
synthetic,"KDE, Variable",err_eci_mean,boosted,fit_norm_SF_uw,0.0006639210384770777,0.0008083591069587871,0.6082819717647625,0.008558656010783185,10000,answer
synthetic,"KDE, Variable",err_eci_mean,boosted,fit_lognorm_SF,0.00012827327921294485,0.00022132537811087383,0.6082819717647625,0.008558656010783185,10000,answer
synthetic,"KDE, Variable",err_eci_mean,boosted,fit_lognorm_SF_uw,-6.251094191594752e-05,0.00023293469783529103,0.6082819717647625,0.008558656010783185,10000,answer
synthetic,"KDE, Variable",err_eci_mean,boosted,weight_outliers,0.0005901888304255953,0.00030622648920862,0.6082819717647625,0.008558656010783185,10000,answer
synthetic,"KDE, Variable",err_eci_mean,boosted,weight_outliers_uw,0.0009231249602917279,0.0008263964155046084,0.6082819717647625,0.008558656010783185,10000,answer
synthetic,"KDE, Variable",err_eci_mean,boosted,mean,0.03408390672578706,0.005213854723761955,0.6082819717647625,0.008558656010783185,10000,answer
synthetic,"KDE, Variable",err_eci_mean,boosted,w_v_uw_wasserstein,0.07439739648280311,0.00996616996691144,0.6082819717647625,0.008558656010783185,10000,answer
synthetic,"KDE, Variable",err_eci_mean,boosted,modes_fitted,9.49158952774365e-05,0.00024293194308698591,0.6082819717647625,0.008558656010783185,10000,answer
synthetic,"KDE, Variable",err_eci_mean,boosted,modes_scipy_default,7.060299037729757e-05,0.00017300192106748744,0.6082819717647625,0.008558656010783185,10000,answer
synthetic,"KDE, Variable",err_eci_mean,boosted,modality_index_fitted,-0.00043940063827055295,0.0006817756475455816,0.6082819717647625,0.008558656010783185,10000,answer
synthetic,"KDE, Variable",err_eci_mean,boosted,modality_index_fitted_uw,6.883932865658694e-05,0.00033509136476958274,0.6082819717647625,0.008558656010783185,10000,answer
synthetic,"Normal, Uniform",err_eci_rank_1,additive,n,0.017222790849762477,0.00547294562505668,0.08547681335702188,0.012400293849697912,10000,answer
synthetic,"Normal, Uniform",err_eci_rank_1,additive,coeffvar,0.011195941285306196,0.003771684345068593,0.08547681335702188,0.012400293849697912,10000,answer
synthetic,"Normal, Uniform",err_eci_rank_1,additive,coeffvar_uw,0.07678374573151191,0.016236037471249444,0.08547681335702188,0.012400293849697912,10000,answer
synthetic,"Normal, Uniform",err_eci_rank_1,additive,skewness,0.02748449066955403,0.005286105224569759,0.08547681335702188,0.012400293849697912,10000,answer
synthetic,"Normal, Uniform",err_eci_rank_1,additive,skewness_uw,0.001262306154032029,0.0012925640501087617,0.08547681335702188,0.012400293849697912,10000,answer
synthetic,"Normal, Uniform",err_eci_rank_1,additive,kurtosis,0.00582505475406341,0.0017847172681248402,0.08547681335702188,0.012400293849697912,10000,answer
synthetic,"Normal, Uniform",err_eci_rank_1,additive,kurtosis_uw,-6.715436957307474e-06,0.00015007381323853473,0.08547681335702188,0.012400293849697912,10000,answer
synthetic,"Normal, Uniform",err_eci_rank_1,additive,entropy,0.028745382138596665,0.007692635648724451,0.08547681335702188,0.012400293849697912,10000,answer
synthetic,"Normal, Uniform",err_eci_rank_1,additive,entropy_uw,0.0002875231776203369,0.0005855720961644049,0.08547681335702188,0.012400293849697912,10000,answer
synthetic,"Normal, Uniform",err_eci_rank_1,additive,crit_bw_1,0.0026611630875509706,0.0018719897338819308,0.08547681335702188,0.012400293849697912,10000,answer
synthetic,"Normal, Uniform",err_eci_rank_1,additive,crit_bw_1_uw,0.0009456907479271793,0.0014504472643049268,0.08547681335702188,0.012400293849697912,10000,answer
synthetic,"Normal, Uniform",err_eci_rank_1,additive,modality_index,0.0002721971508418908,0.0004600610453308338,0.08547681335702188,0.012400293849697912,10000,answer
synthetic,"Normal, Uniform",err_eci_rank_1,additive,modality_index_uw,0.00022840123843020699,0.001238844922293938,0.08547681335702188,0.012400293849697912,10000,answer
synthetic,"Normal, Uniform",err_eci_rank_1,additive,fit_norm_SF,0.003171666186215587,0.0032349343845128335,0.08547681335702188,0.012400293849697912,10000,answer
synthetic,"Normal, Uniform",err_eci_rank_1,additive,fit_norm_SF_uw,0.0020385286575354484,0.001794243950198451,0.08547681335702188,0.012400293849697912,10000,answer
synthetic,"Normal, Uniform",err_eci_rank_1,additive,fit_lognorm_SF,0.00019727068461476092,0.00020267393276827725,0.08547681335702188,0.012400293849697912,10000,answer
synthetic,"Normal, Uniform",err_eci_rank_1,additive,fit_lognorm_SF_uw,0.0038941562727861645,0.0005686538236000455,0.08547681335702188,0.012400293849697912,10000,answer
synthetic,"Normal, Uniform",err_eci_rank_1,additive,weight_outliers,0.0011146388878172275,0.0003110773844092461,0.08547681335702188,0.012400293849697912,10000,answer
synthetic,"Normal, Uniform",err_eci_rank_1,additive,weight_outliers_uw,0.0005722910285653748,0.00031016983070406733,0.08547681335702188,0.012400293849697912,10000,answer
synthetic,"Normal, Uniform",err_eci_rank_1,additive,mean,0.0256601348418631,0.0041426320236589605,0.08547681335702188,0.012400293849697912,10000,answer
synthetic,"Normal, Uniform",err_eci_rank_1,additive,w_v_uw_wasserstein,0.006499747464253944,0.004177048847134833,0.08547681335702188,0.012400293849697912,10000,answer
synthetic,"Normal, Uniform",err_eci_rank_1,additive,modes_fitted,-0.0001946998489405427,0.00025298406658762413,0.08547681335702188,0.012400293849697912,10000,answer
synthetic,"Normal, Uniform",err_eci_rank_1,additive,modes_scipy_default,-0.0003186636253141017,0.0003921199987907887,0.08547681335702188,0.012400293849697912,10000,answer
synthetic,"Normal, Uniform",err_eci_rank_1,additive,modality_index_fitted,-3.5631105288247445e-05,0.0003287918351157089,0.08547681335702188,0.012400293849697912,10000,answer
synthetic,"Normal, Uniform",err_eci_rank_1,additive,modality_index_fitted_uw,0.0013996864684766353,0.0015155363772097826,0.08547681335702188,0.012400293849697912,10000,answer
synthetic,"Normal, Uniform",err_eci_rank_1,boosted,n,0.0024970747470056368,0.0021543525080972123,0.09855109580013163,0.02059671158741837,10000,answer
synthetic,"Normal, Uniform",err_eci_rank_1,boosted,coeffvar,0.0073356924467566625,0.0011293627266224353,0.09855109580013163,0.02059671158741837,10000,answer
synthetic,"Normal, Uniform",err_eci_rank_1,boosted,coeffvar_uw,0.0950503539298038,0.009019042952244137,0.09855109580013163,0.02059671158741837,10000,answer
synthetic,"Normal, Uniform",err_eci_rank_1,boosted,skewness,0.002782346603749921,0.0014740116486362197,0.09855109580013163,0.02059671158741837,10000,answer
synthetic,"Normal, Uniform",err_eci_rank_1,boosted,skewness_uw,0.002574021905695305,0.0018609199883935163,0.09855109580013163,0.02059671158741837,10000,answer
synthetic,"Normal, Uniform",err_eci_rank_1,boosted,kurtosis,0.004860432224639821,0.0040380363304125385,0.09855109580013163,0.02059671158741837,10000,answer
synthetic,"Normal, Uniform",err_eci_rank_1,boosted,kurtosis_uw,0.0008670364693450637,0.0009388871791066862,0.09855109580013163,0.02059671158741837,10000,answer
synthetic,"Normal, Uniform",err_eci_rank_1,boosted,entropy,0.01977968252854772,0.005156347150418821,0.09855109580013163,0.02059671158741837,10000,answer
synthetic,"Normal, Uniform",err_eci_rank_1,boosted,entropy_uw,0.000784711413877508,0.0005890203532265652,0.09855109580013163,0.02059671158741837,10000,answer
synthetic,"Normal, Uniform",err_eci_rank_1,boosted,crit_bw_1,7.990167679702061e-05,0.001027457848401489,0.09855109580013163,0.02059671158741837,10000,answer
synthetic,"Normal, Uniform",err_eci_rank_1,boosted,crit_bw_1_uw,0.0003029051348400058,0.0009500736399554378,0.09855109580013163,0.02059671158741837,10000,answer
synthetic,"Normal, Uniform",err_eci_rank_1,boosted,modality_index,0.0003533789555273459,0.00047637631747441875,0.09855109580013163,0.02059671158741837,10000,answer
synthetic,"Normal, Uniform",err_eci_rank_1,boosted,modality_index_uw,0.0003473963221716914,0.00047786008387162507,0.09855109580013163,0.02059671158741837,10000,answer
synthetic,"Normal, Uniform",err_eci_rank_1,boosted,fit_norm_SF,0.0024098518700554636,0.0023448162989504607,0.09855109580013163,0.02059671158741837,10000,answer
synthetic,"Normal, Uniform",err_eci_rank_1,boosted,fit_norm_SF_uw,-0.0002707733074139429,0.0007694958724460433,0.09855109580013163,0.02059671158741837,10000,answer
synthetic,"Normal, Uniform",err_eci_rank_1,boosted,fit_lognorm_SF,0.0023480298294207905,0.0012196989395954515,0.09855109580013163,0.02059671158741837,10000,answer
synthetic,"Normal, Uniform",err_eci_rank_1,boosted,fit_lognorm_SF_uw,0.0013666714767281963,0.000821952478036588,0.09855109580013163,0.02059671158741837,10000,answer
synthetic,"Normal, Uniform",err_eci_rank_1,boosted,weight_outliers,0.0009596831833787479,0.0007599338947441633,0.09855109580013163,0.02059671158741837,10000,answer
synthetic,"Normal, Uniform",err_eci_rank_1,boosted,weight_outliers_uw,0.0005321693697724972,0.0007288329472439222,0.09855109580013163,0.02059671158741837,10000,answer
synthetic,"Normal, Uniform",err_eci_rank_1,boosted,mean,0.040103226204800446,0.005409090960463105,0.09855109580013163,0.02059671158741837,10000,answer
synthetic,"Normal, Uniform",err_eci_rank_1,boosted,w_v_uw_wasserstein,0.0031400945959524384,0.0026271264929234534,0.09855109580013163,0.02059671158741837,10000,answer
synthetic,"Normal, Uniform",err_eci_rank_1,boosted,modes_fitted,0.00027347086731150055,0.00043214585735205707,0.09855109580013163,0.02059671158741837,10000,answer
synthetic,"Normal, Uniform",err_eci_rank_1,boosted,modes_scipy_default,0.0003209257164535728,0.00023923814672015872,0.09855109580013163,0.02059671158741837,10000,answer
synthetic,"Normal, Uniform",err_eci_rank_1,boosted,modality_index_fitted,0.0012040576282179606,0.0017526067632265717,0.09855109580013163,0.02059671158741837,10000,answer
synthetic,"Normal, Uniform",err_eci_rank_1,boosted,modality_index_fitted_uw,0.00261363694432275,0.002656911512043683,0.09855109580013163,0.02059671158741837,10000,answer
synthetic,"Normal, Variable",err_eci_rank_1,additive,n,-6.210229718313531e-05,8.019334026756025e-05,0.10751920761391454,0.013953413881481025,10000,answer
synthetic,"Normal, Variable",err_eci_rank_1,additive,coeffvar,0.04659043543658856,0.014532718081453929,0.10751920761391454,0.013953413881481025,10000,answer
synthetic,"Normal, Variable",err_eci_rank_1,additive,coeffvar_uw,0.0009106826938987055,0.0008137982624245084,0.10751920761391454,0.013953413881481025,10000,answer
synthetic,"Normal, Variable",err_eci_rank_1,additive,skewness,0.009016267583319047,0.0027606235623327743,0.10751920761391454,0.013953413881481025,10000,answer
synthetic,"Normal, Variable",err_eci_rank_1,additive,skewness_uw,0.02137949937944869,0.0029807041002445542,0.10751920761391454,0.013953413881481025,10000,answer
synthetic,"Normal, Variable",err_eci_rank_1,additive,kurtosis,0.009291853242142111,0.003908816864306702,0.10751920761391454,0.013953413881481025,10000,answer
synthetic,"Normal, Variable",err_eci_rank_1,additive,kurtosis_uw,7.553713035917146e-06,0.0007025015030248349,0.10751920761391454,0.013953413881481025,10000,answer
synthetic,"Normal, Variable",err_eci_rank_1,additive,entropy,0.016216472991874432,0.0009754028597040095,0.10751920761391454,0.013953413881481025,10000,answer
synthetic,"Normal, Variable",err_eci_rank_1,additive,entropy_uw,0.02620045564445535,0.005411213275224468,0.10751920761391454,0.013953413881481025,10000,answer
synthetic,"Normal, Variable",err_eci_rank_1,additive,crit_bw_1,0.0002010587707618128,0.0004297536608168494,0.10751920761391454,0.013953413881481025,10000,answer
synthetic,"Normal, Variable",err_eci_rank_1,additive,crit_bw_1_uw,0.0001822307075371166,0.0006222042831634236,0.10751920761391454,0.013953413881481025,10000,answer
synthetic,"Normal, Variable",err_eci_rank_1,additive,modality_index,3.354488967637348e-05,0.00010598731745349046,0.10751920761391454,0.013953413881481025,10000,answer
synthetic,"Normal, Variable",err_eci_rank_1,additive,modality_index_uw,-7.402580686903802e-05,0.0002949743455710984,0.10751920761391454,0.013953413881481025,10000,answer
synthetic,"Normal, Variable",err_eci_rank_1,additive,fit_norm_SF,0.0038535337819654942,0.0032179472586186964,0.10751920761391454,0.013953413881481025,10000,answer
synthetic,"Normal, Variable",err_eci_rank_1,additive,fit_norm_SF_uw,-8.164999965790899e-05,0.00020888276047319068,0.10751920761391454,0.013953413881481025,10000,answer
synthetic,"Normal, Variable",err_eci_rank_1,additive,fit_lognorm_SF,5.50785195409853e-05,0.00011096038151312684,0.10751920761391454,0.013953413881481025,10000,answer
synthetic,"Normal, Variable",err_eci_rank_1,additive,fit_lognorm_SF_uw,0.0020491697692586897,0.0014405775609736503,0.10751920761391454,0.013953413881481025,10000,answer
synthetic,"Normal, Variable",err_eci_rank_1,additive,weight_outliers,0.0008720580273001288,0.0005466921969209353,0.10751920761391454,0.013953413881481025,10000,answer
synthetic,"Normal, Variable",err_eci_rank_1,additive,weight_outliers_uw,0.0020268273959283475,0.0009290117851543562,0.10751920761391454,0.013953413881481025,10000,answer
synthetic,"Normal, Variable",err_eci_rank_1,additive,mean,0.05166795765391609,0.00911223514841641,0.10751920761391454,0.013953413881481025,10000,answer
synthetic,"Normal, Variable",err_eci_rank_1,additive,w_v_uw_wasserstein,0.0022184329452741027,0.002244196227631406,0.10751920761391454,0.013953413881481025,10000,answer
synthetic,"Normal, Variable",err_eci_rank_1,additive,modes_fitted,0.000710393074527682,0.0006867661581177484,0.10751920761391454,0.013953413881481025,10000,answer
synthetic,"Normal, Variable",err_eci_rank_1,additive,modes_scipy_default,0.0011297088240344588,0.000708845382237371,0.10751920761391454,0.013953413881481025,10000,answer
synthetic,"Normal, Variable",err_eci_rank_1,additive,modality_index_fitted,0.0011647900236677034,0.0006012753680726476,0.10751920761391454,0.013953413881481025,10000,answer
synthetic,"Normal, Variable",err_eci_rank_1,additive,modality_index_fitted_uw,-0.00024061800876518991,0.0005652918322000281,0.10751920761391454,0.013953413881481025,10000,answer
synthetic,"Normal, Variable",err_eci_rank_1,boosted,n,0.009437218335986083,0.0093108542866836,0.12453657478535689,0.01646418558584166,10000,answer
synthetic,"Normal, Variable",err_eci_rank_1,boosted,coeffvar,0.08047305812384817,0.018267763223883172,0.12453657478535689,0.01646418558584166,10000,answer
synthetic,"Normal, Variable",err_eci_rank_1,boosted,coeffvar_uw,0.004270946657551293,0.0022585746581306977,0.12453657478535689,0.01646418558584166,10000,answer
synthetic,"Normal, Variable",err_eci_rank_1,boosted,skewness,0.002776603247171712,0.0008086058336290053,0.12453657478535689,0.01646418558584166,10000,answer
synthetic,"Normal, Variable",err_eci_rank_1,boosted,skewness_uw,0.007545908664367616,0.005246054953503278,0.12453657478535689,0.01646418558584166,10000,answer
synthetic,"Normal, Variable",err_eci_rank_1,boosted,kurtosis,0.0015559520894674584,0.0018059562568561091,0.12453657478535689,0.01646418558584166,10000,answer
synthetic,"Normal, Variable",err_eci_rank_1,boosted,kurtosis_uw,0.0011588661059835405,0.0008689924704172599,0.12453657478535689,0.01646418558584166,10000,answer
synthetic,"Normal, Variable",err_eci_rank_1,boosted,entropy,0.006795841758548064,0.006045813760419598,0.12453657478535689,0.01646418558584166,10000,answer
synthetic,"Normal, Variable",err_eci_rank_1,boosted,entropy_uw,0.045043176463263356,0.008392461682753259,0.12453657478535689,0.01646418558584166,10000,answer
synthetic,"Normal, Variable",err_eci_rank_1,boosted,crit_bw_1,0.0005892940944769243,0.0011546176627686212,0.12453657478535689,0.01646418558584166,10000,answer
synthetic,"Normal, Variable",err_eci_rank_1,boosted,crit_bw_1_uw,0.0015059273446099719,0.0021471272921380602,0.12453657478535689,0.01646418558584166,10000,answer
synthetic,"Normal, Variable",err_eci_rank_1,boosted,modality_index,0.0004855359657774127,0.001007854238232553,0.12453657478535689,0.01646418558584166,10000,answer
synthetic,"Normal, Variable",err_eci_rank_1,boosted,modality_index_uw,0.0007325297675702514,0.0009727132460327335,0.12453657478535689,0.01646418558584166,10000,answer
synthetic,"Normal, Variable",err_eci_rank_1,boosted,fit_norm_SF,0.002881864349232171,0.002595110934984531,0.12453657478535689,0.01646418558584166,10000,answer
synthetic,"Normal, Variable",err_eci_rank_1,boosted,fit_norm_SF_uw,0.0035684183947914797,0.0013357172507974149,0.12453657478535689,0.01646418558584166,10000,answer
synthetic,"Normal, Variable",err_eci_rank_1,boosted,fit_lognorm_SF,0.0008316976743134898,0.0021696760212234606,0.12453657478535689,0.01646418558584166,10000,answer
synthetic,"Normal, Variable",err_eci_rank_1,boosted,fit_lognorm_SF_uw,0.00012370955551300523,0.0010322750128778223,0.12453657478535689,0.01646418558584166,10000,answer
synthetic,"Normal, Variable",err_eci_rank_1,boosted,weight_outliers,0.0010315859768404967,0.0011941499176612537,0.12453657478535689,0.01646418558584166,10000,answer
synthetic,"Normal, Variable",err_eci_rank_1,boosted,weight_outliers_uw,0.0002414924028573262,0.000712387357856334,0.12453657478535689,0.01646418558584166,10000,answer
synthetic,"Normal, Variable",err_eci_rank_1,boosted,mean,0.05465321004060088,0.007745398559621806,0.12453657478535689,0.01646418558584166,10000,answer
synthetic,"Normal, Variable",err_eci_rank_1,boosted,w_v_uw_wasserstein,0.0019046677699052213,0.002141962691445144,0.12453657478535689,0.01646418558584166,10000,answer
synthetic,"Normal, Variable",err_eci_rank_1,boosted,modes_fitted,-0.00023743803601436133,0.0007200060389205496,0.12453657478535689,0.01646418558584166,10000,answer
synthetic,"Normal, Variable",err_eci_rank_1,boosted,modes_scipy_default,0.001207655195343087,0.0013601210882531237,0.12453657478535689,0.01646418558584166,10000,answer
synthetic,"Normal, Variable",err_eci_rank_1,boosted,modality_index_fitted,0.0007198699149621634,0.000657072639100797,0.12453657478535689,0.01646418558584166,10000,answer
synthetic,"Normal, Variable",err_eci_rank_1,boosted,modality_index_fitted_uw,-0.000849581977641536,0.00045094864321853394,0.12453657478535689,0.01646418558584166,10000,answer
synthetic,"Lognormal, Uniform",err_eci_rank_1,additive,n,0.01585302644364544,0.01085284480248883,0.11425338900716193,0.011768260450597477,10000,answer
synthetic,"Lognormal, Uniform",err_eci_rank_1,additive,coeffvar,0.02026095524926872,0.006464318093717733,0.11425338900716193,0.011768260450597477,10000,answer
synthetic,"Lognormal, Uniform",err_eci_rank_1,additive,coeffvar_uw,0.0003429865131526766,0.0005620092581862838,0.11425338900716193,0.011768260450597477,10000,answer
synthetic,"Lognormal, Uniform",err_eci_rank_1,additive,skewness,-0.0002651014537148178,0.00027555883843811117,0.11425338900716193,0.011768260450597477,10000,answer
synthetic,"Lognormal, Uniform",err_eci_rank_1,additive,skewness_uw,0.004068876048926739,0.0035718350538295634,0.11425338900716193,0.011768260450597477,10000,answer
synthetic,"Lognormal, Uniform",err_eci_rank_1,additive,kurtosis,0.0032876437618670116,0.002655967261838402,0.11425338900716193,0.011768260450597477,10000,answer
synthetic,"Lognormal, Uniform",err_eci_rank_1,additive,kurtosis_uw,6.508578130500541e-05,0.0003679257921067845,0.11425338900716193,0.011768260450597477,10000,answer
synthetic,"Lognormal, Uniform",err_eci_rank_1,additive,entropy,0.025136465992387013,0.012882114932225899,0.11425338900716193,0.011768260450597477,10000,answer
synthetic,"Lognormal, Uniform",err_eci_rank_1,additive,entropy_uw,0.0007056229032467211,0.0008158881521419176,0.11425338900716193,0.011768260450597477,10000,answer
synthetic,"Lognormal, Uniform",err_eci_rank_1,additive,crit_bw_1,0.000842432781781557,0.0015062931738543109,0.11425338900716193,0.011768260450597477,10000,answer
synthetic,"Lognormal, Uniform",err_eci_rank_1,additive,crit_bw_1_uw,-0.0002567771862857393,0.0003752520166173146,0.11425338900716193,0.011768260450597477,10000,answer
synthetic,"Lognormal, Uniform",err_eci_rank_1,additive,modality_index,9.093835124565739e-05,0.0009480789315636638,0.11425338900716193,0.011768260450597477,10000,answer
synthetic,"Lognormal, Uniform",err_eci_rank_1,additive,modality_index_uw,-2.2661452091685687e-05,0.000169572290577607,0.11425338900716193,0.011768260450597477,10000,answer
synthetic,"Lognormal, Uniform",err_eci_rank_1,additive,fit_norm_SF,-9.894520275560039e-05,0.0008541989893711724,0.11425338900716193,0.011768260450597477,10000,answer
synthetic,"Lognormal, Uniform",err_eci_rank_1,additive,fit_norm_SF_uw,-7.310232249297721e-05,0.00010210462258539133,0.11425338900716193,0.011768260450597477,10000,answer
synthetic,"Lognormal, Uniform",err_eci_rank_1,additive,fit_lognorm_SF,0.0012936425085916879,0.000835390213470494,0.11425338900716193,0.011768260450597477,10000,answer
synthetic,"Lognormal, Uniform",err_eci_rank_1,additive,fit_lognorm_SF_uw,0.0007890065787213851,0.0007595045688286422,0.11425338900716193,0.011768260450597477,10000,answer
synthetic,"Lognormal, Uniform",err_eci_rank_1,additive,weight_outliers,0.0004961160914333052,0.0005771447366382762,0.11425338900716193,0.011768260450597477,10000,answer
synthetic,"Lognormal, Uniform",err_eci_rank_1,additive,weight_outliers_uw,0.00120178400402434,0.0005035803840420705,0.11425338900716193,0.011768260450597477,10000,answer
synthetic,"Lognormal, Uniform",err_eci_rank_1,additive,mean,0.011672957902906142,0.0031031460861373162,0.11425338900716193,0.011768260450597477,10000,answer
synthetic,"Lognormal, Uniform",err_eci_rank_1,additive,w_v_uw_wasserstein,0.16398016005927063,0.024470553329720337,0.11425338900716193,0.011768260450597477,10000,answer
synthetic,"Lognormal, Uniform",err_eci_rank_1,additive,modes_fitted,-8.765869002445026e-05,0.00053101837134798,0.11425338900716193,0.011768260450597477,10000,answer
synthetic,"Lognormal, Uniform",err_eci_rank_1,additive,modes_scipy_default,0.0003482965850260267,0.0006397083079270541,0.11425338900716193,0.011768260450597477,10000,answer
synthetic,"Lognormal, Uniform",err_eci_rank_1,additive,modality_index_fitted,-5.581256215760888e-05,7.221045539767526e-05,0.11425338900716193,0.011768260450597477,10000,answer
synthetic,"Lognormal, Uniform",err_eci_rank_1,additive,modality_index_fitted_uw,-0.00011843457685989823,0.0008755064071126696,0.11425338900716193,0.011768260450597477,10000,answer
synthetic,"Lognormal, Uniform",err_eci_rank_1,boosted,n,0.010813965946640271,0.0057337988681762445,0.1380478779512002,0.016391417918372276,10000,answer
synthetic,"Lognormal, Uniform",err_eci_rank_1,boosted,coeffvar,0.010326543442691023,0.0022362447591856003,0.1380478779512002,0.016391417918372276,10000,answer
synthetic,"Lognormal, Uniform",err_eci_rank_1,boosted,coeffvar_uw,0.0015159211660267901,0.001226172791215199,0.1380478779512002,0.016391417918372276,10000,answer
synthetic,"Lognormal, Uniform",err_eci_rank_1,boosted,skewness,0.0008502831836601365,0.0022333294883107903,0.1380478779512002,0.016391417918372276,10000,answer
synthetic,"Lognormal, Uniform",err_eci_rank_1,boosted,skewness_uw,0.0011225932977941033,0.0006444501842354898,0.1380478779512002,0.016391417918372276,10000,answer
synthetic,"Lognormal, Uniform",err_eci_rank_1,boosted,kurtosis,0.0030508925906512128,0.0017456186384192012,0.1380478779512002,0.016391417918372276,10000,answer
synthetic,"Lognormal, Uniform",err_eci_rank_1,boosted,kurtosis_uw,0.001366790238523683,0.002355304350090483,0.1380478779512002,0.016391417918372276,10000,answer
synthetic,"Lognormal, Uniform",err_eci_rank_1,boosted,entropy,0.024065312538166045,0.010593910509099311,0.1380478779512002,0.016391417918372276,10000,answer
synthetic,"Lognormal, Uniform",err_eci_rank_1,boosted,entropy_uw,0.0027967830468513034,0.003010441827943798,0.1380478779512002,0.016391417918372276,10000,answer
synthetic,"Lognormal, Uniform",err_eci_rank_1,boosted,crit_bw_1,0.0012484428187403674,0.0003691523899275133,0.1380478779512002,0.016391417918372276,10000,answer
synthetic,"Lognormal, Uniform",err_eci_rank_1,boosted,crit_bw_1_uw,-0.0002951742239406219,0.0007523772427507974,0.1380478779512002,0.016391417918372276,10000,answer
synthetic,"Lognormal, Uniform",err_eci_rank_1,boosted,modality_index,0.0005496099227451378,0.0005115263798246155,0.1380478779512002,0.016391417918372276,10000,answer
synthetic,"Lognormal, Uniform",err_eci_rank_1,boosted,modality_index_uw,0.0001663619455279708,0.000539246072488929,0.1380478779512002,0.016391417918372276,10000,answer
synthetic,"Lognormal, Uniform",err_eci_rank_1,boosted,fit_norm_SF,0.0014992207723798212,0.0013380466063856226,0.1380478779512002,0.016391417918372276,10000,answer
synthetic,"Lognormal, Uniform",err_eci_rank_1,boosted,fit_norm_SF_uw,0.0004943049551377055,0.001115766983077163,0.1380478779512002,0.016391417918372276,10000,answer
synthetic,"Lognormal, Uniform",err_eci_rank_1,boosted,fit_lognorm_SF,0.0015720740630706497,0.0011067880672880198,0.1380478779512002,0.016391417918372276,10000,answer
synthetic,"Lognormal, Uniform",err_eci_rank_1,boosted,fit_lognorm_SF_uw,-0.00010138096504413549,0.0006890808137396167,0.1380478779512002,0.016391417918372276,10000,answer
synthetic,"Lognormal, Uniform",err_eci_rank_1,boosted,weight_outliers,0.00500922262737611,0.0007614066451564433,0.1380478779512002,0.016391417918372276,10000,answer
synthetic,"Lognormal, Uniform",err_eci_rank_1,boosted,weight_outliers_uw,0.001573712417007822,0.001430578649827338,0.1380478779512002,0.016391417918372276,10000,answer
synthetic,"Lognormal, Uniform",err_eci_rank_1,boosted,mean,0.03223107777841685,0.004042898863903714,0.1380478779512002,0.016391417918372276,10000,answer
synthetic,"Lognormal, Uniform",err_eci_rank_1,boosted,w_v_uw_wasserstein,0.12536181927961235,0.016193747960318132,0.1380478779512002,0.016391417918372276,10000,answer
synthetic,"Lognormal, Uniform",err_eci_rank_1,boosted,modes_fitted,-1.7659556567874993e-05,0.00016456854451238155,0.1380478779512002,0.016391417918372276,10000,answer
synthetic,"Lognormal, Uniform",err_eci_rank_1,boosted,modes_scipy_default,0.0019366153935592666,0.0012237354175036368,0.1380478779512002,0.016391417918372276,10000,answer
synthetic,"Lognormal, Uniform",err_eci_rank_1,boosted,modality_index_fitted,0.0011429479013938249,0.0008418013115553383,0.1380478779512002,0.016391417918372276,10000,answer
synthetic,"Lognormal, Uniform",err_eci_rank_1,boosted,modality_index_fitted_uw,0.000979453323796915,0.0008649400810543668,0.1380478779512002,0.016391417918372276,10000,answer
synthetic,"Lognormal, Variable",err_eci_rank_1,additive,n,0.01480800781605257,0.00471149989529333,0.1617733056624559,0.03441158009104953,10000,answer
synthetic,"Lognormal, Variable",err_eci_rank_1,additive,coeffvar,0.0006483482049033507,0.0005398427121180644,0.1617733056624559,0.03441158009104953,10000,answer
synthetic,"Lognormal, Variable",err_eci_rank_1,additive,coeffvar_uw,2.130683706740966e-05,4.261367413481932e-05,0.1617733056624559,0.03441158009104953,10000,answer
synthetic,"Lognormal, Variable",err_eci_rank_1,additive,skewness,-2.307521864592933e-06,9.754163661249112e-05,0.1617733056624559,0.03441158009104953,10000,answer
synthetic,"Lognormal, Variable",err_eci_rank_1,additive,skewness_uw,0.0012861883926366577,0.0011151640840093423,0.1617733056624559,0.03441158009104953,10000,answer
synthetic,"Lognormal, Variable",err_eci_rank_1,additive,kurtosis,0.0021940949181472424,0.001072129165215079,0.1617733056624559,0.03441158009104953,10000,answer
synthetic,"Lognormal, Variable",err_eci_rank_1,additive,kurtosis_uw,0.0001875781097548912,0.0006474852164890597,0.1617733056624559,0.03441158009104953,10000,answer
synthetic,"Lognormal, Variable",err_eci_rank_1,additive,entropy,0.032044923899656935,0.005901436175886657,0.1617733056624559,0.03441158009104953,10000,answer
synthetic,"Lognormal, Variable",err_eci_rank_1,additive,entropy_uw,0.016406178837518454,0.003967582761800639,0.1617733056624559,0.03441158009104953,10000,answer
synthetic,"Lognormal, Variable",err_eci_rank_1,additive,crit_bw_1,0.00011265443188496873,0.0006818273804796377,0.1617733056624559,0.03441158009104953,10000,answer
synthetic,"Lognormal, Variable",err_eci_rank_1,additive,crit_bw_1_uw,0.0019327288168918533,0.001112735716900702,0.1617733056624559,0.03441158009104953,10000,answer
synthetic,"Lognormal, Variable",err_eci_rank_1,additive,modality_index,0.00016817388983018542,0.0003344251678207842,0.1617733056624559,0.03441158009104953,10000,answer
synthetic,"Lognormal, Variable",err_eci_rank_1,additive,modality_index_uw,-3.445040017595824e-05,4.6565685688602745e-05,0.1617733056624559,0.03441158009104953,10000,answer
synthetic,"Lognormal, Variable",err_eci_rank_1,additive,fit_norm_SF,0.0010224883137423845,0.0009193238299553933,0.1617733056624559,0.03441158009104953,10000,answer
synthetic,"Lognormal, Variable",err_eci_rank_1,additive,fit_norm_SF_uw,0.0,0.0,0.1617733056624559,0.03441158009104953,10000,answer
synthetic,"Lognormal, Variable",err_eci_rank_1,additive,fit_lognorm_SF,-6.73594267795785e-06,1.5301610866758017e-05,0.1617733056624559,0.03441158009104953,10000,answer
synthetic,"Lognormal, Variable",err_eci_rank_1,additive,fit_lognorm_SF_uw,2.227966476209042e-05,0.00015646095532119574,0.1617733056624559,0.03441158009104953,10000,answer
synthetic,"Lognormal, Variable",err_eci_rank_1,additive,weight_outliers,-6.831887595249998e-05,0.0007672557021833728,0.1617733056624559,0.03441158009104953,10000,answer
synthetic,"Lognormal, Variable",err_eci_rank_1,additive,weight_outliers_uw,-0.0001788781547637752,0.0003709397157417123,0.1617733056624559,0.03441158009104953,10000,answer
synthetic,"Lognormal, Variable",err_eci_rank_1,additive,mean,0.020622079116210796,0.006883478884476626,0.1617733056624559,0.03441158009104953,10000,answer
synthetic,"Lognormal, Variable",err_eci_rank_1,additive,w_v_uw_wasserstein,0.008949500018090988,0.00307114308169694,0.1617733056624559,0.03441158009104953,10000,answer
synthetic,"Lognormal, Variable",err_eci_rank_1,additive,modes_fitted,0.000561102872787691,0.00038057529140151194,0.1617733056624559,0.03441158009104953,10000,answer
synthetic,"Lognormal, Variable",err_eci_rank_1,additive,modes_scipy_default,0.0015239029735416019,0.00044063031332129015,0.1617733056624559,0.03441158009104953,10000,answer
synthetic,"Lognormal, Variable",err_eci_rank_1,additive,modality_index_fitted,-3.106576267625672e-05,7.503539590377823e-05,0.1617733056624559,0.03441158009104953,10000,answer
synthetic,"Lognormal, Variable",err_eci_rank_1,additive,modality_index_fitted_uw,0.0006625123283897106,0.0005642117891057995,0.1617733056624559,0.03441158009104953,10000,answer
synthetic,"Lognormal, Variable",err_eci_rank_1,boosted,n,0.031229169414278946,0.011766942956884852,0.15833527201993836,0.03301030594021625,10000,answer
synthetic,"Lognormal, Variable",err_eci_rank_1,boosted,coeffvar,0.008070807867863457,0.0032152628021738087,0.15833527201993836,0.03301030594021625,10000,answer
synthetic,"Lognormal, Variable",err_eci_rank_1,boosted,coeffvar_uw,-0.0006166958122007405,0.0011214654694217362,0.15833527201993836,0.03301030594021625,10000,answer
synthetic,"Lognormal, Variable",err_eci_rank_1,boosted,skewness,0.0033527043938299484,0.002878873891151492,0.15833527201993836,0.03301030594021625,10000,answer
synthetic,"Lognormal, Variable",err_eci_rank_1,boosted,skewness_uw,0.001688276892794538,0.001860901376904784,0.15833527201993836,0.03301030594021625,10000,answer
synthetic,"Lognormal, Variable",err_eci_rank_1,boosted,kurtosis,0.003541957273903864,0.003368992544005367,0.15833527201993836,0.03301030594021625,10000,answer
synthetic,"Lognormal, Variable",err_eci_rank_1,boosted,kurtosis_uw,0.002556509094018726,0.0021954232996754387,0.15833527201993836,0.03301030594021625,10000,answer
synthetic,"Lognormal, Variable",err_eci_rank_1,boosted,entropy,0.10338732778873017,0.03360613063314054,0.15833527201993836,0.03301030594021625,10000,answer
synthetic,"Lognormal, Variable",err_eci_rank_1,boosted,entropy_uw,0.002524469722187548,0.0012571346681753966,0.15833527201993836,0.03301030594021625,10000,answer
synthetic,"Lognormal, Variable",err_eci_rank_1,boosted,crit_bw_1,0.0010203402394361838,0.000911486071556486,0.15833527201993836,0.03301030594021625,10000,answer
synthetic,"Lognormal, Variable",err_eci_rank_1,boosted,crit_bw_1_uw,0.005855021183452011,0.00484055329875442,0.15833527201993836,0.03301030594021625,10000,answer
synthetic,"Lognormal, Variable",err_eci_rank_1,boosted,modality_index,0.0006302088816886786,0.0014375555867772805,0.15833527201993836,0.03301030594021625,10000,answer
synthetic,"Lognormal, Variable",err_eci_rank_1,boosted,modality_index_uw,0.0008191967377998786,0.0008529546549698562,0.15833527201993836,0.03301030594021625,10000,answer
synthetic,"Lognormal, Variable",err_eci_rank_1,boosted,fit_norm_SF,0.0014053673579490656,0.0009618200367925366,0.15833527201993836,0.03301030594021625,10000,answer
synthetic,"Lognormal, Variable",err_eci_rank_1,boosted,fit_norm_SF_uw,0.004456985530338653,0.0048946432226971365,0.15833527201993836,0.03301030594021625,10000,answer
synthetic,"Lognormal, Variable",err_eci_rank_1,boosted,fit_lognorm_SF,0.0005118600430725673,0.0006082553592970972,0.15833527201993836,0.03301030594021625,10000,answer
synthetic,"Lognormal, Variable",err_eci_rank_1,boosted,fit_lognorm_SF_uw,0.000989360624224551,0.0013201872852159114,0.15833527201993836,0.03301030594021625,10000,answer
synthetic,"Lognormal, Variable",err_eci_rank_1,boosted,weight_outliers,0.0003159129269811456,0.001063852737578953,0.15833527201993836,0.03301030594021625,10000,answer
synthetic,"Lognormal, Variable",err_eci_rank_1,boosted,weight_outliers_uw,0.001815708282296651,0.0008804100874345866,0.15833527201993836,0.03301030594021625,10000,answer
synthetic,"Lognormal, Variable",err_eci_rank_1,boosted,mean,0.03083686914086322,0.010235037602124658,0.15833527201993836,0.03301030594021625,10000,answer
synthetic,"Lognormal, Variable",err_eci_rank_1,boosted,w_v_uw_wasserstein,0.007263292530285269,0.0021952453008967517,0.15833527201993836,0.03301030594021625,10000,answer
synthetic,"Lognormal, Variable",err_eci_rank_1,boosted,modes_fitted,0.0025509711867141597,0.001465523276478084,0.15833527201993836,0.03301030594021625,10000,answer
synthetic,"Lognormal, Variable",err_eci_rank_1,boosted,modes_scipy_default,-3.5805828286485935e-05,7.161165657297187e-05,0.15833527201993836,0.03301030594021625,10000,answer
synthetic,"Lognormal, Variable",err_eci_rank_1,boosted,modality_index_fitted,0.004587242361555341,0.005442452311444395,0.15833527201993836,0.03301030594021625,10000,answer
synthetic,"Lognormal, Variable",err_eci_rank_1,boosted,modality_index_fitted_uw,0.004189410870679067,0.0031765425242101324,0.15833527201993836,0.03301030594021625,10000,answer
synthetic,"KDE, Uniform",err_eci_rank_1,additive,n,0.011941233554523218,0.013991611661942401,0.11158145717351506,0.026479371589339693,10000,answer
synthetic,"KDE, Uniform",err_eci_rank_1,additive,coeffvar,0.004137421527357155,0.0028094030993250224,0.11158145717351506,0.026479371589339693,10000,answer
synthetic,"KDE, Uniform",err_eci_rank_1,additive,coeffvar_uw,0.0025317662379679405,0.0014629232457277154,0.11158145717351506,0.026479371589339693,10000,answer
synthetic,"KDE, Uniform",err_eci_rank_1,additive,skewness,0.0063936032363379166,0.0018755597349412085,0.11158145717351506,0.026479371589339693,10000,answer
synthetic,"KDE, Uniform",err_eci_rank_1,additive,skewness_uw,0.0014542730398781531,0.001350352991843835,0.11158145717351506,0.026479371589339693,10000,answer
synthetic,"KDE, Uniform",err_eci_rank_1,additive,kurtosis,0.00012609466043031592,0.00042000415458399125,0.11158145717351506,0.026479371589339693,10000,answer
synthetic,"KDE, Uniform",err_eci_rank_1,additive,kurtosis_uw,0.0006642213878377757,0.00037163263448500994,0.11158145717351506,0.026479371589339693,10000,answer
synthetic,"KDE, Uniform",err_eci_rank_1,additive,entropy,0.00731096261112994,0.004989091660496108,0.11158145717351506,0.026479371589339693,10000,answer
synthetic,"KDE, Uniform",err_eci_rank_1,additive,entropy_uw,0.001930221429477006,0.002468907462782549,0.11158145717351506,0.026479371589339693,10000,answer
synthetic,"KDE, Uniform",err_eci_rank_1,additive,crit_bw_1,0.00012016732865868907,0.00041141735924086136,0.11158145717351506,0.026479371589339693,10000,answer
synthetic,"KDE, Uniform",err_eci_rank_1,additive,crit_bw_1_uw,0.0001504603441269503,0.0003125806083758923,0.11158145717351506,0.026479371589339693,10000,answer
synthetic,"KDE, Uniform",err_eci_rank_1,additive,modality_index,0.004591896895781413,0.00955734701648292,0.11158145717351506,0.026479371589339693,10000,answer
synthetic,"KDE, Uniform",err_eci_rank_1,additive,modality_index_uw,8.691515201997513e-05,0.00017213383157364717,0.11158145717351506,0.026479371589339693,10000,answer
synthetic,"KDE, Uniform",err_eci_rank_1,additive,fit_norm_SF,0.00018212126935341686,0.00012899025426665205,0.11158145717351506,0.026479371589339693,10000,answer
synthetic,"KDE, Uniform",err_eci_rank_1,additive,fit_norm_SF_uw,-5.355441630813917e-05,0.0001309221596679203,0.11158145717351506,0.026479371589339693,10000,answer
synthetic,"KDE, Uniform",err_eci_rank_1,additive,fit_lognorm_SF,0.0008258546743034944,0.0005333010688249036,0.11158145717351506,0.026479371589339693,10000,answer
synthetic,"KDE, Uniform",err_eci_rank_1,additive,fit_lognorm_SF_uw,0.0011318554886899832,0.001051608645097092,0.11158145717351506,0.026479371589339693,10000,answer
synthetic,"KDE, Uniform",err_eci_rank_1,additive,weight_outliers,-0.000407893809740787,0.000825361731339572,0.11158145717351506,0.026479371589339693,10000,answer
synthetic,"KDE, Uniform",err_eci_rank_1,additive,weight_outliers_uw,0.004245359251549174,0.0017686391484829768,0.11158145717351506,0.026479371589339693,10000,answer
synthetic,"KDE, Uniform",err_eci_rank_1,additive,mean,0.005916558400056252,0.0029155677391420037,0.11158145717351506,0.026479371589339693,10000,answer
synthetic,"KDE, Uniform",err_eci_rank_1,additive,w_v_uw_wasserstein,0.1554575560543721,0.03983601615255868,0.11158145717351506,0.026479371589339693,10000,answer
synthetic,"KDE, Uniform",err_eci_rank_1,additive,modes_fitted,0.00042641260510943406,0.001012513252971578,0.11158145717351506,0.026479371589339693,10000,answer
synthetic,"KDE, Uniform",err_eci_rank_1,additive,modes_scipy_default,0.0013504130159709726,0.00029718691640641317,0.11158145717351506,0.026479371589339693,10000,answer
synthetic,"KDE, Uniform",err_eci_rank_1,additive,modality_index_fitted,0.005751551315104122,0.011801999029345724,0.11158145717351506,0.026479371589339693,10000,answer
synthetic,"KDE, Uniform",err_eci_rank_1,additive,modality_index_fitted_uw,0.0006990230020244815,0.000680013922813674,0.11158145717351506,0.026479371589339693,10000,answer
synthetic,"KDE, Uniform",err_eci_rank_1,boosted,n,0.016099756643238206,0.009710693273820853,0.11975066573581332,0.025688966585733646,10000,answer
synthetic,"KDE, Uniform",err_eci_rank_1,boosted,coeffvar,0.005513332447804784,0.0018544606656603917,0.11975066573581332,0.025688966585733646,10000,answer
synthetic,"KDE, Uniform",err_eci_rank_1,boosted,coeffvar_uw,0.0020556576079200604,0.0020975329885889044,0.11975066573581332,0.025688966585733646,10000,answer
synthetic,"KDE, Uniform",err_eci_rank_1,boosted,skewness,0.003315407903151983,0.0033317263578451378,0.11975066573581332,0.025688966585733646,10000,answer
synthetic,"KDE, Uniform",err_eci_rank_1,boosted,skewness_uw,0.001112379130928831,0.0011288847602312915,0.11975066573581332,0.025688966585733646,10000,answer
synthetic,"KDE, Uniform",err_eci_rank_1,boosted,kurtosis,0.003908213064412472,0.0012866447196093062,0.11975066573581332,0.025688966585733646,10000,answer
synthetic,"KDE, Uniform",err_eci_rank_1,boosted,kurtosis_uw,0.003744065680585957,0.0030989899341967884,0.11975066573581332,0.025688966585733646,10000,answer
synthetic,"KDE, Uniform",err_eci_rank_1,boosted,entropy,0.019158588008901738,0.008664483402581835,0.11975066573581332,0.025688966585733646,10000,answer
synthetic,"KDE, Uniform",err_eci_rank_1,boosted,entropy_uw,0.002951028978023631,0.00278365547840149,0.11975066573581332,0.025688966585733646,10000,answer
synthetic,"KDE, Uniform",err_eci_rank_1,boosted,crit_bw_1,0.0005277187657221825,0.001370514202088425,0.11975066573581332,0.025688966585733646,10000,answer
synthetic,"KDE, Uniform",err_eci_rank_1,boosted,crit_bw_1_uw,0.0013267828154191897,0.0010935427943429546,0.11975066573581332,0.025688966585733646,10000,answer
synthetic,"KDE, Uniform",err_eci_rank_1,boosted,modality_index,0.0005001255311983522,0.00037065718090196294,0.11975066573581332,0.025688966585733646,10000,answer
synthetic,"KDE, Uniform",err_eci_rank_1,boosted,modality_index_uw,0.00032044946170792785,0.00043384836549440587,0.11975066573581332,0.025688966585733646,10000,answer
synthetic,"KDE, Uniform",err_eci_rank_1,boosted,fit_norm_SF,0.0009028194884301354,0.0010691719820361374,0.11975066573581332,0.025688966585733646,10000,answer
synthetic,"KDE, Uniform",err_eci_rank_1,boosted,fit_norm_SF_uw,0.00181754729854952,0.0015303258061514248,0.11975066573581332,0.025688966585733646,10000,answer
synthetic,"KDE, Uniform",err_eci_rank_1,boosted,fit_lognorm_SF,-0.0004788522307904053,0.0008523396643941886,0.11975066573581332,0.025688966585733646,10000,answer
synthetic,"KDE, Uniform",err_eci_rank_1,boosted,fit_lognorm_SF_uw,-0.0004949207375802689,0.0014442753635304205,0.11975066573581332,0.025688966585733646,10000,answer
synthetic,"KDE, Uniform",err_eci_rank_1,boosted,weight_outliers,0.0014215981360593299,0.0014910297137235174,0.11975066573581332,0.025688966585733646,10000,answer
synthetic,"KDE, Uniform",err_eci_rank_1,boosted,weight_outliers_uw,0.0030385586708818703,0.0012808997746915221,0.11975066573581332,0.025688966585733646,10000,answer
synthetic,"KDE, Uniform",err_eci_rank_1,boosted,mean,0.00836939863376343,0.006232711641326373,0.11975066573581332,0.025688966585733646,10000,answer
synthetic,"KDE, Uniform",err_eci_rank_1,boosted,w_v_uw_wasserstein,0.14177976038867057,0.019562795620201415,0.11975066573581332,0.025688966585733646,10000,answer
synthetic,"KDE, Uniform",err_eci_rank_1,boosted,modes_fitted,0.0006474912662774268,0.0009973104616621078,0.11975066573581332,0.025688966585733646,10000,answer
synthetic,"KDE, Uniform",err_eci_rank_1,boosted,modes_scipy_default,0.002039245546420247,0.0015609841163216826,0.11975066573581332,0.025688966585733646,10000,answer
synthetic,"KDE, Uniform",err_eci_rank_1,boosted,modality_index_fitted,0.001051913667379898,0.0008956377572869481,0.11975066573581332,0.025688966585733646,10000,answer
synthetic,"KDE, Uniform",err_eci_rank_1,boosted,modality_index_fitted_uw,0.0011922015536158037,0.0006334004800036433,0.11975066573581332,0.025688966585733646,10000,answer
synthetic,"KDE, Variable",err_eci_rank_1,additive,n,0.12138710186900048,0.06001225526414093,0.18707934319550668,0.00934979120856004,10000,answer
synthetic,"KDE, Variable",err_eci_rank_1,additive,coeffvar,-2.681561891812345e-05,0.00017220567471163198,0.18707934319550668,0.00934979120856004,10000,answer
synthetic,"KDE, Variable",err_eci_rank_1,additive,coeffvar_uw,0.0027691785668876095,0.0018496283103885615,0.18707934319550668,0.00934979120856004,10000,answer
synthetic,"KDE, Variable",err_eci_rank_1,additive,skewness,0.0022269674521912487,0.0013875924126080053,0.18707934319550668,0.00934979120856004,10000,answer
synthetic,"KDE, Variable",err_eci_rank_1,additive,skewness_uw,0.0012239159373274445,0.0014502354462004486,0.18707934319550668,0.00934979120856004,10000,answer
synthetic,"KDE, Variable",err_eci_rank_1,additive,kurtosis,0.005951999090652391,0.0021420922764358178,0.18707934319550668,0.00934979120856004,10000,answer
synthetic,"KDE, Variable",err_eci_rank_1,additive,kurtosis_uw,0.001441984142235251,0.0020934365768253654,0.18707934319550668,0.00934979120856004,10000,answer
synthetic,"KDE, Variable",err_eci_rank_1,additive,entropy,0.01596575818843315,0.00307105493557361,0.18707934319550668,0.00934979120856004,10000,answer
synthetic,"KDE, Variable",err_eci_rank_1,additive,entropy_uw,0.018078458743551885,0.006716358847616145,0.18707934319550668,0.00934979120856004,10000,answer
synthetic,"KDE, Variable",err_eci_rank_1,additive,crit_bw_1,0.001593840101214192,0.00109952658679378,0.18707934319550668,0.00934979120856004,10000,answer
synthetic,"KDE, Variable",err_eci_rank_1,additive,crit_bw_1_uw,0.0008855657038534659,0.0007247424970258831,0.18707934319550668,0.00934979120856004,10000,answer
synthetic,"KDE, Variable",err_eci_rank_1,additive,modality_index,-0.0003447671312408329,0.0006235595892499582,0.18707934319550668,0.00934979120856004,10000,answer
synthetic,"KDE, Variable",err_eci_rank_1,additive,modality_index_uw,0.00035059159023325125,0.0015101675206653288,0.18707934319550668,0.00934979120856004,10000,answer
synthetic,"KDE, Variable",err_eci_rank_1,additive,fit_norm_SF,0.0008783139536281782,0.0004553156140730305,0.18707934319550668,0.00934979120856004,10000,answer
synthetic,"KDE, Variable",err_eci_rank_1,additive,fit_norm_SF_uw,-0.0001151761977788146,0.00020185672358924743,0.18707934319550668,0.00934979120856004,10000,answer
synthetic,"KDE, Variable",err_eci_rank_1,additive,fit_lognorm_SF,-4.652188054128808e-05,0.001173197330091338,0.18707934319550668,0.00934979120856004,10000,answer
synthetic,"KDE, Variable",err_eci_rank_1,additive,fit_lognorm_SF_uw,0.0003912513714986243,0.0006751627778214375,0.18707934319550668,0.00934979120856004,10000,answer
synthetic,"KDE, Variable",err_eci_rank_1,additive,weight_outliers,0.0003568506728949195,0.0004979890113658248,0.18707934319550668,0.00934979120856004,10000,answer
synthetic,"KDE, Variable",err_eci_rank_1,additive,weight_outliers_uw,-0.00015659015900755025,0.00020406875776338046,0.18707934319550668,0.00934979120856004,10000,answer
synthetic,"KDE, Variable",err_eci_rank_1,additive,mean,0.026994402999206135,0.007034922565361594,0.18707934319550668,0.00934979120856004,10000,answer
synthetic,"KDE, Variable",err_eci_rank_1,additive,w_v_uw_wasserstein,0.013026058535029394,0.00224792100083371,0.18707934319550668,0.00934979120856004,10000,answer
synthetic,"KDE, Variable",err_eci_rank_1,additive,modes_fitted,0.0005839530824826467,0.0004899935712249341,0.18707934319550668,0.00934979120856004,10000,answer
synthetic,"KDE, Variable",err_eci_rank_1,additive,modes_scipy_default,0.00018219393339993006,0.0009782043457031372,0.18707934319550668,0.00934979120856004,10000,answer
synthetic,"KDE, Variable",err_eci_rank_1,additive,modality_index_fitted,0.00013250920002112033,0.00023052247131904484,0.18707934319550668,0.00934979120856004,10000,answer
synthetic,"KDE, Variable",err_eci_rank_1,additive,modality_index_fitted_uw,-1.5141199191814889e-05,4.67692117990499e-05,0.18707934319550668,0.00934979120856004,10000,answer
synthetic,"KDE, Variable",err_eci_rank_1,boosted,n,0.1697161274207894,0.02411468875623353,0.18584587248236697,0.022079515033939512,10000,answer
synthetic,"KDE, Variable",err_eci_rank_1,boosted,coeffvar,0.0007506394544345518,0.0019779201022250546,0.18584587248236697,0.022079515033939512,10000,answer
synthetic,"KDE, Variable",err_eci_rank_1,boosted,coeffvar_uw,0.0038517995656391557,0.0026881379825332147,0.18584587248236697,0.022079515033939512,10000,answer
synthetic,"KDE, Variable",err_eci_rank_1,boosted,skewness,0.012965728664594018,0.00403226776116841,0.18584587248236697,0.022079515033939512,10000,answer
synthetic,"KDE, Variable",err_eci_rank_1,boosted,skewness_uw,0.0009025758069474055,0.0011876152798001858,0.18584587248236697,0.022079515033939512,10000,answer
synthetic,"KDE, Variable",err_eci_rank_1,boosted,kurtosis,0.008696544489837848,0.005558993408171337,0.18584587248236697,0.022079515033939512,10000,answer
synthetic,"KDE, Variable",err_eci_rank_1,boosted,kurtosis_uw,0.004072821744753775,0.001905362565158352,0.18584587248236697,0.022079515033939512,10000,answer
synthetic,"KDE, Variable",err_eci_rank_1,boosted,entropy,0.009872882983890824,0.002907800557617088,0.18584587248236697,0.022079515033939512,10000,answer
synthetic,"KDE, Variable",err_eci_rank_1,boosted,entropy_uw,0.022088101371845813,0.009630569137530664,0.18584587248236697,0.022079515033939512,10000,answer
synthetic,"KDE, Variable",err_eci_rank_1,boosted,crit_bw_1,0.002105419200127976,0.0005821457182859707,0.18584587248236697,0.022079515033939512,10000,answer
synthetic,"KDE, Variable",err_eci_rank_1,boosted,crit_bw_1_uw,0.0006347899860769603,0.0011575457804565853,0.18584587248236697,0.022079515033939512,10000,answer
synthetic,"KDE, Variable",err_eci_rank_1,boosted,modality_index,-0.0008247183159945104,0.002685120488951497,0.18584587248236697,0.022079515033939512,10000,answer
synthetic,"KDE, Variable",err_eci_rank_1,boosted,modality_index_uw,-0.0007985073444510872,0.0015166190504825143,0.18584587248236697,0.022079515033939512,10000,answer
synthetic,"KDE, Variable",err_eci_rank_1,boosted,fit_norm_SF,0.0019488492225740116,0.0017928757561585598,0.18584587248236697,0.022079515033939512,10000,answer
synthetic,"KDE, Variable",err_eci_rank_1,boosted,fit_norm_SF_uw,0.000509130755404581,0.0005925126200208042,0.18584587248236697,0.022079515033939512,10000,answer
synthetic,"KDE, Variable",err_eci_rank_1,boosted,fit_lognorm_SF,-0.0001131930666241643,0.0015759383152536644,0.18584587248236697,0.022079515033939512,10000,answer
synthetic,"KDE, Variable",err_eci_rank_1,boosted,fit_lognorm_SF_uw,0.002199148122811154,0.0011677322760593161,0.18584587248236697,0.022079515033939512,10000,answer
synthetic,"KDE, Variable",err_eci_rank_1,boosted,weight_outliers,-0.00015997868909870984,0.00024747501710302043,0.18584587248236697,0.022079515033939512,10000,answer
synthetic,"KDE, Variable",err_eci_rank_1,boosted,weight_outliers_uw,0.001814273172713927,0.0025554297172259042,0.18584587248236697,0.022079515033939512,10000,answer
synthetic,"KDE, Variable",err_eci_rank_1,boosted,mean,0.030482926689249457,0.0053664544994560985,0.18584587248236697,0.022079515033939512,10000,answer
synthetic,"KDE, Variable",err_eci_rank_1,boosted,w_v_uw_wasserstein,0.004565948355389155,0.0028111965695935544,0.18584587248236697,0.022079515033939512,10000,answer
synthetic,"KDE, Variable",err_eci_rank_1,boosted,modes_fitted,3.859065745920764e-05,0.00020071973277049337,0.18584587248236697,0.022079515033939512,10000,answer
synthetic,"KDE, Variable",err_eci_rank_1,boosted,modes_scipy_default,2.5073476682224704e-05,5.014695336444941e-05,0.18584587248236697,0.022079515033939512,10000,answer
synthetic,"KDE, Variable",err_eci_rank_1,boosted,modality_index_fitted,0.00018024504399701154,0.0008780205638213697,0.18584587248236697,0.022079515033939512,10000,answer
synthetic,"KDE, Variable",err_eci_rank_1,boosted,modality_index_fitted_uw,-0.0011938554106505352,0.0011689834969706662,0.18584587248236697,0.022079515033939512,10000,answer
synthetic,"Normal, Uniform",err_ui,additive,n,0.015730929295627548,0.006368429510841547,0.48957528586871585,0.010014472286253063,10000,answer
synthetic,"Normal, Uniform",err_ui,additive,coeffvar,0.0018424376952915831,0.0037746379584111755,0.48957528586871585,0.010014472286253063,10000,answer
synthetic,"Normal, Uniform",err_ui,additive,coeffvar_uw,0.7584903221524583,0.04992839551694141,0.48957528586871585,0.010014472286253063,10000,answer
synthetic,"Normal, Uniform",err_ui,additive,skewness,0.00032283586900409887,0.0006247098259856252,0.48957528586871585,0.010014472286253063,10000,answer
synthetic,"Normal, Uniform",err_ui,additive,skewness_uw,0.000620334801589444,0.0009024394956364611,0.48957528586871585,0.010014472286253063,10000,answer
synthetic,"Normal, Uniform",err_ui,additive,kurtosis,0.00324753340014984,0.001598307938529587,0.48957528586871585,0.010014472286253063,10000,answer
synthetic,"Normal, Uniform",err_ui,additive,kurtosis_uw,0.00010127552140514861,0.00018476939379116314,0.48957528586871585,0.010014472286253063,10000,answer
synthetic,"Normal, Uniform",err_ui,additive,entropy,0.02184876648293712,0.006279941877335404,0.48957528586871585,0.010014472286253063,10000,answer
synthetic,"Normal, Uniform",err_ui,additive,entropy_uw,0.0019003482931865313,0.0018616403122525187,0.48957528586871585,0.010014472286253063,10000,answer
synthetic,"Normal, Uniform",err_ui,additive,crit_bw_1,0.0017103895830150127,0.0020801004258800162,0.48957528586871585,0.010014472286253063,10000,answer
synthetic,"Normal, Uniform",err_ui,additive,crit_bw_1_uw,6.362546376386779e-05,0.00022393120742871897,0.48957528586871585,0.010014472286253063,10000,answer
synthetic,"Normal, Uniform",err_ui,additive,modality_index,4.3320853674397873e-05,0.00021390576732810448,0.48957528586871585,0.010014472286253063,10000,answer
synthetic,"Normal, Uniform",err_ui,additive,modality_index_uw,0.0003179247430668064,0.0004569553208886603,0.48957528586871585,0.010014472286253063,10000,answer
synthetic,"Normal, Uniform",err_ui,additive,fit_norm_SF,0.0001791955868743078,0.0002895609978959854,0.48957528586871585,0.010014472286253063,10000,answer
synthetic,"Normal, Uniform",err_ui,additive,fit_norm_SF_uw,0.0036554499989711075,0.0030581710755329707,0.48957528586871585,0.010014472286253063,10000,answer
synthetic,"Normal, Uniform",err_ui,additive,fit_lognorm_SF,0.000341551477978157,0.00012797878900038282,0.48957528586871585,0.010014472286253063,10000,answer
synthetic,"Normal, Uniform",err_ui,additive,fit_lognorm_SF_uw,-0.00018082283761657216,0.00016925567445974987,0.48957528586871585,0.010014472286253063,10000,answer
synthetic,"Normal, Uniform",err_ui,additive,weight_outliers,-6.708881634391871e-06,4.038538229148586e-05,0.48957528586871585,0.010014472286253063,10000,answer
synthetic,"Normal, Uniform",err_ui,additive,weight_outliers_uw,-1.5403492006100806e-05,4.151359830512388e-05,0.48957528586871585,0.010014472286253063,10000,answer
synthetic,"Normal, Uniform",err_ui,additive,mean,9.559467754787887e-05,7.257511426522107e-05,0.48957528586871585,0.010014472286253063,10000,answer
synthetic,"Normal, Uniform",err_ui,additive,w_v_uw_wasserstein,0.01298863118398641,0.002448462684435194,0.48957528586871585,0.010014472286253063,10000,answer
synthetic,"Normal, Uniform",err_ui,additive,modes_fitted,6.532037288070169e-05,0.0001457161065988422,0.48957528586871585,0.010014472286253063,10000,answer
synthetic,"Normal, Uniform",err_ui,additive,modes_scipy_default,-3.32870147481934e-05,4.366569104256953e-05,0.48957528586871585,0.010014472286253063,10000,answer
synthetic,"Normal, Uniform",err_ui,additive,modality_index_fitted,0.00010286203231474775,9.077588774585434e-05,0.48957528586871585,0.010014472286253063,10000,answer
synthetic,"Normal, Uniform",err_ui,additive,modality_index_fitted_uw,-0.00013019648528434625,0.00016156805200295596,0.48957528586871585,0.010014472286253063,10000,answer
synthetic,"Normal, Uniform",err_ui,boosted,n,0.0023113797484687983,0.0034123296438371997,0.4911656327475022,0.011196542525000013,10000,answer
synthetic,"Normal, Uniform",err_ui,boosted,coeffvar,0.002744580240529004,0.0013561581378678162,0.4911656327475022,0.011196542525000013,10000,answer
synthetic,"Normal, Uniform",err_ui,boosted,coeffvar_uw,0.8271308019515603,0.03738204586799518,0.4911656327475022,0.011196542525000013,10000,answer
synthetic,"Normal, Uniform",err_ui,boosted,skewness,0.0004470323799050502,0.0006334798319083506,0.4911656327475022,0.011196542525000013,10000,answer
synthetic,"Normal, Uniform",err_ui,boosted,skewness_uw,-0.0002785280055043571,0.0011225079105770673,0.4911656327475022,0.011196542525000013,10000,answer
synthetic,"Normal, Uniform",err_ui,boosted,kurtosis,0.004222902065534902,0.0012454993797252625,0.4911656327475022,0.011196542525000013,10000,answer
synthetic,"Normal, Uniform",err_ui,boosted,kurtosis_uw,0.0007273704142124937,0.00195697525303602,0.4911656327475022,0.011196542525000013,10000,answer
synthetic,"Normal, Uniform",err_ui,boosted,entropy,0.029624331858106933,0.007072961485618888,0.4911656327475022,0.011196542525000013,10000,answer
synthetic,"Normal, Uniform",err_ui,boosted,entropy_uw,0.00817126979121457,0.0053757078565868045,0.4911656327475022,0.011196542525000013,10000,answer
synthetic,"Normal, Uniform",err_ui,boosted,crit_bw_1,-2.797188968782559e-05,0.00040777036460497794,0.4911656327475022,0.011196542525000013,10000,answer
synthetic,"Normal, Uniform",err_ui,boosted,crit_bw_1_uw,0.00014625212084552695,0.00018817731132387728,0.4911656327475022,0.011196542525000013,10000,answer
synthetic,"Normal, Uniform",err_ui,boosted,modality_index,0.00019841977317618166,0.000233784821535798,0.4911656327475022,0.011196542525000013,10000,answer
synthetic,"Normal, Uniform",err_ui,boosted,modality_index_uw,0.00024231150750766428,0.00027357514109919534,0.4911656327475022,0.011196542525000013,10000,answer
synthetic,"Normal, Uniform",err_ui,boosted,fit_norm_SF,0.0006462327116170453,0.0012689572002469183,0.4911656327475022,0.011196542525000013,10000,answer
synthetic,"Normal, Uniform",err_ui,boosted,fit_norm_SF_uw,0.0013315243762535211,0.000715245316205415,0.4911656327475022,0.011196542525000013,10000,answer
synthetic,"Normal, Uniform",err_ui,boosted,fit_lognorm_SF,-0.00015699626691344503,0.0004933793908294879,0.4911656327475022,0.011196542525000013,10000,answer
synthetic,"Normal, Uniform",err_ui,boosted,fit_lognorm_SF_uw,-0.00020969476171948335,0.00031163572939715947,0.4911656327475022,0.011196542525000013,10000,answer
synthetic,"Normal, Uniform",err_ui,boosted,weight_outliers,-0.00012211300411470115,0.0007170100080939406,0.4911656327475022,0.011196542525000013,10000,answer
synthetic,"Normal, Uniform",err_ui,boosted,weight_outliers_uw,0.00022983496085287046,0.00039344937875504125,0.4911656327475022,0.011196542525000013,10000,answer
synthetic,"Normal, Uniform",err_ui,boosted,mean,0.0010784401304587531,0.0008731502633767727,0.4911656327475022,0.011196542525000013,10000,answer
synthetic,"Normal, Uniform",err_ui,boosted,w_v_uw_wasserstein,0.011808040792483283,0.0033819357259980303,0.4911656327475022,0.011196542525000013,10000,answer
synthetic,"Normal, Uniform",err_ui,boosted,modes_fitted,6.283194799897806e-05,0.00027129806046972114,0.4911656327475022,0.011196542525000013,10000,answer
synthetic,"Normal, Uniform",err_ui,boosted,modes_scipy_default,0.0,0.0,0.4911656327475022,0.011196542525000013,10000,answer
synthetic,"Normal, Uniform",err_ui,boosted,modality_index_fitted,-0.000389446645874143,0.0014915183415024841,0.4911656327475022,0.011196542525000013,10000,answer
synthetic,"Normal, Uniform",err_ui,boosted,modality_index_fitted_uw,-0.0005129541947101758,0.0019224105724959296,0.4911656327475022,0.011196542525000013,10000,answer
synthetic,"Normal, Variable",err_ui,additive,n,0.02245615970353754,0.006566269877781634,0.43882219753864343,0.010263416842998727,10000,answer
synthetic,"Normal, Variable",err_ui,additive,coeffvar,0.1524226281544739,0.025832956494282692,0.43882219753864343,0.010263416842998727,10000,answer
synthetic,"Normal, Variable",err_ui,additive,coeffvar_uw,0.29797381288747016,0.04558473254827023,0.43882219753864343,0.010263416842998727,10000,answer
synthetic,"Normal, Variable",err_ui,additive,skewness,0.007723526935455557,0.004934821329135662,0.43882219753864343,0.010263416842998727,10000,answer
synthetic,"Normal, Variable",err_ui,additive,skewness_uw,-0.0001600069133467774,0.00028136951912370703,0.43882219753864343,0.010263416842998727,10000,answer
synthetic,"Normal, Variable",err_ui,additive,kurtosis,-0.00023862005586422044,0.00025210588222685345,0.43882219753864343,0.010263416842998727,10000,answer
synthetic,"Normal, Variable",err_ui,additive,kurtosis_uw,3.197807846522461e-05,0.00021308053046606806,0.43882219753864343,0.010263416842998727,10000,answer
synthetic,"Normal, Variable",err_ui,additive,entropy,0.03736449719873205,0.01096240719717442,0.43882219753864343,0.010263416842998727,10000,answer
synthetic,"Normal, Variable",err_ui,additive,entropy_uw,0.0021292088524550263,0.002594823738076742,0.43882219753864343,0.010263416842998727,10000,answer
synthetic,"Normal, Variable",err_ui,additive,crit_bw_1,0.0002466508737334605,0.00043011737053177024,0.43882219753864343,0.010263416842998727,10000,answer
synthetic,"Normal, Variable",err_ui,additive,crit_bw_1_uw,-7.111592119241727e-05,9.609012804005604e-05,0.43882219753864343,0.010263416842998727,10000,answer
synthetic,"Normal, Variable",err_ui,additive,modality_index,0.0003538373218680113,0.0003386637139653827,0.43882219753864343,0.010263416842998727,10000,answer
synthetic,"Normal, Variable",err_ui,additive,modality_index_uw,-4.2642471536802336e-06,6.7200389157377605e-06,0.43882219753864343,0.010263416842998727,10000,answer
synthetic,"Normal, Variable",err_ui,additive,fit_norm_SF,0.0003582961170256005,0.0005564835145623765,0.43882219753864343,0.010263416842998727,10000,answer
synthetic,"Normal, Variable",err_ui,additive,fit_norm_SF_uw,0.0005849873836362197,0.0009828733622422325,0.43882219753864343,0.010263416842998727,10000,answer
synthetic,"Normal, Variable",err_ui,additive,fit_lognorm_SF,-0.00014480837564275983,0.0001726613022889768,0.43882219753864343,0.010263416842998727,10000,answer
synthetic,"Normal, Variable",err_ui,additive,fit_lognorm_SF_uw,-0.00010243464463244091,0.00033705915850577113,0.43882219753864343,0.010263416842998727,10000,answer
synthetic,"Normal, Variable",err_ui,additive,weight_outliers,-1.1757239368261887e-05,0.00018312634660642713,0.43882219753864343,0.010263416842998727,10000,answer
synthetic,"Normal, Variable",err_ui,additive,weight_outliers_uw,0.0004759512194288318,0.0008140673136608298,0.43882219753864343,0.010263416842998727,10000,answer
synthetic,"Normal, Variable",err_ui,additive,mean,0.012899994029857295,0.0016313607260884898,0.43882219753864343,0.010263416842998727,10000,answer
synthetic,"Normal, Variable",err_ui,additive,w_v_uw_wasserstein,0.0008350276084766684,0.000955576666388603,0.43882219753864343,0.010263416842998727,10000,answer
synthetic,"Normal, Variable",err_ui,additive,modes_fitted,0.00067106616512989,0.00039682008162188095,0.43882219753864343,0.010263416842998727,10000,answer
synthetic,"Normal, Variable",err_ui,additive,modes_scipy_default,0.000654550109680525,0.0004330374343314636,0.43882219753864343,0.010263416842998727,10000,answer
synthetic,"Normal, Variable",err_ui,additive,modality_index_fitted,2.938454186796058e-06,1.1248776980222457e-05,0.43882219753864343,0.010263416842998727,10000,answer
synthetic,"Normal, Variable",err_ui,additive,modality_index_fitted_uw,3.6177550542924044e-05,0.00011390136198810282,0.43882219753864343,0.010263416842998727,10000,answer
synthetic,"Normal, Variable",err_ui,boosted,n,0.013646337829341767,0.002329579956015109,0.43961670586727736,0.022061604318853335,10000,answer
synthetic,"Normal, Variable",err_ui,boosted,coeffvar,0.05223457307355721,0.01977437943194494,0.43961670586727736,0.022061604318853335,10000,answer
synthetic,"Normal, Variable",err_ui,boosted,coeffvar_uw,0.5170278179703237,0.042855691868198764,0.43961670586727736,0.022061604318853335,10000,answer
synthetic,"Normal, Variable",err_ui,boosted,skewness,0.0005802745336421755,0.0006742330406033792,0.43961670586727736,0.022061604318853335,10000,answer
synthetic,"Normal, Variable",err_ui,boosted,skewness_uw,0.00013918063644488443,0.000691885324463526,0.43961670586727736,0.022061604318853335,10000,answer
synthetic,"Normal, Variable",err_ui,boosted,kurtosis,0.00493393294806183,0.0015888445948524556,0.43961670586727736,0.022061604318853335,10000,answer
synthetic,"Normal, Variable",err_ui,boosted,kurtosis_uw,0.0007872106212072017,0.0009932862581540284,0.43961670586727736,0.022061604318853335,10000,answer
synthetic,"Normal, Variable",err_ui,boosted,entropy,0.03384666030523877,0.006314553449475367,0.43961670586727736,0.022061604318853335,10000,answer
synthetic,"Normal, Variable",err_ui,boosted,entropy_uw,0.014595458919043902,0.00794488412466881,0.43961670586727736,0.022061604318853335,10000,answer
synthetic,"Normal, Variable",err_ui,boosted,crit_bw_1,0.0008224720704935273,0.0013294455090112857,0.43961670586727736,0.022061604318853335,10000,answer
synthetic,"Normal, Variable",err_ui,boosted,crit_bw_1_uw,0.00043801234344501336,0.0004500654363982517,0.43961670586727736,0.022061604318853335,10000,answer
synthetic,"Normal, Variable",err_ui,boosted,modality_index,0.0004512482790787442,0.0007821655069529891,0.43961670586727736,0.022061604318853335,10000,answer
synthetic,"Normal, Variable",err_ui,boosted,modality_index_uw,0.0001038251617797714,0.00011796984710479307,0.43961670586727736,0.022061604318853335,10000,answer
synthetic,"Normal, Variable",err_ui,boosted,fit_norm_SF,0.0008089857328005557,0.0008632533838497885,0.43961670586727736,0.022061604318853335,10000,answer
synthetic,"Normal, Variable",err_ui,boosted,fit_norm_SF_uw,-0.0006085261423888499,0.000582285056946266,0.43961670586727736,0.022061604318853335,10000,answer
synthetic,"Normal, Variable",err_ui,boosted,fit_lognorm_SF,0.000599590884103014,0.0006607892873083498,0.43961670586727736,0.022061604318853335,10000,answer
synthetic,"Normal, Variable",err_ui,boosted,fit_lognorm_SF_uw,-4.09596360605202e-05,0.0004111206325869673,0.43961670586727736,0.022061604318853335,10000,answer
synthetic,"Normal, Variable",err_ui,boosted,weight_outliers,9.175862494067435e-05,0.0006015554382448153,0.43961670586727736,0.022061604318853335,10000,answer
synthetic,"Normal, Variable",err_ui,boosted,weight_outliers_uw,0.00015266935039590202,0.00037451937220567695,0.43961670586727736,0.022061604318853335,10000,answer
synthetic,"Normal, Variable",err_ui,boosted,mean,0.005681373631634354,0.0018022590730662244,0.43961670586727736,0.022061604318853335,10000,answer
synthetic,"Normal, Variable",err_ui,boosted,w_v_uw_wasserstein,0.0018809224797071255,0.0013111715677737736,0.43961670586727736,0.022061604318853335,10000,answer
synthetic,"Normal, Variable",err_ui,boosted,modes_fitted,0.0007173851294890209,0.0004484679803950211,0.43961670586727736,0.022061604318853335,10000,answer
synthetic,"Normal, Variable",err_ui,boosted,modes_scipy_default,0.00037007824429900136,0.0006954138875070583,0.43961670586727736,0.022061604318853335,10000,answer
synthetic,"Normal, Variable",err_ui,boosted,modality_index_fitted,0.0003581075303787951,0.0007076982199778923,0.43961670586727736,0.022061604318853335,10000,answer
synthetic,"Normal, Variable",err_ui,boosted,modality_index_fitted_uw,0.0003990919420403572,0.0008497979048453765,0.43961670586727736,0.022061604318853335,10000,answer
synthetic,"Lognormal, Uniform",err_ui,additive,n,0.012639470065298619,0.009832870261917565,0.520118344124216,0.009287574062714667,10000,answer
synthetic,"Lognormal, Uniform",err_ui,additive,coeffvar,0.003937439267194622,0.0009574737025045242,0.520118344124216,0.009287574062714667,10000,answer
synthetic,"Lognormal, Uniform",err_ui,additive,coeffvar_uw,0.7052610781328195,0.02374546064502679,0.520118344124216,0.009287574062714667,10000,answer
synthetic,"Lognormal, Uniform",err_ui,additive,skewness,0.0001018309840096654,0.0001343883909289905,0.520118344124216,0.009287574062714667,10000,answer
synthetic,"Lognormal, Uniform",err_ui,additive,skewness_uw,0.0008073531560884329,0.0007591675481220105,0.520118344124216,0.009287574062714667,10000,answer
synthetic,"Lognormal, Uniform",err_ui,additive,kurtosis,0.0004160107822799985,0.0006041476112366428,0.520118344124216,0.009287574062714667,10000,answer
synthetic,"Lognormal, Uniform",err_ui,additive,kurtosis_uw,3.131179132464412e-05,0.00011984938313286374,0.520118344124216,0.009287574062714667,10000,answer
synthetic,"Lognormal, Uniform",err_ui,additive,entropy,0.0135401434214097,0.004822585324598289,0.520118344124216,0.009287574062714667,10000,answer
synthetic,"Lognormal, Uniform",err_ui,additive,entropy_uw,0.009276759515933406,0.004344701878304639,0.520118344124216,0.009287574062714667,10000,answer
synthetic,"Lognormal, Uniform",err_ui,additive,crit_bw_1,-0.00010285874963585239,0.00012652048245950068,0.520118344124216,0.009287574062714667,10000,answer
synthetic,"Lognormal, Uniform",err_ui,additive,crit_bw_1_uw,0.00018785997954668955,0.00019604088911248722,0.520118344124216,0.009287574062714667,10000,answer
synthetic,"Lognormal, Uniform",err_ui,additive,modality_index,3.01376147250565e-06,1.6726109721881075e-05,0.520118344124216,0.009287574062714667,10000,answer
synthetic,"Lognormal, Uniform",err_ui,additive,modality_index_uw,-2.028805160933178e-05,2.6899437141457684e-05,0.520118344124216,0.009287574062714667,10000,answer
synthetic,"Lognormal, Uniform",err_ui,additive,fit_norm_SF,0.001280871495425715,0.00030174050025308423,0.520118344124216,0.009287574062714667,10000,answer
synthetic,"Lognormal, Uniform",err_ui,additive,fit_norm_SF_uw,0.0015257306734212505,0.0006290778057754686,0.520118344124216,0.009287574062714667,10000,answer
synthetic,"Lognormal, Uniform",err_ui,additive,fit_lognorm_SF,-0.00010705212809370089,0.00020953561122056573,0.520118344124216,0.009287574062714667,10000,answer
synthetic,"Lognormal, Uniform",err_ui,additive,fit_lognorm_SF_uw,0.0001405945485168414,0.00017551686326073264,0.520118344124216,0.009287574062714667,10000,answer
synthetic,"Lognormal, Uniform",err_ui,additive,weight_outliers,-0.00011335432495060748,0.0001801600748697473,0.520118344124216,0.009287574062714667,10000,answer
synthetic,"Lognormal, Uniform",err_ui,additive,weight_outliers_uw,0.009732309586021611,0.0016188586839358766,0.520118344124216,0.009287574062714667,10000,answer
synthetic,"Lognormal, Uniform",err_ui,additive,mean,1.4732530282395295e-05,5.782423894735687e-05,0.520118344124216,0.009287574062714667,10000,answer
synthetic,"Lognormal, Uniform",err_ui,additive,w_v_uw_wasserstein,0.02336439843210167,0.003749536859049007,0.520118344124216,0.009287574062714667,10000,answer
synthetic,"Lognormal, Uniform",err_ui,additive,modes_fitted,5.53713372828657e-05,0.00012593587329412997,0.520118344124216,0.009287574062714667,10000,answer
synthetic,"Lognormal, Uniform",err_ui,additive,modes_scipy_default,-1.1799507913590192e-06,3.0805205082908693e-06,0.520118344124216,0.009287574062714667,10000,answer
synthetic,"Lognormal, Uniform",err_ui,additive,modality_index_fitted,6.40269182279174e-05,6.523572603096271e-05,0.520118344124216,0.009287574062714667,10000,answer
synthetic,"Lognormal, Uniform",err_ui,additive,modality_index_fitted_uw,-2.7090112900114428e-05,5.4180225800228856e-05,0.520118344124216,0.009287574062714667,10000,answer
synthetic,"Lognormal, Uniform",err_ui,boosted,n,0.0038189332855792625,0.004582305360517861,0.5262506344370742,0.028765025337980584,10000,answer
synthetic,"Lognormal, Uniform",err_ui,boosted,coeffvar,0.003175917201204763,0.0012603284440971792,0.5262506344370742,0.028765025337980584,10000,answer
synthetic,"Lognormal, Uniform",err_ui,boosted,coeffvar_uw,0.8183698698207722,0.062190829939894235,0.5262506344370742,0.028765025337980584,10000,answer
synthetic,"Lognormal, Uniform",err_ui,boosted,skewness,7.774760980077127e-06,0.00031247802887368316,0.5262506344370742,0.028765025337980584,10000,answer
synthetic,"Lognormal, Uniform",err_ui,boosted,skewness_uw,0.0004242173138568516,0.0005482344566018145,0.5262506344370742,0.028765025337980584,10000,answer
synthetic,"Lognormal, Uniform",err_ui,boosted,kurtosis,0.0015395339748065263,0.0015481224989067786,0.5262506344370742,0.028765025337980584,10000,answer
synthetic,"Lognormal, Uniform",err_ui,boosted,kurtosis_uw,0.002110901698419614,0.0014025918233527411,0.5262506344370742,0.028765025337980584,10000,answer
synthetic,"Lognormal, Uniform",err_ui,boosted,entropy,0.026413885728577148,0.0055668031380635375,0.5262506344370742,0.028765025337980584,10000,answer
synthetic,"Lognormal, Uniform",err_ui,boosted,entropy_uw,0.012063146518349938,0.008398935703106345,0.5262506344370742,0.028765025337980584,10000,answer
synthetic,"Lognormal, Uniform",err_ui,boosted,crit_bw_1,-7.490447660935428e-05,0.0007141606194435079,0.5262506344370742,0.028765025337980584,10000,answer
synthetic,"Lognormal, Uniform",err_ui,boosted,crit_bw_1_uw,0.0004884419444902033,0.00041783152039528146,0.5262506344370742,0.028765025337980584,10000,answer
synthetic,"Lognormal, Uniform",err_ui,boosted,modality_index,-1.790710094016878e-05,0.0003698183133417028,0.5262506344370742,0.028765025337980584,10000,answer
synthetic,"Lognormal, Uniform",err_ui,boosted,modality_index_uw,0.0001717336705005268,9.505927092681839e-05,0.5262506344370742,0.028765025337980584,10000,answer
synthetic,"Lognormal, Uniform",err_ui,boosted,fit_norm_SF,0.000796607738004318,0.0011492988968204883,0.5262506344370742,0.028765025337980584,10000,answer
synthetic,"Lognormal, Uniform",err_ui,boosted,fit_norm_SF_uw,7.617487773994958e-05,0.0006351930653078961,0.5262506344370742,0.028765025337980584,10000,answer
synthetic,"Lognormal, Uniform",err_ui,boosted,fit_lognorm_SF,0.0007676809160257413,0.000283187982152053,0.5262506344370742,0.028765025337980584,10000,answer
synthetic,"Lognormal, Uniform",err_ui,boosted,fit_lognorm_SF_uw,-0.0004233653644842961,0.0005819696457980938,0.5262506344370742,0.028765025337980584,10000,answer
synthetic,"Lognormal, Uniform",err_ui,boosted,weight_outliers,0.0003279416177208838,0.0007223223775885575,0.5262506344370742,0.028765025337980584,10000,answer
synthetic,"Lognormal, Uniform",err_ui,boosted,weight_outliers_uw,0.001366536151433677,0.0005487570052334259,0.5262506344370742,0.028765025337980584,10000,answer
synthetic,"Lognormal, Uniform",err_ui,boosted,mean,0.00033346997665878675,0.00011373717146043293,0.5262506344370742,0.028765025337980584,10000,answer
synthetic,"Lognormal, Uniform",err_ui,boosted,w_v_uw_wasserstein,0.02129340790596911,0.003558310736949939,0.5262506344370742,0.028765025337980584,10000,answer
synthetic,"Lognormal, Uniform",err_ui,boosted,modes_fitted,4.335120184149278e-05,0.00030939709084424905,0.5262506344370742,0.028765025337980584,10000,answer
synthetic,"Lognormal, Uniform",err_ui,boosted,modes_scipy_default,-5.908311267650567e-06,1.1816622535301134e-05,0.5262506344370742,0.028765025337980584,10000,answer
synthetic,"Lognormal, Uniform",err_ui,boosted,modality_index_fitted,-0.0003362575822323,0.0005080783812328669,0.5262506344370742,0.028765025337980584,10000,answer
synthetic,"Lognormal, Uniform",err_ui,boosted,modality_index_fitted_uw,-0.0003552530078240723,0.0005330519441563108,0.5262506344370742,0.028765025337980584,10000,answer
synthetic,"Lognormal, Variable",err_ui,additive,n,0.036665171792633025,0.01841011214039404,0.4746920941070689,0.021260873286920796,10000,answer
synthetic,"Lognormal, Variable",err_ui,additive,coeffvar,0.15102055867124312,0.011217660288552672,0.4746920941070689,0.021260873286920796,10000,answer
synthetic,"Lognormal, Variable",err_ui,additive,coeffvar_uw,0.32474468265744133,0.04320509631600322,0.4746920941070689,0.021260873286920796,10000,answer
synthetic,"Lognormal, Variable",err_ui,additive,skewness,0.002184134720247877,0.001216337029800299,0.4746920941070689,0.021260873286920796,10000,answer
synthetic,"Lognormal, Variable",err_ui,additive,skewness_uw,-0.00021306078929025587,0.000279658698285793,0.4746920941070689,0.021260873286920796,10000,answer
synthetic,"Lognormal, Variable",err_ui,additive,kurtosis,0.00038940531897127426,0.0004894701790672295,0.4746920941070689,0.021260873286920796,10000,answer
synthetic,"Lognormal, Variable",err_ui,additive,kurtosis_uw,0.0003332112566819778,0.0003719979643510498,0.4746920941070689,0.021260873286920796,10000,answer
synthetic,"Lognormal, Variable",err_ui,additive,entropy,0.05162681201044852,0.007213670073770222,0.4746920941070689,0.021260873286920796,10000,answer
synthetic,"Lognormal, Variable",err_ui,additive,entropy_uw,0.003197456381183077,0.004126798630906335,0.4746920941070689,0.021260873286920796,10000,answer
synthetic,"Lognormal, Variable",err_ui,additive,crit_bw_1,-0.00010477255670864993,0.00026260244118620754,0.4746920941070689,0.021260873286920796,10000,answer
synthetic,"Lognormal, Variable",err_ui,additive,crit_bw_1_uw,0.0014310179151195324,0.0008014290261530449,0.4746920941070689,0.021260873286920796,10000,answer
synthetic,"Lognormal, Variable",err_ui,additive,modality_index,-8.334608863741045e-05,0.00015993715647366386,0.4746920941070689,0.021260873286920796,10000,answer
synthetic,"Lognormal, Variable",err_ui,additive,modality_index_uw,-0.00019362212521264246,0.00035368889322996293,0.4746920941070689,0.021260873286920796,10000,answer
synthetic,"Lognormal, Variable",err_ui,additive,fit_norm_SF,0.0021021392918812707,0.002112182213019202,0.4746920941070689,0.021260873286920796,10000,answer
synthetic,"Lognormal, Variable",err_ui,additive,fit_norm_SF_uw,0.0002161029953617199,0.0005112449332210235,0.4746920941070689,0.021260873286920796,10000,answer
synthetic,"Lognormal, Variable",err_ui,additive,fit_lognorm_SF,0.00022865298105160026,0.0003637870646924372,0.4746920941070689,0.021260873286920796,10000,answer
synthetic,"Lognormal, Variable",err_ui,additive,fit_lognorm_SF_uw,-0.00017201843196052339,0.0005767540529909918,0.4746920941070689,0.021260873286920796,10000,answer
synthetic,"Lognormal, Variable",err_ui,additive,weight_outliers,0.00039835605126254054,0.0002638781384281086,0.4746920941070689,0.021260873286920796,10000,answer
synthetic,"Lognormal, Variable",err_ui,additive,weight_outliers_uw,0.0033836998725760557,0.0015903470186080508,0.4746920941070689,0.021260873286920796,10000,answer
synthetic,"Lognormal, Variable",err_ui,additive,mean,0.01169413309250259,0.0030877156576006198,0.4746920941070689,0.021260873286920796,10000,answer
synthetic,"Lognormal, Variable",err_ui,additive,w_v_uw_wasserstein,0.004629292707135273,0.0010376580499437803,0.4746920941070689,0.021260873286920796,10000,answer
synthetic,"Lognormal, Variable",err_ui,additive,modes_fitted,0.0003331318379417114,0.0003243014699986644,0.4746920941070689,0.021260873286920796,10000,answer
synthetic,"Lognormal, Variable",err_ui,additive,modes_scipy_default,-2.1815338294499663e-05,4.3630676588999325e-05,0.4746920941070689,0.021260873286920796,10000,answer
synthetic,"Lognormal, Variable",err_ui,additive,modality_index_fitted,0.00020691506657013692,0.0002881067576396847,0.4746920941070689,0.021260873286920796,10000,answer
synthetic,"Lognormal, Variable",err_ui,additive,modality_index_fitted_uw,4.052976788570861e-05,0.00011241714883452458,0.4746920941070689,0.021260873286920796,10000,answer
synthetic,"Lognormal, Variable",err_ui,boosted,n,0.02163220873500322,0.0031271644336858936,0.4840596991118756,0.030341607766350434,10000,answer
synthetic,"Lognormal, Variable",err_ui,boosted,coeffvar,0.10347387989806958,0.004691924389222406,0.4840596991118756,0.030341607766350434,10000,answer
synthetic,"Lognormal, Variable",err_ui,boosted,coeffvar_uw,0.5073171986082985,0.01853155869011275,0.4840596991118756,0.030341607766350434,10000,answer
synthetic,"Lognormal, Variable",err_ui,boosted,skewness,0.00042189107053538735,0.0007622317001003901,0.4840596991118756,0.030341607766350434,10000,answer
synthetic,"Lognormal, Variable",err_ui,boosted,skewness_uw,-0.00012080536513803917,0.0006404321020866526,0.4840596991118756,0.030341607766350434,10000,answer
synthetic,"Lognormal, Variable",err_ui,boosted,kurtosis,0.0057989292426780525,0.0029355098957684882,0.4840596991118756,0.030341607766350434,10000,answer
synthetic,"Lognormal, Variable",err_ui,boosted,kurtosis_uw,0.0010119845576729203,0.001284883721663951,0.4840596991118756,0.030341607766350434,10000,answer
synthetic,"Lognormal, Variable",err_ui,boosted,entropy,0.03587272329304174,0.011443307865882,0.4840596991118756,0.030341607766350434,10000,answer
synthetic,"Lognormal, Variable",err_ui,boosted,entropy_uw,0.014683413770161077,0.006126817540198969,0.4840596991118756,0.030341607766350434,10000,answer
synthetic,"Lognormal, Variable",err_ui,boosted,crit_bw_1,0.0016057879828976773,0.001073714906938494,0.4840596991118756,0.030341607766350434,10000,answer
synthetic,"Lognormal, Variable",err_ui,boosted,crit_bw_1_uw,0.0006071778480731726,0.0005177069937781291,0.4840596991118756,0.030341607766350434,10000,answer
synthetic,"Lognormal, Variable",err_ui,boosted,modality_index,9.477169544874986e-05,0.00023851244111345186,0.4840596991118756,0.030341607766350434,10000,answer
synthetic,"Lognormal, Variable",err_ui,boosted,modality_index_uw,-0.0002513530886574733,0.0003901781615536296,0.4840596991118756,0.030341607766350434,10000,answer
synthetic,"Lognormal, Variable",err_ui,boosted,fit_norm_SF,-0.0002049892616129689,0.0003099056716211602,0.4840596991118756,0.030341607766350434,10000,answer
synthetic,"Lognormal, Variable",err_ui,boosted,fit_norm_SF_uw,-0.0001140103356680089,0.000685999967655782,0.4840596991118756,0.030341607766350434,10000,answer
synthetic,"Lognormal, Variable",err_ui,boosted,fit_lognorm_SF,-2.2425843377167338e-05,0.0005239416635877103,0.4840596991118756,0.030341607766350434,10000,answer
synthetic,"Lognormal, Variable",err_ui,boosted,fit_lognorm_SF_uw,0.0001612006296855584,0.0003877705376874379,0.4840596991118756,0.030341607766350434,10000,answer
synthetic,"Lognormal, Variable",err_ui,boosted,weight_outliers,0.00040618639745114036,0.00032676342475198834,0.4840596991118756,0.030341607766350434,10000,answer
synthetic,"Lognormal, Variable",err_ui,boosted,weight_outliers_uw,0.00021712853243865734,0.0007615235373148488,0.4840596991118756,0.030341607766350434,10000,answer
synthetic,"Lognormal, Variable",err_ui,boosted,mean,0.0045977339318285845,0.0006689848345611426,0.4840596991118756,0.030341607766350434,10000,answer
synthetic,"Lognormal, Variable",err_ui,boosted,w_v_uw_wasserstein,0.005317518127216005,0.00392074488765318,0.4840596991118756,0.030341607766350434,10000,answer
synthetic,"Lognormal, Variable",err_ui,boosted,modes_fitted,-5.83725601515117e-05,5.833280489970642e-05,0.4840596991118756,0.030341607766350434,10000,answer
synthetic,"Lognormal, Variable",err_ui,boosted,modes_scipy_default,-5.878456525731918e-07,4.3837228034784774e-05,0.4840596991118756,0.030341607766350434,10000,answer
synthetic,"Lognormal, Variable",err_ui,boosted,modality_index_fitted,0.0003344351961757997,0.00044410359960053676,0.4840596991118756,0.030341607766350434,10000,answer
synthetic,"Lognormal, Variable",err_ui,boosted,modality_index_fitted_uw,8.419915031643299e-05,0.0006499217395736441,0.4840596991118756,0.030341607766350434,10000,answer
synthetic,"KDE, Uniform",err_ui,additive,n,0.010162056776062243,0.006181473687761392,0.5118493489394714,0.024641657526237065,10000,answer
synthetic,"KDE, Uniform",err_ui,additive,coeffvar,0.0015648298524257999,0.002564125175992396,0.5118493489394714,0.024641657526237065,10000,answer
synthetic,"KDE, Uniform",err_ui,additive,coeffvar_uw,0.6786255174187907,0.011646980070451922,0.5118493489394714,0.024641657526237065,10000,answer
synthetic,"KDE, Uniform",err_ui,additive,skewness,0.0008418583701328798,0.0010174767932264739,0.5118493489394714,0.024641657526237065,10000,answer
synthetic,"KDE, Uniform",err_ui,additive,skewness_uw,0.00066683059031444,0.0012157949086525472,0.5118493489394714,0.024641657526237065,10000,answer
synthetic,"KDE, Uniform",err_ui,additive,kurtosis,0.002997502352898702,0.0010608289268949165,0.5118493489394714,0.024641657526237065,10000,answer
synthetic,"KDE, Uniform",err_ui,additive,kurtosis_uw,0.0001832423294494956,0.0003763849657366026,0.5118493489394714,0.024641657526237065,10000,answer
synthetic,"KDE, Uniform",err_ui,additive,entropy,0.03689824350742993,0.00427837933851411,0.5118493489394714,0.024641657526237065,10000,answer
synthetic,"KDE, Uniform",err_ui,additive,entropy_uw,0.0038550806441846872,0.0036650210979654765,0.5118493489394714,0.024641657526237065,10000,answer
synthetic,"KDE, Uniform",err_ui,additive,crit_bw_1,0.001662953368372373,0.0005169315715417747,0.5118493489394714,0.024641657526237065,10000,answer
synthetic,"KDE, Uniform",err_ui,additive,crit_bw_1_uw,0.0004286845530094374,0.00022885163712999752,0.5118493489394714,0.024641657526237065,10000,answer
synthetic,"KDE, Uniform",err_ui,additive,modality_index,2.283814098785531e-05,0.00011452061905150313,0.5118493489394714,0.024641657526237065,10000,answer
synthetic,"KDE, Uniform",err_ui,additive,modality_index_uw,-6.568412735512786e-05,8.319216744134987e-05,0.5118493489394714,0.024641657526237065,10000,answer
synthetic,"KDE, Uniform",err_ui,additive,fit_norm_SF,0.0002526023944123024,0.0003163811386811732,0.5118493489394714,0.024641657526237065,10000,answer
synthetic,"KDE, Uniform",err_ui,additive,fit_norm_SF_uw,0.003933978566324747,0.00138880003452425,0.5118493489394714,0.024641657526237065,10000,answer
synthetic,"KDE, Uniform",err_ui,additive,fit_lognorm_SF,8.08930670800678e-05,0.00028227666202055256,0.5118493489394714,0.024641657526237065,10000,answer
synthetic,"KDE, Uniform",err_ui,additive,fit_lognorm_SF_uw,-8.60316578598752e-05,0.0001418286388390836,0.5118493489394714,0.024641657526237065,10000,answer
synthetic,"KDE, Uniform",err_ui,additive,weight_outliers,-5.472957530679334e-05,6.572211720916683e-05,0.5118493489394714,0.024641657526237065,10000,answer
synthetic,"KDE, Uniform",err_ui,additive,weight_outliers_uw,0.000571259235577819,0.0005006440923606249,0.5118493489394714,0.024641657526237065,10000,answer
synthetic,"KDE, Uniform",err_ui,additive,mean,0.00011421549038211908,0.00015654091517165944,0.5118493489394714,0.024641657526237065,10000,answer
synthetic,"KDE, Uniform",err_ui,additive,w_v_uw_wasserstein,0.020661989031744134,0.0023185865617760537,0.5118493489394714,0.024641657526237065,10000,answer
synthetic,"KDE, Uniform",err_ui,additive,modes_fitted,0.0002374021936018367,7.070105192820773e-05,0.5118493489394714,0.024641657526237065,10000,answer
synthetic,"KDE, Uniform",err_ui,additive,modes_scipy_default,-3.2864086879527135e-05,6.572817375905427e-05,0.5118493489394714,0.024641657526237065,10000,answer
synthetic,"KDE, Uniform",err_ui,additive,modality_index_fitted,8.52447088533248e-05,0.00017469665511495651,0.5118493489394714,0.024641657526237065,10000,answer
synthetic,"KDE, Uniform",err_ui,additive,modality_index_fitted_uw,-4.076025605519229e-05,8.205344439707938e-05,0.5118493489394714,0.024641657526237065,10000,answer
synthetic,"KDE, Uniform",err_ui,boosted,n,0.010488507254539632,0.009124883702101003,0.5179448524763326,0.0260678772504635,10000,answer
synthetic,"KDE, Uniform",err_ui,boosted,coeffvar,0.0031911522180511813,0.0010643430341132486,0.5179448524763326,0.0260678772504635,10000,answer
synthetic,"KDE, Uniform",err_ui,boosted,coeffvar_uw,0.7599913454990344,0.026725212508316432,0.5179448524763326,0.0260678772504635,10000,answer
synthetic,"KDE, Uniform",err_ui,boosted,skewness,0.00021856623599004758,0.000512437173011829,0.5179448524763326,0.0260678772504635,10000,answer
synthetic,"KDE, Uniform",err_ui,boosted,skewness_uw,0.00010929242381998662,0.00022363121420490936,0.5179448524763326,0.0260678772504635,10000,answer
synthetic,"KDE, Uniform",err_ui,boosted,kurtosis,0.007039251412072176,0.0016287008869992172,0.5179448524763326,0.0260678772504635,10000,answer
synthetic,"KDE, Uniform",err_ui,boosted,kurtosis_uw,0.00016422125946851992,0.0009563857701181884,0.5179448524763326,0.0260678772504635,10000,answer
synthetic,"KDE, Uniform",err_ui,boosted,entropy,0.03617987195998061,0.008043398402598578,0.5179448524763326,0.0260678772504635,10000,answer
synthetic,"KDE, Uniform",err_ui,boosted,entropy_uw,0.00824719231994373,0.0032114194224755676,0.5179448524763326,0.0260678772504635,10000,answer
synthetic,"KDE, Uniform",err_ui,boosted,crit_bw_1,0.0012903360535251717,0.0013560575515453544,0.5179448524763326,0.0260678772504635,10000,answer
synthetic,"KDE, Uniform",err_ui,boosted,crit_bw_1_uw,0.0004268552884152399,0.0008677033949176032,0.5179448524763326,0.0260678772504635,10000,answer
synthetic,"KDE, Uniform",err_ui,boosted,modality_index,5.057347442644078e-05,0.0002630006791588645,0.5179448524763326,0.0260678772504635,10000,answer
synthetic,"KDE, Uniform",err_ui,boosted,modality_index_uw,7.51637365554769e-05,0.00022014037241992914,0.5179448524763326,0.0260678772504635,10000,answer
synthetic,"KDE, Uniform",err_ui,boosted,fit_norm_SF,0.0003384728138658688,0.0007276927073326244,0.5179448524763326,0.0260678772504635,10000,answer
synthetic,"KDE, Uniform",err_ui,boosted,fit_norm_SF_uw,0.0012052998608589748,0.000700983047762023,0.5179448524763326,0.0260678772504635,10000,answer
synthetic,"KDE, Uniform",err_ui,boosted,fit_lognorm_SF,0.0011584964416690435,0.0015113558308534763,0.5179448524763326,0.0260678772504635,10000,answer
synthetic,"KDE, Uniform",err_ui,boosted,fit_lognorm_SF_uw,-0.0001480969504285645,0.0006921071857830732,0.5179448524763326,0.0260678772504635,10000,answer
synthetic,"KDE, Uniform",err_ui,boosted,weight_outliers,-0.000305052905695169,0.00023874776138300738,0.5179448524763326,0.0260678772504635,10000,answer
synthetic,"KDE, Uniform",err_ui,boosted,weight_outliers_uw,0.00019236951903371045,0.00029628512093813714,0.5179448524763326,0.0260678772504635,10000,answer
synthetic,"KDE, Uniform",err_ui,boosted,mean,0.0015517404246421338,0.0010271902893701915,0.5179448524763326,0.0260678772504635,10000,answer
synthetic,"KDE, Uniform",err_ui,boosted,w_v_uw_wasserstein,0.0171075368419288,0.0031958526740707136,0.5179448524763326,0.0260678772504635,10000,answer
synthetic,"KDE, Uniform",err_ui,boosted,modes_fitted,-0.000177665682894681,0.0002507830913665901,0.5179448524763326,0.0260678772504635,10000,answer
synthetic,"KDE, Uniform",err_ui,boosted,modes_scipy_default,2.6751290081450385e-06,2.9754226294804303e-05,0.5179448524763326,0.0260678772504635,10000,answer
synthetic,"KDE, Uniform",err_ui,boosted,modality_index_fitted,-0.00034051267655761826,0.0005278949626212175,0.5179448524763326,0.0260678772504635,10000,answer
synthetic,"KDE, Uniform",err_ui,boosted,modality_index_fitted_uw,0.0003774091420917291,0.0003568279093357761,0.5179448524763326,0.0260678772504635,10000,answer
synthetic,"KDE, Variable",err_ui,additive,n,0.05457216566246305,0.009812841245283695,0.49177522977229077,0.02297251724971655,10000,answer
synthetic,"KDE, Variable",err_ui,additive,coeffvar,0.18403930404869742,0.021000955770222228,0.49177522977229077,0.02297251724971655,10000,answer
synthetic,"KDE, Variable",err_ui,additive,coeffvar_uw,0.285293889036364,0.03564397139559203,0.49177522977229077,0.02297251724971655,10000,answer
synthetic,"KDE, Variable",err_ui,additive,skewness,0.010736931596906474,0.00412926767691866,0.49177522977229077,0.02297251724971655,10000,answer
synthetic,"KDE, Variable",err_ui,additive,skewness_uw,8.978074889223642e-05,0.0002937964945019721,0.49177522977229077,0.02297251724971655,10000,answer
synthetic,"KDE, Variable",err_ui,additive,kurtosis,0.001132025965039425,0.0014759964519875236,0.49177522977229077,0.02297251724971655,10000,answer
synthetic,"KDE, Variable",err_ui,additive,kurtosis_uw,1.3034016800284048e-05,0.00015799061001288796,0.49177522977229077,0.02297251724971655,10000,answer
synthetic,"KDE, Variable",err_ui,additive,entropy,0.038847762847090794,0.006085172397224711,0.49177522977229077,0.02297251724971655,10000,answer
synthetic,"KDE, Variable",err_ui,additive,entropy_uw,0.005502682578441,0.002525926795749402,0.49177522977229077,0.02297251724971655,10000,answer
synthetic,"KDE, Variable",err_ui,additive,crit_bw_1,0.0002825356199863394,0.0003271994250070918,0.49177522977229077,0.02297251724971655,10000,answer
synthetic,"KDE, Variable",err_ui,additive,crit_bw_1_uw,-0.00015641729623105946,0.000814132599347609,0.49177522977229077,0.02297251724971655,10000,answer
synthetic,"KDE, Variable",err_ui,additive,modality_index,0.0013029189726266612,0.0024263443944842035,0.49177522977229077,0.02297251724971655,10000,answer
synthetic,"KDE, Variable",err_ui,additive,modality_index_uw,-0.00010327642598195741,0.00018398551263015342,0.49177522977229077,0.02297251724971655,10000,answer
synthetic,"KDE, Variable",err_ui,additive,fit_norm_SF,0.0006202514242242673,0.0009602028659428147,0.49177522977229077,0.02297251724971655,10000,answer
synthetic,"KDE, Variable",err_ui,additive,fit_norm_SF_uw,0.00020696907631027276,0.000549972157672523,0.49177522977229077,0.02297251724971655,10000,answer
synthetic,"KDE, Variable",err_ui,additive,fit_lognorm_SF,2.02606524118476e-05,0.0002099189498773584,0.49177522977229077,0.02297251724971655,10000,answer
synthetic,"KDE, Variable",err_ui,additive,fit_lognorm_SF_uw,0.0004407961504669067,0.0009592758550337122,0.49177522977229077,0.02297251724971655,10000,answer
synthetic,"KDE, Variable",err_ui,additive,weight_outliers,-0.00013247643055186664,0.00017559249085577277,0.49177522977229077,0.02297251724971655,10000,answer
synthetic,"KDE, Variable",err_ui,additive,weight_outliers_uw,0.002127338469093931,0.0006366116705018821,0.49177522977229077,0.02297251724971655,10000,answer
synthetic,"KDE, Variable",err_ui,additive,mean,0.01894343249204498,0.0042308248448089635,0.49177522977229077,0.02297251724971655,10000,answer
synthetic,"KDE, Variable",err_ui,additive,w_v_uw_wasserstein,0.0030813445067769197,0.0022713081515689324,0.49177522977229077,0.02297251724971655,10000,answer
synthetic,"KDE, Variable",err_ui,additive,modes_fitted,0.0002978938181763424,0.0004793943170034,0.49177522977229077,0.02297251724971655,10000,answer
synthetic,"KDE, Variable",err_ui,additive,modes_scipy_default,0.00011814837104437981,0.0002361466320721919,0.49177522977229077,0.02297251724971655,10000,answer
synthetic,"KDE, Variable",err_ui,additive,modality_index_fitted,8.341695372746427e-05,0.00016621841474119027,0.49177522977229077,0.02297251724971655,10000,answer
synthetic,"KDE, Variable",err_ui,additive,modality_index_fitted_uw,0.001236182364498677,0.0022216966897885587,0.49177522977229077,0.02297251724971655,10000,answer
synthetic,"KDE, Variable",err_ui,boosted,n,0.018640858632466607,0.005336734756736249,0.4959764208563307,0.024610047163787188,10000,answer
synthetic,"KDE, Variable",err_ui,boosted,coeffvar,0.0915891219152663,0.009980868375506722,0.4959764208563307,0.024610047163787188,10000,answer
synthetic,"KDE, Variable",err_ui,boosted,coeffvar_uw,0.5031710579581976,0.04451857549686857,0.4959764208563307,0.024610047163787188,10000,answer
synthetic,"KDE, Variable",err_ui,boosted,skewness,-7.210727378743839e-05,0.0010624728930713019,0.4959764208563307,0.024610047163787188,10000,answer
synthetic,"KDE, Variable",err_ui,boosted,skewness_uw,0.00046774791224672767,0.0011085254209278715,0.4959764208563307,0.024610047163787188,10000,answer
synthetic,"KDE, Variable",err_ui,boosted,kurtosis,0.001739250074666241,0.003150613142256296,0.4959764208563307,0.024610047163787188,10000,answer
synthetic,"KDE, Variable",err_ui,boosted,kurtosis_uw,0.0020968484827024137,0.0012168688014175999,0.4959764208563307,0.024610047163787188,10000,answer
synthetic,"KDE, Variable",err_ui,boosted,entropy,0.026800001602386513,0.00742524709917662,0.4959764208563307,0.024610047163787188,10000,answer
synthetic,"KDE, Variable",err_ui,boosted,entropy_uw,0.037550818012207644,0.010885016000568851,0.4959764208563307,0.024610047163787188,10000,answer
synthetic,"KDE, Variable",err_ui,boosted,crit_bw_1,0.002344889762639424,0.002242831922669296,0.4959764208563307,0.024610047163787188,10000,answer
synthetic,"KDE, Variable",err_ui,boosted,crit_bw_1_uw,0.00036659671378234336,0.0005396307793623037,0.4959764208563307,0.024610047163787188,10000,answer
synthetic,"KDE, Variable",err_ui,boosted,modality_index,0.0002708596838427923,0.0008797286444620498,0.4959764208563307,0.024610047163787188,10000,answer
synthetic,"KDE, Variable",err_ui,boosted,modality_index_uw,0.00025254828180761415,0.0003703956655936171,0.4959764208563307,0.024610047163787188,10000,answer
synthetic,"KDE, Variable",err_ui,boosted,fit_norm_SF,0.0015959895034953855,0.0008087536535605298,0.4959764208563307,0.024610047163787188,10000,answer
synthetic,"KDE, Variable",err_ui,boosted,fit_norm_SF_uw,0.0006006952805731469,0.0007181588505104441,0.4959764208563307,0.024610047163787188,10000,answer
synthetic,"KDE, Variable",err_ui,boosted,fit_lognorm_SF,0.0009990302161587562,0.0018886138241203576,0.4959764208563307,0.024610047163787188,10000,answer
synthetic,"KDE, Variable",err_ui,boosted,fit_lognorm_SF_uw,0.0001404613566735846,0.00044418989882807414,0.4959764208563307,0.024610047163787188,10000,answer
synthetic,"KDE, Variable",err_ui,boosted,weight_outliers,-5.489733386570218e-05,0.0008416601974409175,0.4959764208563307,0.024610047163787188,10000,answer
synthetic,"KDE, Variable",err_ui,boosted,weight_outliers_uw,1.008316740327865e-05,0.00029232297113582055,0.4959764208563307,0.024610047163787188,10000,answer
synthetic,"KDE, Variable",err_ui,boosted,mean,0.002856983126881756,0.0012874663656653868,0.4959764208563307,0.024610047163787188,10000,answer
synthetic,"KDE, Variable",err_ui,boosted,w_v_uw_wasserstein,0.0015953156991696104,0.0014167999567724215,0.4959764208563307,0.024610047163787188,10000,answer
synthetic,"KDE, Variable",err_ui,boosted,modes_fitted,0.00021140592204909052,0.0006517118441433942,0.4959764208563307,0.024610047163787188,10000,answer
synthetic,"KDE, Variable",err_ui,boosted,modes_scipy_default,5.192065382195742e-06,1.7674647360451456e-05,0.4959764208563307,0.024610047163787188,10000,answer
synthetic,"KDE, Variable",err_ui,boosted,modality_index_fitted,-0.0005869970298548078,0.00041896809430151574,0.4959764208563307,0.024610047163787188,10000,answer
synthetic,"KDE, Variable",err_ui,boosted,modality_index_fitted_uw,7.987166105786429e-05,0.0008990726598483009,0.4959764208563307,0.024610047163787188,10000,answer
synthetic,"Normal, Uniform",err_eci_p95,additive,n,0.037160896450281845,0.026217246777261165,0.4746688389034581,0.005239105200097206,10000,answer
synthetic,"Normal, Uniform",err_eci_p95,additive,coeffvar,0.016982783693544397,0.005333896070737133,0.4746688389034581,0.005239105200097206,10000,answer
synthetic,"Normal, Uniform",err_eci_p95,additive,coeffvar_uw,0.024736959186770238,0.010104275025218034,0.4746688389034581,0.005239105200097206,10000,answer
synthetic,"Normal, Uniform",err_eci_p95,additive,skewness,7.375021803728733e-05,0.00030146745389862635,0.4746688389034581,0.005239105200097206,10000,answer
synthetic,"Normal, Uniform",err_eci_p95,additive,skewness_uw,0.0053717155475108925,0.004741841789757089,0.4746688389034581,0.005239105200097206,10000,answer
synthetic,"Normal, Uniform",err_eci_p95,additive,kurtosis,0.006347763197820652,0.0011601388889698077,0.4746688389034581,0.005239105200097206,10000,answer
synthetic,"Normal, Uniform",err_eci_p95,additive,kurtosis_uw,0.0016736440337261783,0.0017050349112046929,0.4746688389034581,0.005239105200097206,10000,answer
synthetic,"Normal, Uniform",err_eci_p95,additive,entropy,0.035678104552086004,0.009016515203052166,0.4746688389034581,0.005239105200097206,10000,answer
synthetic,"Normal, Uniform",err_eci_p95,additive,entropy_uw,0.014883114895077265,0.0038432620863202796,0.4746688389034581,0.005239105200097206,10000,answer
synthetic,"Normal, Uniform",err_eci_p95,additive,crit_bw_1,0.0034313382299324124,0.0011861275595122015,0.4746688389034581,0.005239105200097206,10000,answer
synthetic,"Normal, Uniform",err_eci_p95,additive,crit_bw_1_uw,0.01371408402088318,0.0022948960572745074,0.4746688389034581,0.005239105200097206,10000,answer
synthetic,"Normal, Uniform",err_eci_p95,additive,modality_index,-1.6862360983742605e-05,0.00011025932933862133,0.4746688389034581,0.005239105200097206,10000,answer
synthetic,"Normal, Uniform",err_eci_p95,additive,modality_index_uw,0.0022350818696788943,0.0013999915149313794,0.4746688389034581,0.005239105200097206,10000,answer
synthetic,"Normal, Uniform",err_eci_p95,additive,fit_norm_SF,0.0021617464433206024,0.0019414331512491608,0.4746688389034581,0.005239105200097206,10000,answer
synthetic,"Normal, Uniform",err_eci_p95,additive,fit_norm_SF_uw,0.038564196171636034,0.015254928403245667,0.4746688389034581,0.005239105200097206,10000,answer
synthetic,"Normal, Uniform",err_eci_p95,additive,fit_lognorm_SF,-1.616907989827389e-05,0.00035304940208932795,0.4746688389034581,0.005239105200097206,10000,answer
synthetic,"Normal, Uniform",err_eci_p95,additive,fit_lognorm_SF_uw,-0.0004987933141382616,0.0005587403136282858,0.4746688389034581,0.005239105200097206,10000,answer
synthetic,"Normal, Uniform",err_eci_p95,additive,weight_outliers,8.715693550044533e-05,0.00020078322498252928,0.4746688389034581,0.005239105200097206,10000,answer
synthetic,"Normal, Uniform",err_eci_p95,additive,weight_outliers_uw,0.004527196498589756,0.0007509666548689012,0.4746688389034581,0.005239105200097206,10000,answer
synthetic,"Normal, Uniform",err_eci_p95,additive,mean,0.002149214467585392,0.0006978216874030475,0.4746688389034581,0.005239105200097206,10000,answer
synthetic,"Normal, Uniform",err_eci_p95,additive,w_v_uw_wasserstein,0.34014648543819176,0.018767392561433286,0.4746688389034581,0.005239105200097206,10000,answer
synthetic,"Normal, Uniform",err_eci_p95,additive,modes_fitted,-1.0681341926110931e-05,0.00021759230862868902,0.4746688389034581,0.005239105200097206,10000,answer
synthetic,"Normal, Uniform",err_eci_p95,additive,modes_scipy_default,-8.791312559147447e-05,0.0002812050893269283,0.4746688389034581,0.005239105200097206,10000,answer
synthetic,"Normal, Uniform",err_eci_p95,additive,modality_index_fitted,0.0017678056088221972,0.0008087242653866517,0.4746688389034581,0.005239105200097206,10000,answer
synthetic,"Normal, Uniform",err_eci_p95,additive,modality_index_fitted_uw,-0.00010145850762250052,8.92791817710825e-05,0.4746688389034581,0.005239105200097206,10000,answer
synthetic,"Normal, Uniform",err_eci_p95,boosted,n,0.005588995599433886,0.0028652151005584777,0.4980568864985564,0.01245225958227196,10000,answer
synthetic,"Normal, Uniform",err_eci_p95,boosted,coeffvar,0.020620809459803782,0.007173288694544422,0.4980568864985564,0.01245225958227196,10000,answer
synthetic,"Normal, Uniform",err_eci_p95,boosted,coeffvar_uw,0.033098554072298725,0.004769782338202075,0.4980568864985564,0.01245225958227196,10000,answer
synthetic,"Normal, Uniform",err_eci_p95,boosted,skewness,7.105443833328891e-05,0.00095119135230581,0.4980568864985564,0.01245225958227196,10000,answer
synthetic,"Normal, Uniform",err_eci_p95,boosted,skewness_uw,0.001436756857938757,0.001128012089698921,0.4980568864985564,0.01245225958227196,10000,answer
synthetic,"Normal, Uniform",err_eci_p95,boosted,kurtosis,0.007251403071521787,0.001764345643540236,0.4980568864985564,0.01245225958227196,10000,answer
synthetic,"Normal, Uniform",err_eci_p95,boosted,kurtosis_uw,0.007936786998485029,0.0034425683404212593,0.4980568864985564,0.01245225958227196,10000,answer
synthetic,"Normal, Uniform",err_eci_p95,boosted,entropy,0.01356118353885238,0.0028036228079778703,0.4980568864985564,0.01245225958227196,10000,answer
synthetic,"Normal, Uniform",err_eci_p95,boosted,entropy_uw,0.05365915730588786,0.011484286519116788,0.4980568864985564,0.01245225958227196,10000,answer
synthetic,"Normal, Uniform",err_eci_p95,boosted,crit_bw_1,0.0009081562543868183,0.0006776910514594051,0.4980568864985564,0.01245225958227196,10000,answer
synthetic,"Normal, Uniform",err_eci_p95,boosted,crit_bw_1_uw,0.002249129572614654,0.0018685350242987537,0.4980568864985564,0.01245225958227196,10000,answer
synthetic,"Normal, Uniform",err_eci_p95,boosted,modality_index,0.0013365212963900963,0.0007218923919905077,0.4980568864985564,0.01245225958227196,10000,answer
synthetic,"Normal, Uniform",err_eci_p95,boosted,modality_index_uw,0.001373782632138769,0.000731893594330721,0.4980568864985564,0.01245225958227196,10000,answer
synthetic,"Normal, Uniform",err_eci_p95,boosted,fit_norm_SF,0.0018761784550150383,0.0009990500887944046,0.4980568864985564,0.01245225958227196,10000,answer
synthetic,"Normal, Uniform",err_eci_p95,boosted,fit_norm_SF_uw,0.02037398143207465,0.00430614979354333,0.4980568864985564,0.01245225958227196,10000,answer
synthetic,"Normal, Uniform",err_eci_p95,boosted,fit_lognorm_SF,0.0016811493019277136,0.0009862618395944432,0.4980568864985564,0.01245225958227196,10000,answer
synthetic,"Normal, Uniform",err_eci_p95,boosted,fit_lognorm_SF_uw,0.00019644072095529986,0.0009283222370655704,0.4980568864985564,0.01245225958227196,10000,answer
synthetic,"Normal, Uniform",err_eci_p95,boosted,weight_outliers,-6.831223232053318e-05,0.0004142947847500472,0.4980568864985564,0.01245225958227196,10000,answer
synthetic,"Normal, Uniform",err_eci_p95,boosted,weight_outliers_uw,0.009929962239702555,0.0022713390422780307,0.4980568864985564,0.01245225958227196,10000,answer
synthetic,"Normal, Uniform",err_eci_p95,boosted,mean,0.011131937948117652,0.001684376850833148,0.4980568864985564,0.01245225958227196,10000,answer
synthetic,"Normal, Uniform",err_eci_p95,boosted,w_v_uw_wasserstein,0.4100810611877638,0.012719974439320863,0.4980568864985564,0.01245225958227196,10000,answer
synthetic,"Normal, Uniform",err_eci_p95,boosted,modes_fitted,0.0009424189094820635,0.0006746632939859145,0.4980568864985564,0.01245225958227196,10000,answer
synthetic,"Normal, Uniform",err_eci_p95,boosted,modes_scipy_default,0.0003868232200967192,0.0004440460333930888,0.4980568864985564,0.01245225958227196,10000,answer
synthetic,"Normal, Uniform",err_eci_p95,boosted,modality_index_fitted,0.0006008454978984922,0.0007953799763721109,0.4980568864985564,0.01245225958227196,10000,answer
synthetic,"Normal, Uniform",err_eci_p95,boosted,modality_index_fitted_uw,0.0006873688192134964,0.00028857944181223677,0.4980568864985564,0.01245225958227196,10000,answer
synthetic,"Normal, Variable",err_eci_p95,additive,n,0.14977025912794367,0.02514038739272966,0.4993953916276218,0.0069939622155739,10000,answer
synthetic,"Normal, Variable",err_eci_p95,additive,coeffvar,0.11696781421177324,0.011463213774907697,0.4993953916276218,0.0069939622155739,10000,answer
synthetic,"Normal, Variable",err_eci_p95,additive,coeffvar_uw,0.09627985860382259,0.014969234795855891,0.4993953916276218,0.0069939622155739,10000,answer
synthetic,"Normal, Variable",err_eci_p95,additive,skewness,0.005135628218243362,0.0022564076513273733,0.4993953916276218,0.0069939622155739,10000,answer
synthetic,"Normal, Variable",err_eci_p95,additive,skewness_uw,0.01721929753389368,0.006433626111868599,0.4993953916276218,0.0069939622155739,10000,answer
synthetic,"Normal, Variable",err_eci_p95,additive,kurtosis,0.010453258398401655,0.002620089576185385,0.4993953916276218,0.0069939622155739,10000,answer
synthetic,"Normal, Variable",err_eci_p95,additive,kurtosis_uw,0.0012204952230411028,0.001133684068468794,0.4993953916276218,0.0069939622155739,10000,answer
synthetic,"Normal, Variable",err_eci_p95,additive,entropy,0.12299958623366809,0.02021320869816108,0.4993953916276218,0.0069939622155739,10000,answer
synthetic,"Normal, Variable",err_eci_p95,additive,entropy_uw,0.02213352345135338,0.009952895467478275,0.4993953916276218,0.0069939622155739,10000,answer
synthetic,"Normal, Variable",err_eci_p95,additive,crit_bw_1,0.018083737454344266,0.003033169294855158,0.4993953916276218,0.0069939622155739,10000,answer
synthetic,"Normal, Variable",err_eci_p95,additive,crit_bw_1_uw,0.009140036302785298,0.0033058501361268103,0.4993953916276218,0.0069939622155739,10000,answer
synthetic,"Normal, Variable",err_eci_p95,additive,modality_index,2.5141935094856743e-05,6.760573893971527e-05,0.4993953916276218,0.0069939622155739,10000,answer
synthetic,"Normal, Variable",err_eci_p95,additive,modality_index_uw,-0.0002967679338882579,0.0003720086998261569,0.4993953916276218,0.0069939622155739,10000,answer
synthetic,"Normal, Variable",err_eci_p95,additive,fit_norm_SF,0.007192391208651723,0.0021446019005877865,0.4993953916276218,0.0069939622155739,10000,answer
synthetic,"Normal, Variable",err_eci_p95,additive,fit_norm_SF_uw,0.0006597832206615317,0.0005809305233329033,0.4993953916276218,0.0069939622155739,10000,answer
synthetic,"Normal, Variable",err_eci_p95,additive,fit_lognorm_SF,1.626268834092891e-05,0.0002806467840327042,0.4993953916276218,0.0069939622155739,10000,answer
synthetic,"Normal, Variable",err_eci_p95,additive,fit_lognorm_SF_uw,-0.0004133263391042807,0.0014011737129828632,0.4993953916276218,0.0069939622155739,10000,answer
synthetic,"Normal, Variable",err_eci_p95,additive,weight_outliers,-0.00010518272781473658,0.00038967266801467676,0.4993953916276218,0.0069939622155739,10000,answer
synthetic,"Normal, Variable",err_eci_p95,additive,weight_outliers_uw,0.0009307936963172624,0.0005342657431942853,0.4993953916276218,0.0069939622155739,10000,answer
synthetic,"Normal, Variable",err_eci_p95,additive,mean,0.019558780044226485,0.004174998946919769,0.4993953916276218,0.0069939622155739,10000,answer
synthetic,"Normal, Variable",err_eci_p95,additive,w_v_uw_wasserstein,0.034078753244005965,0.0023757972697490168,0.4993953916276218,0.0069939622155739,10000,answer
synthetic,"Normal, Variable",err_eci_p95,additive,modes_fitted,0.0005288959103088997,0.0006824616232791027,0.4993953916276218,0.0069939622155739,10000,answer
synthetic,"Normal, Variable",err_eci_p95,additive,modes_scipy_default,0.0007946937084608119,0.0006474299134768141,0.4993953916276218,0.0069939622155739,10000,answer
synthetic,"Normal, Variable",err_eci_p95,additive,modality_index_fitted,2.252798171821002e-05,0.0002988999240962,0.4993953916276218,0.0069939622155739,10000,answer
synthetic,"Normal, Variable",err_eci_p95,additive,modality_index_fitted_uw,0.00030435253751746264,0.0002938982433653624,0.4993953916276218,0.0069939622155739,10000,answer
synthetic,"Normal, Variable",err_eci_p95,boosted,n,0.09999006555938776,0.013036274351926619,0.5102732504319308,0.015110577196697261,10000,answer
synthetic,"Normal, Variable",err_eci_p95,boosted,coeffvar,0.08816034819746035,0.014111180323097836,0.5102732504319308,0.015110577196697261,10000,answer
synthetic,"Normal, Variable",err_eci_p95,boosted,coeffvar_uw,0.05441648798443205,0.003873494444593565,0.5102732504319308,0.015110577196697261,10000,answer
synthetic,"Normal, Variable",err_eci_p95,boosted,skewness,0.00230028568003422,0.00071199237550459,0.5102732504319308,0.015110577196697261,10000,answer
synthetic,"Normal, Variable",err_eci_p95,boosted,skewness_uw,0.0010989273530486665,0.000772312700153978,0.5102732504319308,0.015110577196697261,10000,answer
synthetic,"Normal, Variable",err_eci_p95,boosted,kurtosis,0.015714995308532948,0.006655824144673968,0.5102732504319308,0.015110577196697261,10000,answer
synthetic,"Normal, Variable",err_eci_p95,boosted,kurtosis_uw,0.001605449674506374,0.0017806505117172334,0.5102732504319308,0.015110577196697261,10000,answer
synthetic,"Normal, Variable",err_eci_p95,boosted,entropy,0.05607087627253704,0.016421037379472477,0.5102732504319308,0.015110577196697261,10000,answer
synthetic,"Normal, Variable",err_eci_p95,boosted,entropy_uw,0.05355746851301026,0.019796338949956332,0.5102732504319308,0.015110577196697261,10000,answer
synthetic,"Normal, Variable",err_eci_p95,boosted,crit_bw_1,0.0018367488979099899,0.0004909443995503403,0.5102732504319308,0.015110577196697261,10000,answer
synthetic,"Normal, Variable",err_eci_p95,boosted,crit_bw_1_uw,0.00029407720217501155,0.0005110488958326119,0.5102732504319308,0.015110577196697261,10000,answer
synthetic,"Normal, Variable",err_eci_p95,boosted,modality_index,0.0016666720123438218,0.0010822140763145202,0.5102732504319308,0.015110577196697261,10000,answer
synthetic,"Normal, Variable",err_eci_p95,boosted,modality_index_uw,0.00032734287358807677,0.000380207365047091,0.5102732504319308,0.015110577196697261,10000,answer
synthetic,"Normal, Variable",err_eci_p95,boosted,fit_norm_SF,0.013429061211702526,0.0027566722173086593,0.5102732504319308,0.015110577196697261,10000,answer
synthetic,"Normal, Variable",err_eci_p95,boosted,fit_norm_SF_uw,0.016104851751394013,0.0032739178147519125,0.5102732504319308,0.015110577196697261,10000,answer
synthetic,"Normal, Variable",err_eci_p95,boosted,fit_lognorm_SF,0.0009856377404286155,0.0007939502755392292,0.5102732504319308,0.015110577196697261,10000,answer
synthetic,"Normal, Variable",err_eci_p95,boosted,fit_lognorm_SF_uw,0.0007721012591695288,0.00045751679523287796,0.5102732504319308,0.015110577196697261,10000,answer
synthetic,"Normal, Variable",err_eci_p95,boosted,weight_outliers,-0.00037190305321137767,0.00047142754590007494,0.5102732504319308,0.015110577196697261,10000,answer
synthetic,"Normal, Variable",err_eci_p95,boosted,weight_outliers_uw,0.0031734717543906734,0.0010584962484523782,0.5102732504319308,0.015110577196697261,10000,answer
synthetic,"Normal, Variable",err_eci_p95,boosted,mean,0.006531365695063342,0.0014364373530538913,0.5102732504319308,0.015110577196697261,10000,answer
synthetic,"Normal, Variable",err_eci_p95,boosted,w_v_uw_wasserstein,0.09461599305951415,0.007276168941272926,0.5102732504319308,0.015110577196697261,10000,answer
synthetic,"Normal, Variable",err_eci_p95,boosted,modes_fitted,4.953959883373214e-05,0.0002460918144838346,0.5102732504319308,0.015110577196697261,10000,answer
synthetic,"Normal, Variable",err_eci_p95,boosted,modes_scipy_default,0.00024731851354457433,0.00023719335906773723,0.5102732504319308,0.015110577196697261,10000,answer
synthetic,"Normal, Variable",err_eci_p95,boosted,modality_index_fitted,0.0009910387217634755,0.00043043059867066674,0.5102732504319308,0.015110577196697261,10000,answer
synthetic,"Normal, Variable",err_eci_p95,boosted,modality_index_fitted_uw,0.0011885301877103572,0.000329986570927594,0.5102732504319308,0.015110577196697261,10000,answer
synthetic,"Lognormal, Uniform",err_eci_p95,additive,n,0.05023096767027065,0.016609249841413966,0.48179572610264076,0.0072572800761283,10000,answer
synthetic,"Lognormal, Uniform",err_eci_p95,additive,coeffvar,0.010303253670465418,0.004115110920741201,0.48179572610264076,0.0072572800761283,10000,answer
synthetic,"Lognormal, Uniform",err_eci_p95,additive,coeffvar_uw,0.02612627432803911,0.002303657372589659,0.48179572610264076,0.0072572800761283,10000,answer
synthetic,"Lognormal, Uniform",err_eci_p95,additive,skewness,0.0021616914667007283,0.0013502848303981049,0.48179572610264076,0.0072572800761283,10000,answer
synthetic,"Lognormal, Uniform",err_eci_p95,additive,skewness_uw,0.0003251798620277047,0.0007332912858227035,0.48179572610264076,0.0072572800761283,10000,answer
synthetic,"Lognormal, Uniform",err_eci_p95,additive,kurtosis,0.0005481825366012538,0.00044299304222126726,0.48179572610264076,0.0072572800761283,10000,answer
synthetic,"Lognormal, Uniform",err_eci_p95,additive,kurtosis_uw,-1.5234014201379595e-05,0.00019330260239989975,0.48179572610264076,0.0072572800761283,10000,answer
synthetic,"Lognormal, Uniform",err_eci_p95,additive,entropy,0.026876036179130314,0.005991449838110446,0.48179572610264076,0.0072572800761283,10000,answer
synthetic,"Lognormal, Uniform",err_eci_p95,additive,entropy_uw,0.01603873608916619,0.006557075404536611,0.48179572610264076,0.0072572800761283,10000,answer
synthetic,"Lognormal, Uniform",err_eci_p95,additive,crit_bw_1,0.0033627934325015916,0.002138183465302196,0.48179572610264076,0.0072572800761283,10000,answer
synthetic,"Lognormal, Uniform",err_eci_p95,additive,crit_bw_1_uw,0.006566369678702388,0.004041107893352713,0.48179572610264076,0.0072572800761283,10000,answer
synthetic,"Lognormal, Uniform",err_eci_p95,additive,modality_index,0.0004748906012725462,0.0003009567348024689,0.48179572610264076,0.0072572800761283,10000,answer
synthetic,"Lognormal, Uniform",err_eci_p95,additive,modality_index_uw,9.230341883191829e-05,0.00010380363893221865,0.48179572610264076,0.0072572800761283,10000,answer
synthetic,"Lognormal, Uniform",err_eci_p95,additive,fit_norm_SF,0.008165542085336453,0.00218929268638845,0.48179572610264076,0.0072572800761283,10000,answer
synthetic,"Lognormal, Uniform",err_eci_p95,additive,fit_norm_SF_uw,0.009371196117904627,0.002288326010341613,0.48179572610264076,0.0072572800761283,10000,answer
synthetic,"Lognormal, Uniform",err_eci_p95,additive,fit_lognorm_SF,7.46026033091285e-05,0.00025303112275404843,0.48179572610264076,0.0072572800761283,10000,answer
synthetic,"Lognormal, Uniform",err_eci_p95,additive,fit_lognorm_SF_uw,0.0008089341875012424,0.0005545690488051037,0.48179572610264076,0.0072572800761283,10000,answer
synthetic,"Lognormal, Uniform",err_eci_p95,additive,weight_outliers,-0.00013155377131177207,0.0011369664332109128,0.48179572610264076,0.0072572800761283,10000,answer
synthetic,"Lognormal, Uniform",err_eci_p95,additive,weight_outliers_uw,0.008249522340321884,0.003034329199710743,0.48179572610264076,0.0072572800761283,10000,answer
synthetic,"Lognormal, Uniform",err_eci_p95,additive,mean,0.003791272169542714,0.0014184158815332434,0.48179572610264076,0.0072572800761283,10000,answer
synthetic,"Lognormal, Uniform",err_eci_p95,additive,w_v_uw_wasserstein,0.41488839700056734,0.006578732884308919,0.48179572610264076,0.0072572800761283,10000,answer
synthetic,"Lognormal, Uniform",err_eci_p95,additive,modes_fitted,-2.5179270547548426e-05,0.0001000171983799423,0.48179572610264076,0.0072572800761283,10000,answer
synthetic,"Lognormal, Uniform",err_eci_p95,additive,modes_scipy_default,-1.4778263539609872e-05,4.079140442085128e-05,0.48179572610264076,0.0072572800761283,10000,answer
synthetic,"Lognormal, Uniform",err_eci_p95,additive,modality_index_fitted,0.0014348146333093513,0.0008417237328004573,0.48179572610264076,0.0072572800761283,10000,answer
synthetic,"Lognormal, Uniform",err_eci_p95,additive,modality_index_fitted_uw,0.00021772986626304781,0.000283253790980654,0.48179572610264076,0.0072572800761283,10000,answer
synthetic,"Lognormal, Uniform",err_eci_p95,boosted,n,0.011412577748409473,0.0030872742631644187,0.5151829643438799,0.019005627694448305,10000,answer
synthetic,"Lognormal, Uniform",err_eci_p95,boosted,coeffvar,0.01008644425776331,0.005872474939678257,0.5151829643438799,0.019005627694448305,10000,answer
synthetic,"Lognormal, Uniform",err_eci_p95,boosted,coeffvar_uw,0.052682306555445854,0.008171011196172953,0.5151829643438799,0.019005627694448305,10000,answer
synthetic,"Lognormal, Uniform",err_eci_p95,boosted,skewness,0.0006759170214491507,0.0006145656360292913,0.5151829643438799,0.019005627694448305,10000,answer
synthetic,"Lognormal, Uniform",err_eci_p95,boosted,skewness_uw,0.0006326534124880979,0.0005754430508668693,0.5151829643438799,0.019005627694448305,10000,answer
synthetic,"Lognormal, Uniform",err_eci_p95,boosted,kurtosis,0.003937392344774237,0.0019058655877805513,0.5151829643438799,0.019005627694448305,10000,answer
synthetic,"Lognormal, Uniform",err_eci_p95,boosted,kurtosis_uw,0.0026720146659710807,0.0008712419445555739,0.5151829643438799,0.019005627694448305,10000,answer
synthetic,"Lognormal, Uniform",err_eci_p95,boosted,entropy,0.014679105987081512,0.004722555176266206,0.5151829643438799,0.019005627694448305,10000,answer
synthetic,"Lognormal, Uniform",err_eci_p95,boosted,entropy_uw,0.0555340447712668,0.0234039312525862,0.5151829643438799,0.019005627694448305,10000,answer
synthetic,"Lognormal, Uniform",err_eci_p95,boosted,crit_bw_1,0.0013360364059343689,0.0019123480048384414,0.5151829643438799,0.019005627694448305,10000,answer
synthetic,"Lognormal, Uniform",err_eci_p95,boosted,crit_bw_1_uw,0.0008285839107182302,0.0010642621169206095,0.5151829643438799,0.019005627694448305,10000,answer
synthetic,"Lognormal, Uniform",err_eci_p95,boosted,modality_index,-0.0004044341839364463,0.0011749524080550708,0.5151829643438799,0.019005627694448305,10000,answer
synthetic,"Lognormal, Uniform",err_eci_p95,boosted,modality_index_uw,0.0011192444203736995,0.0009915195851461027,0.5151829643438799,0.019005627694448305,10000,answer
synthetic,"Lognormal, Uniform",err_eci_p95,boosted,fit_norm_SF,0.000463483481535023,0.0010300293228136964,0.5151829643438799,0.019005627694448305,10000,answer
synthetic,"Lognormal, Uniform",err_eci_p95,boosted,fit_norm_SF_uw,0.0037438862638803166,0.0015381952997005617,0.5151829643438799,0.019005627694448305,10000,answer
synthetic,"Lognormal, Uniform",err_eci_p95,boosted,fit_lognorm_SF,0.002434522677269875,0.0016484598497159251,0.5151829643438799,0.019005627694448305,10000,answer
synthetic,"Lognormal, Uniform",err_eci_p95,boosted,fit_lognorm_SF_uw,0.007347845961308874,0.0019393700133794767,0.5151829643438799,0.019005627694448305,10000,answer
synthetic,"Lognormal, Uniform",err_eci_p95,boosted,weight_outliers,0.0014198847880619405,0.0009114557099741005,0.5151829643438799,0.019005627694448305,10000,answer
synthetic,"Lognormal, Uniform",err_eci_p95,boosted,weight_outliers_uw,0.01760763390427553,0.0018335786027483978,0.5151829643438799,0.019005627694448305,10000,answer
synthetic,"Lognormal, Uniform",err_eci_p95,boosted,mean,0.015439161386028428,0.002141648628274439,0.5151829643438799,0.019005627694448305,10000,answer
synthetic,"Lognormal, Uniform",err_eci_p95,boosted,w_v_uw_wasserstein,0.46081848950042864,0.010346972836194485,0.5151829643438799,0.019005627694448305,10000,answer
synthetic,"Lognormal, Uniform",err_eci_p95,boosted,modes_fitted,0.001747085753513853,0.001345102237806304,0.5151829643438799,0.019005627694448305,10000,answer
synthetic,"Lognormal, Uniform",err_eci_p95,boosted,modes_scipy_default,0.00014818637741780715,0.0001325139601422012,0.5151829643438799,0.019005627694448305,10000,answer
synthetic,"Lognormal, Uniform",err_eci_p95,boosted,modality_index_fitted,0.0009466470631142498,0.0009964426096759963,0.5151829643438799,0.019005627694448305,10000,answer
synthetic,"Lognormal, Uniform",err_eci_p95,boosted,modality_index_fitted_uw,0.0012275610693253181,0.0008179895922523818,0.5151829643438799,0.019005627694448305,10000,answer
synthetic,"Lognormal, Variable",err_eci_p95,additive,n,0.05564328560147543,0.016829115757742763,0.5037230601296978,0.01774152366180402,10000,answer
synthetic,"Lognormal, Variable",err_eci_p95,additive,coeffvar,0.05874976398254903,0.011301983071542244,0.5037230601296978,0.01774152366180402,10000,answer
synthetic,"Lognormal, Variable",err_eci_p95,additive,coeffvar_uw,0.11387820481416178,0.024176733912999814,0.5037230601296978,0.01774152366180402,10000,answer
synthetic,"Lognormal, Variable",err_eci_p95,additive,skewness,0.004001906394860208,0.00220085135966276,0.5037230601296978,0.01774152366180402,10000,answer
synthetic,"Lognormal, Variable",err_eci_p95,additive,skewness_uw,0.0004453637065739579,0.0006651331154427945,0.5037230601296978,0.01774152366180402,10000,answer
synthetic,"Lognormal, Variable",err_eci_p95,additive,kurtosis,0.0024005721316521277,0.00043400837077968386,0.5037230601296978,0.01774152366180402,10000,answer
synthetic,"Lognormal, Variable",err_eci_p95,additive,kurtosis_uw,0.0003814749814956797,0.0010412513878156444,0.5037230601296978,0.01774152366180402,10000,answer
synthetic,"Lognormal, Variable",err_eci_p95,additive,entropy,0.09322004279963936,0.04199245425256509,0.5037230601296978,0.01774152366180402,10000,answer
synthetic,"Lognormal, Variable",err_eci_p95,additive,entropy_uw,0.06691851928305746,0.005476292442218152,0.5037230601296978,0.01774152366180402,10000,answer
synthetic,"Lognormal, Variable",err_eci_p95,additive,crit_bw_1,0.00962795383800829,0.0038992806314452184,0.5037230601296978,0.01774152366180402,10000,answer
synthetic,"Lognormal, Variable",err_eci_p95,additive,crit_bw_1_uw,0.0002739893334696419,0.0005423294165356955,0.5037230601296978,0.01774152366180402,10000,answer
synthetic,"Lognormal, Variable",err_eci_p95,additive,modality_index,0.0019239789877718149,0.0004066019270117615,0.5037230601296978,0.01774152366180402,10000,answer
synthetic,"Lognormal, Variable",err_eci_p95,additive,modality_index_uw,-9.560477474687802e-05,0.00037245564803681756,0.5037230601296978,0.01774152366180402,10000,answer
synthetic,"Lognormal, Variable",err_eci_p95,additive,fit_norm_SF,0.006111696282995802,0.0032134996586105683,0.5037230601296978,0.01774152366180402,10000,answer
synthetic,"Lognormal, Variable",err_eci_p95,additive,fit_norm_SF_uw,0.00015187559406103945,0.0006048522794372651,0.5037230601296978,0.01774152366180402,10000,answer
synthetic,"Lognormal, Variable",err_eci_p95,additive,fit_lognorm_SF,-0.00014845376111094485,0.00021342045072844263,0.5037230601296978,0.01774152366180402,10000,answer
synthetic,"Lognormal, Variable",err_eci_p95,additive,fit_lognorm_SF_uw,0.0009398164789741249,0.00046661284049337253,0.5037230601296978,0.01774152366180402,10000,answer
synthetic,"Lognormal, Variable",err_eci_p95,additive,weight_outliers,0.0018930739846853384,0.0008520150755166255,0.5037230601296978,0.01774152366180402,10000,answer
synthetic,"Lognormal, Variable",err_eci_p95,additive,weight_outliers_uw,0.003330276803782204,0.0011213479607628508,0.5037230601296978,0.01774152366180402,10000,answer
synthetic,"Lognormal, Variable",err_eci_p95,additive,mean,0.022829285319527454,0.0023935857465318053,0.5037230601296978,0.01774152366180402,10000,answer
synthetic,"Lognormal, Variable",err_eci_p95,additive,w_v_uw_wasserstein,0.0362423721812425,0.007940275267343587,0.5037230601296978,0.01774152366180402,10000,answer
synthetic,"Lognormal, Variable",err_eci_p95,additive,modes_fitted,-5.3391976842500644e-05,0.0001618080538340478,0.5037230601296978,0.01774152366180402,10000,answer
synthetic,"Lognormal, Variable",err_eci_p95,additive,modes_scipy_default,-1.6641533404198054e-05,0.00022549997884958788,0.5037230601296978,0.01774152366180402,10000,answer
synthetic,"Lognormal, Variable",err_eci_p95,additive,modality_index_fitted,0.00047182014528779576,0.0003378664572848336,0.5037230601296978,0.01774152366180402,10000,answer
synthetic,"Lognormal, Variable",err_eci_p95,additive,modality_index_fitted_uw,0.00011137721395259261,0.00030556511276512443,0.5037230601296978,0.01774152366180402,10000,answer
synthetic,"Lognormal, Variable",err_eci_p95,boosted,n,0.0904869981692398,0.021913613041083278,0.5249689208149915,0.02343483208605914,10000,answer
synthetic,"Lognormal, Variable",err_eci_p95,boosted,coeffvar,0.08342632998059665,0.011750436631317458,0.5249689208149915,0.02343483208605914,10000,answer
synthetic,"Lognormal, Variable",err_eci_p95,boosted,coeffvar_uw,0.06917654262736742,0.008398959569866662,0.5249689208149915,0.02343483208605914,10000,answer
synthetic,"Lognormal, Variable",err_eci_p95,boosted,skewness,0.0004378029396623617,0.0007180385768072503,0.5249689208149915,0.02343483208605914,10000,answer
synthetic,"Lognormal, Variable",err_eci_p95,boosted,skewness_uw,0.00046672270353046,0.0008935426605933011,0.5249689208149915,0.02343483208605914,10000,answer
synthetic,"Lognormal, Variable",err_eci_p95,boosted,kurtosis,0.006101353201066992,0.003441503387481918,0.5249689208149915,0.02343483208605914,10000,answer
synthetic,"Lognormal, Variable",err_eci_p95,boosted,kurtosis_uw,0.0006867733037333389,0.0006521326024029795,0.5249689208149915,0.02343483208605914,10000,answer
synthetic,"Lognormal, Variable",err_eci_p95,boosted,entropy,0.07600014544667676,0.02434250469399873,0.5249689208149915,0.02343483208605914,10000,answer
synthetic,"Lognormal, Variable",err_eci_p95,boosted,entropy_uw,0.05884774847183073,0.02475307246607959,0.5249689208149915,0.02343483208605914,10000,answer
synthetic,"Lognormal, Variable",err_eci_p95,boosted,crit_bw_1,0.0007773023782911671,0.0004011229192480211,0.5249689208149915,0.02343483208605914,10000,answer
synthetic,"Lognormal, Variable",err_eci_p95,boosted,crit_bw_1_uw,0.0009018804944677372,0.0011674042064230112,0.5249689208149915,0.02343483208605914,10000,answer
synthetic,"Lognormal, Variable",err_eci_p95,boosted,modality_index,0.0008800043493520903,0.0006709656808676862,0.5249689208149915,0.02343483208605914,10000,answer
synthetic,"Lognormal, Variable",err_eci_p95,boosted,modality_index_uw,0.00040560399369870653,0.000514874370031959,0.5249689208149915,0.02343483208605914,10000,answer
synthetic,"Lognormal, Variable",err_eci_p95,boosted,fit_norm_SF,0.0004058704123632762,0.0006764084568908273,0.5249689208149915,0.02343483208605914,10000,answer
synthetic,"Lognormal, Variable",err_eci_p95,boosted,fit_norm_SF_uw,0.0006061572131077875,0.0003098406178065872,0.5249689208149915,0.02343483208605914,10000,answer
synthetic,"Lognormal, Variable",err_eci_p95,boosted,fit_lognorm_SF,0.0018926987509412575,0.0009455526544530197,0.5249689208149915,0.02343483208605914,10000,answer
synthetic,"Lognormal, Variable",err_eci_p95,boosted,fit_lognorm_SF_uw,0.003727958810514414,0.0016161395612657814,0.5249689208149915,0.02343483208605914,10000,answer
synthetic,"Lognormal, Variable",err_eci_p95,boosted,weight_outliers,0.017393613596958082,0.002387946889708339,0.5249689208149915,0.02343483208605914,10000,answer
synthetic,"Lognormal, Variable",err_eci_p95,boosted,weight_outliers_uw,0.0028337819338217288,0.0007342634882326585,0.5249689208149915,0.02343483208605914,10000,answer
synthetic,"Lognormal, Variable",err_eci_p95,boosted,mean,0.01202407278221082,0.002937600233128056,0.5249689208149915,0.02343483208605914,10000,answer
synthetic,"Lognormal, Variable",err_eci_p95,boosted,w_v_uw_wasserstein,0.08698497482560859,0.008732845336073183,0.5249689208149915,0.02343483208605914,10000,answer
synthetic,"Lognormal, Variable",err_eci_p95,boosted,modes_fitted,0.00029723219512331147,0.00040176232620630774,0.5249689208149915,0.02343483208605914,10000,answer
synthetic,"Lognormal, Variable",err_eci_p95,boosted,modes_scipy_default,7.498341915416207e-05,0.00013097938928542408,0.5249689208149915,0.02343483208605914,10000,answer
synthetic,"Lognormal, Variable",err_eci_p95,boosted,modality_index_fitted,6.48938822163503e-05,0.0003918088562318535,0.5249689208149915,0.02343483208605914,10000,answer
synthetic,"Lognormal, Variable",err_eci_p95,boosted,modality_index_fitted_uw,0.0020160478815888184,0.0005529574849701017,0.5249689208149915,0.02343483208605914,10000,answer
synthetic,"KDE, Uniform",err_eci_p95,additive,n,0.08108447666492705,0.023675758126082403,0.5212157734963764,0.020365916600201477,10000,answer
synthetic,"KDE, Uniform",err_eci_p95,additive,coeffvar,0.002361206116930796,0.0016810894298169385,0.5212157734963764,0.020365916600201477,10000,answer
synthetic,"KDE, Uniform",err_eci_p95,additive,coeffvar_uw,0.020674923858329936,0.003715173433745861,0.5212157734963764,0.020365916600201477,10000,answer
synthetic,"KDE, Uniform",err_eci_p95,additive,skewness,0.0010572350919973751,0.001528956209718481,0.5212157734963764,0.020365916600201477,10000,answer
synthetic,"KDE, Uniform",err_eci_p95,additive,skewness_uw,0.0001359770693755302,0.00011192396947024549,0.5212157734963764,0.020365916600201477,10000,answer
synthetic,"KDE, Uniform",err_eci_p95,additive,kurtosis,0.00018804256416517172,0.00022952643665238073,0.5212157734963764,0.020365916600201477,10000,answer
synthetic,"KDE, Uniform",err_eci_p95,additive,kurtosis_uw,0.0002855179796990037,0.00034592802267674905,0.5212157734963764,0.020365916600201477,10000,answer
synthetic,"KDE, Uniform",err_eci_p95,additive,entropy,0.025062381300064423,0.005921271407448809,0.5212157734963764,0.020365916600201477,10000,answer
synthetic,"KDE, Uniform",err_eci_p95,additive,entropy_uw,0.012541947462444561,0.010300931591009026,0.5212157734963764,0.020365916600201477,10000,answer
synthetic,"KDE, Uniform",err_eci_p95,additive,crit_bw_1,0.0019229251195194985,0.0008701415492686485,0.5212157734963764,0.020365916600201477,10000,answer
synthetic,"KDE, Uniform",err_eci_p95,additive,crit_bw_1_uw,0.007719071966524516,0.0018856883105102975,0.5212157734963764,0.020365916600201477,10000,answer
synthetic,"KDE, Uniform",err_eci_p95,additive,modality_index,-0.0005644174160946225,0.000832271299542416,0.5212157734963764,0.020365916600201477,10000,answer
synthetic,"KDE, Uniform",err_eci_p95,additive,modality_index_uw,2.60341351369231e-05,0.0004622781247225292,0.5212157734963764,0.020365916600201477,10000,answer
synthetic,"KDE, Uniform",err_eci_p95,additive,fit_norm_SF,0.008733370124064032,0.004490509151241879,0.5212157734963764,0.020365916600201477,10000,answer
synthetic,"KDE, Uniform",err_eci_p95,additive,fit_norm_SF_uw,0.024338018062291043,0.00756011468804091,0.5212157734963764,0.020365916600201477,10000,answer
synthetic,"KDE, Uniform",err_eci_p95,additive,fit_lognorm_SF,-4.9349567230516644e-05,0.00011840437264484421,0.5212157734963764,0.020365916600201477,10000,answer
synthetic,"KDE, Uniform",err_eci_p95,additive,fit_lognorm_SF_uw,-0.00014673005469056032,0.00028888390505028415,0.5212157734963764,0.020365916600201477,10000,answer
synthetic,"KDE, Uniform",err_eci_p95,additive,weight_outliers,-0.00037820442182874943,0.0014776593952782679,0.5212157734963764,0.020365916600201477,10000,answer
synthetic,"KDE, Uniform",err_eci_p95,additive,weight_outliers_uw,0.00950599585083452,0.001302798038144065,0.5212157734963764,0.020365916600201477,10000,answer
synthetic,"KDE, Uniform",err_eci_p95,additive,mean,-4.6056976141195484e-05,0.0011332042539585999,0.5212157734963764,0.020365916600201477,10000,answer
synthetic,"KDE, Uniform",err_eci_p95,additive,w_v_uw_wasserstein,0.46517157697252526,0.022727136204399024,0.5212157734963764,0.020365916600201477,10000,answer
synthetic,"KDE, Uniform",err_eci_p95,additive,modes_fitted,-5.3108924681208875e-05,7.154172845473284e-05,0.5212157734963764,0.020365916600201477,10000,answer
synthetic,"KDE, Uniform",err_eci_p95,additive,modes_scipy_default,0.001319666622916884,0.0008180646415965556,0.5212157734963764,0.020365916600201477,10000,answer
synthetic,"KDE, Uniform",err_eci_p95,additive,modality_index_fitted,-0.000986137825397939,0.001947884540091712,0.5212157734963764,0.020365916600201477,10000,answer
synthetic,"KDE, Uniform",err_eci_p95,additive,modality_index_fitted_uw,-2.361368359370619e-05,3.6790463107041144e-05,0.5212157734963764,0.020365916600201477,10000,answer
synthetic,"KDE, Uniform",err_eci_p95,boosted,n,0.027934948732820396,0.007239397537563881,0.5494767601433809,0.006659301341855991,10000,answer
synthetic,"KDE, Uniform",err_eci_p95,boosted,coeffvar,0.004258028812171608,0.001905597073087973,0.5494767601433809,0.006659301341855991,10000,answer
synthetic,"KDE, Uniform",err_eci_p95,boosted,coeffvar_uw,0.055710670249806436,0.006730068846439651,0.5494767601433809,0.006659301341855991,10000,answer
synthetic,"KDE, Uniform",err_eci_p95,boosted,skewness,0.0007557511537114014,0.00039661740505231465,0.5494767601433809,0.006659301341855991,10000,answer
synthetic,"KDE, Uniform",err_eci_p95,boosted,skewness_uw,0.002186769256693879,0.0007322127889856608,0.5494767601433809,0.006659301341855991,10000,answer
synthetic,"KDE, Uniform",err_eci_p95,boosted,kurtosis,0.004814388086024328,0.0027819351544435883,0.5494767601433809,0.006659301341855991,10000,answer
synthetic,"KDE, Uniform",err_eci_p95,boosted,kurtosis_uw,0.0023928509959020563,0.0010271810830926882,0.5494767601433809,0.006659301341855991,10000,answer
synthetic,"KDE, Uniform",err_eci_p95,boosted,entropy,0.024611737229969604,0.009934873323045521,0.5494767601433809,0.006659301341855991,10000,answer
synthetic,"KDE, Uniform",err_eci_p95,boosted,entropy_uw,0.030026622573018212,0.0037667542208273353,0.5494767601433809,0.006659301341855991,10000,answer
synthetic,"KDE, Uniform",err_eci_p95,boosted,crit_bw_1,0.0040250500559699766,0.0013809953701574725,0.5494767601433809,0.006659301341855991,10000,answer
synthetic,"KDE, Uniform",err_eci_p95,boosted,crit_bw_1_uw,0.0015911225515709449,0.001324196681129832,0.5494767601433809,0.006659301341855991,10000,answer
synthetic,"KDE, Uniform",err_eci_p95,boosted,modality_index,0.0002417440983941832,0.000340475238327986,0.5494767601433809,0.006659301341855991,10000,answer
synthetic,"KDE, Uniform",err_eci_p95,boosted,modality_index_uw,0.0002233869546100786,0.00014742546015362223,0.5494767601433809,0.006659301341855991,10000,answer
synthetic,"KDE, Uniform",err_eci_p95,boosted,fit_norm_SF,0.0045273581859024675,0.0025709686426543927,0.5494767601433809,0.006659301341855991,10000,answer
synthetic,"KDE, Uniform",err_eci_p95,boosted,fit_norm_SF_uw,0.0024145418557435525,0.0014669595041138562,0.5494767601433809,0.006659301341855991,10000,answer
synthetic,"KDE, Uniform",err_eci_p95,boosted,fit_lognorm_SF,0.0010838947591975457,0.0006078605220577941,0.5494767601433809,0.006659301341855991,10000,answer
synthetic,"KDE, Uniform",err_eci_p95,boosted,fit_lognorm_SF_uw,0.0005240878322899611,0.0006254342688126665,0.5494767601433809,0.006659301341855991,10000,answer
synthetic,"KDE, Uniform",err_eci_p95,boosted,weight_outliers,0.0008391543534719316,0.0008820916381091472,0.5494767601433809,0.006659301341855991,10000,answer
synthetic,"KDE, Uniform",err_eci_p95,boosted,weight_outliers_uw,0.016136628728064296,0.002923679642502154,0.5494767601433809,0.006659301341855991,10000,answer
synthetic,"KDE, Uniform",err_eci_p95,boosted,mean,0.006086536904477793,0.001917432852725265,0.5494767601433809,0.006659301341855991,10000,answer
synthetic,"KDE, Uniform",err_eci_p95,boosted,w_v_uw_wasserstein,0.5004371490091941,0.028460094829907218,0.5494767601433809,0.006659301341855991,10000,answer
synthetic,"KDE, Uniform",err_eci_p95,boosted,modes_fitted,0.00015795032258203223,0.00015247466961717642,0.5494767601433809,0.006659301341855991,10000,answer
synthetic,"KDE, Uniform",err_eci_p95,boosted,modes_scipy_default,0.0008961495025589007,0.0002540579156602215,0.5494767601433809,0.006659301341855991,10000,answer
synthetic,"KDE, Uniform",err_eci_p95,boosted,modality_index_fitted,0.00021597974075015402,0.0006514429277556607,0.5494767601433809,0.006659301341855991,10000,answer
synthetic,"KDE, Uniform",err_eci_p95,boosted,modality_index_fitted_uw,0.00023744325752568903,0.000608906674534153,0.5494767601433809,0.006659301341855991,10000,answer
synthetic,"KDE, Variable",err_eci_p95,additive,n,0.2821312592256274,0.03223630010672282,0.546966561187617,0.01886693316137552,10000,answer
synthetic,"KDE, Variable",err_eci_p95,additive,coeffvar,0.09152792349068609,0.008792361678615536,0.546966561187617,0.01886693316137552,10000,answer
synthetic,"KDE, Variable",err_eci_p95,additive,coeffvar_uw,0.11468434791800611,0.01689155080825946,0.546966561187617,0.01886693316137552,10000,answer
synthetic,"KDE, Variable",err_eci_p95,additive,skewness,0.0012761559140768708,0.001117716063012343,0.546966561187617,0.01886693316137552,10000,answer
synthetic,"KDE, Variable",err_eci_p95,additive,skewness_uw,0.0003135734285668112,0.0007706864606617713,0.546966561187617,0.01886693316137552,10000,answer
synthetic,"KDE, Variable",err_eci_p95,additive,kurtosis,0.012303630812826385,0.004375803925704834,0.546966561187617,0.01886693316137552,10000,answer
synthetic,"KDE, Variable",err_eci_p95,additive,kurtosis_uw,0.002350514432076214,0.0019731744547951792,0.546966561187617,0.01886693316137552,10000,answer
synthetic,"KDE, Variable",err_eci_p95,additive,entropy,0.08199331203736934,0.019841594045737945,0.546966561187617,0.01886693316137552,10000,answer
synthetic,"KDE, Variable",err_eci_p95,additive,entropy_uw,0.04388096267385572,0.010744140353036972,0.546966561187617,0.01886693316137552,10000,answer
synthetic,"KDE, Variable",err_eci_p95,additive,crit_bw_1,0.0010387613136873732,0.0010206577524981529,0.546966561187617,0.01886693316137552,10000,answer
synthetic,"KDE, Variable",err_eci_p95,additive,crit_bw_1_uw,0.0025872095719009767,0.0018632564397196934,0.546966561187617,0.01886693316137552,10000,answer
synthetic,"KDE, Variable",err_eci_p95,additive,modality_index,0.004142632621311542,0.0003381215908280628,0.546966561187617,0.01886693316137552,10000,answer
synthetic,"KDE, Variable",err_eci_p95,additive,modality_index_uw,0.00020985130829794365,0.00010990810835921871,0.546966561187617,0.01886693316137552,10000,answer
synthetic,"KDE, Variable",err_eci_p95,additive,fit_norm_SF,0.008411881033920762,0.004190296809341743,0.546966561187617,0.01886693316137552,10000,answer
synthetic,"KDE, Variable",err_eci_p95,additive,fit_norm_SF_uw,0.00020459155491394206,0.0006231719557801157,0.546966561187617,0.01886693316137552,10000,answer
synthetic,"KDE, Variable",err_eci_p95,additive,fit_lognorm_SF,-8.624328066179077e-05,0.00023626480041083248,0.546966561187617,0.01886693316137552,10000,answer
synthetic,"KDE, Variable",err_eci_p95,additive,fit_lognorm_SF_uw,0.0004564769834480775,0.0005368030048762088,0.546966561187617,0.01886693316137552,10000,answer
synthetic,"KDE, Variable",err_eci_p95,additive,weight_outliers,0.00166455395336335,0.0011469439796668178,0.546966561187617,0.01886693316137552,10000,answer
synthetic,"KDE, Variable",err_eci_p95,additive,weight_outliers_uw,0.0008238736168977856,0.0009884784571798652,0.546966561187617,0.01886693316137552,10000,answer
synthetic,"KDE, Variable",err_eci_p95,additive,mean,0.032086086530977075,0.0006212681692694483,0.546966561187617,0.01886693316137552,10000,answer
synthetic,"KDE, Variable",err_eci_p95,additive,w_v_uw_wasserstein,0.02347614071077681,0.0031746374236082293,0.546966561187617,0.01886693316137552,10000,answer
synthetic,"KDE, Variable",err_eci_p95,additive,modes_fitted,-0.0001560054573299752,0.000394350083870365,0.546966561187617,0.01886693316137552,10000,answer
synthetic,"KDE, Variable",err_eci_p95,additive,modes_scipy_default,0.000778497962347906,0.00023109557142509407,0.546966561187617,0.01886693316137552,10000,answer
synthetic,"KDE, Variable",err_eci_p95,additive,modality_index_fitted,-3.2451327616567174e-05,0.0008181845448170914,0.546966561187617,0.01886693316137552,10000,answer
synthetic,"KDE, Variable",err_eci_p95,additive,modality_index_fitted_uw,-0.00013549649533525665,0.00017678171283309554,0.546966561187617,0.01886693316137552,10000,answer
synthetic,"KDE, Variable",err_eci_p95,boosted,n,0.44524684617163296,0.019038339721439475,0.5646177830016699,0.01685126375369931,10000,answer
synthetic,"KDE, Variable",err_eci_p95,boosted,coeffvar,0.12584538727073905,0.01885292394091502,0.5646177830016699,0.01685126375369931,10000,answer
synthetic,"KDE, Variable",err_eci_p95,boosted,coeffvar_uw,0.04918329823275343,0.0053688688354314625,0.5646177830016699,0.01685126375369931,10000,answer
synthetic,"KDE, Variable",err_eci_p95,boosted,skewness,0.0009475040711087025,0.0006291290543102863,0.5646177830016699,0.01685126375369931,10000,answer
synthetic,"KDE, Variable",err_eci_p95,boosted,skewness_uw,0.0010056240155005569,0.0010410687667508729,0.5646177830016699,0.01685126375369931,10000,answer
synthetic,"KDE, Variable",err_eci_p95,boosted,kurtosis,0.005587097183531833,0.002275644575059358,0.5646177830016699,0.01685126375369931,10000,answer
synthetic,"KDE, Variable",err_eci_p95,boosted,kurtosis_uw,0.0010664876729989613,0.0019863544885768683,0.5646177830016699,0.01685126375369931,10000,answer
synthetic,"KDE, Variable",err_eci_p95,boosted,entropy,0.010097146637747328,0.004067203821043948,0.5646177830016699,0.01685126375369931,10000,answer
synthetic,"KDE, Variable",err_eci_p95,boosted,entropy_uw,0.05734047140983121,0.009983782935515982,0.5646177830016699,0.01685126375369931,10000,answer
synthetic,"KDE, Variable",err_eci_p95,boosted,crit_bw_1,0.0007798510668473946,0.0004859246950853179,0.5646177830016699,0.01685126375369931,10000,answer
synthetic,"KDE, Variable",err_eci_p95,boosted,crit_bw_1_uw,0.000190609982020411,0.0005318145778982102,0.5646177830016699,0.01685126375369931,10000,answer
synthetic,"KDE, Variable",err_eci_p95,boosted,modality_index,0.00258596797698714,0.0011008269327825418,0.5646177830016699,0.01685126375369931,10000,answer
synthetic,"KDE, Variable",err_eci_p95,boosted,modality_index_uw,0.00017143066392029562,0.000576974372464351,0.5646177830016699,0.01685126375369931,10000,answer
synthetic,"KDE, Variable",err_eci_p95,boosted,fit_norm_SF,0.0013964542826344496,0.0006233688422867506,0.5646177830016699,0.01685126375369931,10000,answer
synthetic,"KDE, Variable",err_eci_p95,boosted,fit_norm_SF_uw,0.0017876148961924355,0.0014494534890095213,0.5646177830016699,0.01685126375369931,10000,answer
synthetic,"KDE, Variable",err_eci_p95,boosted,fit_lognorm_SF,0.0006898964088165726,0.0008877474902742356,0.5646177830016699,0.01685126375369931,10000,answer
synthetic,"KDE, Variable",err_eci_p95,boosted,fit_lognorm_SF_uw,5.025865300685161e-06,0.0003954516877742805,0.5646177830016699,0.01685126375369931,10000,answer
synthetic,"KDE, Variable",err_eci_p95,boosted,weight_outliers,0.005955001641915597,0.0009041635016364227,0.5646177830016699,0.01685126375369931,10000,answer
synthetic,"KDE, Variable",err_eci_p95,boosted,weight_outliers_uw,0.0012073831794432398,0.0005302075293333382,0.5646177830016699,0.01685126375369931,10000,answer
synthetic,"KDE, Variable",err_eci_p95,boosted,mean,0.019697050473363297,0.0010198296085465932,0.5646177830016699,0.01685126375369931,10000,answer
synthetic,"KDE, Variable",err_eci_p95,boosted,w_v_uw_wasserstein,0.06375947047208268,0.006699350215510599,0.5646177830016699,0.01685126375369931,10000,answer
synthetic,"KDE, Variable",err_eci_p95,boosted,modes_fitted,0.00013544523125950115,0.00015944997992859748,0.5646177830016699,0.01685126375369931,10000,answer
synthetic,"KDE, Variable",err_eci_p95,boosted,modes_scipy_default,0.0003762146957194901,0.000687836320646532,0.5646177830016699,0.01685126375369931,10000,answer
synthetic,"KDE, Variable",err_eci_p95,boosted,modality_index_fitted,0.0019686663522758495,0.0011997054549045879,0.5646177830016699,0.01685126375369931,10000,answer
synthetic,"KDE, Variable",err_eci_p95,boosted,modality_index_fitted_uw,0.0005082611113775303,0.0003726208591856888,0.5646177830016699,0.01685126375369931,10000,answer
