plca,nmats,n_min,n_max,n_median,n_above,all_above,all_below,split_group,corpus,weight_rho,mixed_threshold
0,4,5,135,97.0,2,False,False,True,2026-09-25,0.5,81
1,4,5,2417,41.0,1,False,False,True,2026-09-25,0.5,81
2,4,20,4413,1398.5,3,False,False,True,2026-09-25,0.5,81
3,4,5,8888,82.0,2,False,False,True,2026-09-25,0.5,81
4,4,7,7147,569.0,2,False,False,True,2026-09-25,0.5,81
5,4,203,1295,497.5,4,True,False,False,2026-09-25,0.5,81
6,4,157,8544,2180.0,4,True,False,False,2026-09-25,0.5,81
7,4,3,2326,49.5,2,False,False,True,2026-09-25,0.5,81
8,4,55,856,410.5,3,False,False,True,2026-09-25,0.5,81
9,4,15,9943,909.5,2,False,False,True,2026-09-25,0.5,81
10,4,7,162,62.0,1,False,False,True,2026-09-25,0.5,81
11,4,7,102,31.5,1,False,False,True,2026-09-25,0.5,81
12,4,5,2061,235.5,3,False,False,True,2026-09-25,0.5,81
13,4,12,1472,45.0,1,False,False,True,2026-09-25,0.5,81
14,4,7,544,101.5,2,False,False,True,2026-09-25,0.5,81
15,4,8,4463,798.5,3,False,False,True,2026-09-25,0.5,81
16,4,4,769,40.5,1,False,False,True,2026-09-25,0.5,81
17,4,4,8578,2022.5,3,False,False,True,2026-09-25,0.5,81
18,4,21,4078,129.5,3,False,False,True,2026-09-25,0.5,81
19,4,3,4066,641.5,2,False,False,True,2026-09-25,0.5,81
20,4,6,3625,1680.5,3,False,False,True,2026-09-25,0.5,81
21,4,36,6446,92.5,2,False,False,True,2026-09-25,0.5,81
22,4,3,9,6.5,0,False,True,False,2026-09-25,0.5,81
23,4,12,6333,143.0,2,False,False,True,2026-09-25,0.5,81
24,4,3,252,6.0,1,False,False,True,2026-09-25,0.5,81
25,4,8,9674,1974.0,2,False,False,True,2026-09-25,0.5,81
26,4,53,8907,2998.5,3,False,False,True,2026-09-25,0.5,81
27,4,3,1316,82.5,2,False,False,True,2026-09-25,0.5,81
28,4,79,3407,1776.5,3,False,False,True,2026-09-25,0.5,81
29,4,5,191,16.0,1,False,False,True,2026-09-25,0.5,81
30,4,5,83,39.5,1,False,False,True,2026-09-25,0.5,81
31,4,7,1066,339.0,3,False,False,True,2026-09-25,0.5,81
32,4,3,2565,3.5,1,False,False,True,2026-09-25,0.5,81
33,4,6,9649,7.5,1,False,False,True,2026-09-25,0.5,81
34,4,5,5328,423.5,3,False,False,True,2026-09-25,0.5,81
35,4,4,267,43.5,1,False,False,True,2026-09-25,0.5,81
36,4,5,3766,350.0,2,False,False,True,2026-09-25,0.5,81
37,4,6,6603,414.5,3,False,False,True,2026-09-25,0.5,81
38,4,4,672,9.5,1,False,False,True,2026-09-25,0.5,81
39,4,9,4880,941.0,3,False,False,True,2026-09-25,0.5,81
40,4,8,1398,85.5,2,False,False,True,2026-09-25,0.5,81
41,4,3,554,46.0,2,False,False,True,2026-09-25,0.5,81
42,4,9,136,49.0,2,False,False,True,2026-09-25,0.5,81
43,4,8,792,131.0,2,False,False,True,2026-09-25,0.5,81
44,4,12,9647,1574.5,3,False,False,True,2026-09-25,0.5,81
45,4,3,397,6.0,1,False,False,True,2026-09-25,0.5,81
46,4,6,4453,931.0,2,False,False,True,2026-09-25,0.5,81
47,4,17,4882,128.5,2,False,False,True,2026-09-25,0.5,81
48,4,4,548,270.5,3,False,False,True,2026-09-25,0.5,81
49,4,6,4483,483.0,3,False,False,True,2026-09-25,0.5,81
50,4,3,227,21.5,1,False,False,True,2026-09-25,0.5,81
51,4,3,345,40.5,1,False,False,True,2026-09-25,0.5,81
52,4,4,15,6.5,0,False,True,False,2026-09-25,0.5,81
53,4,9,2406,894.0,2,False,False,True,2026-09-25,0.5,81
54,4,5,50,17.5,0,False,True,False,2026-09-25,0.5,81
55,4,11,51,26.5,0,False,True,False,2026-09-25,0.5,81
56,4,39,7455,170.5,2,False,False,True,2026-09-25,0.5,81
57,4,7,178,12.5,1,False,False,True,2026-09-25,0.5,81
58,4,17,2736,1495.0,3,False,False,True,2026-09-25,0.5,81
59,4,9,3420,2337.5,3,False,False,True,2026-09-25,0.5,81
60,4,6,6872,142.0,2,False,False,True,2026-09-25,0.5,81
61,4,4,4594,92.0,2,False,False,True,2026-09-25,0.5,81
62,4,4,301,15.0,1,False,False,True,2026-09-25,0.5,81
63,4,3,1844,106.0,2,False,False,True,2026-09-25,0.5,81
64,4,19,130,39.0,1,False,False,True,2026-09-25,0.5,81
65,4,20,6707,129.0,3,False,False,True,2026-09-25,0.5,81
66,4,3,1005,4.0,1,False,False,True,2026-09-25,0.5,81
67,4,8,8820,333.5,2,False,False,True,2026-09-25,0.5,81
68,4,3,797,4.5,1,False,False,True,2026-09-25,0.5,81
69,4,4,258,5.0,1,False,False,True,2026-09-25,0.5,81
70,4,6,4500,273.5,2,False,False,True,2026-09-25,0.5,81
71,4,36,4526,1678.5,3,False,False,True,2026-09-25,0.5,81
72,4,3,4414,60.0,2,False,False,True,2026-09-25,0.5,81
73,4,18,5047,52.5,1,False,False,True,2026-09-25,0.5,81
74,4,12,552,80.0,2,False,False,True,2026-09-25,0.5,81
75,4,64,4047,682.5,3,False,False,True,2026-09-25,0.5,81
76,4,5,1610,186.5,2,False,False,True,2026-09-25,0.5,81
77,4,43,1109,210.5,2,False,False,True,2026-09-25,0.5,81
78,4,3,9516,100.0,2,False,False,True,2026-09-25,0.5,81
79,4,3,1839,173.0,3,False,False,True,2026-09-25,0.5,81
80,4,8,9823,2591.5,3,False,False,True,2026-09-25,0.5,81
81,4,20,8119,239.5,3,False,False,True,2026-09-25,0.5,81
82,4,3,568,420.0,3,False,False,True,2026-09-25,0.5,81
83,4,4,217,4.0,1,False,False,True,2026-09-25,0.5,81
84,4,5,4447,1463.5,3,False,False,True,2026-09-25,0.5,81
85,4,5,240,44.5,2,False,False,True,2026-09-25,0.5,81
86,4,8,9558,60.5,2,False,False,True,2026-09-25,0.5,81
87,4,84,2165,432.5,4,True,False,False,2026-09-25,0.5,81
88,4,182,4832,745.0,4,True,False,False,2026-09-25,0.5,81
89,4,7,8046,87.5,2,False,False,True,2026-09-25,0.5,81
90,4,8,1899,437.5,2,False,False,True,2026-09-25,0.5,81
91,4,13,881,180.0,2,False,False,True,2026-09-25,0.5,81
92,4,10,9822,133.5,2,False,False,True,2026-09-25,0.5,81
93,4,3,1636,898.5,3,False,False,True,2026-09-25,0.5,81
94,4,14,152,100.0,2,False,False,True,2026-09-25,0.5,81
95,4,5,3537,288.5,2,False,False,True,2026-09-25,0.5,81
96,4,3,155,6.5,1,False,False,True,2026-09-25,0.5,81
97,4,5,3525,1026.5,3,False,False,True,2026-09-25,0.5,81
98,4,4,9724,472.5,2,False,False,True,2026-09-25,0.5,81
99,4,3,758,15.5,1,False,False,True,2026-09-25,0.5,81
100,4,6,684,171.0,3,False,False,True,2026-09-25,0.5,81
101,4,3,20,3.5,0,False,True,False,2026-09-25,0.5,81
102,4,4,4396,112.0,2,False,False,True,2026-09-25,0.5,81
103,4,4,1533,319.0,2,False,False,True,2026-09-25,0.5,81
104,4,9,6618,681.5,2,False,False,True,2026-09-25,0.5,81
105,4,3,3833,13.5,1,False,False,True,2026-09-25,0.5,81
106,4,3,359,36.5,1,False,False,True,2026-09-25,0.5,81
107,4,7,7132,174.0,2,False,False,True,2026-09-25,0.5,81
108,4,23,1245,245.5,2,False,False,True,2026-09-25,0.5,81
109,4,11,3134,364.0,3,False,False,True,2026-09-25,0.5,81
110,4,7,4992,1196.0,2,False,False,True,2026-09-25,0.5,81
111,4,42,5376,3780.5,3,False,False,True,2026-09-25,0.5,81
112,4,3,27,14.5,0,False,True,False,2026-09-25,0.5,81
113,4,5,157,28.5,1,False,False,True,2026-09-25,0.5,81
114,4,4,270,120.5,3,False,False,True,2026-09-25,0.5,81
115,4,5,87,32.0,1,False,False,True,2026-09-25,0.5,81
116,4,4,8421,282.5,2,False,False,True,2026-09-25,0.5,81
117,4,7,2177,753.5,3,False,False,True,2026-09-25,0.5,81
118,4,3,218,20.0,1,False,False,True,2026-09-25,0.5,81
119,4,4,230,79.5,2,False,False,True,2026-09-25,0.5,81
120,4,137,7346,1367.5,4,True,False,False,2026-09-25,0.5,81
121,4,4,997,145.5,3,False,False,True,2026-09-25,0.5,81
122,4,31,308,167.5,2,False,False,True,2026-09-25,0.5,81
123,4,11,1736,784.5,3,False,False,True,2026-09-25,0.5,81
124,4,3,5457,1823.5,2,False,False,True,2026-09-25,0.5,81
125,4,51,693,143.0,3,False,False,True,2026-09-25,0.5,81
126,4,4,9,7.0,0,False,True,False,2026-09-25,0.5,81
127,4,4,25,6.5,0,False,True,False,2026-09-25,0.5,81
128,4,35,3837,1157.0,3,False,False,True,2026-09-25,0.5,81
129,4,1742,4991,2120.0,4,True,False,False,2026-09-25,0.5,81
130,4,5,280,139.5,2,False,False,True,2026-09-25,0.5,81
131,4,129,9214,1286.5,4,True,False,False,2026-09-25,0.5,81
132,4,4,9139,114.0,2,False,False,True,2026-09-25,0.5,81
133,4,5,6420,173.5,2,False,False,True,2026-09-25,0.5,81
134,4,5,3430,51.0,1,False,False,True,2026-09-25,0.5,81
135,4,4,143,49.5,1,False,False,True,2026-09-25,0.5,81
136,4,3,7192,496.5,2,False,False,True,2026-09-25,0.5,81
137,4,4,6039,437.5,3,False,False,True,2026-09-25,0.5,81
138,4,58,9464,979.5,3,False,False,True,2026-09-25,0.5,81
139,4,4,911,69.0,2,False,False,True,2026-09-25,0.5,81
140,4,15,6991,901.0,3,False,False,True,2026-09-25,0.5,81
141,4,9,1705,91.0,2,False,False,True,2026-09-25,0.5,81
142,4,5,1222,251.0,2,False,False,True,2026-09-25,0.5,81
143,4,6,8541,1629.5,3,False,False,True,2026-09-25,0.5,81
144,4,3,8484,470.5,2,False,False,True,2026-09-25,0.5,81
145,4,5,9473,1002.5,3,False,False,True,2026-09-25,0.5,81
146,4,5,1846,20.5,1,False,False,True,2026-09-25,0.5,81
147,4,20,657,361.5,3,False,False,True,2026-09-25,0.5,81
148,4,5,4583,158.5,2,False,False,True,2026-09-25,0.5,81
149,4,19,6620,656.5,2,False,False,True,2026-09-25,0.5,81
150,4,46,3373,674.0,3,False,False,True,2026-09-25,0.5,81
151,4,3,301,132.5,2,False,False,True,2026-09-25,0.5,81
152,4,5,1535,903.5,3,False,False,True,2026-09-25,0.5,81
153,4,18,6288,2101.0,3,False,False,True,2026-09-25,0.5,81
154,4,6,587,239.5,3,False,False,True,2026-09-25,0.5,81
155,4,3,3248,178.0,2,False,False,True,2026-09-25,0.5,81
156,4,5,1664,113.0,2,False,False,True,2026-09-25,0.5,81
157,4,4,157,56.5,1,False,False,True,2026-09-25,0.5,81
158,4,4,4766,842.0,3,False,False,True,2026-09-25,0.5,81
159,4,8,1940,278.0,3,False,False,True,2026-09-25,0.5,81
160,4,4,5313,127.5,2,False,False,True,2026-09-25,0.5,81
161,4,7,8731,10.0,1,False,False,True,2026-09-25,0.5,81
162,4,5,928,339.0,2,False,False,True,2026-09-25,0.5,81
163,4,3,4448,1011.5,2,False,False,True,2026-09-25,0.5,81
164,4,35,4621,258.0,2,False,False,True,2026-09-25,0.5,81
165,4,19,5499,189.0,2,False,False,True,2026-09-25,0.5,81
166,4,6,730,40.5,1,False,False,True,2026-09-25,0.5,81
167,4,4,88,9.0,1,False,False,True,2026-09-25,0.5,81
168,4,3,517,82.0,2,False,False,True,2026-09-25,0.5,81
169,4,5,2757,1360.5,3,False,False,True,2026-09-25,0.5,81
170,4,4,1769,253.0,3,False,False,True,2026-09-25,0.5,81
171,4,149,3408,1306.0,4,True,False,False,2026-09-25,0.5,81
172,4,6,457,196.5,2,False,False,True,2026-09-25,0.5,81
173,4,27,1353,491.0,3,False,False,True,2026-09-25,0.5,81
174,4,10,7080,211.0,2,False,False,True,2026-09-25,0.5,81
175,4,212,1454,670.0,4,True,False,False,2026-09-25,0.5,81
176,4,15,2894,941.5,2,False,False,True,2026-09-25,0.5,81
177,4,3,168,39.0,1,False,False,True,2026-09-25,0.5,81
178,4,7,36,14.0,0,False,True,False,2026-09-25,0.5,81
179,4,8,3568,576.0,3,False,False,True,2026-09-25,0.5,81
180,4,7,21,8.0,0,False,True,False,2026-09-25,0.5,81
181,4,3,1756,490.0,3,False,False,True,2026-09-25,0.5,81
182,4,6,1341,268.0,2,False,False,True,2026-09-25,0.5,81
183,4,4,3525,372.5,3,False,False,True,2026-09-25,0.5,81
184,4,3,3988,17.0,1,False,False,True,2026-09-25,0.5,81
185,4,223,7670,717.5,4,True,False,False,2026-09-25,0.5,81
186,4,37,2009,617.0,3,False,False,True,2026-09-25,0.5,81
187,4,3,2081,235.0,2,False,False,True,2026-09-25,0.5,81
188,4,4,915,224.0,2,False,False,True,2026-09-25,0.5,81
189,4,3,36,10.5,0,False,True,False,2026-09-25,0.5,81
190,4,178,900,221.0,4,True,False,False,2026-09-25,0.5,81
191,4,3,948,12.5,1,False,False,True,2026-09-25,0.5,81
192,4,6,646,295.5,2,False,False,True,2026-09-25,0.5,81
193,4,32,3167,1082.0,3,False,False,True,2026-09-25,0.5,81
194,4,8,8854,2471.0,3,False,False,True,2026-09-25,0.5,81
195,4,7,5712,287.0,3,False,False,True,2026-09-25,0.5,81
196,4,7,3422,118.0,3,False,False,True,2026-09-25,0.5,81
197,4,4,5653,2683.0,3,False,False,True,2026-09-25,0.5,81
198,4,4,4349,1512.0,3,False,False,True,2026-09-25,0.5,81
199,4,3,2807,107.5,2,False,False,True,2026-09-25,0.5,81
200,4,3,70,25.5,0,False,True,False,2026-09-25,0.5,81
201,4,3,6091,1061.5,2,False,False,True,2026-09-25,0.5,81
202,4,85,5401,2170.0,4,True,False,False,2026-09-25,0.5,81
203,4,3,84,7.0,1,False,False,True,2026-09-25,0.5,81
204,4,104,1045,557.5,4,True,False,False,2026-09-25,0.5,81
205,4,5,5714,1203.5,2,False,False,True,2026-09-25,0.5,81
206,4,9,4057,1660.0,2,False,False,True,2026-09-25,0.5,81
207,4,3,273,66.0,2,False,False,True,2026-09-25,0.5,81
208,4,13,1512,49.0,1,False,False,True,2026-09-25,0.5,81
209,4,45,1429,795.0,3,False,False,True,2026-09-25,0.5,81
210,4,6,241,50.0,1,False,False,True,2026-09-25,0.5,81
211,4,12,1834,49.0,2,False,False,True,2026-09-25,0.5,81
212,4,3,3874,115.0,3,False,False,True,2026-09-25,0.5,81
213,4,411,1447,656.0,4,True,False,False,2026-09-25,0.5,81
214,4,13,132,97.5,2,False,False,True,2026-09-25,0.5,81
215,4,3,51,8.0,0,False,True,False,2026-09-25,0.5,81
216,4,114,2374,1000.0,4,True,False,False,2026-09-25,0.5,81
217,4,36,1626,200.5,2,False,False,True,2026-09-25,0.5,81
218,4,6,1486,432.5,2,False,False,True,2026-09-25,0.5,81
219,4,6,400,152.5,3,False,False,True,2026-09-25,0.5,81
220,4,8,8789,156.5,3,False,False,True,2026-09-25,0.5,81
221,4,11,150,61.0,2,False,False,True,2026-09-25,0.5,81
222,4,3,3464,420.5,2,False,False,True,2026-09-25,0.5,81
223,4,23,5957,662.5,2,False,False,True,2026-09-25,0.5,81
224,4,3,1889,13.5,1,False,False,True,2026-09-25,0.5,81
225,4,3,333,16.5,1,False,False,True,2026-09-25,0.5,81
226,4,99,2509,348.5,4,True,False,False,2026-09-25,0.5,81
227,4,10,141,31.0,1,False,False,True,2026-09-25,0.5,81
228,4,13,5982,1438.5,2,False,False,True,2026-09-25,0.5,81
229,4,8,8266,68.5,2,False,False,True,2026-09-25,0.5,81
230,4,8,1012,22.0,1,False,False,True,2026-09-25,0.5,81
231,4,3,1085,75.0,2,False,False,True,2026-09-25,0.5,81
232,4,7,8302,1849.5,3,False,False,True,2026-09-25,0.5,81
233,4,5,1699,112.5,3,False,False,True,2026-09-25,0.5,81
234,4,21,3914,1669.5,3,False,False,True,2026-09-25,0.5,81
235,4,3,51,6.5,0,False,True,False,2026-09-25,0.5,81
236,4,3,1512,45.0,2,False,False,True,2026-09-25,0.5,81
237,4,67,3011,1175.5,3,False,False,True,2026-09-25,0.5,81
238,4,6,521,81.5,3,False,False,True,2026-09-25,0.5,81
239,4,17,709,287.0,3,False,False,True,2026-09-25,0.5,81
240,4,13,6201,363.0,2,False,False,True,2026-09-25,0.5,81
241,4,3,4797,119.0,2,False,False,True,2026-09-25,0.5,81
242,4,5,6586,9.5,1,False,False,True,2026-09-25,0.5,81
243,4,4,6289,10.5,1,False,False,True,2026-09-25,0.5,81
244,4,4,3510,616.0,3,False,False,True,2026-09-25,0.5,81
245,4,32,5510,1466.5,3,False,False,True,2026-09-25,0.5,81
246,4,850,9052,1608.5,4,True,False,False,2026-09-25,0.5,81
247,4,6,9343,850.5,3,False,False,True,2026-09-25,0.5,81
248,4,18,6008,297.0,2,False,False,True,2026-09-25,0.5,81
249,4,3,1336,238.5,3,False,False,True,2026-09-25,0.5,81
250,4,6,1453,190.0,2,False,False,True,2026-09-25,0.5,81
251,4,7,2159,285.5,2,False,False,True,2026-09-25,0.5,81
252,4,8,3312,432.0,3,False,False,True,2026-09-25,0.5,81
253,4,3,1805,50.0,1,False,False,True,2026-09-25,0.5,81
254,4,3,5821,1770.5,3,False,False,True,2026-09-25,0.5,81
255,4,4,3573,79.0,2,False,False,True,2026-09-25,0.5,81
256,4,18,6679,3329.0,3,False,False,True,2026-09-25,0.5,81
257,4,9,870,196.0,2,False,False,True,2026-09-25,0.5,81
258,4,4,5607,316.5,2,False,False,True,2026-09-25,0.5,81
259,4,6,155,9.0,1,False,False,True,2026-09-25,0.5,81
260,4,14,1990,26.0,1,False,False,True,2026-09-25,0.5,81
261,4,3,207,6.5,1,False,False,True,2026-09-25,0.5,81
262,4,6,3967,133.0,2,False,False,True,2026-09-25,0.5,81
263,4,4,7302,6038.5,3,False,False,True,2026-09-25,0.5,81
264,4,3,2097,834.0,3,False,False,True,2026-09-25,0.5,81
265,4,5,3726,605.0,2,False,False,True,2026-09-25,0.5,81
266,4,7,5655,39.0,1,False,False,True,2026-09-25,0.5,81
267,4,8,4945,1184.0,2,False,False,True,2026-09-25,0.5,81
268,4,4,143,30.5,1,False,False,True,2026-09-25,0.5,81
269,4,171,3243,619.0,4,True,False,False,2026-09-25,0.5,81
270,4,39,916,134.5,3,False,False,True,2026-09-25,0.5,81
271,4,34,3581,142.5,2,False,False,True,2026-09-25,0.5,81
272,4,3,5340,1457.5,2,False,False,True,2026-09-25,0.5,81
273,4,4,148,52.0,2,False,False,True,2026-09-25,0.5,81
274,4,12,676,174.5,2,False,False,True,2026-09-25,0.5,81
275,4,7,236,23.0,1,False,False,True,2026-09-25,0.5,81
276,4,4,7227,330.0,2,False,False,True,2026-09-25,0.5,81
277,4,21,3749,1872.5,3,False,False,True,2026-09-25,0.5,81
278,4,6,238,58.0,1,False,False,True,2026-09-25,0.5,81
279,4,21,135,45.0,1,False,False,True,2026-09-25,0.5,81
280,4,4,1346,495.5,2,False,False,True,2026-09-25,0.5,81
281,4,14,441,78.0,2,False,False,True,2026-09-25,0.5,81
282,4,3,2210,26.5,1,False,False,True,2026-09-25,0.5,81
283,4,9,84,15.0,1,False,False,True,2026-09-25,0.5,81
284,4,3,592,103.0,2,False,False,True,2026-09-25,0.5,81
285,4,3,387,94.0,2,False,False,True,2026-09-25,0.5,81
286,4,3,5979,790.5,2,False,False,True,2026-09-25,0.5,81
287,4,16,399,69.5,2,False,False,True,2026-09-25,0.5,81
288,4,31,900,359.5,3,False,False,True,2026-09-25,0.5,81
289,4,8,5551,114.5,2,False,False,True,2026-09-25,0.5,81
290,4,6,4593,1628.5,2,False,False,True,2026-09-25,0.5,81
291,4,5,49,16.5,0,False,True,False,2026-09-25,0.5,81
292,4,8,159,8.5,1,False,False,True,2026-09-25,0.5,81
293,4,5,8809,57.0,2,False,False,True,2026-09-25,0.5,81
294,4,5,8787,2493.0,2,False,False,True,2026-09-25,0.5,81
295,4,19,1241,35.0,1,False,False,True,2026-09-25,0.5,81
296,4,3,4208,42.5,1,False,False,True,2026-09-25,0.5,81
297,4,5,2403,11.5,1,False,False,True,2026-09-25,0.5,81
298,4,91,1168,128.0,4,True,False,False,2026-09-25,0.5,81
299,4,4,558,21.5,1,False,False,True,2026-09-25,0.5,81
300,4,3,5345,1236.5,2,False,False,True,2026-09-25,0.5,81
301,4,8,3680,462.5,3,False,False,True,2026-09-25,0.5,81
302,4,3,1160,5.5,1,False,False,True,2026-09-25,0.5,81
303,4,5,205,12.0,1,False,False,True,2026-09-25,0.5,81
304,4,59,207,87.5,2,False,False,True,2026-09-25,0.5,81
305,4,4,3737,595.0,2,False,False,True,2026-09-25,0.5,81
306,4,4,89,28.0,1,False,False,True,2026-09-25,0.5,81
307,4,5,4028,2602.5,3,False,False,True,2026-09-25,0.5,81
308,4,12,5069,220.5,2,False,False,True,2026-09-25,0.5,81
309,4,15,8842,5487.0,3,False,False,True,2026-09-25,0.5,81
310,4,182,6764,1319.0,4,True,False,False,2026-09-25,0.5,81
311,4,7,3206,414.0,3,False,False,True,2026-09-25,0.5,81
312,4,29,9459,105.5,3,False,False,True,2026-09-25,0.5,81
313,4,36,5267,646.0,3,False,False,True,2026-09-25,0.5,81
314,4,5,749,140.5,2,False,False,True,2026-09-25,0.5,81
315,4,29,1040,219.0,3,False,False,True,2026-09-25,0.5,81
316,4,40,8476,2553.0,3,False,False,True,2026-09-25,0.5,81
317,4,20,3447,1462.0,2,False,False,True,2026-09-25,0.5,81
318,4,8,3546,830.0,3,False,False,True,2026-09-25,0.5,81
319,4,3,4563,96.0,2,False,False,True,2026-09-25,0.5,81
320,4,5,5130,565.0,3,False,False,True,2026-09-25,0.5,81
321,4,12,1290,93.5,3,False,False,True,2026-09-25,0.5,81
322,4,61,144,106.5,3,False,False,True,2026-09-25,0.5,81
323,4,4,7621,2823.0,2,False,False,True,2026-09-25,0.5,81
324,4,3,9423,879.5,2,False,False,True,2026-09-25,0.5,81
325,4,4,286,10.0,1,False,False,True,2026-09-25,0.5,81
326,4,3,4876,6.5,1,False,False,True,2026-09-25,0.5,81
327,4,3,3097,1319.5,3,False,False,True,2026-09-25,0.5,81
328,4,3,299,13.0,1,False,False,True,2026-09-25,0.5,81
329,4,3,1048,32.0,1,False,False,True,2026-09-25,0.5,81
330,4,6,1537,583.0,2,False,False,True,2026-09-25,0.5,81
331,4,3,1797,10.0,1,False,False,True,2026-09-25,0.5,81
332,4,3,415,22.0,1,False,False,True,2026-09-25,0.5,81
333,4,4,8211,23.5,1,False,False,True,2026-09-25,0.5,81
334,4,46,409,223.5,2,False,False,True,2026-09-25,0.5,81
335,4,4,1609,284.0,2,False,False,True,2026-09-25,0.5,81
336,4,3,58,11.5,0,False,True,False,2026-09-25,0.5,81
337,4,3,30,24.5,0,False,True,False,2026-09-25,0.5,81
338,4,22,7670,991.0,3,False,False,True,2026-09-25,0.5,81
339,4,8,3133,1178.0,3,False,False,True,2026-09-25,0.5,81
340,4,5,6625,15.0,1,False,False,True,2026-09-25,0.5,81
341,4,81,4219,273.0,4,True,False,False,2026-09-25,0.5,81
342,4,8,6881,408.0,3,False,False,True,2026-09-25,0.5,81
343,4,24,337,97.0,2,False,False,True,2026-09-25,0.5,81
344,4,3,4714,1062.5,2,False,False,True,2026-09-25,0.5,81
345,4,8,431,44.5,1,False,False,True,2026-09-25,0.5,81
346,4,408,3953,568.5,4,True,False,False,2026-09-25,0.5,81
347,4,9,8346,1760.5,3,False,False,True,2026-09-25,0.5,81
348,4,6,8734,2199.5,2,False,False,True,2026-09-25,0.5,81
349,4,4,8295,118.0,3,False,False,True,2026-09-25,0.5,81
350,4,22,1957,451.0,2,False,False,True,2026-09-25,0.5,81
351,4,3,4959,10.0,1,False,False,True,2026-09-25,0.5,81
352,4,10,5048,2281.5,3,False,False,True,2026-09-25,0.5,81
353,4,3,1374,258.0,2,False,False,True,2026-09-25,0.5,81
354,4,22,6688,3066.0,3,False,False,True,2026-09-25,0.5,81
355,4,28,9077,1621.5,3,False,False,True,2026-09-25,0.5,81
356,4,3,1545,6.0,1,False,False,True,2026-09-25,0.5,81
357,4,7,3776,59.0,2,False,False,True,2026-09-25,0.5,81
358,4,7,9634,386.0,2,False,False,True,2026-09-25,0.5,81
359,4,16,265,80.5,2,False,False,True,2026-09-25,0.5,81
360,4,3,7051,1524.0,2,False,False,True,2026-09-25,0.5,81
361,4,171,4282,3182.0,4,True,False,False,2026-09-25,0.5,81
362,4,3,285,6.5,1,False,False,True,2026-09-25,0.5,81
363,4,6,7418,76.0,2,False,False,True,2026-09-25,0.5,81
364,4,3,3383,1177.0,2,False,False,True,2026-09-25,0.5,81
365,4,60,7823,1222.0,3,False,False,True,2026-09-25,0.5,81
366,4,6,339,67.5,2,False,False,True,2026-09-25,0.5,81
367,4,6,1401,73.5,2,False,False,True,2026-09-25,0.5,81
368,4,3,288,24.5,1,False,False,True,2026-09-25,0.5,81
369,4,5,4852,455.5,3,False,False,True,2026-09-25,0.5,81
370,4,8,940,169.5,3,False,False,True,2026-09-25,0.5,81
371,4,419,2302,907.5,4,True,False,False,2026-09-25,0.5,81
372,4,17,6977,298.0,3,False,False,True,2026-09-25,0.5,81
373,4,3,5297,381.5,2,False,False,True,2026-09-25,0.5,81
374,4,29,1374,243.0,2,False,False,True,2026-09-25,0.5,81
375,4,14,981,564.5,3,False,False,True,2026-09-25,0.5,81
376,4,4,384,78.0,2,False,False,True,2026-09-25,0.5,81
377,4,4,3353,369.0,2,False,False,True,2026-09-25,0.5,81
378,4,118,2639,424.5,4,True,False,False,2026-09-25,0.5,81
379,4,11,3684,101.5,2,False,False,True,2026-09-25,0.5,81
380,4,17,4561,373.0,3,False,False,True,2026-09-25,0.5,81
381,4,5,1387,480.5,3,False,False,True,2026-09-25,0.5,81
382,4,29,7277,1860.0,3,False,False,True,2026-09-25,0.5,81
383,4,8,4349,513.0,2,False,False,True,2026-09-25,0.5,81
384,4,3,1753,5.0,1,False,False,True,2026-09-25,0.5,81
385,4,3,2461,950.0,2,False,False,True,2026-09-25,0.5,81
386,4,3,7718,433.0,2,False,False,True,2026-09-25,0.5,81
387,4,5,1708,184.5,2,False,False,True,2026-09-25,0.5,81
388,4,4,3232,93.0,2,False,False,True,2026-09-25,0.5,81
389,4,24,1135,97.5,2,False,False,True,2026-09-25,0.5,81
390,4,5,822,34.0,1,False,False,True,2026-09-25,0.5,81
391,4,4,242,15.0,1,False,False,True,2026-09-25,0.5,81
392,4,41,3989,146.5,2,False,False,True,2026-09-25,0.5,81
393,4,7,1602,182.5,2,False,False,True,2026-09-25,0.5,81
394,4,16,2847,47.5,1,False,False,True,2026-09-25,0.5,81
395,4,134,6378,1896.0,4,True,False,False,2026-09-25,0.5,81
396,4,3,885,17.0,1,False,False,True,2026-09-25,0.5,81
397,4,7,1364,75.0,2,False,False,True,2026-09-25,0.5,81
398,4,3,395,55.0,2,False,False,True,2026-09-25,0.5,81
399,4,32,145,42.0,1,False,False,True,2026-09-25,0.5,81
400,4,81,2121,497.5,4,True,False,False,2026-09-25,0.5,81
401,4,29,2232,501.5,3,False,False,True,2026-09-25,0.5,81
402,4,7,76,28.0,0,False,True,False,2026-09-25,0.5,81
403,4,5,1540,36.5,1,False,False,True,2026-09-25,0.5,81
404,4,5,910,21.5,1,False,False,True,2026-09-25,0.5,81
405,4,5,8701,147.0,2,False,False,True,2026-09-25,0.5,81
406,4,13,1139,49.5,1,False,False,True,2026-09-25,0.5,81
407,4,125,2183,1892.5,4,True,False,False,2026-09-25,0.5,81
408,4,395,7749,5589.0,4,True,False,False,2026-09-25,0.5,81
409,4,4,1277,10.5,1,False,False,True,2026-09-25,0.5,81
410,4,4,136,17.5,1,False,False,True,2026-09-25,0.5,81
411,4,3,1489,195.5,2,False,False,True,2026-09-25,0.5,81
412,4,4,2246,315.0,2,False,False,True,2026-09-25,0.5,81
413,4,24,3500,412.0,3,False,False,True,2026-09-25,0.5,81
414,4,4,6134,620.0,3,False,False,True,2026-09-25,0.5,81
415,4,4,5020,888.0,2,False,False,True,2026-09-25,0.5,81
416,4,7,992,61.5,2,False,False,True,2026-09-25,0.5,81
417,4,7,4667,1290.0,3,False,False,True,2026-09-25,0.5,81
418,4,17,4852,2050.0,2,False,False,True,2026-09-25,0.5,81
419,4,4,311,20.5,1,False,False,True,2026-09-25,0.5,81
420,4,3,2477,20.0,1,False,False,True,2026-09-25,0.5,81
421,4,131,5233,216.0,4,True,False,False,2026-09-25,0.5,81
422,4,6,60,28.0,0,False,True,False,2026-09-25,0.5,81
423,4,8,143,57.5,1,False,False,True,2026-09-25,0.5,81
424,4,45,157,72.0,2,False,False,True,2026-09-25,0.5,81
425,4,5,884,46.0,1,False,False,True,2026-09-25,0.5,81
426,4,29,4675,257.0,3,False,False,True,2026-09-25,0.5,81
427,4,5,245,6.5,1,False,False,True,2026-09-25,0.5,81
428,4,15,9300,3266.5,3,False,False,True,2026-09-25,0.5,81
429,4,15,1639,149.5,2,False,False,True,2026-09-25,0.5,81
430,4,4,8865,3417.0,3,False,False,True,2026-09-25,0.5,81
431,4,4,1051,119.0,2,False,False,True,2026-09-25,0.5,81
432,4,5,670,45.5,1,False,False,True,2026-09-25,0.5,81
433,4,4,4056,19.5,1,False,False,True,2026-09-25,0.5,81
434,4,7,9339,781.0,2,False,False,True,2026-09-25,0.5,81
435,4,3,591,64.0,2,False,False,True,2026-09-25,0.5,81
436,4,48,1702,511.5,3,False,False,True,2026-09-25,0.5,81
437,4,3,82,14.0,1,False,False,True,2026-09-25,0.5,81
438,4,22,640,150.5,3,False,False,True,2026-09-25,0.5,81
439,4,38,1731,257.0,3,False,False,True,2026-09-25,0.5,81
440,4,23,1285,360.0,3,False,False,True,2026-09-25,0.5,81
441,4,4,403,194.0,2,False,False,True,2026-09-25,0.5,81
442,4,6,351,211.5,3,False,False,True,2026-09-25,0.5,81
443,4,3,2806,697.5,2,False,False,True,2026-09-25,0.5,81
444,4,6,3544,149.0,3,False,False,True,2026-09-25,0.5,81
445,4,3,6253,1222.5,3,False,False,True,2026-09-25,0.5,81
446,4,12,6652,1914.5,3,False,False,True,2026-09-25,0.5,81
447,4,807,5334,2919.5,4,True,False,False,2026-09-25,0.5,81
448,4,313,3232,1364.0,4,True,False,False,2026-09-25,0.5,81
449,4,9,3362,87.0,2,False,False,True,2026-09-25,0.5,81
450,4,8,8397,1296.0,2,False,False,True,2026-09-25,0.5,81
451,4,5,9655,363.5,3,False,False,True,2026-09-25,0.5,81
452,4,4,6856,82.5,2,False,False,True,2026-09-25,0.5,81
453,4,32,89,85.0,3,False,False,True,2026-09-25,0.5,81
454,4,9,3189,196.0,3,False,False,True,2026-09-25,0.5,81
455,4,7,1109,120.0,2,False,False,True,2026-09-25,0.5,81
456,4,5,1629,93.5,2,False,False,True,2026-09-25,0.5,81
457,4,3,8420,34.5,1,False,False,True,2026-09-25,0.5,81
458,4,11,1162,88.5,2,False,False,True,2026-09-25,0.5,81
459,4,5,38,17.5,0,False,True,False,2026-09-25,0.5,81
460,4,4,1590,20.5,1,False,False,True,2026-09-25,0.5,81
461,4,8,6725,277.0,3,False,False,True,2026-09-25,0.5,81
462,4,4,3422,972.0,3,False,False,True,2026-09-25,0.5,81
463,4,4,264,201.5,3,False,False,True,2026-09-25,0.5,81
464,4,4,7520,1402.0,3,False,False,True,2026-09-25,0.5,81
465,4,4,3946,217.5,2,False,False,True,2026-09-25,0.5,81
466,4,94,343,245.0,4,True,False,False,2026-09-25,0.5,81
467,4,3,562,234.0,2,False,False,True,2026-09-25,0.5,81
468,4,9,1336,37.5,1,False,False,True,2026-09-25,0.5,81
469,4,24,1341,176.5,2,False,False,True,2026-09-25,0.5,81
470,4,3,1468,286.5,2,False,False,True,2026-09-25,0.5,81
471,4,13,6549,3098.5,3,False,False,True,2026-09-25,0.5,81
472,4,6,467,59.5,2,False,False,True,2026-09-25,0.5,81
473,4,3,458,4.5,1,False,False,True,2026-09-25,0.5,81
474,4,3,1577,395.5,2,False,False,True,2026-09-25,0.5,81
475,4,3,2171,63.0,2,False,False,True,2026-09-25,0.5,81
476,4,5,4995,1156.0,2,False,False,True,2026-09-25,0.5,81
477,4,4,1303,673.0,2,False,False,True,2026-09-25,0.5,81
478,4,8,1902,130.5,2,False,False,True,2026-09-25,0.5,81
479,4,12,1496,733.0,3,False,False,True,2026-09-25,0.5,81
480,4,4,9847,50.5,2,False,False,True,2026-09-25,0.5,81
481,4,6,4853,15.0,1,False,False,True,2026-09-25,0.5,81
482,4,3,405,12.5,1,False,False,True,2026-09-25,0.5,81
483,4,7,281,44.5,1,False,False,True,2026-09-25,0.5,81
484,4,5,1562,226.0,3,False,False,True,2026-09-25,0.5,81
485,4,4,5207,228.0,3,False,False,True,2026-09-25,0.5,81
486,4,3,538,245.0,2,False,False,True,2026-09-25,0.5,81
487,4,20,1103,328.5,2,False,False,True,2026-09-25,0.5,81
488,4,5,16,8.0,0,False,True,False,2026-09-25,0.5,81
489,4,3,4760,728.0,2,False,False,True,2026-09-25,0.5,81
490,4,43,718,329.5,3,False,False,True,2026-09-25,0.5,81
491,4,7,7793,61.0,2,False,False,True,2026-09-25,0.5,81
492,4,24,4873,1253.0,3,False,False,True,2026-09-25,0.5,81
493,4,8,89,16.0,1,False,False,True,2026-09-25,0.5,81
494,4,6,3113,199.5,3,False,False,True,2026-09-25,0.5,81
495,4,3,1487,274.0,2,False,False,True,2026-09-25,0.5,81
496,4,12,6084,1950.5,3,False,False,True,2026-09-25,0.5,81
497,4,3,276,51.5,1,False,False,True,2026-09-25,0.5,81
498,4,32,1741,216.0,2,False,False,True,2026-09-25,0.5,81
499,4,4,309,195.0,3,False,False,True,2026-09-25,0.5,81
500,4,6,1380,160.0,2,False,False,True,2026-09-25,0.5,81
501,4,9,605,130.5,2,False,False,True,2026-09-25,0.5,81
502,4,5,7191,48.5,1,False,False,True,2026-09-25,0.5,81
503,4,114,4205,2364.0,4,True,False,False,2026-09-25,0.5,81
504,4,8,1766,48.0,2,False,False,True,2026-09-25,0.5,81
505,4,14,513,242.5,3,False,False,True,2026-09-25,0.5,81
506,4,11,8848,2812.5,2,False,False,True,2026-09-25,0.5,81
507,4,9,7074,320.0,2,False,False,True,2026-09-25,0.5,81
508,4,5,14,6.0,0,False,True,False,2026-09-25,0.5,81
509,4,9,188,64.0,2,False,False,True,2026-09-25,0.5,81
510,4,28,1996,185.5,3,False,False,True,2026-09-25,0.5,81
511,4,5,1088,140.5,2,False,False,True,2026-09-25,0.5,81
512,4,8,473,44.5,1,False,False,True,2026-09-25,0.5,81
513,4,21,2183,83.0,2,False,False,True,2026-09-25,0.5,81
514,4,4,6032,41.0,1,False,False,True,2026-09-25,0.5,81
515,4,10,5678,473.0,2,False,False,True,2026-09-25,0.5,81
516,4,3,266,6.5,1,False,False,True,2026-09-25,0.5,81
517,4,6,1161,256.5,2,False,False,True,2026-09-25,0.5,81
518,4,6,3811,1826.0,3,False,False,True,2026-09-25,0.5,81
519,4,3,1761,603.0,2,False,False,True,2026-09-25,0.5,81
520,4,818,6119,914.5,4,True,False,False,2026-09-25,0.5,81
521,4,5,2982,8.5,1,False,False,True,2026-09-25,0.5,81
522,4,10,6360,2211.5,3,False,False,True,2026-09-25,0.5,81
523,4,3,337,88.0,2,False,False,True,2026-09-25,0.5,81
524,4,3,907,208.0,3,False,False,True,2026-09-25,0.5,81
525,4,3,7838,18.0,1,False,False,True,2026-09-25,0.5,81
526,4,3,660,72.5,2,False,False,True,2026-09-25,0.5,81
527,4,8,137,61.0,2,False,False,True,2026-09-25,0.5,81
528,4,23,1533,354.0,2,False,False,True,2026-09-25,0.5,81
529,4,4,5439,2416.5,2,False,False,True,2026-09-25,0.5,81
530,4,9,8906,2484.0,2,False,False,True,2026-09-25,0.5,81
531,4,794,4874,2085.0,4,True,False,False,2026-09-25,0.5,81
532,4,317,4524,1382.5,4,True,False,False,2026-09-25,0.5,81
533,4,9,6836,36.0,1,False,False,True,2026-09-25,0.5,81
534,4,4,190,10.0,1,False,False,True,2026-09-25,0.5,81
535,4,10,3693,295.5,2,False,False,True,2026-09-25,0.5,81
536,4,231,1916,1530.0,4,True,False,False,2026-09-25,0.5,81
537,4,3,626,206.5,2,False,False,True,2026-09-25,0.5,81
538,4,261,3676,1734.5,4,True,False,False,2026-09-25,0.5,81
539,4,17,302,80.5,2,False,False,True,2026-09-25,0.5,81
540,4,5,1890,56.0,2,False,False,True,2026-09-25,0.5,81
541,4,10,1166,93.0,2,False,False,True,2026-09-25,0.5,81
542,4,3,3698,15.0,1,False,False,True,2026-09-25,0.5,81
543,4,3,4094,84.5,2,False,False,True,2026-09-25,0.5,81
544,4,4,2851,1249.5,3,False,False,True,2026-09-25,0.5,81
545,4,5,8486,50.5,1,False,False,True,2026-09-25,0.5,81
546,4,9,5373,255.5,2,False,False,True,2026-09-25,0.5,81
547,4,27,1061,91.0,2,False,False,True,2026-09-25,0.5,81
548,4,3,1794,138.0,2,False,False,True,2026-09-25,0.5,81
549,4,28,4508,1510.0,2,False,False,True,2026-09-25,0.5,81
550,4,12,1283,155.0,2,False,False,True,2026-09-25,0.5,81
551,4,10,966,47.0,1,False,False,True,2026-09-25,0.5,81
552,4,3,2456,20.5,1,False,False,True,2026-09-25,0.5,81
553,4,3,6175,727.0,2,False,False,True,2026-09-25,0.5,81
554,4,16,6223,317.5,2,False,False,True,2026-09-25,0.5,81
555,4,6,1174,457.0,3,False,False,True,2026-09-25,0.5,81
556,4,5,4812,801.0,3,False,False,True,2026-09-25,0.5,81
557,4,4,978,387.0,3,False,False,True,2026-09-25,0.5,81
558,4,8,2928,568.0,2,False,False,True,2026-09-25,0.5,81
559,4,4,1703,27.0,1,False,False,True,2026-09-25,0.5,81
560,4,7,1144,90.5,2,False,False,True,2026-09-25,0.5,81
561,4,3,1020,209.5,2,False,False,True,2026-09-25,0.5,81
562,4,3,275,22.0,1,False,False,True,2026-09-25,0.5,81
563,4,3,1619,114.0,3,False,False,True,2026-09-25,0.5,81
564,4,7,954,314.0,2,False,False,True,2026-09-25,0.5,81
565,4,3,8,4.0,0,False,True,False,2026-09-25,0.5,81
566,4,4,164,68.0,2,False,False,True,2026-09-25,0.5,81
567,4,3,126,22.5,1,False,False,True,2026-09-25,0.5,81
568,4,7,364,37.0,1,False,False,True,2026-09-25,0.5,81
569,4,4,477,226.0,3,False,False,True,2026-09-25,0.5,81
570,4,9,6138,2031.5,3,False,False,True,2026-09-25,0.5,81
571,4,72,8334,2761.0,3,False,False,True,2026-09-25,0.5,81
572,4,4,231,6.5,1,False,False,True,2026-09-25,0.5,81
573,4,4,408,32.0,1,False,False,True,2026-09-25,0.5,81
574,4,3,4751,17.5,1,False,False,True,2026-09-25,0.5,81
575,4,12,140,34.0,1,False,False,True,2026-09-25,0.5,81
576,4,7,607,247.0,3,False,False,True,2026-09-25,0.5,81
577,4,5,338,36.5,1,False,False,True,2026-09-25,0.5,81
578,4,3,1251,42.5,1,False,False,True,2026-09-25,0.5,81
579,4,5,3533,115.0,3,False,False,True,2026-09-25,0.5,81
580,4,4,34,8.0,0,False,True,False,2026-09-25,0.5,81
581,4,6,125,87.0,2,False,False,True,2026-09-25,0.5,81
582,4,3,2038,223.5,3,False,False,True,2026-09-25,0.5,81
583,4,9,3956,313.0,3,False,False,True,2026-09-25,0.5,81
584,4,15,4321,781.0,3,False,False,True,2026-09-25,0.5,81
585,4,15,7298,624.5,3,False,False,True,2026-09-25,0.5,81
586,4,12,2321,54.5,1,False,False,True,2026-09-25,0.5,81
587,4,4,7978,7.5,1,False,False,True,2026-09-25,0.5,81
588,4,16,7475,1446.0,3,False,False,True,2026-09-25,0.5,81
589,4,266,8310,3701.0,4,True,False,False,2026-09-25,0.5,81
590,4,3,58,7.0,0,False,True,False,2026-09-25,0.5,81
591,4,2868,8183,5806.5,4,True,False,False,2026-09-25,0.5,81
592,4,3,733,70.0,2,False,False,True,2026-09-25,0.5,81
593,4,6,149,57.5,2,False,False,True,2026-09-25,0.5,81
594,4,8,2471,99.0,2,False,False,True,2026-09-25,0.5,81
595,4,14,282,122.5,2,False,False,True,2026-09-25,0.5,81
596,4,4,111,54.5,2,False,False,True,2026-09-25,0.5,81
597,4,475,4172,1372.0,4,True,False,False,2026-09-25,0.5,81
598,4,7,5034,79.5,2,False,False,True,2026-09-25,0.5,81
599,4,49,9368,388.0,3,False,False,True,2026-09-25,0.5,81
600,4,4,1596,608.5,3,False,False,True,2026-09-25,0.5,81
601,4,9,931,417.5,2,False,False,True,2026-09-25,0.5,81
602,4,3,2035,230.0,2,False,False,True,2026-09-25,0.5,81
603,4,7,7436,127.5,3,False,False,True,2026-09-25,0.5,81
604,4,3,9929,2670.0,2,False,False,True,2026-09-25,0.5,81
605,4,13,1174,504.0,2,False,False,True,2026-09-25,0.5,81
606,4,7,62,53.0,0,False,True,False,2026-09-25,0.5,81
607,4,3,5014,6.0,1,False,False,True,2026-09-25,0.5,81
608,4,4,489,35.5,1,False,False,True,2026-09-25,0.5,81
609,4,7,2532,172.5,3,False,False,True,2026-09-25,0.5,81
610,4,3,3256,1547.0,3,False,False,True,2026-09-25,0.5,81
611,4,6,2239,178.5,3,False,False,True,2026-09-25,0.5,81
612,4,6,8470,838.5,3,False,False,True,2026-09-25,0.5,81
613,4,3,6048,2450.0,2,False,False,True,2026-09-25,0.5,81
614,4,5,1902,308.0,2,False,False,True,2026-09-25,0.5,81
615,4,27,9215,172.5,2,False,False,True,2026-09-25,0.5,81
616,4,3,4535,75.0,2,False,False,True,2026-09-25,0.5,81
617,4,6,4014,259.0,3,False,False,True,2026-09-25,0.5,81
618,4,3,2676,4.5,1,False,False,True,2026-09-25,0.5,81
619,4,4,52,13.5,0,False,True,False,2026-09-25,0.5,81
620,4,5,1368,57.0,1,False,False,True,2026-09-25,0.5,81
621,4,7,162,45.5,1,False,False,True,2026-09-25,0.5,81
622,4,5,5591,7.5,1,False,False,True,2026-09-25,0.5,81
623,4,4,378,92.0,2,False,False,True,2026-09-25,0.5,81
624,4,3,291,7.0,1,False,False,True,2026-09-25,0.5,81
625,4,8,1813,401.0,2,False,False,True,2026-09-25,0.5,81
626,4,147,3217,1371.0,4,True,False,False,2026-09-25,0.5,81
627,4,40,844,129.5,3,False,False,True,2026-09-25,0.5,81
628,4,3,754,16.0,1,False,False,True,2026-09-25,0.5,81
629,4,6,476,195.0,3,False,False,True,2026-09-25,0.5,81
630,4,39,556,415.0,3,False,False,True,2026-09-25,0.5,81
631,4,5,2656,30.5,1,False,False,True,2026-09-25,0.5,81
632,4,45,9393,301.0,3,False,False,True,2026-09-25,0.5,81
633,4,29,6743,3401.5,3,False,False,True,2026-09-25,0.5,81
634,4,6,6835,2055.5,3,False,False,True,2026-09-25,0.5,81
635,4,41,6519,262.0,3,False,False,True,2026-09-25,0.5,81
636,4,17,2623,152.0,3,False,False,True,2026-09-25,0.5,81
637,4,4,2828,245.0,2,False,False,True,2026-09-25,0.5,81
638,4,4,2298,21.0,1,False,False,True,2026-09-25,0.5,81
639,4,8,5158,602.5,3,False,False,True,2026-09-25,0.5,81
640,4,8,2360,28.5,1,False,False,True,2026-09-25,0.5,81
641,4,29,2577,561.5,2,False,False,True,2026-09-25,0.5,81
642,4,979,2756,2219.5,4,True,False,False,2026-09-25,0.5,81
643,4,6,444,151.0,2,False,False,True,2026-09-25,0.5,81
644,4,3,15,6.0,0,False,True,False,2026-09-25,0.5,81
645,4,6,817,7.5,1,False,False,True,2026-09-25,0.5,81
646,4,14,3944,633.5,2,False,False,True,2026-09-25,0.5,81
647,4,30,7419,557.5,3,False,False,True,2026-09-25,0.5,81
648,4,3,2593,409.0,2,False,False,True,2026-09-25,0.5,81
649,4,4,549,55.0,2,False,False,True,2026-09-25,0.5,81
650,4,3,7494,366.5,2,False,False,True,2026-09-25,0.5,81
651,4,3,4523,4.5,1,False,False,True,2026-09-25,0.5,81
652,4,3,809,7.0,1,False,False,True,2026-09-25,0.5,81
653,4,3,1988,232.0,2,False,False,True,2026-09-25,0.5,81
654,4,8,4794,70.5,2,False,False,True,2026-09-25,0.5,81
655,4,19,2951,1224.5,3,False,False,True,2026-09-25,0.5,81
656,4,59,1005,254.5,3,False,False,True,2026-09-25,0.5,81
657,4,3,1352,242.5,2,False,False,True,2026-09-25,0.5,81
658,4,9,9559,216.5,2,False,False,True,2026-09-25,0.5,81
659,4,39,3128,1172.5,2,False,False,True,2026-09-25,0.5,81
660,4,26,6734,4022.5,3,False,False,True,2026-09-25,0.5,81
661,4,10,2453,124.5,2,False,False,True,2026-09-25,0.5,81
662,4,9,326,94.0,2,False,False,True,2026-09-25,0.5,81
663,4,3,608,110.5,2,False,False,True,2026-09-25,0.5,81
664,4,7,1142,175.5,3,False,False,True,2026-09-25,0.5,81
665,4,9,2414,42.0,1,False,False,True,2026-09-25,0.5,81
666,4,24,9304,2660.5,2,False,False,True,2026-09-25,0.5,81
667,4,3,215,13.5,1,False,False,True,2026-09-25,0.5,81
668,4,141,8302,627.0,4,True,False,False,2026-09-25,0.5,81
669,4,5,91,10.5,1,False,False,True,2026-09-25,0.5,81
670,4,3,2633,583.5,3,False,False,True,2026-09-25,0.5,81
671,4,26,2294,312.0,3,False,False,True,2026-09-25,0.5,81
672,4,5,2365,59.5,2,False,False,True,2026-09-25,0.5,81
673,4,7,2078,74.5,2,False,False,True,2026-09-25,0.5,81
674,4,9,3981,77.5,2,False,False,True,2026-09-25,0.5,81
675,4,13,661,232.5,3,False,False,True,2026-09-25,0.5,81
676,4,4,66,21.0,0,False,True,False,2026-09-25,0.5,81
677,4,3,3350,43.0,1,False,False,True,2026-09-25,0.5,81
678,4,6,1686,98.5,2,False,False,True,2026-09-25,0.5,81
679,4,21,7191,2171.5,3,False,False,True,2026-09-25,0.5,81
680,4,5,22,12.0,0,False,True,False,2026-09-25,0.5,81
681,4,6,1023,7.0,1,False,False,True,2026-09-25,0.5,81
682,4,4,7054,578.5,3,False,False,True,2026-09-25,0.5,81
683,4,3,2756,321.5,2,False,False,True,2026-09-25,0.5,81
684,4,3,1780,498.0,2,False,False,True,2026-09-25,0.5,81
685,4,3,160,19.5,1,False,False,True,2026-09-25,0.5,81
686,4,5,4075,54.5,2,False,False,True,2026-09-25,0.5,81
687,4,14,115,21.5,1,False,False,True,2026-09-25,0.5,81
688,4,9,786,217.5,2,False,False,True,2026-09-25,0.5,81
689,4,3,9164,54.5,2,False,False,True,2026-09-25,0.5,81
690,4,7,2068,470.0,2,False,False,True,2026-09-25,0.5,81
691,4,6,160,18.0,1,False,False,True,2026-09-25,0.5,81
692,4,4,8592,91.5,2,False,False,True,2026-09-25,0.5,81
693,4,4,1602,111.5,2,False,False,True,2026-09-25,0.5,81
694,4,45,7961,57.0,1,False,False,True,2026-09-25,0.5,81
695,4,5,952,297.5,2,False,False,True,2026-09-25,0.5,81
696,4,16,5476,1788.5,3,False,False,True,2026-09-25,0.5,81
697,4,5,1669,87.0,2,False,False,True,2026-09-25,0.5,81
698,4,9,4261,107.5,2,False,False,True,2026-09-25,0.5,81
699,4,4,333,14.5,1,False,False,True,2026-09-25,0.5,81
700,4,6,6270,3323.5,3,False,False,True,2026-09-25,0.5,81
701,4,4,442,11.5,1,False,False,True,2026-09-25,0.5,81
702,4,6,3981,931.5,2,False,False,True,2026-09-25,0.5,81
703,4,3,30,7.5,0,False,True,False,2026-09-25,0.5,81
704,4,340,5138,2412.0,4,True,False,False,2026-09-25,0.5,81
705,4,4,2316,451.5,2,False,False,True,2026-09-25,0.5,81
706,4,8,5777,54.5,2,False,False,True,2026-09-25,0.5,81
707,4,3,1916,23.0,1,False,False,True,2026-09-25,0.5,81
708,4,3,479,116.5,3,False,False,True,2026-09-25,0.5,81
709,4,3,390,19.0,1,False,False,True,2026-09-25,0.5,81
710,4,9,5876,40.5,1,False,False,True,2026-09-25,0.5,81
711,4,3,123,89.0,2,False,False,True,2026-09-25,0.5,81
712,4,8,1669,258.5,2,False,False,True,2026-09-25,0.5,81
713,4,4,5576,942.0,3,False,False,True,2026-09-25,0.5,81
714,4,4,110,8.5,1,False,False,True,2026-09-25,0.5,81
715,4,7,2829,97.5,2,False,False,True,2026-09-25,0.5,81
716,4,63,2415,384.5,3,False,False,True,2026-09-25,0.5,81
717,4,3,26,16.5,0,False,True,False,2026-09-25,0.5,81
718,4,308,2010,830.5,4,True,False,False,2026-09-25,0.5,81
719,4,3,2949,983.0,3,False,False,True,2026-09-25,0.5,81
720,4,5,6248,36.0,1,False,False,True,2026-09-25,0.5,81
721,4,7,247,66.0,2,False,False,True,2026-09-25,0.5,81
722,4,14,8841,3573.0,2,False,False,True,2026-09-25,0.5,81
723,4,278,2022,810.0,4,True,False,False,2026-09-25,0.5,81
724,4,4,9393,134.0,2,False,False,True,2026-09-25,0.5,81
725,4,4,5967,343.5,2,False,False,True,2026-09-25,0.5,81
726,4,150,2332,221.5,4,True,False,False,2026-09-25,0.5,81
727,4,4,179,65.0,2,False,False,True,2026-09-25,0.5,81
728,4,8,81,37.5,1,False,False,True,2026-09-25,0.5,81
729,4,48,2221,856.5,3,False,False,True,2026-09-25,0.5,81
730,4,12,9751,79.5,2,False,False,True,2026-09-25,0.5,81
731,4,5,252,68.0,2,False,False,True,2026-09-25,0.5,81
732,4,21,1777,132.0,2,False,False,True,2026-09-25,0.5,81
733,4,5,5018,1412.0,2,False,False,True,2026-09-25,0.5,81
734,4,15,6162,57.5,1,False,False,True,2026-09-25,0.5,81
735,4,14,2809,162.5,3,False,False,True,2026-09-25,0.5,81
736,4,3,20,11.0,0,False,True,False,2026-09-25,0.5,81
737,4,3,1033,380.5,2,False,False,True,2026-09-25,0.5,81
738,4,6,5086,32.0,1,False,False,True,2026-09-25,0.5,81
739,4,68,9671,704.0,3,False,False,True,2026-09-25,0.5,81
740,4,3,35,18.0,0,False,True,False,2026-09-25,0.5,81
741,4,11,5181,110.5,2,False,False,True,2026-09-25,0.5,81
742,4,7,9383,38.0,1,False,False,True,2026-09-25,0.5,81
743,4,7,310,42.0,1,False,False,True,2026-09-25,0.5,81
744,4,5,558,10.5,1,False,False,True,2026-09-25,0.5,81
745,4,5,1019,219.5,2,False,False,True,2026-09-25,0.5,81
746,4,37,8412,4504.0,3,False,False,True,2026-09-25,0.5,81
747,4,19,716,379.0,2,False,False,True,2026-09-25,0.5,81
748,4,37,8878,1738.5,3,False,False,True,2026-09-25,0.5,81
749,4,3,419,9.5,1,False,False,True,2026-09-25,0.5,81
750,4,4,4062,134.0,2,False,False,True,2026-09-25,0.5,81
751,4,12,38,22.0,0,False,True,False,2026-09-25,0.5,81
752,4,8,7991,3940.0,3,False,False,True,2026-09-25,0.5,81
753,4,4,565,8.5,1,False,False,True,2026-09-25,0.5,81
754,4,226,1781,901.5,4,True,False,False,2026-09-25,0.5,81
755,4,25,9465,2441.0,3,False,False,True,2026-09-25,0.5,81
756,4,11,1112,123.5,3,False,False,True,2026-09-25,0.5,81
757,4,7,344,243.0,3,False,False,True,2026-09-25,0.5,81
758,4,4,2537,1058.5,2,False,False,True,2026-09-25,0.5,81
759,4,4,7201,99.5,2,False,False,True,2026-09-25,0.5,81
760,4,6,1873,480.0,3,False,False,True,2026-09-25,0.5,81
761,4,8,7704,33.0,1,False,False,True,2026-09-25,0.5,81
762,4,10,2422,246.5,2,False,False,True,2026-09-25,0.5,81
763,4,4,4660,5.5,1,False,False,True,2026-09-25,0.5,81
764,4,3,5939,3465.0,3,False,False,True,2026-09-25,0.5,81
765,4,3,1240,6.0,1,False,False,True,2026-09-25,0.5,81
766,4,28,7242,136.0,2,False,False,True,2026-09-25,0.5,81
767,4,5,3842,1759.0,3,False,False,True,2026-09-25,0.5,81
768,4,14,466,154.0,3,False,False,True,2026-09-25,0.5,81
769,4,3,142,20.0,1,False,False,True,2026-09-25,0.5,81
770,4,7,6323,207.0,2,False,False,True,2026-09-25,0.5,81
771,4,4,7426,610.5,2,False,False,True,2026-09-25,0.5,81
772,4,3,903,6.5,1,False,False,True,2026-09-25,0.5,81
773,4,7,4098,1034.0,2,False,False,True,2026-09-25,0.5,81
774,4,5,4876,2138.0,3,False,False,True,2026-09-25,0.5,81
775,4,44,8899,270.0,2,False,False,True,2026-09-25,0.5,81
776,4,3,100,13.5,1,False,False,True,2026-09-25,0.5,81
777,4,5,1900,234.5,2,False,False,True,2026-09-25,0.5,81
778,4,3,53,8.0,0,False,True,False,2026-09-25,0.5,81
779,4,14,5264,2594.0,3,False,False,True,2026-09-25,0.5,81
780,4,5,529,188.5,2,False,False,True,2026-09-25,0.5,81
781,4,3,188,78.5,2,False,False,True,2026-09-25,0.5,81
782,4,4,1403,26.5,1,False,False,True,2026-09-25,0.5,81
783,4,3,688,7.0,1,False,False,True,2026-09-25,0.5,81
784,4,153,6052,263.0,4,True,False,False,2026-09-25,0.5,81
785,4,5,3747,823.5,3,False,False,True,2026-09-25,0.5,81
786,4,89,3709,140.5,4,True,False,False,2026-09-25,0.5,81
787,4,8,1061,32.0,1,False,False,True,2026-09-25,0.5,81
788,4,8,1592,25.0,1,False,False,True,2026-09-25,0.5,81
789,4,12,4655,1263.0,3,False,False,True,2026-09-25,0.5,81
790,4,3,449,53.5,2,False,False,True,2026-09-25,0.5,81
791,4,18,6721,1196.0,2,False,False,True,2026-09-25,0.5,81
792,4,6,8660,9.5,1,False,False,True,2026-09-25,0.5,81
793,4,11,143,55.0,2,False,False,True,2026-09-25,0.5,81
794,4,94,2666,1269.0,4,True,False,False,2026-09-25,0.5,81
795,4,4,2885,5.5,1,False,False,True,2026-09-25,0.5,81
796,4,760,3938,1842.0,4,True,False,False,2026-09-25,0.5,81
797,4,3,447,37.5,1,False,False,True,2026-09-25,0.5,81
798,4,24,1497,150.5,2,False,False,True,2026-09-25,0.5,81
799,4,4,3958,1787.5,3,False,False,True,2026-09-25,0.5,81
800,4,45,462,103.0,3,False,False,True,2026-09-25,0.5,81
801,4,3,1920,60.0,1,False,False,True,2026-09-25,0.5,81
802,4,9,9499,105.5,2,False,False,True,2026-09-25,0.5,81
803,4,7,1127,46.0,1,False,False,True,2026-09-25,0.5,81
804,4,8,460,35.0,1,False,False,True,2026-09-25,0.5,81
805,4,5,4468,12.5,1,False,False,True,2026-09-25,0.5,81
806,4,26,3673,138.0,2,False,False,True,2026-09-25,0.5,81
807,4,39,8747,3036.0,3,False,False,True,2026-09-25,0.5,81
808,4,3,449,21.0,1,False,False,True,2026-09-25,0.5,81
809,4,3,1365,127.5,2,False,False,True,2026-09-25,0.5,81
810,4,4,1649,692.5,2,False,False,True,2026-09-25,0.5,81
811,4,31,9271,2650.5,3,False,False,True,2026-09-25,0.5,81
812,4,4,5858,554.0,3,False,False,True,2026-09-25,0.5,81
813,4,71,6191,427.5,2,False,False,True,2026-09-25,0.5,81
814,4,32,6145,673.5,3,False,False,True,2026-09-25,0.5,81
815,4,7,505,311.5,3,False,False,True,2026-09-25,0.5,81
816,4,12,661,517.5,3,False,False,True,2026-09-25,0.5,81
817,4,44,5085,121.5,3,False,False,True,2026-09-25,0.5,81
818,4,6,204,18.0,1,False,False,True,2026-09-25,0.5,81
819,4,4,3341,206.0,3,False,False,True,2026-09-25,0.5,81
820,4,29,6016,732.0,2,False,False,True,2026-09-25,0.5,81
821,4,3,2390,68.0,2,False,False,True,2026-09-25,0.5,81
822,4,3,7873,737.5,2,False,False,True,2026-09-25,0.5,81
823,4,3,7227,341.0,3,False,False,True,2026-09-25,0.5,81
824,4,11,8204,31.5,1,False,False,True,2026-09-25,0.5,81
825,4,3,116,19.5,1,False,False,True,2026-09-25,0.5,81
826,4,3,7058,1123.0,3,False,False,True,2026-09-25,0.5,81
827,4,31,3116,224.5,2,False,False,True,2026-09-25,0.5,81
828,4,3,701,247.0,2,False,False,True,2026-09-25,0.5,81
829,4,6,679,111.5,2,False,False,True,2026-09-25,0.5,81
830,4,5,461,7.5,1,False,False,True,2026-09-25,0.5,81
831,4,4,2248,603.0,2,False,False,True,2026-09-25,0.5,81
832,4,249,2295,388.0,4,True,False,False,2026-09-25,0.5,81
833,4,20,9440,3592.5,3,False,False,True,2026-09-25,0.5,81
834,4,3,9683,6.5,1,False,False,True,2026-09-25,0.5,81
835,4,5,713,5.5,1,False,False,True,2026-09-25,0.5,81
836,4,292,5866,479.5,4,True,False,False,2026-09-25,0.5,81
837,4,8,1797,1187.0,3,False,False,True,2026-09-25,0.5,81
838,4,3,80,26.5,0,False,True,False,2026-09-25,0.5,81
839,4,6,6511,134.5,2,False,False,True,2026-09-25,0.5,81
840,4,3,66,3.0,0,False,True,False,2026-09-25,0.5,81
841,4,3,4149,364.0,2,False,False,True,2026-09-25,0.5,81
842,4,4,646,11.0,1,False,False,True,2026-09-25,0.5,81
843,4,6,31,10.0,0,False,True,False,2026-09-25,0.5,81
844,4,7,706,16.0,1,False,False,True,2026-09-25,0.5,81
845,4,31,1218,895.0,3,False,False,True,2026-09-25,0.5,81
846,4,3,183,64.5,2,False,False,True,2026-09-25,0.5,81
847,4,29,9506,1087.0,2,False,False,True,2026-09-25,0.5,81
848,4,108,1583,885.5,4,True,False,False,2026-09-25,0.5,81
849,4,5,627,136.0,3,False,False,True,2026-09-25,0.5,81
850,4,511,3608,1683.5,4,True,False,False,2026-09-25,0.5,81
851,4,4,1733,55.5,2,False,False,True,2026-09-25,0.5,81
852,4,5,2396,89.0,2,False,False,True,2026-09-25,0.5,81
853,4,3,608,19.0,1,False,False,True,2026-09-25,0.5,81
854,4,66,1258,273.0,3,False,False,True,2026-09-25,0.5,81
855,4,3,4305,263.5,2,False,False,True,2026-09-25,0.5,81
856,4,6,1720,7.5,1,False,False,True,2026-09-25,0.5,81
857,4,96,1581,1072.5,4,True,False,False,2026-09-25,0.5,81
858,4,3,4712,112.0,2,False,False,True,2026-09-25,0.5,81
859,4,8,627,49.0,1,False,False,True,2026-09-25,0.5,81
860,4,3,5287,444.0,3,False,False,True,2026-09-25,0.5,81
861,4,9,1400,163.0,3,False,False,True,2026-09-25,0.5,81
862,4,4,2015,154.5,2,False,False,True,2026-09-25,0.5,81
863,4,3,2018,273.0,2,False,False,True,2026-09-25,0.5,81
864,4,13,1222,199.5,3,False,False,True,2026-09-25,0.5,81
865,4,131,2304,357.0,4,True,False,False,2026-09-25,0.5,81
866,4,4,3812,6.0,1,False,False,True,2026-09-25,0.5,81
867,4,8,54,28.0,0,False,True,False,2026-09-25,0.5,81
868,4,4,9228,3593.5,3,False,False,True,2026-09-25,0.5,81
869,4,4,3781,10.5,1,False,False,True,2026-09-25,0.5,81
870,4,9,5934,1758.5,2,False,False,True,2026-09-25,0.5,81
871,4,9,689,25.0,1,False,False,True,2026-09-25,0.5,81
872,4,98,1318,319.5,4,True,False,False,2026-09-25,0.5,81
873,4,10,269,93.0,2,False,False,True,2026-09-25,0.5,81
874,4,6,47,25.5,0,False,True,False,2026-09-25,0.5,81
875,4,7,9404,2299.5,3,False,False,True,2026-09-25,0.5,81
876,4,3,830,233.0,2,False,False,True,2026-09-25,0.5,81
877,4,18,5225,655.5,2,False,False,True,2026-09-25,0.5,81
878,4,3,245,11.5,1,False,False,True,2026-09-25,0.5,81
879,4,29,2426,145.5,2,False,False,True,2026-09-25,0.5,81
880,4,3,1619,16.5,1,False,False,True,2026-09-25,0.5,81
881,4,18,369,61.5,2,False,False,True,2026-09-25,0.5,81
882,4,3,1294,116.0,2,False,False,True,2026-09-25,0.5,81
883,4,9,8109,25.5,1,False,False,True,2026-09-25,0.5,81
884,4,113,5512,399.0,4,True,False,False,2026-09-25,0.5,81
885,4,8,4781,129.5,2,False,False,True,2026-09-25,0.5,81
886,4,28,8000,957.5,3,False,False,True,2026-09-25,0.5,81
887,4,3,381,4.0,1,False,False,True,2026-09-25,0.5,81
888,4,9,6370,1263.5,3,False,False,True,2026-09-25,0.5,81
889,4,3,911,257.0,2,False,False,True,2026-09-25,0.5,81
890,4,3,4621,1586.0,2,False,False,True,2026-09-25,0.5,81
891,4,5,3888,99.0,2,False,False,True,2026-09-25,0.5,81
892,4,8,2804,821.0,2,False,False,True,2026-09-25,0.5,81
893,4,7,9435,756.0,2,False,False,True,2026-09-25,0.5,81
894,4,73,2503,209.5,3,False,False,True,2026-09-25,0.5,81
895,4,4,5036,1797.0,2,False,False,True,2026-09-25,0.5,81
896,4,6,5122,121.5,2,False,False,True,2026-09-25,0.5,81
897,4,7,431,43.5,1,False,False,True,2026-09-25,0.5,81
898,4,6,4517,554.5,2,False,False,True,2026-09-25,0.5,81
899,4,7,8556,1047.0,2,False,False,True,2026-09-25,0.5,81
900,4,4,3878,2152.0,3,False,False,True,2026-09-25,0.5,81
901,4,623,7632,3097.5,4,True,False,False,2026-09-25,0.5,81
902,4,8,89,33.5,1,False,False,True,2026-09-25,0.5,81
903,4,6,4672,157.5,3,False,False,True,2026-09-25,0.5,81
904,4,6,294,12.5,1,False,False,True,2026-09-25,0.5,81
905,4,5,4418,2674.0,3,False,False,True,2026-09-25,0.5,81
906,4,11,506,64.5,2,False,False,True,2026-09-25,0.5,81
907,4,4,1145,295.0,2,False,False,True,2026-09-25,0.5,81
908,4,267,6467,3576.5,4,True,False,False,2026-09-25,0.5,81
909,4,6,7629,285.5,2,False,False,True,2026-09-25,0.5,81
910,4,50,844,106.0,2,False,False,True,2026-09-25,0.5,81
911,4,3,3099,145.5,2,False,False,True,2026-09-25,0.5,81
912,4,4,5467,7.0,1,False,False,True,2026-09-25,0.5,81
913,4,5,87,9.5,1,False,False,True,2026-09-25,0.5,81
914,4,4,4360,63.0,2,False,False,True,2026-09-25,0.5,81
915,4,3,50,18.5,0,False,True,False,2026-09-25,0.5,81
916,4,7,13,7.5,0,False,True,False,2026-09-25,0.5,81
917,4,5,1757,370.0,2,False,False,True,2026-09-25,0.5,81
918,4,6,211,60.0,1,False,False,True,2026-09-25,0.5,81
919,4,3,2683,502.0,3,False,False,True,2026-09-25,0.5,81
920,4,3,83,38.0,1,False,False,True,2026-09-25,0.5,81
921,4,6,87,32.0,1,False,False,True,2026-09-25,0.5,81
922,4,27,6829,1071.0,2,False,False,True,2026-09-25,0.5,81
923,4,7,649,264.5,3,False,False,True,2026-09-25,0.5,81
924,4,31,406,207.0,3,False,False,True,2026-09-25,0.5,81
925,4,6,7235,1231.0,2,False,False,True,2026-09-25,0.5,81
926,4,13,1935,211.5,3,False,False,True,2026-09-25,0.5,81
927,4,3,4839,488.0,2,False,False,True,2026-09-25,0.5,81
928,4,4,464,18.0,1,False,False,True,2026-09-25,0.5,81
929,4,5,457,7.0,1,False,False,True,2026-09-25,0.5,81
930,4,3,156,32.0,1,False,False,True,2026-09-25,0.5,81
931,4,7,1638,167.0,2,False,False,True,2026-09-25,0.5,81
932,4,25,5034,1236.0,3,False,False,True,2026-09-25,0.5,81
933,4,3,1372,220.0,2,False,False,True,2026-09-25,0.5,81
934,4,5,534,210.5,3,False,False,True,2026-09-25,0.5,81
935,4,3,4952,915.5,3,False,False,True,2026-09-25,0.5,81
936,4,4,6108,13.0,1,False,False,True,2026-09-25,0.5,81
937,4,3,4966,393.5,2,False,False,True,2026-09-25,0.5,81
938,4,4,2033,345.0,3,False,False,True,2026-09-25,0.5,81
939,4,3,5938,114.5,2,False,False,True,2026-09-25,0.5,81
940,4,33,5302,68.0,1,False,False,True,2026-09-25,0.5,81
941,4,4,1795,749.0,2,False,False,True,2026-09-25,0.5,81
942,4,5,2359,624.5,3,False,False,True,2026-09-25,0.5,81
943,4,19,3238,919.5,3,False,False,True,2026-09-25,0.5,81
944,4,21,486,150.0,3,False,False,True,2026-09-25,0.5,81
945,4,6,3198,607.5,2,False,False,True,2026-09-25,0.5,81
946,4,6,60,20.0,0,False,True,False,2026-09-25,0.5,81
947,4,4,354,12.0,1,False,False,True,2026-09-25,0.5,81
948,4,5,4288,260.0,2,False,False,True,2026-09-25,0.5,81
949,4,4,4490,1091.5,3,False,False,True,2026-09-25,0.5,81
950,4,3,8564,3685.0,2,False,False,True,2026-09-25,0.5,81
951,4,5,4304,449.0,2,False,False,True,2026-09-25,0.5,81
952,4,117,4737,1442.5,4,True,False,False,2026-09-25,0.5,81
953,4,3,1466,616.5,3,False,False,True,2026-09-25,0.5,81
954,4,5,8813,826.5,3,False,False,True,2026-09-25,0.5,81
955,4,35,8879,3857.5,3,False,False,True,2026-09-25,0.5,81
956,4,3,4009,114.0,2,False,False,True,2026-09-25,0.5,81
957,4,5,785,92.0,2,False,False,True,2026-09-25,0.5,81
958,4,33,9815,4341.5,3,False,False,True,2026-09-25,0.5,81
959,4,3,2542,554.5,2,False,False,True,2026-09-25,0.5,81
960,4,3,9777,3244.0,2,False,False,True,2026-09-25,0.5,81
961,4,4,6746,11.0,1,False,False,True,2026-09-25,0.5,81
962,4,57,8859,266.0,3,False,False,True,2026-09-25,0.5,81
963,4,22,836,515.0,3,False,False,True,2026-09-25,0.5,81
964,4,392,8966,674.0,4,True,False,False,2026-09-25,0.5,81
965,4,3,188,100.5,2,False,False,True,2026-09-25,0.5,81
966,4,11,7024,178.0,2,False,False,True,2026-09-25,0.5,81
967,4,3,5054,65.5,2,False,False,True,2026-09-25,0.5,81
968,4,3,4010,11.0,1,False,False,True,2026-09-25,0.5,81
969,4,9,4579,129.0,3,False,False,True,2026-09-25,0.5,81
970,4,3,3213,254.5,3,False,False,True,2026-09-25,0.5,81
971,4,14,3692,352.5,2,False,False,True,2026-09-25,0.5,81
972,4,3,129,7.0,1,False,False,True,2026-09-25,0.5,81
973,4,3,3530,1502.0,3,False,False,True,2026-09-25,0.5,81
974,4,7,1031,518.5,3,False,False,True,2026-09-25,0.5,81
975,4,3,2305,27.5,1,False,False,True,2026-09-25,0.5,81
976,4,6,246,221.5,3,False,False,True,2026-09-25,0.5,81
977,4,3,374,154.5,2,False,False,True,2026-09-25,0.5,81
978,4,9,4771,1911.0,3,False,False,True,2026-09-25,0.5,81
979,4,4,1807,13.5,1,False,False,True,2026-09-25,0.5,81
980,4,9,2054,380.5,2,False,False,True,2026-09-25,0.5,81
981,4,5,144,18.5,1,False,False,True,2026-09-25,0.5,81
982,4,7,5711,68.5,2,False,False,True,2026-09-25,0.5,81
983,4,6,5531,940.5,2,False,False,True,2026-09-25,0.5,81
984,4,7,259,63.0,2,False,False,True,2026-09-25,0.5,81
985,4,6,1036,510.0,3,False,False,True,2026-09-25,0.5,81
986,4,8,979,106.0,2,False,False,True,2026-09-25,0.5,81
987,4,6,2852,563.0,2,False,False,True,2026-09-25,0.5,81
988,4,15,2855,777.5,3,False,False,True,2026-09-25,0.5,81
989,4,8,739,207.5,2,False,False,True,2026-09-25,0.5,81
990,4,6,94,7.5,1,False,False,True,2026-09-25,0.5,81
991,4,4,108,22.5,1,False,False,True,2026-09-25,0.5,81
992,4,78,2680,452.5,3,False,False,True,2026-09-25,0.5,81
993,4,3,2687,513.5,2,False,False,True,2026-09-25,0.5,81
994,4,3,8057,4904.5,3,False,False,True,2026-09-25,0.5,81
995,4,3,318,208.0,3,False,False,True,2026-09-25,0.5,81
996,4,13,2664,633.0,2,False,False,True,2026-09-25,0.5,81
997,4,14,471,105.5,2,False,False,True,2026-09-25,0.5,81
998,4,25,4933,2015.0,3,False,False,True,2026-09-25,0.5,81
999,4,6,524,61.5,2,False,False,True,2026-09-25,0.5,81
1000,4,9,3784,1121.0,2,False,False,True,2026-09-25,0.5,81
1001,4,297,943,525.5,4,True,False,False,2026-09-25,0.5,81
1002,4,3,136,29.0,1,False,False,True,2026-09-25,0.5,81
1003,4,7,3639,836.5,3,False,False,True,2026-09-25,0.5,81
1004,4,4,3346,897.5,3,False,False,True,2026-09-25,0.5,81
1005,4,3,4365,338.5,2,False,False,True,2026-09-25,0.5,81
1006,4,61,342,207.5,3,False,False,True,2026-09-25,0.5,81
1007,4,3,1713,179.5,3,False,False,True,2026-09-25,0.5,81
1008,4,9,4697,254.5,2,False,False,True,2026-09-25,0.5,81
1009,4,6,2629,790.0,3,False,False,True,2026-09-25,0.5,81
1010,4,15,456,48.0,1,False,False,True,2026-09-25,0.5,81
1011,4,3,173,42.5,2,False,False,True,2026-09-25,0.5,81
1012,4,111,6205,592.5,4,True,False,False,2026-09-25,0.5,81
1013,4,53,1787,152.5,3,False,False,True,2026-09-25,0.5,81
1014,4,4,5124,1048.0,2,False,False,True,2026-09-25,0.5,81
1015,4,3,4338,31.0,1,False,False,True,2026-09-25,0.5,81
1016,4,96,1183,330.0,4,True,False,False,2026-09-25,0.5,81
1017,4,3,2263,8.0,1,False,False,True,2026-09-25,0.5,81
1018,4,6,1081,431.0,2,False,False,True,2026-09-25,0.5,81
1019,4,40,489,118.5,3,False,False,True,2026-09-25,0.5,81
1020,4,4,3172,529.5,3,False,False,True,2026-09-25,0.5,81
1021,4,6,342,33.5,1,False,False,True,2026-09-25,0.5,81
1022,4,10,1123,641.0,3,False,False,True,2026-09-25,0.5,81
1023,4,3,1405,5.5,1,False,False,True,2026-09-25,0.5,81
1024,4,108,5130,463.5,4,True,False,False,2026-09-25,0.5,81
1025,4,4,4360,1116.5,3,False,False,True,2026-09-25,0.5,81
1026,4,86,2863,163.5,4,True,False,False,2026-09-25,0.5,81
1027,4,8,84,19.0,1,False,False,True,2026-09-25,0.5,81
1028,4,4,423,94.0,2,False,False,True,2026-09-25,0.5,81
1029,4,7,1190,252.5,2,False,False,True,2026-09-25,0.5,81
1030,4,26,606,187.0,2,False,False,True,2026-09-25,0.5,81
1031,4,4,28,18.5,0,False,True,False,2026-09-25,0.5,81
1032,4,64,2614,1142.5,3,False,False,True,2026-09-25,0.5,81
1033,4,1011,7619,3367.0,4,True,False,False,2026-09-25,0.5,81
1034,4,4,740,286.5,2,False,False,True,2026-09-25,0.5,81
1035,4,3,661,51.5,2,False,False,True,2026-09-25,0.5,81
1036,4,5,828,296.0,2,False,False,True,2026-09-25,0.5,81
1037,4,10,816,95.0,2,False,False,True,2026-09-25,0.5,81
1038,4,3,7726,12.0,1,False,False,True,2026-09-25,0.5,81
1039,4,194,3080,1116.5,4,True,False,False,2026-09-25,0.5,81
1040,4,8,2601,20.0,1,False,False,True,2026-09-25,0.5,81
1041,4,7,39,34.5,0,False,True,False,2026-09-25,0.5,81
1042,4,3,6225,8.5,1,False,False,True,2026-09-25,0.5,81
1043,4,3,1515,284.5,2,False,False,True,2026-09-25,0.5,81
1044,4,5,4726,653.5,3,False,False,True,2026-09-25,0.5,81
1045,4,5,1593,36.5,1,False,False,True,2026-09-25,0.5,81
1046,4,3,542,52.5,2,False,False,True,2026-09-25,0.5,81
1047,4,12,7247,29.0,1,False,False,True,2026-09-25,0.5,81
1048,4,45,3482,423.0,2,False,False,True,2026-09-25,0.5,81
1049,4,3,139,11.0,1,False,False,True,2026-09-25,0.5,81
1050,4,7,304,90.5,3,False,False,True,2026-09-25,0.5,81
1051,4,5,2211,414.0,2,False,False,True,2026-09-25,0.5,81
1052,4,9,9725,4641.0,3,False,False,True,2026-09-25,0.5,81
1053,4,3,396,107.5,2,False,False,True,2026-09-25,0.5,81
1054,4,3,793,19.5,1,False,False,True,2026-09-25,0.5,81
1055,4,16,620,228.0,2,False,False,True,2026-09-25,0.5,81
1056,4,18,5747,1392.5,2,False,False,True,2026-09-25,0.5,81
1057,4,4,134,57.0,2,False,False,True,2026-09-25,0.5,81
1058,4,9,5684,45.0,1,False,False,True,2026-09-25,0.5,81
1059,4,21,3698,344.5,2,False,False,True,2026-09-25,0.5,81
1060,4,3,3288,325.0,2,False,False,True,2026-09-25,0.5,81
1061,4,5,2754,1440.5,3,False,False,True,2026-09-25,0.5,81
1062,4,9,5210,203.0,2,False,False,True,2026-09-25,0.5,81
1063,4,36,4500,2086.0,3,False,False,True,2026-09-25,0.5,81
1064,4,3,6813,18.5,1,False,False,True,2026-09-25,0.5,81
1065,4,14,5545,178.0,2,False,False,True,2026-09-25,0.5,81
1066,4,3,9395,21.0,1,False,False,True,2026-09-25,0.5,81
1067,4,4,3524,1705.5,3,False,False,True,2026-09-25,0.5,81
1068,4,3,82,12.5,1,False,False,True,2026-09-25,0.5,81
1069,4,3,7757,245.0,2,False,False,True,2026-09-25,0.5,81
1070,4,15,459,76.5,2,False,False,True,2026-09-25,0.5,81
1071,4,5,2600,49.5,1,False,False,True,2026-09-25,0.5,81
1072,4,1317,2141,1474.0,4,True,False,False,2026-09-25,0.5,81
1073,4,3,1668,109.0,2,False,False,True,2026-09-25,0.5,81
1074,4,6,875,223.5,2,False,False,True,2026-09-25,0.5,81
1075,4,21,5322,1816.5,3,False,False,True,2026-09-25,0.5,81
1076,4,4,3146,157.5,2,False,False,True,2026-09-25,0.5,81
1077,4,5,7348,106.5,2,False,False,True,2026-09-25,0.5,81
1078,4,5,2316,786.0,2,False,False,True,2026-09-25,0.5,81
1079,4,9,442,137.0,3,False,False,True,2026-09-25,0.5,81
1080,4,10,5240,376.5,2,False,False,True,2026-09-25,0.5,81
1081,4,166,718,628.0,4,True,False,False,2026-09-25,0.5,81
1082,4,3,265,77.0,2,False,False,True,2026-09-25,0.5,81
1083,4,3,4185,414.5,3,False,False,True,2026-09-25,0.5,81
1084,4,5,2688,48.5,1,False,False,True,2026-09-25,0.5,81
1085,4,5,997,214.5,2,False,False,True,2026-09-25,0.5,81
1086,4,20,4993,73.5,2,False,False,True,2026-09-25,0.5,81
1087,4,394,3649,1150.5,4,True,False,False,2026-09-25,0.5,81
1088,4,31,9503,121.5,3,False,False,True,2026-09-25,0.5,81
1089,4,17,4691,192.0,3,False,False,True,2026-09-25,0.5,81
1090,4,26,5098,1997.0,3,False,False,True,2026-09-25,0.5,81
1091,4,3,1933,156.0,2,False,False,True,2026-09-25,0.5,81
1092,4,7,829,325.0,3,False,False,True,2026-09-25,0.5,81
1093,4,5,1107,103.0,3,False,False,True,2026-09-25,0.5,81
1094,4,14,1240,33.0,1,False,False,True,2026-09-25,0.5,81
1095,4,3,130,9.0,1,False,False,True,2026-09-25,0.5,81
1096,4,3,1610,32.5,1,False,False,True,2026-09-25,0.5,81
1097,4,6,1332,92.5,2,False,False,True,2026-09-25,0.5,81
1098,4,8,3973,73.0,1,False,False,True,2026-09-25,0.5,81
1099,4,8,553,28.5,1,False,False,True,2026-09-25,0.5,81
1100,4,237,8890,1669.0,4,True,False,False,2026-09-25,0.5,81
1101,4,5,2894,13.5,1,False,False,True,2026-09-25,0.5,81
1102,4,3,8894,8.0,1,False,False,True,2026-09-25,0.5,81
1103,4,3,1512,9.0,1,False,False,True,2026-09-25,0.5,81
1104,4,7,3779,60.0,1,False,False,True,2026-09-25,0.5,81
1105,4,4,1727,213.5,2,False,False,True,2026-09-25,0.5,81
1106,4,4,9653,651.0,2,False,False,True,2026-09-25,0.5,81
1107,4,11,9815,534.0,3,False,False,True,2026-09-25,0.5,81
1108,4,3,5519,321.5,2,False,False,True,2026-09-25,0.5,81
1109,4,22,174,85.0,2,False,False,True,2026-09-25,0.5,81
1110,4,24,591,383.5,3,False,False,True,2026-09-25,0.5,81
1111,4,3,3069,19.5,1,False,False,True,2026-09-25,0.5,81
1112,4,8,7029,1624.5,2,False,False,True,2026-09-25,0.5,81
1113,4,4,456,26.0,1,False,False,True,2026-09-25,0.5,81
1114,4,13,6647,64.0,2,False,False,True,2026-09-25,0.5,81
1115,4,3,1839,750.0,3,False,False,True,2026-09-25,0.5,81
1116,4,20,3715,46.5,1,False,False,True,2026-09-25,0.5,81
1117,4,4,221,22.0,1,False,False,True,2026-09-25,0.5,81
1118,4,18,4930,112.5,2,False,False,True,2026-09-25,0.5,81
1119,4,9,2286,600.5,3,False,False,True,2026-09-25,0.5,81
1120,4,12,3007,484.5,2,False,False,True,2026-09-25,0.5,81
1121,4,19,5414,1064.5,3,False,False,True,2026-09-25,0.5,81
1122,4,3,903,437.5,2,False,False,True,2026-09-25,0.5,81
1123,4,5,3466,25.5,1,False,False,True,2026-09-25,0.5,81
1124,4,5,6346,28.5,1,False,False,True,2026-09-25,0.5,81
1125,4,7,1338,127.5,2,False,False,True,2026-09-25,0.5,81
1126,4,3,6437,315.5,2,False,False,True,2026-09-25,0.5,81
1127,4,13,4930,519.0,3,False,False,True,2026-09-25,0.5,81
1128,4,3,2772,30.0,1,False,False,True,2026-09-25,0.5,81
1129,4,7,47,7.5,0,False,True,False,2026-09-25,0.5,81
1130,4,4,439,14.0,1,False,False,True,2026-09-25,0.5,81
1131,4,89,8753,2893.5,4,True,False,False,2026-09-25,0.5,81
1132,4,32,4740,875.5,3,False,False,True,2026-09-25,0.5,81
1133,4,5,2348,1259.0,3,False,False,True,2026-09-25,0.5,81
1134,4,6,1340,6.5,1,False,False,True,2026-09-25,0.5,81
1135,4,3,6045,259.5,2,False,False,True,2026-09-25,0.5,81
1136,4,6,8534,180.5,3,False,False,True,2026-09-25,0.5,81
1137,4,4,4425,1167.5,2,False,False,True,2026-09-25,0.5,81
1138,4,17,168,60.5,1,False,False,True,2026-09-25,0.5,81
1139,4,6,2498,1139.5,2,False,False,True,2026-09-25,0.5,81
1140,4,526,6823,920.0,4,True,False,False,2026-09-25,0.5,81
1141,4,5,203,10.0,1,False,False,True,2026-09-25,0.5,81
1142,4,7,1977,384.0,2,False,False,True,2026-09-25,0.5,81
1143,4,13,9542,2156.0,2,False,False,True,2026-09-25,0.5,81
1144,4,4,4907,73.5,2,False,False,True,2026-09-25,0.5,81
1145,4,94,7475,3389.0,4,True,False,False,2026-09-25,0.5,81
1146,4,7,4798,196.0,3,False,False,True,2026-09-25,0.5,81
1147,4,38,7111,1680.0,2,False,False,True,2026-09-25,0.5,81
1148,4,3,15,6.5,0,False,True,False,2026-09-25,0.5,81
1149,4,5,750,78.5,2,False,False,True,2026-09-25,0.5,81
1150,4,11,2165,75.5,2,False,False,True,2026-09-25,0.5,81
1151,4,6,5700,370.0,2,False,False,True,2026-09-25,0.5,81
1152,4,9,1339,120.0,2,False,False,True,2026-09-25,0.5,81
1153,4,3,5504,840.5,2,False,False,True,2026-09-25,0.5,81
1154,4,62,5649,287.0,3,False,False,True,2026-09-25,0.5,81
1155,4,3,261,9.5,1,False,False,True,2026-09-25,0.5,81
1156,4,67,3695,1117.5,3,False,False,True,2026-09-25,0.5,81
1157,4,4,4050,15.0,1,False,False,True,2026-09-25,0.5,81
1158,4,3,210,64.5,2,False,False,True,2026-09-25,0.5,81
1159,4,228,3669,2051.5,4,True,False,False,2026-09-25,0.5,81
1160,4,3,3776,1025.5,3,False,False,True,2026-09-25,0.5,81
1161,4,3,184,15.0,1,False,False,True,2026-09-25,0.5,81
1162,4,3,578,145.0,2,False,False,True,2026-09-25,0.5,81
1163,4,7,271,77.5,2,False,False,True,2026-09-25,0.5,81
1164,4,7,7659,43.0,1,False,False,True,2026-09-25,0.5,81
1165,4,20,3545,224.0,3,False,False,True,2026-09-25,0.5,81
1166,4,63,4389,982.5,3,False,False,True,2026-09-25,0.5,81
1167,4,3,1304,115.0,3,False,False,True,2026-09-25,0.5,81
1168,4,4,3527,256.5,3,False,False,True,2026-09-25,0.5,81
1169,4,6,2362,123.5,3,False,False,True,2026-09-25,0.5,81
1170,4,43,507,104.0,2,False,False,True,2026-09-25,0.5,81
1171,4,3,466,176.0,2,False,False,True,2026-09-25,0.5,81
1172,4,13,3560,121.5,3,False,False,True,2026-09-25,0.5,81
1173,4,13,993,89.0,2,False,False,True,2026-09-25,0.5,81
1174,4,4,4563,57.5,2,False,False,True,2026-09-25,0.5,81
1175,4,5,8631,5458.5,3,False,False,True,2026-09-25,0.5,81
1176,4,23,2914,448.5,3,False,False,True,2026-09-25,0.5,81
1177,4,4,142,5.5,1,False,False,True,2026-09-25,0.5,81
1178,4,5,6572,133.0,2,False,False,True,2026-09-25,0.5,81
1179,4,35,9160,7102.0,3,False,False,True,2026-09-25,0.5,81
1180,4,12,8221,1880.0,3,False,False,True,2026-09-25,0.5,81
1181,4,46,441,159.5,2,False,False,True,2026-09-25,0.5,81
1182,4,218,4822,1267.0,4,True,False,False,2026-09-25,0.5,81
1183,4,3,1313,111.5,2,False,False,True,2026-09-25,0.5,81
1184,4,14,49,25.0,0,False,True,False,2026-09-25,0.5,81
1185,4,8,100,46.0,1,False,False,True,2026-09-25,0.5,81
1186,4,5,115,24.5,1,False,False,True,2026-09-25,0.5,81
1187,4,9,396,141.5,2,False,False,True,2026-09-25,0.5,81
1188,4,43,3632,1430.0,3,False,False,True,2026-09-25,0.5,81
1189,4,3,5608,134.5,2,False,False,True,2026-09-25,0.5,81
1190,4,7,71,12.5,0,False,True,False,2026-09-25,0.5,81
1191,4,3,2437,824.5,2,False,False,True,2026-09-25,0.5,81
1192,4,3,4841,647.0,2,False,False,True,2026-09-25,0.5,81
1193,4,5,7970,6.5,1,False,False,True,2026-09-25,0.5,81
1194,4,17,9957,3228.5,3,False,False,True,2026-09-25,0.5,81
1195,4,3,2239,268.5,2,False,False,True,2026-09-25,0.5,81
1196,4,7,699,9.0,1,False,False,True,2026-09-25,0.5,81
1197,4,5,2278,189.5,2,False,False,True,2026-09-25,0.5,81
1198,4,6,689,24.0,1,False,False,True,2026-09-25,0.5,81
1199,4,5,4473,894.0,2,False,False,True,2026-09-25,0.5,81
1200,4,3,3635,339.0,3,False,False,True,2026-09-25,0.5,81
1201,4,5,356,204.5,2,False,False,True,2026-09-25,0.5,81
1202,4,7,6686,3312.5,2,False,False,True,2026-09-25,0.5,81
1203,4,17,156,72.0,2,False,False,True,2026-09-25,0.5,81
1204,4,10,9218,1821.5,3,False,False,True,2026-09-25,0.5,81
1205,4,6,1660,15.5,1,False,False,True,2026-09-25,0.5,81
1206,4,9,3729,1078.5,3,False,False,True,2026-09-25,0.5,81
1207,4,11,79,26.0,0,False,True,False,2026-09-25,0.5,81
1208,4,6,373,10.5,1,False,False,True,2026-09-25,0.5,81
1209,4,9,217,85.0,2,False,False,True,2026-09-25,0.5,81
1210,4,3,2798,10.0,1,False,False,True,2026-09-25,0.5,81
1211,4,9,802,75.0,2,False,False,True,2026-09-25,0.5,81
1212,4,9,6943,3188.5,3,False,False,True,2026-09-25,0.5,81
1213,4,10,6279,4128.0,3,False,False,True,2026-09-25,0.5,81
1214,4,7,4393,18.5,1,False,False,True,2026-09-25,0.5,81
1215,4,3,1268,5.0,1,False,False,True,2026-09-25,0.5,81
1216,4,4,5572,2253.5,3,False,False,True,2026-09-25,0.5,81
1217,4,49,4629,985.0,3,False,False,True,2026-09-25,0.5,81
1218,4,4,8663,281.5,3,False,False,True,2026-09-25,0.5,81
1219,4,4,617,41.0,1,False,False,True,2026-09-25,0.5,81
1220,4,64,144,89.0,2,False,False,True,2026-09-25,0.5,81
1221,4,3,4177,53.0,2,False,False,True,2026-09-25,0.5,81
1222,4,9,343,55.0,2,False,False,True,2026-09-25,0.5,81
1223,4,3,4884,843.5,2,False,False,True,2026-09-25,0.5,81
1224,4,4,2634,20.5,1,False,False,True,2026-09-25,0.5,81
1225,4,17,9870,1944.5,3,False,False,True,2026-09-25,0.5,81
1226,4,16,1791,534.5,3,False,False,True,2026-09-25,0.5,81
1227,4,3,1546,264.5,3,False,False,True,2026-09-25,0.5,81
1228,4,9,452,100.0,2,False,False,True,2026-09-25,0.5,81
1229,4,4,7178,795.5,3,False,False,True,2026-09-25,0.5,81
1230,4,4,1452,61.5,1,False,False,True,2026-09-25,0.5,81
1231,4,3,1975,24.5,1,False,False,True,2026-09-25,0.5,81
1232,4,32,5372,150.0,2,False,False,True,2026-09-25,0.5,81
1233,4,29,3983,178.5,2,False,False,True,2026-09-25,0.5,81
1234,4,3,1586,38.0,1,False,False,True,2026-09-25,0.5,81
1235,4,3,76,42.0,0,False,True,False,2026-09-25,0.5,81
1236,4,5,1573,748.0,2,False,False,True,2026-09-25,0.5,81
1237,4,18,1010,117.5,2,False,False,True,2026-09-25,0.5,81
1238,4,4,805,7.5,1,False,False,True,2026-09-25,0.5,81
1239,4,11,3871,1087.0,3,False,False,True,2026-09-25,0.5,81
1240,4,3,72,11.5,0,False,True,False,2026-09-25,0.5,81
1241,4,45,971,74.0,1,False,False,True,2026-09-25,0.5,81
1242,4,12,9197,4786.0,3,False,False,True,2026-09-25,0.5,81
1243,4,58,4910,2479.5,3,False,False,True,2026-09-25,0.5,81
1244,4,3,3363,12.0,1,False,False,True,2026-09-25,0.5,81
1245,4,554,4588,1050.0,4,True,False,False,2026-09-25,0.5,81
1246,4,42,3346,665.5,3,False,False,True,2026-09-25,0.5,81
1247,4,17,1052,278.5,3,False,False,True,2026-09-25,0.5,81
1248,4,49,2699,545.0,3,False,False,True,2026-09-25,0.5,81
1249,4,5,8001,57.0,2,False,False,True,2026-09-25,0.5,81
1250,4,3,4936,826.5,2,False,False,True,2026-09-25,0.5,81
1251,4,22,1422,197.0,2,False,False,True,2026-09-25,0.5,81
1252,4,5,3228,662.5,2,False,False,True,2026-09-25,0.5,81
1253,4,8,7707,1176.0,3,False,False,True,2026-09-25,0.5,81
1254,4,3,100,17.5,1,False,False,True,2026-09-25,0.5,81
1255,4,5,8115,9.0,1,False,False,True,2026-09-25,0.5,81
1256,4,7,3270,80.5,2,False,False,True,2026-09-25,0.5,81
1257,4,3,5512,12.5,1,False,False,True,2026-09-25,0.5,81
1258,4,53,657,103.5,2,False,False,True,2026-09-25,0.5,81
1259,4,15,1895,1097.5,3,False,False,True,2026-09-25,0.5,81
1260,4,3,1340,555.0,2,False,False,True,2026-09-25,0.5,81
1261,4,3,3315,517.5,2,False,False,True,2026-09-25,0.5,81
1262,4,691,9098,798.0,4,True,False,False,2026-09-25,0.5,81
1263,4,7,6075,1657.5,3,False,False,True,2026-09-25,0.5,81
1264,4,4,7579,3016.5,3,False,False,True,2026-09-25,0.5,81
1265,4,13,195,80.5,2,False,False,True,2026-09-25,0.5,81
1266,4,9,1610,350.0,3,False,False,True,2026-09-25,0.5,81
1267,4,5,4933,132.5,2,False,False,True,2026-09-25,0.5,81
1268,4,5,6713,2316.0,2,False,False,True,2026-09-25,0.5,81
1269,4,4,351,73.0,2,False,False,True,2026-09-25,0.5,81
1270,4,4,1139,28.5,1,False,False,True,2026-09-25,0.5,81
1271,4,3,9937,145.5,3,False,False,True,2026-09-25,0.5,81
1272,4,50,455,76.5,2,False,False,True,2026-09-25,0.5,81
1273,4,6,926,181.0,3,False,False,True,2026-09-25,0.5,81
1274,4,20,759,269.5,3,False,False,True,2026-09-25,0.5,81
1275,4,4,4430,8.0,1,False,False,True,2026-09-25,0.5,81
1276,4,4,4047,8.5,1,False,False,True,2026-09-25,0.5,81
1277,4,3,149,22.0,1,False,False,True,2026-09-25,0.5,81
1278,4,7,2472,572.0,2,False,False,True,2026-09-25,0.5,81
1279,4,7,6281,24.5,1,False,False,True,2026-09-25,0.5,81
1280,4,5,3157,784.0,3,False,False,True,2026-09-25,0.5,81
1281,4,3,212,16.5,1,False,False,True,2026-09-25,0.5,81
1282,4,7,464,236.5,3,False,False,True,2026-09-25,0.5,81
1283,4,9,1026,318.0,3,False,False,True,2026-09-25,0.5,81
1284,4,8,8993,252.0,2,False,False,True,2026-09-25,0.5,81
1285,4,15,1668,31.0,1,False,False,True,2026-09-25,0.5,81
1286,4,6,7703,70.0,2,False,False,True,2026-09-25,0.5,81
1287,4,4,3155,274.5,2,False,False,True,2026-09-25,0.5,81
1288,4,61,8156,589.5,3,False,False,True,2026-09-25,0.5,81
1289,4,5,148,61.0,2,False,False,True,2026-09-25,0.5,81
1290,4,77,5400,413.0,3,False,False,True,2026-09-25,0.5,81
1291,4,183,6891,699.0,4,True,False,False,2026-09-25,0.5,81
1292,4,8,2162,332.0,2,False,False,True,2026-09-25,0.5,81
1293,4,4,7680,4.5,1,False,False,True,2026-09-25,0.5,81
1294,4,3,564,68.0,2,False,False,True,2026-09-25,0.5,81
1295,4,6,5051,141.0,3,False,False,True,2026-09-25,0.5,81
1296,4,15,8785,3343.0,3,False,False,True,2026-09-25,0.5,81
1297,4,6,503,48.0,1,False,False,True,2026-09-25,0.5,81
1298,4,8,7345,565.5,2,False,False,True,2026-09-25,0.5,81
1299,4,57,275,166.5,3,False,False,True,2026-09-25,0.5,81
1300,4,9,9075,920.0,2,False,False,True,2026-09-25,0.5,81
1301,4,3,1821,886.5,3,False,False,True,2026-09-25,0.5,81
1302,4,3,6815,210.5,3,False,False,True,2026-09-25,0.5,81
1303,4,5,2521,64.0,2,False,False,True,2026-09-25,0.5,81
1304,4,14,1483,23.0,1,False,False,True,2026-09-25,0.5,81
1305,4,3,2287,9.0,1,False,False,True,2026-09-25,0.5,81
1306,4,3,5983,64.5,1,False,False,True,2026-09-25,0.5,81
1307,4,7,3608,253.0,3,False,False,True,2026-09-25,0.5,81
1308,4,5,1936,452.0,3,False,False,True,2026-09-25,0.5,81
1309,4,40,4953,155.5,3,False,False,True,2026-09-25,0.5,81
1310,4,4,1018,446.5,2,False,False,True,2026-09-25,0.5,81
1311,4,122,4820,2368.0,4,True,False,False,2026-09-25,0.5,81
1312,4,4,7588,87.5,2,False,False,True,2026-09-25,0.5,81
1313,4,8,7306,323.5,3,False,False,True,2026-09-25,0.5,81
1314,4,5,5422,1305.0,2,False,False,True,2026-09-25,0.5,81
1315,4,6,739,46.5,1,False,False,True,2026-09-25,0.5,81
1316,4,5,2282,126.5,3,False,False,True,2026-09-25,0.5,81
1317,4,8,90,39.0,1,False,False,True,2026-09-25,0.5,81
1318,4,5,1362,511.0,3,False,False,True,2026-09-25,0.5,81
1319,4,140,3212,1466.0,4,True,False,False,2026-09-25,0.5,81
1320,4,39,5571,277.5,2,False,False,True,2026-09-25,0.5,81
1321,4,5,1602,309.5,2,False,False,True,2026-09-25,0.5,81
1322,4,4,272,58.5,2,False,False,True,2026-09-25,0.5,81
1323,4,9,8102,1721.5,2,False,False,True,2026-09-25,0.5,81
1324,4,4,1789,584.5,2,False,False,True,2026-09-25,0.5,81
1325,4,5,365,145.0,2,False,False,True,2026-09-25,0.5,81
1326,4,9,258,44.5,1,False,False,True,2026-09-25,0.5,81
1327,4,13,2217,2129.5,3,False,False,True,2026-09-25,0.5,81
1328,4,4,666,158.0,2,False,False,True,2026-09-25,0.5,81
1329,4,5,1309,10.0,1,False,False,True,2026-09-25,0.5,81
1330,4,98,4853,697.5,4,True,False,False,2026-09-25,0.5,81
1331,4,4,2016,202.0,2,False,False,True,2026-09-25,0.5,81
1332,4,9,91,12.0,1,False,False,True,2026-09-25,0.5,81
1333,4,4,152,45.5,2,False,False,True,2026-09-25,0.5,81
1334,4,5,1412,599.5,2,False,False,True,2026-09-25,0.5,81
1335,4,6,9,8.0,0,False,True,False,2026-09-25,0.5,81
1336,4,4,1510,725.5,2,False,False,True,2026-09-25,0.5,81
1337,4,3,2715,124.0,2,False,False,True,2026-09-25,0.5,81
1338,4,4,1310,9.0,1,False,False,True,2026-09-25,0.5,81
1339,4,3,7360,1057.5,2,False,False,True,2026-09-25,0.5,81
1340,4,28,5159,469.0,3,False,False,True,2026-09-25,0.5,81
1341,4,5,3225,36.5,1,False,False,True,2026-09-25,0.5,81
1342,4,5,21,9.5,0,False,True,False,2026-09-25,0.5,81
1343,4,5,1544,202.0,2,False,False,True,2026-09-25,0.5,81
1344,4,8,4060,16.5,1,False,False,True,2026-09-25,0.5,81
1345,4,11,1790,360.0,3,False,False,True,2026-09-25,0.5,81
1346,4,3,265,37.5,1,False,False,True,2026-09-25,0.5,81
1347,4,10,7994,2270.5,3,False,False,True,2026-09-25,0.5,81
1348,4,3,1292,367.5,3,False,False,True,2026-09-25,0.5,81
1349,4,3,618,31.0,1,False,False,True,2026-09-25,0.5,81
1350,4,4,1291,518.0,2,False,False,True,2026-09-25,0.5,81
1351,4,10,917,43.0,1,False,False,True,2026-09-25,0.5,81
1352,4,31,2135,140.0,3,False,False,True,2026-09-25,0.5,81
1353,4,10,5617,873.0,3,False,False,True,2026-09-25,0.5,81
1354,4,997,9473,1544.5,4,True,False,False,2026-09-25,0.5,81
1355,4,4,52,7.0,0,False,True,False,2026-09-25,0.5,81
1356,4,24,1047,59.5,2,False,False,True,2026-09-25,0.5,81
1357,4,4,1778,155.0,2,False,False,True,2026-09-25,0.5,81
1358,4,6,761,23.5,1,False,False,True,2026-09-25,0.5,81
1359,4,4,222,85.5,2,False,False,True,2026-09-25,0.5,81
1360,4,86,8784,658.0,4,True,False,False,2026-09-25,0.5,81
1361,4,3,4260,1019.0,2,False,False,True,2026-09-25,0.5,81
1362,4,3,496,228.5,2,False,False,True,2026-09-25,0.5,81
1363,4,6,518,86.0,2,False,False,True,2026-09-25,0.5,81
1364,4,4,51,7.0,0,False,True,False,2026-09-25,0.5,81
1365,4,3,1453,231.5,2,False,False,True,2026-09-25,0.5,81
1366,4,40,236,156.0,3,False,False,True,2026-09-25,0.5,81
1367,4,4,109,9.0,1,False,False,True,2026-09-25,0.5,81
1368,4,8,518,18.0,1,False,False,True,2026-09-25,0.5,81
1369,4,3,9946,18.0,1,False,False,True,2026-09-25,0.5,81
1370,4,4,314,93.5,2,False,False,True,2026-09-25,0.5,81
1371,4,3,2646,15.0,1,False,False,True,2026-09-25,0.5,81
1372,4,9,749,191.0,2,False,False,True,2026-09-25,0.5,81
1373,4,6,301,27.0,1,False,False,True,2026-09-25,0.5,81
1374,4,5,226,11.5,1,False,False,True,2026-09-25,0.5,81
1375,4,19,843,130.0,3,False,False,True,2026-09-25,0.5,81
1376,4,3,5512,1846.0,2,False,False,True,2026-09-25,0.5,81
1377,4,59,2520,911.5,3,False,False,True,2026-09-25,0.5,81
1378,4,4,57,29.5,0,False,True,False,2026-09-25,0.5,81
1379,4,6,399,131.5,3,False,False,True,2026-09-25,0.5,81
1380,4,3,6689,950.5,3,False,False,True,2026-09-25,0.5,81
1381,4,3,8272,5.0,1,False,False,True,2026-09-25,0.5,81
1382,4,7,290,152.5,2,False,False,True,2026-09-25,0.5,81
1383,4,147,9649,3165.5,4,True,False,False,2026-09-25,0.5,81
1384,4,60,5196,326.0,3,False,False,True,2026-09-25,0.5,81
1385,4,5,5541,403.5,3,False,False,True,2026-09-25,0.5,81
1386,4,3,4754,10.5,1,False,False,True,2026-09-25,0.5,81
1387,4,4,114,16.5,1,False,False,True,2026-09-25,0.5,81
1388,4,8,5987,1889.5,2,False,False,True,2026-09-25,0.5,81
1389,4,3,85,4.0,1,False,False,True,2026-09-25,0.5,81
1390,4,16,7351,224.5,3,False,False,True,2026-09-25,0.5,81
1391,4,3,767,341.5,3,False,False,True,2026-09-25,0.5,81
1392,4,18,8390,2466.5,2,False,False,True,2026-09-25,0.5,81
1393,4,4,133,33.0,1,False,False,True,2026-09-25,0.5,81
1394,4,8,1398,747.0,3,False,False,True,2026-09-25,0.5,81
1395,4,3,4057,1205.5,3,False,False,True,2026-09-25,0.5,81
1396,4,3,2603,23.0,1,False,False,True,2026-09-25,0.5,81
1397,4,14,2431,240.0,2,False,False,True,2026-09-25,0.5,81
1398,4,5,87,5.5,1,False,False,True,2026-09-25,0.5,81
1399,4,11,258,70.0,2,False,False,True,2026-09-25,0.5,81
1400,4,16,3082,561.5,2,False,False,True,2026-09-25,0.5,81
1401,4,3,8471,1169.5,2,False,False,True,2026-09-25,0.5,81
1402,4,5,3193,631.5,3,False,False,True,2026-09-25,0.5,81
1403,4,3,3374,1268.0,3,False,False,True,2026-09-25,0.5,81
1404,4,5,5385,1302.5,3,False,False,True,2026-09-25,0.5,81
1405,4,4,6555,1081.0,2,False,False,True,2026-09-25,0.5,81
1406,4,4,8209,869.0,3,False,False,True,2026-09-25,0.5,81
1407,4,9,961,434.5,2,False,False,True,2026-09-25,0.5,81
1408,4,9,2350,816.5,2,False,False,True,2026-09-25,0.5,81
1409,4,70,306,143.5,3,False,False,True,2026-09-25,0.5,81
1410,4,6,2359,35.0,1,False,False,True,2026-09-25,0.5,81
1411,4,5,5301,749.0,2,False,False,True,2026-09-25,0.5,81
1412,4,24,452,204.0,2,False,False,True,2026-09-25,0.5,81
1413,4,8,992,174.5,2,False,False,True,2026-09-25,0.5,81
1414,4,4,143,56.0,2,False,False,True,2026-09-25,0.5,81
1415,4,29,3034,472.5,3,False,False,True,2026-09-25,0.5,81
1416,4,3,5975,7.0,1,False,False,True,2026-09-25,0.5,81
1417,4,7,399,43.0,1,False,False,True,2026-09-25,0.5,81
1418,4,33,1124,370.5,2,False,False,True,2026-09-25,0.5,81
1419,4,10,418,12.5,1,False,False,True,2026-09-25,0.5,81
1420,4,8,4214,21.0,1,False,False,True,2026-09-25,0.5,81
1421,4,4,665,335.0,3,False,False,True,2026-09-25,0.5,81
1422,4,3,5271,1148.0,2,False,False,True,2026-09-25,0.5,81
1423,4,4,2096,60.0,2,False,False,True,2026-09-25,0.5,81
1424,4,7,5798,760.0,3,False,False,True,2026-09-25,0.5,81
1425,4,3,2584,31.5,1,False,False,True,2026-09-25,0.5,81
1426,4,7,1877,467.0,3,False,False,True,2026-09-25,0.5,81
1427,4,105,2645,766.0,4,True,False,False,2026-09-25,0.5,81
1428,4,3,5203,302.5,2,False,False,True,2026-09-25,0.5,81
1429,4,3,6298,1439.0,3,False,False,True,2026-09-25,0.5,81
1430,4,3,584,60.5,1,False,False,True,2026-09-25,0.5,81
1431,4,12,426,225.0,2,False,False,True,2026-09-25,0.5,81
1432,4,3,755,51.0,1,False,False,True,2026-09-25,0.5,81
1433,4,14,413,130.5,2,False,False,True,2026-09-25,0.5,81
1434,4,5,8887,268.5,2,False,False,True,2026-09-25,0.5,81
1435,4,5,421,8.5,1,False,False,True,2026-09-25,0.5,81
1436,4,4,5331,26.5,1,False,False,True,2026-09-25,0.5,81
1437,4,5,2372,120.5,2,False,False,True,2026-09-25,0.5,81
1438,4,6,475,98.0,2,False,False,True,2026-09-25,0.5,81
1439,4,17,3656,500.0,3,False,False,True,2026-09-25,0.5,81
1440,4,17,5067,241.5,3,False,False,True,2026-09-25,0.5,81
1441,4,8,529,58.5,2,False,False,True,2026-09-25,0.5,81
1442,4,8,524,194.5,2,False,False,True,2026-09-25,0.5,81
1443,4,44,2742,2418.0,3,False,False,True,2026-09-25,0.5,81
1444,4,4,3972,1337.5,2,False,False,True,2026-09-25,0.5,81
1445,4,4,487,145.0,3,False,False,True,2026-09-25,0.5,81
1446,4,41,5914,93.0,2,False,False,True,2026-09-25,0.5,81
1447,4,4,29,14.0,0,False,True,False,2026-09-25,0.5,81
1448,4,5,26,13.5,0,False,True,False,2026-09-25,0.5,81
1449,4,73,539,303.5,3,False,False,True,2026-09-25,0.5,81
1450,4,6,9152,15.5,1,False,False,True,2026-09-25,0.5,81
1451,4,4,70,41.0,0,False,True,False,2026-09-25,0.5,81
1452,4,5,2509,152.5,2,False,False,True,2026-09-25,0.5,81
1453,4,8,3192,98.0,2,False,False,True,2026-09-25,0.5,81
1454,4,3,5550,1543.0,3,False,False,True,2026-09-25,0.5,81
1455,4,5,3554,216.0,2,False,False,True,2026-09-25,0.5,81
1456,4,17,4762,2239.0,3,False,False,True,2026-09-25,0.5,81
1457,4,3,6008,206.0,2,False,False,True,2026-09-25,0.5,81
1458,4,77,7660,1006.5,3,False,False,True,2026-09-25,0.5,81
1459,4,3,6589,2586.5,2,False,False,True,2026-09-25,0.5,81
1460,4,4,6603,1028.5,3,False,False,True,2026-09-25,0.5,81
1461,4,5,1141,80.0,2,False,False,True,2026-09-25,0.5,81
1462,4,29,1008,451.0,3,False,False,True,2026-09-25,0.5,81
1463,4,5,341,58.5,2,False,False,True,2026-09-25,0.5,81
1464,4,5,337,29.5,1,False,False,True,2026-09-25,0.5,81
1465,4,5,1282,358.0,2,False,False,True,2026-09-25,0.5,81
1466,4,4,8616,377.0,2,False,False,True,2026-09-25,0.5,81
1467,4,3,14,3.5,0,False,True,False,2026-09-25,0.5,81
1468,4,5,94,48.5,2,False,False,True,2026-09-25,0.5,81
1469,4,35,1515,189.0,3,False,False,True,2026-09-25,0.5,81
1470,4,3,3918,3.5,1,False,False,True,2026-09-25,0.5,81
1471,4,6,816,47.5,2,False,False,True,2026-09-25,0.5,81
1472,4,3,281,10.0,1,False,False,True,2026-09-25,0.5,81
1473,4,7,516,30.0,1,False,False,True,2026-09-25,0.5,81
1474,4,4,3300,1236.0,3,False,False,True,2026-09-25,0.5,81
1475,4,16,7344,150.5,2,False,False,True,2026-09-25,0.5,81
1476,4,47,923,254.5,3,False,False,True,2026-09-25,0.5,81
1477,4,3,5942,1470.0,3,False,False,True,2026-09-25,0.5,81
1478,4,3,579,248.0,3,False,False,True,2026-09-25,0.5,81
1479,4,3,2664,1234.0,2,False,False,True,2026-09-25,0.5,81
1480,4,3,19,12.0,0,False,True,False,2026-09-25,0.5,81
1481,4,16,9120,4910.0,3,False,False,True,2026-09-25,0.5,81
1482,4,8,1069,249.0,2,False,False,True,2026-09-25,0.5,81
1483,4,18,3526,765.0,2,False,False,True,2026-09-25,0.5,81
1484,4,3,930,6.0,1,False,False,True,2026-09-25,0.5,81
1485,4,4,2690,80.0,2,False,False,True,2026-09-25,0.5,81
1486,4,3,55,19.0,0,False,True,False,2026-09-25,0.5,81
1487,4,3,199,5.0,1,False,False,True,2026-09-25,0.5,81
1488,4,3,3095,79.5,2,False,False,True,2026-09-25,0.5,81
1489,4,16,7665,92.0,2,False,False,True,2026-09-25,0.5,81
1490,4,308,8957,6393.5,4,True,False,False,2026-09-25,0.5,81
1491,4,3,3673,724.0,3,False,False,True,2026-09-25,0.5,81
1492,4,5,774,170.5,2,False,False,True,2026-09-25,0.5,81
1493,4,5,1338,192.5,3,False,False,True,2026-09-25,0.5,81
1494,4,3,7363,61.5,1,False,False,True,2026-09-25,0.5,81
1495,4,5,124,20.0,1,False,False,True,2026-09-25,0.5,81
1496,4,16,2475,23.5,1,False,False,True,2026-09-25,0.5,81
1497,4,5,2810,37.5,1,False,False,True,2026-09-25,0.5,81
1498,4,3,422,50.5,2,False,False,True,2026-09-25,0.5,81
1499,4,3,6,4.0,0,False,True,False,2026-09-25,0.5,81
1500,4,5,8222,1786.5,2,False,False,True,2026-09-25,0.5,81
1501,4,2203,4352,2849.0,4,True,False,False,2026-09-25,0.5,81
1502,4,30,1592,495.0,3,False,False,True,2026-09-25,0.5,81
1503,4,5,2269,186.0,2,False,False,True,2026-09-25,0.5,81
1504,4,5,4635,746.0,3,False,False,True,2026-09-25,0.5,81
1505,4,4,1989,34.0,1,False,False,True,2026-09-25,0.5,81
1506,4,4,39,14.5,0,False,True,False,2026-09-25,0.5,81
1507,4,10,4330,1257.5,2,False,False,True,2026-09-25,0.5,81
1508,4,3,6152,6.0,1,False,False,True,2026-09-25,0.5,81
1509,4,6,948,44.5,2,False,False,True,2026-09-25,0.5,81
1510,4,11,6736,193.5,3,False,False,True,2026-09-25,0.5,81
1511,4,3,6336,3453.5,3,False,False,True,2026-09-25,0.5,81
1512,4,6,448,168.0,3,False,False,True,2026-09-25,0.5,81
1513,4,4,7581,30.5,1,False,False,True,2026-09-25,0.5,81
1514,4,31,4699,167.0,3,False,False,True,2026-09-25,0.5,81
1515,4,8,356,142.5,3,False,False,True,2026-09-25,0.5,81
1516,4,4,16,9.0,0,False,True,False,2026-09-25,0.5,81
1517,4,8,9152,160.5,2,False,False,True,2026-09-25,0.5,81
1518,4,8,162,11.5,1,False,False,True,2026-09-25,0.5,81
1519,4,3,1320,384.5,2,False,False,True,2026-09-25,0.5,81
1520,4,561,5165,1144.0,4,True,False,False,2026-09-25,0.5,81
1521,4,43,574,249.0,3,False,False,True,2026-09-25,0.5,81
1522,4,339,3837,1310.5,4,True,False,False,2026-09-25,0.5,81
1523,4,4,4901,1858.5,3,False,False,True,2026-09-25,0.5,81
1524,4,8,3603,56.5,2,False,False,True,2026-09-25,0.5,81
1525,4,26,283,42.5,1,False,False,True,2026-09-25,0.5,81
1526,4,3,17,10.0,0,False,True,False,2026-09-25,0.5,81
1527,4,30,4144,621.5,3,False,False,True,2026-09-25,0.5,81
1528,4,6,50,19.5,0,False,True,False,2026-09-25,0.5,81
1529,4,3,1134,714.5,3,False,False,True,2026-09-25,0.5,81
1530,4,3,5821,8.0,1,False,False,True,2026-09-25,0.5,81
1531,4,6,242,19.5,1,False,False,True,2026-09-25,0.5,81
1532,4,3,212,72.5,2,False,False,True,2026-09-25,0.5,81
1533,4,159,1567,1009.5,4,True,False,False,2026-09-25,0.5,81
1534,4,5,93,39.0,1,False,False,True,2026-09-25,0.5,81
1535,4,27,8792,754.0,2,False,False,True,2026-09-25,0.5,81
1536,4,8,8015,1042.5,3,False,False,True,2026-09-25,0.5,81
1537,4,8,425,151.0,2,False,False,True,2026-09-25,0.5,81
1538,4,3,144,31.0,1,False,False,True,2026-09-25,0.5,81
1539,4,4,689,427.0,3,False,False,True,2026-09-25,0.5,81
1540,4,4,6584,52.0,1,False,False,True,2026-09-25,0.5,81
1541,4,4,5281,2498.5,3,False,False,True,2026-09-25,0.5,81
1542,4,5,6550,2611.0,3,False,False,True,2026-09-25,0.5,81
1543,4,4,5002,226.5,3,False,False,True,2026-09-25,0.5,81
1544,4,5,3073,217.0,3,False,False,True,2026-09-25,0.5,81
1545,4,24,2008,1215.5,3,False,False,True,2026-09-25,0.5,81
1546,4,17,6590,965.5,3,False,False,True,2026-09-25,0.5,81
1547,4,9,180,100.0,2,False,False,True,2026-09-25,0.5,81
1548,4,8,50,24.0,0,False,True,False,2026-09-25,0.5,81
1549,4,3,5965,168.5,2,False,False,True,2026-09-25,0.5,81
1550,4,6,165,26.0,1,False,False,True,2026-09-25,0.5,81
1551,4,49,7862,216.0,3,False,False,True,2026-09-25,0.5,81
1552,4,3,34,9.0,0,False,True,False,2026-09-25,0.5,81
1553,4,18,4681,239.0,2,False,False,True,2026-09-25,0.5,81
1554,4,3,3711,8.0,1,False,False,True,2026-09-25,0.5,81
1555,4,3,308,108.5,2,False,False,True,2026-09-25,0.5,81
1556,4,3,6484,1119.5,2,False,False,True,2026-09-25,0.5,81
1557,4,3,588,43.0,2,False,False,True,2026-09-25,0.5,81
1558,4,12,83,45.0,1,False,False,True,2026-09-25,0.5,81
1559,4,19,2241,199.5,3,False,False,True,2026-09-25,0.5,81
1560,4,5,5067,1006.0,3,False,False,True,2026-09-25,0.5,81
1561,4,19,1087,44.5,1,False,False,True,2026-09-25,0.5,81
1562,4,3,4157,23.0,1,False,False,True,2026-09-25,0.5,81
1563,4,7,9087,1134.5,2,False,False,True,2026-09-25,0.5,81
1564,4,3,1226,104.0,2,False,False,True,2026-09-25,0.5,81
1565,4,40,8118,1392.5,3,False,False,True,2026-09-25,0.5,81
1566,4,6,6348,3505.5,3,False,False,True,2026-09-25,0.5,81
1567,4,3,2910,22.0,1,False,False,True,2026-09-25,0.5,81
1568,4,8,316,155.5,2,False,False,True,2026-09-25,0.5,81
1569,4,4,865,20.0,1,False,False,True,2026-09-25,0.5,81
1570,4,5,395,25.0,1,False,False,True,2026-09-25,0.5,81
1571,4,3,209,5.5,1,False,False,True,2026-09-25,0.5,81
1572,4,4,3142,274.0,2,False,False,True,2026-09-25,0.5,81
1573,4,4,4839,22.5,1,False,False,True,2026-09-25,0.5,81
1574,4,3,529,13.0,1,False,False,True,2026-09-25,0.5,81
1575,4,7,1656,73.5,2,False,False,True,2026-09-25,0.5,81
1576,4,106,3065,1788.5,4,True,False,False,2026-09-25,0.5,81
1577,4,5,9206,1512.5,3,False,False,True,2026-09-25,0.5,81
1578,4,49,3211,305.0,3,False,False,True,2026-09-25,0.5,81
1579,4,4,42,18.0,0,False,True,False,2026-09-25,0.5,81
1580,4,9,2630,37.5,1,False,False,True,2026-09-25,0.5,81
1581,4,9,272,53.0,2,False,False,True,2026-09-25,0.5,81
1582,4,39,2609,653.5,2,False,False,True,2026-09-25,0.5,81
1583,4,4,2488,420.0,3,False,False,True,2026-09-25,0.5,81
1584,4,3,566,70.5,2,False,False,True,2026-09-25,0.5,81
1585,4,91,3438,180.5,4,True,False,False,2026-09-25,0.5,81
1586,4,3,594,225.5,3,False,False,True,2026-09-25,0.5,81
1587,4,4,3666,726.5,3,False,False,True,2026-09-25,0.5,81
1588,4,31,160,102.0,2,False,False,True,2026-09-25,0.5,81
1589,4,45,609,172.0,3,False,False,True,2026-09-25,0.5,81
1590,4,33,947,257.5,3,False,False,True,2026-09-25,0.5,81
1591,4,3,951,12.5,1,False,False,True,2026-09-25,0.5,81
1592,4,3,1080,239.0,3,False,False,True,2026-09-25,0.5,81
1593,4,3,73,6.0,0,False,True,False,2026-09-25,0.5,81
1594,4,5,1086,229.0,2,False,False,True,2026-09-25,0.5,81
1595,4,11,5386,2167.0,3,False,False,True,2026-09-25,0.5,81
1596,4,3,5990,950.5,2,False,False,True,2026-09-25,0.5,81
1597,4,4,1317,61.5,2,False,False,True,2026-09-25,0.5,81
1598,4,5,9731,70.0,2,False,False,True,2026-09-25,0.5,81
1599,4,4,3373,741.0,3,False,False,True,2026-09-25,0.5,81
1600,4,34,9250,590.5,3,False,False,True,2026-09-25,0.5,81
1601,4,16,5442,1173.5,2,False,False,True,2026-09-25,0.5,81
1602,4,4,765,61.0,1,False,False,True,2026-09-25,0.5,81
1603,4,3,4110,48.5,1,False,False,True,2026-09-25,0.5,81
1604,4,3,5455,73.5,2,False,False,True,2026-09-25,0.5,81
1605,4,6,2492,501.5,2,False,False,True,2026-09-25,0.5,81
1606,4,236,7194,2606.5,4,True,False,False,2026-09-25,0.5,81
1607,4,3,1725,262.0,2,False,False,True,2026-09-25,0.5,81
1608,4,1372,4388,3372.0,4,True,False,False,2026-09-25,0.5,81
1609,4,14,1752,1524.0,3,False,False,True,2026-09-25,0.5,81
1610,4,4,4633,202.0,2,False,False,True,2026-09-25,0.5,81
1611,4,3,625,11.5,1,False,False,True,2026-09-25,0.5,81
1612,4,388,7387,3072.5,4,True,False,False,2026-09-25,0.5,81
1613,4,6,9055,3507.0,2,False,False,True,2026-09-25,0.5,81
1614,4,174,387,280.5,4,True,False,False,2026-09-25,0.5,81
1615,4,9,186,58.5,2,False,False,True,2026-09-25,0.5,81
1616,4,3,1189,19.0,1,False,False,True,2026-09-25,0.5,81
1617,4,3,9304,25.0,1,False,False,True,2026-09-25,0.5,81
1618,4,3,405,11.0,1,False,False,True,2026-09-25,0.5,81
1619,4,3,311,12.0,1,False,False,True,2026-09-25,0.5,81
1620,4,3,27,17.5,0,False,True,False,2026-09-25,0.5,81
1621,4,4,60,24.0,0,False,True,False,2026-09-25,0.5,81
1622,4,3,73,5.0,0,False,True,False,2026-09-25,0.5,81
1623,4,9,1657,740.5,2,False,False,True,2026-09-25,0.5,81
1624,4,7,5979,1484.5,2,False,False,True,2026-09-25,0.5,81
1625,4,10,660,463.5,3,False,False,True,2026-09-25,0.5,81
1626,4,17,49,30.0,0,False,True,False,2026-09-25,0.5,81
1627,4,4,2626,617.0,2,False,False,True,2026-09-25,0.5,81
1628,4,175,5806,673.5,4,True,False,False,2026-09-25,0.5,81
1629,4,6,354,152.5,2,False,False,True,2026-09-25,0.5,81
1630,4,14,7997,2093.5,2,False,False,True,2026-09-25,0.5,81
1631,4,3,2911,84.0,2,False,False,True,2026-09-25,0.5,81
1632,4,3,5364,1396.0,2,False,False,True,2026-09-25,0.5,81
1633,4,3,11,6.5,0,False,True,False,2026-09-25,0.5,81
1634,4,15,1586,256.5,2,False,False,True,2026-09-25,0.5,81
1635,4,12,8770,2054.5,3,False,False,True,2026-09-25,0.5,81
1636,4,4,31,7.0,0,False,True,False,2026-09-25,0.5,81
1637,4,21,3396,1080.5,3,False,False,True,2026-09-25,0.5,81
1638,4,6,83,18.0,1,False,False,True,2026-09-25,0.5,81
1639,4,6,3538,102.5,2,False,False,True,2026-09-25,0.5,81
1640,4,6,601,34.5,1,False,False,True,2026-09-25,0.5,81
1641,4,7,905,200.5,2,False,False,True,2026-09-25,0.5,81
1642,4,3853,7823,5581.0,4,True,False,False,2026-09-25,0.5,81
1643,4,3,7302,2308.0,2,False,False,True,2026-09-25,0.5,81
1644,4,200,6916,4006.0,4,True,False,False,2026-09-25,0.5,81
1645,4,4,2184,186.0,3,False,False,True,2026-09-25,0.5,81
1646,4,49,5028,832.5,3,False,False,True,2026-09-25,0.5,81
1647,4,3,388,160.0,2,False,False,True,2026-09-25,0.5,81
1648,4,3,5605,103.5,2,False,False,True,2026-09-25,0.5,81
1649,4,4,1038,104.0,2,False,False,True,2026-09-25,0.5,81
1650,4,5,31,17.5,0,False,True,False,2026-09-25,0.5,81
1651,4,4,643,11.5,1,False,False,True,2026-09-25,0.5,81
1652,4,3,8388,3445.5,2,False,False,True,2026-09-25,0.5,81
1653,4,7,3861,26.5,1,False,False,True,2026-09-25,0.5,81
1654,4,4,4979,108.0,2,False,False,True,2026-09-25,0.5,81
1655,4,41,9170,1291.5,2,False,False,True,2026-09-25,0.5,81
1656,4,223,622,297.0,4,True,False,False,2026-09-25,0.5,81
1657,4,3,7370,6.5,1,False,False,True,2026-09-25,0.5,81
1658,4,3,380,61.0,2,False,False,True,2026-09-25,0.5,81
1659,4,5,1987,922.5,2,False,False,True,2026-09-25,0.5,81
1660,4,6,3254,10.5,1,False,False,True,2026-09-25,0.5,81
1661,4,20,2805,369.0,3,False,False,True,2026-09-25,0.5,81
1662,4,6,9978,149.5,2,False,False,True,2026-09-25,0.5,81
1663,4,14,392,198.0,2,False,False,True,2026-09-25,0.5,81
1664,4,6,3342,10.5,1,False,False,True,2026-09-25,0.5,81
1665,4,31,9083,3611.5,3,False,False,True,2026-09-25,0.5,81
1666,4,6,428,15.0,1,False,False,True,2026-09-25,0.5,81
1667,4,3,9805,313.5,3,False,False,True,2026-09-25,0.5,81
1668,4,72,755,560.5,3,False,False,True,2026-09-25,0.5,81
1669,4,45,2548,1015.0,3,False,False,True,2026-09-25,0.5,81
1670,4,8,4565,228.0,3,False,False,True,2026-09-25,0.5,81
1671,4,5,3796,164.0,2,False,False,True,2026-09-25,0.5,81
1672,4,9,370,118.0,2,False,False,True,2026-09-25,0.5,81
1673,4,3,654,81.0,2,False,False,True,2026-09-25,0.5,81
1674,4,46,4648,1021.0,3,False,False,True,2026-09-25,0.5,81
1675,4,3,533,51.5,2,False,False,True,2026-09-25,0.5,81
1676,4,10,144,65.0,2,False,False,True,2026-09-25,0.5,81
1677,4,4,1121,109.0,2,False,False,True,2026-09-25,0.5,81
1678,4,3,3074,68.0,2,False,False,True,2026-09-25,0.5,81
1679,4,3,734,14.5,1,False,False,True,2026-09-25,0.5,81
1680,4,4,478,209.5,2,False,False,True,2026-09-25,0.5,81
1681,4,215,8022,4859.5,4,True,False,False,2026-09-25,0.5,81
1682,4,4,9656,422.5,2,False,False,True,2026-09-25,0.5,81
1683,4,4,57,7.5,0,False,True,False,2026-09-25,0.5,81
1684,4,4,271,24.5,1,False,False,True,2026-09-25,0.5,81
1685,4,4,2758,52.0,2,False,False,True,2026-09-25,0.5,81
1686,4,5,1813,374.0,2,False,False,True,2026-09-25,0.5,81
1687,4,3,4703,841.0,2,False,False,True,2026-09-25,0.5,81
1688,4,3,2384,33.5,1,False,False,True,2026-09-25,0.5,81
1689,4,3,234,16.0,1,False,False,True,2026-09-25,0.5,81
1690,4,236,3626,1858.0,4,True,False,False,2026-09-25,0.5,81
1691,4,4,7735,1188.5,3,False,False,True,2026-09-25,0.5,81
1692,4,4,828,367.5,3,False,False,True,2026-09-25,0.5,81
1693,4,8,2506,289.0,3,False,False,True,2026-09-25,0.5,81
1694,4,125,9608,3210.0,4,True,False,False,2026-09-25,0.5,81
1695,4,3,4939,41.0,1,False,False,True,2026-09-25,0.5,81
1696,4,3,2507,224.5,3,False,False,True,2026-09-25,0.5,81
1697,4,6,184,33.5,1,False,False,True,2026-09-25,0.5,81
1698,4,8,2418,80.0,2,False,False,True,2026-09-25,0.5,81
1699,4,3,36,13.5,0,False,True,False,2026-09-25,0.5,81
1700,4,3,1384,732.5,3,False,False,True,2026-09-25,0.5,81
1701,4,5,1874,33.5,1,False,False,True,2026-09-25,0.5,81
1702,4,3,233,106.5,2,False,False,True,2026-09-25,0.5,81
1703,4,225,3833,2098.0,4,True,False,False,2026-09-25,0.5,81
1704,4,26,741,436.0,3,False,False,True,2026-09-25,0.5,81
1705,4,11,2536,312.0,3,False,False,True,2026-09-25,0.5,81
1706,4,155,5899,197.0,4,True,False,False,2026-09-25,0.5,81
1707,4,32,3966,88.5,2,False,False,True,2026-09-25,0.5,81
1708,4,3,3099,43.5,1,False,False,True,2026-09-25,0.5,81
1709,4,17,7653,632.5,2,False,False,True,2026-09-25,0.5,81
1710,4,4,5992,18.5,1,False,False,True,2026-09-25,0.5,81
1711,4,134,4599,1319.5,4,True,False,False,2026-09-25,0.5,81
1712,4,16,1790,104.0,2,False,False,True,2026-09-25,0.5,81
1713,4,10,68,27.5,0,False,True,False,2026-09-25,0.5,81
1714,4,9,611,545.0,3,False,False,True,2026-09-25,0.5,81
1715,4,6,4554,1385.0,2,False,False,True,2026-09-25,0.5,81
1716,4,5,6198,2289.0,2,False,False,True,2026-09-25,0.5,81
1717,4,3,9575,5.0,1,False,False,True,2026-09-25,0.5,81
1718,4,400,5323,2741.5,4,True,False,False,2026-09-25,0.5,81
1719,4,59,9455,2461.5,3,False,False,True,2026-09-25,0.5,81
1720,4,4,8570,312.0,2,False,False,True,2026-09-25,0.5,81
1721,4,5,6524,410.0,3,False,False,True,2026-09-25,0.5,81
1722,4,7,543,241.5,2,False,False,True,2026-09-25,0.5,81
1723,4,5,7901,151.5,3,False,False,True,2026-09-25,0.5,81
1724,4,3,495,83.0,2,False,False,True,2026-09-25,0.5,81
1725,4,4,105,27.0,1,False,False,True,2026-09-25,0.5,81
1726,4,8,8392,92.0,2,False,False,True,2026-09-25,0.5,81
1727,4,25,814,412.0,3,False,False,True,2026-09-25,0.5,81
1728,4,45,746,451.0,3,False,False,True,2026-09-25,0.5,81
1729,4,26,1147,130.5,2,False,False,True,2026-09-25,0.5,81
1730,4,3,1759,92.0,2,False,False,True,2026-09-25,0.5,81
1731,4,14,246,17.5,1,False,False,True,2026-09-25,0.5,81
1732,4,3,512,136.5,2,False,False,True,2026-09-25,0.5,81
1733,4,3,1685,473.0,2,False,False,True,2026-09-25,0.5,81
1734,4,6,849,48.5,2,False,False,True,2026-09-25,0.5,81
1735,4,3,556,13.0,1,False,False,True,2026-09-25,0.5,81
1736,4,7,3190,26.5,1,False,False,True,2026-09-25,0.5,81
1737,4,3,4100,313.5,2,False,False,True,2026-09-25,0.5,81
1738,4,26,523,99.5,2,False,False,True,2026-09-25,0.5,81
1739,4,4,35,19.0,0,False,True,False,2026-09-25,0.5,81
1740,4,3,929,115.0,2,False,False,True,2026-09-25,0.5,81
1741,4,12,1306,524.0,2,False,False,True,2026-09-25,0.5,81
1742,4,4,3552,56.0,2,False,False,True,2026-09-25,0.5,81
1743,4,14,6006,22.0,1,False,False,True,2026-09-25,0.5,81
1744,4,7,6544,29.5,1,False,False,True,2026-09-25,0.5,81
1745,4,4,6024,17.5,1,False,False,True,2026-09-25,0.5,81
1746,4,6,50,28.0,0,False,True,False,2026-09-25,0.5,81
1747,4,5,161,8.0,1,False,False,True,2026-09-25,0.5,81
1748,4,3,48,24.5,0,False,True,False,2026-09-25,0.5,81
1749,4,5,26,10.5,0,False,True,False,2026-09-25,0.5,81
1750,4,11,2794,942.5,3,False,False,True,2026-09-25,0.5,81
1751,4,32,9643,1261.5,3,False,False,True,2026-09-25,0.5,81
1752,4,41,6373,1218.0,3,False,False,True,2026-09-25,0.5,81
1753,4,5,1107,576.0,3,False,False,True,2026-09-25,0.5,81
1754,4,6,3741,1008.5,3,False,False,True,2026-09-25,0.5,81
1755,4,3,566,120.0,2,False,False,True,2026-09-25,0.5,81
1756,4,3,78,6.0,0,False,True,False,2026-09-25,0.5,81
1757,4,3,759,398.5,3,False,False,True,2026-09-25,0.5,81
1758,4,6,3379,485.5,3,False,False,True,2026-09-25,0.5,81
1759,4,3,2881,48.5,2,False,False,True,2026-09-25,0.5,81
1760,4,6,130,21.5,1,False,False,True,2026-09-25,0.5,81
1761,4,5,1986,60.5,2,False,False,True,2026-09-25,0.5,81
1762,4,14,812,301.5,2,False,False,True,2026-09-25,0.5,81
1763,4,3,9245,6414.5,3,False,False,True,2026-09-25,0.5,81
1764,4,4,835,27.5,1,False,False,True,2026-09-25,0.5,81
1765,4,3,525,109.0,2,False,False,True,2026-09-25,0.5,81
1766,4,11,103,55.5,2,False,False,True,2026-09-25,0.5,81
1767,4,22,7719,269.5,3,False,False,True,2026-09-25,0.5,81
1768,4,8,40,22.0,0,False,True,False,2026-09-25,0.5,81
1769,4,5,1639,13.0,1,False,False,True,2026-09-25,0.5,81
1770,4,12,4876,204.5,2,False,False,True,2026-09-25,0.5,81
1771,4,4,886,385.0,3,False,False,True,2026-09-25,0.5,81
1772,4,183,9141,1433.0,4,True,False,False,2026-09-25,0.5,81
1773,4,4,3838,1500.0,2,False,False,True,2026-09-25,0.5,81
1774,4,32,445,51.5,1,False,False,True,2026-09-25,0.5,81
1775,4,4,1055,100.5,2,False,False,True,2026-09-25,0.5,81
1776,4,3,413,33.5,1,False,False,True,2026-09-25,0.5,81
1777,4,14,1607,856.0,3,False,False,True,2026-09-25,0.5,81
1778,4,4,189,37.0,1,False,False,True,2026-09-25,0.5,81
1779,4,4,1020,21.0,1,False,False,True,2026-09-25,0.5,81
1780,4,8,3075,217.5,2,False,False,True,2026-09-25,0.5,81
1781,4,3,4222,19.5,1,False,False,True,2026-09-25,0.5,81
1782,4,5,9820,43.0,1,False,False,True,2026-09-25,0.5,81
1783,4,4,2587,117.5,3,False,False,True,2026-09-25,0.5,81
1784,4,64,7622,231.5,3,False,False,True,2026-09-25,0.5,81
1785,4,3,727,146.5,2,False,False,True,2026-09-25,0.5,81
1786,4,41,8864,3413.0,3,False,False,True,2026-09-25,0.5,81
1787,4,3,2336,494.5,3,False,False,True,2026-09-25,0.5,81
1788,4,9,764,320.0,3,False,False,True,2026-09-25,0.5,81
1789,4,5,510,119.5,2,False,False,True,2026-09-25,0.5,81
1790,4,10,2380,1656.0,3,False,False,True,2026-09-25,0.5,81
1791,4,35,1910,189.5,2,False,False,True,2026-09-25,0.5,81
1792,4,9,3504,188.5,3,False,False,True,2026-09-25,0.5,81
1793,4,3,5993,89.5,2,False,False,True,2026-09-25,0.5,81
1794,4,78,2431,1138.5,3,False,False,True,2026-09-25,0.5,81
1795,4,631,2971,1291.0,4,True,False,False,2026-09-25,0.5,81
1796,4,4,1925,529.5,2,False,False,True,2026-09-25,0.5,81
1797,4,209,8336,1542.5,4,True,False,False,2026-09-25,0.5,81
1798,4,5,195,25.5,1,False,False,True,2026-09-25,0.5,81
1799,4,8,5190,1389.0,2,False,False,True,2026-09-25,0.5,81
1800,4,22,5561,117.0,2,False,False,True,2026-09-25,0.5,81
1801,4,9,9260,463.5,3,False,False,True,2026-09-25,0.5,81
1802,4,6,707,141.5,2,False,False,True,2026-09-25,0.5,81
1803,4,5,4751,550.5,2,False,False,True,2026-09-25,0.5,81
1804,4,41,1098,233.0,3,False,False,True,2026-09-25,0.5,81
1805,4,5,7685,260.0,2,False,False,True,2026-09-25,0.5,81
1806,4,3,737,393.0,3,False,False,True,2026-09-25,0.5,81
1807,4,38,2911,427.0,2,False,False,True,2026-09-25,0.5,81
1808,4,94,3500,597.5,4,True,False,False,2026-09-25,0.5,81
1809,4,3,2127,5.0,1,False,False,True,2026-09-25,0.5,81
1810,4,3,768,295.0,3,False,False,True,2026-09-25,0.5,81
1811,4,57,7008,1031.0,3,False,False,True,2026-09-25,0.5,81
1812,4,7,7187,433.0,2,False,False,True,2026-09-25,0.5,81
1813,4,12,5560,1921.5,3,False,False,True,2026-09-25,0.5,81
1814,4,4,2102,74.5,2,False,False,True,2026-09-25,0.5,81
1815,4,5,105,7.5,1,False,False,True,2026-09-25,0.5,81
1816,4,8,1760,124.5,2,False,False,True,2026-09-25,0.5,81
1817,4,3,6861,19.5,1,False,False,True,2026-09-25,0.5,81
1818,4,7,2355,67.5,2,False,False,True,2026-09-25,0.5,81
1819,4,50,9836,2242.0,3,False,False,True,2026-09-25,0.5,81
1820,4,45,1857,582.0,3,False,False,True,2026-09-25,0.5,81
1821,4,4,136,67.0,2,False,False,True,2026-09-25,0.5,81
1822,4,35,3135,189.0,3,False,False,True,2026-09-25,0.5,81
1823,4,5,8430,29.0,1,False,False,True,2026-09-25,0.5,81
1824,4,25,3718,203.5,2,False,False,True,2026-09-25,0.5,81
1825,4,5,6730,804.5,3,False,False,True,2026-09-25,0.5,81
1826,4,16,292,78.5,2,False,False,True,2026-09-25,0.5,81
1827,4,3,9835,2988.0,3,False,False,True,2026-09-25,0.5,81
1828,4,3,9410,119.5,2,False,False,True,2026-09-25,0.5,81
1829,4,4,9404,2562.0,3,False,False,True,2026-09-25,0.5,81
1830,4,4,3263,699.0,3,False,False,True,2026-09-25,0.5,81
1831,4,6,824,251.5,2,False,False,True,2026-09-25,0.5,81
1832,4,7,4523,2229.5,3,False,False,True,2026-09-25,0.5,81
1833,4,5,438,30.5,1,False,False,True,2026-09-25,0.5,81
1834,4,3,7470,38.0,1,False,False,True,2026-09-25,0.5,81
1835,4,3,8613,2155.0,3,False,False,True,2026-09-25,0.5,81
1836,4,5,1340,29.5,1,False,False,True,2026-09-25,0.5,81
1837,4,3,99,17.5,1,False,False,True,2026-09-25,0.5,81
1838,4,7,1158,59.5,2,False,False,True,2026-09-25,0.5,81
1839,4,5,5123,2042.0,3,False,False,True,2026-09-25,0.5,81
1840,4,195,6858,1757.5,4,True,False,False,2026-09-25,0.5,81
1841,4,6,7148,15.0,1,False,False,True,2026-09-25,0.5,81
1842,4,3,6791,1727.0,2,False,False,True,2026-09-25,0.5,81
1843,4,3,6963,13.5,1,False,False,True,2026-09-25,0.5,81
1844,4,103,3906,282.5,4,True,False,False,2026-09-25,0.5,81
1845,4,3,179,49.5,2,False,False,True,2026-09-25,0.5,81
1846,4,3,658,10.5,1,False,False,True,2026-09-25,0.5,81
1847,4,76,1189,693.5,3,False,False,True,2026-09-25,0.5,81
1848,4,72,9261,3787.0,3,False,False,True,2026-09-25,0.5,81
1849,4,5,227,114.5,2,False,False,True,2026-09-25,0.5,81
1850,4,6,3286,305.5,2,False,False,True,2026-09-25,0.5,81
1851,4,3,1672,268.0,3,False,False,True,2026-09-25,0.5,81
1852,4,4,4701,1897.5,2,False,False,True,2026-09-25,0.5,81
1853,4,11,6084,264.0,3,False,False,True,2026-09-25,0.5,81
1854,4,3,546,5.5,1,False,False,True,2026-09-25,0.5,81
1855,4,6,1336,9.5,1,False,False,True,2026-09-25,0.5,81
1856,4,10,3944,228.5,2,False,False,True,2026-09-25,0.5,81
1857,4,31,1744,194.5,3,False,False,True,2026-09-25,0.5,81
1858,4,113,6836,2841.5,4,True,False,False,2026-09-25,0.5,81
1859,4,5,4303,259.5,2,False,False,True,2026-09-25,0.5,81
1860,4,14,2680,143.0,2,False,False,True,2026-09-25,0.5,81
1861,4,5,8029,34.5,1,False,False,True,2026-09-25,0.5,81
1862,4,3,6996,2137.5,2,False,False,True,2026-09-25,0.5,81
1863,4,4,3409,8.0,1,False,False,True,2026-09-25,0.5,81
1864,4,3,7082,505.5,2,False,False,True,2026-09-25,0.5,81
1865,4,13,8919,80.5,2,False,False,True,2026-09-25,0.5,81
1866,4,3,8696,86.5,2,False,False,True,2026-09-25,0.5,81
1867,4,127,1611,1015.0,4,True,False,False,2026-09-25,0.5,81
1868,4,6,3243,999.5,2,False,False,True,2026-09-25,0.5,81
1869,4,4,3468,995.5,2,False,False,True,2026-09-25,0.5,81
1870,4,35,5933,82.5,2,False,False,True,2026-09-25,0.5,81
1871,4,7,9683,18.5,1,False,False,True,2026-09-25,0.5,81
1872,4,5,2299,398.0,2,False,False,True,2026-09-25,0.5,81
1873,4,4,743,6.0,1,False,False,True,2026-09-25,0.5,81
1874,4,4,319,62.0,2,False,False,True,2026-09-25,0.5,81
1875,4,12,8506,175.0,2,False,False,True,2026-09-25,0.5,81
1876,4,4,3768,17.5,1,False,False,True,2026-09-25,0.5,81
1877,4,145,9777,2646.5,4,True,False,False,2026-09-25,0.5,81
1878,4,5,8812,630.5,3,False,False,True,2026-09-25,0.5,81
1879,4,107,6203,3492.5,4,True,False,False,2026-09-25,0.5,81
1880,4,3,739,239.5,2,False,False,True,2026-09-25,0.5,81
1881,4,4,9396,63.0,2,False,False,True,2026-09-25,0.5,81
1882,4,6,2096,634.0,3,False,False,True,2026-09-25,0.5,81
1883,4,6,2492,70.5,2,False,False,True,2026-09-25,0.5,81
1884,4,129,1493,366.0,4,True,False,False,2026-09-25,0.5,81
1885,4,4,3725,59.5,2,False,False,True,2026-09-25,0.5,81
1886,4,10,114,64.0,2,False,False,True,2026-09-25,0.5,81
1887,4,8,724,474.0,3,False,False,True,2026-09-25,0.5,81
1888,4,10,916,23.5,1,False,False,True,2026-09-25,0.5,81
1889,4,15,922,458.0,2,False,False,True,2026-09-25,0.5,81
1890,4,3,61,42.0,0,False,True,False,2026-09-25,0.5,81
1891,4,8,519,64.0,2,False,False,True,2026-09-25,0.5,81
1892,4,8,8451,157.0,2,False,False,True,2026-09-25,0.5,81
1893,4,6,526,177.5,2,False,False,True,2026-09-25,0.5,81
1894,4,3,4487,148.0,2,False,False,True,2026-09-25,0.5,81
1895,4,4,2501,103.0,2,False,False,True,2026-09-25,0.5,81
1896,4,4,49,11.0,0,False,True,False,2026-09-25,0.5,81
1897,4,4,508,8.0,1,False,False,True,2026-09-25,0.5,81
1898,4,32,6521,2067.5,3,False,False,True,2026-09-25,0.5,81
1899,4,5,2127,1028.0,2,False,False,True,2026-09-25,0.5,81
1900,4,7,2058,631.0,2,False,False,True,2026-09-25,0.5,81
1901,4,9,85,18.0,1,False,False,True,2026-09-25,0.5,81
1902,4,28,165,53.0,1,False,False,True,2026-09-25,0.5,81
1903,4,3,241,94.0,2,False,False,True,2026-09-25,0.5,81
1904,4,8,464,439.5,3,False,False,True,2026-09-25,0.5,81
1905,4,3,726,36.5,1,False,False,True,2026-09-25,0.5,81
1906,4,8,2440,285.0,3,False,False,True,2026-09-25,0.5,81
1907,4,7,5075,299.0,2,False,False,True,2026-09-25,0.5,81
1908,4,4,344,9.5,1,False,False,True,2026-09-25,0.5,81
1909,4,10,9327,283.0,2,False,False,True,2026-09-25,0.5,81
1910,4,4,339,14.0,1,False,False,True,2026-09-25,0.5,81
1911,4,396,1143,605.0,4,True,False,False,2026-09-25,0.5,81
1912,4,11,99,32.0,1,False,False,True,2026-09-25,0.5,81
1913,4,3,5997,98.0,2,False,False,True,2026-09-25,0.5,81
1914,4,5,1174,389.0,2,False,False,True,2026-09-25,0.5,81
1915,4,5,1657,255.5,2,False,False,True,2026-09-25,0.5,81
1916,4,25,8582,2669.5,3,False,False,True,2026-09-25,0.5,81
1917,4,7,863,633.0,3,False,False,True,2026-09-25,0.5,81
1918,4,16,9903,418.5,3,False,False,True,2026-09-25,0.5,81
1919,4,169,1969,259.0,4,True,False,False,2026-09-25,0.5,81
1920,4,8,33,14.0,0,False,True,False,2026-09-25,0.5,81
1921,4,5,278,7.0,1,False,False,True,2026-09-25,0.5,81
1922,4,3,260,107.0,2,False,False,True,2026-09-25,0.5,81
1923,4,4,2384,93.5,2,False,False,True,2026-09-25,0.5,81
1924,4,20,369,154.0,2,False,False,True,2026-09-25,0.5,81
1925,4,6,770,219.5,2,False,False,True,2026-09-25,0.5,81
1926,4,12,3593,152.0,2,False,False,True,2026-09-25,0.5,81
1927,4,7,4867,116.5,2,False,False,True,2026-09-25,0.5,81
1928,4,8,547,90.0,2,False,False,True,2026-09-25,0.5,81
1929,4,6,848,221.5,2,False,False,True,2026-09-25,0.5,81
1930,4,5,1219,214.0,3,False,False,True,2026-09-25,0.5,81
1931,4,18,642,180.5,2,False,False,True,2026-09-25,0.5,81
1932,4,7,4355,155.0,2,False,False,True,2026-09-25,0.5,81
1933,4,5,294,80.0,2,False,False,True,2026-09-25,0.5,81
1934,4,3,4334,136.5,2,False,False,True,2026-09-25,0.5,81
1935,4,15,2587,846.5,3,False,False,True,2026-09-25,0.5,81
1936,4,10,9120,2044.5,3,False,False,True,2026-09-25,0.5,81
1937,4,167,4561,318.5,4,True,False,False,2026-09-25,0.5,81
1938,4,3,397,33.0,1,False,False,True,2026-09-25,0.5,81
1939,4,75,5795,259.5,3,False,False,True,2026-09-25,0.5,81
1940,4,8,1746,115.0,2,False,False,True,2026-09-25,0.5,81
1941,4,3,194,13.5,1,False,False,True,2026-09-25,0.5,81
1942,4,3,3523,606.0,2,False,False,True,2026-09-25,0.5,81
1943,4,3,7900,2721.5,3,False,False,True,2026-09-25,0.5,81
1944,4,15,5680,2858.5,3,False,False,True,2026-09-25,0.5,81
1945,4,3,3166,1280.5,3,False,False,True,2026-09-25,0.5,81
1946,4,5,1629,497.0,3,False,False,True,2026-09-25,0.5,81
1947,4,187,6081,2943.0,4,True,False,False,2026-09-25,0.5,81
1948,4,4,1961,52.5,1,False,False,True,2026-09-25,0.5,81
1949,4,9,97,49.0,1,False,False,True,2026-09-25,0.5,81
1950,4,9,246,60.5,2,False,False,True,2026-09-25,0.5,81
1951,4,14,2130,299.0,2,False,False,True,2026-09-25,0.5,81
1952,4,5,595,290.0,2,False,False,True,2026-09-25,0.5,81
1953,4,7,456,58.0,2,False,False,True,2026-09-25,0.5,81
1954,4,3,186,36.5,1,False,False,True,2026-09-25,0.5,81
1955,4,4,242,12.0,1,False,False,True,2026-09-25,0.5,81
1956,4,6,620,53.0,2,False,False,True,2026-09-25,0.5,81
1957,4,36,1390,163.0,2,False,False,True,2026-09-25,0.5,81
1958,4,19,2093,928.0,3,False,False,True,2026-09-25,0.5,81
1959,4,4,52,26.0,0,False,True,False,2026-09-25,0.5,81
1960,4,3,358,59.0,1,False,False,True,2026-09-25,0.5,81
1961,4,4,1676,36.0,1,False,False,True,2026-09-25,0.5,81
1962,4,5,1311,247.5,3,False,False,True,2026-09-25,0.5,81
1963,4,4,104,18.5,1,False,False,True,2026-09-25,0.5,81
1964,4,17,5794,68.5,2,False,False,True,2026-09-25,0.5,81
1965,4,7,177,60.5,2,False,False,True,2026-09-25,0.5,81
1966,4,4,754,331.0,2,False,False,True,2026-09-25,0.5,81
1967,4,5,4948,839.5,2,False,False,True,2026-09-25,0.5,81
1968,4,3,241,7.5,1,False,False,True,2026-09-25,0.5,81
1969,4,4,1380,82.0,2,False,False,True,2026-09-25,0.5,81
1970,4,32,3825,268.0,3,False,False,True,2026-09-25,0.5,81
1971,4,11,7880,1985.5,2,False,False,True,2026-09-25,0.5,81
1972,4,17,1453,437.0,3,False,False,True,2026-09-25,0.5,81
1973,4,13,2675,531.5,2,False,False,True,2026-09-25,0.5,81
1974,4,9,375,41.0,1,False,False,True,2026-09-25,0.5,81
1975,4,3,142,57.0,2,False,False,True,2026-09-25,0.5,81
1976,4,4,6134,2233.5,2,False,False,True,2026-09-25,0.5,81
1977,4,49,689,213.5,2,False,False,True,2026-09-25,0.5,81
1978,4,6,5845,367.5,2,False,False,True,2026-09-25,0.5,81
1979,4,26,95,48.5,1,False,False,True,2026-09-25,0.5,81
1980,4,6,8048,152.5,2,False,False,True,2026-09-25,0.5,81
1981,4,3,1286,283.0,3,False,False,True,2026-09-25,0.5,81
1982,4,30,8247,3027.5,3,False,False,True,2026-09-25,0.5,81
1983,4,7,312,51.0,2,False,False,True,2026-09-25,0.5,81
1984,4,8,7707,2649.5,2,False,False,True,2026-09-25,0.5,81
1985,4,3,17,5.5,0,False,True,False,2026-09-25,0.5,81
1986,4,3,5535,1374.0,3,False,False,True,2026-09-25,0.5,81
1987,4,3,2495,742.5,2,False,False,True,2026-09-25,0.5,81
1988,4,5,160,9.0,1,False,False,True,2026-09-25,0.5,81
1989,4,55,729,269.0,3,False,False,True,2026-09-25,0.5,81
1990,4,11,730,111.0,2,False,False,True,2026-09-25,0.5,81
1991,4,3,629,90.5,2,False,False,True,2026-09-25,0.5,81
1992,4,14,6821,405.5,2,False,False,True,2026-09-25,0.5,81
1993,4,17,2608,619.0,2,False,False,True,2026-09-25,0.5,81
1994,4,39,648,96.5,2,False,False,True,2026-09-25,0.5,81
1995,4,3,2562,869.0,2,False,False,True,2026-09-25,0.5,81
1996,4,21,8837,1098.5,2,False,False,True,2026-09-25,0.5,81
1997,4,53,8751,4259.5,3,False,False,True,2026-09-25,0.5,81
1998,4,19,2210,96.5,2,False,False,True,2026-09-25,0.5,81
1999,4,3,3724,6.0,1,False,False,True,2026-09-25,0.5,81
2000,4,4,4544,5.5,1,False,False,True,2026-09-25,0.5,81
2001,4,6,9422,23.0,1,False,False,True,2026-09-25,0.5,81
2002,4,14,5280,2212.5,3,False,False,True,2026-09-25,0.5,81
2003,4,4,9616,78.0,2,False,False,True,2026-09-25,0.5,81
2004,4,9,6704,464.5,3,False,False,True,2026-09-25,0.5,81
2005,4,7,1451,689.5,3,False,False,True,2026-09-25,0.5,81
2006,4,5,54,21.5,0,False,True,False,2026-09-25,0.5,81
2007,4,7,4917,329.0,2,False,False,True,2026-09-25,0.5,81
2008,4,53,4521,2693.5,3,False,False,True,2026-09-25,0.5,81
2009,4,3,7053,1255.0,2,False,False,True,2026-09-25,0.5,81
2010,4,5,946,405.5,2,False,False,True,2026-09-25,0.5,81
2011,4,4,6536,349.5,3,False,False,True,2026-09-25,0.5,81
2012,4,3,283,29.5,1,False,False,True,2026-09-25,0.5,81
2013,4,13,2575,1007.5,3,False,False,True,2026-09-25,0.5,81
2014,4,39,2651,826.0,3,False,False,True,2026-09-25,0.5,81
2015,4,6,1568,10.5,1,False,False,True,2026-09-25,0.5,81
2016,4,91,1762,223.0,4,True,False,False,2026-09-25,0.5,81
2017,4,5,1585,21.0,1,False,False,True,2026-09-25,0.5,81
2018,4,5,8406,570.5,2,False,False,True,2026-09-25,0.5,81
2019,4,52,730,384.0,3,False,False,True,2026-09-25,0.5,81
2020,4,3,8189,5.0,1,False,False,True,2026-09-25,0.5,81
2021,4,5,3374,33.5,1,False,False,True,2026-09-25,0.5,81
2022,4,398,1601,654.5,4,True,False,False,2026-09-25,0.5,81
2023,4,4,214,27.0,1,False,False,True,2026-09-25,0.5,81
2024,4,65,8427,3920.5,3,False,False,True,2026-09-25,0.5,81
2025,4,16,7894,3362.0,3,False,False,True,2026-09-25,0.5,81
2026,4,38,1005,88.5,2,False,False,True,2026-09-25,0.5,81
2027,4,3,1237,238.0,2,False,False,True,2026-09-25,0.5,81
2028,4,4,3023,86.0,2,False,False,True,2026-09-25,0.5,81
2029,4,4,9661,132.5,2,False,False,True,2026-09-25,0.5,81
2030,4,5,3662,2211.0,3,False,False,True,2026-09-25,0.5,81
2031,4,3,9088,1246.5,2,False,False,True,2026-09-25,0.5,81
2032,4,4,3117,598.0,2,False,False,True,2026-09-25,0.5,81
2033,4,5,2463,235.0,3,False,False,True,2026-09-25,0.5,81
2034,4,5,2544,42.0,1,False,False,True,2026-09-25,0.5,81
2035,4,10,3111,936.5,2,False,False,True,2026-09-25,0.5,81
2036,4,9,3594,604.0,2,False,False,True,2026-09-25,0.5,81
2037,4,3,5111,592.0,3,False,False,True,2026-09-25,0.5,81
2038,4,9,3979,438.0,2,False,False,True,2026-09-25,0.5,81
2039,4,4,80,21.5,0,False,True,False,2026-09-25,0.5,81
2040,4,3,7593,2302.0,3,False,False,True,2026-09-25,0.5,81
2041,4,3,82,21.0,1,False,False,True,2026-09-25,0.5,81
2042,4,3,716,8.0,1,False,False,True,2026-09-25,0.5,81
2043,4,4,11,6.0,0,False,True,False,2026-09-25,0.5,81
2044,4,4,5282,117.0,2,False,False,True,2026-09-25,0.5,81
2045,4,9,4221,117.0,2,False,False,True,2026-09-25,0.5,81
2046,4,158,2722,747.5,4,True,False,False,2026-09-25,0.5,81
2047,4,7,3090,164.0,2,False,False,True,2026-09-25,0.5,81
2048,4,7,2019,266.0,2,False,False,True,2026-09-25,0.5,81
2049,4,9,2657,1932.0,3,False,False,True,2026-09-25,0.5,81
2050,4,6,1608,16.5,1,False,False,True,2026-09-25,0.5,81
2051,4,5,1319,182.5,2,False,False,True,2026-09-25,0.5,81
2052,4,32,7764,866.5,3,False,False,True,2026-09-25,0.5,81
2053,4,64,2812,442.0,3,False,False,True,2026-09-25,0.5,81
2054,4,3,4271,11.5,1,False,False,True,2026-09-25,0.5,81
2055,4,15,325,128.0,2,False,False,True,2026-09-25,0.5,81
2056,4,20,3911,399.5,2,False,False,True,2026-09-25,0.5,81
2057,4,3,118,84.5,2,False,False,True,2026-09-25,0.5,81
2058,4,9,9500,2278.0,2,False,False,True,2026-09-25,0.5,81
2059,4,12,645,172.0,3,False,False,True,2026-09-25,0.5,81
2060,4,135,9421,3639.5,4,True,False,False,2026-09-25,0.5,81
2061,4,4,4313,611.0,2,False,False,True,2026-09-25,0.5,81
2062,4,5,247,117.0,2,False,False,True,2026-09-25,0.5,81
2063,4,7,3170,8.5,1,False,False,True,2026-09-25,0.5,81
2064,4,4,8707,1761.5,3,False,False,True,2026-09-25,0.5,81
2065,4,19,84,26.0,1,False,False,True,2026-09-25,0.5,81
2066,4,7,74,31.0,0,False,True,False,2026-09-25,0.5,81
2067,4,9,2520,15.0,1,False,False,True,2026-09-25,0.5,81
2068,4,110,4536,1142.0,4,True,False,False,2026-09-25,0.5,81
2069,4,44,2200,520.0,2,False,False,True,2026-09-25,0.5,81
2070,4,133,998,260.5,4,True,False,False,2026-09-25,0.5,81
2071,4,5,214,32.0,1,False,False,True,2026-09-25,0.5,81
2072,4,32,251,142.0,3,False,False,True,2026-09-25,0.5,81
2073,4,49,323,109.0,2,False,False,True,2026-09-25,0.5,81
2074,4,166,8166,2418.5,4,True,False,False,2026-09-25,0.5,81
2075,4,7,1367,207.0,3,False,False,True,2026-09-25,0.5,81
2076,4,3,1203,50.0,1,False,False,True,2026-09-25,0.5,81
2077,4,38,1747,730.0,3,False,False,True,2026-09-25,0.5,81
2078,4,5,3215,535.5,3,False,False,True,2026-09-25,0.5,81
2079,4,6,6774,381.0,2,False,False,True,2026-09-25,0.5,81
2080,4,378,4206,1375.0,4,True,False,False,2026-09-25,0.5,81
2081,4,8,625,57.5,2,False,False,True,2026-09-25,0.5,81
2082,4,4,6685,9.0,1,False,False,True,2026-09-25,0.5,81
2083,4,4,3315,853.5,2,False,False,True,2026-09-25,0.5,81
2084,4,10,362,135.5,2,False,False,True,2026-09-25,0.5,81
2085,4,346,777,563.0,4,True,False,False,2026-09-25,0.5,81
2086,4,160,9168,2189.0,4,True,False,False,2026-09-25,0.5,81
2087,4,58,8955,961.0,3,False,False,True,2026-09-25,0.5,81
2088,4,9,1455,89.0,2,False,False,True,2026-09-25,0.5,81
2089,4,6,1991,46.0,2,False,False,True,2026-09-25,0.5,81
2090,4,3,6329,188.0,2,False,False,True,2026-09-25,0.5,81
2091,4,85,9580,626.0,4,True,False,False,2026-09-25,0.5,81
2092,4,3,465,10.5,1,False,False,True,2026-09-25,0.5,81
2093,4,8,4385,679.0,3,False,False,True,2026-09-25,0.5,81
2094,4,7,1063,9.5,1,False,False,True,2026-09-25,0.5,81
2095,4,6,377,109.5,2,False,False,True,2026-09-25,0.5,81
2096,4,5,62,15.5,0,False,True,False,2026-09-25,0.5,81
2097,4,5,4594,309.5,2,False,False,True,2026-09-25,0.5,81
2098,4,5,2835,1271.5,2,False,False,True,2026-09-25,0.5,81
2099,4,4,2542,1235.0,2,False,False,True,2026-09-25,0.5,81
2100,4,20,5075,1757.5,3,False,False,True,2026-09-25,0.5,81
2101,4,3,5141,685.0,2,False,False,True,2026-09-25,0.5,81
2102,4,31,5690,194.0,3,False,False,True,2026-09-25,0.5,81
2103,4,35,1836,530.0,3,False,False,True,2026-09-25,0.5,81
2104,4,5,3166,1330.0,2,False,False,True,2026-09-25,0.5,81
2105,4,3,1738,312.5,2,False,False,True,2026-09-25,0.5,81
2106,4,10,1673,224.0,2,False,False,True,2026-09-25,0.5,81
2107,4,4,4429,1682.5,3,False,False,True,2026-09-25,0.5,81
2108,4,6,9281,25.0,1,False,False,True,2026-09-25,0.5,81
2109,4,4,2460,72.5,2,False,False,True,2026-09-25,0.5,81
2110,4,100,4739,1790.5,4,True,False,False,2026-09-25,0.5,81
2111,4,3,789,26.0,1,False,False,True,2026-09-25,0.5,81
2112,4,3,9476,609.5,2,False,False,True,2026-09-25,0.5,81
2113,4,3,110,8.0,1,False,False,True,2026-09-25,0.5,81
2114,4,30,5028,384.5,2,False,False,True,2026-09-25,0.5,81
2115,4,7,876,67.5,2,False,False,True,2026-09-25,0.5,81
2116,4,3,3980,598.0,3,False,False,True,2026-09-25,0.5,81
2117,4,6,436,139.0,2,False,False,True,2026-09-25,0.5,81
2118,4,68,4339,1422.0,3,False,False,True,2026-09-25,0.5,81
2119,4,33,760,129.5,3,False,False,True,2026-09-25,0.5,81
2120,4,47,8772,1818.0,3,False,False,True,2026-09-25,0.5,81
2121,4,5,6739,2328.0,2,False,False,True,2026-09-25,0.5,81
2122,4,10,369,80.5,2,False,False,True,2026-09-25,0.5,81
2123,4,5,1127,64.0,1,False,False,True,2026-09-25,0.5,81
2124,4,3,340,90.0,2,False,False,True,2026-09-25,0.5,81
2125,4,3,272,7.5,1,False,False,True,2026-09-25,0.5,81
2126,4,4,575,247.5,3,False,False,True,2026-09-25,0.5,81
2127,4,3,414,6.0,1,False,False,True,2026-09-25,0.5,81
2128,4,68,4777,1114.5,3,False,False,True,2026-09-25,0.5,81
2129,4,37,3105,382.5,3,False,False,True,2026-09-25,0.5,81
2130,4,47,6485,126.5,3,False,False,True,2026-09-25,0.5,81
2131,4,4,9483,9.5,1,False,False,True,2026-09-25,0.5,81
2132,4,8,499,156.5,3,False,False,True,2026-09-25,0.5,81
2133,4,3,699,284.0,3,False,False,True,2026-09-25,0.5,81
2134,4,7,4850,1237.0,2,False,False,True,2026-09-25,0.5,81
2135,4,4,481,150.5,2,False,False,True,2026-09-25,0.5,81
2136,4,48,3327,2774.0,3,False,False,True,2026-09-25,0.5,81
2137,4,3,67,30.0,0,False,True,False,2026-09-25,0.5,81
2138,4,14,6657,491.0,2,False,False,True,2026-09-25,0.5,81
2139,4,3,474,19.5,1,False,False,True,2026-09-25,0.5,81
2140,4,8,9883,60.5,1,False,False,True,2026-09-25,0.5,81
2141,4,5,1457,365.5,3,False,False,True,2026-09-25,0.5,81
2142,4,3,420,49.0,1,False,False,True,2026-09-25,0.5,81
2143,4,19,610,191.5,3,False,False,True,2026-09-25,0.5,81
2144,4,9,3257,1754.0,3,False,False,True,2026-09-25,0.5,81
2145,4,66,4472,995.5,3,False,False,True,2026-09-25,0.5,81
2146,4,3,4189,133.5,2,False,False,True,2026-09-25,0.5,81
2147,4,4,150,8.5,1,False,False,True,2026-09-25,0.5,81
2148,4,27,4132,120.0,2,False,False,True,2026-09-25,0.5,81
2149,4,4,145,45.5,1,False,False,True,2026-09-25,0.5,81
2150,4,5,7516,217.5,3,False,False,True,2026-09-25,0.5,81
2151,4,16,8144,3127.0,3,False,False,True,2026-09-25,0.5,81
2152,4,3,393,17.5,1,False,False,True,2026-09-25,0.5,81
2153,4,512,2547,693.5,4,True,False,False,2026-09-25,0.5,81
2154,4,77,3002,116.5,3,False,False,True,2026-09-25,0.5,81
2155,4,4,8430,3938.5,3,False,False,True,2026-09-25,0.5,81
2156,4,7,9242,68.0,2,False,False,True,2026-09-25,0.5,81
2157,4,6,6467,243.5,2,False,False,True,2026-09-25,0.5,81
2158,4,8,899,21.0,1,False,False,True,2026-09-25,0.5,81
2159,4,3,463,27.5,1,False,False,True,2026-09-25,0.5,81
2160,4,6,9088,5005.5,3,False,False,True,2026-09-25,0.5,81
2161,4,8,658,58.0,1,False,False,True,2026-09-25,0.5,81
2162,4,5,305,33.0,1,False,False,True,2026-09-25,0.5,81
2163,4,9,7091,247.5,2,False,False,True,2026-09-25,0.5,81
2164,4,7,931,178.0,2,False,False,True,2026-09-25,0.5,81
2165,4,6,1041,123.5,2,False,False,True,2026-09-25,0.5,81
2166,4,5,941,126.5,3,False,False,True,2026-09-25,0.5,81
2167,4,6,2996,765.0,3,False,False,True,2026-09-25,0.5,81
2168,4,3,1286,95.5,2,False,False,True,2026-09-25,0.5,81
2169,4,6,1876,524.5,2,False,False,True,2026-09-25,0.5,81
2170,4,422,8656,6250.0,4,True,False,False,2026-09-25,0.5,81
2171,4,142,9050,342.5,4,True,False,False,2026-09-25,0.5,81
2172,4,133,7907,2273.0,4,True,False,False,2026-09-25,0.5,81
2173,4,3,5601,1628.5,3,False,False,True,2026-09-25,0.5,81
2174,4,48,519,169.5,3,False,False,True,2026-09-25,0.5,81
2175,4,4245,5039,4527.0,4,True,False,False,2026-09-25,0.5,81
2176,4,12,4464,1927.0,3,False,False,True,2026-09-25,0.5,81
2177,4,4,1941,454.5,2,False,False,True,2026-09-25,0.5,81
2178,4,11,3185,360.5,3,False,False,True,2026-09-25,0.5,81
2179,4,22,1779,47.5,1,False,False,True,2026-09-25,0.5,81
2180,4,5,92,44.0,1,False,False,True,2026-09-25,0.5,81
2181,4,140,757,192.5,4,True,False,False,2026-09-25,0.5,81
2182,4,6,6792,100.5,2,False,False,True,2026-09-25,0.5,81
2183,4,10,6922,418.0,2,False,False,True,2026-09-25,0.5,81
2184,4,9,7785,1893.0,3,False,False,True,2026-09-25,0.5,81
2185,4,4,3396,259.0,2,False,False,True,2026-09-25,0.5,81
2186,4,8,6417,206.5,3,False,False,True,2026-09-25,0.5,81
2187,4,13,1139,372.5,2,False,False,True,2026-09-25,0.5,81
2188,4,25,7438,714.0,3,False,False,True,2026-09-25,0.5,81
2189,4,7,1020,498.0,2,False,False,True,2026-09-25,0.5,81
2190,4,3,53,7.0,0,False,True,False,2026-09-25,0.5,81
2191,4,13,7301,2057.5,3,False,False,True,2026-09-25,0.5,81
2192,4,3,6079,258.5,2,False,False,True,2026-09-25,0.5,81
2193,4,34,3952,127.0,3,False,False,True,2026-09-25,0.5,81
2194,4,4,1698,717.0,2,False,False,True,2026-09-25,0.5,81
2195,4,9,7955,321.0,2,False,False,True,2026-09-25,0.5,81
2196,4,14,5766,1532.5,3,False,False,True,2026-09-25,0.5,81
2197,4,528,8142,4590.5,4,True,False,False,2026-09-25,0.5,81
2198,4,36,719,371.5,3,False,False,True,2026-09-25,0.5,81
2199,4,12,9580,3470.0,2,False,False,True,2026-09-25,0.5,81
2200,4,71,9335,663.0,2,False,False,True,2026-09-25,0.5,81
2201,4,28,8015,981.5,3,False,False,True,2026-09-25,0.5,81
2202,4,154,6900,1851.0,4,True,False,False,2026-09-25,0.5,81
2203,4,166,1830,651.0,4,True,False,False,2026-09-25,0.5,81
2204,4,67,4218,977.5,3,False,False,True,2026-09-25,0.5,81
2205,4,3,1510,367.5,3,False,False,True,2026-09-25,0.5,81
2206,4,5,1974,583.5,3,False,False,True,2026-09-25,0.5,81
2207,4,23,3164,139.5,2,False,False,True,2026-09-25,0.5,81
2208,4,7,29,15.0,0,False,True,False,2026-09-25,0.5,81
2209,4,12,9228,2827.0,2,False,False,True,2026-09-25,0.5,81
2210,4,5,4388,328.5,2,False,False,True,2026-09-25,0.5,81
2211,4,5,4183,928.5,2,False,False,True,2026-09-25,0.5,81
2212,4,6,468,9.5,1,False,False,True,2026-09-25,0.5,81
2213,4,3,2860,785.5,2,False,False,True,2026-09-25,0.5,81
2214,4,13,3294,46.5,1,False,False,True,2026-09-25,0.5,81
2215,4,6,2347,614.5,3,False,False,True,2026-09-25,0.5,81
2216,4,14,220,74.5,2,False,False,True,2026-09-25,0.5,81
2217,4,3,6449,4.5,1,False,False,True,2026-09-25,0.5,81
2218,4,9,48,30.0,0,False,True,False,2026-09-25,0.5,81
2219,4,46,3403,608.0,3,False,False,True,2026-09-25,0.5,81
2220,4,3,711,4.5,1,False,False,True,2026-09-25,0.5,81
2221,4,17,1192,290.0,3,False,False,True,2026-09-25,0.5,81
2222,4,3,21,7.0,0,False,True,False,2026-09-25,0.5,81
2223,4,4,7450,5233.5,3,False,False,True,2026-09-25,0.5,81
2224,4,80,3703,1531.5,3,False,False,True,2026-09-25,0.5,81
2225,4,6,7310,3136.0,2,False,False,True,2026-09-25,0.5,81
2226,4,17,8897,560.0,3,False,False,True,2026-09-25,0.5,81
2227,4,4,370,50.5,1,False,False,True,2026-09-25,0.5,81
2228,4,15,3088,665.5,3,False,False,True,2026-09-25,0.5,81
2229,4,8,7537,942.5,3,False,False,True,2026-09-25,0.5,81
2230,4,3,1076,7.5,1,False,False,True,2026-09-25,0.5,81
2231,4,11,7848,315.5,3,False,False,True,2026-09-25,0.5,81
2232,4,96,3287,297.5,4,True,False,False,2026-09-25,0.5,81
2233,4,5,119,28.0,1,False,False,True,2026-09-25,0.5,81
2234,4,4,2308,793.0,3,False,False,True,2026-09-25,0.5,81
2235,4,6,8702,2008.5,3,False,False,True,2026-09-25,0.5,81
2236,4,9,4612,295.5,3,False,False,True,2026-09-25,0.5,81
2237,4,3,4946,68.0,2,False,False,True,2026-09-25,0.5,81
2238,4,15,2744,151.0,2,False,False,True,2026-09-25,0.5,81
2239,4,6,4450,86.5,2,False,False,True,2026-09-25,0.5,81
2240,4,4,65,22.0,0,False,True,False,2026-09-25,0.5,81
2241,4,7,1014,270.5,2,False,False,True,2026-09-25,0.5,81
2242,4,3,233,52.5,2,False,False,True,2026-09-25,0.5,81
2243,4,5,4725,32.5,1,False,False,True,2026-09-25,0.5,81
2244,4,8,954,459.5,3,False,False,True,2026-09-25,0.5,81
2245,4,3,630,33.5,1,False,False,True,2026-09-25,0.5,81
2246,4,668,7993,1960.5,4,True,False,False,2026-09-25,0.5,81
2247,4,8,3581,1022.5,3,False,False,True,2026-09-25,0.5,81
2248,4,15,6166,972.0,3,False,False,True,2026-09-25,0.5,81
2249,4,9,9569,57.5,2,False,False,True,2026-09-25,0.5,81
2250,4,9,217,38.5,1,False,False,True,2026-09-25,0.5,81
2251,4,9,71,18.0,0,False,True,False,2026-09-25,0.5,81
2252,4,18,3227,93.0,2,False,False,True,2026-09-25,0.5,81
2253,4,4,3556,897.5,2,False,False,True,2026-09-25,0.5,81
2254,4,7,8308,4051.5,2,False,False,True,2026-09-25,0.5,81
2255,4,9,1399,25.5,1,False,False,True,2026-09-25,0.5,81
2256,4,3,7247,52.5,2,False,False,True,2026-09-25,0.5,81
2257,4,6,9085,553.0,3,False,False,True,2026-09-25,0.5,81
2258,4,6,820,25.0,1,False,False,True,2026-09-25,0.5,81
2259,4,9,1053,43.0,1,False,False,True,2026-09-25,0.5,81
2260,4,4,1142,29.0,1,False,False,True,2026-09-25,0.5,81
2261,4,18,983,158.5,3,False,False,True,2026-09-25,0.5,81
2262,4,3,1275,269.0,2,False,False,True,2026-09-25,0.5,81
2263,4,62,2642,1026.5,3,False,False,True,2026-09-25,0.5,81
2264,4,38,4994,900.5,3,False,False,True,2026-09-25,0.5,81
2265,4,3,1974,514.0,2,False,False,True,2026-09-25,0.5,81
2266,4,3,107,8.0,1,False,False,True,2026-09-25,0.5,81
2267,4,135,7624,4960.0,4,True,False,False,2026-09-25,0.5,81
2268,4,41,6856,168.0,2,False,False,True,2026-09-25,0.5,81
2269,4,55,4206,1819.5,3,False,False,True,2026-09-25,0.5,81
2270,4,3,921,43.0,1,False,False,True,2026-09-25,0.5,81
2271,4,8,1637,611.0,2,False,False,True,2026-09-25,0.5,81
2272,4,4,7934,35.0,1,False,False,True,2026-09-25,0.5,81
2273,4,3,533,10.0,1,False,False,True,2026-09-25,0.5,81
2274,4,4,5134,1157.0,3,False,False,True,2026-09-25,0.5,81
2275,4,12,941,427.5,3,False,False,True,2026-09-25,0.5,81
2276,4,8,8224,293.5,2,False,False,True,2026-09-25,0.5,81
2277,4,10,3903,224.0,3,False,False,True,2026-09-25,0.5,81
2278,4,7,4308,22.0,1,False,False,True,2026-09-25,0.5,81
2279,4,3,1211,476.0,2,False,False,True,2026-09-25,0.5,81
2280,4,3,8795,3926.0,3,False,False,True,2026-09-25,0.5,81
2281,4,6,2227,1759.5,3,False,False,True,2026-09-25,0.5,81
2282,4,6,1136,99.5,2,False,False,True,2026-09-25,0.5,81
2283,4,10,854,168.5,2,False,False,True,2026-09-25,0.5,81
2284,4,4,330,6.0,1,False,False,True,2026-09-25,0.5,81
2285,4,3,2453,315.5,2,False,False,True,2026-09-25,0.5,81
2286,4,46,6123,78.0,2,False,False,True,2026-09-25,0.5,81
2287,4,11,2983,48.0,2,False,False,True,2026-09-25,0.5,81
2288,4,7,9266,38.0,1,False,False,True,2026-09-25,0.5,81
2289,4,5,1155,5.5,1,False,False,True,2026-09-25,0.5,81
2290,4,20,4649,684.0,3,False,False,True,2026-09-25,0.5,81
2291,4,4,1211,242.5,2,False,False,True,2026-09-25,0.5,81
2292,4,10,2202,209.5,2,False,False,True,2026-09-25,0.5,81
2293,4,24,5114,1720.5,3,False,False,True,2026-09-25,0.5,81
2294,4,7,204,97.5,2,False,False,True,2026-09-25,0.5,81
2295,4,12,1359,106.5,3,False,False,True,2026-09-25,0.5,81
2296,4,7,1435,24.0,1,False,False,True,2026-09-25,0.5,81
2297,4,3,1116,16.0,1,False,False,True,2026-09-25,0.5,81
2298,4,8,5328,30.5,1,False,False,True,2026-09-25,0.5,81
2299,4,6,3991,40.0,1,False,False,True,2026-09-25,0.5,81
2300,4,3,10,4.0,0,False,True,False,2026-09-25,0.5,81
2301,4,325,5747,1103.0,4,True,False,False,2026-09-25,0.5,81
2302,4,3,21,8.5,0,False,True,False,2026-09-25,0.5,81
2303,4,3,5589,7.0,1,False,False,True,2026-09-25,0.5,81
2304,4,5,360,95.0,2,False,False,True,2026-09-25,0.5,81
2305,4,7,7995,3461.5,3,False,False,True,2026-09-25,0.5,81
2306,4,8,7809,2738.5,3,False,False,True,2026-09-25,0.5,81
2307,4,151,6169,591.5,4,True,False,False,2026-09-25,0.5,81
2308,4,6,898,77.5,2,False,False,True,2026-09-25,0.5,81
2309,4,4,25,10.0,0,False,True,False,2026-09-25,0.5,81
2310,4,8,479,118.5,2,False,False,True,2026-09-25,0.5,81
2311,4,3,100,34.0,1,False,False,True,2026-09-25,0.5,81
2312,4,14,2308,916.5,3,False,False,True,2026-09-25,0.5,81
2313,4,17,9580,260.0,2,False,False,True,2026-09-25,0.5,81
2314,4,3,1909,94.0,2,False,False,True,2026-09-25,0.5,81
2315,4,5,2968,1183.5,2,False,False,True,2026-09-25,0.5,81
2316,4,3,7072,2379.0,2,False,False,True,2026-09-25,0.5,81
2317,4,7,6474,428.0,2,False,False,True,2026-09-25,0.5,81
2318,4,9,334,149.0,2,False,False,True,2026-09-25,0.5,81
2319,4,6,1593,581.5,2,False,False,True,2026-09-25,0.5,81
2320,4,3,1399,4.5,1,False,False,True,2026-09-25,0.5,81
2321,4,9,3072,11.0,1,False,False,True,2026-09-25,0.5,81
2322,4,71,2623,1142.5,3,False,False,True,2026-09-25,0.5,81
2323,4,4,598,21.5,1,False,False,True,2026-09-25,0.5,81
2324,4,5,5926,17.0,1,False,False,True,2026-09-25,0.5,81
2325,4,5,2118,639.5,3,False,False,True,2026-09-25,0.5,81
2326,4,7,2407,274.0,3,False,False,True,2026-09-25,0.5,81
2327,4,6,5692,52.5,1,False,False,True,2026-09-25,0.5,81
2328,4,34,2602,324.0,3,False,False,True,2026-09-25,0.5,81
2329,4,5,706,312.5,3,False,False,True,2026-09-25,0.5,81
2330,4,3,7545,14.5,1,False,False,True,2026-09-25,0.5,81
2331,4,3,2560,317.5,2,False,False,True,2026-09-25,0.5,81
2332,4,3,5127,1204.5,3,False,False,True,2026-09-25,0.5,81
2333,4,9,1594,17.0,1,False,False,True,2026-09-25,0.5,81
2334,4,5,2589,140.0,2,False,False,True,2026-09-25,0.5,81
2335,4,7,820,12.0,1,False,False,True,2026-09-25,0.5,81
2336,4,21,2061,178.0,3,False,False,True,2026-09-25,0.5,81
2337,4,3,3066,305.5,2,False,False,True,2026-09-25,0.5,81
2338,4,5,4098,25.0,1,False,False,True,2026-09-25,0.5,81
2339,4,14,7007,1913.0,3,False,False,True,2026-09-25,0.5,81
2340,4,110,7162,419.0,4,True,False,False,2026-09-25,0.5,81
2341,4,3,5110,1369.0,3,False,False,True,2026-09-25,0.5,81
2342,4,5,1913,14.5,1,False,False,True,2026-09-25,0.5,81
2343,4,28,3005,248.0,3,False,False,True,2026-09-25,0.5,81
2344,4,19,171,88.0,2,False,False,True,2026-09-25,0.5,81
2345,4,18,491,103.0,2,False,False,True,2026-09-25,0.5,81
2346,4,9,7191,1974.5,3,False,False,True,2026-09-25,0.5,81
2347,4,56,2360,860.5,3,False,False,True,2026-09-25,0.5,81
2348,4,4,4034,6.5,1,False,False,True,2026-09-25,0.5,81
2349,4,5,2096,286.5,2,False,False,True,2026-09-25,0.5,81
2350,4,8,1606,236.0,2,False,False,True,2026-09-25,0.5,81
2351,4,3,2389,45.0,1,False,False,True,2026-09-25,0.5,81
2352,4,7,47,8.5,0,False,True,False,2026-09-25,0.5,81
2353,4,5,8473,3422.0,3,False,False,True,2026-09-25,0.5,81
2354,4,5,8293,1085.0,2,False,False,True,2026-09-25,0.5,81
2355,4,6,2172,74.0,2,False,False,True,2026-09-25,0.5,81
2356,4,5,5587,1028.0,2,False,False,True,2026-09-25,0.5,81
2357,4,3,3138,112.0,2,False,False,True,2026-09-25,0.5,81
2358,4,7,40,7.5,0,False,True,False,2026-09-25,0.5,81
2359,4,5,8910,236.0,3,False,False,True,2026-09-25,0.5,81
2360,4,3,9,8.0,0,False,True,False,2026-09-25,0.5,81
2361,4,61,855,170.5,3,False,False,True,2026-09-25,0.5,81
2362,4,3,8896,51.5,1,False,False,True,2026-09-25,0.5,81
2363,4,8,7017,2995.5,3,False,False,True,2026-09-25,0.5,81
2364,4,75,1370,542.0,3,False,False,True,2026-09-25,0.5,81
2365,4,6,5285,306.5,2,False,False,True,2026-09-25,0.5,81
2366,4,3,1500,674.0,2,False,False,True,2026-09-25,0.5,81
2367,4,3,334,19.0,1,False,False,True,2026-09-25,0.5,81
2368,4,132,6313,764.5,4,True,False,False,2026-09-25,0.5,81
2369,4,5,659,83.5,2,False,False,True,2026-09-25,0.5,81
2370,4,3,221,10.5,1,False,False,True,2026-09-25,0.5,81
2371,4,3,8,6.5,0,False,True,False,2026-09-25,0.5,81
2372,4,7,3822,301.5,3,False,False,True,2026-09-25,0.5,81
2373,4,4,6111,1980.5,2,False,False,True,2026-09-25,0.5,81
2374,4,9,3940,321.0,3,False,False,True,2026-09-25,0.5,81
2375,4,54,2283,436.0,3,False,False,True,2026-09-25,0.5,81
2376,4,493,3478,2336.5,4,True,False,False,2026-09-25,0.5,81
2377,4,4,62,16.0,0,False,True,False,2026-09-25,0.5,81
2378,4,5,4336,290.5,2,False,False,True,2026-09-25,0.5,81
2379,4,175,847,453.5,4,True,False,False,2026-09-25,0.5,81
2380,4,92,9044,408.5,4,True,False,False,2026-09-25,0.5,81
2381,4,4,1130,22.0,1,False,False,True,2026-09-25,0.5,81
2382,4,66,2206,782.0,3,False,False,True,2026-09-25,0.5,81
2383,4,9,3413,1262.0,2,False,False,True,2026-09-25,0.5,81
2384,4,282,8749,636.5,4,True,False,False,2026-09-25,0.5,81
2385,4,8,1614,658.0,2,False,False,True,2026-09-25,0.5,81
2386,4,18,576,142.0,3,False,False,True,2026-09-25,0.5,81
2387,4,34,5606,394.0,3,False,False,True,2026-09-25,0.5,81
2388,4,3,97,12.5,1,False,False,True,2026-09-25,0.5,81
2389,4,8,6225,1322.5,2,False,False,True,2026-09-25,0.5,81
2390,4,75,3389,1622.0,2,False,False,True,2026-09-25,0.5,81
2391,4,3,190,38.5,1,False,False,True,2026-09-25,0.5,81
2392,4,28,4901,2734.0,3,False,False,True,2026-09-25,0.5,81
2393,4,6,610,210.0,2,False,False,True,2026-09-25,0.5,81
2394,4,7,2290,799.5,2,False,False,True,2026-09-25,0.5,81
2395,4,187,6991,1426.0,4,True,False,False,2026-09-25,0.5,81
2396,4,7,66,17.5,0,False,True,False,2026-09-25,0.5,81
2397,4,7,9971,34.5,1,False,False,True,2026-09-25,0.5,81
2398,4,7,4196,1347.5,2,False,False,True,2026-09-25,0.5,81
2399,4,43,2741,701.0,3,False,False,True,2026-09-25,0.5,81
2400,4,166,9405,1773.0,4,True,False,False,2026-09-25,0.5,81
2401,4,11,3789,260.0,3,False,False,True,2026-09-25,0.5,81
2402,4,33,974,283.5,2,False,False,True,2026-09-25,0.5,81
2403,4,9,6094,549.5,2,False,False,True,2026-09-25,0.5,81
2404,4,4,2124,178.0,2,False,False,True,2026-09-25,0.5,81
2405,4,115,1956,185.5,4,True,False,False,2026-09-25,0.5,81
2406,4,8,2682,1087.0,2,False,False,True,2026-09-25,0.5,81
2407,4,4,3559,278.5,3,False,False,True,2026-09-25,0.5,81
2408,4,4,9876,454.0,3,False,False,True,2026-09-25,0.5,81
2409,4,10,8628,73.0,2,False,False,True,2026-09-25,0.5,81
2410,4,11,1471,155.0,3,False,False,True,2026-09-25,0.5,81
2411,4,3,6114,812.0,3,False,False,True,2026-09-25,0.5,81
2412,4,12,9763,3253.0,3,False,False,True,2026-09-25,0.5,81
2413,4,3,850,80.5,2,False,False,True,2026-09-25,0.5,81
2414,4,67,4196,199.5,3,False,False,True,2026-09-25,0.5,81
2415,4,23,1157,396.0,3,False,False,True,2026-09-25,0.5,81
2416,4,4,296,126.0,2,False,False,True,2026-09-25,0.5,81
2417,4,11,1146,337.0,3,False,False,True,2026-09-25,0.5,81
2418,4,3,667,4.0,1,False,False,True,2026-09-25,0.5,81
2419,4,3,195,6.5,1,False,False,True,2026-09-25,0.5,81
2420,4,6,5137,1786.0,3,False,False,True,2026-09-25,0.5,81
2421,4,7,203,82.5,2,False,False,True,2026-09-25,0.5,81
2422,4,32,8107,277.5,3,False,False,True,2026-09-25,0.5,81
2423,4,6,617,41.5,1,False,False,True,2026-09-25,0.5,81
2424,4,243,7952,3709.5,4,True,False,False,2026-09-25,0.5,81
2425,4,328,2740,1558.5,4,True,False,False,2026-09-25,0.5,81
2426,4,14,3511,1653.5,3,False,False,True,2026-09-25,0.5,81
2427,4,5,2824,115.0,2,False,False,True,2026-09-25,0.5,81
2428,4,5,3323,36.5,1,False,False,True,2026-09-25,0.5,81
2429,4,12,1439,29.0,1,False,False,True,2026-09-25,0.5,81
2430,4,3,163,38.0,1,False,False,True,2026-09-25,0.5,81
2431,4,13,3924,1330.0,3,False,False,True,2026-09-25,0.5,81
2432,4,4,9179,155.5,2,False,False,True,2026-09-25,0.5,81
2433,4,5,2332,742.0,3,False,False,True,2026-09-25,0.5,81
2434,4,4,1274,5.0,1,False,False,True,2026-09-25,0.5,81
2435,4,9,3161,332.0,2,False,False,True,2026-09-25,0.5,81
2436,4,7,342,43.0,1,False,False,True,2026-09-25,0.5,81
2437,4,52,1529,685.0,3,False,False,True,2026-09-25,0.5,81
2438,4,3,899,181.5,2,False,False,True,2026-09-25,0.5,81
2439,4,39,5358,158.0,2,False,False,True,2026-09-25,0.5,81
2440,4,5,1422,8.5,1,False,False,True,2026-09-25,0.5,81
2441,4,4,491,40.5,1,False,False,True,2026-09-25,0.5,81
2442,4,44,277,148.5,3,False,False,True,2026-09-25,0.5,81
2443,4,382,1001,544.5,4,True,False,False,2026-09-25,0.5,81
2444,4,66,7300,1621.0,2,False,False,True,2026-09-25,0.5,81
2445,4,3,5973,46.0,1,False,False,True,2026-09-25,0.5,81
2446,4,4,3370,315.0,2,False,False,True,2026-09-25,0.5,81
2447,4,5,131,8.0,1,False,False,True,2026-09-25,0.5,81
2448,4,82,2175,166.5,4,True,False,False,2026-09-25,0.5,81
2449,4,3,4448,218.0,3,False,False,True,2026-09-25,0.5,81
2450,4,18,4078,419.5,3,False,False,True,2026-09-25,0.5,81
2451,4,5,55,26.5,0,False,True,False,2026-09-25,0.5,81
2452,4,3,2319,455.0,2,False,False,True,2026-09-25,0.5,81
2453,4,8,3008,870.5,2,False,False,True,2026-09-25,0.5,81
2454,4,3,854,232.0,2,False,False,True,2026-09-25,0.5,81
2455,4,8,7829,53.5,2,False,False,True,2026-09-25,0.5,81
2456,4,53,6603,906.5,3,False,False,True,2026-09-25,0.5,81
2457,4,18,1159,435.0,3,False,False,True,2026-09-25,0.5,81
2458,4,20,2949,277.0,3,False,False,True,2026-09-25,0.5,81
2459,4,10,1046,77.5,2,False,False,True,2026-09-25,0.5,81
2460,4,3,137,14.5,1,False,False,True,2026-09-25,0.5,81
2461,4,5,497,11.5,1,False,False,True,2026-09-25,0.5,81
2462,4,3,926,247.0,2,False,False,True,2026-09-25,0.5,81
2463,4,7,6970,3311.0,3,False,False,True,2026-09-25,0.5,81
2464,4,143,2725,551.0,4,True,False,False,2026-09-25,0.5,81
2465,4,33,3790,87.0,2,False,False,True,2026-09-25,0.5,81
2466,4,183,6133,1632.5,4,True,False,False,2026-09-25,0.5,81
2467,4,52,6828,101.5,3,False,False,True,2026-09-25,0.5,81
2468,4,5,4051,481.0,2,False,False,True,2026-09-25,0.5,81
2469,4,5,257,71.5,2,False,False,True,2026-09-25,0.5,81
2470,4,5,7875,29.0,1,False,False,True,2026-09-25,0.5,81
2471,4,3,419,10.0,1,False,False,True,2026-09-25,0.5,81
2472,4,5,9174,28.5,1,False,False,True,2026-09-25,0.5,81
2473,4,9,8558,538.0,2,False,False,True,2026-09-25,0.5,81
2474,4,4,3746,21.0,1,False,False,True,2026-09-25,0.5,81
2475,4,72,3474,325.0,3,False,False,True,2026-09-25,0.5,81
2476,4,3,431,40.0,1,False,False,True,2026-09-25,0.5,81
2477,4,3,4241,2007.5,3,False,False,True,2026-09-25,0.5,81
2478,4,3,18,9.0,0,False,True,False,2026-09-25,0.5,81
2479,4,4,2466,174.0,2,False,False,True,2026-09-25,0.5,81
2480,4,3,4462,1964.0,2,False,False,True,2026-09-25,0.5,81
2481,4,3,6203,217.0,2,False,False,True,2026-09-25,0.5,81
2482,4,4,2263,628.5,3,False,False,True,2026-09-25,0.5,81
2483,4,4,15,9.5,0,False,True,False,2026-09-25,0.5,81
2484,4,206,403,285.5,4,True,False,False,2026-09-25,0.5,81
2485,4,8,482,55.0,2,False,False,True,2026-09-25,0.5,81
2486,4,121,705,196.5,4,True,False,False,2026-09-25,0.5,81
2487,4,4,27,7.5,0,False,True,False,2026-09-25,0.5,81
2488,4,5,521,166.0,2,False,False,True,2026-09-25,0.5,81
2489,4,7,264,32.5,1,False,False,True,2026-09-25,0.5,81
2490,4,3,3879,1921.0,3,False,False,True,2026-09-25,0.5,81
2491,4,4,3900,20.5,1,False,False,True,2026-09-25,0.5,81
2492,4,7,4922,142.0,2,False,False,True,2026-09-25,0.5,81
2493,4,4,5436,1012.5,3,False,False,True,2026-09-25,0.5,81
2494,4,4,1676,8.5,1,False,False,True,2026-09-25,0.5,81
2495,4,3,136,5.0,1,False,False,True,2026-09-25,0.5,81
2496,4,6,183,41.5,1,False,False,True,2026-09-25,0.5,81
2497,4,4,9478,26.0,1,False,False,True,2026-09-25,0.5,81
2498,4,10,108,12.0,1,False,False,True,2026-09-25,0.5,81
2499,4,37,1918,196.0,2,False,False,True,2026-09-25,0.5,81
