n,aiqr,sep_median_mean,sep_p90_mean,P_p01_mean,P_p05_mean,P_p10_mean,sep_median_iqr,sep_p90_iqr,P_p01_iqr,P_p05_iqr,P_p10_iqr,sep_median_sd,sep_p90_sd,P_p01_sd,P_p05_sd,P_p10_sd,arm,dataset,coeffvar,size_band,w1,location_share
53,0.2425848285526403,0.0966609644753475,0.194907426085807,1.0,1.0,0.99,0.09235608555173956,0.18622705676437884,1.0,0.999,0.988,0.12122125695189832,0.24443086521660531,1.0,1.0,0.996,empirical,AccessFlooring,0.7973928575390326,s2_10_99,0.08588132246461005,0.5796288930211277
13,0.39825404862967495,0.1294844297896629,0.2715522908901878,1.0,1.0,0.99,0.14413631994052425,0.3022799570875904,1.0,1.0,0.993,0.20167202363816752,0.42294274389874553,1.0,1.0,1.0,empirical,AccessFlooringPedestals,0.6420544974645522,s2_10_99,0.24320007601944105,0.7120759462352374
412,0.19423197931614777,0.0985068385277816,0.18118683883993392,1.0,1.0,1.0,0.13540481601212234,0.24905449148101716,1.0,1.0,1.0,0.05937116525710763,0.10920331940350317,1.0,1.0,0.976,empirical,AcousticalCeilings,1.6591697013389644,s3_100_999,0.4288882772882326,0.9999954672264355
378,0.3210850395112741,0.4485025571572876,0.8436801264655345,1.0,1.0,1.0,0.6783183150442402,1.2759875561193639,1.0,1.0,1.0,0.06193828198009327,0.11651237376489933,1.0,0.998,0.953,empirical,Aggregates,7.241120399520199,s3_100_999,0.4730826710014808,0.9927179070402942
120,0.18560068082811534,0.07675453032706281,0.14080025745462754,1.0,1.0,0.983,0.07571185320820845,0.13888754681525334,1.0,1.0,0.983,0.0886717128120833,0.16266140825412687,1.0,1.0,0.995,empirical,AluminiumBillets,0.8656033349634749,s3_100_999,0.17577317007310486,1.0000000000000095
36,0.31904053503211993,0.12145930293454794,0.2781809100180152,1.0,1.0,0.997,0.2158089261197645,0.49427192489617533,1.0,1.0,1.0,0.14853352083098342,0.3401895860970723,1.0,1.0,0.999,empirical,AluminiumExtrusions,0.8177231796232498,s2_10_99,0.24525913851543416,0.034922436182710535
26,0.3165571433956878,0.1328963805096558,0.3031405519938522,1.0,0.999,0.985,0.1232706187270267,0.281183906305255,1.0,0.999,0.979,0.15967615478011152,0.3642260046110278,1.0,1.0,0.993,empirical,AluminiumSheetGoods,0.8322869541332961,s2_10_99,0.15787636634789962,0.9984108797682796
3,0.6795124380983812,0.19520337261647863,0.39865625010567196,1.0,0.998,0.994,0.23853847535844802,0.487157843728236,1.0,0.999,0.995,0.3696662276399221,0.7549549484023639,1.0,0.999,0.995,empirical,AluminiumSiding,0.5280530327661386,s1_3_9,0.3180505482049435,1.0000000000000004
22,0.3374652492782142,0.22315755148803962,0.512044098851345,1.0,1.0,1.0,0.17500906245376724,0.4015654280010366,1.0,1.0,0.999,0.18567562613926827,0.42604029319723236,1.0,1.0,1.0,empirical,AluminiumSuspensionAssembly,1.2018677740752983,s2_10_99,0.16220677510123474,0.5957746892639332
7232,0.04824637786300866,0.0037662725060300774,0.005968169059168598,0.976,0.001,0.0,0.013766777744814392,0.02181532452829794,1.0,0.714,0.048,0.014212335394855474,0.022521370991158376,1.0,0.748,0.054,empirical,Asphalt,0.26500025515816206,s4_1000_9999,0.06180874870960152,0.995291530801544
45,0.40425314648292315,0.22732479978707082,0.4543552125280717,1.0,1.0,1.0,0.2794596949232575,0.5585574877832069,1.0,1.0,1.0,0.15926817647666625,0.31833009966266723,1.0,1.0,0.998,empirical,BackingAndUnderlay,1.4273083601253842,s2_10_99,0.18889325800827858,0.9245554875989942
66,0.2847069885545865,0.10927398227599275,0.2082597178007536,1.0,1.0,0.999,0.12896685934554694,0.24579136930432766,1.0,1.0,1.0,0.12382054044597969,0.2359832622013066,1.0,1.0,0.999,empirical,BituminousRoofing,0.8825190221461413,s2_10_99,0.21428545490736906,0.9999999999999994
28,0.3141682380006674,0.10991235695047807,0.2481013645449207,1.0,1.0,1.0,0.22722623867052796,0.5129099351401235,1.0,1.0,1.0,0.16644625251579015,0.3757133730756227,1.0,1.0,1.0,empirical,BlanketFacing,0.6603474412261164,s2_10_99,0.257959255251626,1.0
184,0.21919409376621704,0.07744830541731974,0.1399355609315201,1.0,1.0,0.979,0.14277490869018755,0.2579693232389304,1.0,1.0,0.999,0.07241599373677332,0.1308430526577106,1.0,1.0,0.968,empirical,BlanketInsulation [mineral wool],1.0694917161371638,s3_100_999,0.16359693028269365,0.40589836679093655
3,0.6558267123030792,0.27112412186123747,0.5242778779057532,1.0,0.999,0.994,0.25269294762445527,0.48863716526891526,1.0,0.999,0.992,0.35910285967583844,0.6944040387416849,1.0,1.0,0.996,empirical,BlanketInsulation [other],0.7550040735013381,s1_3_9,0.2116136484108487,0.6342698889208772
129,0.27356610606348847,0.1074915271696055,0.19807985062198127,1.0,1.0,0.998,0.16980434871312594,0.31290670914916024,1.0,1.0,1.0,0.0925104560733328,0.17047350430758956,1.0,1.0,0.996,empirical,BlanketInsulation [type not stated],1.1619392199774397,s3_100_999,0.39561395969350843,1.0
3,0.7879109030794299,0.462242070792217,0.9849309307301599,1.0,0.997,0.985,0.6806873996611333,1.4503873975285524,1.0,1.0,0.995,0.40787408247744605,0.8690853235983405,1.0,0.997,0.983,empirical,BlownInsulation [cellulose],1.13329601131932,s1_3_9,0.3823909749044991,1.0000000000000002
16,0.4024585343801045,0.13705322989442378,0.2860039501595002,1.0,1.0,0.993,0.283780002089301,0.5921947380323176,1.0,1.0,1.0,0.21333937794808494,0.44519859083018504,1.0,1.0,0.999,empirical,BlownInsulation [type not stated],0.6424188127508977,s2_10_99,0.07372385790948076,0.7934821119192556
47,0.2949197281673877,0.21398690600524653,0.4211417420495018,1.0,1.0,0.998,0.22202673559953645,0.4369647094652621,1.0,1.0,0.998,0.14091764246359995,0.2773361349089943,1.0,1.0,0.993,empirical,BoardInsulation [EPS],1.51852459538926,s2_10_99,0.34618636562686794,0.9322412278437787
50,0.45663256437415,0.21016223922451538,0.39959961500490077,1.0,1.0,1.0,0.22598395294315587,0.42968280565806255,1.0,1.0,1.0,0.15005847476335865,0.28531913708628787,1.0,1.0,0.999,empirical,BoardInsulation [PIR or PUR],1.4005356215697917,s2_10_99,0.4937874359620064,0.9999659191702202
19,0.4070818430278555,0.2941253423198792,0.63215229832205,1.0,1.0,0.998,0.5361878011412335,1.1524078413312846,1.0,1.0,1.0,0.23281419705331266,0.5003786092977787,1.0,1.0,0.994,empirical,BoardInsulation [XPS],1.2633479660715312,s2_10_99,0.22388421075290327,0.028365170680360447
77,0.29293561238638116,0.07738525938432912,0.13437857637190856,1.0,1.0,0.99,0.15218451426836693,0.2642665868918034,1.0,1.0,1.0,0.11984124751356807,0.20810289142440944,1.0,1.0,1.0,empirical,BoardInsulation [mineral wool],0.6457314237785097,s2_10_99,0.10572986918877202,0.6563024845725222
7,0.4900581610202137,0.18942445140873596,0.4133816132150987,1.0,0.999,0.979,0.22740526214498943,0.49626726338647736,1.0,1.0,0.991,0.26871413963949614,0.5864157647641434,1.0,1.0,0.994,empirical,BoardInsulation [other],0.7049292294885029,s1_3_9,0.15839331181783636,0.9999999999999991
131,0.18597567557074954,0.07101650400230347,0.150276718079666,1.0,0.999,0.95,0.06588824469528586,0.13942490287210363,1.0,0.998,0.939,0.08351464259116592,0.17672379929867607,1.0,0.999,0.97,empirical,BoardInsulation [type not stated],0.8503479365882544,s3_100_999,0.2949530069039762,0.999975863014027
215,0.21178293381269014,0.0991536998559609,0.17603634351066133,1.0,1.0,1.0,0.19611329986135756,0.34817730726694435,1.0,1.0,1.0,0.06726619862578258,0.11942363890753761,1.0,1.0,0.99,empirical,Brick,1.4740494019526198,s3_100_999,0.07860728877366635,0.5543608240684925
137,0.20244529032076525,0.023878678024093696,0.0442640027018015,1.0,0.942,0.469,0.07413844127609533,0.1374307305304431,1.0,1.0,0.985,0.08422255130085407,0.1561236863519841,1.0,1.0,0.991,empirical,CMU [3000-3999 psi],0.2835188159854707,s3_100_999,0.05578551940552273,0.8935089831594228
18,0.3857793787117128,0.05889235944113547,0.11123236176405256,1.0,0.995,0.908,0.1786374721198633,0.3373997596974081,1.0,1.0,0.997,0.213156650408595,0.40259751648023606,1.0,1.0,0.998,empirical,CMU [4000-4999 psi],0.27628675590579077,s2_10_99,0.06961901000945901,0.5957561568114453
8,0.5311864858500353,0.03563979728750289,0.06821104401722804,1.0,0.951,0.703,0.4152091133086968,0.7946691412351218,1.0,1.0,1.0,0.30977222261571247,0.5928733696688038,1.0,1.0,0.999,empirical,CMU [5000-5999 psi],0.11505162401767635,s1_3_9,0.04298892251688855,0.7783522221367393
274,0.15414745947930372,0.02238247302751966,0.03964348573041869,1.0,0.926,0.399,0.05353517350009762,0.09482066097509317,1.0,1.0,0.937,0.06301878263422207,0.11161788096589925,1.0,1.0,0.968,empirical,CMU [<3000 psi],0.3551714598714727,s3_100_999,0.07319568661836917,0.9778590241923166
8,0.5268613567911995,0.07379412184165603,0.147981826635894,1.0,0.999,0.956,0.19427818892388038,0.3895925658436421,1.0,1.0,0.999,0.2948179118920927,0.5912082431224833,1.0,1.0,1.0,empirical,CMU [>=6000 psi],0.25030406520437487,s1_3_9,0.1201728526661324,0.7411829741795406
39,0.3007789481116122,0.03704109712806563,0.06973403128807149,1.0,0.978,0.768,0.12753319614441827,0.2400955851673245,1.0,1.0,0.999,0.1516643472119485,0.2855251910384023,1.0,1.0,1.0,empirical,CMU [strength not stated],0.24423074907843237,s2_10_99,0.04850474649735445,0.5920645796339328
59,0.2919487990170779,0.16636122196281009,0.32096608753871103,1.0,1.0,0.998,0.16961086367612582,0.32723572642642434,1.0,1.0,0.998,0.12470842165300092,0.24060399237774066,1.0,1.0,0.997,empirical,CableTrays,1.334001503328359,s2_10_99,0.23596592135655312,0.5665122080834587
1989,0.0631779184970019,0.010765294000023566,0.018348856517744833,1.0,0.478,0.01,0.01588015720498212,0.027066861902035454,1.0,0.801,0.144,0.023399942812525682,0.03988392636462398,1.0,0.958,0.437,empirical,Carpet,0.46005642348241316,s4_1000_9999,0.23959562661055755,0.9999239246554414
255,0.145831453940035,0.02028305880787072,0.03669229042540536,1.0,0.895,0.337,0.04737264510766027,0.08569766862951786,1.0,0.999,0.899,0.06419216312281167,0.11612437328354139,1.0,1.0,0.961,empirical,CastDecksAndUnderlayment,0.3159740663212333,s3_100_999,0.17455126983123082,1.0000000000000038
1084,0.08975215371244784,0.015206548155616308,0.024768530339511194,1.0,0.803,0.096,0.031029905192400023,0.05054172323166306,1.0,0.995,0.729,0.03583243355101766,0.05836411448965877,1.0,0.999,0.827,empirical,Cement,0.42437944199255884,s4_1000_9999,0.04663355757453327,0.7499695052784888
21,0.348481036525338,0.10019618456290456,0.22044244130712595,1.0,1.0,0.999,0.20330318503642553,0.44728899239479,1.0,1.0,1.0,0.1851409177174389,0.40733004021576324,1.0,1.0,1.0,empirical,CementBoard,0.5411887647430994,s2_10_99,0.35890997510548,1.0000000000000002
3764,0.05882416510575936,0.007082423866659865,0.011728168596186122,1.0,0.127,0.0,0.018534575631622904,0.030692405871064178,1.0,0.943,0.214,0.019340792412427615,0.032027463826979956,1.0,0.958,0.24,empirical,CementGrout,0.366190987196005,s4_1000_9999,0.1474890191104433,0.9993532445802566
51,0.24736996059561966,0.09417769858285277,0.1987514717698556,1.0,0.999,0.978,0.06903996345688675,0.1457011007326915,1.0,0.992,0.951,0.1110746220178429,0.23441053385802507,1.0,1.0,0.984,empirical,CementitiousSheathingBoard,0.8478777318524133,s2_10_99,0.2967700766407793,0.9999999999999994
140,0.18483535433551998,0.055169312586082195,0.09285766210681112,1.0,1.0,0.97,0.08003703108820226,0.13471350720972258,1.0,1.0,0.994,0.0871388836696212,0.146666917473967,1.0,1.0,0.999,empirical,Coil,0.633119340789944,s3_100_999,0.07369807246854947,0.448168347815127
16,0.4174659167331629,0.0842292261526628,0.1563720554708695,1.0,1.0,0.967,0.29850238764849396,0.5541714444218676,1.0,1.0,1.0,0.2289558732271842,0.42505792993719393,1.0,1.0,1.0,empirical,CompositeLumber,0.3678841034537924,s2_10_99,0.1334853068200979,0.8527131178319126
3,0.6884187857001663,0.16703989575246997,0.39595287855930694,0.999,0.979,0.935,0.13056542824970377,0.30949347114301234,0.997,0.97,0.916,0.2747985350037786,0.6513849309380791,1.0,0.988,0.968,empirical,CompositionSiding,0.6078631232519968,s1_3_9,0.0130039595378763,0.6503908151480229
118,0.24356155786054437,0.2928087130973605,0.5330098565314825,1.0,1.0,0.998,0.3934195896473692,0.7161553248072017,1.0,1.0,1.0,0.08135507531502474,0.1480934653995451,1.0,0.995,0.933,empirical,ConcreteAdmixtures,3.599145006793255,s3_100_999,0.31009071928327125,0.8410132390206688
108,0.18544282947982882,0.017899092485691458,0.0343889949090763,1.0,0.792,0.273,0.047740444386119234,0.0917222982262205,1.0,0.988,0.867,0.08327469084648048,0.15999319082036081,1.0,0.999,0.974,empirical,ConcretePaving [3000-3999 psi],0.21494036547897852,s3_100_999,0.03233251375853993,0.9995610067568508
160,0.1875958024983048,0.01825013348592884,0.03235378004809364,1.0,0.826,0.255,0.06731655144579723,0.11933857364674814,1.0,1.0,0.969,0.07918689835326953,0.1403822878330053,1.0,1.0,0.989,empirical,ConcretePaving [4000-4999 psi],0.23046910367054826,s3_100_999,0.0761537579298918,1.0000000000000038
42,0.26118021980433753,0.03318634437671013,0.06700355711933315,1.0,0.958,0.685,0.0671199762392507,0.13551589505444492,1.0,1.0,0.943,0.12926373989708323,0.2609847677507723,1.0,1.0,0.995,empirical,ConcretePaving [5000-5999 psi],0.25673359290959946,s2_10_99,0.021021204624921134,0.42268596162291033
32,0.31427337958734225,0.0340772953594787,0.06595094526022363,1.0,0.959,0.718,0.10687543452042723,0.20683965254181305,1.0,1.0,0.986,0.15455130826343189,0.29910838767145254,1.0,1.0,0.996,empirical,ConcretePaving [<3000 psi],0.22049179487626291,s2_10_99,0.03336445911880814,0.20343528452316215
38,0.36889427465549984,0.09775946440466315,0.21223216456459096,1.0,0.999,0.977,0.2163481840667007,0.4696838682956637,1.0,1.0,0.999,0.16031385708235665,0.3480354266002309,1.0,1.0,0.994,empirical,ConcretePaving [strength not stated],0.6098004638141921,s2_10_99,0.6506983117438001,0.999999999999999
76,0.21272853264986213,0.12911817833835437,0.25363794895080954,1.0,0.999,0.992,0.09737629808256873,0.19128464202277837,1.0,0.998,0.982,0.11340889304603849,0.22277884799149447,1.0,0.998,0.986,empirical,Countertops,1.1385189897404138,s2_10_99,0.33803389862391375,0.8976999744586049
54,0.3112064838357676,0.1001433448501981,0.179357802416852,1.0,1.0,0.994,0.1327376454736975,0.2377345436759943,1.0,1.0,0.999,0.13349407192260918,0.23908931154169452,1.0,1.0,1.0,empirical,CurtainWalls,0.7501707259948929,s2_10_99,0.063733654003208,0.36713497003428974
162,0.21197843277227107,0.16962965875528802,0.3385230746389431,1.0,1.0,1.0,0.3505969784528616,0.6996722623618796,1.0,1.0,1.0,0.0666462039665697,0.13300314370333532,1.0,1.0,0.969,empirical,DampproofingAndWaterproofing,2.5452261143091612,s3_100_999,0.22296268212582762,0.06041129853939195
951,0.17717930265287885,0.08879096795551004,0.169261547877795,1.0,1.0,1.0,0.09561452985941683,0.18226925211268885,1.0,1.0,1.0,0.04578178468886797,0.0872734684560317,1.0,1.0,0.917,empirical,DataCabling,1.939438764978944,s3_100_999,0.8187743587054361,0.9999999999999989
7,0.5435373459742694,0.16251043191193,0.3330145855084551,1.0,0.999,0.993,0.32189124615559606,0.6596159929929808,1.0,1.0,0.999,0.3029222672109566,0.6207449704595408,1.0,1.0,0.999,empirical,DeckingBoards,0.5364756886582952,s1_3_9,0.3517877624052052,1.0000000000000002
62,0.26681654315407816,0.03138198961163137,0.05697004718701545,1.0,0.98,0.671,0.10034863805197305,0.18217030582582144,1.0,1.0,0.995,0.11886973771059273,0.2157930281122344,1.0,1.0,0.999,empirical,DeckingSteel,0.2640031871529474,s2_10_99,0.03640359736347859,0.6010257455168658
4,0.5853975040827292,0.20955542936236976,0.4709528575228714,1.0,1.0,0.986,0.18692544474130074,0.4200944476242591,1.0,1.0,0.983,0.30915258675612295,0.6947865516364831,1.0,1.0,0.997,empirical,DemountablePartitionTrack,0.6778381884531309,s1_3_9,0.6499440265476439,1.0
45,0.2814074902672012,0.07045982257150225,0.1270109608167562,1.0,0.998,0.961,0.09612856655661794,0.17328146956236692,1.0,1.0,0.984,0.13205416402352133,0.23804099471667697,1.0,1.0,0.995,empirical,DemountablePartitions,0.5335675939681238,s2_10_99,0.08323028416825903,0.11704952989757034
61,0.30333098279335746,0.13604796906495387,0.2725709181802825,1.0,1.0,0.997,0.17371539346741016,0.3480372740945119,1.0,1.0,1.0,0.11961669387161797,0.23965100179268695,1.0,1.0,0.996,empirical,DoorsAndFrames,1.1373660704163184,s2_10_99,0.4838242132125616,0.9999999999999999
3,0.7377994543010123,0.004828927280310612,0.00916214859352638,0.892,0.04,0.0,0.33641534754415325,0.638296504465913,1.0,0.999,0.997,0.43643480943651647,0.828068087036408,1.0,1.0,0.999,empirical,Electrical,0.011064487011348313,s1_3_9,0.0032353975703298438,0.9770663417863564
20,0.42289102952547575,0.5023558249988691,1.2084367866942032,1.0,1.0,1.0,0.5252549782561964,1.2635216046723066,1.0,1.0,1.0,0.27328890243321785,0.6574072533076071,1.0,1.0,1.0,empirical,Elevators,1.8381859655703616,s2_10_99,0.4129921616322372,0.9866781778274265
17,0.39192323751965863,0.34263264345540556,0.704282914458948,1.0,1.0,0.997,0.28033180095693977,0.5762232570790519,1.0,1.0,0.994,0.24404375154593752,0.5016330109732767,1.0,1.0,0.989,empirical,FenestrationAccessories,1.4039803981250882,s2_10_99,0.2940382562133262,0.979055333096968
259,0.15438793039655072,0.07558040302532126,0.12858092499628987,1.0,1.0,0.987,0.08479136634226105,0.1442510476205662,1.0,1.0,0.994,0.06849919057082843,0.11653403438644627,1.0,1.0,0.983,empirical,FenestrationFraming,1.1033765858469646,s3_100_999,0.13190438977443286,0.72730834402568
29,0.3125645833924261,0.08328430806109147,0.16863586613503861,1.0,1.0,0.994,0.17943772242174783,0.3633293767139635,1.0,1.0,1.0,0.17261852401808858,0.34952171647256214,1.0,1.0,1.0,empirical,FiberCementSiding,0.48247607569836587,s2_10_99,0.10048110379855575,0.320137205305389
22,0.33389827890665935,0.15425289945072773,0.3669755602477273,1.0,1.0,1.0,0.22717990764065943,0.5404726535470297,1.0,1.0,1.0,0.18209147618652177,0.4332049622913541,1.0,1.0,1.0,empirical,FireAndSmokeProtection,0.8471176283546729,s2_10_99,0.1393785096691532,0.649276486033815
12,0.5566536233968398,0.38779477837031684,0.8394562177251207,1.0,1.0,0.995,0.9272963103160587,2.0073108169214113,1.0,1.0,1.0,0.300292133039159,0.6500399496687921,1.0,1.0,0.993,empirical,FlashingAndSheetMetal,1.291391733927799,s2_10_99,0.22480299058917486,0.5473499613411418
47,0.3166173098876168,0.16393501130401716,0.3457595361821675,1.0,1.0,1.0,0.1808635307417166,0.381463910631961,1.0,1.0,1.0,0.14288141050941522,0.3013548468616764,1.0,1.0,0.998,empirical,FlatGlassPanes,1.1473501746626067,s2_10_99,0.30080728876372176,0.2585118118971637
2008,0.07484903446480304,0.022210192283719787,0.03556431587343547,1.0,0.97,0.352,0.030120497435383572,0.04823077942653344,1.0,0.999,0.684,0.026694963068683675,0.04274560466098566,1.0,0.991,0.567,empirical,FlowableFill,0.8319993635718852,s4_1000_9999,0.1469779303553352,0.9665811773818666
8,0.5729730073474523,0.33828937429862527,0.6526012293520098,1.0,0.999,0.993,0.5292089967173752,1.0209083349364494,1.0,1.0,0.998,0.34286647514070284,0.661431011968153,1.0,0.999,0.993,empirical,FoamedInPlace [PIR or PUR],0.9866504859065055,s1_3_9,0.20938488999008248,1.0000000000000002
5,0.6321548577896923,0.05021127068411192,0.09684724429590169,1.0,0.975,0.869,0.21312265573598205,0.41106989773085184,1.0,1.0,0.994,0.36540283026661824,0.7047871262187115,1.0,1.0,1.0,empirical,FoamedInPlace [type not stated],0.13741346953299455,s1_3_9,0.10204016886100341,1.0000000000000033
7,0.49868553169200114,0.08443689710546086,0.179598141823779,1.0,0.996,0.937,0.14040018080059224,0.298632617349912,1.0,1.0,0.981,0.28302754457944107,0.6020024756230288,1.0,1.0,1.0,empirical,Furnishings,0.29833455691009914,s1_3_9,0.09918853946233779,0.8437713975836433
141,0.20304932008646703,0.11093880809962928,0.19454855606298524,1.0,1.0,0.999,0.1265346560421169,0.22189831535609042,1.0,1.0,1.0,0.08795941450682586,0.15425059433738186,1.0,1.0,0.995,empirical,GlazedDoors,1.26124996081028,s3_100_999,0.1557810989977992,0.1733384983814732
771,0.1088614990345884,0.028891564100634558,0.04834656171300001,1.0,0.997,0.647,0.047662525230431095,0.07975751016539274,1.0,1.0,0.958,0.04277209618646624,0.07157396465869927,1.0,1.0,0.917,empirical,Gypsum,0.6754769271695478,s3_100_999,0.08586050338640754,0.9930207209516128
19,0.3738484461729063,0.06295306638991208,0.12373414679543598,1.0,0.996,0.924,0.11962507947242776,0.23512289381076076,1.0,1.0,0.99,0.18883620129349954,0.3711572380989939,1.0,1.0,0.999,empirical,GypsumSheathingBoard,0.33337392914437525,s2_10_99,0.1995073764808837,0.9454511537997238
5,0.5719290448747361,0.27336242536481353,0.5875263423275713,1.0,0.996,0.969,0.18929595619008768,0.40684582238886535,1.0,0.991,0.927,0.29579800075415663,0.6357461791574646,1.0,0.996,0.977,empirical,HeavyTimber,0.9241523765132216,s1_3_9,0.39611410587632123,0.8426355461006185
145,0.17301736108512686,0.03137873026899586,0.056810935151320616,1.0,0.98,0.678,0.05707897177153159,0.10334101271843177,1.0,1.0,0.954,0.08464740667732476,0.15325343920064388,1.0,1.0,0.99,empirical,Hollow,0.3706992511727067,s3_100_999,0.016657863250683216,0.5233011849803553
81,0.3073804141910104,0.11039582171995874,0.20433417151438618,1.0,1.0,1.0,0.23370551709070297,0.43257092948868775,1.0,1.0,1.0,0.10179528013803638,0.1884152308213671,1.0,1.0,0.999,empirical,HotRolled,1.0844886086099457,s2_10_99,0.25235944599954185,0.9580335773147048
271,0.15424059407338614,0.019671846920178378,0.03352382032271463,1.0,0.907,0.272,0.053105259252060326,0.09049944199856076,1.0,1.0,0.948,0.06593127927770301,0.11235693166589525,1.0,1.0,0.984,empirical,InsulatedRoofPanels,0.2983689553075472,s3_100_999,0.03727870584541069,0.9551779342952262
420,0.12522498045963001,0.018371703192177766,0.030249773401237513,1.0,0.904,0.222,0.04561058952460043,0.07509973263684493,1.0,0.999,0.93,0.05629380088379138,0.09269008446392259,1.0,0.999,0.978,empirical,InsulatedWallPanels,0.3263539306948364,s3_100_999,0.018217558800104772,0.6488543593230593
32,0.3295443231527614,0.20145277293946784,0.4564917066201314,1.0,1.0,0.998,0.3814322743859252,0.864325009548261,1.0,1.0,1.0,0.20832582891931645,0.47206604202468566,1.0,1.0,0.998,empirical,InsulatingGlazingUnits,0.967008142890863,s2_10_99,0.04548089900304115,0.6927205126755276
5,0.5609728234958732,0.13870279842322913,0.2918336839680414,1.0,0.998,0.98,0.15797385683006457,0.33238040712549005,1.0,0.998,0.989,0.30557913428890116,0.6429450992847436,1.0,1.0,0.998,empirical,JointProtection,0.45390140510083565,s1_3_9,0.297292731516077,0.818397260048997
26,0.30729170044547205,0.114045527957695,0.24624668733974703,1.0,0.999,0.988,0.12024252469041051,0.2596272200464087,1.0,0.999,0.989,0.1534214467432882,0.3312670273350866,1.0,1.0,0.998,empirical,Laminate,0.74334801540831,s2_10_99,0.14866581221902095,0.9552261819545713
40,0.46141428887857494,0.1092507833950113,0.23387417468226007,1.0,1.0,0.999,0.24238237097019444,0.5188702104150963,1.0,1.0,1.0,0.160179178970686,0.3428970678187543,1.0,1.0,1.0,empirical,MBQ,0.6820535858471657,s2_10_99,0.4418045204431366,0.9946038136066306
26,0.35274911276282744,0.059301552759968734,0.10905876838533668,1.0,0.999,0.942,0.17406803031854534,0.320120538472929,1.0,1.0,1.0,0.18318251590895152,0.33688257128139537,1.0,1.0,1.0,empirical,MasonryCement,0.32372932790945946,s2_10_99,0.13057993122785647,0.8425553273828642
66,0.32895048844333863,0.1199403130313922,0.2675674545341356,1.0,1.0,0.998,0.19383162954060643,0.4324070399150069,1.0,1.0,1.0,0.11497469380319912,0.2564899605415559,1.0,1.0,0.997,empirical,MassTimber,1.04318880150003,s2_10_99,0.07421005935781895,0.444119680402786
22,0.3523539159916168,0.18633046508963552,0.43293300190809675,1.0,1.0,1.0,0.23618940252209025,0.5487786820237811,1.0,1.0,1.0,0.19662709467421785,0.45685689837582966,1.0,1.0,1.0,empirical,MechanicalInsulation,0.9476337195459131,s2_10_99,0.13510595942654438,0.47118733523934014
42,0.3622975906266003,0.10328733745352686,0.21266465091087358,1.0,1.0,0.996,0.17041723583082197,0.3508825269454195,1.0,1.0,0.999,0.14813335349849954,0.3050008712267347,1.0,1.0,0.998,empirical,MetalDoorAndFrames,0.6972591588198472,s2_10_99,0.3508453748860855,0.9999999999999999
13,0.4248990658006059,0.13053159604331216,0.27457184518512895,1.0,0.997,0.972,0.34064932931271086,0.7165522964986364,1.0,1.0,0.999,0.2213861808240174,0.4656835127272121,1.0,1.0,0.993,empirical,MetalRailings,0.5896104063833749,s2_10_99,0.20635318316749252,0.6433055300265622
5,0.7010456186175184,0.09419589690469415,0.1701724851341411,1.0,0.989,0.963,0.40321580372736876,0.7284418708287388,1.0,1.0,0.999,0.40590608534142514,0.7333020815493594,1.0,1.0,0.999,empirical,MetalStairs,0.2320632784439827,s1_3_9,0.09560327484724158,0.7884997961994815
19,0.37074650798320746,0.07872396008706709,0.14884070915671163,1.0,0.998,0.962,0.12229113666360586,0.23121168554605875,1.0,1.0,0.993,0.1875472200077117,0.35458913900475264,1.0,1.0,0.998,empirical,Mirrors,0.4197554092448296,s2_10_99,0.14374390259241848,0.6726474716270857
69,0.2552962244232603,0.07570038626652237,0.12992234147282666,1.0,1.0,0.99,0.10926645067978735,0.18753078837354878,1.0,1.0,1.0,0.11942044888898413,0.20495779618306043,1.0,1.0,1.0,empirical,MiscMetalFabrication,0.6338980214091736,s2_10_99,0.06371760543977317,0.7483784541187806
248,0.1794789190815196,0.09581756687390325,0.16474177518378008,1.0,1.0,0.999,0.12894865971990627,0.22170497334567923,1.0,1.0,1.0,0.06479545594142022,0.11140460756720881,1.0,1.0,0.988,empirical,Mortar,1.4787698532521985,s3_100_999,0.1622823651602185,1.000000000000007
22,0.34806596364172915,0.09258587712358596,0.18747672653905034,1.0,1.0,0.983,0.10765541997923327,0.21799097615020388,1.0,1.0,0.99,0.17497019708487277,0.3542963658223855,1.0,1.0,0.999,empirical,NetworkingCableTrays,0.529152270878882,s2_10_99,0.19310366132902135,0.9982775449280894
32,0.343411399928846,0.2479686551955128,0.5682479352569642,1.0,1.0,1.0,0.25708102550841316,0.5891299520244454,1.0,1.0,1.0,0.19538099397981984,0.44773742201387334,1.0,1.0,1.0,empirical,NetworkingRaceways,1.2691544358768312,s2_10_99,0.15454867062920297,0.5308924559255221
57,0.219822898081931,0.0956330604245771,0.17697168724722226,1.0,0.999,0.98,0.1052837532548947,0.1948305676982243,1.0,0.999,0.984,0.1240925829845771,0.22963683989770908,1.0,1.0,0.992,empirical,NonStructuralWood,0.7706589557932151,s2_10_99,0.13237221886658293,0.9282749709753629
282,0.1480273750382888,0.07357092270660015,0.12606439719081233,1.0,1.0,0.978,0.10788862109994887,0.18486806311989962,1.0,1.0,0.995,0.061363169001891524,0.10514630815208487,1.0,1.0,0.953,empirical,OilPatch,1.1989426866844566,s3_100_999,0.08292291965067762,0.8335283608895836
17,0.4099281537233006,0.07832581334832261,0.1500347119133507,1.0,0.998,0.956,0.20848141536036252,0.3993504536464474,1.0,1.0,0.998,0.22500438852398053,0.43100054973330204,1.0,1.0,0.998,empirical,OpenWebMembranes,0.3481079363035391,s2_10_99,0.04164294103681572,0.05878177658713178
12,0.3991193944682322,0.1252441870322159,0.2540780249673519,1.0,0.995,0.98,0.09268085625759975,0.18801805870764127,1.0,0.994,0.961,0.17550508921785518,0.35604036799505395,1.0,0.998,0.993,empirical,Openings,0.7136213974783935,s2_10_99,0.18752476487997535,0.9764195398803205
217,0.1610844918306208,0.07416907705727752,0.14791725797340594,1.0,1.0,0.988,0.0643013641329341,0.1282378296166201,1.0,0.999,0.973,0.06957531181380376,0.13875579627605425,1.0,1.0,0.982,empirical,OtherFlooring,1.0660257945486113,s3_100_999,0.25162133002211334,0.9863541837626247
19,0.382070486233254,0.28943233553176984,0.6405485472238828,1.0,1.0,1.0,0.2645322629855197,0.5854416937827646,1.0,1.0,0.999,0.21834220359352158,0.48321754047463616,1.0,1.0,0.996,empirical,PaintingAndCoating,1.3255904299225347,s2_10_99,0.667159558779572,1.0
72,0.24298514513691538,0.09015762794966897,0.16188370917319672,1.0,1.0,0.997,0.14120339922873937,0.2535396120644716,1.0,1.0,1.0,0.11153093341922059,0.20026082761995034,1.0,1.0,1.0,empirical,PlateSteel,0.8083643271484688,s2_10_99,0.13198494496578103,0.17601208960366974
35,0.30603347280498416,0.018654883349757317,0.03573827803629816,1.0,0.838,0.308,0.116209613663281,0.2226297214366209,1.0,1.0,0.997,0.15442439100396965,0.29584006063257867,1.0,1.0,0.999,empirical,PostTensioningSteel,0.12080269980975852,s2_10_99,0.015570824862996671,0.13825766283609234
398,0.1998615444862124,0.13969316304624596,0.24048302790826437,1.0,1.0,1.0,0.15700469311392362,0.2702849815444768,1.0,1.0,1.0,0.06794872423528331,0.11697433568166114,1.0,1.0,0.993,empirical,PowerCabling,2.0558614546247562,s3_100_999,0.1398467622324057,0.22374137296172125
499,0.14560207795112112,0.020736484614348127,0.033355914938925396,1.0,0.94,0.329,0.0624086008675139,0.10038808509296501,1.0,1.0,0.99,0.050088908764514536,0.08057110022287467,1.0,1.0,0.96,empirical,PrecastConcrete,0.4139935392052081,s3_100_999,0.04959746540945206,0.9987628289075329
130,0.23809986226830415,0.14512872467368565,0.28013988796370737,1.0,1.0,0.999,0.13239552091687293,0.25556116805920215,1.0,1.0,0.998,0.10018461058038117,0.19338491154511214,1.0,1.0,0.996,empirical,ProcessedNonInsulatingGlassPanes,1.4486129539550832,s3_100_999,0.5067500075498083,0.9999363406053764
20814,0.028409085021727933,0.0019869445419805395,0.003137112410205504,0.613,0.0,0.0,0.006219623540639934,0.009819930946184876,1.0,0.055,0.0,0.00798724315437271,0.01261075943163239,1.0,0.196,0.0,empirical,ReadyMix [3000-3999 psi],0.24876474943582527,,0.0029800950719405745,0.20531069708293395
31025,0.023616430063760938,0.0016091332632871093,0.002587395543056981,0.381,0.0,0.0,0.004948369456703222,0.007956699031575963,0.999,0.01,0.0,0.006653888293106798,0.010699077140705249,1.0,0.09,0.0,empirical,ReadyMix [4000-4999 psi],0.2418335253620228,,0.001033993437177977,0.34151665895386313
14366,0.03117536258843763,0.0023112545410303095,0.0037676659871838806,0.726,0.0,0.0,0.006788873092106653,0.01106680626748963,0.998,0.104,0.0,0.009472390903758968,0.015441313101538921,1.0,0.355,0.006,empirical,ReadyMix [5000-5999 psi],0.2439990668156572,,0.0016406619511822873,0.22178351845065014
3974,0.055113048301555695,0.005608764522181555,0.008801669665260694,0.998,0.032,0.0,0.014749163642597152,0.023145429926254103,1.0,0.784,0.075,0.01861595953004081,0.029213479303201357,1.0,0.92,0.214,empirical,ReadyMix [<3000 psi],0.30128796278970305,s4_1000_9999,0.09853285027446827,0.9999286905215634
7887,0.03992161395996456,0.0032712585702936964,0.005294402055773193,0.945,0.001,0.0,0.009334599682847817,0.015107678799677457,1.0,0.351,0.002,0.012871780457442618,0.020832465380205934,1.0,0.643,0.04,empirical,ReadyMix [>=6000 psi],0.25414188667288945,s4_1000_9999,0.00915327979655771,0.689319043155253
8777,0.03904352976452461,0.006215333095469664,0.010124774777801007,1.0,0.07,0.0,0.010862900231527119,0.017695659522753777,1.0,0.485,0.012,0.013282916583049777,0.021637865055651465,1.0,0.695,0.044,empirical,ReadyMix [strength not stated],0.4679193049665764,s4_1000_9999,0.060712220405288314,0.9943833530179159
204,0.19849713805523025,0.07348456817347393,0.137852110413778,1.0,1.0,0.99,0.09735376721061637,0.18262912336959972,1.0,1.0,0.998,0.07832809256371367,0.14693823659824373,1.0,1.0,0.994,empirical,RebarSteel,0.9381636366760765,s3_100_999,0.06700761423885929,0.8744616420507982
468,0.15272516721172127,0.0471839017904703,0.09047011144350241,1.0,0.999,0.907,0.09755616507905099,0.1870535668265786,1.0,1.0,0.999,0.04330680379625684,0.08303618855235409,1.0,0.999,0.87,empirical,ResilientFlooring,1.089526301974485,s3_100_999,0.1031523136418761,0.9676045082027317
20,0.39562242461973474,0.04226310322498521,0.08122886771807926,1.0,0.992,0.821,0.18481230759553985,0.3552056839374775,1.0,1.0,1.0,0.21118446700111418,0.40589246470678636,1.0,1.0,1.0,empirical,RoofCoverBoards,0.20012410867681021,s2_10_99,0.0788434214051332,0.9715112263967406
61,0.24340355108569384,0.09556846446168123,0.1931095992989986,1.0,1.0,0.988,0.0885870024787257,0.17900256792998148,1.0,1.0,0.981,0.11745389577126691,0.23733220865539778,1.0,1.0,0.99,empirical,RoofPanels,0.8136678978089754,s2_10_99,0.12005595967116545,0.7691537198614525
71,0.45866913044321844,0.13025993511268028,0.25346089459247334,1.0,1.0,0.996,0.1370615208846726,0.2666954782956307,1.0,1.0,0.998,0.1404237441251346,0.2732377210014168,1.0,1.0,0.998,empirical,SheathingPanels,0.9276204385819745,s2_10_99,0.18809061499790072,0.3832184707021459
183,0.1681992502997608,0.015430206503530098,0.02786768290437756,1.0,0.742,0.149,0.0538566016907359,0.09726757045548472,1.0,0.997,0.913,0.07200148458569217,0.1300380873463651,1.0,1.0,0.965,empirical,Shotcrete [3000-3999 psi],0.21430400487320406,s3_100_999,0.009267345694277802,0.2845019259183017
651,0.10595889818815805,0.006801560960874843,0.011304267883458978,1.0,0.111,0.0,0.03064753202072255,0.05093652970575935,1.0,0.994,0.672,0.04108488583737334,0.06828352464068199,1.0,1.0,0.876,empirical,Shotcrete [4000-4999 psi],0.16554898041575491,s3_100_999,0.0341153292882231,0.9956165370926473
471,0.11313603287188498,0.009352318396682758,0.016966628920236777,1.0,0.367,0.007,0.029438371365152354,0.05340600071377218,1.0,0.986,0.622,0.046137828753848656,0.08370153650132771,1.0,0.997,0.888,empirical,Shotcrete [5000-5999 psi],0.20270391237044544,s3_100_999,0.02595749576750293,0.9729534767954507
4,0.6269997532367446,0.08945173300977097,0.18165398591505932,1.0,0.993,0.952,0.21664328885982737,0.43994806605744,1.0,1.0,0.994,0.3654769719808385,0.7421918669058521,1.0,1.0,1.0,empirical,Shotcrete [<3000 psi],0.2447534040926136,s1_3_9,0.19903298357510874,0.7316559594681162
264,0.1436420309621103,0.012078884374537996,0.021725754808128567,1.0,0.589,0.049,0.044103204711370615,0.07932648265362567,1.0,0.998,0.881,0.06058337990049756,0.10896864448346524,1.0,0.999,0.965,empirical,Shotcrete [>=6000 psi],0.1993762050644322,s3_100_999,0.08722516277308334,0.9976427502297314
96,0.25526612638798485,0.02675690639527065,0.04913444492650709,1.0,0.959,0.549,0.10595310630408986,0.19456461033218767,1.0,1.0,0.997,0.10460410677482895,0.19208740530343033,1.0,1.0,0.997,empirical,Shotcrete [strength not stated],0.2557921215547266,s2_10_99,0.022145391995505505,0.689149788160587
29,0.33256749788664286,0.059523424135787095,0.11554911157294254,1.0,0.999,0.938,0.13531474603163793,0.2626780786502776,1.0,1.0,0.999,0.17357466366894417,0.3369496709860876,1.0,1.0,1.0,empirical,SinglePlyEPDM,0.3429269161616529,s2_10_99,0.06819650009906851,1.0000000000000002
11,0.4457171964557309,0.05550744221206898,0.10765881990722286,1.0,0.988,0.881,0.16556115880569502,0.32111223773193326,1.0,1.0,0.999,0.24470579881594784,0.4746163122474251,1.0,1.0,1.0,empirical,SinglePlyKEE,0.22683337493697128,s2_10_99,0.09788388338981213,0.6556667023380415
74,0.2717247383589921,0.06639865525652841,0.11333797305680775,1.0,0.999,0.979,0.1516413459669811,0.25884142859676273,1.0,1.0,0.999,0.11653292800606202,0.19891375515897036,1.0,1.0,0.999,empirical,SinglePlyPVC,0.5697844926120313,s2_10_99,0.08272021413212322,0.9817965427581314
27,0.3629673576058446,0.2917108373935799,0.6531815641705483,1.0,1.0,1.0,0.171062962567113,0.3830340156697036,1.0,1.0,0.999,0.19711092592684876,0.4413590666098362,1.0,1.0,1.0,empirical,SinglePlyPolyurethane,1.4799323579954105,s2_10_99,0.28251866465999004,0.1771034791853455
62,0.2658823359440117,0.03465813990361258,0.06472847022563591,1.0,0.983,0.726,0.09925694536807386,0.18537492926085336,1.0,1.0,0.994,0.11972150142918699,0.2235950821994288,1.0,1.0,0.998,empirical,SinglePlyTPO,0.28948968639615846,s2_10_99,0.11492673816425637,0.9991759847085206
11,0.5168431854169562,0.3008688292925681,0.5976600484162377,1.0,0.999,0.988,0.5872267272004656,1.1664948975776415,1.0,1.0,0.999,0.31023970847707316,0.6162748052864747,1.0,0.999,0.989,empirical,SprayedInsulation,0.9697947138020933,s2_10_99,0.21507730787919685,0.7525307370200403
98,0.2035625095463587,0.01563371965472219,0.02872277600705454,1.0,0.771,0.175,0.08542459114444442,0.156944825104048,1.0,1.0,0.994,0.10105202932007662,0.185656060574309,1.0,1.0,0.998,empirical,SteelSuspensionAssembly,0.15470960612976178,s2_10_99,0.020335571848201138,0.9963445245233395
19,0.34075979247440347,0.16181811100707053,0.3861018690577176,1.0,0.998,0.982,0.13496331538238765,0.32202568673594995,1.0,0.997,0.968,0.16928711187047424,0.4039230831072863,1.0,0.999,0.984,empirical,StoneCladding,0.955879684041639,s2_10_99,0.7813200958296089,0.9987952742946763
15,0.43647345533192616,0.1142981826925776,0.2146974325224217,1.0,0.998,0.978,0.3272993569910454,0.6147983279945909,1.0,1.0,0.999,0.24556044100939933,0.4612601440531503,1.0,1.0,0.998,empirical,StorageFurniture,0.46545845178785367,s2_10_99,0.35534912258060153,0.9999999999999989
28,0.3080519486755666,0.1061201551877057,0.23152675325805425,1.0,0.999,0.991,0.11062959092314215,0.24136517662828694,1.0,0.999,0.992,0.15639173749759394,0.341206353827484,1.0,0.999,0.997,empirical,SupplementaryCementitiousMaterials,0.6785534637936889,s2_10_99,0.15188365205142493,0.9213197424762289
161,0.20099674149128072,0.1353539040116022,0.2552353967875791,1.0,1.0,0.998,0.10234966067824261,0.1929996511371118,1.0,1.0,0.996,0.09513655217546098,0.17939797023826218,1.0,1.0,0.994,empirical,Tables,1.422732913023462,s3_100_999,0.7442827388844595,1.0000000000000007
43,0.41771273232762446,0.20793457950918123,0.4281326352064713,1.0,1.0,1.0,0.4017193099318698,0.827131048527032,1.0,1.0,1.0,0.14687806801389858,0.30241864754413855,1.0,1.0,1.0,empirical,TileGrout,1.4156952247595267,s2_10_99,0.16276337856167836,0.8316485680421172
17,0.3542990155033639,0.12748686133340947,0.2821430367418836,1.0,0.998,0.99,0.11337792081056255,0.2509183341906455,1.0,0.998,0.985,0.1781176548361738,0.39419478609166203,1.0,1.0,0.995,empirical,Timber,0.7157452272244845,s2_10_99,0.1482490591777418,0.8352593803502725
46,0.43104206158273306,0.1765816661225219,0.4093444740590564,1.0,1.0,1.0,0.2698252945571311,0.6254980809371319,1.0,1.0,1.0,0.1440365573455365,0.3338997196400657,1.0,1.0,0.999,empirical,TranslucentWallAndRoofAssemblies,1.2259503377251046,s2_10_99,0.1288393360847172,0.3519244025237239
17,0.3673933605862882,0.11831925984159797,0.24160754334746362,1.0,1.0,0.988,0.21226302918702913,0.433440414468675,1.0,1.0,0.999,0.18567732969857592,0.3791525026766437,1.0,1.0,0.999,empirical,UnitSkylights,0.637230511843716,s2_10_99,0.15766091161178827,0.9510783872005019
11,0.5322034829939177,0.399680394899304,0.8207085133152474,1.0,1.0,0.996,0.5923835695176951,1.2164075217493078,1.0,1.0,1.0,0.28867410034308205,0.5927668575909925,1.0,1.0,0.994,empirical,VinylSiding,1.384538461969029,s2_10_99,0.5050720087177237,0.9533701626253549
14,0.42348185056583987,0.08144514591349938,0.15590406956198305,1.0,0.997,0.95,0.1722025031926319,0.32963377664035637,1.0,1.0,0.997,0.22813603430695995,0.4367029583317624,1.0,1.0,1.0,empirical,WallBase,0.3570025496450679,s2_10_99,0.12224687296845249,0.014344887488084171
173,0.21228987147297784,0.21279409474226396,0.3875186567473832,1.0,1.0,1.0,0.25927042761221997,0.47215656037964254,1.0,1.0,1.0,0.08597109917694429,0.15656169835209524,1.0,1.0,0.984,empirical,WallFinishes,2.4751817387410013,s3_100_999,0.20770888872518614,0.9733264248226018
163,0.20276345482825253,0.08250966122370822,0.14926687082768728,1.0,1.0,0.992,0.10380953451566197,0.18780012121512932,1.0,1.0,0.999,0.08163702435585715,0.14768819782502107,1.0,1.0,0.992,empirical,WallPanels,1.010689229240488,s3_100_999,0.20867211792466447,0.9930608915549132
59,0.30899025151785303,0.17121991929442504,0.3457006776900779,1.0,1.0,1.0,0.2742303161713932,0.553683277823515,1.0,1.0,1.0,0.11806783380178176,0.23838423897682812,1.0,1.0,0.998,empirical,WeatherBarriers,1.4501826092776269,s2_10_99,0.3581816325469642,0.8812013681422346
3,0.752863387524323,0.18056422591333227,0.3493719133417489,1.0,0.997,0.982,0.35785380137484496,0.6924077383022547,1.0,0.999,0.995,0.43469754083155643,0.8410919206009801,1.0,0.999,0.999,empirical,WindTurbines,0.4153789910288454,s1_3_9,0.30934614402016497,1.0000000000000002
358,0.1511667414350771,0.05195021514000604,0.08977084720363061,1.0,1.0,0.965,0.07644739285333835,0.13210238310770855,1.0,1.0,1.0,0.05485478541316233,0.09478999358215878,1.0,1.0,0.974,empirical,Windows,0.9470498289022684,s3_100_999,0.20758488581800816,0.9222598109550522
53,0.2746729429889907,0.11425646230021658,0.21022686886103628,1.0,1.0,0.997,0.15309540486097978,0.2816888161333825,1.0,1.0,0.998,0.12310628104212953,0.22651014638114333,1.0,1.0,0.997,empirical,WireMeshSteel,0.9281123703275195,s2_10_99,0.1083157258421932,0.010819582140937761
32,0.3086390249415137,0.11889084038745945,0.27234521446608945,1.0,1.0,0.999,0.16520403740490602,0.37843562086931626,1.0,1.0,1.0,0.1514221607698886,0.346865248116657,1.0,1.0,1.0,empirical,WoodDoors,0.7851614306847334,s2_10_99,0.18831408329702223,0.9843629224324633
86,0.2452978920558856,0.07087712621920168,0.14750637511359269,1.0,1.0,0.967,0.09276255900096261,0.19305338060935395,1.0,1.0,0.991,0.09289703964009621,0.1933332558336994,1.0,1.0,0.991,empirical,WoodFlooring,0.7629643150502474,s2_10_99,0.10885979477297196,0.9872146010475749
7,0.5628618238672072,0.17048663814685255,0.3369098546163859,1.0,0.998,0.989,0.4566769849446102,0.9024694150623589,1.0,1.0,0.999,0.3099351817125108,0.6124832898712005,1.0,0.999,0.996,empirical,WoodFraming,0.5500719124716611,s1_3_9,0.37193310071247104,0.9999999999999992
5,0.5935555937711017,0.15659631448284936,0.3378135538042467,1.0,0.991,0.975,0.36743080088743174,0.792631072032784,1.0,0.999,0.991,0.33189745437371865,0.715977632876208,1.0,0.999,0.99,empirical,WoodJoists,0.47182137861931567,s1_3_9,0.07592912311859237,0.36767173950054166
12,0.46221358254507405,0.1191153150029815,0.2321540807579112,1.0,0.999,0.98,0.28644886059154323,0.5582848176417637,1.0,1.0,0.999,0.2511927078206062,0.4895710696456098,1.0,1.0,0.998,empirical,WorkSurfaces,0.47419893688971987,s2_10_99,0.09000014014172311,0.2617950602581868
3,0.6993970010919679,0.03916461069344643,0.08024069725924558,1.0,0.915,0.695,0.2112854112062157,0.43288286071818644,1.0,0.999,0.982,0.41505213905236504,0.8503613963428474,1.0,1.0,0.998,synthetic,dataset1003,0.09436070076127284,s1_3_9,0.06503622943172975,1.000000000000001
5,0.5601020051192568,0.3202052005120769,0.7690411463458753,1.0,0.999,0.993,0.26359042861272153,0.6330686855239958,1.0,0.999,0.986,0.28631733998121434,0.6876522149100762,1.0,0.999,0.989,synthetic,dataset1009,1.1183576954615673,s1_3_9,0.7053481190787677,1.0000000000000004
9,0.46000771220944864,0.18226314661971843,0.3936661381352527,1.0,1.0,0.993,0.27547419601476575,0.5949906215945587,1.0,1.0,0.998,0.2633822350092201,0.5688734625318596,1.0,1.0,0.998,synthetic,dataset1013,0.6920100234297809,s1_3_9,0.20438430468032,0.4856151197144203
8,0.4967632931194591,0.14048119225194144,0.2894158985196571,1.0,1.0,0.991,0.1725281163599984,0.35543818368713215,1.0,1.0,0.997,0.27229745013266254,0.560980512276845,1.0,1.0,0.999,synthetic,dataset1033,0.515910788674295,s1_3_9,0.18239998566732935,0.5905969625388188
5,0.5968162587173756,0.19843889723166785,0.4258256760167504,1.0,0.999,0.991,0.22645467099489744,0.4859441102969614,1.0,0.999,0.991,0.3205922073877058,0.6879517843580624,1.0,1.0,0.998,synthetic,dataset106,0.6189760470119202,s1_3_9,0.7102235982178599,0.9999999999999999
6,0.5657397095848873,0.0031646656838219666,0.006242146365885354,0.793,0.001,0.0,0.19662383775422265,0.3878307843252738,1.0,1.0,0.996,0.3253650081524581,0.6417663684374759,1.0,1.0,0.999,synthetic,dataset1063,0.009726509011500963,s1_3_9,0.0015572678372933375,0.39469099961941073
3,0.7719471642692719,0.09769660778330153,0.19729830169468388,1.0,0.969,0.902,0.2131288143544694,0.43041364555469874,1.0,0.992,0.968,0.4381808234550495,0.8849061831769756,1.0,0.999,0.988,synthetic,dataset1096,0.2229595695515956,s1_3_9,0.04068188857604496,0.21142623796636345
4,0.5683377400257814,0.17242556412249319,0.3705123624339291,1.0,0.999,0.984,0.1757605061584856,0.3776785692468466,1.0,0.999,0.985,0.32157125532908437,0.6910003520022148,1.0,1.0,0.999,synthetic,dataset1140,0.536197067570729,s1_3_9,0.20197472877671233,0.9165036688924301
8,0.4791393513549414,0.1174571439833631,0.22832033575047708,1.0,0.999,0.981,0.22186271102632962,0.43127022294376277,1.0,1.0,0.997,0.23604327972868477,0.45883527431018317,1.0,1.0,0.998,synthetic,dataset1192,0.49760850687370495,s1_3_9,0.22517856587718757,0.5454718294164043
3,0.7860641617778849,0.3480971297613895,0.6957650000908706,1.0,0.989,0.965,0.7803828944887463,1.5598034520625375,1.0,0.998,0.989,0.44255324509880833,0.8845607512692016,1.0,0.994,0.976,synthetic,dataset1204,0.7865655344673165,s1_3_9,0.2541195157346575,0.9999999999999996
8,0.5166979142189481,0.10269033481661932,0.216977069439065,1.0,0.997,0.969,0.2937003225342426,0.6205670221115567,1.0,1.0,0.999,0.27905558920474993,0.5896237855720682,1.0,1.0,0.998,synthetic,dataset1255,0.36799239574188525,s1_3_9,0.37770956540856865,1.0000000000000007
3,0.6463607119648923,0.2461727109864516,0.5224586226341591,1.0,0.999,0.993,0.3057082080225233,0.6488123263191218,1.0,1.0,0.997,0.3635642708670755,0.7716017239890515,1.0,1.0,0.997,synthetic,dataset1276,0.6771091955745454,s1_3_9,0.05980217539956557,0.7882806810287951
4,0.675983590457797,0.062305957775581185,0.12852491488375298,0.999,0.965,0.856,0.1716576632070128,0.3540959378602452,1.0,0.997,0.976,0.3763632838645388,0.7763633005737612,1.0,0.999,0.997,synthetic,dataset1287,0.16554738585500925,s1_3_9,0.02402252205348109,0.8760800310442394
3,0.7332947728524155,0.10708170437673695,0.21243602118130095,0.999,0.99,0.969,0.24495510927235212,0.4859587273543076,1.0,0.998,0.99,0.4244706587065198,0.842093972716115,1.0,0.999,0.997,synthetic,dataset130,0.2522711574530138,s1_3_9,0.05367336937711406,1.0000000000000004
6,0.5857581771889853,0.08892031571414616,0.17270776349638775,1.0,0.999,0.974,0.2046842869433632,0.3975533053040801,1.0,1.0,0.999,0.33081437718000206,0.6425327075859588,1.0,1.0,1.0,synthetic,dataset1312,0.2687921742462935,s1_3_9,0.03559663316530043,0.6769120471229405
4,0.6199354463287541,0.17942586492334328,0.3392518972434235,1.0,1.0,0.988,0.1881318604703981,0.35571287686859054,1.0,1.0,0.991,0.32499454086203894,0.6144878534001028,1.0,1.0,0.999,synthetic,dataset133,0.5520888580079567,s1_3_9,0.1441434666868937,0.9999999999999992
5,0.5704020431470057,0.21638334706858658,0.46516664188107937,1.0,1.0,0.995,0.2476459181292377,0.5323728543454898,1.0,1.0,0.996,0.31585698872755624,0.6790085131389357,1.0,1.0,0.999,synthetic,dataset1342,0.6850674665781386,s1_3_9,0.26301059145957395,0.12898302127929395
5,0.7148826315155082,0.49061732943405545,0.9968977422390202,1.0,0.999,0.995,0.8344616984072017,1.695563799360028,1.0,1.0,0.998,0.39465937671616913,0.8019183546892833,1.0,0.998,0.992,synthetic,dataset1346,1.2431411956211986,s1_3_9,1.8623759035939529,1.0000000000000002
5,0.6002896218099864,0.07932048767299477,0.1607213002428316,1.0,0.989,0.934,0.20981811085886531,0.4251390855128642,1.0,0.999,0.991,0.3446759835264844,0.6983917252656227,1.0,1.0,0.995,synthetic,dataset1382,0.23013059065340974,s1_3_9,0.11564124240760287,0.2889449828676501
4,0.6171489333114799,0.08255021544924726,0.16558451860676732,1.0,0.986,0.932,0.25638025289283556,0.5142639607239032,1.0,0.999,0.991,0.3603873252741262,0.7228880196464808,1.0,1.0,0.995,synthetic,dataset1423,0.22905970787528662,s1_3_9,0.1195337836402281,0.9999999999999996
5,0.5464460202468565,0.167679157930814,0.3534920039296904,1.0,0.999,0.984,0.17972231737915012,0.37888073213879586,1.0,0.999,0.986,0.29336885343425495,0.6184641261964082,1.0,0.999,0.998,synthetic,dataset1473,0.5715642815108575,s1_3_9,0.23209716849609782,0.0218526461899085
5,0.5801841312473558,0.18855369710233805,0.38397166775719793,1.0,0.999,0.994,0.2385715548844074,0.48582827712296234,1.0,1.0,0.999,0.3223611293339296,0.6564577749078138,1.0,1.0,0.999,synthetic,dataset1475,0.5849144947839471,s1_3_9,0.5947842343237425,0.9999999999999998
6,0.5596121973521895,0.07191599440953837,0.13735933894062508,1.0,0.993,0.926,0.23366653781078983,0.4463024036552523,1.0,1.0,0.997,0.33430831232380154,0.6385278985596964,1.0,1.0,0.999,synthetic,dataset1499,0.2151187743722106,s1_3_9,0.13805796389070737,0.9350645351588609
7,0.5916623967922514,0.06340557796868171,0.11607601952298402,1.0,0.983,0.899,0.35838961546339887,0.6561006355294511,1.0,1.0,0.996,0.34048379805360557,0.6233206171490371,1.0,1.0,0.996,synthetic,dataset1506,0.18622201212258319,s1_3_9,0.11879720648255254,1.0
5,0.6475512519275779,0.26445632660470886,0.5068240399830469,1.0,0.999,0.986,0.4953452230773461,0.9493169264262705,1.0,1.0,0.997,0.3708444112475684,0.7107141853125946,1.0,0.999,0.994,synthetic,dataset1608,0.7131193529789046,s1_3_9,0.12698446625510756,1.0000000000000004
3,0.732106855565164,0.017464025019694226,0.03533426583245547,0.986,0.702,0.312,0.21974184084330173,0.4445949092557066,1.0,0.996,0.983,0.4253045010970957,0.860501647504382,1.0,0.998,0.995,synthetic,dataset1616,0.041062403465387365,s1_3_9,0.009489694612470916,0.8521845291433876
7,0.5067264029786835,0.16001706710399025,0.32589820794044133,1.0,1.0,0.993,0.17565279959289232,0.3577426685982399,1.0,1.0,0.994,0.27360145717455925,0.5572294643116776,1.0,1.0,0.998,synthetic,dataset1662,0.5848545865086474,s1_3_9,0.15775296977913555,0.1839972102523661
3,0.7684022025118458,0.237663557465976,0.4761492875760575,1.0,0.984,0.948,0.7368143634768995,1.4761776604962145,1.0,0.994,0.99,0.4288166275556915,0.8591167021500161,1.0,0.992,0.978,synthetic,dataset1685,0.5542312079190772,s1_3_9,0.3630072887924635,0.9999999999999999
6,0.5871875576101752,0.3354215656824177,0.7303056475145244,1.0,1.0,0.997,0.33103680074796726,0.7207587998390094,1.0,1.0,0.996,0.32139840598653086,0.6997733449743808,1.0,1.0,0.996,synthetic,dataset1688,1.043631702692622,s1_3_9,0.2040280516390966,1.0000000000000024
4,0.6781353562009679,0.022613538262310585,0.043730670797774374,0.995,0.824,0.448,0.4883101412242399,0.9443073341902598,1.0,1.0,0.999,0.38191307798725294,0.7385538208614151,1.0,1.0,0.997,synthetic,dataset1689,0.059211217331147155,s1_3_9,0.03706575499748977,0.9999999999999968
4,0.5698097000309273,0.15867624972510916,0.31672127677625944,1.0,0.999,0.982,0.11828080506254922,0.23609108270729687,1.0,0.995,0.968,0.2816467596991663,0.562173113407662,1.0,0.999,0.996,synthetic,dataset1707,0.5633874499198752,s1_3_9,0.48091743258646913,0.9999999999999998
5,0.6061181964458418,0.18620282942929062,0.3897277593041302,1.0,0.999,0.983,0.4978478656760135,1.0420095857777296,1.0,1.0,0.999,0.34429690493012877,0.7206231060238588,1.0,1.0,0.999,synthetic,dataset171,0.5408205149769744,s1_3_9,0.09733450655495718,0.8256278013812351
4,0.61604994490705,0.13948786065502405,0.2701751806490729,1.0,0.997,0.981,0.12010427073309263,0.2326309464469496,1.0,0.996,0.972,0.28711364039335385,0.5561127634750445,1.0,0.999,0.996,synthetic,dataset172,0.4858280521396396,s1_3_9,0.10446087335143377,0.9470056412288879
8,0.5373655005183442,0.06943204633455095,0.13658864192198272,1.0,0.995,0.956,0.27346895727610765,0.5379756964411503,1.0,1.0,1.0,0.2997331789339562,0.5896433997103003,1.0,1.0,1.0,synthetic,dataset1752,0.23164618138537726,s1_3_9,0.07524260267328187,0.3335196555120363
5,0.5869671290670228,0.09976365080972496,0.2008639623468857,1.0,0.997,0.961,0.2465757233499531,0.4964551357997524,1.0,0.999,0.998,0.3323795224987877,0.6692123569074948,1.0,1.0,0.998,synthetic,dataset176,0.30014981085391274,s1_3_9,0.2302939995422166,1.0000000000000002
3,0.7554195677095678,0.1659161973563496,0.31813750936530194,1.0,0.998,0.974,0.4678372773737383,0.8970588079008253,1.0,1.0,0.999,0.4364883219095841,0.8369484704444436,1.0,1.0,0.999,synthetic,dataset1761,0.3801160054649026,s1_3_9,0.19524298097533735,0.9972407221324585
5,0.6047059781472116,0.29927692846474435,0.6395419981060105,1.0,0.998,0.995,0.3055302998941142,0.652905185436735,1.0,0.998,0.995,0.3294549680860219,0.7040311782687501,1.0,0.999,0.997,synthetic,dataset1829,0.9084001076183559,s1_3_9,0.5176649804109777,0.9696344839009571
9,0.4811001755608965,0.21674795077392267,0.4953067908550658,1.0,1.0,0.995,0.1909413840305168,0.4363342944092019,1.0,1.0,0.992,0.2541342376177489,0.5807409630928336,1.0,1.0,0.997,synthetic,dataset1855,0.8528876423960629,s1_3_9,0.35959200112347217,0.9999999999999996
6,0.47661168458470987,0.13774561092643556,0.3201919361395594,1.0,0.999,0.975,0.13940677350725922,0.3240533358561759,1.0,0.999,0.976,0.25921280994923557,0.6025444363098235,1.0,1.0,0.999,synthetic,dataset1860,0.5313997057221507,s1_3_9,0.1610862646043703,0.06987162590735871
3,0.8336400450747143,0.4057940605357574,0.8427514691449849,1.0,0.992,0.966,0.745833606069737,1.548944226593939,1.0,0.999,0.99,0.43860643922285963,0.9108960849340579,1.0,0.995,0.97,synthetic,dataset1907,0.9251894734029883,s1_3_9,0.6935058373932949,0.9999999999999999
6,0.5075697712477044,0.15299436415393736,0.31459505146351324,1.0,0.999,0.988,0.14985263629579837,0.30813486554306235,1.0,0.999,0.987,0.261572001389759,0.5378580949284439,1.0,0.999,0.997,synthetic,dataset1931,0.5849034428037505,s1_3_9,0.6838823777485243,0.9999999999999997
6,0.5377249311310658,0.2409626212593335,0.5160001331670302,1.0,1.0,0.998,0.28771149879397384,0.6161087180886813,1.0,1.0,0.999,0.2998513217225801,0.6421050747644464,1.0,1.0,0.999,synthetic,dataset1991,0.8036070005463243,s1_3_9,0.42648669992741856,0.8613300906721482
4,0.6493123532054711,0.17489211002698773,0.36162978663984024,1.0,0.999,0.99,0.24184993537115002,0.5000805383023401,1.0,1.0,0.997,0.360550794679962,0.745521950263048,1.0,1.0,0.999,synthetic,dataset2011,0.48506926792999683,s1_3_9,0.09609201489985078,0.29781334858598746
7,0.4966044161849551,0.13165927334757788,0.29062241462777066,1.0,0.996,0.975,0.16246879027286015,0.3586308121730198,1.0,0.998,0.986,0.2734509894652476,0.6036110090851063,1.0,1.0,0.995,synthetic,dataset2039,0.48147301863872116,s1_3_9,0.30615151726726253,0.9487746962950996
5,0.6716169820994247,0.20152588376140113,0.40452873579570975,1.0,0.998,0.981,0.9751622468610549,1.9574713855886463,1.0,1.0,1.0,0.3586277271113152,0.7198838102672338,1.0,1.0,0.995,synthetic,dataset2057,0.5619361486203467,s1_3_9,0.6406506126777783,0.9999999999999994
3,0.6619117389490292,0.2536495716648217,0.4986332442372061,1.0,0.995,0.989,0.20285852234582852,0.39878641408522,0.999,0.994,0.987,0.3346040461978343,0.6577763959759195,1.0,0.997,0.993,synthetic,dataset2058,0.7580588894458604,s1_3_9,0.35252743750619986,0.501564659492397
5,0.7845512564139323,0.48627787876424544,0.9298400411572307,1.0,0.998,0.99,1.7513600311410773,3.348876752476871,1.0,1.0,1.0,0.43492157529227626,0.8316386846500996,1.0,0.998,0.985,synthetic,dataset2069,1.1180817563199916,s1_3_9,0.33878936760787753,0.9732700142262589
4,0.6616971039958779,0.05090067964601801,0.10258272974852846,1.0,0.967,0.831,0.32569531665241425,0.656390344507507,1.0,1.0,0.999,0.38494733859478075,0.7758039593401169,1.0,1.0,1.0,synthetic,dataset2072,0.13222764399885667,s1_3_9,0.07993422043657916,0.9999999999999972
3,0.720065276038827,0.048544425077104936,0.10695126705048077,0.993,0.908,0.755,0.19396838566962288,0.4273439139953179,1.0,0.989,0.963,0.40100368950501364,0.8834763748125228,1.0,0.997,0.989,synthetic,dataset2093,0.12105730283186832,s1_3_9,0.0606645852056204,0.9999999999999972
4,0.6531099564561691,0.14059820683558807,0.2798515613752563,1.0,0.998,0.983,0.15614733896727845,0.31080109482252277,1.0,0.998,0.987,0.31740943983494985,0.6317827896406163,1.0,0.999,0.998,synthetic,dataset2095,0.44295534155725774,s1_3_9,0.4894251167099917,1.0000000000000004
5,0.6521088034680468,0.2526264435796728,0.5012704247584538,1.0,0.999,0.978,0.7301768366363202,1.4488429946726422,1.0,1.0,0.999,0.36851469286748734,0.7312200338408287,1.0,1.0,0.992,synthetic,dataset2110,0.6855261091869511,s1_3_9,0.3355767245075869,0.9999999999999997
6,0.6530019883803619,0.40452006033715077,0.7867112247339948,1.0,1.0,0.994,1.0415984269095868,2.02570219492224,1.0,1.0,1.0,0.3755493256831617,0.7303688961926427,1.0,1.0,0.989,synthetic,dataset2113,1.0771422891022064,s1_3_9,0.5524993465936008,0.5675146971034432
5,0.6454112883768302,0.31112248226984035,0.6241974692067912,1.0,0.994,0.987,0.48116920859172135,0.9653580804317913,1.0,0.997,0.992,0.3738991594025529,0.7501447897140419,1.0,0.995,0.99,synthetic,dataset2134,0.8321026524022617,s1_3_9,0.4731998023650099,0.052452739286217374
5,0.6435915665543741,0.1439232886717034,0.27528436604590345,1.0,0.996,0.973,0.5357406244072034,1.0247196233222922,1.0,1.0,0.998,0.35459827344430184,0.6782457641636601,1.0,1.0,0.996,synthetic,dataset2141,0.4058770147799663,s1_3_9,0.2695340116115411,0.9999999999999996
6,0.551627137763977,0.011377608198097643,0.022882364317694887,0.989,0.524,0.072,0.17685198866502716,0.3556803472647818,1.0,0.999,0.993,0.3208905264367499,0.6453670933448326,1.0,1.0,0.998,synthetic,dataset2150,0.03545635430387273,s1_3_9,0.02430913554406911,0.9999999999999953
8,0.5159454204692991,0.06954288642053813,0.1294794353109178,1.0,0.997,0.942,0.29735284388908834,0.5536307205029112,1.0,1.0,1.0,0.2919296566527656,0.5435334804099681,1.0,1.0,1.0,synthetic,dataset2164,0.2382179570856537,s1_3_9,0.08651314258183047,0.6773630248385639
8,0.5275251561460771,0.185093005798048,0.3712754164831149,1.0,0.999,0.992,0.25885298387620903,0.5192295029310614,1.0,1.0,0.997,0.2783886895080552,0.5584158958122111,1.0,1.0,0.998,synthetic,dataset2166,0.6648725784266905,s1_3_9,0.1635865115974385,1.0000000000000009
5,0.6110101742651769,0.07839087574853006,0.15037264891399962,1.0,0.988,0.939,0.16976584018978857,0.32565191855160436,1.0,0.998,0.988,0.3515626633815393,0.6743821707200937,1.0,1.0,0.998,synthetic,dataset2191,0.22297838739335932,s1_3_9,0.08079948315953524,0.8118977382871301
4,0.6753151724022752,0.06023518491170066,0.11660007399414053,1.0,0.979,0.891,0.3304441254516544,0.6396561998618113,1.0,1.0,0.997,0.39200111247757746,0.7588149482345543,1.0,1.0,0.999,synthetic,dataset220,0.1536607499172496,s1_3_9,0.0991592511898421,0.9999999999999993
3,0.7346405366774952,0.06074267752025915,0.12118514128873278,1.0,0.984,0.898,0.25764133542098405,0.5140093079432719,1.0,0.999,0.994,0.42799371033643785,0.8538721106015037,1.0,1.0,0.996,synthetic,dataset2216,0.14192422938297497,s1_3_9,0.047894620061723535,0.868929434686146
4,0.7274059800165238,0.3087946858904859,0.6128580538017275,1.0,0.994,0.969,1.0942017345507558,2.1716382313038753,1.0,1.0,0.996,0.40675610822549885,0.8072799444076333,1.0,0.994,0.984,synthetic,dataset2237,0.7591642255542854,s1_3_9,0.4138482349514388,0.8830769186021558
5,0.5814897555575251,0.1281911224480063,0.24539431055792493,1.0,0.996,0.973,0.15588866929828304,0.2984153020561954,1.0,0.998,0.983,0.30676009335309273,0.5872261680647889,1.0,1.0,0.996,synthetic,dataset2259,0.41788721944497964,s1_3_9,0.1980509626096146,0.28829610662720057
3,0.6589022194016777,0.17466188579792,0.383180113669772,1.0,0.998,0.984,0.16457717474574735,0.3610558779806578,1.0,0.998,0.982,0.3145826918654719,0.6901438804286051,1.0,1.0,0.995,synthetic,dataset2298,0.555217722762104,s1_3_9,0.25825831460535603,0.9999999999999998
7,0.5631894891277094,0.08609117530008875,0.15627554226645718,1.0,0.994,0.946,0.19612743473008415,0.35601699139239756,1.0,1.0,0.994,0.32973849761344176,0.5985522016751278,1.0,1.0,1.0,synthetic,dataset2344,0.2610892447293641,s1_3_9,0.11770013049192739,0.13134632773746277
8,0.5324506631732674,0.35535723617764636,0.7845137147099013,1.0,1.0,0.997,0.5051308301591402,1.1151653143332594,1.0,1.0,0.997,0.30569289670942823,0.6748709342112716,1.0,1.0,0.994,synthetic,dataset2380,1.1624648135524909,s1_3_9,0.3482796923143961,0.6697235407290503
6,0.5573561883674768,0.04383115912410143,0.08406462255545163,1.0,0.964,0.788,0.16851440853836458,0.3231970231228333,1.0,1.0,0.99,0.3260975504339091,0.6254287598433643,1.0,1.0,0.998,synthetic,dataset2400,0.13441118789693204,s1_3_9,0.09566505811015957,1.0
6,0.5605775393582801,0.1475862754416737,0.2856957722007651,1.0,0.997,0.986,0.2023084979938392,0.39162640553232847,1.0,0.999,0.994,0.31702335126103043,0.613690066187684,1.0,1.0,0.997,synthetic,dataset2427,0.46553755379411854,s1_3_9,0.1626037007210109,0.9546850517897046
23,0.343434092649969,0.01706130417807093,0.033933087524433705,1.0,0.759,0.255,0.1155563175707829,0.22982900938901082,1.0,1.0,0.996,0.1746334219401434,0.34732697626965736,1.0,1.0,1.0,synthetic,dataset2522,0.09769781745397389,s2_10_99,0.01252371994191516,0.9527943794671476
42,0.25178453690161867,0.052254495052679345,0.1065271212231368,1.0,0.987,0.859,0.0694829603408148,0.1416494357414876,1.0,0.996,0.938,0.1175999944009114,0.23974184128574305,1.0,0.999,0.987,synthetic,dataset2529,0.4443409654811546,s2_10_99,0.0550527412315731,0.4925780691312864
21,0.4062969769195008,0.18841251876399362,0.4155450730982615,1.0,1.0,1.0,0.8268787246884829,1.8236865700228473,1.0,1.0,1.0,0.24152269342039834,0.5326799193103738,1.0,1.0,1.0,synthetic,dataset2542,0.7801027559594147,s2_10_99,0.20598796159856517,0.6342471957687079
8,0.543704029538221,0.20513161516580816,0.39492484559702445,1.0,0.998,0.987,0.4376302593716363,0.8425374239423291,1.0,1.0,0.998,0.3129251397128082,0.6024518082432913,1.0,1.0,0.995,synthetic,dataset256,0.6555293555323513,s1_3_9,0.18054627071809184,0.9990530270482049
24,0.32102264990971624,0.12324820018514934,0.2638378004236557,1.0,1.0,0.995,0.17270965713084005,0.36972009311999,1.0,1.0,0.999,0.16638491692854876,0.35618070235633753,1.0,1.0,0.999,synthetic,dataset2565,0.7407414233231022,s2_10_99,0.09013423201080675,0.007876564220775205
5,0.5751942631629621,0.2596529196340397,0.5771900480834655,1.0,0.997,0.977,0.2030781654587726,0.4514283769697479,1.0,0.995,0.956,0.3063247960227811,0.6809383233384905,1.0,0.997,0.987,synthetic,dataset26,0.8476392476393897,s1_3_9,0.11830040688935643,0.45420658763976973
31,0.2958484562268691,0.06840682294395253,0.14415808824479054,1.0,0.996,0.933,0.09365590968352128,0.19736710918244396,1.0,0.999,0.98,0.14224655199459818,0.2997652882045926,1.0,1.0,0.994,synthetic,dataset2612,0.48090320633255357,s2_10_99,0.0868654327546545,0.9351229414299062
59,0.250404372927719,0.08079840161015783,0.15571417823427414,1.0,1.0,0.979,0.089298110018595,0.17209476353887695,1.0,1.0,0.987,0.11226456604068435,0.21635557507928302,1.0,1.0,0.997,synthetic,dataset2613,0.7197141935317037,s2_10_99,0.2767763605921728,0.8416578691531703
26,0.34359244699050895,0.03365164385728231,0.06649027913119686,1.0,0.97,0.694,0.1273741288345709,0.25167095599316175,1.0,1.0,0.992,0.17432773764314433,0.3444437955352477,1.0,1.0,0.997,synthetic,dataset2625,0.1930366579193986,s2_10_99,0.05610375906504532,0.08995909580641395
72,0.23372078795622198,0.06718284425206604,0.1314566086144468,1.0,0.999,0.954,0.07912165417784839,0.1548172668480788,1.0,0.999,0.977,0.10617431808776094,0.20775118905953954,1.0,0.999,0.996,synthetic,dataset2714,0.6327598374263577,s2_10_99,0.12004871425909193,0.9692721458158493
10,0.4424026336775847,0.18554130761232712,0.3918228632980346,1.0,1.0,0.991,0.1630871850120224,0.34440464293882883,1.0,1.0,0.979,0.22435008670279255,0.4737785589865604,1.0,1.0,0.995,synthetic,dataset2718,0.8270168750062608,s2_10_99,0.1371470240826398,0.5257848401793388
24,0.32607216657561877,0.11732623237189269,0.25084555356138727,1.0,0.999,0.993,0.16179710480028575,0.34592506294423964,1.0,1.0,0.998,0.16567922503756305,0.35422510446287425,1.0,1.0,0.998,synthetic,dataset2728,0.7081529524615553,s2_10_99,0.13765629218189449,0.20353876245647867
58,0.30161211491979384,0.029663320698432284,0.05108766595546008,1.0,0.984,0.655,0.15414634848725658,0.26547861043039256,1.0,1.0,1.0,0.14481558089525556,0.24940869220733353,1.0,1.0,1.0,synthetic,dataset2799,0.2048351462947044,s2_10_99,0.026827001238890067,0.11238701701109317
83,0.2350163834213788,0.08203898911471937,0.14863594594395685,1.0,1.0,0.98,0.08463947545382983,0.15334743436061107,1.0,1.0,0.981,0.10731059668148124,0.19442233771625822,1.0,1.0,0.992,synthetic,dataset2819,0.7645003536624354,s2_10_99,0.3118104259025888,0.9547650480320957
54,0.2548740052364757,0.05833583099982578,0.10869184079932731,1.0,0.998,0.935,0.08947807624868154,0.16671635000246776,1.0,1.0,0.984,0.12192822903132364,0.2271777641918931,1.0,1.0,0.997,synthetic,dataset2829,0.47844401139328574,s2_10_99,0.06003061603402973,0.30185568419726133
16,0.45125049886024987,0.010201109944796286,0.018827062569636056,0.992,0.442,0.04,0.4460844755662142,0.823288875257399,1.0,1.0,1.0,0.25110122692850567,0.46342981658647,1.0,1.0,1.0,synthetic,dataset2830,0.040625488252595356,s2_10_99,0.01865256307574862,0.9871958288576995
17,0.36873766965724586,0.14528424557578434,0.3455482675739298,1.0,0.998,0.984,0.13003446091085263,0.30927773699465994,1.0,0.997,0.976,0.18025646258002165,0.4287272038112389,1.0,0.999,0.99,synthetic,dataset2843,0.8059863346718454,s2_10_99,0.5560046413615685,0.9882672331741509
55,0.31344712285301113,0.11760595935424585,0.211792669287502,1.0,1.0,1.0,0.1918249517942512,0.34545118971459776,1.0,1.0,1.0,0.1287510673685538,0.2318635244449162,1.0,1.0,1.0,synthetic,dataset2858,0.9134367718878421,s2_10_99,0.3873572854508879,0.8295451902769316
14,0.4294443774279145,0.27624748987185943,0.637654950777856,1.0,1.0,0.997,0.22300559749798202,0.5147580648125472,1.0,1.0,0.995,0.2348008601100005,0.5419847650579227,1.0,1.0,0.996,synthetic,dataset2880,1.176518219492219,s2_10_99,0.3305153353098177,0.830777320733315
26,0.33521233558651076,0.06114375686873341,0.11581336476160711,1.0,0.998,0.947,0.1336064441567348,0.2530660960994651,1.0,1.0,0.997,0.17139629982808469,0.32464446424832416,1.0,1.0,0.998,synthetic,dataset2899,0.3567390715555838,s2_10_99,0.11419487731556544,0.006889939060995555
90,0.23785859050919156,0.09996380525287284,0.19523747954645093,1.0,1.0,0.996,0.1180506956787385,0.23056265439994986,1.0,1.0,0.998,0.10012067937231162,0.19554386751965602,1.0,1.0,0.996,synthetic,dataset2948,0.9984331496707547,s2_10_99,0.8103889709267751,0.9999999999999983
7,0.6713928696367422,0.4836011362997017,0.9293604384008338,1.0,1.0,0.992,1.1184723176186364,2.149424071652856,1.0,1.0,1.0,0.38608568432511225,0.7419601276997528,1.0,0.999,0.988,synthetic,dataset298,1.2525746380497091,s1_3_9,0.44638233658781595,0.9598788203370112
49,0.30366816862155727,0.08468301285247037,0.15710197612692836,1.0,1.0,0.986,0.13536694847656677,0.2511296468040148,1.0,1.0,0.997,0.13633201361566522,0.25292001343525067,1.0,1.0,0.997,synthetic,dataset3013,0.6211528063481919,s2_10_99,0.1000139462668275,0.4257790870730497
96,0.2875204115831278,0.004086772794485654,0.006693800664558501,0.986,0.003,0.0,0.15107763335549246,0.2474528468818872,1.0,1.0,1.0,0.11776636475686034,0.19289170460755295,1.0,1.0,1.0,synthetic,dataset3034,0.034702377057517046,s2_10_99,0.009018056417923819,0.4770104983976116
41,0.284286136922118,0.0893395577342657,0.18526848102782498,1.0,1.0,0.979,0.09936890237487472,0.2060668988216207,1.0,1.0,0.986,0.13958955478957186,0.2894747348105047,1.0,1.0,0.998,synthetic,dataset3056,0.640016066165861,s2_10_99,0.08135618959258917,0.48714065914328963
35,0.39342079087027165,0.2172686883687249,0.549272682934235,1.0,1.0,0.999,0.3055394975490268,0.7724283734631773,1.0,1.0,0.999,0.17900146867373415,0.452530080085591,1.0,1.0,0.999,synthetic,dataset3088,1.2137815961987461,s2_10_99,0.3186867893624849,0.7734116540226261
99,0.20195076821705257,0.05908318482584883,0.1124282432939433,1.0,0.997,0.927,0.0726048032608543,0.13815826803143127,1.0,0.999,0.962,0.09013263017845646,0.17151162897354755,1.0,1.0,0.984,synthetic,dataset3142,0.6555138212306482,s2_10_99,0.11439230370921205,0.5324818534316517
43,0.2882476449481476,0.024857426965163174,0.046860767799301484,1.0,0.94,0.493,0.11529343332762061,0.21734907701917935,1.0,1.0,0.998,0.14216517166254447,0.2680071878623178,1.0,1.0,1.0,synthetic,dataset3145,0.17484892167658975,s2_10_99,0.04638793886996543,0.970922605118742
12,0.4324165059141975,0.15591233873144125,0.3208226590183031,1.0,1.0,0.993,0.18242938775831133,0.37538710367571354,1.0,1.0,0.995,0.24541016183160674,0.5049833855968632,1.0,1.0,0.998,synthetic,dataset3231,0.6353132957812225,s2_10_99,0.1632782627048759,0.32751758545169785
31,0.29230998902466326,0.13423779398003222,0.28702321225209393,1.0,1.0,0.99,0.08297547853290671,0.17741567170131048,1.0,1.0,0.952,0.14648868492767617,0.31321769868164523,1.0,1.0,0.996,synthetic,dataset3297,0.9163697117378559,s2_10_99,0.1641028851628097,0.7405549532181908
11,0.4295596725434746,0.1490015245712648,0.31531217336129036,1.0,0.999,0.993,0.16519795299215445,0.34958652767260295,1.0,0.999,0.996,0.2188789056003254,0.46318441120896425,1.0,1.0,0.999,synthetic,dataset3306,0.6807486731651644,s2_10_99,0.3506643513331308,0.673900435499892
41,0.3587816474418364,0.05076745691397379,0.09269731786092478,1.0,0.998,0.91,0.16208916252411582,0.2959618529990489,1.0,1.0,1.0,0.15339950038285088,0.2800952246001156,1.0,1.0,0.999,synthetic,dataset3313,0.3309492976657,s2_10_99,0.0674969934871258,0.8348124638922347
63,0.2678784415274662,0.10587289746874912,0.210742682369429,1.0,0.999,0.985,0.10521903042720632,0.20944114347191872,1.0,0.999,0.985,0.11649780631460743,0.2318918323751496,1.0,1.0,0.993,synthetic,dataset3323,0.9087973483623785,s2_10_99,0.26717231458921636,0.99918189866111
70,0.29264771425917235,0.002907234222069688,0.005026870525960423,0.861,0.0,0.0,0.1338609876169371,0.2314577367448877,1.0,1.0,1.0,0.12860283219725505,0.22236591115358692,1.0,1.0,1.0,synthetic,dataset3327,0.022606300128837607,s2_10_99,0.005428232241237977,0.01385560918212702
87,0.237655987060215,0.11991517034728164,0.23456871658818843,1.0,1.0,0.999,0.12463245545622406,0.2437963023105005,1.0,1.0,0.999,0.1082358239363846,0.21172248879016334,1.0,1.0,0.999,synthetic,dataset3330,1.107906476674133,s2_10_99,0.18254177214339862,0.9493714849142468
38,0.3502876816406111,0.025867371942392393,0.051184263308042495,1.0,0.955,0.534,0.17791127995582368,0.3520364503595387,1.0,1.0,1.0,0.15467807388980825,0.3060644614222288,1.0,1.0,1.0,synthetic,dataset3362,0.16723360520263622,s2_10_99,0.028033819372502107,0.15869746247376326
32,0.3085726439645097,0.17346572333759477,0.45036622846436625,1.0,1.0,1.0,0.20830949490381684,0.5408305443177818,1.0,1.0,1.0,0.1683697475196968,0.4371356295581734,1.0,1.0,1.0,synthetic,dataset3412,1.0302665763474037,s2_10_99,0.3969677819314026,0.9555663249231654
61,0.2896675451852193,0.008973563626885683,0.015857963441424594,1.0,0.327,0.008,0.13368596161566504,0.23624807045232474,1.0,1.0,1.0,0.13450653273598967,0.23769817292757886,1.0,1.0,1.0,synthetic,dataset3417,0.06671470481288111,s2_10_99,0.005294556423667012,0.46970123756790977
11,0.45673473452157676,0.0177004632009288,0.03546379222208342,0.997,0.747,0.274,0.11929990877273597,0.23902352886492884,1.0,0.997,0.98,0.24375789617570692,0.4883815346715811,1.0,1.0,0.997,synthetic,dataset3418,0.07261493259758796,s2_10_99,0.03001552610690231,0.9983584121355964
36,0.2986379359155144,0.013334689253043097,0.025483111846657743,0.999,0.636,0.103,0.09726169378691923,0.18587089463684472,1.0,1.0,0.991,0.15793765811872426,0.30182503170969355,1.0,1.0,0.999,synthetic,dataset3451,0.08443008090584195,s2_10_99,0.05743261459314206,0.9859977337008126
20,0.33842746228713905,0.14971904128302788,0.3609077711178483,1.0,1.0,0.996,0.2232774423758516,0.5382252209084725,1.0,1.0,1.0,0.1883614885132903,0.45405797686922605,1.0,1.0,0.999,synthetic,dataset3468,0.794849533547109,s2_10_99,0.204850186941791,0.7136796109216895
13,0.3924591723392961,0.15183161421686803,0.3386496736440919,1.0,1.0,0.979,0.1414021595080352,0.31538751278484384,1.0,0.999,0.975,0.2036137930065856,0.4541461599204636,1.0,1.0,0.994,synthetic,dataset3494,0.7456843270532133,s2_10_99,0.16992310810823652,0.9655995348699896
12,0.41494436714066135,0.13337427420437958,0.2857640738358371,1.0,0.999,0.988,0.13800951952114396,0.2956954237370729,1.0,0.999,0.989,0.20169590874629706,0.4321481402855908,1.0,0.999,0.997,synthetic,dataset3526,0.6612641527208379,s2_10_99,0.1084287800520796,0.9513900233775525
11,0.45204512680255243,0.013546376134370295,0.030430917896524672,0.992,0.624,0.183,0.6950777205228234,1.561439962623392,1.0,1.0,1.0,0.23045371182986446,0.5176969777068691,1.0,1.0,0.997,synthetic,dataset3579,0.05878133195082183,s2_10_99,0.026407089850712703,0.9195246625360456
19,0.3593407623842553,0.12060612523082445,0.26102602258848784,1.0,1.0,0.987,0.13770397042317495,0.2980306317395685,1.0,1.0,0.989,0.1807011400359707,0.3910887591365857,1.0,1.0,0.996,synthetic,dataset3589,0.6674342243043759,s2_10_99,0.4351342268841039,0.40038826454540705
57,0.3056950185275472,0.14486140741150533,0.2724575285013414,1.0,1.0,1.0,0.17129871810896058,0.3221812227658129,1.0,1.0,1.0,0.12999041647233883,0.24448794357150908,1.0,1.0,1.0,synthetic,dataset3645,1.114400671547436,s2_10_99,0.3089971630685184,0.14528542478153927
12,0.5439540808622783,0.5535902775206506,1.132251010846767,1.0,1.0,0.996,0.7309598399280037,1.4950226751697246,1.0,1.0,0.999,0.32737389197851463,0.6695735730360373,1.0,0.999,0.985,synthetic,dataset3655,1.6910031345962742,s2_10_99,0.619196178528781,1.000000000000002
14,0.4027848393441957,0.12429390073918033,0.24575234527299733,1.0,0.999,0.993,0.13003078410858088,0.257095239286327,1.0,0.999,0.993,0.1975516360929272,0.39059662295280156,1.0,1.0,0.998,synthetic,dataset3656,0.629171710229285,s2_10_99,0.12814145928318993,0.46645810449529373
77,0.21504558612655547,0.08121956119608345,0.16224136036201847,1.0,0.998,0.977,0.06607591568576965,0.13199094270090997,1.0,0.995,0.949,0.1014549514300632,0.2026628695485947,1.0,0.998,0.985,synthetic,dataset3662,0.8005480269937462,s2_10_99,0.07412549140413591,0.7234946183456126
13,0.40528534149056555,0.11361293852445895,0.22553362403465224,1.0,1.0,0.984,0.1631261146697889,0.32382248266775865,1.0,1.0,0.996,0.2057807172217873,0.40849635186126515,1.0,1.0,1.0,synthetic,dataset3667,0.552106825451525,s2_10_99,0.14086909684598287,0.1625808901008859
11,0.45313464613222176,0.23519032520618602,0.4724906631053594,1.0,0.998,0.984,0.4385897726788739,0.8811143585204728,1.0,0.999,0.997,0.272337097852247,0.5471174710932066,1.0,0.999,0.988,synthetic,dataset3704,0.8636000275430177,s2_10_99,0.48252322811920434,0.9926882732457806
51,0.36140050882277164,0.08925865518400083,0.16769522989040903,1.0,1.0,0.993,0.1678190385563657,0.31529101791510694,1.0,1.0,1.0,0.1379587132412577,0.2591907539351384,1.0,1.0,1.0,synthetic,dataset3728,0.6469954168672782,s2_10_99,0.13067514367043598,0.754290710214255
16,0.36479945850717976,0.1579699667072973,0.3431163199129638,1.0,0.999,0.987,0.10592118898974856,0.23006454533416834,1.0,0.998,0.96,0.18632025578504594,0.404694144227188,1.0,0.999,0.997,synthetic,dataset3740,0.8478410790158221,s2_10_99,0.21680907475747352,0.1939498996895132
60,0.27649043634768533,0.029232832182855578,0.0530811290193947,1.0,0.962,0.597,0.10059937721660824,0.18266887340588536,1.0,1.0,0.995,0.1250102626337108,0.22699428635929786,1.0,1.0,0.999,synthetic,dataset3797,0.2338434586647491,s2_10_99,0.08558511697506159,0.988115180345169
9,0.4974604519551719,0.3442082837951607,0.7598625886996806,1.0,1.0,0.999,0.2926583080334539,0.646062602255987,1.0,1.0,0.998,0.27740313799951866,0.6123858038209494,1.0,1.0,0.998,synthetic,dataset381,1.240823324052513,s1_3_9,0.23328265497702536,0.5874714729075095
53,0.3251289093911236,0.13027941569473056,0.2563546088418198,1.0,1.0,0.999,0.14648473173529014,0.28824228221356757,1.0,1.0,0.999,0.14174324107260922,0.2789123126425736,1.0,1.0,0.999,synthetic,dataset3846,0.9191225959620454,s2_10_99,0.12430349473478328,0.08622017833177689
22,0.35439168621712214,0.07328192192110496,0.1443443267839077,1.0,0.995,0.961,0.16813301241775855,0.3311737172193671,1.0,1.0,0.995,0.1859384845021907,0.3662453803761277,1.0,1.0,0.995,synthetic,dataset3863,0.39411917396928964,s2_10_99,0.15352158461805476,0.3891030470452702
41,0.32760008085451603,0.049120320192119524,0.08932114049016061,1.0,1.0,0.929,0.1627942355086114,0.2960275243316881,1.0,1.0,1.0,0.15631006636468173,0.28423661212261375,1.0,1.0,1.0,synthetic,dataset3895,0.3142492440475238,s2_10_99,0.07381344788732123,0.4857367284602501
6,0.4928565928839333,0.21515014086761525,0.47204863934473995,1.0,0.998,0.978,0.1599759893297379,0.3509941838123066,1.0,0.996,0.961,0.2595716452935873,0.5695113258080923,1.0,0.999,0.986,synthetic,dataset39,0.828866113724674,s1_3_9,0.06960907466400665,0.22251357638258001
6,0.5977215539885521,0.23183661202617523,0.4562895720066282,1.0,1.0,0.987,0.4186878543364794,0.8240411218483309,1.0,1.0,0.998,0.34984640715094883,0.6885507254088931,1.0,1.0,0.997,synthetic,dataset390,0.6626811288822076,s1_3_9,0.4461475405923066,1.0000000000000004
16,0.4310101000374352,0.2956846756686776,0.6899061212770942,1.0,1.0,0.998,0.5224439567476957,1.2189921001801935,1.0,1.0,1.0,0.2374540218426811,0.5540394774286382,1.0,1.0,0.993,synthetic,dataset3946,1.2452291747855746,s2_10_99,0.2898623384527962,0.5089899219439413
88,0.21102430620507434,0.03845787404399884,0.0697122622663204,1.0,0.987,0.799,0.06789513258129343,0.12307293127276496,1.0,1.0,0.965,0.0902276632123096,0.16355492023135568,1.0,1.0,0.987,synthetic,dataset3957,0.4262315200772273,s2_10_99,0.13760525283920536,0.9753992313291696
49,0.32681783295671757,0.16351697530053308,0.30433668439504136,1.0,1.0,1.0,0.2815223837022818,0.5239675494331488,1.0,1.0,1.0,0.12949757371075843,0.2410200050967198,1.0,1.0,1.0,synthetic,dataset3962,1.2627030037316316,s2_10_99,0.102885463542767,0.24421234521033588
44,0.3146743167028651,0.08402222454965566,0.15969260856368872,1.0,1.0,0.988,0.13505377555617565,0.25668315532630126,1.0,1.0,0.999,0.14154437294223027,0.2690191822914427,1.0,1.0,1.0,synthetic,dataset3979,0.5936104897928253,s2_10_99,0.09347079488475418,0.9990047087828312
21,0.4652858028534105,0.4628624161673523,1.4572190182363263,1.0,1.0,1.0,0.8434506666426945,2.65541618728329,1.0,1.0,1.0,0.26829748231960915,0.8446747459394083,1.0,1.0,1.0,synthetic,dataset3993,1.725183599061759,s2_10_99,0.3752036525342068,0.6695536568834823
14,0.453034156462466,0.3477931152937205,0.7637384891063214,1.0,0.998,0.991,0.4536278383923459,0.9961469180255282,1.0,1.0,0.995,0.27693663197070717,0.6081407468370325,1.0,0.998,0.986,synthetic,dataset4011,1.2558581102788458,s2_10_99,0.316776258887158,0.22150880765832429
58,0.2406224855585805,0.09269860401509357,0.18129765825153638,1.0,1.0,0.996,0.09699450270147603,0.18969947163591247,1.0,1.0,0.997,0.11450327486604617,0.22394269920144727,1.0,1.0,1.0,synthetic,dataset4091,0.8095716399687151,s2_10_99,0.09770378332260386,0.4403444896466352
71,0.32332678013397526,0.12015586721643788,0.23885675849344035,1.0,1.0,1.0,0.18730715623205552,0.3723461967914007,1.0,1.0,1.0,0.1124381744714009,0.22351482709355874,1.0,1.0,0.999,synthetic,dataset4137,1.0686394347944526,s2_10_99,0.49454576541811424,0.9999999999999991
17,0.37251948943140034,0.10930673603652458,0.23996869897470358,1.0,1.0,0.978,0.14115253481631235,0.30988200146726286,1.0,1.0,0.989,0.18838146000573097,0.4135669539471479,1.0,1.0,0.998,synthetic,dataset4145,0.5802414740452656,s2_10_99,0.21688434351469033,0.9167615721527486
17,0.3808341849958622,0.15637465234680342,0.3421219080706471,1.0,1.0,0.995,0.1333029710535975,0.29164488057309673,1.0,1.0,0.99,0.18759690811216523,0.41043104613367215,1.0,1.0,0.999,synthetic,dataset4150,0.8335673221933174,s2_10_99,0.1242619506204752,0.5197206104641205
91,0.3088451275549867,0.1435687019925933,0.27086775779460404,1.0,1.0,1.0,0.282900726604144,0.533742274118227,1.0,1.0,1.0,0.10268889312521691,0.19374076553727018,1.0,1.0,1.0,synthetic,dataset4170,1.3980937725906573,s2_10_99,0.8114415725739847,0.9987253045125857
19,0.41220149080656515,0.04110644035086872,0.07771781495457558,1.0,0.981,0.805,0.2849252645585345,0.5386934212214195,1.0,1.0,1.0,0.22224866192887763,0.4201940190942734,1.0,1.0,1.0,synthetic,dataset4173,0.18495697564209992,s2_10_99,0.0844341314668108,0.5235258264382275
61,0.29100950306490714,0.08928806809495285,0.1697324532574818,1.0,1.0,0.995,0.12190294561611165,0.23173181434200615,1.0,1.0,0.998,0.11337989240653405,0.21552988768628278,1.0,1.0,0.998,synthetic,dataset4174,0.7875123727830174,s2_10_99,0.1846285275351461,0.20789480949961622
53,0.28282118843833953,0.09442174284943117,0.16774725046334066,1.0,1.0,0.996,0.1622988138731326,0.2883359166976391,1.0,1.0,0.999,0.12997034591639534,0.2309019883694716,1.0,1.0,0.999,synthetic,dataset4180,0.7264868165402041,s2_10_99,0.164333702690791,0.9999999999999997
67,0.3035363657359162,0.08342550656544842,0.14323758270451578,1.0,1.0,0.994,0.17770033643903724,0.3051029317674969,1.0,1.0,1.0,0.1236204739584576,0.2122504086769261,1.0,1.0,1.0,synthetic,dataset4241,0.6748518582244184,s2_10_99,0.14604304671992716,0.4966310326172722
15,0.4479148451191147,0.10790195996054718,0.21774739182747313,1.0,0.998,0.968,0.5122753623822702,1.0337775522983867,1.0,1.0,1.0,0.23642786733794233,0.4771141459060824,1.0,1.0,0.998,synthetic,dataset4252,0.45638427134444204,s2_10_99,0.12600809723966697,0.564489785765876
3,0.7742764274788173,0.37242044996097173,0.7677614760195268,1.0,0.995,0.979,0.5565252382725354,1.1473017618205925,1.0,1.0,0.99,0.41607091879592656,0.8577488770475352,1.0,0.997,0.983,synthetic,dataset426,0.8950888734034198,s1_3_9,0.654427584383726,0.7740828983306078
78,0.2787422667102945,0.1049637123124925,0.20534695714293663,1.0,1.0,0.999,0.13837525369145787,0.27071200763962416,1.0,1.0,1.0,0.11192205856287799,0.2189599972858924,1.0,1.0,0.999,synthetic,dataset4284,0.9378286430777517,s2_10_99,0.16888447736521084,0.22755100688808538
51,0.32169333754606233,0.13158916513200813,0.2542964958746452,1.0,1.0,0.999,0.20647974574082212,0.39902279004737584,1.0,1.0,1.0,0.13290132843528485,0.2568322557884939,1.0,1.0,0.999,synthetic,dataset4301,0.9901267856482292,s2_10_99,0.1606768318327384,0.6694242987912429
86,0.2714580736429608,0.09066578109872508,0.18391265860042033,1.0,1.0,0.993,0.12548059907862436,0.2545334116097718,1.0,1.0,0.999,0.10991597656798993,0.22296106897561144,1.0,1.0,0.999,synthetic,dataset4316,0.8248644458218737,s2_10_99,0.06829248755575151,0.036148450024961705
35,0.32395226361866736,0.16691672042750094,0.411391889706316,1.0,1.0,1.0,0.17955858425649468,0.44254970443392183,1.0,1.0,1.0,0.16118299145311477,0.397260234160992,1.0,1.0,1.0,synthetic,dataset4325,1.0355727916617927,s2_10_99,0.3754664312869079,0.9462160990775651
11,0.43747822001868886,0.09831316345652588,0.19272269315399473,1.0,0.999,0.976,0.128230961226862,0.25137036918046507,1.0,1.0,0.987,0.22948642671289843,0.4498608390111861,1.0,1.0,0.999,synthetic,dataset4332,0.4284051343024382,s2_10_99,0.18231520467373777,0.09047960038198666
32,0.27377649710331764,0.1185380778503176,0.25374128176499994,1.0,1.0,0.994,0.1675047295749959,0.35855874799766096,1.0,1.0,1.0,0.15178244541196986,0.32490380261515417,1.0,1.0,1.0,synthetic,dataset4372,0.7809735673224926,s2_10_99,0.10775335014952371,0.8483827691970385
14,0.4582911881356526,0.025113706685346703,0.04731320955887212,1.0,0.913,0.503,0.3978104993972106,0.7494589213181277,1.0,1.0,1.0,0.24061673964257585,0.4533122238273286,1.0,1.0,1.0,synthetic,dataset4373,0.10437223412906294,s2_10_99,0.04480135924816307,0.19176381108015272
38,0.2933236100241557,0.12598595747797384,0.26457685848445717,1.0,1.0,0.997,0.12937347222029427,0.2716908101226754,1.0,1.0,0.997,0.1356550834490503,0.28488251020096006,1.0,1.0,0.997,synthetic,dataset4374,0.9287227155427021,s2_10_99,0.13941571704534442,0.5786601695933405
34,0.30093018110175,0.1111723001812489,0.23241342042786792,1.0,1.0,0.992,0.15073474106417284,0.31512145283418613,1.0,1.0,0.999,0.1562968709750836,0.32674947200219245,1.0,1.0,0.999,synthetic,dataset4416,0.7112893526766231,s2_10_99,0.12015947156034887,0.7899143145412435
7,0.5635892137900599,0.008234073748013746,0.015237895082109773,0.98,0.266,0.005,0.22541339533527746,0.41714779018704473,1.0,1.0,0.998,0.32791507400541,0.6068363784987997,1.0,1.0,1.0,synthetic,dataset442,0.0251103849769282,s1_3_9,0.007673467803087378,1.0000000000000053
20,0.3589001873846317,0.08820211309443451,0.17770367651793845,1.0,0.998,0.979,0.14401521388843502,0.2901521526484495,1.0,1.0,0.996,0.17068174433414662,0.34387808203867753,1.0,1.0,0.997,synthetic,dataset4420,0.5167636025664213,s2_10_99,0.19847802310900028,0.010331428283411867
3,0.7015175863900349,0.2563386469313135,0.5033680528295169,1.0,1.0,0.995,0.30426590372041995,0.5974820314129224,1.0,1.0,0.998,0.3923247478469014,0.7704017586292488,1.0,1.0,0.999,synthetic,dataset443,0.6533838314766359,s1_3_9,0.09428198707429869,0.5080885065604427
8,0.4289861844396916,0.10769302238607409,0.21629614691319318,1.0,0.997,0.965,0.10776217740913242,0.21643504138096648,1.0,0.997,0.965,0.2106423476214217,0.42306481105088295,1.0,1.0,0.995,synthetic,dataset451,0.5112600747292565,s1_3_9,0.09818211533440986,0.566407278337354
12,0.4536659155443844,0.0658448139276134,0.12709911242098312,1.0,0.999,0.937,0.15815348297934217,0.30528094946186196,1.0,1.0,1.0,0.24251782551936635,0.468127989603927,1.0,1.0,1.0,synthetic,dataset4520,0.27150504828501903,s2_10_99,0.10206391246347364,0.9007540256979176
10,0.47189475736501,0.28785313018932723,0.5967774100542532,1.0,1.0,0.995,0.376267843352328,0.7800788856970623,1.0,1.0,0.998,0.2813115601208448,0.583215420158261,1.0,1.0,0.995,synthetic,dataset4558,1.023253825991624,s2_10_99,0.9367044495003802,1.0
15,0.4273826640322495,0.08746586753904893,0.154741533452388,1.0,0.999,0.973,0.2071854828870126,0.36654526197544,1.0,1.0,0.999,0.2280540914808916,0.40346526958175377,1.0,1.0,0.999,synthetic,dataset4593,0.38353123581813736,s2_10_99,0.20314442990621537,0.9913157024596951
43,0.36775169240347416,0.150836957760918,0.28811414197300994,1.0,1.0,1.0,0.2706984922578841,0.5170620316665893,1.0,1.0,1.0,0.1416786012895405,0.27062073680359355,1.0,1.0,1.0,synthetic,dataset4622,1.0646417764434382,s2_10_99,0.679110051543509,0.9998913823225019
15,0.3779446956824819,0.11337752639850449,0.2330043752705324,1.0,0.999,0.98,0.17112226986736978,0.35167672864176974,1.0,1.0,0.996,0.1908992018445645,0.392320688926432,1.0,1.0,0.997,synthetic,dataset4640,0.5939130457487175,s2_10_99,0.19264629233436523,0.7997088062766645
14,0.4171395152191572,0.10784422544769783,0.21244743952516842,1.0,0.998,0.974,0.3075266788133447,0.6058113471384632,1.0,1.0,0.998,0.23034633151196848,0.4537701312293859,1.0,1.0,0.998,synthetic,dataset4659,0.46818295190472514,s2_10_99,0.13441586191083832,0.7174657755654489
25,0.3894718816248708,0.3091966658306966,0.8504513151759601,1.0,1.0,1.0,0.5735145900656389,1.577462797289651,1.0,1.0,1.0,0.24653325671331305,0.6780944155499183,1.0,1.0,1.0,synthetic,dataset4694,1.2541783204131898,s2_10_99,0.21844127561720833,0.9993081409123397
82,0.23699424261113813,0.05155621833833113,0.08923020978484728,1.0,0.996,0.908,0.08291750058247847,0.14350831403607653,1.0,1.0,0.986,0.10251775796676607,0.17743118764096003,1.0,1.0,0.993,synthetic,dataset4731,0.5029003692710925,s2_10_99,0.061899151051454486,0.8958645552858588
5,0.6128652615650041,0.18621434114951974,0.35490251754811003,1.0,0.999,0.985,0.24190698151715884,0.4610461053800808,1.0,1.0,0.991,0.3143597573426424,0.5991325297933665,1.0,1.0,0.996,synthetic,dataset476,0.592360621231018,s1_3_9,0.4820157260078436,1.0000000000000002
15,0.44302130253402383,0.16096426810958692,0.3090267781222594,1.0,0.996,0.986,0.5445291571239865,1.0454127055396638,1.0,1.0,1.0,0.23774662595215912,0.4564371626714951,1.0,1.0,0.994,synthetic,dataset4795,0.6770412301959533,s2_10_99,0.21831922572424584,0.6715139689187647
57,0.3313778606781615,0.1543035601112821,0.29518599093472375,1.0,1.0,1.0,0.2133825190005027,0.4082052952886178,1.0,1.0,1.0,0.13188011556678209,0.25228946480619857,1.0,1.0,1.0,synthetic,dataset4799,1.1700290028419418,s2_10_99,0.17361461264737887,0.9691120471843366
39,0.34627343015108136,0.11873551952278907,0.2801027080973101,1.0,1.0,0.995,0.16494218497971888,0.3891064180120031,1.0,1.0,0.999,0.14331219170210435,0.33808024052495717,1.0,1.0,0.999,synthetic,dataset4830,0.8285095504616828,s2_10_99,0.42717463844181514,0.9974105348829005
24,0.35587783779275395,0.07018926411511181,0.13723886606650282,1.0,0.999,0.941,0.1550133065329663,0.30309265500937527,1.0,1.0,0.998,0.18787453627479062,0.36734518656352544,1.0,1.0,1.0,synthetic,dataset4844,0.3735964729805162,s2_10_99,0.026788086273846226,0.45076237156362553
17,0.38928405211413836,0.11465592598003964,0.234688876952109,1.0,1.0,0.971,0.16232175298800622,0.33225591776464103,1.0,1.0,0.991,0.20441475100057,0.4184159513318178,1.0,1.0,0.999,synthetic,dataset4871,0.5608984939629916,s2_10_99,0.11850273377727102,1.0000000000000002
49,0.3232430121363786,0.13216963297728812,0.26248479493061044,1.0,1.0,1.0,0.18710518889620664,0.371585106439036,1.0,1.0,1.0,0.13531082450376714,0.26872310395131643,1.0,1.0,1.0,synthetic,dataset4894,0.9767853640830373,s2_10_99,0.15883186959611628,0.9974023297336548
46,0.2753344580019694,0.07806477403229267,0.1557274705489876,1.0,0.998,0.963,0.09088560451274814,0.18130309701826794,1.0,0.999,0.976,0.1300444668048354,0.25941913142580114,1.0,1.0,0.995,synthetic,dataset4917,0.6002929301824785,s2_10_99,0.061622466057388886,0.4689598712292554
24,0.3406935371487378,0.18408216904985789,0.4838050136271979,1.0,1.0,1.0,0.27399134332143893,0.720104430937361,1.0,1.0,1.0,0.19085945946362265,0.5016170977519719,1.0,1.0,1.0,synthetic,dataset4920,0.9644906758469758,s2_10_99,0.6454736433650994,1.0000000000000002
18,0.36756254114414944,0.13595812127786722,0.31672009790699635,1.0,1.0,0.991,0.24780797799572152,0.5772789908778807,1.0,1.0,1.0,0.18459811757133787,0.4300289921714231,1.0,1.0,0.995,synthetic,dataset4922,0.7365087091168537,s2_10_99,0.3896438255442521,0.9999999999999999
4,0.6714176873697305,0.11895021361189365,0.22512761811789905,1.0,0.995,0.963,0.17199465851381265,0.32552062433912643,1.0,0.998,0.986,0.38847090434413656,0.7352280147091482,1.0,1.0,0.998,synthetic,dataset493,0.3062010881168044,s1_3_9,0.2315875866997435,0.8431651649302482
45,0.23765443693611682,0.07984326008030752,0.1758537698498263,1.0,0.995,0.951,0.05032162386263804,0.11083273969912019,1.0,0.981,0.855,0.0996703952964183,0.21952278423586694,1.0,0.999,0.973,synthetic,dataset4948,0.8010729750078229,s2_10_99,0.1881844372630003,0.5654129123718403
20,0.3329409178377066,0.11520997862186257,0.25928355059037306,1.0,0.996,0.975,0.10797295029087925,0.24299639887116947,1.0,0.996,0.97,0.16748916960203092,0.37693945523922606,1.0,1.0,0.991,synthetic,dataset4984,0.6878652446340957,s2_10_99,0.14205826387923445,0.0676236572659819
5,0.6043598212860889,0.31907964221115204,0.6350020245596619,1.0,1.0,0.994,0.3935814327042877,0.7832684180801679,1.0,1.0,0.996,0.3471025910317106,0.6907706380377064,1.0,1.0,0.994,synthetic,dataset499,0.9192660915112602,s1_3_9,0.18122897148663009,0.4108233679429812
22,0.38747250949220263,0.041439316343371266,0.07537077683747331,1.0,0.999,0.833,0.23702793207740802,0.4311118268656434,1.0,1.0,1.0,0.21179401031995054,0.3852157925354385,1.0,1.0,1.0,synthetic,dataset4998,0.19565858487107443,s2_10_99,0.01947100086048034,0.06347226021561306
141,0.17274311704187315,0.0536550928209076,0.10001622158144707,1.0,0.997,0.918,0.06325108329186123,0.11790370734985055,1.0,0.998,0.958,0.08087507020281348,0.15075584658513044,1.0,0.999,0.982,synthetic,dataset5041,0.6634317928424015,s3_100_999,0.3871714843522295,0.9999999999999997
283,0.14460126156018513,0.040295900031160195,0.07510053725961288,1.0,0.996,0.827,0.050143766454233796,0.09345426701032758,1.0,0.999,0.916,0.058258523935824716,0.10857795567661084,1.0,1.0,0.949,synthetic,dataset5072,0.6916738926572968,s3_100_999,0.0379727405129618,0.7362067506618769
320,0.17218354296502017,0.028739977376328857,0.04763300880855175,1.0,0.994,0.63,0.07145461825268837,0.11842731871616982,1.0,1.0,0.997,0.062047043992775004,0.10283541125841948,1.0,1.0,0.989,synthetic,dataset5073,0.46319656065606374,s3_100_999,0.051380760569295095,0.9396874137250958
727,0.12707844363494483,0.004761943686500784,0.007584965542229593,0.995,0.006,0.0,0.04942925209177548,0.07873238294630037,1.0,1.0,0.953,0.04692944005878844,0.07475060798621246,1.0,1.0,0.939,synthetic,dataset5099,0.10147028561464837,s3_100_999,0.004097905114799735,0.8157239367098119
409,0.1276482972063011,0.050184472881070516,0.08759018421279742,1.0,1.0,0.949,0.052289988135844914,0.09126507523866507,1.0,1.0,0.952,0.0532712748036057,0.09297777789469218,1.0,1.0,0.956,synthetic,dataset5111,0.9420550393450265,s3_100_999,0.11058176285416606,0.26274112020046125
566,0.14563370273420956,0.041645924324504036,0.07325799543504874,1.0,1.0,0.89,0.07302190797559534,0.12845047115420027,1.0,1.0,0.994,0.04449020260118763,0.07826127314803001,1.0,1.0,0.92,synthetic,dataset5112,0.9360695589053648,s3_100_999,0.04400260537416404,0.1872176316028161
110,0.21791744571107582,0.06965662484907748,0.12643911774144648,1.0,1.0,0.979,0.09802188518801389,0.17792709177883712,1.0,1.0,0.996,0.0968687873263726,0.17583401482296443,1.0,1.0,0.996,synthetic,dataset5125,0.7190822428114925,s3_100_999,0.07292688138405089,0.1120972376606684
128,0.20333951216218238,0.047070896170189544,0.08455170201151199,1.0,1.0,0.897,0.07509088581825395,0.13488296841704076,1.0,1.0,0.991,0.0866575245863999,0.1556596919122361,1.0,1.0,0.997,synthetic,dataset5237,0.5431830229959844,s3_100_999,0.3564434500167619,0.8936290821859905
182,0.16739714212920795,0.06075163863668284,0.11068820222633056,1.0,0.999,0.969,0.06980723745803469,0.1271873119805995,1.0,1.0,0.984,0.07527170402205374,0.13714345462416505,1.0,1.0,0.991,synthetic,dataset5243,0.8070979583361538,s3_100_999,0.08146349129988799,0.8430016936440017
447,0.13544190472647932,0.05750451338079412,0.0953448687163088,1.0,0.999,0.977,0.06874218022813336,0.11397738653524976,1.0,1.0,0.991,0.055761009125321746,0.09245406633278912,1.0,0.999,0.974,synthetic,dataset5260,1.0312674444530567,s3_100_999,0.028221930794945074,0.09587579755286899
524,0.14533713220918706,0.0004222416999938779,0.0006744793057593536,0.0,0.0,0.0,0.057604580516662666,0.09201624916724416,1.0,1.0,0.99,0.05450806728568961,0.08706994922971634,1.0,1.0,0.986,synthetic,dataset5277,0.007746407477278723,s3_100_999,0.0004270923170377208,0.015050806744022364
158,0.1952234664321398,0.06033454907096662,0.11470599989359087,1.0,0.999,0.955,0.07585662745064134,0.14421604924977396,1.0,1.0,0.982,0.07784655604534449,0.14799923405329,1.0,1.0,0.984,synthetic,dataset5284,0.7750445509217211,s3_100_999,0.17789128049304329,0.9985167864155913
182,0.16249230102624254,0.08091326365151867,0.14410580631798897,1.0,1.0,0.994,0.07181446790289242,0.12790093163235558,1.0,1.0,0.991,0.07741913929568105,0.1378828017702809,1.0,1.0,0.993,synthetic,dataset5298,1.045132565249696,s3_100_999,0.4708023218181414,0.8664225825817182
218,0.16785409237495139,0.075410405299013,0.12360545203492711,1.0,1.0,0.996,0.09753604856710024,0.15987166923494608,1.0,1.0,1.0,0.0739431080611995,0.12120040013750796,1.0,1.0,0.995,synthetic,dataset5340,1.0198435970070272,s3_100_999,0.6411126893156064,0.9932218870067859
138,0.18243777216893556,0.08576255692936982,0.16001815254974835,1.0,1.0,0.987,0.0810824518545247,0.15128588295997644,1.0,1.0,0.985,0.09102014350295756,0.16982790310404605,1.0,1.0,0.99,synthetic,dataset5362,0.9422371095974275,s3_100_999,0.46845775261236405,0.9946906754096361
794,0.1380215329216199,0.003743685383480368,0.005975600543611333,0.981,0.002,0.0,0.05648554723941694,0.09016117333990536,1.0,1.0,0.993,0.041903141146954745,0.06688500965430506,1.0,1.0,0.92,synthetic,dataset5363,0.08934140212427574,s3_100_999,0.009848268763162511,0.21229982371081907
608,0.11080051604289316,0.030753823381888937,0.0534959622685117,1.0,0.995,0.698,0.04047366400621512,0.07040352595053227,1.0,1.0,0.911,0.043726983750728,0.0760626424817912,1.0,1.0,0.937,synthetic,dataset5367,0.7033145381626494,s3_100_999,0.3082230618592591,0.9144712000869993
674,0.13194803012400352,0.05130962105025988,0.08916577524775833,1.0,0.999,0.964,0.06862837572306921,0.11926227869326485,1.0,1.0,0.989,0.04186823545323334,0.0727585508531898,1.0,0.999,0.897,synthetic,dataset5379,1.2255023526743216,s3_100_999,0.17125333905646578,0.962718017451696
3,0.6342781026600288,0.15814278589667002,0.4224793578417214,0.998,0.977,0.934,0.10792782833766659,0.28832981125766965,0.998,0.966,0.892,0.22797591474312476,0.6090389613281909,0.999,0.987,0.964,synthetic,dataset538,0.6936819886208583,s1_3_9,0.454644465532459,0.9999999999999999
226,0.1486069680980185,0.07775148043756414,0.1465198570260589,1.0,1.0,0.986,0.06399454284970689,0.12059540494944701,1.0,1.0,0.97,0.07332022477909847,0.13816931576471694,1.0,1.0,0.98,synthetic,dataset5406,1.0604370168233426,s3_100_999,0.4915533513918423,0.9274957945443162
610,0.12633914224301587,0.05378632403699855,0.08784534646026709,1.0,1.0,0.97,0.06357253277804006,0.10382845950584228,1.0,1.0,0.992,0.04770368200951441,0.07791100337464239,1.0,1.0,0.941,synthetic,dataset5422,1.1275088582527233,s3_100_999,0.23620577600155698,0.5392142736203641
277,0.16658309196155086,0.040870956028300015,0.06661293406034217,1.0,1.0,0.896,0.07400586784079449,0.12061738881624808,1.0,1.0,0.996,0.0675455898339941,0.11008819853793658,1.0,1.0,0.994,synthetic,dataset5431,0.6050869661327707,s3_100_999,0.05001463275181017,0.9395315844315956
549,0.11994010523026186,0.04773096869454319,0.08568515829698353,1.0,0.999,0.932,0.04959205948690427,0.08902613090889594,1.0,0.999,0.948,0.04635948149771283,0.0832231069123836,1.0,0.999,0.925,synthetic,dataset5463,1.0295837475425174,s3_100_999,0.33489633399298274,0.9965400149476253
725,0.11086250783682641,0.044120605869021126,0.0792842899656142,1.0,0.999,0.898,0.047934977311240225,0.08613867751322032,1.0,1.0,0.927,0.04282979926374182,0.07696472333304552,1.0,0.999,0.885,synthetic,dataset5494,1.0301380493831094,s3_100_999,0.11819727093124766,0.9717599286405235
128,0.22872329577713174,0.11973391964931412,0.2150598583528546,1.0,1.0,1.0,0.18420696273869364,0.33086299546713244,1.0,1.0,1.0,0.08599621193246829,0.1544619370287577,1.0,1.0,0.99,synthetic,dataset5514,1.3923162074085267,s3_100_999,0.2054409931605048,0.055655526711223265
139,0.2532616136408745,0.10626462517266838,0.19173383796064272,1.0,1.0,1.0,0.19417213891126484,0.3503458404712783,1.0,1.0,1.0,0.08162793068809682,0.14728171684775848,1.0,1.0,0.997,synthetic,dataset5518,1.301816967267114,s3_100_999,0.19865275558331502,0.955452877819758
143,0.2535612215412596,0.009978891337915253,0.016270649077730515,1.0,0.4,0.002,0.1105977446772837,0.18033036251184031,1.0,1.0,1.0,0.09500978818727973,0.1549140951832121,1.0,1.0,0.999,synthetic,dataset5567,0.10503013982354363,s3_100_999,0.03305646858562792,0.210641168972029
340,0.14901659111851764,0.057815426713003173,0.09948799782123863,1.0,1.0,0.976,0.06895186294599973,0.11865142541617044,1.0,1.0,0.991,0.05805777384980221,0.0999050254691972,1.0,1.0,0.976,synthetic,dataset5600,0.9958257590546618,s3_100_999,0.23249908468736502,0.9373296230608473
205,0.19962571379364596,0.07161409515259551,0.12247727460747654,1.0,1.0,0.994,0.10645109665985139,0.1820569005318657,1.0,1.0,0.999,0.07389097471034486,0.1263712846099545,1.0,1.0,0.996,synthetic,dataset5621,0.9691859585466998,s3_100_999,0.16278910178651013,0.9165020162625039
6,0.574292542102423,0.15302401952581976,0.29231310075626604,1.0,0.998,0.972,0.3370695462089166,0.6438848262393928,1.0,1.0,0.998,0.33133736519878015,0.6329349661431715,1.0,1.0,0.998,synthetic,dataset563,0.4618374973616865,s1_3_9,0.1899991522658191,0.3656549785784277
111,0.22908002002026123,0.08914100971311648,0.1672601710083173,1.0,1.0,1.0,0.10825875327770298,0.2031318429603951,1.0,1.0,1.0,0.09425602434572783,0.1768577538146374,1.0,1.0,1.0,synthetic,dataset5638,0.9457327564140656,s3_100_999,0.07957101798212769,0.40491534239027105
524,0.14089658747771458,0.05960468661341925,0.100860323364283,1.0,1.0,0.994,0.0863200788907284,0.14606688776364066,1.0,1.0,1.0,0.048901557176656424,0.08274897747292427,1.0,1.0,0.958,synthetic,dataset5740,1.2188709328436695,s3_100_999,0.0830907706837605,0.3527673876984844
930,0.11234348144327032,0.010397903086945163,0.016483499201295472,1.0,0.444,0.005,0.0437968484257257,0.06942989466319457,1.0,1.0,0.937,0.03986199982179248,0.06319209139865123,1.0,1.0,0.897,synthetic,dataset5748,0.2608475022184072,s3_100_999,0.03188915215546156,0.25137662949487616
6,0.5583771149001279,0.03877901487720031,0.08032673939646079,0.999,0.94,0.737,0.23836993423026823,0.49375879319007143,1.0,0.999,0.997,0.3168863422289805,0.6563974539098117,1.0,0.999,0.998,synthetic,dataset577,0.12237515383095558,s1_3_9,0.040777935471083826,0.19695459406150867
135,0.21257764164512655,0.11808706094712694,0.2094385403654042,1.0,1.0,0.999,0.13461395996019743,0.23875055455478045,1.0,1.0,0.999,0.09150824325005377,0.16229850030965573,1.0,1.0,0.998,synthetic,dataset5792,1.2904527150023455,s3_100_999,0.17250418633448614,0.14596386980898998
198,0.20930886689503903,0.1323722178637107,0.25476486245362956,1.0,1.0,1.0,0.2098072724267076,0.40379712423187303,1.0,1.0,1.0,0.06988195072170232,0.13449548440697812,1.0,1.0,0.99,synthetic,dataset5831,1.8942261413232355,s3_100_999,0.18397672438812124,0.5835352632741322
124,0.18678260941431332,0.06268078936618328,0.13113093232531903,1.0,1.0,0.953,0.05309554737206941,0.11107818997855352,1.0,1.0,0.912,0.0839196490438251,0.17556354874923344,1.0,1.0,0.983,synthetic,dataset5835,0.7469143410436542,s3_100_999,0.3546019448180193,0.9470506721243467
610,0.11131563560506672,0.031861034202219904,0.05643749059711497,1.0,0.99,0.71,0.03974419802129488,0.07040144359031572,1.0,0.998,0.857,0.04224503613172616,0.07483133831521886,1.0,0.998,0.878,synthetic,dataset5849,0.7541959273717409,s3_100_999,0.22304846927146932,0.11828018893558584
190,0.19381486626512204,0.01779859087607933,0.029079257433602203,1.0,0.87,0.18,0.07273067783095494,0.11882705314661432,1.0,1.0,0.99,0.07853599252078411,0.1283117500826788,1.0,1.0,0.99,synthetic,dataset5879,0.2266297312199756,s3_100_999,0.010326571468393242,0.06089857415906324
110,0.20375298478842435,0.04935045328483878,0.08923700902022183,1.0,0.997,0.907,0.07523823763333125,0.13604809770640602,1.0,1.0,0.976,0.09039273240817816,0.16345092173143635,1.0,1.0,0.99,synthetic,dataset5885,0.5459559852886346,s3_100_999,0.09049690108641804,0.9111153213759227
203,0.20795338449131257,0.12297465634509505,0.22080636222032168,1.0,1.0,1.0,0.18269174016797018,0.3280309923451857,1.0,1.0,1.0,0.07347084483371877,0.13192010824947684,1.0,1.0,0.997,synthetic,dataset5932,1.673788516021759,s3_100_999,0.23277163564372555,0.8812543532483823
111,0.2183870626483975,0.10605839413213719,0.21075086718536779,1.0,1.0,0.998,0.11213170886573523,0.22281927871723362,1.0,1.0,0.998,0.08970582044050476,0.17825632383097353,1.0,1.0,0.993,synthetic,dataset5953,1.1822911112270347,s3_100_999,0.16461887908006914,0.4488296585544211
437,0.11119844418907417,0.04480292340380525,0.08215252612953812,1.0,0.999,0.89,0.03709504988260362,0.0680190448130062,1.0,0.996,0.786,0.05013820711561019,0.09193552690812856,1.0,0.999,0.94,synthetic,dataset5955,0.8935884623974949,s3_100_999,0.3373898327718277,0.9999043831818089
464,0.11102698698391149,0.04101509164354606,0.07850477458764989,1.0,0.997,0.846,0.04011493665043302,0.07678183646910476,1.0,0.997,0.835,0.04851576877679778,0.09286141610678016,1.0,0.999,0.926,synthetic,dataset5984,0.8453971291734149,s3_100_999,0.2232277478505752,0.9995098715067043
6,0.5958808512889264,0.36027560348919796,0.8373146049536183,1.0,1.0,0.997,0.3604990820892843,0.8378339903739317,1.0,1.0,0.997,0.31471362146891046,0.7314242459985616,1.0,1.0,0.996,synthetic,dataset60,1.1447728312731724,s1_3_9,0.12928496886701657,0.7470446570979251
285,0.19439001910308135,0.019953582140888677,0.03304391268694684,1.0,0.947,0.278,0.08932308910461209,0.1479225302234238,1.0,1.0,1.0,0.06866358672529649,0.11370958600330033,1.0,1.0,0.995,synthetic,dataset6031,0.29059918207764607,s3_100_999,0.03418515477630708,0.601194307358841
106,0.2609409153436701,0.062133534321050815,0.1117250297410427,1.0,1.0,0.983,0.11977561020263854,0.21537377131961305,1.0,1.0,0.999,0.09853300183888902,0.17717650671602597,1.0,1.0,0.998,synthetic,dataset6054,0.6305860286551009,s3_100_999,0.08507339583183153,0.7074309705821543
431,0.13586202104955422,0.05911783740673617,0.10163165034569886,1.0,1.0,0.99,0.06622805160503568,0.1138550812928238,1.0,1.0,0.994,0.05281187795920747,0.09079084334431882,1.0,1.0,0.97,synthetic,dataset6060,1.1194041888152415,s3_100_999,0.08041272450155772,0.4098948183561047
135,0.21717268373174128,0.010093008859211442,0.017567050087501458,1.0,0.421,0.013,0.08506520135531509,0.14805740030123873,1.0,1.0,0.997,0.0941506751086072,0.16387081874950435,1.0,1.0,0.998,synthetic,dataset6117,0.10720059996987476,s3_100_999,0.014339451834911976,0.7119777938105731
9,0.4651196259815416,0.21159119243493896,0.47405734546862005,1.0,0.999,0.996,0.168153414436726,0.3767376154084013,1.0,0.999,0.991,0.25068826289534973,0.561651981260282,1.0,1.0,0.996,synthetic,dataset612,0.8440410811066495,s1_3_9,0.6171770441403591,0.9999999999999994
957,0.08410844621140116,0.02944041987603646,0.05018190303586186,1.0,0.994,0.652,0.028729757990127808,0.04897056277644597,1.0,0.994,0.633,0.036001801018550245,0.06136593484184055,1.0,0.999,0.795,synthetic,dataset6170,0.817748530437881,s3_100_999,0.15367265664722746,1.0000000000000742
524,0.14492555534051296,0.05635210116714155,0.09864969139663546,1.0,1.0,0.979,0.07754585921572558,0.13575137257133632,1.0,1.0,0.999,0.04690158877492877,0.08210567419545467,1.0,1.0,0.942,synthetic,dataset6186,1.2014966366611564,s3_100_999,0.216475611780584,0.9522751324724358
9,0.5287016742750015,0.024165707707269564,0.043160241034142954,0.999,0.887,0.484,0.35132167734043906,0.627464689145907,1.0,1.0,0.999,0.2996210658835333,0.5351267829226448,1.0,1.0,0.999,synthetic,dataset622,0.08065423449452348,s1_3_9,0.027786367547841282,0.276415624274084
308,0.18684544873072784,0.08882737422173628,0.1597387182387997,1.0,1.0,0.999,0.1154823157856145,0.20767243504005703,1.0,1.0,1.0,0.0634160488697337,0.11404140278798772,1.0,1.0,0.981,synthetic,dataset6231,1.400708114190484,s3_100_999,0.800057248329531,1.0000000000000058
658,0.11749077686572947,0.0509564640989361,0.09037530194545317,1.0,1.0,0.97,0.060229457108174775,0.10682168530362497,1.0,1.0,0.985,0.04536624068761066,0.08046060049049827,1.0,1.0,0.935,synthetic,dataset6232,1.1232243035039957,s3_100_999,0.2127952979461227,0.9993777306476639
268,0.17459364999269522,0.10168672340124671,0.17502180489684308,1.0,1.0,1.0,0.13425601270846985,0.2310796225557387,1.0,1.0,1.0,0.06868281490185826,0.11821592659727338,1.0,1.0,0.996,synthetic,dataset6252,1.4805264394965194,s3_100_999,0.15924882990448178,0.8365898397846
283,0.21916025797573138,0.05526967601390294,0.093917027648813,1.0,1.0,0.981,0.1311276276673551,0.22281869410742366,1.0,1.0,1.0,0.06635430045989871,0.11275258189214572,1.0,1.0,0.991,synthetic,dataset6264,0.8329479119036933,s3_100_999,0.34215710879933314,0.9423725497023228
689,0.10009588370912287,0.027047809856005474,0.0478156156617562,1.0,0.974,0.573,0.031924722345946344,0.05643711124592658,1.0,0.992,0.69,0.03987725924820748,0.07049575222568867,1.0,0.997,0.842,synthetic,dataset6265,0.6782765507441763,s3_100_999,0.03471787922097152,0.016411499698809597
245,0.1606246233214327,0.04598984482365374,0.08010252007009418,1.0,1.0,0.911,0.06916220691985928,0.1204628345482183,1.0,1.0,0.987,0.07041846639155164,0.12265091650262246,1.0,1.0,0.991,synthetic,dataset6282,0.653093530437512,s3_100_999,0.0698106200938978,0.18937567819597823
160,0.18107337376322957,0.06972868440933205,0.12419451708715695,1.0,1.0,0.98,0.07696126689628564,0.13707654830385396,1.0,1.0,0.988,0.07883135487057326,0.14040738230487618,1.0,1.0,0.989,synthetic,dataset6300,0.8845298234923639,s3_100_999,0.23112748367388028,0.9993483155666548
759,0.0994304027175521,0.041834354132437,0.08364066271359591,1.0,0.998,0.838,0.03574848561935026,0.07147300562461746,1.0,0.993,0.766,0.04050221576375885,0.08097727903544184,1.0,0.998,0.824,synthetic,dataset6342,1.0328905059527667,s3_100_999,0.34186958756779934,0.9999563471608193
271,0.15971346911059536,0.05968519614526714,0.11239976881474673,1.0,1.0,0.969,0.06470830371800898,0.1218593361173928,1.0,1.0,0.984,0.06430335276616927,0.12109672836358207,1.0,1.0,0.983,synthetic,dataset6353,0.9281817133595591,s3_100_999,0.134250765652863,0.15798112077216878
212,0.16433473412596394,0.01601672771697563,0.026870566165962954,1.0,0.812,0.135,0.06903726918150845,0.11582081822449829,1.0,1.0,0.993,0.08032199860641623,0.13475271705147232,1.0,1.0,0.997,synthetic,dataset6356,0.1994064888183222,s3_100_999,0.056488054599936804,0.5022928912829983
503,0.12126908895016511,0.047450270323676075,0.08550379679031404,1.0,0.999,0.921,0.05010526532794643,0.09028800880377352,1.0,0.999,0.935,0.04705751049599256,0.08479605674448139,1.0,0.999,0.92,synthetic,dataset6369,1.008346379218615,s3_100_999,0.040279956451012726,0.8024690195130065
754,0.1177447679030917,0.030306030271394523,0.04952527548769114,1.0,0.999,0.675,0.056293111149205176,0.09199264346921401,1.0,1.0,0.991,0.04274630154160987,0.06985482232314588,1.0,1.0,0.923,synthetic,dataset6385,0.7089743247586971,s3_100_999,0.06607277629761713,0.9722669648381781
651,0.1472339944505418,0.001604654703176526,0.0026039799385187373,0.383,0.0,0.0,0.061752841699233216,0.10021044441087887,1.0,1.0,0.989,0.04626330897026658,0.07507454919092053,1.0,1.0,0.955,synthetic,dataset6399,0.03468525574354913,s3_100_999,0.0025819335928303354,0.5036636453179356
162,0.18391230249135718,0.07839914527608285,0.14235078899172773,1.0,1.0,0.993,0.08984185190755803,0.16312752464943509,1.0,1.0,0.997,0.07977040581897113,0.1448406123119435,1.0,1.0,0.994,synthetic,dataset6409,0.9828099089028053,s3_100_999,0.11186393335257709,0.9320582904858649
281,0.17207335277661792,0.09285019945042026,0.1569079396732312,1.0,1.0,1.0,0.10956874894675558,0.18516068626205975,1.0,1.0,1.0,0.06997609279452133,0.11825289134283581,1.0,1.0,0.997,synthetic,dataset6416,1.3268845936149476,s3_100_999,0.2766662513134718,0.9491116637106245
467,0.13567777724271463,0.036802892955128313,0.06120830048905886,1.0,0.997,0.84,0.059765552677014395,0.09939837913311725,1.0,1.0,0.981,0.05172905049867607,0.08603256463553263,1.0,1.0,0.965,synthetic,dataset6422,0.7114550257610128,s3_100_999,0.5423602798945146,0.9973541545032331
294,0.20308600601927146,0.03759566584862417,0.06325610093463928,1.0,1.0,0.873,0.12505697957245954,0.21041300223988757,1.0,1.0,1.0,0.06615132973345098,0.1113020635790365,1.0,1.0,0.999,synthetic,dataset6447,0.5683281953682792,s3_100_999,0.18756011421576896,0.9682437825429941
773,0.10173755249089067,0.03565081872633423,0.06484592031774214,1.0,0.997,0.79,0.03667362378548902,0.06670631897718562,1.0,0.997,0.802,0.03892559278570969,0.07080246620643471,1.0,0.998,0.839,synthetic,dataset6485,0.9158709264261304,s3_100_999,0.05497104319504343,0.9647052093296403
704,0.10201934702420216,0.046031433857612575,0.087514860102842,1.0,1.0,0.898,0.0380943584724352,0.07242490995903098,1.0,0.999,0.806,0.044539299112988553,0.08467801683104012,1.0,1.0,0.883,synthetic,dataset6494,1.0335015317784577,s3_100_999,0.13983376128939184,0.9405231042477427
112,0.2666981663161113,0.1048484941527228,0.19397248448636667,1.0,1.0,1.0,0.16643927509821516,0.3079170565853307,1.0,1.0,1.0,0.09488867738503623,0.1755465603081608,1.0,1.0,1.0,synthetic,dataset6533,1.1049631741337478,s3_100_999,0.47293313256938746,0.9980919372705375
317,0.17022595014621664,0.05259280213447662,0.08906424827448554,1.0,1.0,0.966,0.08644643472781849,0.14639430516282295,1.0,1.0,0.999,0.059708374596775915,0.1011142453591983,1.0,1.0,0.986,synthetic,dataset6567,0.880827898760394,s3_100_999,0.1414769582324624,0.326826904106206
185,0.20625589603579111,0.09355558865390462,0.16991036433402285,1.0,1.0,0.999,0.1161581172337699,0.21095979730891537,1.0,1.0,1.0,0.08306890684906745,0.15086504644599855,1.0,1.0,0.997,synthetic,dataset6597,1.1262407584572047,s3_100_999,0.29278771572282347,0.5448382471095782
186,0.20086568321869508,0.09441757934926123,0.16697094600038034,1.0,1.0,0.999,0.13469672193307092,0.23820181834063311,1.0,1.0,1.0,0.07636089684821235,0.13503895431400129,1.0,1.0,0.991,synthetic,dataset6602,1.2364650396516605,s3_100_999,0.08744625585005787,0.773733837165086
966,0.14692699057609915,0.021601835589108394,0.03498607753021669,1.0,0.972,0.35,0.08122579063535992,0.13155233021283927,1.0,1.0,1.0,0.037759701930394504,0.06115516682854177,1.0,1.0,0.873,synthetic,dataset6614,0.5720870262410651,s3_100_999,0.04656510340223764,0.3032131380049926
114,0.232770696963012,0.08089517875589816,0.1563903248468194,1.0,1.0,0.989,0.11400534500587518,0.2204004393579831,1.0,1.0,0.999,0.08976116780458687,0.17353046754428111,1.0,1.0,0.994,synthetic,dataset6631,0.9012268972704292,s3_100_999,0.06359062855297921,0.04976385356478494
132,0.22828070597002673,0.07864657389544691,0.1556669913317359,1.0,1.0,0.991,0.10654481404723623,0.21088662637461342,1.0,1.0,1.0,0.08956430782135555,0.17727671580194593,1.0,1.0,0.994,synthetic,dataset6697,0.8781017328053817,s3_100_999,0.1411421676024959,0.7545594573959615
423,0.13928993844977958,0.057038249451112626,0.09182960518454028,1.0,1.0,0.98,0.07673628565817073,0.12354276092146903,1.0,1.0,0.995,0.05409408743762068,0.08708960636094364,1.0,1.0,0.973,synthetic,dataset6714,1.054426687886861,s3_100_999,0.1660295601858524,0.768712907834164
242,0.1914427427093612,0.07430238358090421,0.13938054853183518,1.0,1.0,0.992,0.10746939384719581,0.20159707324188236,1.0,1.0,1.0,0.06963170799201726,0.1306190351830141,1.0,1.0,0.99,synthetic,dataset6781,1.0670768493776197,s3_100_999,0.0607655305499357,0.005662323203436672
217,0.17601828468454278,0.08987457186765581,0.1517407065457197,1.0,1.0,1.0,0.12234073199747547,0.2065552995340424,1.0,1.0,1.0,0.06708272619559005,0.11325984712251178,1.0,1.0,0.99,synthetic,dataset6812,1.3397572961720818,s3_100_999,0.31614688742094227,0.9585745779771483
430,0.13715936759038883,0.007019499023786745,0.012082328694843006,1.0,0.143,0.001,0.048731283544076354,0.08387883287766267,1.0,1.0,0.957,0.0550280602802106,0.0947171741875205,1.0,1.0,0.98,synthetic,dataset6816,0.12756217442596507,s3_100_999,0.035612632182236016,0.9349714026237068
555,0.13941342290660427,0.03749577186225032,0.06001824132505634,1.0,1.0,0.876,0.07465277372217285,0.11949422471692239,1.0,1.0,1.0,0.04931263427024522,0.07893310197423942,1.0,1.0,0.97,synthetic,dataset6829,0.7603684616961317,s3_100_999,0.10943565656117303,0.5591402047956989
322,0.15461813130769167,0.06894464463428865,0.1269143996902756,1.0,1.0,0.986,0.06980924677178793,0.12850597307256956,1.0,1.0,0.987,0.06207732960774316,0.11427293683697995,1.0,1.0,0.976,synthetic,dataset6923,1.1106251681562174,s3_100_999,0.12811492126911758,0.8219808370737286
661,0.10569809941466624,0.035771005173331316,0.06679069944532695,1.0,0.993,0.756,0.03722562990357887,0.06950673727241428,1.0,0.994,0.784,0.041481629959527574,0.07745343094788562,1.0,0.995,0.846,synthetic,dataset6976,0.862333645236025,s3_100_999,0.16254058754062983,0.9949630595565186
776,0.13140367115757065,0.014757224141528927,0.023850483256062312,1.0,0.782,0.079,0.061386366860558976,0.09921205376545647,1.0,1.0,0.995,0.04456991278608016,0.07203346296252898,1.0,1.0,0.947,synthetic,dataset7004,0.33110282742437447,s3_100_999,0.030129685605942893,0.421392066628241
118,0.19781858027598387,0.010218227526421975,0.01888018757954811,0.999,0.433,0.037,0.06293344770228997,0.11628193779934114,1.0,0.999,0.964,0.09289400998498643,0.17163997660043206,1.0,1.0,0.994,synthetic,dataset7010,0.10999877740312267,s3_100_999,0.01613585092658621,0.7423218339073487
3,0.7135373237223601,0.26573794202067363,0.501316103481604,1.0,0.999,0.996,0.2912243987197942,0.5493964455915831,1.0,0.999,0.997,0.4009842902554722,0.7564590905598686,1.0,0.999,0.999,synthetic,dataset702,0.6627140974808978,s1_3_9,0.27217370298609955,0.4337141062285786
170,0.20999284918395056,0.009089726863740984,0.015309873641111886,1.0,0.339,0.006,0.08415632360890302,0.14174492807835162,1.0,1.0,0.999,0.08993656727447882,0.15148062217140623,1.0,1.0,1.0,synthetic,dataset7043,0.10106819883396151,s3_100_999,0.01041135533904923,0.8531629919785882
267,0.150546537295001,0.03258779336354678,0.05364058238662702,1.0,0.989,0.715,0.05530234231040732,0.09102947891504587,1.0,1.0,0.961,0.06497803594133889,0.10695598966610273,1.0,1.0,0.981,synthetic,dataset7068,0.5015201350955961,s3_100_999,0.09601986351851022,0.7475565919132765
180,0.19355076915554115,0.013589903690196867,0.023609491240497833,1.0,0.701,0.07,0.07273807137539884,0.12636652165732215,1.0,1.0,0.993,0.07984692416939901,0.1387166016575951,1.0,1.0,0.996,synthetic,dataset7101,0.17019946393132496,s3_100_999,0.03159663915108018,0.43190276149828566
384,0.15237420960811296,0.03810844356649988,0.0646184280996928,1.0,1.0,0.839,0.06886822376239206,0.11677612489678534,1.0,1.0,0.996,0.05727157793210106,0.09711231932900821,1.0,1.0,0.978,synthetic,dataset7111,0.6653988757159748,s3_100_999,0.05280724106664004,0.36467151568574935
339,0.14946735666831923,0.05946878921290309,0.10018731239807491,1.0,1.0,0.98,0.07212174918159855,0.12150380580448479,1.0,1.0,0.995,0.06044644417891534,0.10183437171765738,1.0,1.0,0.983,synthetic,dataset7113,0.9838260963189417,s3_100_999,0.11274027460535097,0.9311795185325906
902,0.0936580861285251,0.02891862433500547,0.04859497817585224,1.0,0.989,0.647,0.034379695120773796,0.057771784533475486,1.0,0.996,0.779,0.035947987016430316,0.06040714884264638,1.0,0.997,0.806,synthetic,dataset7122,0.8044574045770069,s3_100_999,0.06996851920923987,0.9717990650573228
201,0.17044689466821425,0.07372357835087909,0.1330191709797966,1.0,0.999,0.983,0.06738145546448421,0.12157610286683675,1.0,0.999,0.974,0.07760005850862225,0.14001348933000565,1.0,0.999,0.984,synthetic,dataset7129,0.9500453964565961,s3_100_999,0.060721805511669884,0.21103001728339996
522,0.1415238202317197,0.046050966481697264,0.07633304404387513,1.0,1.0,0.959,0.0766900688799336,0.127119729568899,1.0,1.0,0.999,0.04724094156993448,0.07830551992790738,1.0,1.0,0.962,synthetic,dataset7166,0.9748105129006456,s3_100_999,0.06254379130473335,0.6316098456359875
220,0.16449598889292283,0.10878786779157665,0.1876234557510453,1.0,1.0,0.998,0.1303022784640117,0.2247287705324973,1.0,1.0,0.998,0.06940350804938342,0.11969832928814018,1.0,0.999,0.98,synthetic,dataset7201,1.567469294407563,s3_100_999,0.18013487229922023,0.5938389083684064
208,0.21407409880233702,0.006250391421448476,0.010196189777218303,1.0,0.061,0.0,0.09405884359610034,0.1534370817546789,1.0,1.0,1.0,0.08031402981750096,0.13101532921319617,1.0,1.0,0.999,synthetic,dataset7227,0.07782440297979513,s3_100_999,0.008740950596988933,0.10763679420078039
300,0.1314273131352946,0.034243564316504035,0.06243485933823103,1.0,0.991,0.737,0.04163850715982751,0.07591774949445924,1.0,0.998,0.845,0.05443529651776554,0.09924960058797297,1.0,0.999,0.941,synthetic,dataset7303,0.6290691243929991,s3_100_999,0.03906827674541076,0.9046265182641122
118,0.20484187698555803,0.07998897584060478,0.13894460987865756,1.0,1.0,0.995,0.11540577757446521,0.20046525879741725,1.0,1.0,1.0,0.09441656665277416,0.16400601310102716,1.0,1.0,0.996,synthetic,dataset7306,0.8471921684546291,s3_100_999,0.1643624608206493,0.9363985314923192
308,0.14446265095368874,0.0440173850682649,0.07282665646502898,1.0,0.999,0.902,0.06519195687277121,0.10785993398047719,1.0,1.0,0.979,0.06147736902739514,0.10171415743094261,1.0,1.0,0.97,synthetic,dataset7354,0.7159933120861135,s3_100_999,0.055990354612373124,0.3763614907258669
134,0.17942086076791344,0.050757705637058434,0.09309379664802582,1.0,0.997,0.896,0.06741799604912313,0.12365013618803516,1.0,1.0,0.968,0.08419503147131116,0.1544205956551706,1.0,1.0,0.987,synthetic,dataset7387,0.6028586812079733,s3_100_999,0.03500212707787647,0.5762395386609037
167,0.20395443525582146,0.07526160231283525,0.14256501622071727,1.0,1.0,0.988,0.09916203587989592,0.18783864306973108,1.0,1.0,0.999,0.07648883092986757,0.14488970586745764,1.0,1.0,0.988,synthetic,dataset7389,0.983955453337265,s3_100_999,0.15760042447709935,0.945685642971712
182,0.16007335328531047,0.031001790015027182,0.05652827843234313,1.0,0.973,0.653,0.0534289206791207,0.0974216296228359,1.0,0.998,0.928,0.071775978496386,0.13087542671667965,1.0,0.999,0.977,synthetic,dataset7390,0.431924310395687,s3_100_999,0.09899865258279554,0.7969221411838006
164,0.21007858623873987,0.035464234365020206,0.058881563011887336,1.0,0.998,0.792,0.0887068530350269,0.14728072521762983,1.0,1.0,0.999,0.08543485848478682,0.1418482054767119,1.0,1.0,0.998,synthetic,dataset7392,0.41510262899698286,s3_100_999,0.11597689284878411,0.3276172800974036
791,0.09855525142234167,0.0582739666133024,0.10012492094591685,1.0,1.0,0.979,0.046075203109892035,0.07916530033999632,1.0,1.0,0.917,0.04703340231882757,0.08081165506099466,1.0,1.0,0.923,synthetic,dataset7395,1.2389910944200433,s3_100_999,0.33996656753291105,0.9967351740838416
3173,0.07326482065776038,0.003937052542830998,0.006147345097566524,0.997,0.001,0.0,0.024473074746227848,0.03821245320628194,1.0,0.997,0.476,0.022851870898280023,0.03568109264697588,1.0,0.988,0.408,synthetic,dataset7500,0.1722857861553614,s4_1000_9999,0.05370430142235783,0.9932279329166911
4010,0.05875331704693802,0.021244013351064288,0.037162052193434575,1.0,0.96,0.358,0.022903623233444227,0.0400651999203048,1.0,0.974,0.418,0.019414056013669335,0.03396091646826695,1.0,0.939,0.288,synthetic,dataset7510,1.0942594033985737,s4_1000_9999,0.023263062885901093,0.0863365020862258
1546,0.07096466629206118,0.033959426321721914,0.056684416999219694,1.0,0.996,0.793,0.031091724326459368,0.051897704344271815,1.0,0.991,0.727,0.030993870805984997,0.05173436914223211,1.0,0.991,0.723,synthetic,dataset7524,1.0956819990087932,s4_1000_9999,0.2906445306624987,0.8969399077403849
2096,0.06733563623491576,0.019998566857697735,0.036694611257834193,1.0,0.911,0.313,0.020752562236045435,0.03807808875877436,1.0,0.926,0.346,0.023711948682722403,0.04350815462275478,1.0,0.956,0.445,synthetic,dataset7557,0.8433961765558979,s4_1000_9999,0.1477238449167969,0.9994253128100713
9,0.4067227509812195,0.13246109510154425,0.31594236179225554,1.0,0.997,0.975,0.1053534458767129,0.25128598316150563,1.0,0.994,0.957,0.19685101434841362,0.46952332944825487,1.0,0.999,0.989,synthetic,dataset757,0.672900241535442,s1_3_9,0.21990985204732713,0.6163073145880125
3,0.6594245326238032,0.26619566189111077,0.5449802679953685,1.0,0.997,0.993,0.2542980905544083,0.5206224645304027,1.0,0.997,0.993,0.3575745001217825,0.7320594389866215,1.0,0.998,0.995,synthetic,dataset758,0.7444481130518256,s1_3_9,0.12005706764340875,0.999999999999999
5,0.5767705211368983,0.12696705477504008,0.252050998885499,1.0,0.998,0.981,0.20693518335779898,0.410801209512979,1.0,1.0,0.993,0.3336669142984927,0.6623850509329948,1.0,1.0,0.999,synthetic,dataset759,0.3805203612769875,s1_3_9,0.20030807710992188,0.6703813234047072
3981,0.07293224774149579,0.012678649809920499,0.018937855050360095,1.0,0.688,0.016,0.03322541774398065,0.04962816661525201,1.0,1.0,0.83,0.020534122806924723,0.030671423782014855,1.0,0.986,0.267,synthetic,dataset7599,0.6174429718344178,s4_1000_9999,0.17241638536307533,0.3123173013388232
6440,0.043099347879310565,0.00126022704896816,0.0020458594762069538,0.17,0.0,0.0,0.009351939853447334,0.015181990249898284,1.0,0.323,0.002,0.014689324154192178,0.023846729083093217,1.0,0.786,0.08,synthetic,dataset7615,0.08579203751920095,s4_1000_9999,0.007851622368694973,0.40038633058063494
2614,0.06541839179297337,0.025389351514378607,0.040162699995536885,1.0,0.987,0.512,0.026476512602193965,0.041882449497292466,1.0,0.994,0.553,0.024036733152207612,0.03802303110885569,1.0,0.984,0.458,synthetic,dataset7624,1.0562729699417068,s4_1000_9999,0.10865283805759478,0.9001443408594106
9,0.4466571827661941,0.1390985755442231,0.29969115401027513,1.0,0.998,0.987,0.12714415876702168,0.27393508177544285,1.0,0.997,0.984,0.2208802561065308,0.4758917091110392,1.0,1.0,0.997,synthetic,dataset764,0.6297465332398732,s1_3_9,0.5869205001839161,0.9999999999999998
3,0.6468530113382793,0.24681371019564968,0.49577005302754246,1.0,0.999,0.994,0.19901371199054535,0.39975509654041813,1.0,0.999,0.986,0.32045897394876943,0.6436999078446396,1.0,0.999,0.996,synthetic,dataset768,0.7701881684084367,s1_3_9,0.2644768617960147,0.3334412959517535
6774,0.03873811437975701,0.01402619346031364,0.024192863450477956,1.0,0.712,0.086,0.011657998578735477,0.020108119035947388,1.0,0.556,0.024,0.015903230649948162,0.02743044209565953,1.0,0.803,0.157,synthetic,dataset7717,0.8819713282822421,s4_1000_9999,0.08184356526810513,0.5093372473817067
7058,0.05678055983800844,0.022767142559252673,0.03655623292301065,1.0,0.987,0.394,0.03269926975564959,0.05250382732435095,1.0,1.0,0.796,0.014755567140265227,0.023692386863517042,1.0,0.814,0.078,synthetic,dataset7753,1.5429527271185213,s4_1000_9999,0.6290850353006866,0.9951154950487142
1008,0.12392150452509626,0.05141235857617493,0.0897152671624959,1.0,1.0,0.972,0.07979059725946303,0.13923568084474422,1.0,1.0,1.0,0.035222184054894086,0.06146319173140971,1.0,1.0,0.821,synthetic,dataset7765,1.4596584498010778,s4_1000_9999,0.2951287498997046,0.9762695030636105
4313,0.05649873390421726,0.021277584990148497,0.03459727202018217,1.0,0.968,0.325,0.023884531552965223,0.038836157185843996,1.0,0.984,0.441,0.0190953126612511,0.031048905538744707,1.0,0.939,0.229,synthetic,dataset7794,1.1142831420260397,s4_1000_9999,0.03063792802972203,0.863955056692083
1567,0.09237176453655958,0.016539557282088158,0.026446727569244783,1.0,0.871,0.128,0.036159172713462445,0.057818463552095564,1.0,1.0,0.843,0.029392688712252948,0.04699886566748713,1.0,1.0,0.678,synthetic,dataset7800,0.5627099121147533,s4_1000_9999,0.23453683982849852,0.908559040100863
2077,0.07341464046674914,0.0161296056435458,0.023944888312486146,1.0,0.894,0.08,0.03233771278275059,0.04800631447391032,1.0,0.999,0.788,0.02890420835974815,0.042909173121163206,1.0,0.998,0.677,synthetic,dataset7822,0.5580365821749265,s4_1000_9999,0.12430513015245152,0.08954594708102875
3,0.7915389536631106,0.46525337218407065,1.0362827329541373,1.0,0.995,0.986,0.5209508786965498,1.160340650033881,1.0,0.997,0.986,0.396888333772759,0.8840097714260697,1.0,0.994,0.979,synthetic,dataset794,1.1722525773469938,s1_3_9,0.18563783241467272,1.0000000000000016
8955,0.048333821533131094,0.007235629451567803,0.010880724684786054,1.0,0.091,0.0,0.01697977926523857,0.025533687791801988,1.0,0.897,0.115,0.01428335774526985,0.02147888918868186,1.0,0.772,0.052,synthetic,dataset7999,0.5065776255561467,s4_1000_9999,0.05875010383060515,0.8436100628288195
4751,0.058840629611208166,0.004294926029210612,0.0065210333352351615,0.996,0.0,0.0,0.019001200454416403,0.028849731224709463,1.0,0.933,0.202,0.01909200655387155,0.02898760312228404,1.0,0.935,0.206,synthetic,dataset8012,0.2249593837657504,s4_1000_9999,0.021304617966506706,0.7032887189408875
9516,0.04142725842537121,0.017957697165214885,0.029265885528852193,1.0,0.911,0.201,0.016957542376732568,0.02763592065743452,1.0,0.885,0.158,0.014643426852523459,0.023864577405069733,1.0,0.78,0.082,synthetic,dataset8078,1.2263316057142926,s4_1000_9999,0.546709851727579,1.000000000000096
3,0.7641707684701111,0.11430527790074331,0.2376626670552908,0.999,0.963,0.883,0.1959384439346186,0.4073937268636149,0.999,0.982,0.945,0.4152765049245577,0.8634397600736525,1.0,0.996,0.98,synthetic,dataset811,0.2752510111823179,s1_3_9,0.02211255448464962,0.9999999999999969
8663,0.03892031746246389,0.009317458651888317,0.01584527392298594,1.0,0.356,0.005,0.010343858713327107,0.017590770279416912,1.0,0.451,0.014,0.01227748612847575,0.02087909783768475,1.0,0.615,0.043,synthetic,dataset8115,0.7589060622335299,s4_1000_9999,0.00635359568875306,0.12169606899233533
9,0.3946431374187052,0.14417442004880304,0.3217136819122011,1.0,0.999,0.977,0.09348697644509998,0.20860870737549417,1.0,0.994,0.938,0.19078237474097268,0.4257156033719118,1.0,1.0,0.991,synthetic,dataset812,0.7557009406374683,s1_3_9,0.21982120630008892,0.6993048397794466
2314,0.07522231274611618,0.023536194092129648,0.037553796757628745,1.0,0.982,0.425,0.03142015994710658,0.05013326692187647,1.0,0.998,0.73,0.024097100274289122,0.03844876544638367,1.0,0.988,0.453,synthetic,dataset8243,0.9767230838659061,s4_1000_9999,0.08219395223467524,0.7806335108127679
1127,0.09514679259323158,0.02995520356362169,0.04950154950424519,1.0,0.997,0.682,0.03873760302153073,0.0640146333699046,1.0,1.0,0.867,0.03382836102760295,0.05590201663957268,1.0,0.998,0.787,synthetic,dataset8249,0.8855056128548212,s4_1000_9999,0.04860842722263225,0.12655541514867685
3,0.7474830747366473,0.05097653602485925,0.09722688481448441,0.999,0.972,0.845,0.3164290500083389,0.6035210156711004,1.0,0.999,0.996,0.4472811438402841,0.8530935140560133,1.0,0.999,0.999,synthetic,dataset827,0.11396978550712622,s1_3_9,0.07292118049762267,0.9999999999999966
1848,0.08561132776715201,0.028823106454831975,0.04750900742175922,1.0,0.995,0.652,0.03831807556469302,0.06315952582152524,1.0,1.0,0.879,0.026809561799208736,0.04419009007542956,1.0,0.991,0.58,synthetic,dataset8274,1.0751054668742355,s4_1000_9999,0.040762111577581916,0.9449305288079008
3192,0.06476103889640987,0.020799099543599656,0.0350559238699945,1.0,0.964,0.318,0.024791727055843767,0.04178531356386447,1.0,0.991,0.495,0.02150802785622237,0.03625078987390441,1.0,0.971,0.357,synthetic,dataset8283,0.9670388974125483,s4_1000_9999,0.04157877750464356,0.1412020142926103
8894,0.042352475026664504,0.014109767181530727,0.02233968695453339,1.0,0.783,0.058,0.016237448395963222,0.02570839826336923,1.0,0.886,0.115,0.01397366045337067,0.0221241921373346,1.0,0.766,0.054,synthetic,dataset8291,1.009740234394147,s4_1000_9999,0.06590940893286638,0.9999871208522203
4876,0.05883961606336311,0.013342536715574591,0.020238767917424547,1.0,0.728,0.03,0.02540555583744012,0.038536686041637645,1.0,0.998,0.522,0.018765782376312753,0.028465075449989774,1.0,0.957,0.196,synthetic,dataset8294,0.711003487518661,s4_1000_9999,0.23140686238867975,0.725831720126345
2472,0.07189775125877378,0.029070637258824365,0.0459908867221447,1.0,0.998,0.669,0.03409077908738204,0.05393294771347067,1.0,0.999,0.811,0.025330106892198216,0.040073221180773534,1.0,0.994,0.519,synthetic,dataset8301,1.1476713218205268,s4_1000_9999,0.2692090794054262,0.9155284829875551
3353,0.08006199756043922,0.0043225630743290895,0.006828866040743781,0.998,0.003,0.0,0.030502246015500965,0.04818801909882986,1.0,1.0,0.732,0.021429914196559013,0.0338553795043578,1.0,0.97,0.327,synthetic,dataset8354,0.20170697067107995,s4_1000_9999,0.01811531148312885,0.29114902101810614
9404,0.046148891640608584,0.0013560360200103212,0.002109796250945987,0.22,0.0,0.0,0.013507855226260782,0.021016272351282554,1.0,0.723,0.031,0.013567662208889431,0.021109323380804144,1.0,0.727,0.032,synthetic,dataset8386,0.09994618078874751,s4_1000_9999,0.008721719769431239,0.6067630358463589
4523,0.055884294460810564,0.019030564406706203,0.03188032827801185,1.0,0.934,0.256,0.021020086088282548,0.03521320916211873,1.0,0.962,0.325,0.017929406975147902,0.03003565044010809,1.0,0.913,0.208,synthetic,dataset8461,1.0614162773528775,s4_1000_9999,0.1481362555428886,0.9999699334976487
3185,0.062045023530055046,0.02921910052787742,0.04710740979908477,1.0,0.995,0.679,0.027694019801242642,0.04464865503017166,1.0,0.993,0.614,0.023521508551011504,0.037921678709719936,1.0,0.985,0.419,synthetic,dataset8467,1.242229020494559,s4_1000_9999,0.36921413285657756,0.9994487935618261
8544,0.047499481694133615,0.015842171643876374,0.024435916287266702,1.0,0.833,0.093,0.01977467909124478,0.030501651777520122,1.0,0.943,0.256,0.013439458126614855,0.02072982676305798,1.0,0.704,0.042,synthetic,dataset8491,1.1787805352437022,s4_1000_9999,0.3530509866753181,0.9999604646873687
3709,0.062035112953824474,0.018843549291930342,0.03188457226345093,1.0,0.919,0.255,0.023230266226857893,0.039307196894517615,1.0,0.977,0.434,0.018951994241283153,0.032068068523665914,1.0,0.924,0.261,synthetic,dataset8506,0.9942779135550497,s4_1000_9999,0.04718526432125707,0.9601215060948115
4144,0.06579151359761928,0.007833009009587518,0.011816762810053024,1.0,0.147,0.0,0.02356339314463321,0.035547390211009444,1.0,0.994,0.425,0.020626660631854178,0.03111707850096224,1.0,0.973,0.266,synthetic,dataset8520,0.37975167912012087,s4_1000_9999,0.043638206784128525,0.2894157462583949
9422,0.04834649466663083,0.01863078954358289,0.029448895882585542,1.0,0.946,0.21,0.025543138042573126,0.04037495088281626,1.0,0.997,0.527,0.013573096474853311,0.021454415764678065,1.0,0.756,0.057,synthetic,dataset8543,1.3726263257687652,s4_1000_9999,0.1597661073667868,0.950665043839712
3556,0.06633640984808345,0.013271856084418932,0.020587868316477725,1.0,0.735,0.032,0.025869219702238128,0.040129435196706906,1.0,0.994,0.544,0.021577043195986727,0.033471228225526346,1.0,0.989,0.316,synthetic,dataset8547,0.6150915101698204,s4_1000_9999,0.013776449785791381,0.6658957833743899
5130,0.056591074377092765,0.01717296248297926,0.027585521544703076,1.0,0.882,0.164,0.0223118500509861,0.035840293769563034,1.0,0.98,0.378,0.01685966678322428,0.02708226386368155,1.0,0.875,0.152,synthetic,dataset8553,1.018582555858501,s4_1000_9999,0.40295378377073554,0.9949597313927344
1990,0.0830660605886659,0.028260827686967416,0.0482433321563486,1.0,0.997,0.636,0.03710157374268687,0.06333514238923459,1.0,1.0,0.861,0.025354791756808673,0.043282512954949774,1.0,0.993,0.523,synthetic,dataset8602,1.1146148608922555,s4_1000_9999,0.09392220403182078,0.5383496153149158
1303,0.0862445792436228,0.021805128694129202,0.03409935204222451,1.0,0.964,0.361,0.030847358647612587,0.04823979518088816,1.0,0.999,0.726,0.03173194040629868,0.049623124085875936,1.0,0.999,0.761,synthetic,dataset8614,0.687166571439828,s4_1000_9999,0.015321436564852456,0.48424346265237994
2863,0.07667110641694944,0.027502640339229747,0.04620994665117395,1.0,0.998,0.621,0.03804642809237185,0.06392562280314748,1.0,1.0,0.889,0.02190496488292072,0.03680473024227295,1.0,0.976,0.369,synthetic,dataset8666,1.2555436854716677,s4_1000_9999,0.1434661651568641,0.8016595732996828
3,0.7484680991739818,0.06787143162123696,0.12920157446953712,0.998,0.975,0.873,0.2277342411710311,0.43351999238978556,1.0,0.996,0.985,0.43874995976915543,0.8352142314747275,1.0,0.998,0.994,synthetic,dataset869,0.15469273582827658,s1_3_9,0.04399252500573425,0.06363207611028913
9,0.4667873001248508,0.1818842459370957,0.3743644737387219,1.0,0.998,0.99,0.25717686786784005,0.5293360197364991,1.0,0.999,0.997,0.27084698738665125,0.557472635270398,1.0,0.999,0.997,synthetic,dataset872,0.671538744780072,s1_3_9,0.2714683908197404,0.09418524162971224
3211,0.06024171326073186,0.03154393278351278,0.0516181369311997,1.0,0.998,0.757,0.03435753202852113,0.05622227909999961,1.0,0.999,0.825,0.021941897481215354,0.03590547432651459,1.0,0.969,0.366,synthetic,dataset8724,1.437611893434367,s4_1000_9999,0.04424074174226032,0.8219770766532524
2163,0.07358914553473149,0.03003836312028243,0.04803806650026536,1.0,0.998,0.693,0.037508079597958335,0.05998381519022758,1.0,1.0,0.875,0.02742724404734559,0.043862302622467486,1.0,0.996,0.597,synthetic,dataset8737,1.0952016567333365,s4_1000_9999,0.11481314186959621,0.9985690623977435
1479,0.08570264204530499,0.03538143759042593,0.059229442762736007,1.0,0.999,0.812,0.03985274735414196,0.06671453109606432,1.0,0.999,0.886,0.030945099117014305,0.05180289727499245,1.0,0.997,0.704,synthetic,dataset8742,1.1433615855175085,s4_1000_9999,0.022309207774704222,0.7725196303676918
1559,0.07685125192257078,0.018994521328737725,0.03234374332926075,1.0,0.915,0.258,0.025269399887267917,0.04302856438933795,1.0,0.985,0.519,0.028460841187863968,0.048462929198558456,1.0,0.991,0.642,synthetic,dataset8759,0.6673914240046146,s4_1000_9999,0.1311097694060847,0.9722344834322344
2807,0.07033032402709873,0.026979060838380017,0.04467880818962432,1.0,0.998,0.581,0.032563116380363966,0.053926311205948374,1.0,1.0,0.774,0.02320708970927704,0.038432216598331854,1.0,0.991,0.422,synthetic,dataset8776,1.1625352931520376,s4_1000_9999,0.3380313445276071,0.99716365332222
7680,0.04300127549212795,0.010193399032085899,0.01635626454068179,1.0,0.427,0.005,0.012860265525069506,0.020635501889932708,1.0,0.661,0.037,0.014027804633966724,0.02250892786556696,1.0,0.739,0.048,synthetic,dataset8790,0.7266567576371681,s4_1000_9999,0.01515571151595839,0.6443797792453255
1631,0.08134655625299432,0.022207540947413652,0.03944276768790637,1.0,0.967,0.399,0.028298916914968674,0.05026164798432883,1.0,0.996,0.613,0.02604299339860627,0.046254906878311415,1.0,0.99,0.543,synthetic,dataset8803,0.8527261289634287,s4_1000_9999,0.30479619486394566,0.9991329456941294
6052,0.059825591896754515,0.004074253936441908,0.00604527543728456,0.993,0.0,0.0,0.02083283782561262,0.03091124037940887,1.0,0.971,0.278,0.017002913075475325,0.025228494438719436,1.0,0.903,0.105,synthetic,dataset8804,0.23962093544538166,s4_1000_9999,0.02602894231856863,0.815226144870032
1493,0.07431530327740024,0.016493798069875144,0.027555609234737512,1.0,0.819,0.16,0.02228538890584729,0.03723141666535093,1.0,0.957,0.38,0.029602621583588583,0.04945606034616309,1.0,0.994,0.629,synthetic,dataset8838,0.5571735605679989,s4_1000_9999,0.022639198505936913,0.4635790344457127
6446,0.047248699124966334,0.017603793548303784,0.02904665197086693,1.0,0.927,0.185,0.0197804764978533,0.032638227384029904,1.0,0.958,0.295,0.016247021997717583,0.026807948652419523,1.0,0.876,0.136,synthetic,dataset8846,1.0835089378703864,s4_1000_9999,0.07929356795471611,0.8639044095646131
1168,0.08950189008041422,0.034804179870575463,0.058166086277482945,1.0,0.999,0.795,0.03801310370534465,0.06352896341825005,1.0,0.999,0.848,0.033832352250470654,0.0565419305177994,1.0,0.999,0.769,synthetic,dataset8864,1.0287248020152453,s4_1000_9999,0.14923311563253902,0.9424833733956384
3095,0.07171896443502691,0.0064774502109917215,0.009995969442250749,1.0,0.056,0.0,0.025673826704552434,0.03961972363274339,1.0,0.999,0.525,0.023725003390250896,0.03661230903848726,1.0,0.996,0.438,synthetic,dataset8879,0.2730220984353343,s4_1000_9999,0.016654490653438117,0.832365821310249
8656,0.04203824317594105,0.0060580522238136555,0.009147896522140996,1.0,0.029,0.0,0.012689695009489436,0.01916193729529478,1.0,0.641,0.012,0.014185308984693844,0.0214203730724669,1.0,0.761,0.036,synthetic,dataset8881,0.42706522856501633,s4_1000_9999,0.2472118824272747,0.9847287617692688
5587,0.05342051147445537,0.02234739011325035,0.03670967687570405,1.0,0.978,0.383,0.024985947646008127,0.04104399036621146,1.0,0.991,0.499,0.0175460368304339,0.02882257566678991,1.0,0.906,0.178,synthetic,dataset8921,1.2736431781841708,s4_1000_9999,0.4217963791287194,0.9822755448664932
1910,0.07220837134295403,0.014774409364063792,0.0269275026518082,1.0,0.803,0.134,0.02162746001384553,0.039417716981040525,1.0,0.968,0.379,0.024347977068134047,0.04437606952079265,1.0,0.986,0.485,synthetic,dataset8931,0.60680233609223,s4_1000_9999,0.08157194125366045,0.9483348624269422
1041,0.11573976624153624,0.04412024448289924,0.07452717292619672,1.0,1.0,0.953,0.07215108917428753,0.1218764030600453,1.0,1.0,0.998,0.03366130690906384,0.05686011195848954,1.0,0.999,0.766,synthetic,dataset8937,1.3107109775057237,s4_1000_9999,0.1899849035319352,0.9999998754073528
1752,0.06552678670214684,0.023171232458698517,0.04559503355468435,1.0,0.958,0.431,0.018356389674055076,0.036120659728533615,1.0,0.884,0.273,0.0266183508924953,0.05237807718156457,1.0,0.979,0.56,synthetic,dataset8960,0.8704984223959324,s4_1000_9999,0.42337309124053174,0.8835617109062777
7344,0.04848995473838311,0.012238603096746854,0.01907195071838702,1.0,0.636,0.016,0.018139726840225988,0.028267930057618428,1.0,0.941,0.185,0.015415819101467883,0.024023145440913555,1.0,0.853,0.084,synthetic,dataset8970,0.7938989823499876,s4_1000_9999,0.12384923970467286,0.96975668842842
5,0.6346698825080722,0.21804979701710625,0.4134407481874748,1.0,0.999,0.988,0.3425580645896166,0.6495188918266848,1.0,0.999,0.995,0.35937274404069564,0.6814009377991527,1.0,0.999,0.996,synthetic,dataset903,0.6067510701156962,s1_3_9,0.25851433640035437,0.47551256525519187
7194,0.047761157411867566,0.014215532179735129,0.022102371243504934,1.0,0.773,0.048,0.01781244900484063,0.027694873162907023,1.0,0.933,0.182,0.014644174745216208,0.02276882656809256,1.0,0.802,0.057,synthetic,dataset9060,0.9707294830238833,s4_1000_9999,0.07085018619276769,0.048651018248983935
1645,0.08240950554999851,0.030082218431179156,0.04930684671689323,1.0,0.995,0.673,0.03409996499982314,0.05589221257548716,1.0,0.998,0.763,0.028975293688077292,0.04749252013190006,1.0,0.994,0.632,synthetic,dataset9070,1.038202364918818,s4_1000_9999,0.04067452969525308,0.8073890877201971
1611,0.10059942278064647,0.04738555944164232,0.07723224095289667,1.0,1.0,0.969,0.07370854153439362,0.1201352459937018,1.0,1.0,1.0,0.030122600409721933,0.04909588407068593,1.0,1.0,0.691,synthetic,dataset9083,1.5730899323801024,s4_1000_9999,0.2843663631806609,0.9956016838665709
1429,0.08502312266646024,0.024534557411512788,0.041797639140916464,1.0,0.977,0.48,0.030900687834147816,0.05264312608678846,1.0,0.996,0.7,0.02857812776224817,0.04868635906058528,1.0,0.994,0.631,synthetic,dataset9116,0.8585082135409532,s4_1000_9999,0.14594791786773798,0.7070687333853546
5422,0.03936514415894989,0.005977875193594343,0.010848247180520425,0.997,0.097,0.0,0.007910788560820753,0.014355968788471257,1.0,0.24,0.002,0.012870447064456048,0.02335642457517948,1.0,0.627,0.074,synthetic,dataset9131,0.4644652329213393,s4_1000_9999,0.005364732806590436,0.9845654821672801
2629,0.0683079465967077,0.022740792703564324,0.039016744315378465,1.0,0.968,0.396,0.025328870187584503,0.04345715053950171,1.0,0.995,0.513,0.022219924224306666,0.03812308187616408,1.0,0.965,0.382,synthetic,dataset9132,1.0234415056504953,s4_1000_9999,0.25057427578646635,0.9934358578854318
1061,0.10591231061680766,0.030581762658978905,0.050377980985184555,1.0,0.999,0.724,0.047483561428488155,0.07822066966603979,1.0,1.0,0.971,0.03426553908042523,0.05644634338086245,1.0,1.0,0.82,synthetic,dataset9134,0.8924932593997699,s4_1000_9999,0.3323892017915627,0.9997607126087583
9383,0.05317642651621042,0.0017014426340381515,0.0026451761593696476,0.444,0.0,0.0,0.017658635133065856,0.0274532915342156,1.0,0.926,0.155,0.01329734864365634,0.020672944777189218,1.0,0.711,0.034,synthetic,dataset9153,0.1279535251450179,s4_1000_9999,0.0031496480938425055,0.1494247950386678
7342,0.04634307939421522,0.003934253723904501,0.0060299024445636595,0.998,0.0,0.0,0.01401913691121525,0.021486674186258315,1.0,0.811,0.039,0.015811316780841658,0.024233489855846876,1.0,0.91,0.088,synthetic,dataset9161,0.24882517872714938,s4_1000_9999,0.0322266909229345,0.9999999999989392
2496,0.07499958465008937,0.028920475390516617,0.04709397288930844,1.0,0.997,0.651,0.035979179488243265,0.0585883350988935,1.0,1.0,0.833,0.024457333317412344,0.03982621228185911,1.0,0.987,0.48,synthetic,dataset9165,1.1824868645808881,s4_1000_9999,0.2280883522519587,0.3541273324206497
2517,0.08220932157297099,0.037010262743089835,0.05838824906213705,1.0,1.0,0.867,0.04998783242943921,0.0788619640510771,1.0,1.0,0.986,0.024340005074264204,0.03839935664102152,1.0,0.993,0.468,synthetic,dataset9182,1.5205527948809872,s4_1000_9999,0.2524803750069277,0.9986387641914831
6203,0.04989962731817299,0.01524393693237878,0.023560400800826258,1.0,0.815,0.071,0.018969757065189705,0.029318874876795485,1.0,0.937,0.204,0.015850076157201198,0.024497224610926464,1.0,0.848,0.086,synthetic,dataset9231,0.9617579613617797,s4_1000_9999,0.20523621456247537,0.9999845452656109
2018,0.07829509423203107,0.032883078992965144,0.055080378825828225,1.0,0.997,0.744,0.03576263287735252,0.05990373854939223,1.0,1.0,0.812,0.02806311667906017,0.04700676290218256,1.0,0.994,0.59,synthetic,dataset9235,1.1717543482082828,s4_1000_9999,0.37617120673232196,0.9832481282905867
4208,0.05231599823476888,0.017105436353733326,0.028280070917056834,1.0,0.878,0.17,0.017607888702952525,0.02911076519310548,1.0,0.896,0.183,0.01906674559609121,0.03152266369967558,1.0,0.933,0.25,synthetic,dataset9248,0.897134556473027,s4_1000_9999,0.22019232545560052,0.9999999999997655
6739,0.05400470908810876,0.008875546074343238,0.013419690783899225,1.0,0.248,0.0,0.020793210711867127,0.03143901860465142,1.0,0.98,0.274,0.016374984389621622,0.02475872754862123,1.0,0.911,0.094,synthetic,dataset9249,0.5420185975852599,s4_1000_9999,0.017550507100569993,0.6224399571333149
7456,0.0568173719903403,0.0025026124540395173,0.0039916443116993425,0.851,0.0,0.0,0.019882565129990863,0.031712512208998435,1.0,0.974,0.252,0.014541015388853459,0.023192788507689976,1.0,0.806,0.068,synthetic,dataset9286,0.17210713193783667,s4_1000_9999,0.029856211215523742,0.10576704695656051
3315,0.06328166337475206,0.02036051545995906,0.03260166261160005,1.0,0.956,0.302,0.025380502918297326,0.04063976644807026,1.0,0.99,0.515,0.020808797920563542,0.033319461410165174,1.0,0.965,0.321,synthetic,dataset9326,0.978457070787281,s4_1000_9999,0.02866845227286701,0.6360161513844088
3789,0.058110103763936105,0.01567664424845403,0.025409421442795583,1.0,0.81,0.105,0.01942529183130106,0.03148540076359125,1.0,0.916,0.255,0.01930633501277606,0.03129259011563041,1.0,0.914,0.252,synthetic,dataset9338,0.8119948316487795,s4_1000_9999,0.011457155803737806,0.8301423544950983
4,0.7196645479778292,0.22995669525989582,0.4466118123280447,1.0,0.999,0.976,0.7453260769966987,1.44753963195826,1.0,1.0,1.0,0.41001266558789695,0.7963086243203568,1.0,1.0,0.998,synthetic,dataset940,0.5608526627590206,s1_3_9,0.5966198376385755,0.9999999999999998
9160,0.04471437496265177,0.004569962517262425,0.007061836053515019,0.997,0.003,0.0,0.013002355733901827,0.02009217890857002,1.0,0.699,0.026,0.013471696713320975,0.020817438478497444,1.0,0.727,0.033,synthetic,dataset9413,0.33922694479482984,s4_1000_9999,0.08685508352079957,0.9978881586381488
3409,0.062306923491481106,0.023372812296079737,0.03744069940249809,1.0,0.989,0.438,0.028102012894827548,0.045016363631039794,1.0,0.996,0.618,0.02199824612457431,0.0352387941210866,1.0,0.981,0.357,synthetic,dataset9454,1.062485261948674,s4_1000_9999,0.02642176542721153,0.17279552154994732
1282,0.10071141032231123,0.03931532823167899,0.06354643574555958,1.0,1.0,0.892,0.05281424269999073,0.08536509883392172,1.0,1.0,0.98,0.031853639395907685,0.051485904866571904,1.0,1.0,0.737,synthetic,dataset9497,1.2342491777165632,s4_1000_9999,0.0547711121401678,0.9683481594215555
1609,0.09415323545215917,0.03162593827156932,0.04888107691159137,1.0,1.0,0.745,0.055407302536522304,0.08563757361109797,1.0,1.0,0.992,0.030502850407388205,0.04714523135987651,1.0,0.999,0.711,synthetic,dataset9503,1.0368191119577825,s4_1000_9999,0.05192732611490878,0.5030486462394692
3960,0.06370044008357505,0.027221433571473934,0.04314708498246618,1.0,0.995,0.587,0.03247980247483125,0.05148181464858018,1.0,0.997,0.775,0.020544365154941187,0.032563658593645024,1.0,0.964,0.286,synthetic,dataset9544,1.3250072886738398,s4_1000_9999,0.09072560308285972,0.9427544578191922
4812,0.056458859988693204,0.032594204817850914,0.05380345478036828,1.0,0.998,0.776,0.03334383757407513,0.05504087819127179,1.0,0.999,0.794,0.020282467927796796,0.03348039481514913,1.0,0.963,0.295,synthetic,dataset9577,1.607013748715514,s4_1000_9999,0.5567467193705928,0.9999803785744852
1676,0.08494343624635643,0.03157518152938414,0.05130157711787342,1.0,1.0,0.746,0.04161657538540846,0.06761626847749011,1.0,1.0,0.917,0.03039958930391337,0.0493915410612941,1.0,1.0,0.7,synthetic,dataset9582,1.0386713193299433,s4_1000_9999,0.14367031502218666,0.8776127482060377
1251,0.08780105517133548,0.02966999133319089,0.05023736707427618,1.0,0.992,0.655,0.033157222307255665,0.05614196274973561,1.0,0.997,0.744,0.03238888668991066,0.05484101331529403,1.0,0.996,0.727,synthetic,dataset9591,0.916054683115529,s4_1000_9999,0.021508947564590885,0.2813180965312564
1900,0.09185799846814194,0.002796768639523769,0.004487846852900739,0.904,0.0,0.0,0.03318154467379934,0.05324490869007046,1.0,1.0,0.821,0.02792054369100691,0.04480282078545454,1.0,0.998,0.642,synthetic,dataset9670,0.10016884593922136,s4_1000_9999,0.027135069512194313,0.3910539837603516
8470,0.0442692304795754,0.013321160352246007,0.0212869446581349,1.0,0.715,0.043,0.015537186799093435,0.024828110073732576,1.0,0.84,0.099,0.013472714187498888,0.021529124619823616,1.0,0.724,0.045,synthetic,dataset9672,0.9887510539343655,s4_1000_9999,0.008670813843996553,0.37804825295383815
5442,0.04376841120432404,0.007094416717826521,0.01258677101008716,1.0,0.165,0.0,0.009294144597615163,0.016489483834642896,1.0,0.378,0.009,0.013688106355992788,0.024285162137668043,1.0,0.673,0.083,synthetic,dataset9692,0.518290589897449,s4_1000_9999,0.008004997561467274,0.4763810632671716
1904,0.06994631401949923,0.01923827409128684,0.03317580220510578,1.0,0.885,0.257,0.02204592464018506,0.03801750779830607,1.0,0.945,0.369,0.0264454110841196,0.04560428462534595,1.0,0.977,0.547,synthetic,dataset9703,0.7274711680636103,s4_1000_9999,0.03609696768380145,0.8469068539998384
8397,0.04697547369927897,0.015947818900882316,0.025217449902686512,1.0,0.848,0.109,0.019967162415710143,0.03157302707325816,1.0,0.962,0.271,0.013885353683046966,0.021956181786334947,1.0,0.749,0.047,synthetic,dataset9707,1.148535303090873,s4_1000_9999,0.25776333073187674,0.995373707561503
9731,0.052001409651073714,0.010826335673389222,0.016308988592445985,1.0,0.481,0.003,0.024290220553686407,0.036591229190481286,1.0,1.0,0.465,0.013205337215033919,0.01989275970158143,1.0,0.718,0.025,synthetic,dataset9721,0.8198454531750793,s4_1000_9999,0.08847428700095893,0.6748305202518716
6378,0.05699862053645401,0.02007406155701185,0.03142197569024777,1.0,0.976,0.268,0.02939095071374312,0.04600572416387363,1.0,1.0,0.679,0.016173774746439204,0.025316847587559487,1.0,0.891,0.106,synthetic,dataset9725,1.2411488271426143,s4_1000_9999,0.29814663756152593,0.9998104465500086
1988,0.07055256338090601,0.02219751471732148,0.036797039730224364,1.0,0.968,0.374,0.02602904528287003,0.04314860585118477,1.0,0.991,0.546,0.026856213412749977,0.04451981064263903,1.0,0.994,0.569,synthetic,dataset9730,0.8265318113231563,s4_1000_9999,0.10272170031229046,0.9914611109772663
4399,0.056562905114446276,0.021133371835639108,0.036365802511647206,1.0,0.971,0.339,0.02359925714619883,0.04060903917627454,1.0,0.984,0.444,0.018879315765725,0.03248707655508017,1.0,0.944,0.252,synthetic,dataset9743,1.1193928899693657,s4_1000_9999,0.016005185561121,0.13934520303068385
1958,0.07587568879586687,0.025131222281398018,0.040846734842041155,1.0,0.989,0.506,0.029981772174957115,0.04873051873133306,1.0,0.996,0.699,0.026775726897564304,0.04351961096604797,1.0,0.992,0.576,synthetic,dataset9763,0.9385822606251678,s4_1000_9999,0.03270050583237994,0.9423650641114825
2851,0.06586915221136659,0.024028718829728762,0.040473540403763525,1.0,0.976,0.454,0.025296297902682244,0.042608627721056294,1.0,0.98,0.516,0.022875116079915617,0.038530432748490245,1.0,0.968,0.408,synthetic,dataset9828,1.050430465392305,s4_1000_9999,0.03058561115722971,0.014418783844198969
3274,0.06914471823889523,0.02090156942670748,0.03327910598769873,1.0,0.958,0.327,0.028916892032776552,0.046040959659420296,1.0,0.998,0.657,0.020333885382106894,0.03237524957854083,1.0,0.949,0.303,synthetic,dataset9829,1.0279181294638418,s4_1000_9999,0.14060574475730653,0.9824664267817953
5127,0.05675900529401545,0.010527175336270483,0.016168139751685,1.0,0.444,0.004,0.01900489415097066,0.029188626082838093,1.0,0.953,0.199,0.017303665221499356,0.02657579726573528,1.0,0.922,0.14,synthetic,dataset9832,0.6083783523036923,s4_1000_9999,0.016043419906650466,0.5546677905149565
2958,0.06543902975292959,0.022276229374216874,0.0370143191248873,1.0,0.968,0.373,0.027056057264774863,0.044956510414582165,1.0,0.991,0.583,0.02257841557613296,0.037516433568268164,1.0,0.97,0.386,synthetic,dataset9837,0.9866161466956294,s4_1000_9999,0.04513555393695603,0.8441979590401708
5158,0.05041474631512322,0.019362022177494873,0.030196983089615003,1.0,0.956,0.229,0.021943742489974258,0.03422343052900856,1.0,0.981,0.346,0.018409285179292807,0.0287110957809537,1.0,0.938,0.194,synthetic,dataset9902,1.0517530685696428,s4_1000_9999,0.20724829326719463,0.9549931138850146
9368,0.03926170925896444,0.008768846020894273,0.015905502585219396,1.0,0.348,0.005,0.01063196739764093,0.019284953176986006,1.0,0.48,0.027,0.010973177647761585,0.0199038624955515,1.0,0.498,0.033,synthetic,dataset9925,0.799116381997427,s4_1000_9999,0.043195184830652815,0.9805018473330251
1874,0.0716484016746631,0.01817259236329289,0.029973939127485524,1.0,0.903,0.207,0.024017551330426774,0.03961463544538697,1.0,0.979,0.461,0.027008469467230532,0.04454786656484645,1.0,0.992,0.578,synthetic,dataset9937,0.6728479148121207,s4_1000_9999,0.0713170534705404,0.8977706092964307
9098,0.04010393396495798,0.010421237771074135,0.01738659778089812,1.0,0.456,0.017,0.011855761803137431,0.019779930789933377,1.0,0.589,0.03,0.012242799165621838,0.020425656671591522,1.0,0.624,0.04,synthetic,dataset9985,0.8512136505789702,s4_1000_9999,0.008308921199076133,0.15193364599415252
3026,0.06836861668948913,0.00194481622840366,0.002960794885830405,0.58,0.0,0.0,0.02265156426973686,0.034484819010866204,1.0,0.978,0.37,0.023353086288654797,0.03555281853471557,1.0,0.982,0.407,synthetic,dataset9999,0.08327876685611676,s4_1000_9999,0.00833274842516528,0.6347120419302937
