arm,method,target,metric,n_rows,r2_size_only,r2_with_metric,incremental_r2,f_stat,p_value,target_family
empirical,"Normal, Uniform",w1,coeffvar_uw,147,0.17406024331888104,0.9359600238280006,0.7618997805091196,265.7053106797308,7.906559208315107e-72,fit
empirical,"Normal, Uniform",w1,coeffvar,147,0.17406024331888104,0.9175408192643261,0.743480575945445,201.3650800469909,1.709465468990196e-64,fit
empirical,"Normal, Uniform",w1,fit_norm_SF_uw,147,0.17406024331888104,0.836254138018451,0.66219389469957,90.31676771954194,1.2457516284928763e-44,fit
empirical,"Normal, Uniform",w1,w_v_uw_wasserstein,147,0.17406024331888104,0.7716828974171124,0.5976226540982313,58.45775805026145,4.7940188175298085e-35,fit
empirical,"Normal, Uniform",w1,fit_norm_SF,147,0.17406024331888104,0.7679466844119739,0.5938864410930929,57.15696764542787,1.4049757641096584e-34,fit
empirical,"Normal, Uniform",w1,skewness_uw,147,0.17406024331888104,0.7178201382719825,0.5437598949531015,43.03627804237515,5.801970013520348e-29,fit
empirical,"Normal, Uniform",w1,kurtosis_uw,141,0.18535507965921283,0.6645190196586976,0.4791639399994848,30.47017462189003,1.6618188963021695e-22,fit
empirical,"Normal, Uniform",w1,kurtosis,141,0.18535507965921283,0.6453325394929608,0.45997745983374794,27.667755204902793,5.393316518519326e-21,fit
empirical,"Normal, Uniform",w1,skewness,147,0.17406024331888104,0.6302666522212521,0.4562064089023711,27.556642807660907,3.006771228704483e-21,fit
empirical,"Normal, Uniform",w1,entropy_uw,147,0.17406024331888104,0.6133239125723755,0.43926366925349447,25.370645523813486,5.62149688408999e-20,fit
empirical,"Normal, Uniform",w1,entropy,147,0.17406024331888104,0.5916684107806598,0.41760816746177876,22.84070753496493,1.9623810882685e-18,fit
empirical,"Normal, Uniform",w1,crit_bw_1_uw,147,0.17406024331888104,0.5347239414503553,0.36066369813147425,17.31192147885572,9.293572223057235e-15,fit
empirical,"Normal, Uniform",w1,crit_bw_1,147,0.17406024331888104,0.5174874610511571,0.343427217732276,15.89569992535954,9.673254753805254e-14,fit
empirical,"Normal, Uniform",w1,weight_outliers_uw,147,0.17406024331888104,0.46654537578707533,0.2924851324681943,12.245030152459732,5.914350263976339e-11,fit
empirical,"Normal, Uniform",w1,weight_outliers,147,0.17406024331888104,0.4103054183557686,0.23624517503688758,8.947245585637141,3.2469482456642224e-08,fit
empirical,"Normal, Uniform",w1,modality_index,147,0.17406024331888104,0.39881610432119274,0.2247558610023117,8.349437831692585,1.0762655997268747e-07,fit
empirical,"Normal, Uniform",w1,mean,147,0.17406024331888104,0.37230816565295277,0.19824792233407174,7.053679353234411,1.5299785947100173e-06,fit
empirical,"Normal, Uniform",w1,modality_index_uw,147,0.17406024331888104,0.30679465293409813,0.1327344096152171,4.276368939286365,0.0005636587216573444,fit
empirical,"Normal, Uniform",w1,fit_lognorm_SF_uw,147,0.17406024331888104,0.2894507074188609,0.11539046409997988,3.62684718025893,0.0022921128675257945,fit
empirical,"Normal, Uniform",w1,modes_scipy_default,130,0.18820804788625256,0.24230721694796697,0.054099169061714414,4.319692362714452,0.015414475526680604,fit
empirical,"Normal, Uniform",w1,fit_lognorm_SF,147,0.17406024331888104,0.2054167202896101,0.031356476970729075,0.8813357519950916,0.5105357966889763,fit
empirical,"Normal, Uniform",w1,modes_fitted,130,0.18820804788625256,0.2058269850740475,0.017618937187794947,1.3422084102932932,0.2651296328001138,fit
empirical,"Normal, Variable",w1,coeffvar,147,0.14114677669738962,0.9481571486593444,0.8070103719619548,347.65124167369436,4.252596584290207e-79,fit
empirical,"Normal, Variable",w1,coeffvar_uw,147,0.14114677669738962,0.9127897106078905,0.7716429339105009,197.60694497699646,5.299496104795254e-64,fit
empirical,"Normal, Variable",w1,fit_norm_SF_uw,147,0.14114677669738962,0.7343186609282466,0.593171884230857,49.86238574667579,8.20715263950101e-32,fit
empirical,"Normal, Variable",w1,fit_norm_SF,147,0.14114677669738962,0.7182233302053771,0.5770765535079875,45.738502899259515,4.001848445405587e-30,fit
empirical,"Normal, Variable",w1,w_v_uw_wasserstein,147,0.14114677669738962,0.6867410386175705,0.5455942619201809,38.897334213343974,4.330395291116409e-27,fit
empirical,"Normal, Variable",w1,skewness_uw,147,0.14114677669738962,0.6038614869012086,0.46271471020381894,26.086738652046883,2.1243839294249852e-20,fit
empirical,"Normal, Variable",w1,kurtosis_uw,141,0.15216759215766884,0.5595849821314325,0.40741738997376364,19.734955969872882,3.196393896986568e-16,fit
empirical,"Normal, Variable",w1,entropy_uw,147,0.14114677669738962,0.5438677547387853,0.4027209780413957,19.718189047945575,2.058127814644101e-16,fit
empirical,"Normal, Variable",w1,skewness,147,0.14114677669738962,0.5247804485145333,0.3836336718171437,18.02917965769954,2.9207027480107364e-15,fit
empirical,"Normal, Variable",w1,entropy,147,0.14114677669738962,0.5205228415002171,0.3793760648028275,17.670773182271724,5.195735815192876e-15,fit
empirical,"Normal, Variable",w1,kurtosis,141,0.15216759215766884,0.5181883050338675,0.36602071287619864,16.20641830879823,8.160330906382785e-14,fit
empirical,"Normal, Variable",w1,crit_bw_1,147,0.14114677669738962,0.4795586222286309,0.33841184553124126,14.522028556918285,1.0124062683991506e-12,fit
empirical,"Normal, Variable",w1,crit_bw_1_uw,147,0.14114677669738962,0.45185749959796506,0.31071072290057544,12.659492996237221,2.773398838045587e-11,fit
empirical,"Normal, Variable",w1,weight_outliers_uw,147,0.14114677669738962,0.4176991700877315,0.2765523933903419,10.606779981145115,1.2741459978704125e-09,fit
empirical,"Normal, Variable",w1,weight_outliers,147,0.14114677669738962,0.413209762690524,0.2720629859931344,10.354762174821454,2.066011046758337e-09,fit
empirical,"Normal, Variable",w1,modality_index,147,0.14114677669738962,0.35206628849105936,0.21091951179366975,7.2700890225665615,9.76941028462305e-07,fit
empirical,"Normal, Variable",w1,mean,147,0.14114677669738962,0.2744546690228097,0.13330789232542006,4.103409488223021,0.0008191162750501815,fit
empirical,"Normal, Variable",w1,fit_lognorm_SF_uw,147,0.14114677669738962,0.2657362666621528,0.12458948996476316,3.789508432568558,0.0016137676038402362,fit
empirical,"Normal, Variable",w1,modality_index_uw,147,0.14114677669738962,0.25941295026165667,0.11826617356426705,3.5664651133203304,0.0026106296044496424,fit
empirical,"Normal, Variable",w1,modes_scipy_default,130,0.15433179008435094,0.20908520602354141,0.054753415939190475,4.188291443717292,0.01742795731029625,fit
empirical,"Normal, Variable",w1,fit_lognorm_SF,147,0.14114677669738962,0.1714050420786305,0.03025826538124088,0.815558820853748,0.5596452764438653,fit
empirical,"Normal, Variable",w1,modes_fitted,130,0.15433179008435094,0.17592209902034928,0.021590308935998337,1.5850609378981004,0.20916061350309456,fit
empirical,"Lognormal, Uniform",w1,coeffvar,147,0.38376215359999477,0.9217919661834293,0.5380298125834345,153.64149386339318,1.545260374139892e-57,fit
empirical,"Lognormal, Uniform",w1,coeffvar_uw,147,0.38376215359999477,0.9176509455569622,0.5338887919569675,144.79238935224583,4.827138444878113e-56,fit
empirical,"Lognormal, Uniform",w1,w_v_uw_wasserstein,147,0.38376215359999477,0.8662544413769602,0.4824922877769654,80.56836581808764,5.115989575120202e-42,fit
empirical,"Lognormal, Uniform",w1,fit_norm_SF_uw,147,0.38376215359999477,0.7593420450184969,0.3755798914185021,34.85424327232916,3.8823380214778704e-25,fit
empirical,"Lognormal, Uniform",w1,fit_norm_SF,147,0.38376215359999477,0.7024608123992403,0.3186986587992455,23.921566222061042,4.205641563848182e-19,fit
empirical,"Lognormal, Uniform",w1,skewness_uw,147,0.38376215359999477,0.6645499456374986,0.2807877920375038,18.694071662685225,1.0157045334420834e-15,fit
empirical,"Lognormal, Uniform",w1,entropy_uw,147,0.38376215359999477,0.6605396238516386,0.2767774702516438,18.209381526122925,2.1901809565306854e-15,fit
empirical,"Lognormal, Uniform",w1,entropy,147,0.38376215359999477,0.6498965976094412,0.2661344440094464,16.97689656530052,1.6063566676538568e-14,fit
empirical,"Lognormal, Uniform",w1,kurtosis_uw,141,0.4059974730871594,0.6573072032997529,0.2513097302125935,15.644548984275346,2.0603848090681522e-13,fit
empirical,"Lognormal, Uniform",w1,kurtosis,141,0.4059974730871594,0.6340741424557788,0.22807666936861937,13.296779970268188,1.1380031744767056e-11,fit
empirical,"Lognormal, Uniform",w1,skewness,147,0.38376215359999477,0.587755787503048,0.20399363390305325,11.051356661237644,5.471018586037027e-10,fit
empirical,"Lognormal, Uniform",w1,crit_bw_1_uw,147,0.38376215359999477,0.5705014510698394,0.18673929746984463,9.710186419057463,7.210077572307109e-09,fit
empirical,"Lognormal, Uniform",w1,crit_bw_1,147,0.38376215359999477,0.5668275790700316,0.1830654254700368,9.438415215939635,1.22846841934633e-08,fit
empirical,"Lognormal, Uniform",w1,mean,147,0.38376215359999477,0.5546979034880842,0.17093574988808946,8.57297800917011,6.862018628317156e-08,fit
empirical,"Lognormal, Uniform",w1,weight_outliers_uw,147,0.38376215359999477,0.5503387544304619,0.1665766008304671,8.273363089515168,1.2550838236800487e-07,fit
empirical,"Lognormal, Uniform",w1,weight_outliers,147,0.38376215359999477,0.5332359198563053,0.14947376625631048,7.15189447603433,1.2478411176428058e-06,fit
empirical,"Lognormal, Uniform",w1,modality_index,147,0.38376215359999477,0.49645798340975045,0.11269582980975568,4.998338667865227,0.00011878893544926399,fit
empirical,"Lognormal, Uniform",w1,fit_lognorm_SF_uw,147,0.38376215359999477,0.4767228466214639,0.09296069302146914,3.9675382935059855,0.0010986419437407245,fit
empirical,"Lognormal, Uniform",w1,modality_index_uw,147,0.38376215359999477,0.462177729929938,0.07841557632994323,3.256245235947421,0.005084931246781467,fit
empirical,"Lognormal, Uniform",w1,fit_lognorm_SF,147,0.38376215359999477,0.42370799344079146,0.03994583984079669,1.5480411775463403,0.1673159297224509,fit
empirical,"Lognormal, Uniform",w1,modes_scipy_default,130,0.4083973337023612,0.43288012261058995,0.024482788908228748,2.6118088749881236,0.07753667641603446,fit
empirical,"Lognormal, Uniform",w1,modes_fitted,130,0.4083973337023612,0.4214382920613867,0.013040958359025523,1.3636885571499915,0.25961729087873736,fit
empirical,"Lognormal, Variable",w1,coeffvar,147,0.28727146315882224,0.9225386553003307,0.6352671921415085,183.15759961093994,4.951414439417926e-62,fit
empirical,"Lognormal, Variable",w1,coeffvar_uw,147,0.28727146315882224,0.8915499257284771,0.6042784625696549,124.44023133570127,2.7779766209675765e-52,fit
empirical,"Lognormal, Variable",w1,w_v_uw_wasserstein,147,0.28727146315882224,0.7308045167322155,0.44353305357339323,36.79694551171992,4.312265592666074e-26,fit
empirical,"Lognormal, Variable",w1,fit_norm_SF_uw,147,0.28727146315882224,0.6575232072153219,0.37025174405649963,24.144572103782448,3.073649889497991e-19,fit
empirical,"Lognormal, Variable",w1,fit_norm_SF,147,0.28727146315882224,0.6165681899833564,0.32929672682453415,19.180186342465174,4.739241655467417e-16,fit
empirical,"Lognormal, Variable",w1,entropy_uw,147,0.28727146315882224,0.5684136618922736,0.28114219873345137,14.548288219478303,9.672640968064814e-13,fit
empirical,"Lognormal, Variable",w1,entropy,147,0.28727146315882224,0.5633311006727841,0.2760596375139619,14.119008507309612,2.0462581478343135e-12,fit
empirical,"Lognormal, Variable",w1,skewness_uw,147,0.28727146315882224,0.5473251023561612,0.2600536391973389,12.830100893533874,2.0351418287565062e-11,fit
empirical,"Lognormal, Variable",w1,kurtosis_uw,141,0.32641273605790866,0.5687724656278583,0.24235972956994967,11.98982088428135,1.178483841857549e-10,fit
empirical,"Lognormal, Variable",w1,kurtosis,141,0.32641273605790866,0.5437943626728703,0.21738162661496163,10.16531651886144,3.5169943947814875e-09,fit
empirical,"Lognormal, Variable",w1,crit_bw_1,147,0.28727146315882224,0.48812800563941683,0.2008565424805946,8.76351151229417,4.68438418726633e-08,fit
empirical,"Lognormal, Variable",w1,weight_outliers,147,0.28727146315882224,0.47447916802201684,0.1872077048631946,7.955863632544211,2.390747668559117e-07,fit
empirical,"Lognormal, Variable",w1,crit_bw_1_uw,147,0.28727146315882224,0.4645067711414832,0.17723530798266096,7.391793207264955,7.59804721540175e-07,fit
empirical,"Lognormal, Variable",w1,weight_outliers_uw,147,0.28727146315882224,0.4592354567412805,0.17196399358245829,7.102035882132167,1.3838098870818204e-06,fit
empirical,"Lognormal, Variable",w1,skewness,147,0.28727146315882224,0.45456649604585997,0.16729503288703773,6.850066428613306,2.337699557126832e-06,fit
empirical,"Lognormal, Variable",w1,fit_lognorm_SF_uw,147,0.28727146315882224,0.4063627193668271,0.11909125620800487,4.480353253997016,0.00036278436029804254,fit
empirical,"Lognormal, Variable",w1,modality_index,147,0.28727146315882224,0.39828363151537904,0.1110121683565568,4.120332917329419,0.0007896993772768375,fit
empirical,"Lognormal, Variable",w1,mean,147,0.28727146315882224,0.3939874503654812,0.10671598720665898,3.9327959721616597,0.0011842780689218595,fit
empirical,"Lognormal, Variable",w1,modality_index_uw,147,0.28727146315882224,0.3583984088882114,0.07112694572938916,2.4758382927382554,0.026506679408536193,fit
empirical,"Lognormal, Variable",w1,fit_lognorm_SF,147,0.28727146315882224,0.3398302919080217,0.05255882874919948,1.7780486254936057,0.10817766714780833,fit
empirical,"Lognormal, Variable",w1,modes_fitted,130,0.3290348908559131,0.3514753244263742,0.022440433570461105,2.0934380481545203,0.12770484376988983,fit
empirical,"Lognormal, Variable",w1,modes_scipy_default,130,0.3290348908559131,0.3509105864501538,0.02187569559424074,2.038978846093791,0.1346100955840563,fit
empirical,"KDE, Uniform",w1,w_v_uw_wasserstein,147,0.5690192492219786,0.9262146797575993,0.35719543053562075,108.11587710249374,7.164283053787267e-49,fit
empirical,"KDE, Uniform",w1,coeffvar_uw,147,0.5690192492219786,0.9124818121822268,0.34346256296024824,87.6465120836797,6.14236122301376e-44,fit
empirical,"KDE, Uniform",w1,coeffvar,147,0.5690192492219786,0.8956055765113377,0.3265863272893591,69.86734602978561,7.51956253880108e-39,fit
empirical,"KDE, Uniform",w1,fit_norm_SF_uw,147,0.5690192492219786,0.8019761623976236,0.23295691317564504,26.273121747609448,1.6527665966364328e-20,fit
empirical,"KDE, Uniform",w1,skewness_uw,147,0.5690192492219786,0.7519758334872351,0.18295658426525652,16.474323608759185,3.679896853045158e-14,fit
empirical,"KDE, Uniform",w1,fit_norm_SF,147,0.5690192492219786,0.7495793688757847,0.18056011965380614,16.10294375839494,6.832524787787746e-14,fit
empirical,"KDE, Uniform",w1,kurtosis_uw,141,0.5965247691383727,0.7645153153820983,0.16799054624372556,15.218816993050865,4.191929259121307e-13,fit
empirical,"KDE, Uniform",w1,entropy,147,0.5690192492219786,0.7336706738010177,0.16465142457903914,13.807023062058596,3.5447460695183904e-12,fit
empirical,"KDE, Uniform",w1,mean,147,0.5690192492219786,0.7273313891750477,0.15831213995306914,12.966794313390983,1.5896495189465113e-11,fit
empirical,"KDE, Uniform",w1,entropy_uw,147,0.5690192492219786,0.7262467741989813,0.15722752497700276,12.826934602183334,2.0468415054119094e-11,fit
empirical,"KDE, Uniform",w1,kurtosis,141,0.5965247691383727,0.740633566114304,0.14410879697593126,11.853195327148871,1.511488273893701e-10,fit
empirical,"KDE, Uniform",w1,skewness,147,0.5690192492219786,0.7049619726543064,0.13594272343232783,10.290382510922921,2.3386465517503354e-09,fit
empirical,"KDE, Uniform",w1,crit_bw_1_uw,147,0.5690192492219786,0.6966511927993895,0.12763194357741092,9.396597818202252,1.3338540129124434e-08,fit
empirical,"KDE, Uniform",w1,crit_bw_1,147,0.5690192492219786,0.6839952613122328,0.11497601209025421,8.125819929194666,1.6922790766430504e-07,fit
empirical,"KDE, Uniform",w1,weight_outliers_uw,147,0.5690192492219786,0.6579646821111356,0.08894543288915702,5.807727732481185,2.1024372631621676e-05,fit
empirical,"KDE, Uniform",w1,weight_outliers,147,0.5690192492219786,0.6520978542611844,0.08307860503920583,5.3331725657187325,5.789803641854733e-05,fit
empirical,"KDE, Uniform",w1,modality_index,147,0.5690192492219786,0.6482211583676136,0.07920190914563507,5.028280351876066,0.0001113824794266895,fit
empirical,"KDE, Uniform",w1,modality_index_uw,147,0.5690192492219786,0.6296083760319693,0.060589126809990734,3.6533147022242596,0.0021649820998082023,fit
empirical,"KDE, Uniform",w1,fit_lognorm_SF_uw,147,0.5690192492219786,0.613241812338374,0.0442225631163955,2.5536298246306743,0.022542538164940805,fit
empirical,"KDE, Uniform",w1,modes_scipy_default,130,0.5968820624135631,0.6109011187652688,0.014019056351705639,2.179787581467058,0.11748581897124324,fit
empirical,"KDE, Uniform",w1,fit_lognorm_SF,147,0.5690192492219786,0.5792211070654883,0.010201857843509798,0.5414755722403759,0.7758798980557927,fit
empirical,"KDE, Uniform",w1,modes_fitted,130,0.5968820624135631,0.5995096224184049,0.002627560004841767,0.3969318345496005,0.6732521219436467,fit
empirical,"KDE, Variable",w1,coeffvar,147,0.5041137058492315,0.8871503970690799,0.3830366912198484,75.8043084045808,1.193187989829829e-40,fit
empirical,"KDE, Variable",w1,coeffvar_uw,147,0.5041137058492315,0.8769739941197455,0.372860288270514,67.68660857618443,3.6818256106348866e-38,fit
empirical,"KDE, Variable",w1,w_v_uw_wasserstein,147,0.5041137058492315,0.7731625050530068,0.2690487992037752,26.4892561829564,1.2367607816574166e-20,fit
empirical,"KDE, Variable",w1,fit_norm_SF_uw,147,0.5041137058492315,0.6787147920762362,0.17460108622700465,12.136955461687641,7.214733139006133e-11,fit
empirical,"KDE, Variable",w1,entropy,147,0.5041137058492315,0.649972471044704,0.14585876519547247,9.306446359865948,1.5932714164398953e-08,fit
empirical,"KDE, Variable",w1,entropy_uw,147,0.5041137058492315,0.6495862799305567,0.1454725740813252,9.271576144827927,1.7068217310358527e-08,fit
empirical,"KDE, Variable",w1,skewness_uw,147,0.5041137058492315,0.6460126367472958,0.14189893089806427,8.952512017011644,3.2130911621509505e-08,fit
empirical,"KDE, Variable",w1,fit_norm_SF,147,0.5041137058492315,0.637539980648552,0.13342627479932045,8.221192163069542,1.3948228656967832e-07,fit
empirical,"KDE, Variable",w1,kurtosis_uw,141,0.5422690380003596,0.6711596602615724,0.12889062226121273,8.361707114237857,1.1821637283796572e-07,fit
empirical,"KDE, Variable",w1,crit_bw_1,147,0.5041137058492315,0.6236677623736306,0.1195540565243991,7.094902665135089,1.4044508100112047e-06,fit
empirical,"KDE, Variable",w1,crit_bw_1_uw,147,0.5041137058492315,0.6073737033706434,0.1032599975214119,5.873625797463811,1.827618887256398e-05,fit
empirical,"KDE, Variable",w1,kurtosis,141,0.5422690380003596,0.6384613570785944,0.09619231907823478,5.676026192996588,2.947228502938185e-05,fit
empirical,"KDE, Variable",w1,mean,147,0.5041137058492315,0.5918550143344374,0.0877413084852059,4.801126948325682,0.00018160970981607395,fit
empirical,"KDE, Variable",w1,skewness,147,0.5041137058492315,0.5918018358280346,0.08768812997880304,4.797591973902774,0.00018299819607178527,fit
empirical,"KDE, Variable",w1,weight_outliers,147,0.5041137058492315,0.5790308313158132,0.07491712546658169,3.9745170427802297,0.0010822006838226213,fit
empirical,"KDE, Variable",w1,weight_outliers_uw,147,0.5041137058492315,0.5698415551142597,0.06572784926502817,3.4125145847337133,0.003635968548022476,fit
empirical,"KDE, Variable",w1,modality_index,147,0.5041137058492315,0.5664835837391398,0.06236987788990822,3.2130900252608936,0.005577375936129836,fit
empirical,"KDE, Variable",w1,fit_lognorm_SF_uw,147,0.5041137058492315,0.5482854736353049,0.044171767786073346,2.183907659176123,0.04830362834767335,fit
empirical,"KDE, Variable",w1,modality_index_uw,147,0.5041137058492315,0.5462956227943769,0.04218191694514539,2.0763802579492463,0.06002718669556297,fit
empirical,"KDE, Variable",w1,modes_scipy_default,130,0.539078099884408,0.5626734093893156,0.023595309504907624,3.2641880363449274,0.041619965948122874,fit
empirical,"KDE, Variable",w1,fit_lognorm_SF,147,0.5041137058492315,0.5117454888911864,0.007631783041954887,0.3490866970518895,0.9093915186326771,fit
empirical,"KDE, Variable",w1,modes_fitted,130,0.539078099884408,0.5430841880972705,0.004006088212862524,0.5304441881074218,0.5897053279497545,fit
synthetic,"Normal, Uniform",w1,coeffvar_uw,10000,0.01783218242705098,0.8878784532439262,0.8700462708168752,12916.268635905502,0.0,fit
synthetic,"Normal, Uniform",w1,coeffvar,10000,0.01783218242705098,0.8126199840577133,0.7947878016306623,7060.114117087599,0.0,fit
synthetic,"Normal, Uniform",w1,w_v_uw_wasserstein,10000,0.01783218242705098,0.7244546957061864,0.7066225132791354,4268.529185672381,0.0,fit
synthetic,"Normal, Uniform",w1,skewness_uw,10000,0.01783218242705098,0.46823684090659823,0.45040465847954725,1409.8354525299587,0.0,fit
synthetic,"Normal, Uniform",w1,fit_norm_SF_uw,10000,0.01783218242705098,0.4123122291925493,0.3944800467654983,1117.280417353288,0.0,fit
synthetic,"Normal, Uniform",w1,kurtosis_uw,9388,0.01828803347097463,0.40302539555312045,0.3847373620821458,1006.9978249918083,0.0,fit
synthetic,"Normal, Uniform",w1,skewness,10000,0.01783218242705098,0.37613537380018847,0.3583031913731375,955.9696719358047,0.0,fit
synthetic,"Normal, Uniform",w1,fit_norm_SF,10000,0.01783218242705098,0.3389275526876264,0.32109537026057544,808.4790796706437,0.0,fit
synthetic,"Normal, Uniform",w1,kurtosis,9388,0.01828803347097463,0.3375384968036148,0.3192504633326402,752.9929611764527,0.0,fit
synthetic,"Normal, Uniform",w1,crit_bw_1_uw,10000,0.01783218242705098,0.3256820793260541,0.3078498968990031,759.9029147501478,0.0,fit
synthetic,"Normal, Uniform",w1,entropy,10000,0.01783218242705098,0.3139731071226668,0.2961409246956158,718.5236821962189,0.0,fit
synthetic,"Normal, Uniform",w1,entropy_uw,10000,0.01783218242705098,0.31249236162310956,0.2946601791960586,713.391155085566,0.0,fit
synthetic,"Normal, Uniform",w1,crit_bw_1,10000,0.01783218242705098,0.3092070479054311,0.2913748654783801,702.0822405877244,0.0,fit
synthetic,"Normal, Uniform",w1,mean,10000,0.01783218242705098,0.2588089943437817,0.2409768119167307,541.1640189565933,0.0,fit
synthetic,"Normal, Uniform",w1,modality_index_uw,10000,0.01783218242705098,0.12447232074178283,0.10664013831473185,202.737748251727,8.209116986194649e-245,fit
synthetic,"Normal, Uniform",w1,modality_index,10000,0.01783218242705098,0.10526026853806236,0.08742808611101138,162.64400050057358,6.531996965298956e-198,fit
synthetic,"Normal, Uniform",w1,fit_lognorm_SF_uw,10000,0.01783218242705098,0.048635008899397425,0.030802826472346445,53.89236007508181,9.806273360017807e-66,fit
synthetic,"Normal, Uniform",w1,weight_outliers_uw,10000,0.01783218242705098,0.04676878655640471,0.028936604129353727,50.528116257660976,1.5398836329386478e-61,fit
synthetic,"Normal, Uniform",w1,weight_outliers,10000,0.01783218242705098,0.04054215996199462,0.022709977534943637,39.398039214955254,1.2544993800916265e-47,fit
synthetic,"Normal, Uniform",w1,modes_fitted,7974,0.014700863587773672,0.035343177137007964,0.020642313549234292,42.59927958232534,2.0676531853719205e-35,fit
synthetic,"Normal, Uniform",w1,fit_lognorm_SF,10000,0.01783218242705098,0.02974506874593552,0.011912886318884541,20.436896158985903,6.502937427397614e-24,fit
synthetic,"Normal, Uniform",w1,modes_scipy_default,7974,0.014700863587773672,0.019353879683271624,0.004653016095497953,18.896354369235233,6.4986880643400914e-09,fit
synthetic,"Normal, Variable",w1,coeffvar,10000,0.0014929824499144706,0.9087701474966507,0.9072771650467363,16553.38466282022,0.0,fit
synthetic,"Normal, Variable",w1,coeffvar_uw,10000,0.0014929824499144706,0.8723284350852074,0.8708354526352929,11353.394249368195,0.0,fit
synthetic,"Normal, Variable",w1,w_v_uw_wasserstein,10000,0.0014929824499144706,0.5561625726949944,0.5546695902450799,2080.147991504283,0.0,fit
synthetic,"Normal, Variable",w1,skewness_uw,10000,0.0014929824499144706,0.48384578413519386,0.4823528016852794,1555.4968141836146,0.0,fit
synthetic,"Normal, Variable",w1,fit_norm_SF_uw,10000,0.0014929824499144706,0.4275515649724555,0.42605858252254103,1238.844352111202,0.0,fit
synthetic,"Normal, Variable",w1,kurtosis_uw,9388,0.0019470630252298449,0.42375836597886674,0.4218113029536369,1143.756580491868,0.0,fit
synthetic,"Normal, Variable",w1,crit_bw_1,10000,0.0014929824499144706,0.3658135087668053,0.3643205263168908,956.2037735544942,0.0,fit
synthetic,"Normal, Variable",w1,fit_norm_SF,10000,0.0014929824499144706,0.3495890010943731,0.3480960186444586,890.8302965488009,0.0,fit
synthetic,"Normal, Variable",w1,skewness,10000,0.0014929824499144706,0.3387871445669074,0.3372941621169929,849.0853258985749,0.0,fit
synthetic,"Normal, Variable",w1,entropy_uw,10000,0.0014929824499144706,0.32555987829642574,0.32406689584651127,799.7883441068411,0.0,fit
synthetic,"Normal, Variable",w1,crit_bw_1_uw,10000,0.0014929824499144706,0.3224896733364425,0.32099669088652805,788.621178088628,0.0,fit
synthetic,"Normal, Variable",w1,kurtosis,9388,0.0019470630252298449,0.25807892157679524,0.2561318585515654,539.4185993978952,0.0,fit
synthetic,"Normal, Variable",w1,entropy,10000,0.0014929824499144706,0.2378707783817574,0.23637779593184294,516.252139621587,0.0,fit
synthetic,"Normal, Variable",w1,mean,10000,0.0014929824499144706,0.1453305236580481,0.14383754120813363,280.12886147012443,0.0,fit
synthetic,"Normal, Variable",w1,modality_index,10000,0.0014929824499144706,0.11674334554969523,0.11525036309978076,217.18967914141922,1.7666749040925498e-261,fit
synthetic,"Normal, Variable",w1,modality_index_uw,10000,0.0014929824499144706,0.10940291859775364,0.10790993614783917,201.680526995746,1.3755661243177468e-243,fit
synthetic,"Normal, Variable",w1,weight_outliers_uw,10000,0.0014929824499144706,0.037673465818388374,0.036180483368473904,62.58002084296647,1.5128494356337462e-76,fit
synthetic,"Normal, Variable",w1,fit_lognorm_SF_uw,10000,0.0014929824499144706,0.03312941152693416,0.03163642907701969,54.46316893542194,1.9057096796262035e-66,fit
synthetic,"Normal, Variable",w1,weight_outliers,10000,0.0014929824499144706,0.028664295503155635,0.027171313053241164,46.56129736376515,1.3829784882447e-56,fit
synthetic,"Normal, Variable",w1,modes_fitted,7974,0.0015099762458468113,0.02683798399405235,0.02532800774820554,51.81226825074932,3.8079759761286104e-43,fit
synthetic,"Normal, Variable",w1,modes_scipy_default,7974,0.0015099762458468113,0.014316760834291564,0.012806784588444753,51.74382357018732,4.706283523848221e-23,fit
synthetic,"Normal, Variable",w1,fit_lognorm_SF,10000,0.0014929824499144706,0.00835723622383766,0.00686425377392319,11.52184115496077,6.850731281129703e-13,fit
synthetic,"Lognormal, Uniform",w1,w_v_uw_wasserstein,10000,0.12540923105008406,0.8975126442363445,0.7721034131862604,12539.7530424361,0.0,fit
synthetic,"Lognormal, Uniform",w1,coeffvar_uw,10000,0.12540923105008406,0.79420251087756,0.6687932798274759,5409.232245834291,0.0,fit
synthetic,"Lognormal, Uniform",w1,coeffvar,10000,0.12540923105008406,0.7318017641132213,0.6063925330631372,3763.4116717668876,0.0,fit
synthetic,"Lognormal, Uniform",w1,mean,10000,0.12540923105008406,0.4378558000644157,0.31244656901433165,925.1493018765453,0.0,fit
synthetic,"Lognormal, Uniform",w1,skewness_uw,10000,0.12540923105008406,0.3666653178072654,0.24125608675718135,634.0577386619786,0.0,fit
synthetic,"Lognormal, Uniform",w1,fit_norm_SF_uw,10000,0.12540923105008406,0.3298204019732629,0.20441117092317884,507.6883793589566,0.0,fit
synthetic,"Lognormal, Uniform",w1,kurtosis_uw,9388,0.12119444925051703,0.32132529884919814,0.2001308495986811,460.7574909860329,0.0,fit
synthetic,"Lognormal, Uniform",w1,entropy,10000,0.12540923105008406,0.3022081707430868,0.17679893969300275,421.7329908153084,0.0,fit
synthetic,"Lognormal, Uniform",w1,crit_bw_1_uw,10000,0.12540923105008406,0.2931716195592421,0.16776238850915803,395.0612389097438,0.0,fit
synthetic,"Lognormal, Uniform",w1,crit_bw_1,10000,0.12540923105008406,0.29309766396570713,0.16768843291562308,394.84576915376635,0.0,fit
synthetic,"Lognormal, Uniform",w1,entropy_uw,10000,0.12540923105008406,0.2764778589886563,0.15106862793857223,347.54116971772254,0.0,fit
synthetic,"Lognormal, Uniform",w1,kurtosis,9388,0.12119444925051703,0.27164151424937644,0.1504470649988594,322.7442854852694,0.0,fit
synthetic,"Lognormal, Uniform",w1,skewness,10000,0.12540923105008406,0.27326734595969826,0.1478581149096142,338.6525029511119,0.0,fit
synthetic,"Lognormal, Uniform",w1,fit_norm_SF,10000,0.12540923105008406,0.26578177432031014,0.14037254327022608,318.2297716145547,0.0,fit
synthetic,"Lognormal, Uniform",w1,modality_index_uw,10000,0.12540923105008406,0.19019190074148962,0.06478266969140556,133.15593385652514,8.727805888218348e-163,fit
synthetic,"Lognormal, Uniform",w1,modality_index,10000,0.12540923105008406,0.17202316635714454,0.04661393530706048,93.70901716806938,5.938100538985474e-115,fit
synthetic,"Lognormal, Uniform",w1,fit_lognorm_SF_uw,10000,0.12540923105008406,0.1505545085269243,0.025145277476840255,49.27251339885076,5.684626396910504e-60,fit
synthetic,"Lognormal, Uniform",w1,fit_lognorm_SF,10000,0.12540923105008406,0.13806096034709614,0.012651729297012082,24.431894189821907,6.730135564528384e-29,fit
synthetic,"Lognormal, Uniform",w1,weight_outliers_uw,10000,0.12540923105008406,0.1375757276492935,0.012166496599209431,23.481636867879,1.0352433999195693e-27,fit
synthetic,"Lognormal, Uniform",w1,weight_outliers,10000,0.12540923105008406,0.13338332217399862,0.007974091123914562,15.31573879821024,1.4835816767083017e-17,fit
synthetic,"Lognormal, Uniform",w1,modes_fitted,7974,0.09783241865612624,0.10369319310258962,0.005860774446463379,13.017123868202672,1.4436566055932378e-10,fit
synthetic,"Lognormal, Uniform",w1,modes_scipy_default,7974,0.09783241865612624,0.09813625798966552,0.0003038393335392797,1.3417106037801452,0.26145720985496157,fit
synthetic,"Lognormal, Variable",w1,coeffvar,10000,0.12947432932836922,0.8400816227092521,0.7106072933808829,7396.309666662127,0.0,fit
synthetic,"Lognormal, Variable",w1,coeffvar_uw,10000,0.12947432932836922,0.8153779236328778,0.6859035943045085,6183.911237405886,0.0,fit
synthetic,"Lognormal, Variable",w1,w_v_uw_wasserstein,10000,0.12947432932836922,0.6050207767398488,0.47554644741147956,2004.0220221787688,0.0,fit
synthetic,"Lognormal, Variable",w1,skewness_uw,10000,0.12947432932836922,0.3738027819042844,0.24432845257591518,649.4514787998437,0.0,fit
synthetic,"Lognormal, Variable",w1,fit_norm_SF_uw,10000,0.12947432932836922,0.3522705771060367,0.2227962477776675,572.5297343589048,0.0,fit
synthetic,"Lognormal, Variable",w1,kurtosis_uw,9388,0.13250043916055787,0.35457350818613276,0.2220730690255749,537.6122219236826,0.0,fit
synthetic,"Lognormal, Variable",w1,crit_bw_1,10000,0.12947432932836922,0.34819387270283875,0.21871954337446953,558.5382902987479,0.0,fit
synthetic,"Lognormal, Variable",w1,crit_bw_1_uw,10000,0.12947432932836922,0.2883703391522223,0.1588960098238531,371.6573702629548,0.0,fit
synthetic,"Lognormal, Variable",w1,entropy_uw,10000,0.12947432932836922,0.2840860854421473,0.1546117561137781,359.4723650682546,0.0,fit
synthetic,"Lognormal, Variable",w1,fit_norm_SF,10000,0.12947432932836922,0.27832150766856767,0.14884717834019845,343.3054067426437,0.0,fit
synthetic,"Lognormal, Variable",w1,mean,10000,0.12947432932836922,0.2746874324891274,0.1452131031607582,333.24558409427925,0.0,fit
synthetic,"Lognormal, Variable",w1,kurtosis,9388,0.13250043916055787,0.27599293170106365,0.14349249254050578,309.67518054943497,0.0,fit
synthetic,"Lognormal, Variable",w1,entropy,10000,0.12947432932836922,0.2639810533880298,0.13450672405966058,304.1857050391099,0.0,fit
synthetic,"Lognormal, Variable",w1,skewness,10000,0.12947432932836922,0.2561008066090751,0.12662647728070586,283.331092850068,0.0,fit
synthetic,"Lognormal, Variable",w1,modality_index_uw,10000,0.12947432932836922,0.19241818422404877,0.06294385489567955,129.73304305173352,1.1303907921152151e-158,fit
synthetic,"Lognormal, Variable",w1,modality_index,10000,0.12947432932836922,0.192032310379448,0.06255798105107879,128.87614294133763,1.2130136535351637e-157,fit
synthetic,"Lognormal, Variable",w1,fit_lognorm_SF_uw,10000,0.12947432932836922,0.1587743812972746,0.029300051968905394,57.97485884637265,8.061125340119557e-71,fit
synthetic,"Lognormal, Variable",w1,weight_outliers,10000,0.12947432932836922,0.15353609855405326,0.024061769225684038,47.31544346750695,1.580057431441571e-57,fit
synthetic,"Lognormal, Variable",w1,weight_outliers_uw,10000,0.12947432932836922,0.1484565148903091,0.01898218556193987,37.1042094976265,9.320697236363388e-45,fit
synthetic,"Lognormal, Variable",w1,fit_lognorm_SF,10000,0.12947432932836922,0.14627194104401642,0.016797611715647198,32.750036041788604,2.63438286841523e-39,fit
synthetic,"Lognormal, Variable",w1,modes_fitted,7974,0.11806806461315456,0.12486477592191192,0.006796711308757364,15.461099799933802,1.3285525428029278e-12,fit
synthetic,"Lognormal, Variable",w1,modes_scipy_default,7974,0.11806806461315456,0.12036423141526165,0.0022961668021070913,10.395762218838017,3.097849080294815e-05,fit
synthetic,"KDE, Uniform",w1,w_v_uw_wasserstein,10000,0.20102593587923656,0.9705760254140704,0.7695500895348338,43533.07607338872,0.0,fit
synthetic,"KDE, Uniform",w1,coeffvar_uw,10000,0.20102593587923656,0.7359594874266565,0.53493355154742,3372.198030797837,0.0,fit
synthetic,"KDE, Uniform",w1,coeffvar,10000,0.20102593587923656,0.6795065628580266,0.47848062697879,2485.0150153102504,0.0,fit
synthetic,"KDE, Uniform",w1,mean,10000,0.20102593587923656,0.4717382844082585,0.27071234852902193,852.9876211487494,0.0,fit
synthetic,"KDE, Uniform",w1,skewness_uw,10000,0.20102593587923656,0.4072732186983765,0.20624728281913995,579.1852385994392,0.0,fit
synthetic,"KDE, Uniform",w1,fit_norm_SF_uw,10000,0.20102593587923656,0.36960503602326733,0.16857910014403077,445.11762977867926,0.0,fit
synthetic,"KDE, Uniform",w1,entropy,10000,0.20102593587923656,0.3681366790604962,0.16711074318125962,440.21519022756814,0.0,fit
synthetic,"KDE, Uniform",w1,kurtosis_uw,9388,0.19435045710591659,0.35857941524296966,0.16422895813705307,400.0616026165551,0.0,fit
synthetic,"KDE, Uniform",w1,crit_bw_1_uw,10000,0.20102593587923656,0.354722797335955,0.15369686145671846,396.46282998765975,0.0,fit
synthetic,"KDE, Uniform",w1,crit_bw_1,10000,0.20102593587923656,0.34347654241337033,0.14245060653413377,361.1585113008375,0.0,fit
synthetic,"KDE, Uniform",w1,skewness,10000,0.20102593587923656,0.3421556361857019,0.14112970030646532,357.091128360604,0.0,fit
synthetic,"KDE, Uniform",w1,entropy_uw,10000,0.20102593587923656,0.3382717604532707,0.13724582457403411,345.22582134315496,0.0,fit
synthetic,"KDE, Uniform",w1,kurtosis,9388,0.19435045710591659,0.32054103939187073,0.12619058228595414,290.19086692937253,0.0,fit
synthetic,"KDE, Uniform",w1,fit_norm_SF,10000,0.20102593587923656,0.32090336512939166,0.1198774292501551,293.8256070506103,0.0,fit
synthetic,"KDE, Uniform",w1,modality_index_uw,10000,0.20102593587923656,0.2551927227896096,0.05416678691037302,121.0522769729164,3.274598801143654e-148,fit
synthetic,"KDE, Uniform",w1,modality_index,10000,0.20102593587923656,0.2367785082915006,0.03575257241226404,77.97232838267925,1.3185117569663106e-95,fit
synthetic,"KDE, Uniform",w1,fit_lognorm_SF_uw,10000,0.20102593587923656,0.22184100135219542,0.02081506547295886,44.52390390645739,4.8647681779440676e-54,fit
synthetic,"KDE, Uniform",w1,fit_lognorm_SF,10000,0.20102593587923656,0.21003410614164608,0.00900817026240952,18.980692101207456,4.224770714089994e-22,fit
synthetic,"KDE, Uniform",w1,weight_outliers_uw,10000,0.20102593587923656,0.20969191730427605,0.008665981425039493,18.251775981812518,3.4037901635259225e-21,fit
synthetic,"KDE, Uniform",w1,modes_fitted,7974,0.16246084340639155,0.16773537499043456,0.005274531584043007,12.616508542355525,3.1061945777267897e-10,fit
synthetic,"KDE, Uniform",w1,weight_outliers,10000,0.20102593587923656,0.20475840055573058,0.0037324646764940184,7.812327044216307,2.0760519311266137e-08,fit
synthetic,"KDE, Uniform",w1,modes_scipy_default,7974,0.16246084340639155,0.16415618606334714,0.0016953426569555896,8.077707842959972,0.0003129312960888858,fit
synthetic,"KDE, Variable",w1,coeffvar,10000,0.5119893957561563,0.9365855294445161,0.4245961336883598,11144.779075399196,0.0,fit
synthetic,"KDE, Variable",w1,coeffvar_uw,10000,0.5119893957561563,0.9173417719847679,0.40535237622861153,8162.636030719038,0.0,fit
synthetic,"KDE, Variable",w1,w_v_uw_wasserstein,10000,0.5119893957561563,0.8101204641064572,0.2981310683503009,2613.4420485801897,0.0,fit
synthetic,"KDE, Variable",w1,skewness_uw,10000,0.5119893957561563,0.6552642923214409,0.14327489656528458,691.7794125210917,0.0,fit
synthetic,"KDE, Variable",w1,crit_bw_1,10000,0.5119893957561563,0.6392415715198835,0.12725217576372716,587.12764508674,0.0,fit
synthetic,"KDE, Variable",w1,kurtosis_uw,9388,0.5134289965862935,0.6291492463604927,0.11572024977419926,487.56241829819515,0.0,fit
synthetic,"KDE, Variable",w1,fit_norm_SF_uw,10000,0.5119893957561563,0.6245397511849076,0.11255035542875125,498.96112092393116,0.0,fit
synthetic,"KDE, Variable",w1,crit_bw_1_uw,10000,0.5119893957561563,0.622356300268603,0.11036690451244668,486.4524754196358,0.0,fit
synthetic,"KDE, Variable",w1,mean,10000,0.5119893957561563,0.6025573151749454,0.09056791941878906,379.30073348546193,0.0,fit
synthetic,"KDE, Variable",w1,entropy_uw,10000,0.5119893957561563,0.5982196369216413,0.08623024116548494,357.2355685087503,0.0,fit
synthetic,"KDE, Variable",w1,skewness,10000,0.5119893957561563,0.587017556326471,0.0750281605703147,302.3963250312225,0.0,fit
synthetic,"KDE, Variable",w1,fit_norm_SF,10000,0.5119893957561563,0.5745992441085757,0.06260984835241934,244.97862577658609,3.517560677835286e-293,fit
synthetic,"KDE, Variable",w1,entropy,10000,0.5119893957561563,0.5729380426078073,0.06094864685165102,237.55106473088952,9.442007196480985e-285,fit
synthetic,"KDE, Variable",w1,kurtosis,9388,0.5134289965862935,0.5676484023268367,0.05421940574054318,195.9465905192309,4.216539855445688e-236,fit
synthetic,"KDE, Variable",w1,modality_index_uw,10000,0.5119893957561563,0.5479482689938457,0.035958873237689426,132.40419270359874,6.973254623364723e-162,fit
synthetic,"KDE, Variable",w1,modality_index,10000,0.5119893957561563,0.5372455954744972,0.02525619971834092,90.84504441245495,1.921437372355104e-111,fit
synthetic,"KDE, Variable",w1,fit_lognorm_SF_uw,10000,0.5119893957561563,0.5283048286441214,0.01631543288796511,57.573279717822004,2.548326930498271e-70,fit
synthetic,"KDE, Variable",w1,modes_fitted,7974,0.4934380199306463,0.5011119365413395,0.0076739166106931656,30.621797977740574,2.467781957661124e-25,fit
synthetic,"KDE, Variable",w1,weight_outliers_uw,10000,0.5119893957561563,0.51633895058355,0.004349554827393631,14.968817561248429,3.980619579568956e-17,fit
synthetic,"KDE, Variable",w1,weight_outliers,10000,0.5119893957561563,0.5155023430033732,0.0035129472472168466,12.06879044418852,1.4689382097692417e-13,fit
synthetic,"KDE, Variable",w1,fit_lognorm_SF,10000,0.5119893957561563,0.5137766913457357,0.0017872955895793519,6.1184921740768115,2.0593631505098546e-06,fit
synthetic,"KDE, Variable",w1,modes_scipy_default,7974,0.4934380199306463,0.4938630850826642,0.0004250651520179005,3.344592970832531,0.03532411780151402,fit
empirical,"Normal, Uniform",w1_cv,coeffvar_uw,127,0.2948981285550094,0.9598920967031135,0.6649939681481041,315.02233615375224,1.6482995234241865e-68,fit
empirical,"Normal, Uniform",w1_cv,coeffvar,127,0.2948981285550094,0.955520439201307,0.6606223106462976,282.19307198394097,5.921783727725075e-66,fit
empirical,"Normal, Uniform",w1_cv,fit_norm_SF_uw,127,0.2948981285550094,0.8504363290906527,0.5555382005356433,70.5734604265958,4.4150713459009276e-36,fit
empirical,"Normal, Uniform",w1_cv,fit_norm_SF,127,0.2948981285550094,0.8310274476933954,0.536129319138386,60.284684847192096,4.3168770847956497e-33,fit
empirical,"Normal, Uniform",w1_cv,w_v_uw_wasserstein,127,0.2948981285550094,0.8133614134001832,0.5184632848451738,52.780095432141344,1.1703023082869964e-30,fit
empirical,"Normal, Uniform",w1_cv,skewness,127,0.2948981285550094,0.7871234522334194,0.49222532367841,43.93288621038977,1.9075635065669236e-27,fit
empirical,"Normal, Uniform",w1_cv,skewness_uw,127,0.2948981285550094,0.778846435150395,0.48394830659538557,41.57752479172279,1.6232483778682495e-26,fit
empirical,"Normal, Uniform",w1_cv,entropy_uw,127,0.2948981285550094,0.727259351030917,0.4323612224759076,30.119687908982925,2.019623136419712e-21,fit
empirical,"Normal, Uniform",w1_cv,entropy,127,0.2948981285550094,0.712546701661432,0.41764857310642256,27.605607362611124,3.7726976014526346e-20,fit
empirical,"Normal, Uniform",w1_cv,kurtosis_uw,127,0.2948981285550094,0.7017519159303429,0.4068537873753335,25.918764857265305,2.932026844936374e-19,fit
empirical,"Normal, Uniform",w1_cv,kurtosis,127,0.2948981285550094,0.6999257348024878,0.40502760624747836,25.645399860054003,4.116133617805973e-19,fit
empirical,"Normal, Uniform",w1_cv,crit_bw_1_uw,127,0.2948981285550094,0.6111357701319847,0.3162376415769753,15.451447390781832,6.657420619204293e-13,fit
empirical,"Normal, Uniform",w1_cv,crit_bw_1,127,0.2948981285550094,0.5987238828764647,0.3038257543214553,14.385828325612739,3.695497776299444e-12,fit
empirical,"Normal, Uniform",w1_cv,weight_outliers_uw,127,0.2948981285550094,0.5945110111100569,0.2996128825550475,14.038962646383931,6.524849414603572e-12,fit
empirical,"Normal, Uniform",w1_cv,weight_outliers,127,0.2948981285550094,0.5288487277288972,0.23395059917388783,9.434467539219884,2.1129973922124257e-08,fit
empirical,"Normal, Uniform",w1_cv,modality_index,127,0.2948981285550094,0.4802521902503928,0.18535406169538338,6.7758384088408254,3.668402647071586e-06,fit
empirical,"Normal, Uniform",w1_cv,mean,127,0.2948981285550094,0.4691855496376086,0.1742874210825992,6.238453000495037,1.0868113815735796e-05,fit
empirical,"Normal, Uniform",w1_cv,modality_index_uw,127,0.2948981285550094,0.4015039506391417,0.10660582208413227,3.3843341518487566,0.004149077371441673,fit
empirical,"Normal, Uniform",w1_cv,fit_lognorm_SF_uw,127,0.2948981285550094,0.3935453294936504,0.09864720093864099,3.0905802345775735,0.007680828242998943,fit
empirical,"Normal, Uniform",w1_cv,fit_lognorm_SF,127,0.2948981285550094,0.3620282325317836,0.06713010397677421,1.999260846009544,0.0714400894396865,fit
empirical,"Normal, Uniform",w1_cv,modes_scipy_default,127,0.2948981285550094,0.34583178978413764,0.050933661229128235,4.593751218095647,0.01198992639042143,fit
empirical,"Normal, Uniform",w1_cv,modes_fitted,127,0.2948981285550094,0.3113253828727762,0.016427254317766815,1.4073525880643796,0.24886872564287602,fit
empirical,"Normal, Variable",w1_cv,coeffvar,127,0.2919318580623288,0.9503773612419412,0.6584455031796124,252.1120374393817,2.34823616332341e-63,fit
empirical,"Normal, Variable",w1_cv,coeffvar_uw,127,0.2919318580623288,0.9139628669633447,0.6220310089010159,137.36614357063846,8.822977460582277e-50,fit
empirical,"Normal, Variable",w1_cv,fit_norm_SF,127,0.2919318580623288,0.7905222024251185,0.4985903443627897,45.22301004003367,6.101917966525627e-28,fit
empirical,"Normal, Variable",w1_cv,fit_norm_SF_uw,127,0.2919318580623288,0.7707056519122654,0.47877379384993657,39.672596202275926,9.742587373058108e-26,fit
empirical,"Normal, Variable",w1_cv,w_v_uw_wasserstein,127,0.2919318580623288,0.7698013048834591,0.4778694468211303,39.442097988456716,1.2148311731925655e-25,fit
empirical,"Normal, Variable",w1_cv,skewness,127,0.2919318580623288,0.7283541534796816,0.4364222954173528,30.525125707414336,1.2768199012264574e-21,fit
empirical,"Normal, Variable",w1_cv,skewness_uw,127,0.2919318580623288,0.708727252059083,0.41679539399675425,27.18796228593509,6.22618083296814e-20,fit
empirical,"Normal, Variable",w1_cv,entropy_uw,127,0.2919318580623288,0.6973816876380592,0.4054498295757304,25.45631393491217,5.210706597164209e-19,fit
empirical,"Normal, Variable",w1_cv,entropy,127,0.2919318580623288,0.684384344739501,0.39245248667717225,23.625562048599384,5.376157016875848e-18,fit
empirical,"Normal, Variable",w1_cv,kurtosis_uw,127,0.2919318580623288,0.6387575599756166,0.34682570191328776,18.241733545780694,9.314603813157146e-15,fit
empirical,"Normal, Variable",w1_cv,kurtosis,127,0.2919318580623288,0.6258472027251074,0.3339153446627786,16.956686131445718,6.407052256082085e-14,fit
empirical,"Normal, Variable",w1_cv,crit_bw_1,127,0.2919318580623288,0.5957205432644559,0.3037886852021271,14.27721572955439,4.413017988961963e-12,fit
empirical,"Normal, Variable",w1_cv,crit_bw_1_uw,127,0.2919318580623288,0.5681598309215381,0.2762279728592093,12.153411980003648,1.5781975569327436e-10,fit
empirical,"Normal, Variable",w1_cv,weight_outliers_uw,127,0.2919318580623288,0.5665673160181568,0.274635457955828,12.038948362692746,1.9252303802502292e-10,fit
empirical,"Normal, Variable",w1_cv,weight_outliers,127,0.2919318580623288,0.548415668648653,0.2564838105863242,10.791323043820713,1.7514430443875149e-09,fit
empirical,"Normal, Variable",w1_cv,modality_index,127,0.2919318580623288,0.4663515894781084,0.1744197314157796,6.210034231449971,1.1515005988534413e-05,fit
empirical,"Normal, Variable",w1_cv,mean,127,0.2919318580623288,0.4456646761251003,0.1537328180627715,5.269235817004948,7.9655044013051e-05,fit
empirical,"Normal, Variable",w1_cv,fit_lognorm_SF_uw,127,0.2919318580623288,0.3836943789042897,0.0917625208419609,2.828933951466426,0.013249483724631809,fit
empirical,"Normal, Variable",w1_cv,modality_index_uw,127,0.2919318580623288,0.37883863202964185,0.08690677396731306,2.658292660366709,0.018860009369296302,fit
empirical,"Normal, Variable",w1_cv,fit_lognorm_SF,127,0.2919318580623288,0.35463758264386736,0.06270572458153856,1.8461080704545787,0.09628404927447488,fit
empirical,"Normal, Variable",w1_cv,modes_scipy_default,127,0.2919318580623288,0.3395126739081543,0.04758081584582552,4.250298263124178,0.01650352046225367,fit
empirical,"Normal, Variable",w1_cv,modes_fitted,127,0.2919318580623288,0.3088016401558402,0.01686978209351142,1.4399877102451264,0.24106325296774722,fit
empirical,"Lognormal, Uniform",w1_cv,coeffvar,127,0.5593913896053802,0.9701671734764583,0.41077578387107816,261.6158374196156,3.311329584570495e-64,fit
empirical,"Lognormal, Uniform",w1_cv,coeffvar_uw,127,0.5593913896053802,0.9638032528681092,0.40441186326272904,212.27944527706148,1.9646098799685988e-59,fit
empirical,"Lognormal, Uniform",w1_cv,w_v_uw_wasserstein,127,0.5593913896053802,0.8835718620846871,0.3241804724793069,52.9032679504593,1.062622240580155e-30,fit
empirical,"Lognormal, Uniform",w1_cv,fit_norm_SF_uw,127,0.5593913896053802,0.8352716844778636,0.27588029487248344,31.820428600648192,3.0220111765825686e-22,fit
empirical,"Lognormal, Uniform",w1_cv,fit_norm_SF,127,0.5593913896053802,0.8228575999044687,0.26346621029908857,28.258948693159116,1.737897154450046e-20,fit
empirical,"Lognormal, Uniform",w1_cv,skewness_uw,127,0.5593913896053802,0.7973958155795232,0.23800442597414306,22.319796140655033,3.01298538050896e-17,fit
empirical,"Lognormal, Uniform",w1_cv,skewness,127,0.5593913896053802,0.7961689007374559,0.2367775111320758,22.071081045953687,4.208307224449588e-17,fit
empirical,"Lognormal, Uniform",w1_cv,entropy_uw,127,0.5593913896053802,0.7903847321557474,0.2309933425503673,20.937756841825006,1.9770295686050495e-16,fit
empirical,"Lognormal, Uniform",w1_cv,entropy,127,0.5593913896053802,0.7861682571957944,0.22677686759041427,20.150237881955512,5.936771445391144e-16,fit
empirical,"Lognormal, Uniform",w1_cv,kurtosis_uw,127,0.5593913896053802,0.7552178308304032,0.19582644122502302,15.200054791154155,9.931654959405834e-13,fit
empirical,"Lognormal, Uniform",w1_cv,kurtosis,127,0.5593913896053802,0.7489133417063449,0.18952195210096479,14.341331850882044,3.973899894741337e-12,fit
empirical,"Lognormal, Uniform",w1_cv,crit_bw_1_uw,127,0.5593913896053802,0.7148258581521143,0.15543446854673415,10.355970156520154,3.8542638681494245e-09,fit
empirical,"Lognormal, Uniform",w1_cv,crit_bw_1,127,0.5593913896053802,0.7108116271581206,0.15142023755274048,9.94847920485078,8.135152971252475e-09,fit
empirical,"Lognormal, Uniform",w1_cv,weight_outliers_uw,127,0.5593913896053802,0.708539700311158,0.14914831070577783,9.722826424165186,1.234853165560702e-08,fit
empirical,"Lognormal, Uniform",w1_cv,weight_outliers,127,0.5593913896053802,0.6884092355074737,0.12901784590209353,7.867174998373788,4.2252225688378775e-07,fit
empirical,"Lognormal, Uniform",w1_cv,modality_index,127,0.5593913896053802,0.6558811320830273,0.09648974247764719,5.327534401623183,7.0584121305579e-05,fit
empirical,"Lognormal, Uniform",w1_cv,mean,127,0.5593913896053802,0.6535632426254736,0.09417185302009345,5.164767217375364,9.89550385970472e-05,fit
empirical,"Lognormal, Uniform",w1_cv,fit_lognorm_SF_uw,127,0.5593913896053802,0.6181641104143016,0.058772720808921486,2.9245069042125285,0.010861942927864621,fit
empirical,"Lognormal, Uniform",w1_cv,modality_index_uw,127,0.5593913896053802,0.6135975436654812,0.0542061540601011,2.6653995342366468,0.01858559917764222,fit
empirical,"Lognormal, Uniform",w1_cv,fit_lognorm_SF,127,0.5593913896053802,0.6050370934722367,0.04564570386685651,2.1958223396082666,0.04835356800420047,fit
empirical,"Lognormal, Uniform",w1_cv,modes_scipy_default,127,0.5593913896053802,0.585604044980153,0.026212655374772798,3.7320505868295117,0.026815699547728968,fit
empirical,"Lognormal, Uniform",w1_cv,modes_fitted,127,0.5593913896053802,0.5688064062941773,0.009415016688797184,1.2882519423932188,0.27960174510904007,fit
empirical,"Lognormal, Variable",w1_cv,coeffvar,127,0.5483791058182479,0.9478816177072165,0.39950251188896857,145.64050900983963,4.73214400777053e-51,fit
empirical,"Lognormal, Variable",w1_cv,coeffvar_uw,127,0.5483791058182479,0.9260148128168593,0.3776357069986114,96.97993214793985,1.9948702004534913e-42,fit
empirical,"Lognormal, Variable",w1_cv,w_v_uw_wasserstein,127,0.5483791058182479,0.8400171867496975,0.2916380809314496,34.635742584599555,1.4847867179255466e-23,fit
empirical,"Lognormal, Variable",w1_cv,fit_norm_SF_uw,127,0.5483791058182479,0.7869412205142585,0.23856211469601063,21.274317773549182,1.2434331768290594e-16,fit
empirical,"Lognormal, Variable",w1_cv,fit_norm_SF,127,0.5483791058182479,0.7800092881803161,0.23163018236206823,20.00526944285979,7.285129200484634e-16,fit
empirical,"Lognormal, Variable",w1_cv,entropy_uw,127,0.5483791058182479,0.7598685622565468,0.21148945643829886,16.733750941101974,9.010487430677917e-14,fit
empirical,"Lognormal, Variable",w1_cv,skewness_uw,127,0.5483791058182479,0.7577654022270035,0.2093862964087556,16.423498824451773,1.452966996893607e-13,fit
empirical,"Lognormal, Variable",w1_cv,entropy,127,0.5483791058182479,0.7565479287823776,0.20816882296412975,16.24635032487728,1.911989177618435e-13,fit
empirical,"Lognormal, Variable",w1_cv,skewness,127,0.5483791058182479,0.7546171509404218,0.20623804512217392,15.969016874402262,2.9460967688724726e-13,fit
empirical,"Lognormal, Variable",w1_cv,kurtosis_uw,127,0.5483791058182479,0.7202378797049369,0.17185877388668902,11.671761353549886,3.658043430265939e-10,fit
empirical,"Lognormal, Variable",w1_cv,kurtosis,127,0.5483791058182479,0.707710772952045,0.1593316671337971,10.357212635296566,3.845544897922287e-09,fit
empirical,"Lognormal, Variable",w1_cv,crit_bw_1,127,0.5483791058182479,0.6988125764471512,0.15043347062890333,9.489891404604537,1.9050885549247807e-08,fit
empirical,"Lognormal, Variable",w1_cv,crit_bw_1_uw,127,0.5483791058182479,0.6863799224611931,0.13800081664294517,8.360483604215403,1.6231010776764634e-07,fit
empirical,"Lognormal, Variable",w1_cv,weight_outliers_uw,127,0.5483791058182479,0.6794714462345157,0.13109234041626783,7.770772490152187,5.101430628776545e-07,fit
empirical,"Lognormal, Variable",w1_cv,weight_outliers,127,0.5483791058182479,0.6774416958003976,0.1290625899821497,7.602313063201762,7.099232986004553e-07,fit
empirical,"Lognormal, Variable",w1_cv,mean,127,0.5483791058182479,0.6424948207257026,0.09411571490745474,5.001881614334992,0.00013889391529690228,fit
empirical,"Lognormal, Variable",w1_cv,modality_index,127,0.5483791058182479,0.6369886924283472,0.08860958661009932,4.637822873491557,0.00029723280286197523,fit
empirical,"Lognormal, Variable",w1_cv,fit_lognorm_SF_uw,127,0.5483791058182479,0.6038401150777701,0.05546100925952224,2.6599340721683276,0.01879628125010688,fit
empirical,"Lognormal, Variable",w1_cv,modality_index_uw,127,0.5483791058182479,0.5933869841908814,0.045007878372633536,2.1031045633853513,0.05818146736259723,fit
empirical,"Lognormal, Variable",w1_cv,fit_lognorm_SF,127,0.5483791058182479,0.5908114192584542,0.04243231344020626,1.970274815350104,0.07562305840913087,fit
empirical,"Lognormal, Variable",w1_cv,modes_scipy_default,127,0.5483791058182479,0.5734331248062702,0.025054018988022286,3.465311551962363,0.03448045380704465,fit
empirical,"Lognormal, Variable",w1_cv,modes_fitted,127,0.5483791058182479,0.5576267349314398,0.00924762911319188,1.233370460562903,0.2950366174368678,fit
empirical,"KDE, Uniform",w1_cv,coeffvar_uw,127,0.6177028724044171,0.9782124336890295,0.3605095612846124,314.3848912101167,1.8374888673136308e-68,fit
empirical,"KDE, Uniform",w1_cv,coeffvar,127,0.6177028724044171,0.9738973269324507,0.35619445452803356,259.2720913493795,5.3346356558767555e-64,fit
empirical,"KDE, Uniform",w1_cv,w_v_uw_wasserstein,127,0.6177028724044171,0.9075728169010256,0.2898699444966085,59.587761530478545,7.101560231141395e-33,fit
empirical,"KDE, Uniform",w1_cv,fit_norm_SF_uw,127,0.6177028724044171,0.8706262199679629,0.25292334756354573,37.144648649188134,1.149377746504702e-24,fit
empirical,"KDE, Uniform",w1_cv,fit_norm_SF,127,0.6177028724044171,0.8527071475946155,0.2350042751901984,30.314310271654055,1.6198681371860636e-21,fit
empirical,"KDE, Uniform",w1_cv,skewness_uw,127,0.6177028724044171,0.8465657416543181,0.22886286924990096,28.340440802674838,1.5788835667564348e-20,fit
empirical,"KDE, Uniform",w1_cv,skewness,127,0.6177028724044171,0.8434591183734633,0.2257562459690462,27.400948741588973,4.819843083612652e-20,fit
empirical,"KDE, Uniform",w1_cv,entropy_uw,127,0.6177028724044171,0.8154218490536669,0.19771897664924976,20.352682790868393,4.466183379508378e-16,fit
empirical,"KDE, Uniform",w1_cv,kurtosis_uw,127,0.6177028724044171,0.8143579153198024,0.19665504291538527,20.127148549473713,6.133195631747982e-16,fit
empirical,"KDE, Uniform",w1_cv,entropy,127,0.6177028724044171,0.8128978665632203,0.19519499415880315,19.821820419115642,9.448498322306535e-16,fit
empirical,"KDE, Uniform",w1_cv,kurtosis,127,0.6177028724044171,0.8072834211929878,0.18958054878857067,18.69081762078156,4.8170360812409506e-15,fit
empirical,"KDE, Uniform",w1_cv,crit_bw_1_uw,127,0.6177028724044171,0.7754319170258013,0.15772904462138415,13.344958945704747,2.0680219142148145e-11,fit
empirical,"KDE, Uniform",w1_cv,crit_bw_1,127,0.6177028724044171,0.7660980036537095,0.14839513124929238,12.054225862879303,1.874759382425744e-10,fit
empirical,"KDE, Uniform",w1_cv,weight_outliers_uw,127,0.6177028724044171,0.7486089556113824,0.13090608320696528,9.893811400407047,8.99852627502206e-09,fit
empirical,"KDE, Uniform",w1_cv,weight_outliers,127,0.6177028724044171,0.7260473698899581,0.10834449748554098,7.514238689361713,8.443073762399625e-07,fit
empirical,"KDE, Uniform",w1_cv,mean,127,0.6177028724044171,0.7175037603347816,0.09980088793036446,6.712361456294413,4.167501367341854e-06,fit
empirical,"KDE, Uniform",w1_cv,modality_index,127,0.6177028724044171,0.7123220247366867,0.09461915233226958,6.249223259679915,1.0632665650609014e-05,fit
empirical,"KDE, Uniform",w1_cv,modality_index_uw,127,0.6177028724044171,0.6724168464950424,0.054713974090625284,3.1734400765091406,0.006458065382148614,fit
empirical,"KDE, Uniform",w1_cv,fit_lognorm_SF_uw,127,0.6177028724044171,0.6544051162469611,0.03670224384254395,2.0178036938378154,0.06887979009312721,fit
empirical,"KDE, Uniform",w1_cv,fit_lognorm_SF,127,0.6177028724044171,0.6431455072604921,0.025442634856075008,1.3546419397843945,0.23903233295680018,fit
empirical,"KDE, Uniform",w1_cv,modes_scipy_default,127,0.6177028724044171,0.6412978219090514,0.023594949504634255,3.8809410865089564,0.023315554663670753,fit
empirical,"KDE, Uniform",w1_cv,modes_fitted,127,0.6177028724044171,0.625672891321644,0.007970018917226929,1.25620374590726,0.28851237369923655,fit
empirical,"KDE, Variable",w1_cv,coeffvar,127,0.5792527513062651,0.9630434802757698,0.3837907289695047,197.31359729849368,8.79054792513267e-58,fit
empirical,"KDE, Variable",w1_cv,coeffvar_uw,127,0.5792527513062651,0.9451520544222667,0.3658993031160016,126.75199929505432,4.7544787193016796e-48,fit
empirical,"KDE, Variable",w1_cv,w_v_uw_wasserstein,127,0.5792527513062651,0.8514053602845189,0.2721526089782538,34.79869516483038,1.2530641467168157e-23,fit
empirical,"KDE, Variable",w1_cv,fit_norm_SF_uw,127,0.5792527513062651,0.8141488150430044,0.23489606373673932,24.01397231893224,3.2509814041162612e-18,fit
empirical,"KDE, Variable",w1_cv,fit_norm_SF,127,0.5792527513062651,0.8138103380364768,0.23455758673021176,23.93577656716045,3.596198935569317e-18,fit
empirical,"KDE, Variable",w1_cv,skewness,127,0.5792527513062651,0.7960280749711329,0.21677532366486785,20.192637536021625,5.592569510113993e-16,fit
empirical,"KDE, Variable",w1_cv,skewness_uw,127,0.5792527513062651,0.7946481116737173,0.21539536036745222,19.929263277477236,8.112671090713871e-16,fit
empirical,"KDE, Variable",w1_cv,entropy_uw,127,0.5792527513062651,0.771359302621529,0.19210655131526388,15.964019165617293,2.9692243080053796e-13,fit
empirical,"KDE, Variable",w1_cv,entropy,127,0.5792527513062651,0.7664648991285397,0.18721214782227458,15.231247017471004,9.449411588644777e-13,fit
empirical,"KDE, Variable",w1_cv,kurtosis_uw,127,0.5792527513062651,0.7612999658067078,0.1820472145004427,14.490559614698256,3.115847069381266e-12,fit
empirical,"KDE, Variable",w1_cv,kurtosis,127,0.5792527513062651,0.7491626443408281,0.16990989303456305,12.87004465173509,4.611880009100827e-11,fit
empirical,"KDE, Variable",w1_cv,crit_bw_1,127,0.5792527513062651,0.7420727228884147,0.16281997158214967,11.993998830618024,2.0818803301079088e-10,fit
empirical,"KDE, Variable",w1_cv,crit_bw_1_uw,127,0.5792527513062651,0.7266303415436024,0.14737759023733732,10.243178523618177,4.735554931714443e-09,fit
empirical,"KDE, Variable",w1_cv,weight_outliers_uw,127,0.5792527513062651,0.7089352098802206,0.12968245857395555,8.46535478197545,1.3265632454049165e-07,fit
empirical,"KDE, Variable",w1_cv,weight_outliers,127,0.5792527513062651,0.7073553565971937,0.12810260529092865,8.31708201532831,1.7647367318779366e-07,fit
empirical,"KDE, Variable",w1_cv,modality_index,127,0.5792527513062651,0.6800117475006511,0.100758996194386,5.982785032701257,1.8307713387278117e-05,fit
empirical,"KDE, Variable",w1_cv,mean,127,0.5792527513062651,0.676465936292941,0.09721318498667597,5.708983139467014,3.2105688544481636e-05,fit
empirical,"KDE, Variable",w1_cv,modality_index_uw,127,0.5792527513062651,0.6313484879551621,0.052095736648896995,2.684972023683595,0.017849914657063634,fit
empirical,"KDE, Variable",w1_cv,fit_lognorm_SF_uw,127,0.5792527513062651,0.6157415823454935,0.0364888310392284,1.8042227779345308,0.10436616482107047,fit
empirical,"KDE, Variable",w1_cv,modes_scipy_default,127,0.5792527513062651,0.6050097060005415,0.025756954694276413,3.8473358714085077,0.024062636564935208,fit
empirical,"KDE, Variable",w1_cv,fit_lognorm_SF,127,0.5792527513062651,0.6022409426504611,0.02298819134419605,1.098090986161761,0.36789145125095535,fit
empirical,"KDE, Variable",w1_cv,modes_fitted,127,0.5792527513062651,0.5873499770057429,0.008097225699477795,1.1577275891145271,0.31774208718295194,fit
synthetic,"Normal, Uniform",w1_market,coeffvar_uw,10000,0.04409390976961591,0.7766194217003698,0.7325255119307539,5458.347023228019,0.0,fit
synthetic,"Normal, Uniform",w1_market,coeffvar,10000,0.04409390976961591,0.7177203530067331,0.6736264432371172,3972.1291517518653,0.0,fit
synthetic,"Normal, Uniform",w1_market,w_v_uw_wasserstein,10000,0.04409390976961591,0.6005286061846572,0.5564346964150413,2318.527850860252,0.0,fit
synthetic,"Normal, Uniform",w1_market,skewness_uw,10000,0.04409390976961591,0.41366811683230276,0.36957420706268684,1049.1605271956548,0.0,fit
synthetic,"Normal, Uniform",w1_market,kurtosis_uw,9388,0.0296766155871675,0.36376301483285833,0.33408639924569083,820.4647183223057,0.0,fit
synthetic,"Normal, Uniform",w1_market,fit_norm_SF_uw,10000,0.04409390976961591,0.3594343360585486,0.31534042628893266,819.4072350495259,0.0,fit
synthetic,"Normal, Uniform",w1_market,skewness,10000,0.04409390976961591,0.31713162340067536,0.27303771363105944,665.5327584536268,0.0,fit
synthetic,"Normal, Uniform",w1_market,entropy_uw,10000,0.04409390976961591,0.3133019363232302,0.2692080265536143,652.5382608467804,0.0,fit
synthetic,"Normal, Uniform",w1_market,crit_bw_1_uw,10000,0.04409390976961591,0.30841796096827223,0.2643240511986563,636.1752596064443,0.0,fit
synthetic,"Normal, Uniform",w1_market,entropy,10000,0.04409390976961591,0.2998368350943418,0.25574292532472587,607.9784263720356,0.0,fit
synthetic,"Normal, Uniform",w1_market,kurtosis,9388,0.0296766155871675,0.2816013403019326,0.2519247247147651,547.9302850206577,0.0,fit
synthetic,"Normal, Uniform",w1_market,crit_bw_1,10000,0.04409390976961591,0.2903158518974628,0.24622194212784687,577.4913019652042,0.0,fit
synthetic,"Normal, Uniform",w1_market,fit_norm_SF,10000,0.04409390976961591,0.2902592116424215,0.2461653018728056,577.3123817717665,0.0,fit
synthetic,"Normal, Uniform",w1_market,mean,10000,0.04409390976961591,0.1672048798806106,0.1231109701109947,246.06077149007984,2.0936156251937028e-294,fit
synthetic,"Normal, Uniform",w1_market,modality_index_uw,10000,0.04409390976961591,0.12207659880098198,0.07798268903136607,147.85137942038256,2.3354990815155083e-180,fit
synthetic,"Normal, Uniform",w1_market,modality_index,10000,0.04409390976961591,0.100733506292365,0.05663959652274908,104.83723020015755,1.522487787273728e-128,fit
synthetic,"Normal, Uniform",w1_market,fit_lognorm_SF_uw,10000,0.04409390976961591,0.07058672160310042,0.02649281183348451,47.44636893169444,1.0842523019429026e-57,fit
synthetic,"Normal, Uniform",w1_market,modes_fitted,7974,0.010342877893099178,0.03404260778952117,0.023699729896421995,48.8429796922364,1.1788155058767055e-40,fit
synthetic,"Normal, Uniform",w1_market,weight_outliers_uw,10000,0.04409390976961591,0.05693076544700826,0.012836855677392345,22.656816161697137,1.1086932324113629e-26,fit
synthetic,"Normal, Uniform",w1_market,fit_lognorm_SF,10000,0.04409390976961591,0.056860020089512964,0.01276611031989705,22.530261763991252,1.594999253455298e-26,fit
synthetic,"Normal, Uniform",w1_market,weight_outliers,10000,0.04409390976961591,0.05444211299775337,0.010348203228137454,18.216319180460623,3.7671978234779705e-21,fit
synthetic,"Normal, Uniform",w1_market,modes_scipy_default,7974,0.010342877893099178,0.015522467941779583,0.005179590048680405,20.952959003283762,8.396532420653941e-10,fit
synthetic,"Normal, Variable",w1_market,coeffvar_uw,10000,0.07701760744289377,0.7519607100389113,0.6749431025960175,4529.2937036197445,0.0,fit
synthetic,"Normal, Variable",w1_market,coeffvar,10000,0.07701760744289377,0.733416972484746,0.6563993650418523,4098.448251922736,0.0,fit
synthetic,"Normal, Variable",w1_market,w_v_uw_wasserstein,10000,0.07701760744289377,0.5565885023665469,0.4795708949236531,1800.236933098861,0.0,fit
synthetic,"Normal, Variable",w1_market,skewness_uw,10000,0.07701760744289377,0.4445275191685073,0.36750991172561354,1101.2611230561652,0.0,fit
synthetic,"Normal, Variable",w1_market,kurtosis_uw,9388,0.05665656170815303,0.39841427813113495,0.3417577164229819,887.6481148056752,0.0,fit
synthetic,"Normal, Variable",w1_market,fit_norm_SF_uw,10000,0.07701760744289377,0.38339507176333165,0.3063774643204379,827.0535411057101,0.0,fit
synthetic,"Normal, Variable",w1_market,entropy_uw,10000,0.07701760744289377,0.3599178540679938,0.28290024662510005,735.6672319329149,0.0,fit
synthetic,"Normal, Variable",w1_market,crit_bw_1,10000,0.07701760744289377,0.3369083980122789,0.25989079056938513,652.3807866152891,0.0,fit
synthetic,"Normal, Variable",w1_market,crit_bw_1_uw,10000,0.07701760744289377,0.3353990597000638,0.25838145225717,647.1190472405368,0.0,fit
synthetic,"Normal, Variable",w1_market,skewness,10000,0.07701760744289377,0.30192084722053325,0.22490323977763949,536.2593068699531,0.0,fit
synthetic,"Normal, Variable",w1_market,fit_norm_SF,10000,0.07701760744289377,0.2983243267168757,0.22130671927398193,524.9790583560799,0.0,fit
synthetic,"Normal, Variable",w1_market,entropy,10000,0.07701760744289377,0.28369762247794517,0.2066800150350514,480.2704776939691,0.0,fit
synthetic,"Normal, Variable",w1_market,kurtosis,9388,0.05665656170815303,0.25337847578287,0.19672191407471695,411.69184221422825,0.0,fit
synthetic,"Normal, Variable",w1_market,mean,10000,0.07701760744289377,0.20278241575785017,0.1257648083149564,262.582672005715,4.9733193402e-313,fit
synthetic,"Normal, Variable",w1_market,modality_index_uw,10000,0.07701760744289377,0.14895495789522362,0.07193735045232985,140.69727676430244,8.060000821214591e-172,fit
synthetic,"Normal, Variable",w1_market,modality_index,10000,0.07701760744289377,0.14538994091869373,0.06837233347579996,133.16687284585527,8.467875626362084e-163,fit
synthetic,"Normal, Variable",w1_market,modes_fitted,7974,0.027965670848039137,0.056449557351319624,0.028483886503280487,60.09673091480795,4.402549248065861e-50,fit
synthetic,"Normal, Variable",w1_market,fit_lognorm_SF_uw,10000,0.07701760744289377,0.10284531224984661,0.025827704806952845,47.91839717070648,2.7897072261160308e-58,fit
synthetic,"Normal, Variable",w1_market,weight_outliers_uw,10000,0.07701760744289377,0.09483866226421156,0.017821054821317794,32.77111440075895,2.4790695892924764e-39,fit
synthetic,"Normal, Variable",w1_market,modes_scipy_default,7974,0.027965670848039137,0.04066938822965693,0.012703717381617796,52.737350243551084,1.7651501135407874e-23,fit
synthetic,"Normal, Variable",w1_market,weight_outliers,10000,0.07701760744289377,0.08598746736542218,0.008969859922528411,16.33493120495062,8.131716494337176e-19,fit
synthetic,"Normal, Variable",w1_market,fit_lognorm_SF,10000,0.07701760744289377,0.08196510787994005,0.004947500437046282,8.970371984931672,8.525077277463054e-10,fit
synthetic,"Lognormal, Uniform",w1_market,w_v_uw_wasserstein,10000,0.16566532568862335,0.7085165192934919,0.5428511936048686,3099.921167282565,0.0,fit
synthetic,"Lognormal, Uniform",w1_market,coeffvar_uw,10000,0.16566532568862335,0.6677116766813056,0.5020463509926822,2514.8525921142596,0.0,fit
synthetic,"Lognormal, Uniform",w1_market,coeffvar,10000,0.16566532568862335,0.6275014644727592,0.4618361387841359,2063.702752329283,0.0,fit
synthetic,"Lognormal, Uniform",w1_market,skewness_uw,10000,0.16566532568862335,0.3258211402421529,0.16015581455352956,395.41339729949493,0.0,fit
synthetic,"Lognormal, Uniform",w1_market,kurtosis_uw,9388,0.13099575118324636,0.28253684717425587,0.1515410959910095,330.0280461141141,0.0,fit
synthetic,"Lognormal, Uniform",w1_market,mean,10000,0.16566532568862335,0.3122089894803355,0.14654366379171213,354.64541503240673,0.0,fit
synthetic,"Lognormal, Uniform",w1_market,entropy,10000,0.16566532568862335,0.3055548923766874,0.13988956668806407,335.29818440104185,0.0,fit
synthetic,"Lognormal, Uniform",w1_market,fit_norm_SF_uw,10000,0.16566532568862335,0.296881032318699,0.13121570663007565,310.628149324451,0.0,fit
synthetic,"Lognormal, Uniform",w1_market,crit_bw_1_uw,10000,0.16566532568862335,0.29446038357110327,0.1287950578824799,303.8516461066687,0.0,fit
synthetic,"Lognormal, Uniform",w1_market,entropy_uw,10000,0.16566532568862335,0.2922215197882121,0.12655619409958874,297.6253036341712,0.0,fit
synthetic,"Lognormal, Uniform",w1_market,crit_bw_1,10000,0.16566532568862335,0.2898928171463997,0.12422749145777634,291.19077306122534,0.0,fit
synthetic,"Lognormal, Uniform",w1_market,kurtosis,9388,0.13099575118324636,0.2383928508524844,0.10739709966923805,220.33402446525844,4.7353180062073e-264,fit
synthetic,"Lognormal, Uniform",w1_market,skewness,10000,0.16566532568862335,0.26861749290036674,0.10295216721174338,234.30131382757102,4.7099770781699404e-281,fit
synthetic,"Lognormal, Uniform",w1_market,fit_norm_SF,10000,0.16566532568862335,0.2600891488192739,0.09442382313065056,212.41539213834145,5.488456700827097e-256,fit
synthetic,"Lognormal, Uniform",w1_market,modality_index_uw,10000,0.16566532568862335,0.2015520995487231,0.03588677386009975,74.81206357531296,1.0535599804194613e-91,fit
synthetic,"Lognormal, Uniform",w1_market,fit_lognorm_SF_uw,10000,0.16566532568862335,0.18845071843418115,0.022785392745557798,46.733189328693975,8.434435172237551e-57,fit
synthetic,"Lognormal, Uniform",w1_market,modality_index,10000,0.16566532568862335,0.18698841774632413,0.021323092057700777,43.65532730992346,5.928887166189993e-53,fit
synthetic,"Lognormal, Uniform",w1_market,fit_lognorm_SF,10000,0.16566532568862335,0.17858314716204926,0.012917821473425906,26.176372895479652,4.440428430569694e-31,fit
synthetic,"Lognormal, Uniform",w1_market,modes_fitted,7974,0.06557414434749032,0.07350684744332414,0.007932703095833826,17.044949166059777,6.303071204487945e-14,fit
synthetic,"Lognormal, Uniform",w1_market,weight_outliers_uw,10000,0.16566532568862335,0.17163633681042,0.005971011121796654,11.998049231133367,1.7930037275888102e-13,fit
synthetic,"Lognormal, Uniform",w1_market,weight_outliers,10000,0.16566532568862335,0.16974014091712686,0.004074815228503503,8.169165200081183,7.78998895826783e-09,fit
synthetic,"Lognormal, Uniform",w1_market,modes_scipy_default,7974,0.06557414434749032,0.06607127877891183,0.0004971344314215198,2.119902545182764,0.12011105227487763,fit
synthetic,"Lognormal, Variable",w1_market,coeffvar_uw,10000,0.33551737449885943,0.7637652324330484,0.42824785793418896,3017.415966637666,0.0,fit
synthetic,"Lognormal, Variable",w1_market,coeffvar,10000,0.33551737449885943,0.740050035875911,0.40453266137705157,2590.2854694785656,0.0,fit
synthetic,"Lognormal, Variable",w1_market,w_v_uw_wasserstein,10000,0.33551737449885943,0.6808600930395867,0.3453427185407273,1801.1628833442712,0.0,fit
synthetic,"Lognormal, Variable",w1_market,skewness_uw,10000,0.33551737449885943,0.48119785244619073,0.1456804779473313,467.3942786988616,0.0,fit
synthetic,"Lognormal, Variable",w1_market,kurtosis_uw,9388,0.3016939553028052,0.43706527237384674,0.13537131707104155,375.74104517490696,0.0,fit
synthetic,"Lognormal, Variable",w1_market,fit_norm_SF_uw,10000,0.33551737449885943,0.45348738338457295,0.11797000888571352,359.29834704703006,0.0,fit
synthetic,"Lognormal, Variable",w1_market,mean,10000,0.33551737449885943,0.43782562635768607,0.10230825185882664,302.91684075831967,0.0,fit
synthetic,"Lognormal, Variable",w1_market,entropy_uw,10000,0.33551737449885943,0.43553383999395356,0.10001646549509413,294.9289410277506,0.0,fit
synthetic,"Lognormal, Variable",w1_market,crit_bw_1,10000,0.33551737449885943,0.43510031847943764,0.09958294398057821,293.42521456110774,0.0,fit
synthetic,"Lognormal, Variable",w1_market,crit_bw_1_uw,10000,0.33551737449885943,0.4324177329848986,0.09690035848603917,284.17139870883403,0.0,fit
synthetic,"Lognormal, Variable",w1_market,entropy,10000,0.33551737449885943,0.42267429127102274,0.0871569167721633,251.28395596075802,2.6066053758411833e-300,fit
synthetic,"Lognormal, Variable",w1_market,kurtosis,9388,0.3016939553028052,0.38362136868126195,0.08192741337845677,207.68335711112948,1.3399876910471928e-249,fit
synthetic,"Lognormal, Variable",w1_market,skewness,10000,0.33551737449885943,0.4153335704212907,0.07981619592243128,227.2305222118139,5.5006307262896205e-273,fit
synthetic,"Lognormal, Variable",w1_market,fit_norm_SF,10000,0.33551737449885943,0.406754184249025,0.07123680975016555,199.87274529539002,1.7112722428289333e-241,fit
synthetic,"Lognormal, Variable",w1_market,modality_index_uw,10000,0.33551737449885943,0.36499501660132183,0.029477642102462398,77.26795310635154,9.759257823769118e-95,fit
synthetic,"Lognormal, Variable",w1_market,modality_index,10000,0.33551737449885943,0.35862149707170987,0.02310412257285044,59.95962110817629,2.7354550056234868e-73,fit
synthetic,"Lognormal, Variable",w1_market,fit_lognorm_SF_uw,10000,0.33551737449885943,0.35460048214826967,0.019083107649410236,49.21576760418414,6.691835477789312e-60,fit
synthetic,"Lognormal, Variable",w1_market,modes_fitted,7974,0.22811730162390753,0.23763466712994996,0.00951736550604243,24.85251435794695,1.7651543567733458e-20,fit
synthetic,"Lognormal, Variable",w1_market,weight_outliers_uw,10000,0.33551737449885943,0.34170870279161647,0.006191328292757037,15.65487191915865,5.649005871214851e-18,fit
synthetic,"Lognormal, Variable",w1_market,fit_lognorm_SF,10000,0.33551737449885943,0.34155980332714064,0.00604242882828121,15.27492221084908,1.6663267645103666e-17,fit
synthetic,"Lognormal, Variable",w1_market,weight_outliers,10000,0.33551737449885943,0.3401227020534464,0.00460532755458698,11.616656215427165,5.247123597521319e-13,fit
synthetic,"Lognormal, Variable",w1_market,modes_scipy_default,7974,0.22811730162390753,0.2306965248223234,0.0025792231984158587,13.352021301241017,1.625510364952181e-06,fit
synthetic,"KDE, Uniform",w1_market,w_v_uw_wasserstein,10000,0.22724008685168673,0.8065126191256377,0.5792725322739509,4983.266224457693,0.0,fit
synthetic,"KDE, Uniform",w1_market,coeffvar_uw,10000,0.22724008685168673,0.6687111431011235,0.4414710562494367,2218.0902189278536,0.0,fit
synthetic,"KDE, Uniform",w1_market,coeffvar,10000,0.22724008685168673,0.6326236290060022,0.4053835421543155,1836.7019743000362,0.0,fit
synthetic,"KDE, Uniform",w1_market,skewness_uw,10000,0.22724008685168673,0.3873032208501336,0.16006313399844685,434.84003116531323,0.0,fit
synthetic,"KDE, Uniform",w1_market,mean,10000,0.22724008685168673,0.37255785713055367,0.14531777027886694,385.50395662457623,0.0,fit
synthetic,"KDE, Uniform",w1_market,kurtosis_uw,9388,0.1988693461874842,0.3408767924141669,0.1420074462266827,336.63908685888146,0.0,fit
synthetic,"KDE, Uniform",w1_market,entropy,10000,0.22724008685168673,0.3641009153939232,0.13686082854223647,358.2405677618989,0.0,fit
synthetic,"KDE, Uniform",w1_market,fit_norm_SF_uw,10000,0.22724008685168673,0.360587636662404,0.13334754981071728,347.1265327141484,0.0,fit
synthetic,"KDE, Uniform",w1_market,crit_bw_1_uw,10000,0.22724008685168673,0.3593427037779787,0.132102616926292,343.21751608930657,0.0,fit
synthetic,"KDE, Uniform",w1_market,crit_bw_1,10000,0.22724008685168673,0.3544617724028165,0.12722168555112978,328.03711158682046,0.0,fit
synthetic,"KDE, Uniform",w1_market,entropy_uw,10000,0.22724008685168673,0.3522162364390403,0.12497614958735359,321.1300015372711,0.0,fit
synthetic,"KDE, Uniform",w1_market,skewness,10000,0.22724008685168673,0.33318777610264527,0.10594768925095854,264.4671504782835,3.82236688e-315,fit
synthetic,"KDE, Uniform",w1_market,kurtosis,9388,0.1988693461874842,0.2999728951696581,0.10110354898217389,225.66882652770036,4.082969959220957e-270,fit
synthetic,"KDE, Uniform",w1_market,fit_norm_SF,10000,0.22724008685168673,0.3231490144346949,0.09590892758300817,235.85754230465616,7.96865804865811e-283,fit
synthetic,"KDE, Uniform",w1_market,modality_index_uw,10000,0.22724008685168673,0.2663274601269585,0.039087373275271786,88.67843524298794,8.754098793536534e-109,fit
synthetic,"KDE, Uniform",w1_market,modality_index,10000,0.22724008685168673,0.25034605856192305,0.023105971710236317,51.303525247809624,1.6594165986688336e-62,fit
synthetic,"KDE, Uniform",w1_market,fit_lognorm_SF_uw,10000,0.22724008685168673,0.24683955140431846,0.01959946455263173,43.31521763879648,1.5785053633277944e-52,fit
synthetic,"KDE, Uniform",w1_market,fit_lognorm_SF,10000,0.22724008685168673,0.23617446484430127,0.00893437799261454,19.469461917996234,1.0416295126371103e-22,fit
synthetic,"KDE, Uniform",w1_market,modes_fitted,7974,0.13762841419553107,0.14352477691268173,0.0058963627171506605,13.70522317838358,3.8653418824650305e-11,fit
synthetic,"KDE, Uniform",w1_market,weight_outliers_uw,10000,0.22724008685168673,0.23133140091829574,0.004091314066609009,8.85946462754745,1.1589972767468632e-09,fit
synthetic,"KDE, Uniform",w1_market,modes_scipy_default,7974,0.13762841419553107,0.1398268471018086,0.0021984329062775254,10.178484436245379,3.847509315729033e-05,fit
synthetic,"KDE, Uniform",w1_market,weight_outliers,10000,0.22724008685168673,0.22877213769811489,0.0015320508464281568,3.3065437058619818,0.0029768962118959523,fit
synthetic,"KDE, Variable",w1_market,coeffvar_uw,10000,0.47339667288639475,0.8228591903278636,0.34946251744146883,3283.7174074000022,0.0,fit
synthetic,"KDE, Variable",w1_market,coeffvar,10000,0.47339667288639475,0.8152367376212198,0.3418400647348251,3079.5775113812047,0.0,fit
synthetic,"KDE, Variable",w1_market,w_v_uw_wasserstein,10000,0.47339667288639475,0.7562631712717375,0.2828664983853427,1931.7199170065662,0.0,fit
synthetic,"KDE, Variable",w1_market,skewness_uw,10000,0.47339667288639475,0.6148479432517706,0.14145127036537586,611.3056788817227,0.0,fit
synthetic,"KDE, Variable",w1_market,kurtosis_uw,9388,0.4532541368874379,0.583915703963753,0.13066156707631515,490.6666762038942,0.0,fit
synthetic,"KDE, Variable",w1_market,crit_bw_1,10000,0.47339667288639475,0.5878703671698671,0.11447369428347232,462.33381187946463,0.0,fit
synthetic,"KDE, Variable",w1_market,fit_norm_SF_uw,10000,0.47339667288639475,0.5843149088714594,0.11091823598506467,444.14247163858374,0.0,fit
synthetic,"KDE, Variable",w1_market,crit_bw_1_uw,10000,0.47339667288639475,0.581976883302926,0.10858021041653121,432.3487219231604,0.0,fit
synthetic,"KDE, Variable",w1_market,entropy_uw,10000,0.47339667288639475,0.5759620108350625,0.10256533794866773,402.6054489876204,0.0,fit
synthetic,"KDE, Variable",w1_market,mean,10000,0.47339667288639475,0.5632016999309608,0.08980502704456605,342.21851937622836,0.0,fit
synthetic,"KDE, Variable",w1_market,entropy,10000,0.47339667288639475,0.5427550598389709,0.06935838695257612,252.48400789717996,1.1525024640024732e-301,fit
synthetic,"KDE, Variable",w1_market,skewness,10000,0.47339667288639475,0.5415660264571909,0.06816935357079612,247.51195497511333,4.772504445697178e-296,fit
synthetic,"KDE, Variable",w1_market,kurtosis,9388,0.4532541368874379,0.516886108822066,0.0636319719346281,205.80024288980252,1.936011178549205e-247,fit
synthetic,"KDE, Variable",w1_market,fit_norm_SF,10000,0.47339667288639475,0.5364223836080438,0.06302571072164909,226.29715453622387,6.419970434895867e-272,fit
synthetic,"KDE, Variable",w1_market,modality_index_uw,10000,0.47339667288639475,0.5040630354478128,0.03066636256141808,102.9246943299969,3.258264542842449e-126,fit
synthetic,"KDE, Variable",w1_market,modality_index,10000,0.47339667288639475,0.5001591402701833,0.026762467383788513,89.12061927949408,2.5083722780796203e-109,fit
synthetic,"KDE, Variable",w1_market,fit_lognorm_SF_uw,10000,0.47339667288639475,0.4882999458503633,0.014903272963968539,48.478591407909605,5.571500431927909e-59,fit
synthetic,"KDE, Variable",w1_market,modes_fitted,7974,0.41104472062766073,0.42249580200858383,0.0114510813809231,39.47372216229574,8.778968163694722e-33,fit
synthetic,"KDE, Variable",w1_market,modes_scipy_default,7974,0.41104472062766073,0.41362456196039277,0.0025798413327320358,17.521569699362725,2.5536984199859185e-08,fit
synthetic,"KDE, Variable",w1_market,weight_outliers_uw,10000,0.47339667288639475,0.4756465032023779,0.0022498303159831368,7.1418281442282545,1.2965393206092612e-07,fit
synthetic,"KDE, Variable",w1_market,fit_lognorm_SF,10000,0.47339667288639475,0.47481212360312475,0.0014154507167299935,4.486047420136271,0.00015213959806252762,fit
synthetic,"KDE, Variable",w1_market,weight_outliers,10000,0.47339667288639475,0.47402178353173385,0.0006251106453390998,1.9782124745647378,0.06505842427439243,fit
synthetic,"Normal, Uniform",err_eci_mean,coeffvar_uw,10000,0.05093282327636317,0.5515814667226833,0.5006486434463201,1858.3747217714601,0.0,answer
synthetic,"Normal, Uniform",err_eci_mean,coeffvar,10000,0.05093282327636317,0.5032455618982437,0.4523127386218805,1515.5869695157096,0.0,answer
synthetic,"Normal, Uniform",err_eci_mean,w_v_uw_wasserstein,10000,0.05093282327636317,0.4625971155088462,0.411664292232483,1275.0493795167697,0.0,answer
synthetic,"Normal, Uniform",err_eci_mean,skewness_uw,10000,0.05093282327636317,0.32153936134576655,0.2706065380694034,663.8919886494309,0.0,answer
synthetic,"Normal, Uniform",err_eci_mean,kurtosis_uw,9388,0.03876469109091396,0.30081131806557826,0.2620466269746643,585.6042370638886,0.0,answer
synthetic,"Normal, Uniform",err_eci_mean,crit_bw_1_uw,10000,0.05093282327636317,0.2991324979047978,0.24819967462843462,589.4528668885439,0.0,answer
synthetic,"Normal, Uniform",err_eci_mean,entropy,10000,0.05093282327636317,0.29576069678439654,0.24482787350803337,578.6612499378783,0.0,answer
synthetic,"Normal, Uniform",err_eci_mean,entropy_uw,10000,0.05093282327636317,0.29036872842976846,0.2394359051534053,561.6171103141694,0.0,answer
synthetic,"Normal, Uniform",err_eci_mean,fit_norm_SF_uw,10000,0.05093282327636317,0.28051754794698824,0.22958472467062507,531.1370320760776,0.0,answer
synthetic,"Normal, Uniform",err_eci_mean,crit_bw_1,10000,0.05093282327636317,0.2798520256275059,0.22891920235114271,529.1079415247891,0.0,answer
synthetic,"Normal, Uniform",err_eci_mean,skewness,10000,0.05093282327636317,0.26702971893726,0.21609689566089685,490.7337884232363,0.0,answer
synthetic,"Normal, Uniform",err_eci_mean,kurtosis,9388,0.03876469109091396,0.25348433058543707,0.2147196394945231,449.4204883513025,0.0,answer
synthetic,"Normal, Uniform",err_eci_mean,fit_norm_SF,10000,0.05093282327636317,0.23360692364879876,0.1826741003724356,396.7429370807396,0.0,answer
synthetic,"Normal, Uniform",err_eci_mean,mean,10000,0.05093282327636317,0.14872436004405243,0.09779153676768926,191.21187698762543,1.9806060901730398e-231,answer
synthetic,"Normal, Uniform",err_eci_mean,modality_index_uw,10000,0.05093282327636317,0.11094159754751176,0.06000877427114859,112.34875515353414,1.1259577506508214e-137,answer
synthetic,"Normal, Uniform",err_eci_mean,modality_index,10000,0.05093282327636317,0.09081480238027373,0.03988197910391056,73.0143367844672,1.758605633015983e-89,answer
synthetic,"Normal, Uniform",err_eci_mean,fit_lognorm_SF_uw,10000,0.05093282327636317,0.0801398558619355,0.029207032585572335,52.8505404310553,1.951548968236095e-64,answer
synthetic,"Normal, Uniform",err_eci_mean,modes_fitted,7974,0.019414959034352752,0.037725009179509716,0.018310050145156964,37.8797460956469,1.9241378675783906e-31,answer
synthetic,"Normal, Uniform",err_eci_mean,fit_lognorm_SF,10000,0.05093282327636317,0.06869030407843779,0.01775748080207462,31.73737686238233,4.880925392312075e-38,answer
synthetic,"Normal, Uniform",err_eci_mean,weight_outliers,10000,0.05093282327636317,0.053585784618341736,0.002652961341978566,4.665878937524743,9.553591010507148e-05,answer
synthetic,"Normal, Uniform",err_eci_mean,weight_outliers_uw,10000,0.05093282327636317,0.05222489978878386,0.0012920765124206923,2.2691684498200178,0.03432912913760222,answer
synthetic,"Normal, Uniform",err_eci_mean,modes_scipy_default,7974,0.019414959034352752,0.019644645733549404,0.00022968669919665174,0.9330568508346649,0.3933924498247419,answer
synthetic,"Normal, Variable",err_eci_mean,coeffvar,10000,0.09077793673577861,0.5940500679593725,0.5032721312235939,2063.5462560881415,0.0,answer
synthetic,"Normal, Variable",err_eci_mean,coeffvar_uw,10000,0.09077793673577861,0.5791739673940919,0.4883960306583133,1931.760704053339,0.0,answer
synthetic,"Normal, Variable",err_eci_mean,w_v_uw_wasserstein,10000,0.09077793673577861,0.41795436094255345,0.32717642420677484,935.6399593923032,0.0,answer
synthetic,"Normal, Variable",err_eci_mean,skewness_uw,10000,0.09077793673577861,0.41249505176446144,0.32171711502868283,911.4785153274221,0.0,answer
synthetic,"Normal, Variable",err_eci_mean,kurtosis_uw,9388,0.07376042977061359,0.3941580041409911,0.3203975743703775,826.32305679618,0.0,answer
synthetic,"Normal, Variable",err_eci_mean,entropy_uw,10000,0.09077793673577861,0.39732859968669065,0.30655066295091205,846.653048770074,0.0,answer
synthetic,"Normal, Variable",err_eci_mean,crit_bw_1,10000,0.09077793673577861,0.369895805075257,0.2791178683394784,737.3251846173641,0.0,answer
synthetic,"Normal, Variable",err_eci_mean,crit_bw_1_uw,10000,0.09077793673577861,0.36152534679552795,0.27074741005974934,705.8370473794341,0.0,answer
synthetic,"Normal, Variable",err_eci_mean,fit_norm_SF_uw,10000,0.09077793673577861,0.35129943395943386,0.26052149722365525,668.4717955088954,0.0,answer
synthetic,"Normal, Variable",err_eci_mean,entropy,10000,0.09077793673577861,0.3096429017106932,0.2188649649749146,527.6989765202334,0.0,answer
synthetic,"Normal, Variable",err_eci_mean,skewness,10000,0.09077793673577861,0.29333042585376734,0.20255248911798873,477.09513819697173,0.0,answer
synthetic,"Normal, Variable",err_eci_mean,fit_norm_SF,10000,0.09077793673577861,0.27782465534709777,0.18704671861131916,431.1131159956437,0.0,answer
synthetic,"Normal, Variable",err_eci_mean,kurtosis,9388,0.07376042977061359,0.25603853765793594,0.18227810788732235,382.8283560244273,0.0,answer
synthetic,"Normal, Variable",err_eci_mean,mean,10000,0.09077793673577861,0.1863844027921211,0.09560646605634249,195.59232062032666,1.5895847336441742e-236,answer
synthetic,"Normal, Variable",err_eci_mean,modality_index,10000,0.09077793673577861,0.15191756408933677,0.06113962735355816,119.99648314933107,6.17705936526553e-147,answer
synthetic,"Normal, Variable",err_eci_mean,modality_index_uw,10000,0.09077793673577861,0.1492931139260203,0.058515177190241685,114.49127076266227,2.840950262816191e-140,answer
synthetic,"Normal, Variable",err_eci_mean,modes_fitted,7974,0.050038061900240516,0.07762710501625492,0.0275890431160144,59.54520984072667,1.2732691310282963e-49,answer
synthetic,"Normal, Variable",err_eci_mean,fit_lognorm_SF_uw,10000,0.09077793673577861,0.11813677961647728,0.027358842880698675,51.63929385230296,6.325132848174916e-63,answer
synthetic,"Normal, Variable",err_eci_mean,weight_outliers_uw,10000,0.09077793673577861,0.10325113633507677,0.012473199599298157,23.152123826709897,2.6699216446145246e-27,answer
synthetic,"Normal, Variable",err_eci_mean,modes_scipy_default,7974,0.050038061900240516,0.06051231758125464,0.010474255681014122,44.40050043258185,6.66510326174122e-20,answer
synthetic,"Normal, Variable",err_eci_mean,fit_lognorm_SF,10000,0.09077793673577861,0.09658739189531895,0.005809455159540344,10.703678503382458,6.80771739892165e-12,answer
synthetic,"Normal, Variable",err_eci_mean,weight_outliers,10000,0.09077793673577861,0.09515083262427637,0.004372895888497763,8.044086759248936,1.0988084315281738e-08,answer
synthetic,"Lognormal, Uniform",err_eci_mean,w_v_uw_wasserstein,10000,0.13899729987660847,0.571189334236389,0.4321920343597805,1677.625345234362,0.0,answer
synthetic,"Lognormal, Uniform",err_eci_mean,coeffvar_uw,10000,0.13899729987660847,0.43808036404782935,0.2990830641712209,885.9340881893842,0.0,answer
synthetic,"Lognormal, Uniform",err_eci_mean,coeffvar,10000,0.13899729987660847,0.4159127648198415,0.27691546494323305,789.1386142959302,0.0,answer
synthetic,"Lognormal, Uniform",err_eci_mean,mean,10000,0.13899729987660847,0.26736039835711356,0.1283630984805051,291.63094233738406,0.0,answer
synthetic,"Lognormal, Uniform",err_eci_mean,crit_bw_1_uw,10000,0.13899729987660847,0.24693851269090594,0.10794121281429747,238.58363726898872,6.329548947042869e-286,answer
synthetic,"Lognormal, Uniform",err_eci_mean,skewness_uw,10000,0.13899729987660847,0.24478955144074044,0.10579225156413197,233.16838778440206,9.197104156545523e-280,answer
synthetic,"Lognormal, Uniform",err_eci_mean,entropy,10000,0.13899729987660847,0.24371435263721264,0.10471705276060417,230.4705040057619,1.0967801384098875e-276,answer
synthetic,"Lognormal, Uniform",err_eci_mean,crit_bw_1,10000,0.13899729987660847,0.24190026704408985,0.10290296716748137,225.9359572419665,1.6619895501451076e-271,answer
synthetic,"Lognormal, Uniform",err_eci_mean,entropy_uw,10000,0.13899729987660847,0.23799055716706152,0.09899325729045305,216.23652870674977,2.2007343797123226e-260,answer
synthetic,"Lognormal, Uniform",err_eci_mean,kurtosis_uw,9388,0.11969751024348585,0.21599136588018997,0.09629385563670412,191.91006691050984,1.9380399380157223e-231,answer
synthetic,"Lognormal, Uniform",err_eci_mean,fit_norm_SF_uw,10000,0.13899729987660847,0.22730255773183694,0.08830525785522847,190.22206320312517,2.817091141908812e-230,answer
synthetic,"Lognormal, Uniform",err_eci_mean,skewness,10000,0.13899729987660847,0.20676272953029895,0.06776542965369048,142.19649259770384,1.301617545751384e-173,answer
synthetic,"Lognormal, Uniform",err_eci_mean,kurtosis,9388,0.11969751024348585,0.1841770161911045,0.06447950594761864,123.49398097707243,8.257201132508071e-151,answer
synthetic,"Lognormal, Uniform",err_eci_mean,fit_norm_SF,10000,0.13899729987660847,0.1997704286409141,0.06077312876430563,126.40981594367337,1.1292572588272529e-154,answer
synthetic,"Lognormal, Uniform",err_eci_mean,modality_index_uw,10000,0.13899729987660847,0.16881800417900206,0.029820704302393586,59.718043173331246,5.4637337812110754e-73,answer
synthetic,"Lognormal, Uniform",err_eci_mean,fit_lognorm_SF_uw,10000,0.13899729987660847,0.15546231447777203,0.016465014601163563,32.45091044893979,6.239977082148055e-39,answer
synthetic,"Lognormal, Uniform",err_eci_mean,modality_index,10000,0.13899729987660847,0.15386962853818975,0.01487232866158128,29.256710185729716,6.219046804816888e-35,answer
synthetic,"Lognormal, Uniform",err_eci_mean,fit_lognorm_SF,10000,0.13899729987660847,0.14571686772708436,0.006719567850475894,13.092521980808552,8.156844127262673e-15,answer
synthetic,"Lognormal, Uniform",err_eci_mean,modes_fitted,7974,0.0760797737459038,0.08127903003567294,0.0051992562897691386,11.266118655438605,4.085789800458168e-09,answer
synthetic,"Lognormal, Uniform",err_eci_mean,modes_scipy_default,7974,0.0760797737459038,0.0812214232095082,0.005141649463604403,22.286783242523942,2.2282052067759446e-10,answer
synthetic,"Lognormal, Uniform",err_eci_mean,weight_outliers_uw,10000,0.13899729987660847,0.14225369566114865,0.003256395784540178,6.319200392877315,1.2012768135582958e-06,answer
synthetic,"Lognormal, Uniform",err_eci_mean,weight_outliers,10000,0.13899729987660847,0.14018858266090584,0.001191282784297365,2.3061919793986827,0.03158981564843548,answer
synthetic,"Lognormal, Variable",err_eci_mean,coeffvar_uw,10000,0.3683792143487592,0.5945113774747661,0.22613216312600692,928.255355672316,0.0,answer
synthetic,"Lognormal, Variable",err_eci_mean,coeffvar,10000,0.3683792143487592,0.5940239407309391,0.22564472638217992,925.1423538111121,0.0,answer
synthetic,"Lognormal, Variable",err_eci_mean,w_v_uw_wasserstein,10000,0.3683792143487592,0.5556404775701731,0.1872612632214139,701.4508678190113,0.0,answer
synthetic,"Lognormal, Variable",err_eci_mean,skewness_uw,10000,0.3683792143487592,0.45185952497092896,0.08348031062216976,253.49884447637632,8.258462811440518e-303,answer
synthetic,"Lognormal, Variable",err_eci_mean,kurtosis_uw,9388,0.34759888584725696,0.4210654514082902,0.07346656556103326,198.2806328769827,8.585001779372655e-239,answer
synthetic,"Lognormal, Variable",err_eci_mean,mean,10000,0.3683792143487592,0.438949776359446,0.07057056201068679,209.36574929884307,1.7982280941680971e-252,answer
synthetic,"Lognormal, Variable",err_eci_mean,crit_bw_1,10000,0.3683792143487592,0.43374499089171714,0.06536577654295794,192.1419383593441,1.6365917483851786e-232,answer
synthetic,"Lognormal, Variable",err_eci_mean,fit_norm_SF_uw,10000,0.3683792143487592,0.432923388311952,0.06454417396319279,189.4519635396887,2.224727382834499e-229,answer
synthetic,"Lognormal, Variable",err_eci_mean,crit_bw_1_uw,10000,0.3683792143487592,0.42951221332189904,0.06113299897313984,178.36644213420695,2.024680139339621e-216,answer
synthetic,"Lognormal, Variable",err_eci_mean,entropy_uw,10000,0.3683792143487592,0.42793200918831475,0.059552794839555556,173.27595426165095,1.9157251716037334e-210,answer
synthetic,"Lognormal, Variable",err_eci_mean,entropy,10000,0.3683792143487592,0.41189868426547616,0.04351946991671696,123.1729223150979,9.016971877699046e-151,answer
synthetic,"Lognormal, Variable",err_eci_mean,skewness,10000,0.3683792143487592,0.4091806461264085,0.04080143177764928,114.94881260851136,7.92514876027518e-141,answer
synthetic,"Lognormal, Variable",err_eci_mean,kurtosis,9388,0.34759888584725696,0.3838937224103658,0.036294836563108834,92.0469149441623,1.0188050695982321e-112,answer
synthetic,"Lognormal, Variable",err_eci_mean,fit_norm_SF,10000,0.3683792143487592,0.39961087313307475,0.031231658784315552,86.58567205867392,3.257164526398857e-106,answer
synthetic,"Lognormal, Variable",err_eci_mean,modality_index_uw,10000,0.3683792143487592,0.3849179712394327,0.016538756890673523,44.75624316320612,2.4924500867136e-54,answer
synthetic,"Lognormal, Variable",err_eci_mean,modality_index,10000,0.3683792143487592,0.3785996246971709,0.010220410348411701,27.376670019938008,1.4001603363213388e-32,answer
synthetic,"Lognormal, Variable",err_eci_mean,fit_lognorm_SF_uw,10000,0.3683792143487592,0.3785563280516221,0.010177113702862894,27.25879516208587,1.9662261261950037e-32,answer
synthetic,"Lognormal, Variable",err_eci_mean,modes_fitted,7974,0.3129723989431983,0.31927523752779885,0.0063028385846005675,18.4323776715938,4.343538254433192e-15,answer
synthetic,"Lognormal, Variable",err_eci_mean,modes_scipy_default,7974,0.3129723989431983,0.31541491907755703,0.00244252013435875,14.209097899090311,6.919100848959569e-07,answer
synthetic,"Lognormal, Variable",err_eci_mean,weight_outliers_uw,10000,0.3683792143487592,0.3703651902686701,0.0019859759199108984,5.250117794634243,2.072767229223189e-05,answer
synthetic,"Lognormal, Variable",err_eci_mean,fit_lognorm_SF,10000,0.3683792143487592,0.370054007713263,0.0016747933645038238,4.425289769837407,0.000177932698603816,answer
synthetic,"Lognormal, Variable",err_eci_mean,weight_outliers,10000,0.3683792143487592,0.3690147204021692,0.0006355060534100065,1.6764255206953356,0.12233399261067723,answer
synthetic,"KDE, Uniform",err_eci_mean,w_v_uw_wasserstein,10000,0.1423948525354628,0.5806213279720401,0.43822647543657733,1739.3063048174088,0.0,answer
synthetic,"KDE, Uniform",err_eci_mean,coeffvar_uw,10000,0.1423948525354628,0.46263839590236766,0.32024354336690486,991.9677436376065,0.0,answer
synthetic,"KDE, Uniform",err_eci_mean,coeffvar,10000,0.1423948525354628,0.43744215645379925,0.29504730391833645,872.9879833801275,0.0,answer
synthetic,"KDE, Uniform",err_eci_mean,mean,10000,0.1423948525354628,0.2757587695107572,0.13336391697529437,306.5059409216757,0.0,answer
synthetic,"KDE, Uniform",err_eci_mean,skewness_uw,10000,0.1423948525354628,0.2632325103024571,0.12083765776699429,272.9955978862905,0.0,answer
synthetic,"KDE, Uniform",err_eci_mean,crit_bw_1_uw,10000,0.1423948525354628,0.2573189619313465,0.11492410939588371,257.5684180478101,2.1495463292984834e-307,answer
synthetic,"KDE, Uniform",err_eci_mean,entropy,10000,0.1423948525354628,0.2549562368999867,0.1125613843645239,251.47304568416263,1.5944276722249542e-300,answer
synthetic,"KDE, Uniform",err_eci_mean,crit_bw_1,10000,0.1423948525354628,0.25123342740372956,0.10883857486826676,241.94697586468126,9.609223119505749e-290,answer
synthetic,"KDE, Uniform",err_eci_mean,kurtosis_uw,9388,0.12215033251610607,0.2283700855465367,0.10621975303043063,215.08803767360604,4.529477849569357e-258,answer
synthetic,"KDE, Uniform",err_eci_mean,entropy_uw,10000,0.1423948525354628,0.24728103885237063,0.10488618631690783,231.9365741209919,2.3323338774723364e-278,answer
synthetic,"KDE, Uniform",err_eci_mean,fit_norm_SF_uw,10000,0.1423948525354628,0.2444862541006141,0.10209140156515129,224.92130530716312,2.4070249098106577e-270,answer
synthetic,"KDE, Uniform",err_eci_mean,skewness,10000,0.1423948525354628,0.22401468836665384,0.08161983583119103,175.07575814168214,1.4710912691170136e-212,answer
synthetic,"KDE, Uniform",err_eci_mean,kurtosis,9388,0.12215033251610607,0.19834875744095237,0.0761984249248463,148.51849859922433,1.1750972617635072e-180,answer
synthetic,"KDE, Uniform",err_eci_mean,fit_norm_SF,10000,0.1423948525354628,0.21452669775687405,0.07213184522141125,152.85491693755378,2.6053951982246316e-186,answer
synthetic,"KDE, Uniform",err_eci_mean,modality_index_uw,10000,0.1423948525354628,0.17629153249175167,0.03389667995628887,68.49635036279133,6.896099689995482e-84,answer
synthetic,"KDE, Uniform",err_eci_mean,modality_index,10000,0.1423948525354628,0.16014575184119062,0.01775089930572782,35.180356543004656,2.3872528060431398e-42,answer
synthetic,"KDE, Uniform",err_eci_mean,fit_lognorm_SF_uw,10000,0.1423948525354628,0.15903361726840104,0.016638764732938238,32.93261712557053,1.556274577337949e-39,answer
synthetic,"KDE, Uniform",err_eci_mean,fit_lognorm_SF,10000,0.1423948525354628,0.15058106916946834,0.008186216634005539,16.041504483516974,1.8772921579366463e-18,answer
synthetic,"KDE, Uniform",err_eci_mean,modes_fitted,7974,0.07874144779865888,0.08432445665578148,0.0055830088571225955,12.137896401300551,7.750636072767521e-10,answer
synthetic,"KDE, Uniform",err_eci_mean,modes_scipy_default,7974,0.07874144779865888,0.0828539009467204,0.004112453148061523,17.857399905054084,1.8279544573206597e-08,answer
synthetic,"KDE, Uniform",err_eci_mean,weight_outliers_uw,10000,0.1423948525354628,0.14557089789721245,0.0031760453617496465,6.187204405400031,1.7126963254947306e-06,answer
synthetic,"KDE, Uniform",err_eci_mean,weight_outliers,10000,0.1423948525354628,0.14347496465350917,0.0010801121180463724,2.0990006669927888,0.05005479773021332,answer
synthetic,"KDE, Variable",err_eci_mean,coeffvar,10000,0.3626200569237893,0.6037144768758314,0.24109441995204206,1012.6578908218999,0.0,answer
synthetic,"KDE, Variable",err_eci_mean,coeffvar_uw,10000,0.3626200569237893,0.6016631788418594,0.2390431219180701,998.8714457172048,0.0,answer
synthetic,"KDE, Variable",err_eci_mean,w_v_uw_wasserstein,10000,0.3626200569237893,0.5577687786933492,0.19514872176955989,734.5140544932107,0.0,answer
synthetic,"KDE, Variable",err_eci_mean,skewness_uw,10000,0.3626200569237893,0.46360883016105336,0.10098877323726407,313.38288641831554,0.0,answer
synthetic,"KDE, Variable",err_eci_mean,kurtosis_uw,9388,0.34461198518395264,0.4340306366079961,0.08941865142404348,246.86255456074397,4.923713177559987e-294,answer
synthetic,"KDE, Variable",err_eci_mean,fit_norm_SF_uw,10000,0.3626200569237893,0.4426584665118568,0.08003840958806752,239.03463990123117,1.9450380842104402e-286,answer
synthetic,"KDE, Variable",err_eci_mean,crit_bw_1,10000,0.3626200569237893,0.4425577533650312,0.07993769644124193,238.69072810618297,4.782794627348322e-286,answer
synthetic,"KDE, Variable",err_eci_mean,mean,10000,0.3626200569237893,0.44004692571761694,0.07742686879382765,230.15682746717758,2.500867811314616e-276,answer
synthetic,"KDE, Variable",err_eci_mean,crit_bw_1_uw,10000,0.3626200569237893,0.434503954418874,0.07188389749508473,211.58547140256437,4.960998717620426e-255,answer
synthetic,"KDE, Variable",err_eci_mean,entropy_uw,10000,0.3626200569237893,0.4318628728915378,0.0692428159677485,202.8641707767047,5.8607525070449254e-245,answer
synthetic,"KDE, Variable",err_eci_mean,skewness,10000,0.3626200569237893,0.4118371303808406,0.049217073457051286,139.28424081293494,3.948800409385737e-170,answer
synthetic,"KDE, Variable",err_eci_mean,entropy,10000,0.3626200569237893,0.40765652378457273,0.04503646686078344,126.55359955802237,7.578869334444547e-155,answer
synthetic,"KDE, Variable",err_eci_mean,fit_norm_SF,10000,0.3626200569237893,0.40471821730997537,0.04209816038618608,117.71297224342379,3.5654754337264015e-144,answer
synthetic,"KDE, Variable",err_eci_mean,kurtosis,9388,0.34461198518395264,0.38433536588570294,0.0397233807017503,100.8142727505802,2.105578297071112e-123,answer
synthetic,"KDE, Variable",err_eci_mean,modality_index_uw,10000,0.3626200569237893,0.3840540213872151,0.021433964463425825,57.92201765765645,9.379173325438415e-71,answer
synthetic,"KDE, Variable",err_eci_mean,modality_index,10000,0.3626200569237893,0.3826208321357224,0.02000077521193311,53.923572535543165,8.965975653545667e-66,answer
synthetic,"KDE, Variable",err_eci_mean,fit_lognorm_SF_uw,10000,0.3626200569237893,0.3735458023602479,0.010925745436458634,29.029900904971374,1.1955801699911406e-34,answer
synthetic,"KDE, Variable",err_eci_mean,modes_fitted,7974,0.3116433333067622,0.31970799998932187,0.008064666682559674,23.599770683844135,1.995635946832352e-19,answer
synthetic,"KDE, Variable",err_eci_mean,modes_scipy_default,7974,0.3116433333067622,0.31532055440942364,0.003677221102661443,21.388889553589205,5.442254528962766e-10,answer
synthetic,"KDE, Variable",err_eci_mean,weight_outliers_uw,10000,0.3626200569237893,0.36626001209077996,0.0036399551669906716,9.560238411725239,1.657484969706217e-10,answer
synthetic,"KDE, Variable",err_eci_mean,fit_lognorm_SF,10000,0.3626200569237893,0.3643542034170548,0.0017341464932655315,4.5410303246829455,0.00013200130410699834,answer
synthetic,"KDE, Variable",err_eci_mean,weight_outliers,10000,0.3626200569237893,0.36317702067351,0.0005569637497206958,1.4557674448094968,0.18918821422932589,answer
synthetic,"Normal, Uniform",err_eci_rank_1,coeffvar_uw,10000,0.01426704538352963,0.06431723189599592,0.05005018651246629,89.03502157981404,3.1949313038802894e-109,answer
synthetic,"Normal, Uniform",err_eci_rank_1,fit_norm_SF_uw,10000,0.01426704538352963,0.05480257308009584,0.04053552769656621,71.38337867761882,1.8325750709755813e-87,answer
synthetic,"Normal, Uniform",err_eci_rank_1,fit_norm_SF,10000,0.01426704538352963,0.0503439949743516,0.03607694959082197,63.23351010906461,2.3336096055956467e-77,answer
synthetic,"Normal, Uniform",err_eci_rank_1,skewness,10000,0.01426704538352963,0.047517231928111636,0.033250186544582006,58.1059703741324,5.536218183632742e-71,answer
synthetic,"Normal, Uniform",err_eci_rank_1,entropy,10000,0.01426704538352963,0.04693811115639679,0.03267106577286716,57.05924202353804,1.112261301766819e-69,answer
synthetic,"Normal, Uniform",err_eci_rank_1,kurtosis,9388,0.008390057458700584,0.04082296250195827,0.03243290504325769,52.83322280345308,2.3908838065187064e-64,answer
synthetic,"Normal, Uniform",err_eci_rank_1,skewness_uw,10000,0.01426704538352963,0.042078146961301965,0.027811101577772335,48.32500524897404,8.664895360001312e-59,answer
synthetic,"Normal, Uniform",err_eci_rank_1,coeffvar,10000,0.01426704538352963,0.038280873323804254,0.024013827940274624,41.56204810517938,2.459906131093693e-50,answer
synthetic,"Normal, Uniform",err_eci_rank_1,entropy_uw,10000,0.01426704538352963,0.03790364508037436,0.02363659969684473,40.89311844309493,1.6894755903918606e-49,answer
synthetic,"Normal, Uniform",err_eci_rank_1,kurtosis_uw,9388,0.008390057458700584,0.02873620914154107,0.020346151682840485,32.73143949527832,2.94803831389257e-39,answer
synthetic,"Normal, Uniform",err_eci_rank_1,mean,10000,0.01426704538352963,0.03419032051353754,0.01992327513000791,34.33625915980789,2.720837116821424e-41,answer
synthetic,"Normal, Uniform",err_eci_rank_1,w_v_uw_wasserstein,10000,0.01426704538352963,0.030392496617031584,0.016125451233501953,27.68214301613419,5.807940862654918e-33,answer
synthetic,"Normal, Uniform",err_eci_rank_1,crit_bw_1_uw,10000,0.01426704538352963,0.02453770896964147,0.010270663586111839,17.525556545118402,2.7154794155855024e-20,answer
synthetic,"Normal, Uniform",err_eci_rank_1,crit_bw_1,10000,0.01426704538352963,0.023290592009115763,0.009023546625586132,15.377852650343623,1.243170760485967e-17,answer
synthetic,"Normal, Uniform",err_eci_rank_1,weight_outliers_uw,10000,0.01426704538352963,0.023245085572868862,0.008978040189339231,15.299588130477728,1.553366753152659e-17,answer
synthetic,"Normal, Uniform",err_eci_rank_1,modality_index_uw,10000,0.01426704538352963,0.01889327348429548,0.00462622810076585,7.848643236879879,1.8792415491761025e-08,answer
synthetic,"Normal, Uniform",err_eci_rank_1,weight_outliers,10000,0.01426704538352963,0.018495124513637218,0.004228079130107587,7.170252423429657,1.2000131196486927e-07,answer
synthetic,"Normal, Uniform",err_eci_rank_1,modality_index,10000,0.01426704538352963,0.016095205905739096,0.0018281605222094655,3.0927516640662067,0.005009251506595486,answer
synthetic,"Normal, Uniform",err_eci_rank_1,modes_fitted,7974,0.0030650614218042938,0.004269065893325652,0.0012040044715213583,2.4071481758589535,0.04726105078430222,answer
synthetic,"Normal, Uniform",err_eci_rank_1,fit_lognorm_SF_uw,10000,0.01426704538352963,0.015218394732269713,0.0009513493487400826,1.6079920487013961,0.14040945020248202,answer
synthetic,"Normal, Uniform",err_eci_rank_1,fit_lognorm_SF,10000,0.01426704538352963,0.014805645117555444,0.0005385997340258131,0.9099719794811346,0.4863732809249819,answer
synthetic,"Normal, Uniform",err_eci_rank_1,modes_scipy_default,7974,0.0030650614218042938,0.0030804114390502457,1.5350017245951975e-05,0.06132033554530292,0.9405223529214966,answer
synthetic,"Normal, Variable",err_eci_rank_1,coeffvar,10000,0.035333436550236574,0.0761970592407194,0.040863622690482826,73.62771535713512,3.0665644632304938e-90,answer
synthetic,"Normal, Variable",err_eci_rank_1,fit_norm_SF_uw,10000,0.035333436550236574,0.07062327588016093,0.035289839329924355,63.203581540401125,2.5421481233209073e-77,answer
synthetic,"Normal, Variable",err_eci_rank_1,coeffvar_uw,10000,0.035333436550236574,0.0676029074289527,0.03226947087871612,57.60693025062188,2.3140152985155078e-70,answer
synthetic,"Normal, Variable",err_eci_rank_1,mean,10000,0.035333436550236574,0.06633917795780175,0.03100574140756518,55.276022463926054,1.850032908286548e-67,answer
synthetic,"Normal, Variable",err_eci_rank_1,skewness_uw,10000,0.035333436550236574,0.0634935343850983,0.02816009783486173,50.050356903143644,6.077746746696681e-61,answer
synthetic,"Normal, Variable",err_eci_rank_1,entropy_uw,10000,0.035333436550236574,0.05991675920854855,0.02458332265831198,43.526933349339274,8.580506658073912e-53,answer
synthetic,"Normal, Variable",err_eci_rank_1,kurtosis_uw,9388,0.027622708851304356,0.048270177310847595,0.02064746845954324,33.89792848655261,1.0255068198237977e-40,answer
synthetic,"Normal, Variable",err_eci_rank_1,fit_norm_SF,10000,0.035333436550236574,0.055799242919849834,0.02046580636961326,36.07848696029965,1.7926460213828667e-43,answer
synthetic,"Normal, Variable",err_eci_rank_1,w_v_uw_wasserstein,10000,0.035333436550236574,0.0556888447877637,0.02035540823752713,35.87967464362847,3.1797251842390334e-43,answer
synthetic,"Normal, Variable",err_eci_rank_1,weight_outliers_uw,10000,0.035333436550236574,0.04909480169385172,0.013761365143615145,24.088407890029135,1.8078605880331736e-28,answer
synthetic,"Normal, Variable",err_eci_rank_1,crit_bw_1,10000,0.035333436550236574,0.04755921067897606,0.012225774128739486,21.365948692510145,4.520576023299669e-25,answer
synthetic,"Normal, Variable",err_eci_rank_1,skewness,10000,0.035333436550236574,0.043957647993927096,0.008624211443690522,15.015025137643352,3.490428716432943e-17,answer
synthetic,"Normal, Variable",err_eci_rank_1,entropy,10000,0.035333436550236574,0.04377222417312843,0.008438787622891852,14.689347405912107,8.810378204543085e-17,answer
synthetic,"Normal, Variable",err_eci_rank_1,modality_index,10000,0.035333436550236574,0.04359702773922902,0.008263591188992447,14.381749046183012,2.1110012735576787e-16,answer
synthetic,"Normal, Variable",err_eci_rank_1,crit_bw_1_uw,10000,0.035333436550236574,0.043572355472111024,0.00823891892187445,14.338440156891743,2.387238612444987e-16,answer
synthetic,"Normal, Variable",err_eci_rank_1,weight_outliers,10000,0.035333436550236574,0.0414228178526278,0.006089381302391228,10.573770549309769,9.794317262396812e-12,answer
synthetic,"Normal, Variable",err_eci_rank_1,kurtosis,9388,0.027622708851304356,0.032476767313147636,0.00485405846184328,7.839053461866552,1.935160723265102e-08,answer
synthetic,"Normal, Variable",err_eci_rank_1,modality_index_uw,10000,0.035333436550236574,0.03923520186073981,0.0039017653105032357,6.759706820972968,3.6584067924889325e-07,answer
synthetic,"Normal, Variable",err_eci_rank_1,fit_lognorm_SF,10000,0.035333436550236574,0.0378301975067844,0.0024967609565478277,4.3192569558981555,0.00023368014455042146,answer
synthetic,"Normal, Variable",err_eci_rank_1,modes_scipy_default,7974,0.013206220165800864,0.014127089448075392,0.0009208692822745279,3.7199134669448277,0.024278181133344973,answer
synthetic,"Normal, Variable",err_eci_rank_1,fit_lognorm_SF_uw,10000,0.035333436550236574,0.03610115077718534,0.000767714226948768,1.3257203614120272,0.24158557580254597,answer
synthetic,"Normal, Variable",err_eci_rank_1,modes_fitted,7974,0.013206220165800864,0.013868050609665672,0.0006618304438648082,1.3360676093482118,0.2538647073119459,answer
synthetic,"Lognormal, Uniform",err_eci_rank_1,w_v_uw_wasserstein,10000,0.036296205819406624,0.06534990548699915,0.029053699667592525,51.741163223126414,4.72054848316531e-63,answer
synthetic,"Lognormal, Uniform",err_eci_rank_1,mean,10000,0.036296205819406624,0.06172868782213903,0.025432482002732404,45.11740446938384,8.814357888039783e-55,answer
synthetic,"Lognormal, Uniform",err_eci_rank_1,entropy,10000,0.036296205819406624,0.04415162546324214,0.007855419643835515,13.679309758204177,1.5485882502153136e-15,answer
synthetic,"Lognormal, Uniform",err_eci_rank_1,coeffvar_uw,10000,0.036296205819406624,0.03954843885791781,0.0032522330385111875,5.636246648571045,7.46102347021284e-06,answer
synthetic,"Lognormal, Uniform",err_eci_rank_1,modes_scipy_default,7974,0.010166025002694812,0.013245155132119657,0.003079130129424845,12.42723641460928,4.086231925262743e-06,answer
synthetic,"Lognormal, Uniform",err_eci_rank_1,weight_outliers,10000,0.036296205819406624,0.03933529408161285,0.0030390882622062243,5.265689872104033,1.9894282597972394e-05,answer
synthetic,"Lognormal, Uniform",err_eci_rank_1,coeffvar,10000,0.036296205819406624,0.03930545355910964,0.0030092477397030137,5.2138246035561435,2.280672016051369e-05,answer
synthetic,"Lognormal, Uniform",err_eci_rank_1,skewness,10000,0.036296205819406624,0.03912061103430953,0.002824405214902903,4.892624958129559,5.2946465151608296e-05,answer
synthetic,"Lognormal, Uniform",err_eci_rank_1,weight_outliers_uw,10000,0.036296205819406624,0.03900674368675461,0.002710537867347984,4.694819917373261,8.862218742580141e-05,answer
synthetic,"Lognormal, Uniform",err_eci_rank_1,kurtosis,9388,0.02452909949747273,0.026951314471949206,0.0024222149744764776,3.889539088751294,0.000698085292098673,answer
synthetic,"Lognormal, Uniform",err_eci_rank_1,skewness_uw,10000,0.036296205819406624,0.03829907888620554,0.002002873066798916,3.4665478076341394,0.0020077357982622238,answer
synthetic,"Lognormal, Uniform",err_eci_rank_1,modes_fitted,7974,0.010166025002694812,0.012116883377477183,0.0019508583747823716,3.931306491881073,0.003431464641983623,answer
synthetic,"Lognormal, Uniform",err_eci_rank_1,fit_lognorm_SF,10000,0.036296205819406624,0.03816048581866771,0.001864279999261087,3.22620771242826,0.003622829724493173,answer
synthetic,"Lognormal, Uniform",err_eci_rank_1,modality_index_uw,10000,0.036296205819406624,0.038022315522673655,0.0017261097032670314,2.9866696987353856,0.006467446895152754,answer
synthetic,"Lognormal, Uniform",err_eci_rank_1,fit_lognorm_SF_uw,10000,0.036296205819406624,0.03773476098666062,0.0014385551672539965,2.4883732455611365,0.020871511406485306,answer
synthetic,"Lognormal, Uniform",err_eci_rank_1,modality_index,10000,0.036296205819406624,0.03722749926729396,0.000931293447887338,1.610077087607683,0.1398257242746722,answer
synthetic,"Lognormal, Uniform",err_eci_rank_1,kurtosis_uw,9388,0.02452909949747273,0.025452672132426524,0.0009235726349537954,1.4807718423207663,0.18030540027556852,answer
synthetic,"Lognormal, Uniform",err_eci_rank_1,crit_bw_1_uw,10000,0.036296205819406624,0.03692920654779697,0.0006330007283903427,1.0940314248643521,0.3631203150434677,answer
synthetic,"Lognormal, Uniform",err_eci_rank_1,fit_norm_SF,10000,0.036296205819406624,0.036860443263743825,0.0005642374443372011,0.9751164507060284,0.44018340820988544,answer
synthetic,"Lognormal, Uniform",err_eci_rank_1,crit_bw_1,10000,0.036296205819406624,0.03682845655953504,0.0005322507401284149,0.9198064072566422,0.4792333293543638,answer
synthetic,"Lognormal, Uniform",err_eci_rank_1,entropy_uw,10000,0.036296205819406624,0.03661323532348537,0.0003170295040787474,0.5477505285391313,0.772107831318576,answer
synthetic,"Lognormal, Uniform",err_eci_rank_1,fit_norm_SF_uw,10000,0.036296205819406624,0.03643877990572686,0.00014257408632023516,0.24628903875647185,0.96094768958236,answer
synthetic,"Lognormal, Variable",err_eci_rank_1,mean,10000,0.12630871412217204,0.14604075315056098,0.019732039028388937,38.460827122519795,1.8680458953593495e-46,answer
synthetic,"Lognormal, Variable",err_eci_rank_1,w_v_uw_wasserstein,10000,0.12630871412217204,0.14394763055495274,0.017638916432780705,34.296939591904426,3.047411260096256e-41,answer
synthetic,"Lognormal, Variable",err_eci_rank_1,entropy,10000,0.12630871412217204,0.13179684755134713,0.0054881334291750905,10.5217287763791,1.1329954038841168e-11,answer
synthetic,"Lognormal, Variable",err_eci_rank_1,coeffvar,10000,0.12630871412217204,0.13066031086671914,0.004351596744547104,8.331878633678862,4.976705566433041e-09,answer
synthetic,"Lognormal, Variable",err_eci_rank_1,fit_norm_SF,10000,0.12630871412217204,0.13054164981307703,0.004232935690904993,8.103575583576456,9.330281975515606e-09,answer
synthetic,"Lognormal, Variable",err_eci_rank_1,entropy_uw,10000,0.12630871412217204,0.12989489733005088,0.003586183207878846,6.860322886508344,2.7854214811794723e-07,answer
synthetic,"Lognormal, Variable",err_eci_rank_1,crit_bw_1_uw,10000,0.12630871412217204,0.12961442621463815,0.0033057120924661065,6.3217474457668255,1.1930742574976867e-06,answer
synthetic,"Lognormal, Variable",err_eci_rank_1,kurtosis,9388,0.10579999453221345,0.1089093799377584,0.003109385405544951,5.452211690685875,1.2171646824103038e-05,answer
synthetic,"Lognormal, Variable",err_eci_rank_1,crit_bw_1,10000,0.12630871412217204,0.12928554608155296,0.002976831959380921,5.690656419094773,6.4562097684533e-06,answer
synthetic,"Lognormal, Variable",err_eci_rank_1,fit_norm_SF_uw,10000,0.12630871412217204,0.12906148943987716,0.002752775317705125,5.260985087653693,2.014251026941924e-05,answer
synthetic,"Lognormal, Variable",err_eci_rank_1,skewness,10000,0.12630871412217204,0.12897467652183392,0.002665962399661881,5.094564181575626,3.120462648672627e-05,answer
synthetic,"Lognormal, Variable",err_eci_rank_1,coeffvar_uw,10000,0.12630871412217204,0.12847783808857394,0.002169123966401898,4.142759644984039,0.000367005294844466,answer
synthetic,"Lognormal, Variable",err_eci_rank_1,skewness_uw,10000,0.12630871412217204,0.12843686083613925,0.002128146713967216,4.064307043545768,0.0004481294991277827,answer
synthetic,"Lognormal, Variable",err_eci_rank_1,weight_outliers,10000,0.12630871412217204,0.12835291604315813,0.0020442019209860884,3.903614387184495,0.0006733004932810852,answer
synthetic,"Lognormal, Variable",err_eci_rank_1,weight_outliers_uw,10000,0.12630871412217204,0.12832882239088172,0.002020108268709686,3.8574984462491106,0.0007563626102729997,answer
synthetic,"Lognormal, Variable",err_eci_rank_1,kurtosis_uw,9388,0.10579999453221345,0.10771170066213775,0.0019117061299243066,3.347618510993924,0.0026926991694722156,answer
synthetic,"Lognormal, Variable",err_eci_rank_1,modality_index,10000,0.12630871412217204,0.1276234911765476,0.0013147770543755488,2.508603091524818,0.0199226063003471,answer
synthetic,"Lognormal, Variable",err_eci_rank_1,fit_lognorm_SF,10000,0.12630871412217204,0.12733911311854929,0.0010303989963772464,1.965367252334364,0.0668782647295307,answer
synthetic,"Lognormal, Variable",err_eci_rank_1,modes_fitted,7974,0.0674291383585558,0.06844916963837777,0.0010200312798219757,2.1798351782020475,0.06861302809998177,answer
synthetic,"Lognormal, Variable",err_eci_rank_1,modality_index_uw,10000,0.12630871412217204,0.12725060064633364,0.0009418865241616059,1.7963577180666574,0.09560113966200876,answer
synthetic,"Lognormal, Variable",err_eci_rank_1,fit_lognorm_SF_uw,10000,0.12630871412217204,0.12662139643025916,0.00031268230808711994,0.5959153334920375,0.7338900754479946,answer
synthetic,"Lognormal, Variable",err_eci_rank_1,modes_scipy_default,7974,0.0674291383585558,0.06759514317661597,0.00016600481806017253,0.7090419822321387,0.4921464860098516,answer
synthetic,"KDE, Uniform",err_eci_rank_1,w_v_uw_wasserstein,10000,0.05475133039886049,0.10032497069112623,0.04557364029226574,84.31636068053332,2.0103035631098486e-103,answer
synthetic,"KDE, Uniform",err_eci_rank_1,mean,10000,0.05475133039886049,0.08873964648358568,0.03398831608472519,62.08275374289732,6.275505256808564e-76,answer
synthetic,"KDE, Uniform",err_eci_rank_1,coeffvar_uw,10000,0.05475133039886049,0.062130284497116106,0.007378954098255619,13.095922486377267,8.07875347895824e-15,answer
synthetic,"KDE, Uniform",err_eci_rank_1,coeffvar,10000,0.05475133039886049,0.060260970789595136,0.005509640390734649,9.758875757329614,9.534230852654562e-11,answer
synthetic,"KDE, Uniform",err_eci_rank_1,entropy,10000,0.05475133039886049,0.059281698773208547,0.004530368374348059,8.01600027263041,1.1869759985973743e-08,answer
synthetic,"KDE, Uniform",err_eci_rank_1,modality_index_uw,10000,0.05475133039886049,0.05784224504175295,0.0030909146428924617,5.460685746117517,1.188557351005396e-05,answer
synthetic,"KDE, Uniform",err_eci_rank_1,modes_scipy_default,7974,0.021831559333996164,0.024801554624077404,0.00296999529008124,12.128819830295308,5.502060459070376e-06,answer
synthetic,"KDE, Uniform",err_eci_rank_1,weight_outliers_uw,10000,0.05475133039886049,0.05761465852960257,0.002863328130742082,5.0573894392116845,3.440159984366031e-05,answer
synthetic,"KDE, Uniform",err_eci_rank_1,modes_fitted,7974,0.021831559333996164,0.024356220843660292,0.002524661509664128,5.1514394984509595,0.00038323215981748423,answer
synthetic,"KDE, Uniform",err_eci_rank_1,skewness_uw,10000,0.05475133039886049,0.05726715282805106,0.002515822429190573,4.4419651293045606,0.00017045213560170787,answer
synthetic,"KDE, Uniform",err_eci_rank_1,weight_outliers,10000,0.05475133039886049,0.05691389887359277,0.002162568474732285,3.8168256555711633,0.0008379225180916487,answer
synthetic,"KDE, Uniform",err_eci_rank_1,kurtosis,9388,0.04630961130753941,0.04755585067406931,0.0012462393665298999,2.0444757958575113,0.056383940081255704,answer
synthetic,"KDE, Uniform",err_eci_rank_1,fit_lognorm_SF,10000,0.05475133039886049,0.05573161624665546,0.0009802858477949705,1.7279894378852465,0.1101127325898363,answer
synthetic,"KDE, Uniform",err_eci_rank_1,fit_norm_SF,10000,0.05475133039886049,0.05570401605446684,0.0009526856556063557,1.6792883806739871,0.12162500062690806,answer
synthetic,"KDE, Uniform",err_eci_rank_1,skewness,10000,0.05475133039886049,0.05551189028836323,0.0007605598895027432,1.3403577271754124,0.23514973577857526,answer
synthetic,"KDE, Uniform",err_eci_rank_1,fit_lognorm_SF_uw,10000,0.05475133039886049,0.055486090365165386,0.0007347599663048987,1.2948543705274098,0.2556240517838576,answer
synthetic,"KDE, Uniform",err_eci_rank_1,crit_bw_1,10000,0.05475133039886049,0.055400385583337486,0.0006490551844769987,1.1437145834843754,0.33386445469834863,answer
synthetic,"KDE, Uniform",err_eci_rank_1,kurtosis_uw,9388,0.04630961130753941,0.046929452844474695,0.0006198415369352839,1.016191723007158,0.4124708979385796,answer
synthetic,"KDE, Uniform",err_eci_rank_1,entropy_uw,10000,0.05475133039886049,0.05536160317923333,0.0006102727803728447,1.07533109637439,0.3745871645116792,answer
synthetic,"KDE, Uniform",err_eci_rank_1,modality_index,10000,0.05475133039886049,0.05532896975811641,0.0005776393592559215,1.0177942190471996,0.4114079858402001,answer
synthetic,"KDE, Uniform",err_eci_rank_1,crit_bw_1_uw,10000,0.05475133039886049,0.05525241666406733,0.0005010862652068404,0.8828369642310229,0.506363144600837,answer
synthetic,"KDE, Uniform",err_eci_rank_1,fit_norm_SF_uw,10000,0.05475133039886049,0.05504405823428926,0.00029272783542877434,0.5156277245695825,0.7969716552173502,answer
synthetic,"KDE, Variable",err_eci_rank_1,mean,10000,0.14918558664551318,0.1714412832835911,0.022255696638077915,44.70969444493799,2.849793141404492e-54,answer
synthetic,"KDE, Variable",err_eci_rank_1,w_v_uw_wasserstein,10000,0.14918558664551318,0.16368256337780074,0.014496976732287559,28.852941137221887,1.9908444531801844e-34,answer
synthetic,"KDE, Variable",err_eci_rank_1,entropy,10000,0.14918558664551318,0.15643417725615438,0.0072485906106412035,14.302712065986551,2.6421053652356277e-16,answer
synthetic,"KDE, Variable",err_eci_rank_1,kurtosis,9388,0.12852459112657966,0.13517790860975387,0.006653317483174215,12.02074816422413,1.694607246684597e-13,answer
synthetic,"KDE, Variable",err_eci_rank_1,entropy_uw,10000,0.14918558664551318,0.15541481753588904,0.006229230890375859,12.276505712283436,8.178030175569465e-14,answer
synthetic,"KDE, Variable",err_eci_rank_1,skewness,10000,0.14918558664551318,0.15488210214310072,0.00569651549758754,11.219558915719457,1.6019300358267316e-12,answer
synthetic,"KDE, Variable",err_eci_rank_1,fit_norm_SF,10000,0.14918558664551318,0.15470895476056634,0.005523368115053162,10.876308555832098,4.1967417750540725e-12,answer
synthetic,"KDE, Variable",err_eci_rank_1,kurtosis_uw,9388,0.12852459112657966,0.13280635636193827,0.004281765235358614,7.714837659765254,2.7198302857680178e-08,answer
synthetic,"KDE, Variable",err_eci_rank_1,skewness_uw,10000,0.14918558664551318,0.15285205598472207,0.0036664693392088887,7.203981616466108,1.0947128682682325e-07,answer
synthetic,"KDE, Variable",err_eci_rank_1,coeffvar,10000,0.14918558664551318,0.1526116311227591,0.0034260444772459264,6.729678199302571,3.9682279344157257e-07,answer
synthetic,"KDE, Variable",err_eci_rank_1,crit_bw_1_uw,10000,0.14918558664551318,0.15188227502659846,0.002696688381085277,5.292470229244742,1.8538007955508998e-05,answer
synthetic,"KDE, Variable",err_eci_rank_1,crit_bw_1,10000,0.14918558664551318,0.151552836569272,0.0023672499237588074,4.644116531857789,0.00010108348093117959,answer
synthetic,"KDE, Variable",err_eci_rank_1,weight_outliers,10000,0.14918558664551318,0.15118006872472411,0.0019944820792109352,3.9110950373877795,0.0006606999563414115,answer
synthetic,"KDE, Variable",err_eci_rank_1,coeffvar_uw,10000,0.14918558664551318,0.15079236617293246,0.0016067795274192775,3.149388225982503,0.0043671772824819275,answer
synthetic,"KDE, Variable",err_eci_rank_1,weight_outliers_uw,10000,0.14918558664551318,0.15076744599693992,0.0015818593514267398,3.100452141216702,0.004916844694890323,answer
synthetic,"KDE, Variable",err_eci_rank_1,modes_fitted,7974,0.09351878412326242,0.09504243429682646,0.0015236501735640395,3.351766644069893,0.009488440862989918,answer
synthetic,"KDE, Variable",err_eci_rank_1,modality_index,10000,0.14918558664551318,0.15049388248307183,0.0013082958375586484,2.56344054117187,0.017553325359217796,answer
synthetic,"KDE, Variable",err_eci_rank_1,fit_norm_SF_uw,10000,0.14918558664551318,0.15047380575455993,0.001288219109046751,2.524043074284189,0.019226259448789768,answer
synthetic,"KDE, Variable",err_eci_rank_1,modality_index_uw,10000,0.14918558664551318,0.15030828369546878,0.001122697049955601,2.199302645644836,0.040119789771596207,answer
synthetic,"KDE, Variable",err_eci_rank_1,fit_lognorm_SF,10000,0.14918558664551318,0.15009205033400275,0.0009064636884895672,1.7752614387050574,0.09988309969785122,answer
synthetic,"KDE, Variable",err_eci_rank_1,fit_lognorm_SF_uw,10000,0.14918558664551318,0.1493637830775416,0.00017819643202843238,0.3486895516679907,0.9110133862295795,answer
synthetic,"KDE, Variable",err_eci_rank_1,modes_scipy_default,7974,0.09351878412326242,0.09368133868992246,0.00016255456666003365,0.7142891229759044,0.48957134627162063,answer
synthetic,"Normal, Uniform",err_ui,coeffvar_uw,10000,0.010163958754474733,0.5387936617257905,0.5286297029713157,1907.8318478628737,0.0,answer
synthetic,"Normal, Uniform",err_ui,coeffvar,10000,0.010163958754474733,0.5012887715710642,0.4911248128165895,1639.179557894595,0.0,answer
synthetic,"Normal, Uniform",err_ui,w_v_uw_wasserstein,10000,0.010163958754474733,0.38023528789983263,0.3700713291453579,993.8993223332985,0.0,answer
synthetic,"Normal, Uniform",err_ui,skewness_uw,10000,0.010163958754474733,0.16906944294005954,0.1589054841855848,318.31562358564935,0.0,answer
synthetic,"Normal, Uniform",err_ui,kurtosis_uw,9388,0.007323578553915966,0.14398213850510044,0.13665855995118448,249.44456129785794,6.267226146941824e-297,answer
synthetic,"Normal, Uniform",err_ui,fit_norm_SF_uw,10000,0.010163958754474733,0.13048338339215293,0.1203194246376782,230.32530774479497,1.6062456929031912e-276,answer
synthetic,"Normal, Uniform",err_ui,crit_bw_1_uw,10000,0.010163958754474733,0.12483998211662373,0.114676023362149,218.1066741919345,1.5624530893581147e-262,answer
synthetic,"Normal, Uniform",err_ui,crit_bw_1,10000,0.010163958754474733,0.11628225974441075,0.10611830098993602,199.8759377023057,1.6967507319525634e-241,answer
synthetic,"Normal, Uniform",err_ui,skewness,10000,0.010163958754474733,0.1125583331751635,0.10239437442068877,192.05255127701486,2.079647577455797e-232,answer
synthetic,"Normal, Uniform",err_ui,kurtosis,9388,0.007323578553915966,0.1070023511933833,0.09967877263946734,174.41040573545305,4.179360429549599e-211,answer
synthetic,"Normal, Uniform",err_ui,entropy_uw,10000,0.010163958754474733,0.10417698309688839,0.09401302434241365,174.68258357428675,4.260235312723887e-212,answer
synthetic,"Normal, Uniform",err_ui,entropy,10000,0.010163958754474733,0.09658830140089247,0.08642434264641774,159.23340217758002,7.081807063392485e-194,answer
synthetic,"Normal, Uniform",err_ui,fit_norm_SF,10000,0.010163958754474733,0.09282572469760075,0.08266176594312602,151.6693243604913,6.682225628976544e-185,answer
synthetic,"Normal, Uniform",err_ui,mean,10000,0.010163958754474733,0.07425698203237241,0.06409302327789768,115.240228849116,3.515057240644848e-141,answer
synthetic,"Normal, Uniform",err_ui,modality_index_uw,10000,0.010163958754474733,0.04597896177896077,0.035815003024486036,62.487167626218444,1.973131626881909e-76,answer
synthetic,"Normal, Uniform",err_ui,modality_index,10000,0.010163958754474733,0.0339203871474012,0.023756428392926465,40.930969387984966,1.5149467980258877e-49,answer
synthetic,"Normal, Uniform",err_ui,fit_lognorm_SF_uw,10000,0.010163958754474733,0.027872395916422876,0.017708437161948143,30.320807198813654,2.896294194110598e-36,answer
synthetic,"Normal, Uniform",err_ui,fit_lognorm_SF,10000,0.010163958754474733,0.02283664676882502,0.012672688014350286,21.586656038763387,2.3986948042085354e-25,answer
synthetic,"Normal, Uniform",err_ui,modes_fitted,7974,0.0030895919184932286,0.014327119642049024,0.011237527723555796,22.696280643883128,1.1466287932306711e-18,answer
synthetic,"Normal, Uniform",err_ui,modes_scipy_default,7974,0.0030895919184932286,0.00491778561475098,0.0018281936962577516,7.316763670472046,0.0006687832060650573,answer
synthetic,"Normal, Uniform",err_ui,weight_outliers,10000,0.010163958754474733,0.011754747358997397,0.0015907886045226638,2.6793628657985917,0.01340161744170613,answer
synthetic,"Normal, Uniform",err_ui,weight_outliers_uw,10000,0.010163958754474733,0.011448677162942289,0.0012847184084675556,2.163179332720092,0.04346276620492546,answer
synthetic,"Normal, Variable",err_ui,coeffvar_uw,10000,0.02142791985155823,0.5052164194215568,0.4837884995699986,1627.5114800552594,0.0,answer
synthetic,"Normal, Variable",err_ui,coeffvar,10000,0.02142791985155823,0.4914685407314465,0.4700406208798883,1538.5136930956335,0.0,answer
synthetic,"Normal, Variable",err_ui,w_v_uw_wasserstein,10000,0.02142791985155823,0.3255096630498512,0.30408174319829295,750.409655744212,0.0,answer
synthetic,"Normal, Variable",err_ui,skewness_uw,10000,0.02142791985155823,0.1498367652124456,0.12840884536088737,251.40645273446475,1.895752951583805e-300,answer
synthetic,"Normal, Variable",err_ui,kurtosis_uw,9388,0.015416386079648792,0.12497071683883842,0.10955433075918963,195.62618658066816,9.87782261814975e-236,answer
synthetic,"Normal, Variable",err_ui,fit_norm_SF_uw,10000,0.02142791985155823,0.11335153751890858,0.09192361766735035,172.56767262546026,1.3034040573368752e-209,answer
synthetic,"Normal, Variable",err_ui,crit_bw_1,10000,0.02142791985155823,0.11294379108743036,0.09151587123587213,171.72324159575663,1.2832221832449577e-208,answer
synthetic,"Normal, Variable",err_ui,crit_bw_1_uw,10000,0.02142791985155823,0.11284806825735816,0.09142014840579993,171.525114894973,2.1948386913512873e-208,answer
synthetic,"Normal, Variable",err_ui,skewness,10000,0.02142791985155823,0.09767095496089473,0.0762430351093365,140.64329707350907,9.351414112191724e-172,answer
synthetic,"Normal, Variable",err_ui,entropy_uw,10000,0.02142791985155823,0.09454478153489954,0.0731168616833413,134.41086184055436,2.722946672635469e-164,answer
synthetic,"Normal, Variable",err_ui,kurtosis,9388,0.015416386079648792,0.07854134489179809,0.0631249588121493,107.03979782185816,5.844077446875699e-131,answer
synthetic,"Normal, Variable",err_ui,fit_norm_SF,10000,0.02142791985155823,0.07997731830073607,0.058549398449177836,105.92725120500093,7.1674412194561744e-130,answer
synthetic,"Normal, Variable",err_ui,mean,10000,0.02142791985155823,0.07191893641094971,0.05049101655939148,90.55490986757235,4.3599277329436054e-111,answer
synthetic,"Normal, Variable",err_ui,entropy,10000,0.02142791985155823,0.06780198976211127,0.04637406991055304,82.80390916777168,1.4611896119178707e-101,answer
synthetic,"Normal, Variable",err_ui,modality_index_uw,10000,0.02142791985155823,0.050316069934069896,0.028888150082511665,50.63192530698354,1.1427307097253262e-61,answer
synthetic,"Normal, Variable",err_ui,modality_index,10000,0.02142791985155823,0.04894251669292182,0.027514596841363592,48.154866815408226,1.413300256272674e-58,answer
synthetic,"Normal, Variable",err_ui,fit_lognorm_SF_uw,10000,0.02142791985155823,0.03683811793221348,0.015410198080655246,26.63132250435705,1.1980595352720996e-31,answer
synthetic,"Normal, Variable",err_ui,modes_fitted,7974,0.008744793712932242,0.018479769089592146,0.009734975376659905,19.744781228920687,3.447906985295026e-16,answer
synthetic,"Normal, Variable",err_ui,fit_lognorm_SF,10000,0.02142791985155823,0.025505497866755045,0.004077578015196814,6.964768494268149,2.098037060171981e-07,answer
synthetic,"Normal, Variable",err_ui,modes_scipy_default,7974,0.008744793712932242,0.010449898764000154,0.0017051050510679122,6.862291113300979,0.0010527119340261756,answer
synthetic,"Normal, Variable",err_ui,weight_outliers,10000,0.02142791985155823,0.022891190572837505,0.001463270721279275,2.49267440030267,0.02066621681041753,answer
synthetic,"Normal, Variable",err_ui,weight_outliers_uw,10000,0.02142791985155823,0.022406731445190564,0.0009788115936323338,1.6665743822168797,0.12480181364571769,answer
synthetic,"Lognormal, Uniform",err_ui,coeffvar_uw,10000,0.02106587325195619,0.5718286747651302,0.550762801513174,2141.0697753190393,0.0,answer
synthetic,"Lognormal, Uniform",err_ui,coeffvar,10000,0.02106587325195619,0.5376333362397765,0.5165674629878203,1859.620533951643,0.0,answer
synthetic,"Lognormal, Uniform",err_ui,w_v_uw_wasserstein,10000,0.02106587325195619,0.41489254188500624,0.39382666863305005,1120.3488877950326,0.0,answer
synthetic,"Lognormal, Uniform",err_ui,skewness_uw,10000,0.02106587325195619,0.1889224013370342,0.167856528085078,344.4765229100018,0.0,answer
synthetic,"Lognormal, Uniform",err_ui,kurtosis_uw,9388,0.014624184042412836,0.15862209600434485,0.143997911961932,267.41460213302764,5.736009e-317,answer
synthetic,"Lognormal, Uniform",err_ui,crit_bw_1_uw,10000,0.02106587325195619,0.14794597655071384,0.12688010329875765,247.86213799664338,1.9171852961798348e-296,answer
synthetic,"Lognormal, Uniform",err_ui,fit_norm_SF_uw,10000,0.02106587325195619,0.14627598711889644,0.12521011386694025,244.1213218639396,3.2921079057639486e-292,answer
synthetic,"Lognormal, Uniform",err_ui,crit_bw_1,10000,0.02106587325195619,0.13536756491584656,0.11430169166389037,220.0416709512271,9.391176094906087e-265,answer
synthetic,"Lognormal, Uniform",err_ui,skewness,10000,0.02106587325195619,0.13109551227383642,0.11002963902188023,210.77614023054485,4.249752291637451e-254,answer
synthetic,"Lognormal, Uniform",err_ui,entropy_uw,10000,0.02106587325195619,0.12591146664400654,0.10484559339205035,199.65424958845924,3.0664992058437624e-241,answer
synthetic,"Lognormal, Uniform",err_ui,kurtosis,9388,0.014624184042412836,0.11279817088416899,0.09817398684175616,172.8996147281578,2.431223513670887e-209,answer
synthetic,"Lognormal, Uniform",err_ui,entropy,10000,0.02106587325195619,0.11252344874120057,0.09145757548924438,171.532570844742,2.150948784674001e-208,answer
synthetic,"Lognormal, Uniform",err_ui,fit_norm_SF,10000,0.02106587325195619,0.10715388781745194,0.08608801456549575,160.49070303278697,2.300319535118609e-195,answer
synthetic,"Lognormal, Uniform",err_ui,mean,10000,0.02106587325195619,0.0967099354129064,0.07564406216095021,139.38993287217932,2.9512370221307602e-170,answer
synthetic,"Lognormal, Uniform",err_ui,modality_index_uw,10000,0.02106587325195619,0.0556078664900872,0.03454199323813101,60.88058731618547,1.9581739750029725e-74,answer
synthetic,"Lognormal, Uniform",err_ui,modality_index,10000,0.02106587325195619,0.04375621817082809,0.022690344918871896,39.49628728065218,9.451985337193863e-48,answer
synthetic,"Lognormal, Uniform",err_ui,fit_lognorm_SF_uw,10000,0.02106587325195619,0.03963977096925386,0.01857389771729767,32.19235013682774,1.3149088109978794e-38,answer
synthetic,"Lognormal, Uniform",err_ui,modes_fitted,7974,0.004341770542666046,0.019927799719586803,0.015586029176920757,31.658777358522556,3.307367222222243e-26,answer
synthetic,"Lognormal, Uniform",err_ui,fit_lognorm_SF,10000,0.02106587325195619,0.031180124731358227,0.010114251479402037,17.376988248508493,4.151724523869552e-20,answer
synthetic,"Lognormal, Uniform",err_ui,modes_scipy_default,7974,0.004341770542666046,0.005866914705356274,0.0015251441626902285,6.109731903866699,0.0022315695996618875,answer
synthetic,"Lognormal, Uniform",err_ui,weight_outliers,10000,0.02106587325195619,0.022304222846157185,0.0012383495942009937,2.1082559091622795,0.0490496528653763,answer
synthetic,"Lognormal, Uniform",err_ui,weight_outliers_uw,10000,0.02106587325195619,0.021958718942146516,0.0008928456901903248,1.519508102678705,0.16722865804234718,answer
synthetic,"Lognormal, Variable",err_ui,coeffvar_uw,10000,0.03345104847614999,0.5125700327090799,0.47911898423292987,1636.1192433204092,0.0,answer
synthetic,"Lognormal, Variable",err_ui,coeffvar,10000,0.03345104847614999,0.4984880801069984,0.4650370316308484,1543.441159513602,0.0,answer
synthetic,"Lognormal, Variable",err_ui,w_v_uw_wasserstein,10000,0.03345104847614999,0.3451853061070408,0.3117342576308908,792.4099392788487,0.0,answer
synthetic,"Lognormal, Variable",err_ui,skewness_uw,10000,0.03345104847614999,0.1645496330756967,0.1310985845995467,261.19276824223004,1.8087004655663e-311,answer
synthetic,"Lognormal, Variable",err_ui,kurtosis_uw,9388,0.02618901605068824,0.1367851906220322,0.11059617457134396,200.18947878367527,5.4369980567559324e-241,answer
synthetic,"Lognormal, Variable",err_ui,crit_bw_1_uw,10000,0.03345104847614999,0.1312638352732155,0.09781278679706551,187.40946933516787,5.362267527727688e-227,answer
synthetic,"Lognormal, Variable",err_ui,fit_norm_SF_uw,10000,0.03345104847614999,0.12995711933063503,0.09650607085448504,184.62808961060261,9.489190142900588e-224,answer
synthetic,"Lognormal, Variable",err_ui,crit_bw_1,10000,0.03345104847614999,0.1293086029522822,0.0958575544761322,183.25080501143145,3.8659806657610645e-222,answer
synthetic,"Lognormal, Variable",err_ui,entropy_uw,10000,0.03345104847614999,0.11072325162363006,0.07727220314748007,144.63392006348155,1.60055826358948e-176,answer
synthetic,"Lognormal, Variable",err_ui,skewness,10000,0.03345104847614999,0.1076235967248178,0.07417254824866781,138.34992286526892,5.184223821121707e-169,answer
synthetic,"Lognormal, Variable",err_ui,kurtosis,9388,0.02618901605068824,0.08701904172745134,0.0608300256767631,104.10613086584038,2.1110510224158225e-127,answer
synthetic,"Lognormal, Variable",err_ui,fit_norm_SF,10000,0.03345104847614999,0.08899198593303626,0.055540937456886263,101.47867962684221,1.8899482022493512e-124,answer
synthetic,"Lognormal, Variable",err_ui,mean,10000,0.03345104847614999,0.08553141205967685,0.052080363583526856,94.795782302407,2.773592307342057e-116,answer
synthetic,"Lognormal, Variable",err_ui,entropy,10000,0.03345104847614999,0.0833792501930124,0.04992820171686241,90.66507797823361,3.194118377477238e-111,answer
synthetic,"Lognormal, Variable",err_ui,modality_index_uw,10000,0.03345104847614999,0.06304031377235175,0.02958926529620176,52.565049285974915,4.429896968810145e-64,answer
synthetic,"Lognormal, Variable",err_ui,modality_index,10000,0.03345104847614999,0.055512286569215585,0.022061238093065594,38.879204338743094,5.594615158884986e-47,answer
synthetic,"Lognormal, Variable",err_ui,fit_lognorm_SF_uw,10000,0.03345104847614999,0.05042987903487006,0.01697883055872007,29.762165890671863,1.449094590188461e-35,answer
synthetic,"Lognormal, Variable",err_ui,modes_fitted,7974,0.01576053912691866,0.026395233799840878,0.010634694672922218,21.74498231222442,7.22117354896813e-18,answer
synthetic,"Lognormal, Variable",err_ui,fit_lognorm_SF,10000,0.03345104847614999,0.03876228099355461,0.005311232517404618,9.19704496652275,4.5471318263559303e-10,answer
synthetic,"Lognormal, Variable",err_ui,modes_scipy_default,7974,0.01576053912691866,0.01752597371482878,0.0017654345879101196,7.1562637364944734,0.0007849882683996813,answer
synthetic,"Lognormal, Variable",err_ui,weight_outliers,10000,0.03345104847614999,0.035210919043514255,0.0017598705673642634,3.0362123879695977,0.005741360923591568,answer
synthetic,"Lognormal, Variable",err_ui,weight_outliers_uw,10000,0.03345104847614999,0.03444809265334392,0.0009970441771939287,1.7187890369352623,0.11220978996091699,answer
synthetic,"KDE, Uniform",err_ui,coeffvar_uw,10000,0.018182306958261396,0.5589372000174293,0.5407548930591679,2040.7219097429052,0.0,answer
synthetic,"KDE, Uniform",err_ui,coeffvar,10000,0.018182306958261396,0.522741858778695,0.5045595518204335,1759.7172294556572,0.0,answer
synthetic,"KDE, Uniform",err_ui,w_v_uw_wasserstein,10000,0.018182306958261396,0.4066153877966594,0.388433080838398,1089.5915562332702,0.0,answer
synthetic,"KDE, Uniform",err_ui,skewness_uw,10000,0.018182306958261396,0.20595162963121338,0.187769322672952,393.6057918536778,0.0,answer
synthetic,"KDE, Uniform",err_ui,kurtosis_uw,9388,0.01454835252480935,0.17715750893530569,0.16260915641049634,308.77939538907964,0.0,answer
synthetic,"KDE, Uniform",err_ui,fit_norm_SF_uw,10000,0.018182306958261396,0.16482195289570123,0.14663964593743983,292.2510852735419,0.0,answer
synthetic,"KDE, Uniform",err_ui,crit_bw_1_uw,10000,0.018182306958261396,0.15583823873894143,0.13765593178068003,271.4270048274356,0.0,answer
synthetic,"KDE, Uniform",err_ui,crit_bw_1,10000,0.018182306958261396,0.14450137415424624,0.12631906719598485,245.7725599966379,4.4379326459748824e-294,answer
synthetic,"KDE, Uniform",err_ui,skewness,10000,0.018182306958261396,0.1416233161016498,0.1234410091433884,239.36759184328164,8.141283225652959e-287,answer
synthetic,"KDE, Uniform",err_ui,entropy_uw,10000,0.018182306958261396,0.1363914238839471,0.1182091169256857,227.83362806295597,1.125003541251867e-273,answer
synthetic,"KDE, Uniform",err_ui,kurtosis,9388,0.01454835252480935,0.12943678310471685,0.1148884305799075,206.20348907148727,6.6714944771803074e-248,answer
synthetic,"KDE, Uniform",err_ui,entropy,10000,0.018182306958261396,0.12219563488524954,0.10401332792698814,197.23094486074862,1.9867827133278467e-238,answer
synthetic,"KDE, Uniform",err_ui,fit_norm_SF,10000,0.018182306958261396,0.11795389188880079,0.09977158493053939,188.27791607459423,5.2024426020109636e-228,answer
synthetic,"KDE, Uniform",err_ui,mean,10000,0.018182306958261396,0.08543447998323028,0.06725217302496889,122.39827497324414,7.760874923555714e-150,answer
synthetic,"KDE, Uniform",err_ui,modality_index_uw,10000,0.018182306958261396,0.05865723620727459,0.04047492924901319,71.5685320228548,1.0812044257331706e-87,answer
synthetic,"KDE, Uniform",err_ui,modality_index,10000,0.018182306958261396,0.0451061504451894,0.026923843486928,46.93164324483308,4.765662443876682e-57,answer
synthetic,"KDE, Uniform",err_ui,fit_lognorm_SF_uw,10000,0.018182306958261396,0.03965456387825661,0.021472256919995214,37.21637058813602,6.746020893862626e-45,answer
synthetic,"KDE, Uniform",err_ui,modes_fitted,7974,0.00828996251229841,0.022674971739179872,0.014385009226881462,29.3013647357159,3.189115022450233e-24,answer
synthetic,"KDE, Uniform",err_ui,fit_lognorm_SF,10000,0.018182306958261396,0.02957615045484241,0.011393843496581013,19.54306101292541,8.435606622315907e-23,answer
synthetic,"KDE, Uniform",err_ui,modes_scipy_default,7974,0.00828996251229841,0.01084965089434975,0.0025596883820513394,10.30577302099365,3.388759557495413e-05,answer
synthetic,"KDE, Uniform",err_ui,weight_outliers_uw,10000,0.018182306958261396,0.02008937409547429,0.0019070671372128922,3.239390579075205,0.003508179324100661,answer
synthetic,"KDE, Uniform",err_ui,weight_outliers,10000,0.018182306958261396,0.019801166487532607,0.0016188595292712105,2.7490256000570015,0.011379621517417978,answer
synthetic,"KDE, Variable",err_ui,coeffvar_uw,10000,0.03532041502902539,0.5332242825977163,0.49790386756869087,1775.5015024781812,0.0,answer
synthetic,"KDE, Variable",err_ui,coeffvar,10000,0.03532041502902539,0.519868599003236,0.4845481839742106,1679.811923466571,0.0,answer
synthetic,"KDE, Variable",err_ui,w_v_uw_wasserstein,10000,0.03532041502902539,0.3600477869662406,0.32472737193721524,844.6079247498146,0.0,answer
synthetic,"KDE, Variable",err_ui,skewness_uw,10000,0.03532041502902539,0.1980102794694164,0.16268986444039102,337.6567958774778,0.0,answer
synthetic,"KDE, Variable",err_ui,kurtosis_uw,9388,0.029217117804282378,0.17211855155216593,0.14290143374788356,269.70466683327,1.6586e-319,answer
synthetic,"KDE, Variable",err_ui,crit_bw_1_uw,10000,0.03532041502902539,0.16180605824601912,0.12648564321699374,251.17737393105682,3.438815100934991e-300,answer
synthetic,"KDE, Variable",err_ui,crit_bw_1,10000,0.03532041502902539,0.15695588075423506,0.12163546572520967,240.15615325179604,1.0354775685875366e-287,answer
synthetic,"KDE, Variable",err_ui,fit_norm_SF_uw,10000,0.03532041502902539,0.15644215107376735,0.12112173604474197,238.99621099264172,2.1507390765690393e-286,answer
synthetic,"KDE, Variable",err_ui,entropy_uw,10000,0.03532041502902539,0.1396323452986037,0.1043119302695783,201.80582915332047,9.848171509175827e-244,answer
synthetic,"KDE, Variable",err_ui,skewness,10000,0.03532041502902539,0.13777930489624524,0.10245888986721985,197.79486058782805,4.401305978127328e-239,answer
synthetic,"KDE, Variable",err_ui,kurtosis,9388,0.029217117804282378,0.1134281873391213,0.08421106953483892,148.41414341075625,1.5620047519063866e-180,answer
synthetic,"KDE, Variable",err_ui,fit_norm_SF,10000,0.03532041502902539,0.11797995876051093,0.08265954373148554,155.9905717649103,4.936551511725483e-190,answer
synthetic,"KDE, Variable",err_ui,entropy,10000,0.03532041502902539,0.10437931131774236,0.06905889628871698,128.34510672335543,5.2820099066016136e-157,answer
synthetic,"KDE, Variable",err_ui,mean,10000,0.03532041502902539,0.0873892473906791,0.052068832361653716,94.96772990913297,1.7083631560118314e-116,answer
synthetic,"KDE, Variable",err_ui,modality_index_uw,10000,0.03532041502902539,0.07215133493705594,0.03683091990803056,66.07226856629467,6.986610167388844e-81,answer
synthetic,"KDE, Variable",err_ui,modality_index,10000,0.03532041502902539,0.06988548250372562,0.03456506747470023,61.85642061206608,1.199246248500877e-75,answer
synthetic,"KDE, Variable",err_ui,fit_lognorm_SF_uw,10000,0.03532041502902539,0.054391049023506,0.019070633994480612,33.568919002969515,2.485568799692968e-40,answer
synthetic,"KDE, Variable",err_ui,modes_fitted,7974,0.019704471552372427,0.03464293122991702,0.014938459677544591,30.80594690310874,1.7270699558023493e-25,answer
synthetic,"KDE, Variable",err_ui,fit_lognorm_SF,10000,0.03532041502902539,0.03997839471121145,0.004657979682186064,8.076075724010758,1.0063139899329038e-08,answer
synthetic,"KDE, Variable",err_ui,modes_scipy_default,7974,0.019704471552372427,0.022100018563497748,0.0023955470111253208,9.755870899795278,5.864894488286006e-05,answer
synthetic,"KDE, Variable",err_ui,weight_outliers,10000,0.03532041502902539,0.03721883846726737,0.0018984234382419807,3.2820810576759203,0.003160655006191177,answer
synthetic,"KDE, Variable",err_ui,weight_outliers_uw,10000,0.03532041502902539,0.03714884409371855,0.00182842906469316,3.1608417973151695,0.004247432829948776,answer
synthetic,"Normal, Uniform",err_eci_p95,w_v_uw_wasserstein,10000,0.10055970640773193,0.4639031485412649,0.363343442133533,1128.1266767107993,0.0,answer
synthetic,"Normal, Uniform",err_eci_p95,coeffvar_uw,10000,0.10055970640773193,0.4399819646421792,0.33942225823444727,1008.8395608013834,0.0,answer
synthetic,"Normal, Uniform",err_eci_p95,coeffvar,10000,0.10055970640773193,0.40939192193499807,0.30883221552726614,870.3762136632314,0.0,answer
synthetic,"Normal, Uniform",err_eci_p95,skewness_uw,10000,0.10055970640773193,0.2632447134781605,0.16268500707042854,367.54292669836354,0.0,answer
synthetic,"Normal, Uniform",err_eci_p95,fit_norm_SF_uw,10000,0.10055970640773193,0.2489521263246126,0.14839241991688068,328.87275446625426,0.0,answer
synthetic,"Normal, Uniform",err_eci_p95,kurtosis_uw,9388,0.08578187500609202,0.22461962052710283,0.1388377455210108,279.7774913056878,0.0,answer
synthetic,"Normal, Uniform",err_eci_p95,entropy_uw,10000,0.10055970640773193,0.21744207473160926,0.11688236832387733,248.60869182095325,2.744700327889959e-297,answer
synthetic,"Normal, Uniform",err_eci_p95,entropy,10000,0.10055970640773193,0.21575044837801938,0.11519074197028745,244.48211620012833,1.28434334391186e-292,answer
synthetic,"Normal, Uniform",err_eci_p95,skewness,10000,0.10055970640773193,0.20050342957792877,0.09994372317019684,208.0763487565303,5.531453262354609e-251,answer
synthetic,"Normal, Uniform",err_eci_p95,kurtosis,9388,0.08578187500609202,0.1796543292005216,0.09387245419442958,178.7974446623842,3.1995243909255496e-216,answer
synthetic,"Normal, Uniform",err_eci_p95,mean,10000,0.10055970640773193,0.1930510636097461,0.09249135720201418,190.78265937300773,6.261915024842295e-231,answer
synthetic,"Normal, Uniform",err_eci_p95,fit_norm_SF,10000,0.10055970640773193,0.19247251889733497,0.09191281248960304,189.45346129897715,2.215802045024548e-229,answer
synthetic,"Normal, Uniform",err_eci_p95,crit_bw_1,10000,0.10055970640773193,0.18981964002058305,0.08925993361285112,183.3828204652668,2.7094738855911156e-222,answer
synthetic,"Normal, Uniform",err_eci_p95,crit_bw_1_uw,10000,0.10055970640773193,0.18939910342954713,0.0888393970218152,182.42414604825098,3.582368161776432e-221,answer
synthetic,"Normal, Uniform",err_eci_p95,modality_index_uw,10000,0.10055970640773193,0.125189606578074,0.024629900170342056,46.86326219007499,5.801651459652588e-57,answer
synthetic,"Normal, Uniform",err_eci_p95,weight_outliers_uw,10000,0.10055970640773193,0.11884740067895228,0.018287694271220345,34.54551134264485,1.4883921407299933e-41,answer
synthetic,"Normal, Uniform",err_eci_p95,modality_index,10000,0.10055970640773193,0.11421215073633773,0.013652444328605795,25.654555550581172,1.9946751280558434e-30,answer
synthetic,"Normal, Uniform",err_eci_p95,fit_lognorm_SF_uw,10000,0.10055970640773193,0.1125018695201615,0.011942163112429571,22.397489997969792,2.335897756592138e-26,answer
synthetic,"Normal, Uniform",err_eci_p95,modes_fitted,7974,0.04544301098459158,0.05335784274358846,0.007914831758996876,16.644569654375964,1.3628891159844957e-13,answer
synthetic,"Normal, Uniform",err_eci_p95,modes_scipy_default,7974,0.04544301098459158,0.05006433875775396,0.004621327773162376,19.37440461236199,4.038349464784421e-09,answer
synthetic,"Normal, Uniform",err_eci_p95,fit_lognorm_SF,10000,0.10055970640773193,0.10371709997098022,0.0031573935632482897,5.863641475092982,4.071985310431717e-06,answer
synthetic,"Normal, Uniform",err_eci_p95,weight_outliers,10000,0.10055970640773193,0.1034895876695624,0.0029298812618304693,5.4397442497515245,1.256294996307599e-05,answer
synthetic,"Normal, Variable",err_eci_p95,coeffvar_uw,10000,0.21743515840697747,0.5069475156023349,0.2895123571953574,977.3671846322299,0.0,answer
synthetic,"Normal, Variable",err_eci_p95,coeffvar,10000,0.21743515840697747,0.5017025356685513,0.2842673772615738,949.5594164556281,0.0,answer
synthetic,"Normal, Variable",err_eci_p95,w_v_uw_wasserstein,10000,0.21743515840697747,0.441157557474395,0.22372239906741753,666.3522755443803,0.0,answer
synthetic,"Normal, Variable",err_eci_p95,skewness_uw,10000,0.21743515840697747,0.34602573973248263,0.12859058132550516,327.2896742583534,0.0,answer
synthetic,"Normal, Variable",err_eci_p95,kurtosis_uw,9388,0.19836684259834692,0.30977129315288066,0.11140445055453374,252.19097998196415,5.2715568216897715e-300,answer
synthetic,"Normal, Variable",err_eci_p95,fit_norm_SF_uw,10000,0.21743515840697747,0.3232395896750555,0.10580443126807804,260.2272135882718,2.19905914619036e-310,answer
synthetic,"Normal, Variable",err_eci_p95,entropy_uw,10000,0.21743515840697747,0.30263697869317774,0.08520182028620027,203.36385144228026,1.547503007208626e-245,answer
synthetic,"Normal, Variable",err_eci_p95,skewness,10000,0.21743515840697747,0.29829291393939095,0.08085775553241348,191.80044887287534,4.087624477338429e-232,answer
synthetic,"Normal, Variable",err_eci_p95,crit_bw_1_uw,10000,0.21743515840697747,0.2962498668656075,0.07881470845863003,186.41144925273838,7.83822714793912e-226,answer
synthetic,"Normal, Variable",err_eci_p95,fit_norm_SF,10000,0.21743515840697747,0.2896504591256236,0.07221530071864612,169.21580310761965,1.1485276209310399e-205,answer
synthetic,"Normal, Variable",err_eci_p95,crit_bw_1,10000,0.21743515840697747,0.2895864473409687,0.07215128893399125,169.0505762187638,1.7979919185640116e-205,answer
synthetic,"Normal, Variable",err_eci_p95,entropy,10000,0.21743515840697747,0.27603416003424897,0.058599001627271496,134.7274040073599,1.1359400202534819e-164,answer
synthetic,"Normal, Variable",err_eci_p95,kurtosis,9388,0.19836684259834692,0.25396205121700544,0.05559520861865852,116.4384648372917,2.5502645160573306e-142,answer
synthetic,"Normal, Variable",err_eci_p95,mean,10000,0.21743515840697747,0.26664992658656317,0.0492147681795857,111.70378868802248,6.826185582492845e-137,answer
synthetic,"Normal, Variable",err_eci_p95,modality_index_uw,10000,0.21743515840697747,0.24175903375454688,0.024323875347569412,53.3960737000368,4.075528998154984e-65,answer
synthetic,"Normal, Variable",err_eci_p95,modality_index,10000,0.21743515840697747,0.23631402198468543,0.01887886357770796,41.147630478642625,8.116030741133203e-50,answer
synthetic,"Normal, Variable",err_eci_p95,fit_lognorm_SF_uw,10000,0.21743515840697747,0.23106102724276145,0.013625868835783983,29.495524977536512,3.124861783533241e-35,answer
synthetic,"Normal, Variable",err_eci_p95,modes_fitted,7974,0.148927362622011,0.15657075060854997,0.007643387986538963,18.04072439411035,9.24586352361481e-15,answer
synthetic,"Normal, Variable",err_eci_p95,weight_outliers_uw,10000,0.21743515840697747,0.22132975791701093,0.0038945995100334585,8.325168388494584,5.069588100389267e-09,answer
synthetic,"Normal, Variable",err_eci_p95,modes_scipy_default,7974,0.148927362622011,0.1525834563402274,0.003656093718216402,17.182096976669825,3.5806441665277764e-08,answer
synthetic,"Normal, Variable",err_eci_p95,weight_outliers,10000,0.21743515840697747,0.2200352889150745,0.0026001305080970427,5.548862877023424,9.409036804731776e-06,answer
synthetic,"Normal, Variable",err_eci_p95,fit_lognorm_SF,10000,0.21743515840697747,0.2191759209687113,0.001740762561733833,3.710822145239981,0.001093279577334697,answer
synthetic,"Lognormal, Uniform",err_eci_p95,w_v_uw_wasserstein,10000,0.10344943666860784,0.4884701863948331,0.38502074972622524,1252.8439611419524,0.0,answer
synthetic,"Lognormal, Uniform",err_eci_p95,coeffvar_uw,10000,0.10344943666860784,0.4311041612377329,0.32765472456912503,958.6663355314421,0.0,answer
synthetic,"Lognormal, Uniform",err_eci_p95,coeffvar,10000,0.10344943666860784,0.40665232783292315,0.3032028911643153,850.5657576775544,0.0,answer
synthetic,"Lognormal, Uniform",err_eci_p95,skewness_uw,10000,0.10344943666860784,0.2436648898013669,0.14021545313275907,308.5783253909547,0.0,answer
synthetic,"Lognormal, Uniform",err_eci_p95,fit_norm_SF_uw,10000,0.10344943666860784,0.22975336977200644,0.1263039331033986,272.9423127607555,0.0,answer
synthetic,"Lognormal, Uniform",err_eci_p95,kurtosis_uw,9388,0.08700227047181264,0.21043113150770876,0.12342886103589612,244.25683821204342,4.151494595798624e-291,answer
synthetic,"Lognormal, Uniform",err_eci_p95,entropy,10000,0.10344943666860784,0.21223089514836324,0.1087814584797554,229.84747246930144,5.638801059852874e-276,answer
synthetic,"Lognormal, Uniform",err_eci_p95,entropy_uw,10000,0.10344943666860784,0.20756317597674345,0.10411373930813561,218.68912930944995,3.349668284185023e-263,answer
synthetic,"Lognormal, Uniform",err_eci_p95,mean,10000,0.10344943666860784,0.204708814481396,0.10125937781278815,211.93021806154948,1.987697083037528e-255,answer
synthetic,"Lognormal, Uniform",err_eci_p95,crit_bw_1_uw,10000,0.10344943666860784,0.1939514998345151,0.09050206316590725,186.88786606355015,2.17810077756097e-226,answer
synthetic,"Lognormal, Uniform",err_eci_p95,crit_bw_1,10000,0.10344943666860784,0.19303671404009692,0.08958727737148908,184.78910475767665,6.152897364231265e-224,answer
synthetic,"Lognormal, Uniform",err_eci_p95,skewness,10000,0.10344943666860784,0.1913613869463454,0.08791195027773757,180.95777133955025,1.8636178093016695e-219,answer
synthetic,"Lognormal, Uniform",err_eci_p95,fit_norm_SF,10000,0.10344943666860784,0.18753083596800213,0.08408139929939429,172.25698565506417,3.0231471567013013e-209,answer
synthetic,"Lognormal, Uniform",err_eci_p95,kurtosis,9388,0.08700227047181264,0.16757431638439102,0.08057204591257838,151.23731068891192,7.114823332565696e-184,answer
synthetic,"Lognormal, Uniform",err_eci_p95,modality_index_uw,10000,0.10344943666860784,0.13090728346424607,0.02745784679563823,52.58769878260707,4.150953808948902e-64,answer
synthetic,"Lognormal, Uniform",err_eci_p95,modality_index,10000,0.10344943666860784,0.11989955654006657,0.016450119871458724,31.111476797352204,2.9653091608311516e-37,answer
synthetic,"Lognormal, Uniform",err_eci_p95,fit_lognorm_SF_uw,10000,0.10344943666860784,0.11920656983915301,0.015757133170545168,29.77741121159676,1.3868033542315804e-35,answer
synthetic,"Lognormal, Uniform",err_eci_p95,weight_outliers_uw,10000,0.10344943666860784,0.11789827930146057,0.014448842632852732,27.2645410365349,1.9339523800793577e-32,answer
synthetic,"Lognormal, Uniform",err_eci_p95,modes_fitted,7974,0.045048870369287286,0.04918138122889526,0.004132510859607974,8.652329509909395,5.777606712222231e-07,answer
synthetic,"Lognormal, Uniform",err_eci_p95,fit_lognorm_SF,10000,0.10344943666860784,0.10744976741734635,0.004000330748738512,7.460140940200384,5.44326466516313e-08,answer
synthetic,"Lognormal, Uniform",err_eci_p95,weight_outliers,10000,0.10344943666860784,0.10701437285274706,0.0035649361841392224,6.644940409014293,4.990475982807459e-07,answer
synthetic,"Lognormal, Uniform",err_eci_p95,modes_scipy_default,7974,0.045048870369287286,0.04561830948890633,0.0005694391196190418,2.376189020001553,0.09296981427600087,answer
synthetic,"Lognormal, Variable",err_eci_p95,coeffvar_uw,10000,0.24158450211213223,0.5177998062965947,0.2762153041844625,953.4636854539098,0.0,answer
synthetic,"Lognormal, Variable",err_eci_p95,coeffvar,10000,0.24158450211213223,0.509005916454406,0.26742141434227373,906.574965136785,0.0,answer
synthetic,"Lognormal, Variable",err_eci_p95,w_v_uw_wasserstein,10000,0.24158450211213223,0.46686914556675896,0.22528464345462673,703.3663235058218,0.0,answer
synthetic,"Lognormal, Variable",err_eci_p95,skewness_uw,10000,0.24158450211213223,0.34928792220750304,0.10770342009537082,275.5017908333834,0.0,answer
synthetic,"Lognormal, Variable",err_eci_p95,kurtosis_uw,9388,0.21937054581962323,0.31604376160162384,0.09667321578200061,220.85024037955267,1.2239503026122874e-264,answer
synthetic,"Lognormal, Variable",err_eci_p95,fit_norm_SF_uw,10000,0.24158450211213223,0.33279880024255704,0.09121429813042481,227.55684386252264,2.330503055344729e-273,answer
synthetic,"Lognormal, Variable",err_eci_p95,crit_bw_1_uw,10000,0.24158450211213223,0.32273577030753564,0.08115126819540341,199.4439983528809,5.375701354025713e-241,answer
synthetic,"Lognormal, Variable",err_eci_p95,crit_bw_1,10000,0.24158450211213223,0.3184957469135925,0.07691124480146028,187.84734855616423,1.6536958291366754e-227,answer
synthetic,"Lognormal, Variable",err_eci_p95,entropy_uw,10000,0.24158450211213223,0.317159799984577,0.07557529787244477,184.2233121392723,2.8202630666970343e-223,answer
synthetic,"Lognormal, Variable",err_eci_p95,skewness,10000,0.24158450211213223,0.30863913238881746,0.06705463027668523,161.43874686050765,1.7384713284501218e-196,answer
synthetic,"Lognormal, Variable",err_eci_p95,fit_norm_SF,10000,0.24158450211213223,0.3046542204612869,0.06306971834915465,150.9745931898953,4.477102303664084e-184,answer
synthetic,"Lognormal, Variable",err_eci_p95,kurtosis,9388,0.21937054581962323,0.2770309202892941,0.05766037446967087,124.61713458743172,3.701652365071903e-152,answer
synthetic,"Lognormal, Variable",err_eci_p95,mean,10000,0.24158450211213223,0.297698978022757,0.056114475910624795,132.9950295249058,1.3616173825737454e-162,answer
synthetic,"Lognormal, Variable",err_eci_p95,entropy,10000,0.24158450211213223,0.2972472095225205,0.05566270741038826,131.83949994939283,3.3237592965410304e-161,answer
synthetic,"Lognormal, Variable",err_eci_p95,modality_index_uw,10000,0.24158450211213223,0.26949359489014646,0.027909092778014233,63.59244026343459,8.360963658788908e-78,answer
synthetic,"Lognormal, Variable",err_eci_p95,modality_index,10000,0.24158450211213223,0.26707730803368346,0.02549280592155123,57.895294990228216,1.0125710038861427e-70,answer
synthetic,"Lognormal, Variable",err_eci_p95,fit_lognorm_SF_uw,10000,0.24158450211213223,0.2574402982221131,0.01585579610998089,35.54188647979915,8.419332612146218e-43,answer
synthetic,"Lognormal, Variable",err_eci_p95,modes_fitted,7974,0.1644399501538022,0.16847102103055644,0.00403107087675425,9.650721202578183,8.775527702264151e-08,answer
synthetic,"Lognormal, Variable",err_eci_p95,fit_lognorm_SF,10000,0.24158450211213223,0.24457522003816123,0.0029907179260290073,6.58973615894207,5.793322255378846e-07,answer
synthetic,"Lognormal, Variable",err_eci_p95,weight_outliers_uw,10000,0.24158450211213223,0.24352443011428815,0.0019399280021559218,4.268492319026771,0.00026615717846077013,answer
synthetic,"Lognormal, Variable",err_eci_p95,weight_outliers,10000,0.24158450211213223,0.24349580684982808,0.0019113047376958514,4.205352415360929,0.0003128162473785196,answer
synthetic,"Lognormal, Variable",err_eci_p95,modes_scipy_default,7974,0.1644399501538022,0.16494132811867945,0.0005013779648772587,2.3911346739572346,0.0915914703564748,answer
synthetic,"KDE, Uniform",err_eci_p95,w_v_uw_wasserstein,10000,0.12585919818373548,0.5169402876636393,0.39108108947990383,1347.5652322378567,0.0,answer
synthetic,"KDE, Uniform",err_eci_p95,coeffvar_uw,10000,0.12585919818373548,0.4583157712994428,0.3324565731157073,1021.5803537027101,0.0,answer
synthetic,"KDE, Uniform",err_eci_p95,coeffvar,10000,0.12585919818373548,0.4231526956007913,0.2972934974170558,857.8440475960525,0.0,answer
synthetic,"KDE, Uniform",err_eci_p95,skewness_uw,10000,0.12585919818373548,0.3097216538834223,0.18386245569968684,443.35601606781876,0.0,answer
synthetic,"KDE, Uniform",err_eci_p95,fit_norm_SF_uw,10000,0.12585919818373548,0.2972782074549136,0.17141900927117815,406.03115480237454,0.0,answer
synthetic,"KDE, Uniform",err_eci_p95,kurtosis_uw,9388,0.11215931836733917,0.26682310890325134,0.15466379053591217,329.60964215724795,0.0,answer
synthetic,"KDE, Uniform",err_eci_p95,skewness,10000,0.12585919818373548,0.2503733323170826,0.12451413413334711,276.47599158334907,0.0,answer
synthetic,"KDE, Uniform",err_eci_p95,entropy,10000,0.12585919818373548,0.24999649347781494,0.12413729529407946,275.50074929000783,0.0,answer
synthetic,"KDE, Uniform",err_eci_p95,entropy_uw,10000,0.12585919818373548,0.24473709047204117,0.1188778922883057,261.9912208287251,2.294302598183e-312,answer
synthetic,"KDE, Uniform",err_eci_p95,fit_norm_SF,10000,0.12585919818373548,0.2429812707421215,0.11712207255838603,257.5229412943941,2.418386631840817e-307,answer
synthetic,"KDE, Uniform",err_eci_p95,kurtosis,9388,0.11215931836733917,0.21944107126320844,0.10728175289586928,214.7534705305008,1.0915799296141291e-257,answer
synthetic,"KDE, Uniform",err_eci_p95,mean,10000,0.12585919818373548,0.22762866248916513,0.10176946430542966,219.31843545917633,6.347842961428671e-264,answer
synthetic,"KDE, Uniform",err_eci_p95,crit_bw_1_uw,10000,0.12585919818373548,0.22687210663375912,0.10101290845002364,217.47499677316162,8.305380416115249e-262,answer
synthetic,"KDE, Uniform",err_eci_p95,crit_bw_1,10000,0.12585919818373548,0.22306488109668388,0.0972056829129484,208.25272956767617,3.4612538832783576e-251,answer
synthetic,"KDE, Uniform",err_eci_p95,modality_index_uw,10000,0.12585919818373548,0.16592270442306145,0.040063506239325974,79.95147031215015,4.774980916169129e-98,answer
synthetic,"KDE, Uniform",err_eci_p95,weight_outliers_uw,10000,0.12585919818373548,0.15599974997737942,0.030140551793643944,59.44186445344761,1.2050880743613988e-72,answer
synthetic,"KDE, Uniform",err_eci_p95,modality_index,10000,0.12585919818373548,0.1546890140906746,0.028829815906939116,56.768726985700994,2.558224107686809e-69,answer
synthetic,"KDE, Uniform",err_eci_p95,fit_lognorm_SF_uw,10000,0.12585919818373548,0.13753379791862053,0.01167459973488505,22.531168423551364,1.5908489948942566e-26,answer
synthetic,"KDE, Uniform",err_eci_p95,weight_outliers,10000,0.12585919818373548,0.13533505099857002,0.00947585281483454,18.241235554311945,3.5080006076853886e-21,answer
synthetic,"KDE, Uniform",err_eci_p95,modes_fitted,7974,0.07534745847812208,0.08121466191613247,0.005867203438010393,12.712583407761144,2.5849688447313823e-10,answer
synthetic,"KDE, Uniform",err_eci_p95,fit_lognorm_SF,10000,0.12585919818373548,0.13026159324661601,0.0044023950628805375,8.425276525982548,3.846934582419677e-09,answer
synthetic,"KDE, Uniform",err_eci_p95,modes_scipy_default,7974,0.07534745847812208,0.0783429341764239,0.0029954756983018305,12.943514904675574,2.4424070152756493e-06,answer
synthetic,"KDE, Variable",err_eci_p95,coeffvar,10000,0.29231821668580593,0.5577556683660789,0.265437451680273,999.0419474444337,0.0,answer
synthetic,"KDE, Variable",err_eci_p95,coeffvar_uw,10000,0.29231821668580593,0.5558401752943845,0.2635219586085785,987.5551000018968,0.0,answer
synthetic,"KDE, Variable",err_eci_p95,w_v_uw_wasserstein,10000,0.29231821668580593,0.49420769487092464,0.2018894781851187,664.3933350337811,0.0,answer
synthetic,"KDE, Variable",err_eci_p95,skewness_uw,10000,0.29231821668580593,0.42162974794247654,0.1293115312566706,372.1475006901307,0.0,answer
synthetic,"KDE, Variable",err_eci_p95,kurtosis_uw,9388,0.2798148698279539,0.39887413819555406,0.11905926836760017,309.4694782652578,0.0,answer
synthetic,"KDE, Variable",err_eci_p95,fit_norm_SF_uw,10000,0.29231821668580593,0.40085979644914616,0.10854157976334022,301.54454407389005,0.0,answer
synthetic,"KDE, Variable",err_eci_p95,crit_bw_1,10000,0.29231821668580593,0.3804685579417205,0.08815034125591459,236.83421544029935,6.169499377194138e-284,answer
synthetic,"KDE, Variable",err_eci_p95,crit_bw_1_uw,10000,0.29231821668580593,0.3775202843984088,0.08520206771260286,227.8288563516766,1.1392168272343653e-273,answer
synthetic,"KDE, Variable",err_eci_p95,entropy_uw,10000,0.29231821668580593,0.3748051324349192,0.08248691574911327,219.61068202484364,2.9325034037535707e-264,answer
synthetic,"KDE, Variable",err_eci_p95,skewness,10000,0.29231821668580593,0.3710128333929166,0.07869461670711064,208.2509730930822,3.4774504993378006e-251,answer
synthetic,"KDE, Variable",err_eci_p95,fit_norm_SF,10000,0.29231821668580593,0.3696459229353155,0.07732770624950958,204.1899493244664,1.7133612204557042e-246,answer
synthetic,"KDE, Variable",err_eci_p95,kurtosis,9388,0.2798148698279539,0.33750105609529835,0.05768618626734445,136.0525429844177,7.702631446218254e-166,answer
synthetic,"KDE, Variable",err_eci_p95,entropy,10000,0.29231821668580593,0.3451818703042787,0.05286365361847278,134.37555781913935,3.001851595473414e-164,answer
synthetic,"KDE, Variable",err_eci_p95,mean,10000,0.29231821668580593,0.3430353109217018,0.050717094235895877,128.4979311050729,3.458641817632147e-157,answer
synthetic,"KDE, Variable",err_eci_p95,modality_index,10000,0.29231821668580593,0.3316367644848319,0.039318547799025994,97.91939372762457,4.193370737703392e-120,answer
synthetic,"KDE, Variable",err_eci_p95,modality_index_uw,10000,0.29231821668580593,0.325673675010965,0.03335545832515907,82.33426209948153,5.533447987541441e-101,answer
synthetic,"KDE, Variable",err_eci_p95,fit_lognorm_SF_uw,10000,0.29231821668580593,0.30363345453959434,0.011315237853788407,27.046407571429945,3.6249871098395747e-32,answer
synthetic,"KDE, Variable",err_eci_p95,weight_outliers_uw,10000,0.29231821668580593,0.2998355098828448,0.007517293197038866,17.87084992610471,1.0119339292289547e-20,answer
synthetic,"KDE, Variable",err_eci_p95,modes_fitted,7974,0.2420696363868613,0.24938249062631912,0.007312854239457822,19.394784154912553,6.7779985694183e-16,answer
synthetic,"KDE, Variable",err_eci_p95,weight_outliers,10000,0.29231821668580593,0.2976466963942487,0.005328479708442746,12.627910240003093,3.033090793975143e-14,answer
synthetic,"KDE, Variable",err_eci_p95,modes_scipy_default,7974,0.2420696363868613,0.2463554181678297,0.00428578178096839,22.64744729035609,1.5566804402101292e-10,answer
synthetic,"KDE, Variable",err_eci_p95,fit_lognorm_SF,10000,0.29231821668580593,0.293559862172731,0.0012416454869250693,2.9255400455348917,0.0074866924208025175,answer
