group,claim,method,error,error_portfolio,scale,n_units,total_error,portfolio_error,rank,stakes,best_error,excess,best_method,methods_differ,corpus,weight_rho,mixed_threshold
magnitude,the total: its mean,Feasible@10,0.4093713293829792,0.13076231417209683,4.238275861631685,2500,0.0965891184877655,0.030852714273712924,23,0.0572205692609543,0.08468859100044986,0.01190052748731564,Mixed@70,True,2026-09-25,0.5,81
magnitude,the total: its mean,Feasible@100,0.4089671211684388,0.1811508098961286,4.238275861631685,2500,0.09649374758041149,0.04274162791904436,22,0.0572205692609543,0.08468859100044986,0.011805156579961631,Mixed@70,True,2026-09-25,0.5,81
magnitude,the total: its mean,Feasible@1000,0.413186147167882,0.20693383855659558,4.238275861631685,2500,0.09748920567166912,0.04882500462745447,27,0.0572205692609543,0.08468859100044986,0.012800614671219263,Mixed@70,True,2026-09-25,0.5,81
magnitude,the total: its mean,Feasible@10000,0.41756767930228206,0.2219422757026297,4.238275861631685,2500,0.09852300627300922,0.0523661703363463,29,0.0572205692609543,0.08468859100044986,0.013834415272559367,Mixed@70,True,2026-09-25,0.5,81
magnitude,the total: its mean,Feasible@130,0.4098042108714879,0.18488136241904404,4.238275861631685,2500,0.0966912547107583,0.04362183313567205,24,0.0572205692609543,0.08468859100044986,0.012002663710308448,Mixed@70,True,2026-09-25,0.5,81
magnitude,the total: its mean,Feasible@20,0.40703875122083527,0.1545217786589694,4.238275861631685,2500,0.09603875833229276,0.036458641132311856,17,0.0572205692609543,0.08468859100044986,0.011350167331842909,Mixed@70,True,2026-09-25,0.5,81
magnitude,the total: its mean,Feasible@200,0.4105649241548412,0.1907146114801224,4.238275861631685,2500,0.09687074120672709,0.04499815908790316,25,0.0572205692609543,0.08468859100044986,0.012182150206277234,Mixed@70,True,2026-09-25,0.5,81
magnitude,the total: its mean,Feasible@3,0.4176462846864817,0.06709563922724138,4.238275861631685,2500,0.0985415528204181,0.015830880626399427,32,0.0572205692609543,0.08468859100044986,0.013852961819968243,Mixed@70,True,2026-09-25,0.5,81
magnitude,the total: its mean,Feasible@30,0.4073582495804088,0.16219939010872414,4.238275861631685,2500,0.09611414237288009,0.0382701351691344,18,0.0572205692609543,0.08468859100044986,0.011425551372430232,Mixed@70,True,2026-09-25,0.5,81
magnitude,the total: its mean,Feasible@300,0.4112129451183438,0.19506220905378147,4.238275861631685,2500,0.09702363851324008,0.04602395299929459,26,0.0572205692609543,0.08468859100044986,0.012335047512790229,Mixed@70,True,2026-09-25,0.5,81
magnitude,the total: its mean,Feasible@3000,0.41555044998943486,0.21466102793018593,4.238275861631685,2500,0.09804705110191977,0.05064819632753778,28,0.0572205692609543,0.08468859100044986,0.013358460101469918,Mixed@70,True,2026-09-25,0.5,81
magnitude,the total: its mean,Feasible@50,0.4078998162403883,0.17103967229313694,4.238275861631685,2500,0.09624192231870245,0.04035595555294712,19,0.0572205692609543,0.08468859100044986,0.011553331318252591,Mixed@70,True,2026-09-25,0.5,81
magnitude,the total: its mean,Feasible@70,0.40843079859809833,0.17624172540953478,4.238275861631685,2500,0.09636720495132127,0.04158335397773845,20,0.0572205692609543,0.08468859100044986,0.011678613950871414,Mixed@70,True,2026-09-25,0.5,81
magnitude,the total: its mean,Feasible@81,0.4085045218879407,0.1783322476433868,4.238275861631685,2500,0.0963845995929749,0.04207660224710598,21,0.0572205692609543,0.08468859100044986,0.01169600859252505,Mixed@70,True,2026-09-25,0.5,81
magnitude,the total: its mean,"KDE, Uniform",0.4176462846864817,0.06709563922724138,4.238275861631685,2500,0.0985415528204181,0.015830880626399427,32,0.0572205692609543,0.08468859100044986,0.013852961819968243,Mixed@70,True,2026-09-25,0.5,81
magnitude,the total: its mean,"KDE, Variable",0.42289260856447036,0.038454328593578814,4.238275861631685,2500,0.09977939671007206,0.00907310657659135,34,0.0572205692609543,0.08468859100044986,0.015090805709622207,Mixed@70,True,2026-09-25,0.5,81
magnitude,the total: its mean,"Lognormal, Uniform",0.41756767930228206,0.2219422757026297,4.238275861631685,2500,0.09852300627300922,0.0523661703363463,29,0.0572205692609543,0.08468859100044986,0.013834415272559367,Mixed@70,True,2026-09-25,0.5,81
magnitude,the total: its mean,"Lognormal, Variable",0.39984807557246266,0.15933022169014624,4.238275861631685,2500,0.09434215436333726,0.037593169225376005,15,0.0572205692609543,0.08468859100044986,0.009653563362887405,Mixed@70,True,2026-09-25,0.5,81
magnitude,the total: its mean,Mixed,0.35991293101235705,0.12114834332374394,4.238275861631685,2500,0.0849196566628853,0.028584345917753284,4,0.0572205692609543,0.08468859100044986,0.00023106566243544235,Mixed@70,True,2026-09-25,0.5,81
magnitude,the total: its mean,Mixed@10,0.3909975907696256,0.0259428964583135,4.238275861631685,2500,0.09225392672271603,0.006121096716041933,13,0.0572205692609543,0.08468859100044986,0.00756533572226617,Mixed@70,True,2026-09-25,0.5,81
magnitude,the total: its mean,Mixed@100,0.36005935543036705,0.1273830156307548,4.238275861631685,2500,0.08495420477225579,0.03005538567791901,5,0.0572205692609543,0.08468859100044986,0.0002656137718059365,Mixed@70,True,2026-09-25,0.5,81
magnitude,the total: its mean,Mixed@1000,0.38567602881628515,0.18305881440121502,4.238275861631685,2500,0.09099833078534075,0.0431918120428196,12,0.0572205692609543,0.08468859100044986,0.006309739784890897,Mixed@70,True,2026-09-25,0.5,81
magnitude,the total: its mean,Mixed@10000,0.41756767930228206,0.2219422757026297,4.238275861631685,2500,0.09852300627300922,0.0523661703363463,29,0.0572205692609543,0.08468859100044986,0.013834415272559367,Mixed@70,True,2026-09-25,0.5,81
magnitude,the total: its mean,Mixed@130,0.36279475745828166,0.13597870583771085,4.238275861631685,2500,0.08559960920491147,0.03208349580750525,6,0.0572205692609543,0.08468859100044986,0.0009110182044616139,Mixed@70,True,2026-09-25,0.5,81
magnitude,the total: its mean,Mixed@20,0.37588184433693916,0.05804358407929219,4.238275861631685,2500,0.08868744192413874,0.013695093470613807,10,0.0572205692609543,0.08468859100044986,0.0039988509236888875,Mixed@70,True,2026-09-25,0.5,81
magnitude,the total: its mean,Mixed@200,0.36604237900177594,0.14977599621643423,4.238275861631685,2500,0.08636586927139142,0.03533889749186177,7,0.0572205692609543,0.08468859100044986,0.0016772782709415651,Mixed@70,True,2026-09-25,0.5,81
magnitude,the total: its mean,Mixed@3,0.42289260856447036,0.038454328593578814,4.238275861631685,2500,0.09977939671007206,0.00907310657659135,34,0.0572205692609543,0.08468859100044986,0.015090805709622207,Mixed@70,True,2026-09-25,0.5,81
magnitude,the total: its mean,Mixed@30,0.3682792129929419,0.0771632427213912,4.238275861631685,2500,0.08689363906840147,0.018206281337167205,8,0.0572205692609543,0.08468859100044986,0.0022050480679516177,Mixed@70,True,2026-09-25,0.5,81
magnitude,the total: its mean,Mixed@300,0.369351935892758,0.15846130360850216,4.238275861631685,2500,0.08714674267346108,0.037388152348227864,9,0.0572205692609543,0.08468859100044986,0.002458151673011222,Mixed@70,True,2026-09-25,0.5,81
magnitude,the total: its mean,Mixed@3000,0.39970310317175245,0.2032513933130413,4.238275861631685,2500,0.09430794885018919,0.04795615008287638,14,0.0572205692609543,0.08468859100044986,0.00961935784973933,Mixed@70,True,2026-09-25,0.5,81
magnitude,the total: its mean,Mixed@50,0.35941550633578134,0.10071887235224988,4.238275861631685,2500,0.08480229179735618,0.023764114380576053,2,0.0572205692609543,0.08468859100044986,0.00011370079690632695,Mixed@70,True,2026-09-25,0.5,81
magnitude,the total: its mean,Mixed@70,0.35893361099280496,0.11806950462986676,4.238275861631685,2500,0.08468859100044986,0.02785790932079901,1,0.0572205692609543,0.08468859100044986,0.0,Mixed@70,True,2026-09-25,0.5,81
magnitude,the total: its mean,MixedKDE@81,0.3770018490203703,0.009911734907598517,4.238275861631685,2500,0.08895170142965379,0.002338624297046729,11,0.0572205692609543,0.08468859100044986,0.004263110429203937,Mixed@70,True,2026-09-25,0.5,81
magnitude,the total: its mean,MixedLognormal@81,0.3594557304729623,0.18178304326647157,4.238275861631685,2500,0.08481178248142068,0.04289080022188251,3,0.0572205692609543,0.08468859100044986,0.00012319148097082733,Mixed@70,True,2026-09-25,0.5,81
magnitude,the total: its mean,MixedMarket@81,0.40151699462793394,0.09869552174741857,4.238275861631685,2500,0.09473592747059999,0.02328671492124677,16,0.0572205692609543,0.08468859100044986,0.010047336470150131,Mixed@70,True,2026-09-25,0.5,81
magnitude,the total: its mean,"Normal, Uniform",0.5722510964381119,0.2950388569883,4.238275861631685,2500,0.1350197851958136,0.06961294323930901,36,0.0572205692609543,0.08468859100044986,0.050331194195363735,Mixed@70,True,2026-09-25,0.5,81
magnitude,the total: its mean,"Normal, Variable",0.6014501684803315,0.3245257601837764,4.238275861631685,2500,0.14190916026140415,0.07657023062647883,37,0.0572205692609543,0.08468859100044986,0.0572205692609543,Mixed@70,True,2026-09-25,0.5,81
magnitude,the total: its standard deviation,Feasible@10,0.41623935059326905,0.28233713182998327,1.7676178803559972,2500,0.23548039155919756,0.15972746992869338,15,0.12900148486786303,0.22146150378344895,0.014018887775748612,Mixed@30,True,2026-09-25,0.5,81
magnitude,the total: its standard deviation,Feasible@100,0.4199877562431348,0.31736397916433434,1.7676178803559972,2500,0.23760098882828085,0.17954331798251408,18,0.12900148486786303,0.22146150378344895,0.016139485044831897,Mixed@30,True,2026-09-25,0.5,81
magnitude,the total: its standard deviation,Feasible@1000,0.4486205535476899,0.37886073620196387,1.7676178803559972,2500,0.25379951093125286,0.2143340709620235,28,0.12900148486786303,0.22146150378344895,0.03233800714780391,Mixed@30,True,2026-09-25,0.5,81
magnitude,the total: its standard deviation,Feasible@10000,0.4951425629782584,0.44597079220189334,1.7676178803559972,2500,0.28011855304300104,0.25230045314549265,32,0.12900148486786303,0.22146150378344895,0.05865704925955209,Mixed@30,True,2026-09-25,0.5,81
magnitude,the total: its standard deviation,Feasible@130,0.42198452984010637,0.32359690248653017,1.7676178803559972,2500,0.23873062980960508,0.18306948921638988,19,0.12900148486786303,0.22146150378344895,0.01726912602615613,Mixed@30,True,2026-09-25,0.5,81
magnitude,the total: its standard deviation,Feasible@20,0.4155871929547411,0.28856341534025415,1.7676178803559972,2500,0.23511144437566003,0.1632498848009716,13,0.12900148486786303,0.22146150378344895,0.013649940592211085,Mixed@30,True,2026-09-25,0.5,81
magnitude,the total: its standard deviation,Feasible@200,0.4277625919151817,0.3356142695310598,1.7676178803559972,2500,0.2419994709654275,0.1898681119153803,20,0.12900148486786303,0.22146150378344895,0.02053796718197856,Mixed@30,True,2026-09-25,0.5,81
magnitude,the total: its standard deviation,Feasible@3,0.4280818353100187,0.31210127490000666,1.7676178803559972,2500,0.24218007753112525,0.17656603181517358,21,0.12900148486786303,0.22146150378344895,0.0207185737476763,Mixed@30,True,2026-09-25,0.5,81
magnitude,the total: its standard deviation,Feasible@30,0.41487453946220776,0.29242197515993484,1.7676178803559972,2500,0.23470827268315042,0.16543279993357005,12,0.12900148486786303,0.22146150378344895,0.013246768899701472,Mixed@30,True,2026-09-25,0.5,81
magnitude,the total: its standard deviation,Feasible@300,0.4320389648993536,0.3446784814235884,1.7676178803559972,2500,0.24441875684825118,0.19499603690033412,26,0.12900148486786303,0.22146150378344895,0.02295725306480223,Mixed@30,True,2026-09-25,0.5,81
magnitude,the total: its standard deviation,Feasible@3000,0.469469029748719,0.4098174935540382,1.7676178803559972,2500,0.26559418467421714,0.2318473342618039,31,0.12900148486786303,0.22146150378344895,0.04413268089076819,Mixed@30,True,2026-09-25,0.5,81
magnitude,the total: its standard deviation,Feasible@50,0.41589782446126294,0.3015998070055567,1.7676178803559972,2500,0.235287178910807,0.17062500349046858,14,0.12900148486786303,0.22146150378344895,0.01382567512735805,Mixed@30,True,2026-09-25,0.5,81
magnitude,the total: its standard deviation,Feasible@70,0.41851207105057703,0.30907113830374316,1.7676178803559972,2500,0.23676614482214275,0.17485178314755245,16,0.12900148486786303,0.22146150378344895,0.015304641038693806,Mixed@30,True,2026-09-25,0.5,81
magnitude,the total: its standard deviation,Feasible@81,0.4197448185452599,0.3130823929436666,1.7676178803559972,2500,0.2374635509235308,0.1771210827990787,17,0.12900148486786303,0.22146150378344895,0.016002047140081854,Mixed@30,True,2026-09-25,0.5,81
magnitude,the total: its standard deviation,"KDE, Uniform",0.4280818353100187,0.31210127490000666,1.7676178803559972,2500,0.24218007753112525,0.17656603181517358,21,0.12900148486786303,0.22146150378344895,0.0207185737476763,Mixed@30,True,2026-09-25,0.5,81
magnitude,the total: its standard deviation,"KDE, Variable",0.4318567338263868,0.31138578931714056,1.7676178803559972,2500,0.24431566269255608,0.17616125791532933,24,0.12900148486786303,0.22146150378344895,0.022854158909107136,Mixed@30,True,2026-09-25,0.5,81
magnitude,the total: its standard deviation,"Lognormal, Uniform",0.4951425629782584,0.44597079220189334,1.7676178803559972,2500,0.28011855304300104,0.25230045314549265,32,0.12900148486786303,0.22146150378344895,0.05865704925955209,Mixed@30,True,2026-09-25,0.5,81
magnitude,the total: its standard deviation,"Lognormal, Variable",0.5192303614486691,0.45003600167884433,1.7676178803559972,2500,0.29374581871965244,0.25460027683596825,35,0.12900148486786303,0.22146150378344895,0.07228431493620349,Mixed@30,True,2026-09-25,0.5,81
magnitude,the total: its standard deviation,Mixed,0.39362377329991716,0.2876057845327248,1.7676178803559972,2500,0.22268601018034598,0.1627081213247295,3,0.12900148486786303,0.22146150378344895,0.0012245063968970293,Mixed@30,True,2026-09-25,0.5,81
magnitude,the total: its standard deviation,Mixed@10,0.40215075103379117,0.2565045199381654,1.7676178803559972,2500,0.22751000400199517,0.14511310549003134,8,0.12900148486786303,0.22146150378344895,0.006048500218546221,Mixed@30,True,2026-09-25,0.5,81
magnitude,the total: its standard deviation,Mixed@100,0.39515488073339455,0.29225447323962733,1.7676178803559972,2500,0.22355220838443352,0.1653380385475437,6,0.12900148486786303,0.22146150378344895,0.0020907046009845665,Mixed@30,True,2026-09-25,0.5,81
magnitude,the total: its standard deviation,Mixed@1000,0.4289834162809917,0.36286122829264283,1.7676178803559972,2500,0.2426901317577726,0.20528261923870264,23,0.12900148486786303,0.22146150378344895,0.02122862797432365,Mixed@30,True,2026-09-25,0.5,81
magnitude,the total: its standard deviation,Mixed@10000,0.4951425629782584,0.44597079220189334,1.7676178803559972,2500,0.28011855304300104,0.25230045314549265,32,0.12900148486786303,0.22146150378344895,0.05865704925955209,Mixed@30,True,2026-09-25,0.5,81
magnitude,the total: its standard deviation,Mixed@130,0.39782051320565404,0.2992803252941832,1.7676178803559972,2500,0.22506024499227922,0.16931279583679495,7,0.12900148486786303,0.22146150378344895,0.003598741208830275,Mixed@30,True,2026-09-25,0.5,81
magnitude,the total: its standard deviation,Mixed@20,0.3946857322405719,0.25859480874137,1.7676178803559972,2500,0.22328679553811848,0.14629565112188678,5,0.12900148486786303,0.22146150378344895,0.001825291754669528,Mixed@30,True,2026-09-25,0.5,81
magnitude,the total: its standard deviation,Mixed@200,0.4025088601727158,0.31372634196747706,1.7676178803559972,2500,0.2277125982068312,0.17748538609730105,9,0.12900148486786303,0.22146150378344895,0.0062510944233822585,Mixed@30,True,2026-09-25,0.5,81
magnitude,the total: its standard deviation,Mixed@3,0.4318567338263868,0.31138578931714056,1.7676178803559972,2500,0.24431566269255608,0.17616125791532933,24,0.12900148486786303,0.22146150378344895,0.022854158909107136,Mixed@30,True,2026-09-25,0.5,81
magnitude,the total: its standard deviation,Mixed@30,0.3914593138981517,0.2624466465365766,1.7676178803559972,2500,0.22146150378344895,0.14847476338252474,1,0.12900148486786303,0.22146150378344895,0.0,Mixed@30,True,2026-09-25,0.5,81
magnitude,the total: its standard deviation,Mixed@300,0.4084287369025873,0.3235498847027774,1.7676178803559972,2500,0.23106166861150443,0.18304288969831797,11,0.12900148486786303,0.22146150378344895,0.00960016482805548,Mixed@30,True,2026-09-25,0.5,81
magnitude,the total: its standard deviation,Mixed@3000,0.4585116896000429,0.4026595437259858,1.7676178803559972,2500,0.2593952543112423,0.22779784488539478,30,0.12900148486786303,0.22146150378344895,0.037933750527793325,Mixed@30,True,2026-09-25,0.5,81
magnitude,the total: its standard deviation,Mixed@50,0.39161589781199724,0.2740461276197641,1.7676178803559972,2500,0.2215500884914821,0.15503697414769949,2,0.12900148486786303,0.22146150378344895,8.858470803316254e-05,Mixed@30,True,2026-09-25,0.5,81
magnitude,the total: its standard deviation,Mixed@70,0.39421970287645025,0.2846013794173164,1.7676178803559972,2500,0.2230231472862532,0.1610084298083689,4,0.12900148486786303,0.22146150378344895,0.0015616435028042441,Mixed@30,True,2026-09-25,0.5,81
magnitude,the total: its standard deviation,MixedKDE@81,0.4030649479426619,0.28668656661717196,1.7676178803559972,2500,0.22802719548270514,0.16218808929418244,10,0.12900148486786303,0.22146150378344895,0.006565691699256193,Mixed@30,True,2026-09-25,0.5,81
magnitude,the total: its standard deviation,MixedLognormal@81,0.458014114568761,0.4143946981633152,1.7676178803559972,2500,0.2591137596302869,0.23443681056216537,29,0.12900148486786303,0.22146150378344895,0.03765225584683793,Mixed@30,True,2026-09-25,0.5,81
magnitude,the total: its standard deviation,MixedMarket@81,0.4484167812567034,0.3209781448898119,1.7676178803559972,2500,0.25368423019481595,0.18158797127870596,27,0.12900148486786303,0.22146150378344895,0.032222726411367,Mixed@30,True,2026-09-25,0.5,81
magnitude,the total: its standard deviation,"Normal, Uniform",0.6066034720245892,0.5955915781724325,1.7676178803559972,2500,0.34317568223649086,0.33694588903597233,36,0.12900148486786303,0.22146150378344895,0.12171417845304192,Mixed@30,True,2026-09-25,0.5,81
magnitude,the total: its standard deviation,"Normal, Variable",0.61948464514306,0.6040147116493129,1.7676178803559972,2500,0.350462988651312,0.3417111347208508,37,0.12900148486786303,0.22146150378344895,0.12900148486786303,Mixed@30,True,2026-09-25,0.5,81
magnitude,the total: its 90th percentile,Feasible@10,0.7923189225773647,0.3759650735106581,6.230498102081081,2500,0.1271678298582128,0.06034269930763321,25,0.02222443785988587,0.11129155174444588,0.015876278113766906,Mixed,True,2026-09-25,0.5,81
magnitude,the total: its 90th percentile,Feasible@100,0.7908089693159087,0.4798703586863962,6.230498102081081,2500,0.12692548113476937,0.0770195818735764,24,0.02222443785988587,0.11129155174444588,0.015633929390323487,Mixed,True,2026-09-25,0.5,81
magnitude,the total: its 90th percentile,Feasible@1000,0.8066379624796874,0.5328425474404537,6.230498102081081,2500,0.12946604737914263,0.08552166114334842,29,0.02222443785988587,0.11129155174444588,0.018174495634696752,Mixed,True,2026-09-25,0.5,81
magnitude,the total: its 90th percentile,Feasible@10000,0.8209489143398556,0.5657849654847965,6.230498102081081,2500,0.13176296676274504,0.09080894596465983,33,0.02222443785988587,0.11129155174444588,0.02047141501829916,Mixed,True,2026-09-25,0.5,81
magnitude,the total: its 90th percentile,Feasible@130,0.7936178873776777,0.4870606260768086,6.230498102081081,2500,0.12737631476247416,0.07817362562298558,26,0.02222443785988587,0.11129155174444588,0.016084763018028275,Mixed,True,2026-09-25,0.5,81
magnitude,the total: its 90th percentile,Feasible@20,0.7816264261968026,0.42284447246670387,6.230498102081081,2500,0.1254516755146314,0.06786688087192698,16,0.02222443785988587,0.11129155174444588,0.014160123770185523,Mixed,True,2026-09-25,0.5,81
magnitude,the total: its 90th percentile,Feasible@200,0.795061877356137,0.49957791043846317,6.230498102081081,2500,0.12760807632548257,0.080182659917928,27,0.02222443785988587,0.11129155174444588,0.01631652458103669,Mixed,True,2026-09-25,0.5,81
magnitude,the total: its 90th percentile,Feasible@3,0.8084856595489557,0.3122525087586675,6.230498102081081,2500,0.1297626042577413,0.05011678097684845,30,0.02222443785988587,0.11129155174444588,0.018471052513295422,Mixed,True,2026-09-25,0.5,81
magnitude,the total: its 90th percentile,Feasible@30,0.7828155837450075,0.4380268564985578,6.230498102081081,2500,0.1256425362658461,0.07030366582605173,17,0.02222443785988587,0.11129155174444588,0.014350984521400212,Mixed,True,2026-09-25,0.5,81
magnitude,the total: its 90th percentile,Feasible@300,0.7975835768008223,0.5087091018085688,6.230498102081081,2500,0.12801281113213359,0.08164822354069126,28,0.02222443785988587,0.11129155174444588,0.016721259387687704,Mixed,True,2026-09-25,0.5,81
magnitude,the total: its 90th percentile,Feasible@3000,0.813923647509843,0.5492902920282103,6.230498102081081,2500,0.13063540573714005,0.08816153749324457,32,0.02222443785988587,0.11129155174444588,0.01934385399269417,Mixed,True,2026-09-25,0.5,81
magnitude,the total: its 90th percentile,Feasible@50,0.785219206772137,0.45760202079114387,6.230498102081081,2500,0.12602831971168754,0.07344549557575467,20,0.02222443785988587,0.11129155174444588,0.01473676796724166,Mixed,True,2026-09-25,0.5,81
magnitude,the total: its 90th percentile,Feasible@70,0.7883978486974673,0.46957230030373304,6.230498102081081,2500,0.12653849431943978,0.07536673514865348,21,0.02222443785988587,0.11129155174444588,0.0152469425749939,Mixed,True,2026-09-25,0.5,81
magnitude,the total: its 90th percentile,Feasible@81,0.7896383869626941,0.474028247151019,6.230498102081081,2500,0.12673760171742013,0.07608191823261873,22,0.02222443785988587,0.11129155174444588,0.015446049972974246,Mixed,True,2026-09-25,0.5,81
magnitude,the total: its 90th percentile,"KDE, Uniform",0.8084856595489557,0.3122525087586675,6.230498102081081,2500,0.1297626042577413,0.05011678097684845,30,0.02222443785988587,0.11129155174444588,0.018471052513295422,Mixed,True,2026-09-25,0.5,81
magnitude,the total: its 90th percentile,"KDE, Variable",0.7829011562952439,0.18717735541470915,6.230498102081081,2500,0.1256562707295815,0.030042117395427673,18,0.02222443785988587,0.11129155174444588,0.01436471898513561,Mixed,True,2026-09-25,0.5,81
magnitude,the total: its 90th percentile,"Lognormal, Uniform",0.8209489143398556,0.5657849654847965,6.230498102081081,2500,0.13176296676274504,0.09080894596465983,33,0.02222443785988587,0.11129155174444588,0.02047141501829916,Mixed,True,2026-09-25,0.5,81
magnitude,the total: its 90th percentile,"Lognormal, Variable",0.7899527406088171,0.5265064317264817,6.230498102081081,2500,0.12678805573264856,0.08450470943095553,23,0.02222443785988587,0.11129155174444588,0.015496503988202681,Mixed,True,2026-09-25,0.5,81
magnitude,the total: its 90th percentile,Mixed,0.6934018019214285,0.3660068495003365,6.230498102081081,2500,0.11129155174444588,0.05874439627516854,1,0.02222443785988587,0.11129155174444588,0.0,Mixed,True,2026-09-25,0.5,81
magnitude,the total: its 90th percentile,Mixed@10,0.745856468923013,0.21271840766246855,6.230498102081081,2500,0.11971056835309614,0.03414147700188166,13,0.02222443785988587,0.11129155174444588,0.008419016608650257,Mixed,True,2026-09-25,0.5,81
magnitude,the total: its 90th percentile,Mixed@100,0.6937518719309891,0.37800421825896685,6.230498102081081,2500,0.11134773826498164,0.06066998369403366,3,0.02222443785988587,0.11129155174444588,5.6186520535753126e-05,Mixed,True,2026-09-25,0.5,81
magnitude,the total: its 90th percentile,Mixed@1000,0.745395807266787,0.4881251536886699,6.230498102081081,2500,0.1196366317835509,0.0783444831683086,12,0.02222443785988587,0.11129155174444588,0.008345080039105016,Mixed,True,2026-09-25,0.5,81
magnitude,the total: its 90th percentile,Mixed@10000,0.8209489143398556,0.5657849654847965,6.230498102081081,2500,0.13176296676274504,0.09080894596465983,33,0.02222443785988587,0.11129155174444588,0.02047141501829916,Mixed,True,2026-09-25,0.5,81
magnitude,the total: its 90th percentile,Mixed@130,0.7002169008478386,0.3953355409343105,6.230498102081081,2500,0.11238538065101979,0.06345167504380787,5,0.02222443785988587,0.11129155174444588,0.0010938289065739043,Mixed,True,2026-09-25,0.5,81
magnitude,the total: its 90th percentile,Mixed@20,0.7202574859396261,0.2565090232484113,6.230498102081081,2500,0.11560191081657648,0.041169906329436706,10,0.02222443785988587,0.11129155174444588,0.004310359072130593,Mixed,True,2026-09-25,0.5,81
magnitude,the total: its 90th percentile,Mixed@200,0.7045241276132307,0.4228052379129531,6.230498102081081,2500,0.11307669404118892,0.06786058369422017,6,0.02222443785988587,0.11129155174444588,0.0017851422967430364,Mixed,True,2026-09-25,0.5,81
magnitude,the total: its 90th percentile,Mixed@3,0.7829011562952439,0.18717735541470915,6.230498102081081,2500,0.1256562707295815,0.030042117395427673,18,0.02222443785988587,0.11129155174444588,0.01436471898513561,Mixed,True,2026-09-25,0.5,81
magnitude,the total: its 90th percentile,Mixed@30,0.7090314706606279,0.28501606114733147,6.230498102081081,2500,0.11380012625696821,0.045745309039117076,7,0.02222443785988587,0.11129155174444588,0.0025085745125223297,Mixed,True,2026-09-25,0.5,81
magnitude,the total: its 90th percentile,Mixed@300,0.711851818554591,0.43947481089642043,6.230498102081081,2500,0.11425279438201284,0.07053606368159059,9,0.02222443785988587,0.11129155174444588,0.0029612426375669604,Mixed,True,2026-09-25,0.5,81
magnitude,the total: its 90th percentile,Mixed@3000,0.7811605998435097,0.5275576986454418,6.230498102081081,2500,0.12537691000701695,0.0846734386243099,15,0.02222443785988587,0.11129155174444588,0.014085358262571068,Mixed,True,2026-09-25,0.5,81
magnitude,the total: its 90th percentile,Mixed@50,0.6967817380953111,0.32676252875855544,6.230498102081081,2500,0.11183403424239474,0.052445650958373904,4,0.02222443785988587,0.11129155174444588,0.0005424824979488596,Mixed,True,2026-09-25,0.5,81
magnitude,the total: its 90th percentile,Mixed@70,0.6935605703133726,0.3598270329592735,6.230498102081081,2500,0.11131703420015693,0.05775253070682836,2,0.02222443785988587,0.11129155174444588,2.548245571104557e-05,Mixed,True,2026-09-25,0.5,81
magnitude,the total: its 90th percentile,MixedKDE@81,0.721593371651538,0.20393935677069716,6.230498102081081,2500,0.1158163215571023,0.03273243221157203,11,0.02222443785988587,0.11129155174444588,0.004524769812656412,Mixed,True,2026-09-25,0.5,81
magnitude,the total: its 90th percentile,MixedLognormal@81,0.7100110334166057,0.49382467992482815,6.230498102081081,2500,0.11395734687399249,0.07925926175306645,8,0.02222443785988587,0.11129155174444588,0.002665795129546608,Mixed,True,2026-09-25,0.5,81
magnitude,the total: its 90th percentile,MixedMarket@81,0.771800445703554,0.40050170183949946,6.230498102081081,2500,0.12387459767394214,0.0642808480602419,14,0.02222443785988587,0.11129155174444588,0.012583045929496259,Mixed,True,2026-09-25,0.5,81
magnitude,the total: its 90th percentile,"Normal, Uniform",0.8266503488398985,0.14661732711104006,6.230498102081081,2500,0.1326780516254045,0.023532199947555982,36,0.02222443785988587,0.11129155174444588,0.021386499880958615,Mixed,True,2026-09-25,0.5,81
magnitude,the total: its 90th percentile,"Normal, Variable",0.8318711198272664,0.12519349160040416,6.230498102081081,2500,0.13351598960433175,0.020093656967584604,37,0.02222443785988587,0.11129155174444588,0.02222443785988587,Mixed,True,2026-09-25,0.5,81
magnitude,the chance of meeting a budget,Feasible@10,0.048459199999999994,0.005005839999999977,0.9000000000000004,2500,0.053843555555555526,0.0055620444444444165,26,0.05647848888888889,0.044973155555555526,0.0088704,Mixed@100,True,2026-09-25,0.5,81
magnitude,the chance of meeting a budget,Feasible@100,0.04655031999999999,0.011681999999999977,0.9000000000000004,2500,0.05172257777777775,0.012979999999999969,17,0.05647848888888889,0.044973155555555526,0.006749422222222225,Mixed@100,True,2026-09-25,0.5,81
magnitude,the chance of meeting a budget,Feasible@1000,0.04780283999999999,0.015501799999999975,0.9000000000000004,2500,0.05311426666666664,0.01722422222222219,25,0.05647848888888889,0.044973155555555526,0.008141111111111113,Mixed@100,True,2026-09-25,0.5,81
magnitude,the chance of meeting a budget,Feasible@10000,0.04970644,0.01819259999999998,0.9000000000000004,2500,0.055229377777777755,0.020213999999999968,28,0.05647848888888889,0.044973155555555526,0.010256222222222229,Mixed@100,True,2026-09-25,0.5,81
magnitude,the chance of meeting a budget,Feasible@130,0.04669556,0.012180999999999978,0.9000000000000004,2500,0.051883955555555535,0.013534444444444415,20,0.05647848888888889,0.044973155555555526,0.006910800000000009,Mixed@100,True,2026-09-25,0.5,81
magnitude,the chance of meeting a budget,Feasible@20,0.04660983999999999,0.007991999999999978,0.9000000000000004,2500,0.05178871111111108,0.008879999999999973,19,0.05647848888888889,0.044973155555555526,0.006815555555555554,Mixed@100,True,2026-09-25,0.5,81
magnitude,the chance of meeting a budget,Feasible@200,0.046783719999999994,0.013062199999999979,0.9000000000000004,2500,0.051981911111111084,0.014513555555555526,21,0.05647848888888889,0.044973155555555526,0.007008755555555558,Mixed@100,True,2026-09-25,0.5,81
magnitude,the chance of meeting a budget,Feasible@3,0.056077199999999994,0.0018111200000000224,0.9000000000000004,2500,0.06230799999999997,0.00201235555555558,32,0.05647848888888889,0.044973155555555526,0.01733484444444444,Mixed@100,True,2026-09-25,0.5,81
magnitude,the chance of meeting a budget,Feasible@30,0.046446799999999996,0.008829519999999976,0.9000000000000004,2500,0.05160755555555553,0.009810577777777748,15,0.05647848888888889,0.044973155555555526,0.006634400000000006,Mixed@100,True,2026-09-25,0.5,81
magnitude,the chance of meeting a budget,Feasible@300,0.046966759999999996,0.013678039999999978,0.9000000000000004,2500,0.05218528888888886,0.015197822222222192,22,0.05647848888888889,0.044973155555555526,0.007212133333333336,Mixed@100,True,2026-09-25,0.5,81
magnitude,the chance of meeting a budget,Feasible@3000,0.04868911999999999,0.016846719999999975,0.9000000000000004,2500,0.05409902222222219,0.01871857777777774,27,0.05647848888888889,0.044973155555555526,0.009125866666666663,Mixed@100,True,2026-09-25,0.5,81
magnitude,the chance of meeting a budget,Feasible@50,0.046352719999999986,0.010097119999999979,0.9000000000000004,2500,0.05150302222222219,0.011219022222222194,13,0.05647848888888889,0.044973155555555526,0.006529866666666662,Mixed@100,True,2026-09-25,0.5,81
magnitude,the chance of meeting a budget,Feasible@70,0.046436559999999995,0.010964239999999978,0.9000000000000004,2500,0.05159617777777775,0.012182488888888858,14,0.05647848888888889,0.044973155555555526,0.006623022222222226,Mixed@100,True,2026-09-25,0.5,81
magnitude,the chance of meeting a budget,Feasible@81,0.04651607999999999,0.011258479999999977,0.9000000000000004,2500,0.051684533333333296,0.012509422222222191,16,0.05647848888888889,0.044973155555555526,0.00671137777777777,Mixed@100,True,2026-09-25,0.5,81
magnitude,the chance of meeting a budget,"KDE, Uniform",0.056077199999999994,0.0018111200000000224,0.9000000000000004,2500,0.06230799999999997,0.00201235555555558,32,0.05647848888888889,0.044973155555555526,0.01733484444444444,Mixed@100,True,2026-09-25,0.5,81
magnitude,the chance of meeting a budget,"KDE, Variable",0.05627096,0.006106560000000022,0.9000000000000004,2500,0.06252328888888886,0.006785066666666688,34,0.05647848888888889,0.044973155555555526,0.017550133333333336,Mixed@100,True,2026-09-25,0.5,81
magnitude,the chance of meeting a budget,"Lognormal, Uniform",0.04970644,0.01819259999999998,0.9000000000000004,2500,0.055229377777777755,0.020213999999999968,28,0.05647848888888889,0.044973155555555526,0.010256222222222229,Mixed@100,True,2026-09-25,0.5,81
magnitude,the chance of meeting a budget,"Lognormal, Variable",0.047724439999999986,0.020087479999999977,0.9000000000000004,2500,0.05302715555555552,0.022319422222222187,24,0.05647848888888889,0.044973155555555526,0.008053999999999992,Mixed@100,True,2026-09-25,0.5,81
magnitude,the chance of meeting a budget,Mixed,0.04053675999999999,0.009332119999999978,0.9000000000000004,2500,0.045040844444444415,0.010369022222222194,3,0.05647848888888889,0.044973155555555526,6.768888888888935e-05,Mixed@100,True,2026-09-25,0.5,81
magnitude,the chance of meeting a budget,Mixed@10,0.047154959999999996,0.0008749600000000217,0.9000000000000004,2500,0.05239439999999997,0.0009721777777778015,23,0.05647848888888889,0.044973155555555526,0.007421244444444447,Mixed@100,True,2026-09-25,0.5,81
magnitude,the chance of meeting a budget,Mixed@100,0.04047583999999999,0.009931999999999979,0.9000000000000004,2500,0.044973155555555526,0.011035555555555528,1,0.05647848888888889,0.044973155555555526,0.0,Mixed@100,True,2026-09-25,0.5,81
magnitude,the chance of meeting a budget,Mixed@1000,0.04410623999999999,0.014677039999999976,0.9000000000000004,2500,0.0490069333333333,0.016307822222222188,11,0.05647848888888889,0.044973155555555526,0.004033777777777775,Mixed@100,True,2026-09-25,0.5,81
magnitude,the chance of meeting a budget,Mixed@10000,0.04970644,0.01819259999999998,0.9000000000000004,2500,0.055229377777777755,0.020213999999999968,28,0.05647848888888889,0.044973155555555526,0.010256222222222229,Mixed@100,True,2026-09-25,0.5,81
magnitude,the chance of meeting a budget,Mixed@130,0.040748,0.01069143999999998,0.9000000000000004,2500,0.045275555555555534,0.01187937777777775,4,0.05647848888888889,0.044973155555555526,0.0003024000000000082,Mixed@100,True,2026-09-25,0.5,81
magnitude,the chance of meeting a budget,Mixed@20,0.04410396,0.0024257999999999784,0.9000000000000004,2500,0.049004399999999976,0.0026953333333333083,10,0.05647848888888889,0.044973155555555526,0.00403124444444445,Mixed@100,True,2026-09-25,0.5,81
magnitude,the chance of meeting a budget,Mixed@200,0.04119103999999999,0.011881599999999978,0.9000000000000004,2500,0.04576782222222219,0.013201777777777748,6,0.05647848888888889,0.044973155555555526,0.0007946666666666657,Mixed@100,True,2026-09-25,0.5,81
magnitude,the chance of meeting a budget,Mixed@3,0.05627096,0.006106560000000022,0.9000000000000004,2500,0.06252328888888886,0.006785066666666688,34,0.05647848888888889,0.044973155555555526,0.017550133333333336,Mixed@100,True,2026-09-25,0.5,81
magnitude,the chance of meeting a budget,Mixed@30,0.042601639999999996,0.004483959999999979,0.9000000000000004,2500,0.047335155555555536,0.004982177777777752,9,0.05647848888888889,0.044973155555555526,0.00236200000000001,Mixed@100,True,2026-09-25,0.5,81
magnitude,the chance of meeting a budget,Mixed@300,0.04162904,0.012754559999999979,0.9000000000000004,2500,0.04625448888888887,0.014171733333333304,7,0.05647848888888889,0.044973155555555526,0.0012813333333333427,Mixed@100,True,2026-09-25,0.5,81
magnitude,the chance of meeting a budget,Mixed@3000,0.046605799999999996,0.01666755999999998,0.9000000000000004,2500,0.0517842222222222,0.01851951111111108,18,0.05647848888888889,0.044973155555555526,0.006811066666666671,Mixed@100,True,2026-09-25,0.5,81
magnitude,the chance of meeting a budget,Mixed@50,0.04113856,0.007248879999999978,0.9000000000000004,2500,0.045709511111111094,0.008054311111111084,5,0.05647848888888889,0.044973155555555526,0.0007363555555555679,Mixed@100,True,2026-09-25,0.5,81
magnitude,the chance of meeting a budget,Mixed@70,0.04052992,0.009115919999999979,0.9000000000000004,2500,0.045033244444444426,0.010128799999999973,2,0.05647848888888889,0.044973155555555526,6.0088888888899794e-05,Mixed@100,True,2026-09-25,0.5,81
magnitude,the chance of meeting a budget,MixedKDE@81,0.050367039999999995,0.004004640000000022,0.9000000000000004,2500,0.05596337777777775,0.004449600000000022,31,0.05647848888888889,0.044973155555555526,0.01099022222222222,Mixed@100,True,2026-09-25,0.5,81
magnitude,the chance of meeting a budget,MixedLognormal@81,0.042086759999999994,0.01779291999999998,0.9000000000000004,2500,0.046763066666666644,0.01976991111111108,8,0.05647848888888889,0.044973155555555526,0.0017899111111111185,Mixed@100,True,2026-09-25,0.5,81
magnitude,the chance of meeting a budget,MixedMarket@81,0.04580763999999999,0.01157899999999998,0.9000000000000004,2500,0.050897377777777746,0.012865555555555528,12,0.05647848888888889,0.044973155555555526,0.00592422222222222,Mixed@100,True,2026-09-25,0.5,81
magnitude,the chance of meeting a budget,"Normal, Uniform",0.09130648000000001,0.031488560000000027,0.9000000000000004,2500,0.10145164444444442,0.034987288888888905,37,0.05647848888888889,0.044973155555555526,0.05647848888888889,Mixed@100,True,2026-09-25,0.5,81
magnitude,the chance of meeting a budget,"Normal, Variable",0.08619192,0.02589744000000003,0.9000000000000004,2500,0.09576879999999997,0.028774933333333353,36,0.05647848888888889,0.044973155555555526,0.05079564444444445,Mixed@100,True,2026-09-25,0.5,81
attribution,a material: its mean contribution,Feasible@10,0.16771681088178744,0.03269057854302424,1.0595689654079212,10000,0.1582877720632545,0.03085271427371296,33,0.08652257664881507,0.1257633479566871,0.03252442410656742,MixedLognormal@81,True,2026-09-25,0.5,81
attribution,a material: its mean contribution,Feasible@100,0.16482547979724613,0.04528770247403219,1.0595689654079212,10000,0.15555899160729977,0.04274162791904439,27,0.08652257664881507,0.1257633479566871,0.029795643650612685,MixedLognormal@81,True,2026-09-25,0.5,81
attribution,a material: its mean contribution,Feasible@1000,0.1644141867828651,0.05173345963914893,1.0595689654079212,10000,0.15517082148547795,0.0488250046274545,19,0.08652257664881507,0.1257633479566871,0.029407473528790862,MixedLognormal@81,True,2026-09-25,0.5,81
attribution,a material: its mean contribution,Feasible@10000,0.16449693482796537,0.055485568925657446,1.0595689654079212,10000,0.15524891743562538,0.05236617033634632,21,0.08652257664881507,0.1257633479566871,0.029485569478938295,MixedLognormal@81,True,2026-09-25,0.5,81
attribution,a material: its mean contribution,Feasible@130,0.16482209039043302,0.04622034060476103,1.0595689654079212,10000,0.15555579275293185,0.04362183313567207,26,0.08652257664881507,0.1257633479566871,0.029792444796244766,MixedLognormal@81,True,2026-09-25,0.5,81
attribution,a material: its mean contribution,Feasible@20,0.16568513422505676,0.03863044466474238,1.0595689654079212,10000,0.15637031626466144,0.03645864113231188,32,0.08652257664881507,0.1257633479566871,0.030606968307974353,MixedLognormal@81,True,2026-09-25,0.5,81
attribution,a material: its mean contribution,Feasible@200,0.16466556239401603,0.04767865287003062,1.0595689654079212,10000,0.1554080647602035,0.04499815908790318,25,0.08652257664881507,0.1257633479566871,0.029644716803516408,MixedLognormal@81,True,2026-09-25,0.5,81
attribution,a material: its mean contribution,Feasible@3,0.17108580543877688,0.016773909806810386,1.0595689654079212,10000,0.1614673617520601,0.015830880626399466,34,0.08652257664881507,0.1257633479566871,0.035704013795373024,MixedLognormal@81,True,2026-09-25,0.5,81
attribution,a material: its mean contribution,Feasible@30,0.16544253036857182,0.04054984752718109,1.0595689654079212,10000,0.1561413515965697,0.03827013516913445,31,0.08652257664881507,0.1257633479566871,0.030378003639882606,MixedLognormal@81,True,2026-09-25,0.5,81
attribution,a material: its mean contribution,Feasible@300,0.16457244936817655,0.048765552263445394,1.0595689654079212,10000,0.15532018654851612,0.04602395299929462,24,0.08652257664881507,0.1257633479566871,0.029556838591829032,MixedLognormal@81,True,2026-09-25,0.5,81
attribution,a material: its mean contribution,Feasible@3000,0.1644814674921766,0.05366525698254653,1.0595689654079212,10000,0.155234319673428,0.05064819632753783,20,0.08652257664881507,0.1257633479566871,0.0294709717167409,MixedLognormal@81,True,2026-09-25,0.5,81
attribution,a material: its mean contribution,Feasible@50,0.16498645378415674,0.04275991807328427,1.0595689654079212,10000,0.1557109156369439,0.04035595555294715,30,0.08652257664881507,0.1257633479566871,0.029947567680256804,MixedLognormal@81,True,2026-09-25,0.5,81
attribution,a material: its mean contribution,Feasible@70,0.16492921003627273,0.044060431352383723,1.0595689654079212,10000,0.1556568901324672,0.04158335397773848,29,0.08652257664881507,0.1257633479566871,0.029893542175780108,MixedLognormal@81,True,2026-09-25,0.5,81
attribution,a material: its mean contribution,Feasible@81,0.16491626094862477,0.04458306191084673,1.0595689654079212,10000,0.15564466904250449,0.042076602247106014,28,0.08652257664881507,0.1257633479566871,0.029881321085817397,MixedLognormal@81,True,2026-09-25,0.5,81
attribution,a material: its mean contribution,"KDE, Uniform",0.17108580543877688,0.016773909806810386,1.0595689654079212,10000,0.1614673617520601,0.015830880626399466,34,0.08652257664881507,0.1257633479566871,0.035704013795373024,MixedLognormal@81,True,2026-09-25,0.5,81
attribution,a material: its mean contribution,"KDE, Variable",0.1572963871667736,0.009613582148394676,1.0595689654079212,10000,0.1484531845515279,0.009073106576591324,17,0.08652257664881507,0.1257633479566871,0.022689836594840807,MixedLognormal@81,True,2026-09-25,0.5,81
attribution,a material: its mean contribution,"Lognormal, Uniform",0.16449693482796537,0.055485568925657446,1.0595689654079212,10000,0.15524891743562538,0.05236617033634632,21,0.08652257664881507,0.1257633479566871,0.029485569478938295,MixedLognormal@81,True,2026-09-25,0.5,81
attribution,a material: its mean contribution,"Lognormal, Variable",0.1458390733432131,0.039832555422536595,1.0595689654079212,10000,0.1376400008913689,0.03759316922537604,12,0.08652257664881507,0.1257633479566871,0.01187665293468182,MixedLognormal@81,True,2026-09-25,0.5,81
attribution,a material: its mean contribution,Mixed,0.13743865938082225,0.030287085830936006,1.0595689654079212,10000,0.12971185818745648,0.028584345917753304,4,0.08652257664881507,0.1257633479566871,0.003948510230769392,MixedLognormal@81,True,2026-09-25,0.5,81
attribution,a material: its mean contribution,Mixed@10,0.1468959806366139,0.006485724114578406,1.0595689654079212,10000,0.13863748885855745,0.006121096716041962,13,0.08652257664881507,0.1257633479566871,0.012874140901870362,MixedLognormal@81,True,2026-09-25,0.5,81
attribution,a material: its mean contribution,Mixed@100,0.13742725583520185,0.03184575390768873,1.0595689654079212,10000,0.12970109574915117,0.030055385677919037,3,0.08652257664881507,0.1257633479566871,0.003937747792464086,MixedLognormal@81,True,2026-09-25,0.5,81
attribution,a material: its mean contribution,Mixed@1000,0.14706687775023203,0.04576470360030378,1.0595689654079212,10000,0.13879877813674268,0.043191812042819626,14,0.08652257664881507,0.1257633479566871,0.013035430180055596,MixedLognormal@81,True,2026-09-25,0.5,81
attribution,a material: its mean contribution,Mixed@10000,0.16449693482796537,0.055485568925657446,1.0595689654079212,10000,0.15524891743562538,0.05236617033634632,21,0.08652257664881507,0.1257633479566871,0.029485569478938295,MixedLognormal@81,True,2026-09-25,0.5,81
attribution,a material: its mean contribution,Mixed@130,0.1380433119088019,0.03399467645942774,1.0595689654079212,10000,0.1302825171513559,0.032083495807505275,6,0.08652257664881507,0.1257633479566871,0.004519169194668798,MixedLognormal@81,True,2026-09-25,0.5,81
attribution,a material: its mean contribution,Mixed@20,0.14174460357274243,0.014510896019823081,1.0595689654079212,10000,0.13377572220433284,0.013695093470613838,10,0.08652257664881507,0.1257633479566871,0.008012374247645754,MixedLognormal@81,True,2026-09-25,0.5,81
attribution,a material: its mean contribution,Mixed@200,0.13914599734182453,0.03744399905410858,1.0595689654079212,10000,0.13132320961123564,0.03533889749186179,7,0.08652257664881507,0.1257633479566871,0.0055598616545485535,MixedLognormal@81,True,2026-09-25,0.5,81
attribution,a material: its mean contribution,Mixed@3,0.1572963871667736,0.009613582148394676,1.0595689654079212,10000,0.1484531845515279,0.009073106576591324,17,0.08652257664881507,0.1257633479566871,0.022689836594840807,MixedLognormal@81,True,2026-09-25,0.5,81
attribution,a material: its mean contribution,Mixed@30,0.14000746145489382,0.019290810680347846,1.0595689654079212,10000,0.13213624221335385,0.018206281337167247,8,0.08652257664881507,0.1257633479566871,0.006372894256666761,MixedLognormal@81,True,2026-09-25,0.5,81
attribution,a material: its mean contribution,Mixed@300,0.14072552649861897,0.039615325902125575,1.0595689654079212,10000,0.13281393764155913,0.0373881523482279,9,0.08652257664881507,0.1257633479566871,0.007050589684872044,MixedLognormal@81,True,2026-09-25,0.5,81
attribution,a material: its mean contribution,Mixed@3000,0.15427501740371316,0.050812848328260364,1.0595689654079212,10000,0.1456016761913361,0.04795615008287642,16,0.08652257664881507,0.1257633479566871,0.01983832823464901,MixedLognormal@81,True,2026-09-25,0.5,81
attribution,a material: its mean contribution,Mixed@50,0.1376119581730577,0.02517971808806251,1.0595689654079212,10000,0.12987541412189132,0.023764114380576087,5,0.08652257664881507,0.1257633479566871,0.004112066165204237,MixedLognormal@81,True,2026-09-25,0.5,81
attribution,a material: its mean contribution,Mixed@70,0.1373638576063798,0.029517376157466715,1.0595689654079212,10000,0.12964126176864418,0.02785790932079903,2,0.08652257664881507,0.1257633479566871,0.0038779138119570955,MixedLognormal@81,True,2026-09-25,0.5,81
attribution,a material: its mean contribution,MixedKDE@81,0.14360820387097437,0.0024779337268996593,1.0595689654079212,10000,0.1355345508970121,0.002338624297046757,11,0.08652257664881507,0.1257633479566871,0.009771202940325019,MixedLognormal@81,True,2026-09-25,0.5,81
attribution,a material: its mean contribution,MixedLognormal@81,0.13325494048070335,0.0454457608166179,1.0595689654079212,10000,0.1257633479566871,0.04289080022188252,1,0.08652257664881507,0.1257633479566871,0.0,MixedLognormal@81,True,2026-09-25,0.5,81
attribution,a material: its mean contribution,MixedMarket@81,0.15002279224333198,0.024673880436854704,1.0595689654079212,10000,0.14158851112213824,0.02328671492124683,15,0.08652257664881507,0.1257633479566871,0.015825163165451156,MixedLognormal@81,True,2026-09-25,0.5,81
attribution,a material: its mean contribution,"Normal, Uniform",0.2216429841478178,0.07375971424707495,1.0595689654079212,10000,0.20918221596126868,0.06961294323930897,36,0.08652257664881507,0.1257633479566871,0.08341886800458159,MixedLognormal@81,True,2026-09-25,0.5,81
attribution,a material: its mean contribution,"Normal, Variable",0.22493157750491588,0.08113144004594404,1.0595689654079212,10000,0.21228592460550216,0.07657023062647877,37,0.08652257664881507,0.1257633479566871,0.08652257664881507,MixedLognormal@81,True,2026-09-25,0.5,81
attribution,a material: its standard deviation,Feasible@10,0.24269909445786797,0.11106471383517455,0.7821796764730403,10000,0.31028560541515576,0.1419938630162077,28,0.08617468793115762,0.2785107982327567,0.031774807182399056,Mixed@50,True,2026-09-25,0.5,81
attribution,a material: its standard deviation,Feasible@100,0.239884158014727,0.12503770129677022,0.7821796764730403,10000,0.3066867693320784,0.15985802886183778,16,0.08617468793115762,0.2785107982327567,0.028175971099321684,Mixed@50,True,2026-09-25,0.5,81
attribution,a material: its standard deviation,Feasible@1000,0.24504687231993927,0.14989924834523288,0.7821796764730403,10000,0.31328718923622584,0.19164298543417793,29,0.08617468793115762,0.2785107982327567,0.03477639100346913,Mixed@50,True,2026-09-25,0.5,81
attribution,a material: its standard deviation,Feasible@10000,0.25699720250114777,0.1767042196692059,0.7821796764730403,10000,0.32856543097614704,0.2259125684088219,32,0.08617468793115762,0.2785107982327567,0.05005463274339034,Mixed@50,True,2026-09-25,0.5,81
attribution,a material: its standard deviation,Feasible@130,0.24003524320062938,0.1275683233620466,0.7821796764730403,10000,0.30687992851333407,0.1630933750890465,17,0.08617468793115762,0.2785107982327567,0.02836913028057736,Mixed@50,True,2026-09-25,0.5,81
attribution,a material: its standard deviation,Feasible@20,0.2414411914603119,0.11381092276788594,0.7821796764730403,10000,0.3086774033160829,0.14550483244601242,25,0.08617468793115762,0.2785107982327567,0.030166605083326192,Mixed@50,True,2026-09-25,0.5,81
attribution,a material: its standard deviation,Feasible@200,0.2405220067174426,0.13236177753305917,0.7821796764730403,10000,0.30750224526670217,0.169221703803271,22,0.08617468793115762,0.2785107982327567,0.02899144703394546,Mixed@50,True,2026-09-25,0.5,81
attribution,a material: its standard deviation,Feasible@3,0.24146231381203898,0.12230268572248287,0.7821796764730403,10000,0.3087044077913491,0.15636136990155908,26,0.08617468793115762,0.2785107982327567,0.030193609558592405,Mixed@50,True,2026-09-25,0.5,81
attribution,a material: its standard deviation,Feasible@30,0.2407211958943948,0.11531630395008047,0.7821796764730403,10000,0.30775690437245956,0.14742943011515988,23,0.08617468793115762,0.2785107982327567,0.029246106139702854,Mixed@50,True,2026-09-25,0.5,81
attribution,a material: its standard deviation,Feasible@300,0.24130658629875598,0.1362134222914438,0.7821796764730403,10000,0.30850531349375093,0.174145949311352,24,0.08617468793115762,0.2785107982327567,0.029994515260994226,Mixed@50,True,2026-09-25,0.5,81
attribution,a material: its standard deviation,Feasible@3000,0.2505077423644093,0.1622842029139079,0.7821796764730403,10000,0.32026879488097215,0.20747688516489013,31,0.08617468793115762,0.2785107982327567,0.041757996648215445,Mixed@50,True,2026-09-25,0.5,81
attribution,a material: its standard deviation,Feasible@50,0.24037451067113352,0.11889658515821898,0.7821796764730403,10000,0.3073136747237111,0.15200674312370355,20,0.08617468793115762,0.2785107982327567,0.02880287649095442,Mixed@50,True,2026-09-25,0.5,81
attribution,a material: its standard deviation,Feasible@70,0.24034955773291267,0.12178210451254852,0.7821796764730403,10000,0.30728177292547804,0.1556958179502712,19,0.08617468793115762,0.2785107982327567,0.02877097469272133,Mixed@50,True,2026-09-25,0.5,81
attribution,a material: its standard deviation,Feasible@81,0.24017449121427625,0.12334218253795143,0.7821796764730403,10000,0.3070579541228395,0.15769034436450574,18,0.08617468793115762,0.2785107982327567,0.028547155890082776,Mixed@50,True,2026-09-25,0.5,81
attribution,a material: its standard deviation,"KDE, Uniform",0.24146231381203898,0.12230268572248287,0.7821796764730403,10000,0.3087044077913491,0.15636136990155908,26,0.08617468793115762,0.2785107982327567,0.030193609558592405,Mixed@50,True,2026-09-25,0.5,81
attribution,a material: its standard deviation,"KDE, Variable",0.23098326842106434,0.13869373360969028,0.7821796764730403,10000,0.2953071722121455,0.17731697432370028,13,0.08617468793115762,0.2785107982327567,0.016796373979388768,Mixed@50,True,2026-09-25,0.5,81
attribution,a material: its standard deviation,"Lognormal, Uniform",0.25699720250114777,0.1767042196692059,0.7821796764730403,10000,0.32856543097614704,0.2259125684088219,32,0.08617468793115762,0.2785107982327567,0.05005463274339034,Mixed@50,True,2026-09-25,0.5,81
attribution,a material: its standard deviation,"Lognormal, Variable",0.2633833810431136,0.200612466684725,0.7821796764730403,10000,0.33673002375969013,0.25647875126251707,35,0.08617468793115762,0.2785107982327567,0.05821922552693343,Mixed@50,True,2026-09-25,0.5,81
attribution,a material: its standard deviation,Mixed,0.21791221947287995,0.11943474949190136,0.7821796764730403,10000,0.2785961154801122,0.15269477472292514,2,0.08617468793115762,0.2785107982327567,8.531724735549862e-05,Mixed@50,True,2026-09-25,0.5,81
attribution,a material: its standard deviation,Mixed@10,0.22307148568763185,0.11100672290538209,0.7821796764730403,10000,0.28519212707429703,0.14191972285182253,11,0.08617468793115762,0.2785107982327567,0.006681328841540324,Mixed@50,True,2026-09-25,0.5,81
attribution,a material: its standard deviation,Mixed@100,0.21818388846628944,0.12096758699495913,0.7821796764730403,10000,0.27894343848220615,0.15465447471151286,4,0.08617468793115762,0.2785107982327567,0.00043264024944944524,Mixed@50,True,2026-09-25,0.5,81
attribution,a material: its standard deviation,Mixed@1000,0.22937305403468744,0.14633374944427047,0.7821796764730403,10000,0.29324854753189605,0.1870845712894385,12,0.08617468793115762,0.2785107982327567,0.014737749299139347,Mixed@50,True,2026-09-25,0.5,81
attribution,a material: its standard deviation,Mixed@10000,0.25699720250114777,0.1767042196692059,0.7821796764730403,10000,0.32856543097614704,0.2259125684088219,32,0.08617468793115762,0.2785107982327567,0.05005463274339034,Mixed@50,True,2026-09-25,0.5,81
attribution,a material: its standard deviation,Mixed@130,0.218916591555277,0.12340786619858977,0.7821796764730403,10000,0.279880183722496,0.15777431952087204,6,0.08617468793115762,0.2785107982327567,0.0013693854897393054,Mixed@50,True,2026-09-25,0.5,81
attribution,a material: its standard deviation,Mixed@20,0.21982052800716756,0.11046003434653476,0.7821796764730403,10000,0.2810358471577396,0.1412207932129032,8,0.08617468793115762,0.2785107982327567,0.002525048924982898,Mixed@50,True,2026-09-25,0.5,81
attribution,a material: its standard deviation,Mixed@200,0.2198224071169959,0.12841221606841605,0.7821796764730403,10000,0.2810382495594957,0.16417227387886763,9,0.08617468793115762,0.2785107982327567,0.002527451326738983,Mixed@50,True,2026-09-25,0.5,81
attribution,a material: its standard deviation,Mixed@3,0.23098326842106434,0.13869373360969028,0.7821796764730403,10000,0.2953071722121455,0.17731697432370028,13,0.08617468793115762,0.2785107982327567,0.016796373979388768,Mixed@50,True,2026-09-25,0.5,81
attribution,a material: its standard deviation,Mixed@30,0.21856403446677286,0.111232583160299,0.7821796764730403,10000,0.2794294470195253,0.14220848036075623,5,0.08617468793115762,0.2785107982327567,0.0009186487867686166,Mixed@50,True,2026-09-25,0.5,81
attribution,a material: its standard deviation,Mixed@300,0.22143858396884242,0.13212233437686152,0.7821796764730403,10000,0.28310449712442104,0.16891558084533717,10,0.08617468793115762,0.2785107982327567,0.004593698891664333,Mixed@50,True,2026-09-25,0.5,81
attribution,a material: its standard deviation,Mixed@3000,0.24046966614599888,0.16080395642623185,0.7821796764730403,10000,0.3074353289647091,0.20558442166551785,21,0.08617468793115762,0.2785107982327567,0.02892453073195239,Mixed@50,True,2026-09-25,0.5,81
attribution,a material: its standard deviation,Mixed@50,0.21784548605594586,0.11478774926505853,0.7821796764730403,10000,0.2785107982327567,0.14675368424637783,1,0.08617468793115762,0.2785107982327567,0.0,Mixed@50,True,2026-09-25,0.5,81
attribution,a material: its standard deviation,Mixed@70,0.2179639742691294,0.11839502337060523,0.7821796764730403,10000,0.27866228288103834,0.15136550709737853,3,0.08617468793115762,0.2785107982327567,0.0001514846482816301,Mixed@50,True,2026-09-25,0.5,81
attribution,a material: its standard deviation,MixedKDE@81,0.21920004207064267,0.11839525267643282,0.7821796764730403,10000,0.28024256914862183,0.15136580025997848,7,0.08617468793115762,0.2785107982327567,0.0017317709158651273,Mixed@50,True,2026-09-25,0.5,81
attribution,a material: its standard deviation,MixedLognormal@81,0.23540655353473366,0.1689091863676811,0.7821796764730403,10000,0.3009622476976331,0.2159467849245543,15,0.08617468793115762,0.2785107982327567,0.022451449464876372,Mixed@50,True,2026-09-25,0.5,81
attribution,a material: its standard deviation,MixedMarket@81,0.24588904698126,0.15113802980894525,0.7821796764730403,10000,0.31436389154216937,0.1932267410608879,30,0.08617468793115762,0.2785107982327567,0.035853093309412665,Mixed@50,True,2026-09-25,0.5,81
attribution,a material: its standard deviation,"Normal, Uniform",0.281975345841996,0.24226971714480625,0.7821796764730403,10000,0.3604994534164619,0.3097366556968534,36,0.08617468793115762,0.2785107982327567,0.08198865518370518,Mixed@50,True,2026-09-25,0.5,81
attribution,a material: its standard deviation,"Normal, Variable",0.28524957558210395,0.26061666385138604,0.7821796764730403,10000,0.36468548616391433,0.33319283495902596,37,0.08617468793115762,0.2785107982327567,0.08617468793115762,Mixed@50,True,2026-09-25,0.5,81
attribution,a material: its 95th percentile,Feasible@10,0.5609053423490579,0.1597727639989434,2.371580361096792,10000,0.23651121064674963,0.06736974492614403,34,0.042947766414282135,0.19831816430603444,0.03819304634071519,MixedLognormal@81,True,2026-09-25,0.5,81
attribution,a material: its 95th percentile,Feasible@100,0.5363914732156292,0.2175656008705536,2.371580361096792,10000,0.2261746985320635,0.09173865850783795,20,0.042947766414282135,0.19831816430603444,0.027856534226029073,MixedLognormal@81,True,2026-09-25,0.5,81
attribution,a material: its 95th percentile,Feasible@1000,0.5411305598821662,0.2405048802843278,2.371580361096792,10000,0.2281729806667432,0.10141122950314059,27,0.042947766414282135,0.19831816430603444,0.029854816360708775,MixedLognormal@81,True,2026-09-25,0.5,81
attribution,a material: its 95th percentile,Feasible@10000,0.5518203219216542,0.2558512078236766,2.371580361096792,10000,0.23268042313626355,0.10788215825220965,31,0.042947766414282135,0.19831816430603444,0.034362258830229114,MixedLognormal@81,True,2026-09-25,0.5,81
attribution,a material: its 95th percentile,Feasible@130,0.5367066760107538,0.2201490332034496,2.371580361096792,10000,0.22630760686622547,0.092827987958897,22,0.042947766414282135,0.19831816430603444,0.027989442560191036,MixedLognormal@81,True,2026-09-25,0.5,81
attribution,a material: its 95th percentile,Feasible@20,0.5467258257214211,0.18626838631087822,2.371580361096792,10000,0.23053227910378513,0.07854188260554415,30,0.042947766414282135,0.19831816430603444,0.03221411479775069,MixedLognormal@81,True,2026-09-25,0.5,81
attribution,a material: its 95th percentile,Feasible@200,0.536568499473613,0.22555710998675804,2.371580361096792,10000,0.22624934338107966,0.09510835630399805,21,0.042947766414282135,0.19831816430603444,0.02793117907504522,MixedLognormal@81,True,2026-09-25,0.5,81
attribution,a material: its 95th percentile,Feasible@3,0.5690712509922674,0.15327757502968428,2.371580361096792,10000,0.23995444570517835,0.06463098512031763,35,0.042947766414282135,0.19831816430603444,0.04163628139914391,MixedLognormal@81,True,2026-09-25,0.5,81
attribution,a material: its 95th percentile,Feasible@30,0.5426470973946809,0.19451973705059178,2.371580361096792,10000,0.22881244350654062,0.08202114515766679,28,0.042947766414282135,0.19831816430603444,0.03049427920050618,MixedLognormal@81,True,2026-09-25,0.5,81
attribution,a material: its 95th percentile,Feasible@300,0.5372918581301002,0.22953190370264714,2.371580361096792,10000,0.22655435461677428,0.0967843668584331,25,0.042947766414282135,0.19831816430603444,0.028236190310739845,MixedLognormal@81,True,2026-09-25,0.5,81
attribution,a material: its 95th percentile,Feasible@3000,0.54672433628227,0.24776055319137102,2.371580361096792,10000,0.23053165106723383,0.10447065478177112,29,0.042947766414282135,0.19831816430603444,0.032213486761199395,MixedLognormal@81,True,2026-09-25,0.5,81
attribution,a material: its 95th percentile,Feasible@50,0.53902502591473,0.20587394066176448,2.371580361096792,10000,0.2272851617245833,0.08680875589919008,26,0.042947766414282135,0.19831816430603444,0.028966997418548857,MixedLognormal@81,True,2026-09-25,0.5,81
attribution,a material: its 95th percentile,Feasible@70,0.5372750325216059,0.21254192382226916,2.371580361096792,10000,0.22654725993477645,0.089620376061798,24,0.042947766414282135,0.19831816430603444,0.028229095628742013,MixedLognormal@81,True,2026-09-25,0.5,81
attribution,a material: its 95th percentile,Feasible@81,0.536778971848938,0.21494868082460872,2.371580361096792,10000,0.22633809111182393,0.0906352086358148,23,0.042947766414282135,0.19831816430603444,0.02801992680578949,MixedLognormal@81,True,2026-09-25,0.5,81
attribution,a material: its 95th percentile,"KDE, Uniform",0.5690712509922674,0.15327757502968428,2.371580361096792,10000,0.23995444570517835,0.06463098512031763,35,0.042947766414282135,0.19831816430603444,0.04163628139914391,MixedLognormal@81,True,2026-09-25,0.5,81
attribution,a material: its 95th percentile,"KDE, Variable",0.5197561149203097,0.1543546534938069,2.371580361096792,10000,0.21916023738699564,0.06508514576432993,17,0.042947766414282135,0.19831816430603444,0.0208420730809612,MixedLognormal@81,True,2026-09-25,0.5,81
attribution,a material: its 95th percentile,"Lognormal, Uniform",0.5518203219216542,0.2558512078236766,2.371580361096792,10000,0.23268042313626355,0.10788215825220965,31,0.042947766414282135,0.19831816430603444,0.034362258830229114,MixedLognormal@81,True,2026-09-25,0.5,81
attribution,a material: its 95th percentile,"Lognormal, Variable",0.5105450610486033,0.28859932580384606,2.371580361096792,10000,0.2152763066449454,0.12169072173897437,14,0.042947766414282135,0.19831816430603444,0.016958142338910964,MixedLognormal@81,True,2026-09-25,0.5,81
attribution,a material: its 95th percentile,Mixed,0.47146866080409316,0.1729012292480307,2.371580361096792,10000,0.19879936119307873,0.07290549039968798,4,0.042947766414282135,0.19831816430603444,0.0004811968870442884,MixedLognormal@81,True,2026-09-25,0.5,81
attribution,a material: its 95th percentile,Mixed@10,0.5025011408602502,0.12486866582383915,2.371580361096792,10000,0.21188450920881172,0.05265209135316451,12,0.042947766414282135,0.19831816430603444,0.013566344902777278,MixedLognormal@81,True,2026-09-25,0.5,81
attribution,a material: its 95th percentile,Mixed@100,0.4708990515246664,0.1780123929101802,2.371580361096792,10000,0.1985591798824343,0.07506066243011655,3,0.042947766414282135,0.19831816430603444,0.0002410155763998556,MixedLognormal@81,True,2026-09-25,0.5,81
attribution,a material: its 95th percentile,Mixed@1000,0.4910898025177606,0.22351051997291674,2.371580361096792,10000,0.20707280705033534,0.09424539165501825,11,0.042947766414282135,0.19831816430603444,0.008754642744300906,MixedLognormal@81,True,2026-09-25,0.5,81
attribution,a material: its 95th percentile,Mixed@10000,0.5518203219216542,0.2558512078236766,2.371580361096792,10000,0.23268042313626355,0.10788215825220965,31,0.042947766414282135,0.19831816430603444,0.034362258830229114,MixedLognormal@81,True,2026-09-25,0.5,81
attribution,a material: its 95th percentile,Mixed@130,0.47166643860109,0.18449605202105426,2.371580361096792,10000,0.19888275613100329,0.07779456055865205,5,0.042947766414282135,0.19831816430603444,0.0005645918249688464,MixedLognormal@81,True,2026-09-25,0.5,81
attribution,a material: its 95th percentile,Mixed@20,0.48991377066262304,0.1337620934183597,2.371580361096792,10000,0.20657692174346187,0.056402091876194466,10,0.042947766414282135,0.19831816430603444,0.008258757437427433,MixedLognormal@81,True,2026-09-25,0.5,81
attribution,a material: its 95th percentile,Mixed@200,0.47081638444615576,0.19594785616827945,2.371580361096792,10000,0.1985243225021546,0.08262332551854108,2,0.042947766414282135,0.19831816430603444,0.00020615819612015973,MixedLognormal@81,True,2026-09-25,0.5,81
attribution,a material: its 95th percentile,Mixed@3,0.5197561149203097,0.1543546534938069,2.371580361096792,10000,0.21916023738699564,0.06508514576432993,17,0.042947766414282135,0.19831816430603444,0.0208420730809612,MixedLognormal@81,True,2026-09-25,0.5,81
attribution,a material: its 95th percentile,Mixed@30,0.4850713766950938,0.14105926417297224,2.371580361096792,10000,0.2045350790772957,0.05947901512716868,9,0.042947766414282135,0.19831816430603444,0.006216914771261267,MixedLognormal@81,True,2026-09-25,0.5,81
attribution,a material: its 95th percentile,Mixed@300,0.47405124824642564,0.20317112511377203,2.371580361096792,10000,0.1998883343877876,0.08566908735060147,7,0.042947766414282135,0.19831816430603444,0.0015701700817531694,MixedLognormal@81,True,2026-09-25,0.5,81
attribution,a material: its 95th percentile,Mixed@3000,0.515825640718341,0.2396048541395819,2.371580361096792,10000,0.21750291458805368,0.1010317246971851,16,0.042947766414282135,0.19831816430603444,0.01918475028201924,MixedLognormal@81,True,2026-09-25,0.5,81
attribution,a material: its 95th percentile,Mixed@50,0.47714091893157573,0.1562391586651478,2.371580361096792,10000,0.2011911241797056,0.0658797657579233,8,0.042947766414282135,0.19831816430603444,0.0028729598736711714,MixedLognormal@81,True,2026-09-25,0.5,81
attribution,a material: its 95th percentile,Mixed@70,0.4727268656340231,0.17012622915108558,2.371580361096792,10000,0.19932989553657784,0.07173538453169126,6,0.042947766414282135,0.19831816430603444,0.0010117312305434056,MixedLognormal@81,True,2026-09-25,0.5,81
attribution,a material: its 95th percentile,MixedKDE@81,0.5037609399474228,0.11123012345310629,2.371580361096792,10000,0.2124157157864332,0.04690126688419083,13,0.042947766414282135,0.19831816430603444,0.014097551480398762,MixedLognormal@81,True,2026-09-25,0.5,81
attribution,a material: its 95th percentile,MixedLognormal@81,0.47032746371695805,0.23258001558109978,2.371580361096792,10000,0.19831816430603444,0.0980696329739962,1,0.042947766414282135,0.19831816430603444,0.0,MixedLognormal@81,True,2026-09-25,0.5,81
attribution,a material: its 95th percentile,MixedMarket@81,0.5116862581357383,0.22892053947077698,2.371580361096792,10000,0.21575750353198964,0.09652657916466614,15,0.042947766414282135,0.19831816430603444,0.017439339225955197,MixedLognormal@81,True,2026-09-25,0.5,81
attribution,a material: its 95th percentile,"Normal, Uniform",0.5721815430980419,0.2835232930383123,2.371580361096792,10000,0.24126593072031657,0.11955036299389427,37,0.042947766414282135,0.19831816430603444,0.042947766414282135,MixedLognormal@81,True,2026-09-25,0.5,81
attribution,a material: its 95th percentile,"Normal, Variable",0.5309738060671638,0.31065335296694163,2.371580361096792,10000,0.22389028631591584,0.13099001748491157,19,0.042947766414282135,0.19831816430603444,0.025572122009881404,MixedLognormal@81,True,2026-09-25,0.5,81
attribution,a material: its share of the total,Feasible@10,0.03154877514225174,4.976574707882264e-18,0.25,10000,0.12619510056900696,1.9906298831529055e-17,33,0.06076153412496332,0.10589547369503016,0.020299626873976795,MixedLognormal@81,True,2026-09-25,0.5,81
attribution,a material: its share of the total,Feasible@100,0.03112566303943779,3.7969627442180355e-18,0.25,10000,0.12450265215775116,1.5187850976872142e-17,25,0.06076153412496332,0.10589547369503016,0.018607178462721002,MixedLognormal@81,True,2026-09-25,0.5,81
attribution,a material: its share of the total,Feasible@1000,0.031018411524710063,1.223049439502688e-17,0.25,10000,0.12407364609884025,4.892197758010752e-17,21,0.06076153412496332,0.10589547369503016,0.01817817240381009,MixedLognormal@81,True,2026-09-25,0.5,81
attribution,a material: its share of the total,Feasible@10000,0.03095146171731285,7.029099524658022e-18,0.25,10000,0.1238058468692514,2.8116398098632087e-17,17,0.06076153412496332,0.10589547369503016,0.017910373174221242,MixedLognormal@81,True,2026-09-25,0.5,81
attribution,a material: its share of the total,Feasible@130,0.031107426268660657,4.332645353599673e-18,0.25,10000,0.12442970507464263,1.7330581414398692e-17,24,0.06076153412496332,0.10589547369503016,0.018534231379612465,MixedLognormal@81,True,2026-09-25,0.5,81
attribution,a material: its share of the total,Feasible@20,0.03123789611406587,1.1037004643554838e-17,0.25,10000,0.12495158445626348,4.414801857421935e-17,30,0.06076153412496332,0.10589547369503016,0.019056110761233314,MixedLognormal@81,True,2026-09-25,0.5,81
attribution,a material: its share of the total,Feasible@200,0.03107567813210356,6.6141536692043704e-18,0.25,10000,0.12430271252841424,2.6456614676817482e-17,23,0.06076153412496332,0.10589547369503016,0.018407238833384076,MixedLognormal@81,True,2026-09-25,0.5,81
attribution,a material: its share of the total,Feasible@3,0.03213013289265006,4.3354209111612364e-18,0.25,10000,0.12852053157060023,1.7341683644644946e-17,34,0.06076153412496332,0.10589547369503016,0.022625057875570065,MixedLognormal@81,True,2026-09-25,0.5,81
attribution,a material: its share of the total,Feasible@30,0.031233132310128146,7.197020757132577e-18,0.25,10000,0.12493252924051258,2.8788083028530306e-17,29,0.06076153412496332,0.10589547369503016,0.01903705554548242,MixedLognormal@81,True,2026-09-25,0.5,81
attribution,a material: its share of the total,Feasible@300,0.031055313300124072,4.085620730620576e-18,0.25,10000,0.12422125320049629,1.6342482922482304e-17,22,0.06076153412496332,0.10589547369503016,0.018325779505466128,MixedLognormal@81,True,2026-09-25,0.5,81
attribution,a material: its share of the total,Feasible@3000,0.030977689543016777,4.400646513857964e-18,0.25,10000,0.1239107581720671,1.7602586055431857e-17,20,0.06076153412496332,0.10589547369503016,0.018015284477036944,MixedLognormal@81,True,2026-09-25,0.5,81
attribution,a material: its share of the total,Feasible@50,0.031142742558348074,6.106226635438361e-18,0.25,10000,0.1245709702333923,2.4424906541753444e-17,26,0.06076153412496332,0.10589547369503016,0.018675496538362132,MixedLognormal@81,True,2026-09-25,0.5,81
attribution,a material: its share of the total,Feasible@70,0.031144010128082777,1.1102230246251566e-20,0.25,10000,0.12457604051233111,4.4408920985006264e-20,27,0.06076153412496332,0.10589547369503016,0.018680566817300945,MixedLognormal@81,True,2026-09-25,0.5,81
attribution,a material: its share of the total,Feasible@81,0.031146917756915322,1.784683512084939e-18,0.25,10000,0.12458767102766129,7.138734048339756e-18,28,0.06076153412496332,0.10589547369503016,0.018692197332631125,MixedLognormal@81,True,2026-09-25,0.5,81
attribution,a material: its share of the total,"KDE, Uniform",0.03213013289265006,4.3354209111612364e-18,0.25,10000,0.12852053157060023,1.7341683644644946e-17,34,0.06076153412496332,0.10589547369503016,0.022625057875570065,MixedLognormal@81,True,2026-09-25,0.5,81
attribution,a material: its share of the total,"KDE, Variable",0.03130856236551931,2.9504176879413537e-18,0.25,10000,0.12523424946207723,1.1801670751765415e-17,31,0.06076153412496332,0.10589547369503016,0.019338775767047067,MixedLognormal@81,True,2026-09-25,0.5,81
attribution,a material: its share of the total,"Lognormal, Uniform",0.03095146171731285,7.029099524658022e-18,0.25,10000,0.1238058468692514,2.8116398098632087e-17,17,0.06076153412496332,0.10589547369503016,0.017910373174221242,MixedLognormal@81,True,2026-09-25,0.5,81
attribution,a material: its share of the total,"Lognormal, Variable",0.030554308953544034,1.0497158697830855e-17,0.25,10000,0.12221723581417614,4.198863479132342e-17,15,0.06076153412496332,0.10589547369503016,0.016321762119145974,MixedLognormal@81,True,2026-09-25,0.5,81
attribution,a material: its share of the total,Mixed,0.026761810816081196,4.507505479978135e-18,0.25,10000,0.10704724326432478,1.803002191991254e-17,3,0.06076153412496332,0.10589547369503016,0.0011517695692946223,MixedLognormal@81,True,2026-09-25,0.5,81
attribution,a material: its share of the total,Mixed@10,0.028400297544233996,1.504213420489009e-17,0.25,10000,0.11360119017693598,6.016853681956036e-17,12,0.06076153412496332,0.10589547369503016,0.007705716481905822,MixedLognormal@81,True,2026-09-25,0.5,81
attribution,a material: its share of the total,Mixed@100,0.02680189576298697,7.852052341661419e-18,0.25,10000,0.10720758305194789,3.1408209366645677e-17,5,0.06076153412496332,0.10589547369503016,0.0013121093569177233,MixedLognormal@81,True,2026-09-25,0.5,81
attribution,a material: its share of the total,Mixed@1000,0.02848685609519256,1.3096468354234503e-17,0.25,10000,0.11394742438077024,5.238587341693801e-17,13,0.06076153412496332,0.10589547369503016,0.008051950685740078,MixedLognormal@81,True,2026-09-25,0.5,81
attribution,a material: its share of the total,Mixed@10000,0.03095146171731285,7.029099524658022e-18,0.25,10000,0.1238058468692514,2.8116398098632087e-17,17,0.06076153412496332,0.10589547369503016,0.017910373174221242,MixedLognormal@81,True,2026-09-25,0.5,81
attribution,a material: its share of the total,Mixed@130,0.02695716369015495,1.1038392422335619e-17,0.25,10000,0.1078286547606198,4.4153569689342475e-17,6,0.06076153412496332,0.10589547369503016,0.001933181065589637,MixedLognormal@81,True,2026-09-25,0.5,81
attribution,a material: its share of the total,Mixed@20,0.027322105823077612,8.734679646238419e-18,0.25,10000,0.10928842329231045,3.4938718584953674e-17,9,0.06076153412496332,0.10589547369503016,0.003392949597280287,MixedLognormal@81,True,2026-09-25,0.5,81
attribution,a material: its share of the total,Mixed@200,0.027213966692642578,9.274525591962402e-18,0.25,10000,0.10885586677057031,3.7098102367849606e-17,8,0.06076153412496332,0.10589547369503016,0.002960393075540149,MixedLognormal@81,True,2026-09-25,0.5,81
attribution,a material: its share of the total,Mixed@3,0.03130856236551931,2.9504176879413537e-18,0.25,10000,0.12523424946207723,1.1801670751765415e-17,31,0.06076153412496332,0.10589547369503016,0.019338775767047067,MixedLognormal@81,True,2026-09-25,0.5,81
attribution,a material: its share of the total,Mixed@30,0.027112362746891175,4.388156504830931e-18,0.25,10000,0.1084494509875647,1.7552626019323724e-17,7,0.06076153412496332,0.10589547369503016,0.002553977292534537,MixedLognormal@81,True,2026-09-25,0.5,81
attribution,a material: its share of the total,Mixed@300,0.027514950381760918,9.871270467698424e-18,0.25,10000,0.11005980152704367,3.9485081870793695e-17,10,0.06076153412496332,0.10589547369503016,0.004164327832013509,MixedLognormal@81,True,2026-09-25,0.5,81
attribution,a material: its share of the total,Mixed@3000,0.029635771261180558,1.4738210651898953e-18,0.25,10000,0.11854308504472223,5.895284260759581e-18,14,0.06076153412496332,0.10589547369503016,0.01264761134969207,MixedLognormal@81,True,2026-09-25,0.5,81
attribution,a material: its share of the total,Mixed@50,0.026769645221252553,2.0816681711721684e-19,0.25,10000,0.10707858088501021,8.326672684688674e-19,4,0.06076153412496332,0.10589547369503016,0.0011831071899800483,MixedLognormal@81,True,2026-09-25,0.5,81
attribution,a material: its share of the total,Mixed@70,0.026740829346008924,3.247402347028583e-18,0.25,10000,0.1069633173840357,1.2989609388114332e-17,2,0.06076153412496332,0.10589547369503016,0.001067843689005532,MixedLognormal@81,True,2026-09-25,0.5,81
attribution,a material: its share of the total,MixedKDE@81,0.027711742511338355,7.303879723252748e-18,0.25,10000,0.11084697004535342,2.9215518893010994e-17,11,0.06076153412496332,0.10589547369503016,0.004951496350323256,MixedLognormal@81,True,2026-09-25,0.5,81
attribution,a material: its share of the total,MixedLognormal@81,0.02647386842375754,3.497202527569243e-19,0.25,10000,0.10589547369503016,1.3988810110276973e-18,1,0.06076153412496332,0.10589547369503016,0.0,MixedLognormal@81,True,2026-09-25,0.5,81
attribution,a material: its share of the total,MixedMarket@81,0.03078819600496858,1.3905543383430085e-18,0.25,10000,0.12315278401987433,5.562217353372034e-18,16,0.06076153412496332,0.10589547369503016,0.017257310324844163,MixedLognormal@81,True,2026-09-25,0.5,81
attribution,a material: its share of the total,"Normal, Uniform",0.040833386252565336,4.207745263329344e-18,0.25,10000,0.16333354501026134,1.6830981053317375e-17,36,0.06076153412496332,0.10589547369503016,0.05743807131523118,MixedLognormal@81,True,2026-09-25,0.5,81
attribution,a material: its share of the total,"Normal, Variable",0.04166425195499837,2.636779683484747e-18,0.25,10000,0.16665700781999349,1.0547118733938987e-17,37,0.06076153412496332,0.10589547369503016,0.06076153412496332,MixedLognormal@81,True,2026-09-25,0.5,81
attribution,a material: its share at the building 95th,Feasible@10,0.0720103436626847,8.798517470154365e-19,0.25,10000,0.2880413746507388,3.519406988061746e-18,35,0.05388383300340932,0.24043323591878624,0.047608138731952576,MixedLognormal@81,True,2026-09-25,0.5,81
attribution,a material: its share at the building 95th,Feasible@100,0.06798407002014288,1.0477729794899915e-18,0.25,10000,0.2719362800805715,4.191091917959966e-18,21,0.05388383300340932,0.24043323591878624,0.03150304416178529,MixedLognormal@81,True,2026-09-25,0.5,81
attribution,a material: its share at the building 95th,Feasible@1000,0.06792260478376012,5.856426454897701e-19,0.25,10000,0.2716904191350405,2.3425705819590804e-18,20,0.05388383300340932,0.24043323591878624,0.03125718321625426,MixedLognormal@81,True,2026-09-25,0.5,81
attribution,a material: its share at the building 95th,Feasible@10000,0.06880027384513684,7.771561172376096e-19,0.25,10000,0.2752010953805474,3.1086244689504384e-18,27,0.05388383300340932,0.24043323591878624,0.03476785946176114,MixedLognormal@81,True,2026-09-25,0.5,81
attribution,a material: its share at the building 95th,Feasible@130,0.0678667821287345,7.355227538141662e-19,0.25,10000,0.271467128514938,2.9420910152566647e-18,18,0.05388383300340932,0.24043323591878624,0.031033892596151746,MixedLognormal@81,True,2026-09-25,0.5,81
attribution,a material: its share at the building 95th,Feasible@20,0.07013606463698221,5.009881398621019e-19,0.25,10000,0.28054425854792886,2.0039525594484076e-18,33,0.05388383300340932,0.24043323591878624,0.04011102262914262,MixedLognormal@81,True,2026-09-25,0.5,81
attribution,a material: its share at the building 95th,Feasible@200,0.06776816089967683,6.480926906249351e-19,0.25,10000,0.2710726435987073,2.5923707624997404e-18,17,0.05388383300340932,0.24043323591878624,0.03063940767992107,MixedLognormal@81,True,2026-09-25,0.5,81
attribution,a material: its share at the building 95th,Feasible@3,0.07357926723054889,6.356026815979021e-19,0.25,10000,0.29431706892219556,2.5424107263916085e-18,36,0.05388383300340932,0.24043323591878624,0.05388383300340932,MixedLognormal@81,True,2026-09-25,0.5,81
attribution,a material: its share at the building 95th,Feasible@30,0.06934972386904299,6.591949208711867e-19,0.25,10000,0.27739889547617197,2.636779683484747e-18,32,0.05388383300340932,0.24043323591878624,0.03696565955738573,MixedLognormal@81,True,2026-09-25,0.5,81
attribution,a material: its share at the building 95th,Feasible@300,0.06770413608661988,4.038436252074007e-19,0.25,10000,0.2708165443464795,1.6153745008296028e-18,16,0.05388383300340932,0.24043323591878624,0.030383308427693267,MixedLognormal@81,True,2026-09-25,0.5,81
attribution,a material: its share at the building 95th,Feasible@3000,0.0684384654318302,7.077671781985373e-20,0.25,10000,0.2737538617273208,2.8310687127941494e-19,25,0.05388383300340932,0.24043323591878624,0.033320625808534565,MixedLognormal@81,True,2026-09-25,0.5,81
attribution,a material: its share at the building 95th,Feasible@50,0.06864741744146641,8.340550472496489e-19,0.25,10000,0.27458966976586563,3.3362201889985954e-18,26,0.05388383300340932,0.24043323591878624,0.03415643384707939,MixedLognormal@81,True,2026-09-25,0.5,81
attribution,a material: its share at the building 95th,Feasible@70,0.06815925116708775,1.27675647831893e-18,0.25,10000,0.272637004668351,5.10702591327572e-18,24,0.05388383300340932,0.24043323591878624,0.032203768749564765,MixedLognormal@81,True,2026-09-25,0.5,81
attribution,a material: its share at the building 95th,Feasible@81,0.06810854025201722,1.2129186544029836e-18,0.25,10000,0.2724341610080689,4.851674617611934e-18,23,0.05388383300340932,0.24043323591878624,0.03200092508928265,MixedLognormal@81,True,2026-09-25,0.5,81
attribution,a material: its share at the building 95th,"KDE, Uniform",0.07357926723054889,6.356026815979021e-19,0.25,10000,0.29431706892219556,2.5424107263916085e-18,36,0.05388383300340932,0.24043323591878624,0.05388383300340932,MixedLognormal@81,True,2026-09-25,0.5,81
attribution,a material: its share at the building 95th,"KDE, Variable",0.06883764407489151,1.4432899320127034e-19,0.25,10000,0.27535057629956605,5.773159728050814e-19,30,0.05388383300340932,0.24043323591878624,0.034917340380779816,MixedLognormal@81,True,2026-09-25,0.5,81
attribution,a material: its share at the building 95th,"Lognormal, Uniform",0.06880027384513684,7.771561172376096e-19,0.25,10000,0.2752010953805474,3.1086244689504384e-18,27,0.05388383300340932,0.24043323591878624,0.03476785946176114,MixedLognormal@81,True,2026-09-25,0.5,81
attribution,a material: its share at the building 95th,"Lognormal, Variable",0.06502484855942957,7.591149930874508e-19,0.25,10000,0.2600993942377183,3.036459972349803e-18,11,0.05388383300340932,0.24043323591878624,0.019666158318932037,MixedLognormal@81,True,2026-09-25,0.5,81
attribution,a material: its share at the building 95th,Mixed,0.06288194376750247,7.910339050454241e-19,0.25,10000,0.2515277750700099,3.1641356201816963e-18,6,0.05388383300340932,0.24043323591878624,0.011094539151223659,MixedLognormal@81,True,2026-09-25,0.5,81
attribution,a material: its share at the building 95th,Mixed@10,0.06650681640937889,4.135580766728708e-19,0.25,10000,0.26602726563751555,1.6542323066914833e-18,14,0.05388383300340932,0.24043323591878624,0.025594029718729316,MixedLognormal@81,True,2026-09-25,0.5,81
attribution,a material: its share at the building 95th,Mixed@100,0.06265637314533831,6.106226635438361e-19,0.25,10000,0.25062549258135325,2.4424906541753442e-18,4,0.05388383300340932,0.24043323591878624,0.010192256662567012,MixedLognormal@81,True,2026-09-25,0.5,81
attribution,a material: its share at the building 95th,Mixed@1000,0.06407790114088266,2.456368441983159e-19,0.25,10000,0.25631160456353064,9.825473767932636e-19,9,0.05388383300340932,0.24043323591878624,0.0158783686447444,MixedLognormal@81,True,2026-09-25,0.5,81
attribution,a material: its share at the building 95th,Mixed@10000,0.06880027384513684,7.771561172376096e-19,0.25,10000,0.2752010953805474,3.1086244689504384e-18,27,0.05388383300340932,0.24043323591878624,0.03476785946176114,MixedLognormal@81,True,2026-09-25,0.5,81
attribution,a material: its share at the building 95th,Mixed@130,0.06259958899072811,7.78543896018391e-19,0.25,10000,0.25039835596291243,3.114175584073564e-18,3,0.05388383300340932,0.24043323591878624,0.009965120044126197,MixedLognormal@81,True,2026-09-25,0.5,81
attribution,a material: its share at the building 95th,Mixed@20,0.06523687487951588,4.315992008230296e-19,0.25,10000,0.2609474995180635,1.7263968032921184e-18,12,0.05388383300340932,0.24043323591878624,0.02051426359927727,MixedLognormal@81,True,2026-09-25,0.5,81
attribution,a material: its share at the building 95th,Mixed@200,0.06253745120525543,3.4694469519536144e-19,0.25,10000,0.2501498048210217,1.3877787807814458e-18,2,0.05388383300340932,0.24043323591878624,0.00971656890223549,MixedLognormal@81,True,2026-09-25,0.5,81
attribution,a material: its share at the building 95th,Mixed@3,0.06883764407489151,1.4432899320127034e-19,0.25,10000,0.27535057629956605,5.773159728050814e-19,30,0.05388383300340932,0.24043323591878624,0.034917340380779816,MixedLognormal@81,True,2026-09-25,0.5,81
attribution,a material: its share at the building 95th,Mixed@30,0.06455241330842117,7.965850201685498e-19,0.25,10000,0.25820965323368467,3.1863400806741993e-18,10,0.05388383300340932,0.24043323591878624,0.01777641731489843,MixedLognormal@81,True,2026-09-25,0.5,81
attribution,a material: its share at the building 95th,Mixed@300,0.06282640824091823,2.498001805406602e-19,0.25,10000,0.2513056329636729,9.992007221626408e-19,5,0.05388383300340932,0.24043323591878624,0.010872397044886684,MixedLognormal@81,True,2026-09-25,0.5,81
attribution,a material: its share at the building 95th,Mixed@3000,0.06614008739073768,3.2751579226442117e-19,0.25,10000,0.2645603495629507,1.3100631690576847e-18,13,0.05388383300340932,0.24043323591878624,0.024127113644164477,MixedLognormal@81,True,2026-09-25,0.5,81
attribution,a material: its share at the building 95th,Mixed@50,0.06390707219210165,7.299716386910404e-19,0.25,10000,0.2556282887684066,2.9198865547641618e-18,8,0.05388383300340932,0.24043323591878624,0.01519505284962036,MixedLognormal@81,True,2026-09-25,0.5,81
attribution,a material: its share at the building 95th,Mixed@70,0.06323402185738859,8.951173136040325e-19,0.25,10000,0.25293608742955437,3.58046925441613e-18,7,0.05388383300340932,0.24043323591878624,0.012502851510768132,MixedLognormal@81,True,2026-09-25,0.5,81
attribution,a material: its share at the building 95th,MixedKDE@81,0.06800991676006267,7.258083023486961e-19,0.25,10000,0.2720396670402507,2.9032332093947843e-18,22,0.05388383300340932,0.24043323591878624,0.03160643112146444,MixedLognormal@81,True,2026-09-25,0.5,81
attribution,a material: its share at the building 95th,MixedLognormal@81,0.06010830897969656,7.382983113757291e-19,0.25,10000,0.24043323591878624,2.9531932455029162e-18,1,0.05388383300340932,0.24043323591878624,0.0,MixedLognormal@81,True,2026-09-25,0.5,81
attribution,a material: its share at the building 95th,MixedMarket@81,0.06788987394305686,3.9968028886505634e-19,0.25,10000,0.27155949577222743,1.5987211554602254e-18,19,0.05388383300340932,0.24043323591878624,0.031126259853441196,MixedLognormal@81,True,2026-09-25,0.5,81
attribution,a material: its share at the building 95th,"Normal, Uniform",0.07087994821787101,4.357625371653739e-19,0.25,10000,0.28351979287148404,1.7430501486614956e-18,34,0.05388383300340932,0.24043323591878624,0.04308655695269781,MixedLognormal@81,True,2026-09-25,0.5,81
attribution,a material: its share at the building 95th,"Normal, Variable",0.06696641642657054,2.6229018956769323e-19,0.25,10000,0.2678656657062822,1.049160758270773e-18,15,0.05388383300340932,0.24043323591878624,0.027432429787495938,MixedLognormal@81,True,2026-09-25,0.5,81
attribution,a material: its chance of being largest,Feasible@10,0.08273156,3.58046925441613e-19,0.25,10000,0.33092624,1.432187701766452e-18,29,0.22744295999999997,0.27770824000000005,0.05321799999999993,Mixed@70,True,2026-09-25,0.5,81
attribution,a material: its chance of being largest,Feasible@100,0.08148338,1.0824674490095276e-19,0.25,10000,0.32593352,4.3298697960381103e-19,23,0.22744295999999997,0.27770824000000005,0.048225279999999926,Mixed@70,True,2026-09-25,0.5,81
attribution,a material: its chance of being largest,Feasible@1000,0.08119150000000001,1.5543122344752191e-19,0.25,10000,0.32476600000000005,6.217248937900877e-19,19,0.22744295999999997,0.27770824000000005,0.047057760000000004,Mixed@70,True,2026-09-25,0.5,81
attribution,a material: its chance of being largest,Feasible@10000,0.08109678,3.9968028886505634e-19,0.25,10000,0.32438712,1.5987211554602254e-18,15,0.22744295999999997,0.27770824000000005,0.04667887999999992,Mixed@70,True,2026-09-25,0.5,81
attribution,a material: its chance of being largest,Feasible@130,0.08143198,1.2351231148954866e-19,0.25,10000,0.32572792,4.940492459581947e-19,22,0.22744295999999997,0.27770824000000005,0.048019679999999954,Mixed@70,True,2026-09-25,0.5,81
attribution,a material: its chance of being largest,Feasible@20,0.0820452,8.465450562766819e-20,0.25,10000,0.3281808,3.3861802251067277e-19,28,0.22744295999999997,0.27770824000000005,0.050472559999999944,Mixed@70,True,2026-09-25,0.5,81
attribution,a material: its chance of being largest,Feasible@200,0.08133346,2.0816681711721686e-20,0.25,10000,0.32533384,8.326672684688674e-20,21,0.22744295999999997,0.27770824000000005,0.047625599999999935,Mixed@70,True,2026-09-25,0.5,81
attribution,a material: its chance of being largest,Feasible@3,0.08384408,3.7470027081099035e-20,0.25,10000,0.33537632,1.4988010832439614e-19,33,0.22744295999999997,0.27770824000000005,0.057668079999999955,Mixed@70,True,2026-09-25,0.5,81
attribution,a material: its chance of being largest,Feasible@30,0.08192466,7.771561172376096e-20,0.25,10000,0.32769864,3.1086244689504383e-19,27,0.22744295999999997,0.27770824000000005,0.049990399999999935,Mixed@70,True,2026-09-25,0.5,81
attribution,a material: its chance of being largest,Feasible@300,0.08128128,1.3739009929736313e-19,0.25,10000,0.32512512,5.495603971894525e-19,20,0.22744295999999997,0.27770824000000005,0.04741687999999994,Mixed@70,True,2026-09-25,0.5,81
attribution,a material: its chance of being largest,Feasible@3000,0.08115796,1.2073675392798577e-19,0.25,10000,0.32463184,4.829470157119431e-19,18,0.22744295999999997,0.27770824000000005,0.046923599999999954,Mixed@70,True,2026-09-25,0.5,81
attribution,a material: its chance of being largest,Feasible@50,0.08155997999999999,1.1102230246251566e-20,0.25,10000,0.32623991999999996,4.4408920985006264e-20,26,0.22744295999999997,0.27770824000000005,0.04853167999999991,Mixed@70,True,2026-09-25,0.5,81
attribution,a material: its chance of being largest,Feasible@70,0.08155642,6.938893903907229e-20,0.25,10000,0.32622568,2.7755575615628914e-19,25,0.22744295999999997,0.27770824000000005,0.04851743999999997,Mixed@70,True,2026-09-25,0.5,81
attribution,a material: its chance of being largest,Feasible@81,0.08152794000000001,3.469446951953614e-20,0.25,10000,0.32611176000000003,1.3877787807814457e-19,24,0.22744295999999997,0.27770824000000005,0.04840351999999998,Mixed@70,True,2026-09-25,0.5,81
attribution,a material: its chance of being largest,"KDE, Uniform",0.08384408,3.7470027081099035e-20,0.25,10000,0.33537632,1.4988010832439614e-19,33,0.22744295999999997,0.27770824000000005,0.057668079999999955,Mixed@70,True,2026-09-25,0.5,81
attribution,a material: its chance of being largest,"KDE, Variable",0.08331066,5.065392549852277e-20,0.25,10000,0.33324264,2.0261570199409107e-19,30,0.22744295999999997,0.27770824000000005,0.05553439999999993,Mixed@70,True,2026-09-25,0.5,81
attribution,a material: its chance of being largest,"Lognormal, Uniform",0.08109678,3.9968028886505634e-19,0.25,10000,0.32438712,1.5987211554602254e-18,15,0.22744295999999997,0.27770824000000005,0.04667887999999992,Mixed@70,True,2026-09-25,0.5,81
attribution,a material: its chance of being largest,"Lognormal, Variable",0.08413733999999999,1.8041124150158793e-20,0.25,10000,0.33654935999999996,7.216449660063517e-20,35,0.22744295999999997,0.27770824000000005,0.058841119999999913,Mixed@70,True,2026-09-25,0.5,81
attribution,a material: its chance of being largest,Mixed,0.06949188,3.066991105526995e-19,0.25,10000,0.27796752,1.226796442210798e-18,2,0.22744295999999997,0.27770824000000005,0.00025927999999997287,Mixed@70,True,2026-09-25,0.5,81
attribution,a material: its chance of being largest,Mixed@10,0.07405868,3.70536934468646e-19,0.25,10000,0.29623472,1.482147737874584e-18,12,0.22744295999999997,0.27770824000000005,0.018526479999999956,Mixed@70,True,2026-09-25,0.5,81
attribution,a material: its chance of being largest,Mixed@100,0.06959952,1.7486012637846216e-19,0.25,10000,0.27839808,6.994405055138486e-19,4,0.22744295999999997,0.27770824000000005,0.0006898399999999416,Mixed@70,True,2026-09-25,0.5,81
attribution,a material: its chance of being largest,Mixed@1000,0.0742473,2.3314683517128286e-19,0.25,10000,0.2969892,9.325873406851314e-19,13,0.22744295999999997,0.27770824000000005,0.019280959999999958,Mixed@70,True,2026-09-25,0.5,81
attribution,a material: its chance of being largest,Mixed@10000,0.08109678,3.9968028886505634e-19,0.25,10000,0.32438712,1.5987211554602254e-18,15,0.22744295999999997,0.27770824000000005,0.04667887999999992,Mixed@70,True,2026-09-25,0.5,81
attribution,a material: its chance of being largest,Mixed@130,0.06991452,2.4841240175987877e-19,0.25,10000,0.27965808,9.93649607039515e-19,5,0.22744295999999997,0.27770824000000005,0.001949839999999925,Mixed@70,True,2026-09-25,0.5,81
attribution,a material: its chance of being largest,Mixed@20,0.07153232000000001,6.175615574477433e-19,0.25,10000,0.28612928000000004,2.470246229790973e-18,10,0.22744295999999997,0.27770824000000005,0.00842103999999999,Mixed@70,True,2026-09-25,0.5,81
attribution,a material: its chance of being largest,Mixed@200,0.07071366,1.887379141862766e-19,0.25,10000,0.28285464,7.549516567451064e-19,8,0.22744295999999997,0.27770824000000005,0.00514639999999994,Mixed@70,True,2026-09-25,0.5,81
attribution,a material: its chance of being largest,Mixed@3,0.08331066,5.065392549852277e-20,0.25,10000,0.33324264,2.0261570199409107e-19,30,0.22744295999999997,0.27770824000000005,0.05553439999999993,Mixed@70,True,2026-09-25,0.5,81
attribution,a material: its chance of being largest,Mixed@30,0.07067860000000001,4.2466030691912236e-19,0.25,10000,0.28271440000000003,1.6986412276764894e-18,7,0.22744295999999997,0.27770824000000005,0.005006159999999982,Mixed@70,True,2026-09-25,0.5,81
attribution,a material: its chance of being largest,Mixed@300,0.07154284,1.790234627208065e-19,0.25,10000,0.28617136,7.16093850883226e-19,11,0.22744295999999997,0.27770824000000005,0.008463119999999935,Mixed@70,True,2026-09-25,0.5,81
attribution,a material: its chance of being largest,Mixed@3000,0.07755034000000001,2.7755575615628914e-20,0.25,10000,0.31020136000000004,1.1102230246251566e-19,14,0.22744295999999997,0.27770824000000005,0.032493119999999986,Mixed@70,True,2026-09-25,0.5,81
attribution,a material: its chance of being largest,Mixed@50,0.06949390000000001,4.593547764386585e-19,0.25,10000,0.27797560000000004,1.837419105754634e-18,3,0.22744295999999997,0.27770824000000005,0.00026735999999999427,Mixed@70,True,2026-09-25,0.5,81
attribution,a material: its chance of being largest,Mixed@70,0.06942706000000001,4.010680676458378e-19,0.25,10000,0.27770824000000005,1.6042722705833511e-18,1,0.22744295999999997,0.27770824000000005,0.0,Mixed@70,True,2026-09-25,0.5,81
attribution,a material: its chance of being largest,MixedKDE@81,0.07142393999999999,4.579669976578771e-19,0.25,10000,0.28569575999999997,1.8318679906315084e-18,9,0.22744295999999997,0.27770824000000005,0.007987519999999915,Mixed@70,True,2026-09-25,0.5,81
attribution,a material: its chance of being largest,MixedLognormal@81,0.07037512,2.7478019859472627e-19,0.25,10000,0.28150048,1.099120794378905e-18,6,0.22744295999999997,0.27770824000000005,0.0037922399999999468,Mixed@70,True,2026-09-25,0.5,81
attribution,a material: its chance of being largest,MixedMarket@81,0.08332862,1.7486012637846216e-19,0.25,10000,0.33331448,6.994405055138486e-19,32,0.22744295999999997,0.27770824000000005,0.05560623999999997,Mixed@70,True,2026-09-25,0.5,81
attribution,a material: its chance of being largest,"Normal, Uniform",0.12203218000000002,2.1510571102112408e-19,0.25,10000,0.48812872000000007,8.604228440844963e-19,36,0.22744295999999997,0.27770824000000005,0.21042048000000002,Mixed@70,True,2026-09-25,0.5,81
attribution,a material: its chance of being largest,"Normal, Variable",0.1262878,3.1641356201816963e-19,0.25,10000,0.5051512,1.2656542480726785e-18,37,0.22744295999999997,0.27770824000000005,0.22744295999999997,Mixed@70,True,2026-09-25,0.5,81
information,the uncertainty index,Feasible@10,0.12301444562363258,5.163833885951507e-06,0.24994221587098178,10000,0.4921715413098989,2.066011084984954e-05,31,0.061360851809907635,0.44576804510436824,0.04640349620553064,MixedLognormal@81,True,2026-09-25,0.5,81
information,the uncertainty index,Feasible@100,0.12178318788789416,1.6517915257656202e-05,0.24994221587098178,10000,0.4872453717492754,6.608693613480093e-05,20,0.061360851809907635,0.44576804510436824,0.041477326644907164,MixedLognormal@81,True,2026-09-25,0.5,81
information,the uncertainty index,Feasible@1000,0.1228272609500443,4.363022279478436e-05,0.24994221587098178,10000,0.4914226295146826,0.00017456123865568167,28,0.061360851809907635,0.44576804510436824,0.045654584410314336,MixedLognormal@81,True,2026-09-25,0.5,81
information,the uncertainty index,Feasible@10000,0.12399910332563405,5.494533421800569e-05,0.24994221587098178,10000,0.4961110826897742,0.00021983214810885747,33,0.061360851809907635,0.44576804510436824,0.05034303758540598,MixedLognormal@81,True,2026-09-25,0.5,81
information,the uncertainty index,Feasible@130,0.12156758084709986,1.5915992002814873e-05,0.24994221587098178,10000,0.4863827442013721,6.367868648100081e-05,19,0.061360851809907635,0.44576804510436824,0.04061469909700388,MixedLognormal@81,True,2026-09-25,0.5,81
information,the uncertainty index,Feasible@20,0.12219788900834128,1.818467579384714e-05,0.24994221587098178,10000,0.48890455972999325,7.275551963272154e-05,27,0.061360851809907635,0.44576804510436824,0.04313651462562501,MixedLognormal@81,True,2026-09-25,0.5,81
information,the uncertainty index,Feasible@200,0.1219455462711292,3.101008643597136e-05,0.24994221587098178,10000,0.4878949554247232,0.00012406902262552768,25,0.061360851809907635,0.44576804510436824,0.04212691032035498,MixedLognormal@81,True,2026-09-25,0.5,81
information,the uncertainty index,Feasible@3,0.12285186360478915,1.2131083247825526e-06,0.24994221587098178,10000,0.49152106288520836,4.853555132954209e-06,29,0.061360851809907635,0.44576804510436824,0.04575301778084012,MixedLognormal@81,True,2026-09-25,0.5,81
information,the uncertainty index,Feasible@30,0.12193377292659989,1.746134884089865e-05,0.24994221587098178,10000,0.48784785115909013,6.986154291723196e-05,24,0.061360851809907635,0.44576804510436824,0.04207980605472189,MixedLognormal@81,True,2026-09-25,0.5,81
information,the uncertainty index,Feasible@300,0.12192229632223393,2.9444202114797658e-05,0.24994221587098178,10000,0.4878019341285238,0.00011780403727394544,21,0.061360851809907635,0.44576804510436824,0.04203388902415556,MixedLognormal@81,True,2026-09-25,0.5,81
information,the uncertainty index,Feasible@3000,0.12371118572174232,5.661376630971173e-05,0.24994221587098178,10000,0.49495914601957863,0.00022650741937462585,32,0.061360851809907635,0.44576804510436824,0.049191100915210395,MixedLognormal@81,True,2026-09-25,0.5,81
information,the uncertainty index,Feasible@50,0.12193358235044953,7.933947901948901e-06,0.24994221587098178,10000,0.4878470886782515,3.1743128603950376e-05,23,0.061360851809907635,0.44576804510436824,0.04207904357388326,MixedLognormal@81,True,2026-09-25,0.5,81
information,the uncertainty index,Feasible@70,0.12202113680600392,1.4200438999919419e-05,0.24994221587098178,10000,0.48819738746731073,5.68148879949499e-05,26,0.061360851809907635,0.44576804510436824,0.04242934236294249,MixedLognormal@81,True,2026-09-25,0.5,81
information,the uncertainty index,Feasible@81,0.1219255185485692,1.3216158665665667e-05,0.24994221587098178,10000,0.4878148260136503,5.287685643503995e-05,22,0.061360851809907635,0.44576804510436824,0.042046780909282044,MixedLognormal@81,True,2026-09-25,0.5,81
information,the uncertainty index,"KDE, Uniform",0.12285186360478915,1.2131083247825526e-06,0.24994221587098178,10000,0.49152106288520836,4.853555132954209e-06,29,0.061360851809907635,0.44576804510436824,0.04575301778084012,MixedLognormal@81,True,2026-09-25,0.5,81
information,the uncertainty index,"KDE, Variable",0.11920967557192103,3.820839650389423e-05,0.24994221587098178,10000,0.4769489426046224,0.00015286891960507025,14,0.061360851809907635,0.44576804510436824,0.031180897500254157,MixedLognormal@81,True,2026-09-25,0.5,81
information,the uncertainty index,"Lognormal, Uniform",0.12399910332563405,5.494533421800569e-05,0.24994221587098178,10000,0.4961110826897742,0.00021983214810885747,33,0.061360851809907635,0.44576804510436824,0.05034303758540598,MixedLognormal@81,True,2026-09-25,0.5,81
information,the uncertainty index,"Lognormal, Variable",0.12415102708997611,4.1867375071963984e-05,0.24994221587098178,10000,0.4967189182401339,0.00016750821755367486,36,0.061360851809907635,0.44576804510436824,0.050950873135765684,MixedLognormal@81,True,2026-09-25,0.5,81
information,the uncertainty index,Mixed,0.1129571439177174,1.8612632539289563e-05,0.24994221587098178,10000,0.45193303389782297,7.446774237168985e-05,7,0.061360851809907635,0.44576804510436824,0.006164988793454729,MixedLognormal@81,True,2026-09-25,0.5,81
information,the uncertainty index,Mixed@10,0.11418846811873982,1.6990361109634123e-05,0.24994221587098178,10000,0.45685946938104693,6.797715644164896e-05,11,0.061360851809907635,0.44576804510436824,0.011091424276678696,MixedLognormal@81,True,2026-09-25,0.5,81
information,the uncertainty index,Mixed@100,0.11295389697121182,2.0323223853830307e-05,0.24994221587098178,10000,0.451920043109155,8.131168951595194e-05,6,0.061360851809907635,0.44576804510436824,0.006151998004786774,MixedLognormal@81,True,2026-09-25,0.5,81
information,the uncertainty index,Mixed@1000,0.11733139343934613,3.891432361425896e-05,0.24994221587098178,10000,0.46943407711449464,0.00015569328085954966,13,0.061360851809907635,0.44576804510436824,0.023666032010126403,MixedLognormal@81,True,2026-09-25,0.5,81
information,the uncertainty index,Mixed@10000,0.12399910332563405,5.494533421800569e-05,0.24994221587098178,10000,0.4961110826897742,0.00021983214810885747,33,0.061360851809907635,0.44576804510436824,0.05034303758540598,MixedLognormal@81,True,2026-09-25,0.5,81
information,the uncertainty index,Mixed@130,0.11313193675034923,2.2683410121570903e-05,0.24994221587098178,10000,0.452632366869737,9.075461719231897e-05,8,0.061360851809907635,0.44576804510436824,0.006864321765368775,MixedLognormal@81,True,2026-09-25,0.5,81
information,the uncertainty index,Mixed@20,0.11286433261345746,1.3073544820284554e-07,0.24994221587098178,10000,0.45156170285261915,5.230626916996293e-07,4,0.061360851809907635,0.44576804510436824,0.005793657748250913,MixedLognormal@81,True,2026-09-25,0.5,81
information,the uncertainty index,Mixed@200,0.11388303241146731,3.30050516721001e-05,0.24994221587098178,10000,0.45563744409729023,0.00013205072843371543,9,0.061360851809907635,0.44576804510436824,0.009869398992921996,MixedLognormal@81,True,2026-09-25,0.5,81
information,the uncertainty index,Mixed@3,0.11920967557192103,3.820839650389423e-05,0.24994221587098178,10000,0.4769489426046224,0.00015286891960507025,14,0.061360851809907635,0.44576804510436824,0.031180897500254157,MixedLognormal@81,True,2026-09-25,0.5,81
information,the uncertainty index,Mixed@30,0.1125043513688976,9.460317455199929e-08,0.24994221587098178,10000,0.45012144497819234,3.785001834217262e-07,2,0.061360851809907635,0.44576804510436824,0.004353399873824104,MixedLognormal@81,True,2026-09-25,0.5,81
information,the uncertainty index,Mixed@300,0.1145052281400653,2.3071861078069622e-05,0.24994221587098178,10000,0.45812680239328596,9.230878024214659e-05,12,0.061360851809907635,0.44576804510436824,0.012358757288917721,MixedLognormal@81,True,2026-09-25,0.5,81
information,the uncertainty index,Mixed@3000,0.12043161713536897,6.1003402460774714e-05,0.24994221587098178,10000,0.4818378388608623,0.00024407002333797103,17,0.061360851809907635,0.44576804510436824,0.03606979375649405,MixedLognormal@81,True,2026-09-25,0.5,81
information,the uncertainty index,Mixed@50,0.11260681186229773,1.4875971935191667e-05,0.24994221587098178,10000,0.4505313817031393,5.95176444417478e-05,3,0.061360851809907635,0.44576804510436824,0.00476333659877104,MixedLognormal@81,True,2026-09-25,0.5,81
information,the uncertainty index,Mixed@70,0.11290545595669446,1.7512402789898485e-05,0.24994221587098178,10000,0.4517262342547822,7.006580592587149e-05,5,0.061360851809907635,0.44576804510436824,0.005958189150413962,MixedLognormal@81,True,2026-09-25,0.5,81
information,the uncertainty index,MixedKDE@81,0.11391835291869616,9.460129885076352e-06,0.24994221587098178,10000,0.4557787587891912,3.7849267888221e-05,10,0.061360851809907635,0.44576804510436824,0.01001071368482298,MixedLognormal@81,True,2026-09-25,0.5,81
information,the uncertainty index,MixedLognormal@81,0.11141625295786155,3.437991712476932e-05,0.24994221587098178,10000,0.44576804510436824,0.0001375514616647072,1,0.061360851809907635,0.44576804510436824,0.0,MixedLognormal@81,True,2026-09-25,0.5,81
information,the uncertainty index,MixedMarket@81,0.1267529202269608,3.408738493235411e-05,0.24994221587098178,10000,0.5071288969142759,0.00013638106237303166,37,0.061360851809907635,0.44576804510436824,0.061360851809907635,MixedLognormal@81,True,2026-09-25,0.5,81
information,the uncertainty index,"Normal, Uniform",0.1213758580641798,7.913900547225538e-05,0.24994221587098178,10000,0.4856156757721676,0.00031662920646068977,18,0.061360851809907635,0.44576804510436824,0.03984763066779934,MixedLognormal@81,True,2026-09-25,0.5,81
information,the uncertainty index,"Normal, Variable",0.11928199725805262,7.286399144750409e-05,0.24994221587098178,10000,0.4772382962293375,0.00029152334748090697,16,0.061360851809907635,0.44576804510436824,0.03147025112496926,MixedLognormal@81,True,2026-09-25,0.5,81
action,a cap: how often it binds,Feasible@10,0.09061774,0.01079024,0.28065541,10000,0.32287900667940095,0.038446577602049434,28,0.3258857543490787,0.2582702752817058,0.06460873139769513,Mixed@50,True,2026-09-25,0.5,81
action,a cap: how often it binds,Feasible@100,0.08930906,0.016108960000000002,0.28065541,10000,0.31821606431887417,0.05739764645905099,22,0.3258857543490787,0.2582702752817058,0.05994578903716835,Mixed@50,True,2026-09-25,0.5,81
action,a cap: how often it binds,Feasible@1000,0.09029484,0.01225414,0.28065541,10000,0.32172848547619304,0.0436625825242421,27,0.3258857543490787,0.2582702752817058,0.06345821019448722,Mixed@50,True,2026-09-25,0.5,81
action,a cap: how often it binds,Feasible@10000,0.09241129000000001,0.00610243,0.28065541,10000,0.32926958365064124,0.021743496767085303,32,0.3258857543490787,0.2582702752817058,0.07099930836893542,Mixed@50,True,2026-09-25,0.5,81
action,a cap: how often it binds,Feasible@130,0.08923623,0.01598381,0.28065541,10000,0.317956564599984,0.05695172596174077,20,0.3258857543490787,0.2582702752817058,0.059686289318278185,Mixed@50,True,2026-09-25,0.5,81
action,a cap: how often it binds,Feasible@20,0.08958197,0.01558691,0.28065541,10000,0.31918846673933704,0.05553753622636386,26,0.3258857543490787,0.2582702752817058,0.06091819145763122,Mixed@50,True,2026-09-25,0.5,81
action,a cap: how often it binds,Feasible@200,0.08942844999999999,0.01545333,0.28065541,10000,0.3186414614277344,0.05506157889491601,23,0.3258857543490787,0.2582702752817058,0.0603711861460286,Mixed@50,True,2026-09-25,0.5,81
action,a cap: how often it binds,Feasible@3,0.09130093,0.01357063,0.28065541,10000,0.3253132729563275,0.04835335260417749,30,0.3258857543490787,0.2582702752817058,0.06704299767462168,Mixed@50,True,2026-09-25,0.5,81
action,a cap: how often it binds,Feasible@30,0.08943408,0.01619026,0.28065541,10000,0.31866152161470895,0.05768732553560967,24,0.3258857543490787,0.2582702752817058,0.060391246333003135,Mixed@50,True,2026-09-25,0.5,81
action,a cap: how often it binds,Feasible@300,0.08953071,0.01470333,0.28065541,10000,0.3190058228344859,0.05238926269050007,25,0.3258857543490787,0.2582702752817058,0.0607355475527801,Mixed@50,True,2026-09-25,0.5,81
action,a cap: how often it binds,Feasible@3000,0.09121729,0.00958681,0.28065541,10000,0.32501525625321104,0.03415865028220906,29,0.3258857543490787,0.2582702752817058,0.06674498097150522,Mixed@50,True,2026-09-25,0.5,81
action,a cap: how often it binds,Feasible@50,0.08913204000000001,0.016477960000000003,0.28065541,10000,0.3175853264328666,0.05871242603162363,18,0.3258857543490787,0.2582702752817058,0.05931505115116076,Mixed@50,True,2026-09-25,0.5,81
action,a cap: how often it binds,Feasible@70,0.08922837,0.016314350000000002,0.28065541,10000,0.31792855872616177,0.05812946915935097,19,0.3258857543490787,0.2582702752817058,0.05965828344445595,Mixed@50,True,2026-09-25,0.5,81
action,a cap: how often it binds,Feasible@81,0.08927004999999999,0.01620375,0.28065541,10000,0.3180770682453618,0.05773539159640643,21,0.3258857543490787,0.2582702752817058,0.059806792963655986,Mixed@50,True,2026-09-25,0.5,81
action,a cap: how often it binds,"KDE, Uniform",0.09130093,0.01357063,0.28065541,10000,0.3253132729563275,0.04835335260417749,30,0.3258857543490787,0.2582702752817058,0.06704299767462168,Mixed@50,True,2026-09-25,0.5,81
action,a cap: how often it binds,"KDE, Variable",0.08733062,0.02427348,0.28065541,10000,0.31116670795692125,0.08648855192208837,16,0.3258857543490787,0.2582702752817058,0.05289643267521543,Mixed@50,True,2026-09-25,0.5,81
action,a cap: how often it binds,"Lognormal, Uniform",0.09241129000000001,0.00610243,0.28065541,10000,0.32926958365064124,0.021743496767085303,32,0.3258857543490787,0.2582702752817058,0.07099930836893542,Mixed@50,True,2026-09-25,0.5,81
action,a cap: how often it binds,"Lognormal, Variable",0.09359329,0.0003420500000000004,0.28065541,10000,0.3334811539888007,0.0012187543436272988,35,0.3258857543490787,0.2582702752817058,0.07521087870709486,Mixed@50,True,2026-09-25,0.5,81
action,a cap: how often it binds,Mixed,0.07267080999999999,0.009070370000000001,0.28065541,10000,0.25893251086804275,0.032318528974730976,3,0.3258857543490787,0.2582702752817058,0.0006622355863369345,Mixed@50,True,2026-09-25,0.5,81
action,a cap: how often it binds,Mixed@10,0.07731375,0.0021284900000000002,0.28065541,10000,0.27547571593221737,0.007583997757249719,11,0.3258857543490787,0.2582702752817058,0.01720544065051155,Mixed@50,True,2026-09-25,0.5,81
action,a cap: how often it binds,Mixed@100,0.07288689000000001,0.00936245,0.28065541,10000,0.25970242298197643,0.03335923579737871,4,0.3258857543490787,0.2582702752817058,0.001432147700270614,Mixed@50,True,2026-09-25,0.5,81
action,a cap: how often it binds,Mixed@1000,0.0800347,0.00926198,0.28065541,10000,0.2851707009674248,0.033001252318635155,12,0.3258857543490787,0.2582702752817058,0.026900425685718987,Mixed@50,True,2026-09-25,0.5,81
action,a cap: how often it binds,Mixed@10000,0.09241129000000001,0.00610243,0.28065541,10000,0.32926958365064124,0.021743496767085303,32,0.3258857543490787,0.2582702752817058,0.07099930836893542,Mixed@50,True,2026-09-25,0.5,81
action,a cap: how often it binds,Mixed@130,0.07333729,0.009687630000000001,0.28065541,10000,0.26130723793993493,0.03451788084184802,5,0.3258857543490787,0.2582702752817058,0.0030369626582291143,Mixed@50,True,2026-09-25,0.5,81
action,a cap: how often it binds,Mixed@20,0.07470397000000001,0.0025297699999999998,0.28065541,10000,0.2661768394202699,0.009013793819260423,9,0.3258857543490787,0.2582702752817058,0.007906564138564054,Mixed@50,True,2026-09-25,0.5,81
action,a cap: how often it binds,Mixed@200,0.07440263,0.01005405,0.28065541,10000,0.26510313840021826,0.035823467646677466,7,0.3258857543490787,0.2582702752817058,0.006832863118512444,Mixed@50,True,2026-09-25,0.5,81
action,a cap: how often it binds,Mixed@3,0.08733062,0.02427348,0.28065541,10000,0.31116670795692125,0.08648855192208837,16,0.3258857543490787,0.2582702752817058,0.05289643267521543,Mixed@50,True,2026-09-25,0.5,81
action,a cap: how often it binds,Mixed@30,0.07369148,0.0049964,0.28065541,10000,0.26256924817519106,0.01780261424499175,6,0.3258857543490787,0.2582702752817058,0.004298972893485242,Mixed@50,True,2026-09-25,0.5,81
action,a cap: how often it binds,Mixed@300,0.07556033999999999,0.01010162,0.28065541,10000,0.2692281613242374,0.035992963755802895,10,0.3258857543490787,0.2582702752817058,0.010957886042531562,Mixed@50,True,2026-09-25,0.5,81
action,a cap: how often it binds,Mixed@3000,0.08516265,0.008208789999999999,0.28065541,10000,0.30344203947467113,0.029248643380863384,14,0.3258857543490787,0.2582702752817058,0.045171764192965314,Mixed@50,True,2026-09-25,0.5,81
action,a cap: how often it binds,Mixed@50,0.07248495,0.007496629999999999,0.28065541,10000,0.2582702752817058,0.026711154436680908,1,0.3258857543490787,0.2582702752817058,0.0,Mixed@50,True,2026-09-25,0.5,81
action,a cap: how often it binds,Mixed@70,0.07248822,0.00895046,0.28065541,10000,0.25828192658035704,0.03189127905996895,2,0.3258857543490787,0.2582702752817058,1.165129865121628e-05,Mixed@50,True,2026-09-25,0.5,81
action,a cap: how often it binds,MixedKDE@81,0.07470169,0.02070401,0.28065541,10000,0.26616871557900845,0.07377021522585293,8,0.3258857543490787,0.2582702752817058,0.007898440297302634,Mixed@50,True,2026-09-25,0.5,81
action,a cap: how often it binds,MixedLognormal@81,0.08024950000000002,0.00381746,0.28065541,10000,0.28593605232836955,0.013601946956946243,13,0.3258857543490787,0.2582702752817058,0.02766577704666373,Mixed@50,True,2026-09-25,0.5,81
action,a cap: how often it binds,MixedMarket@81,0.0860146,0.00491086,0.28065541,10000,0.30647761252847394,0.017497827674157432,15,0.3258857543490787,0.2582702752817058,0.04820733724676812,Mixed@50,True,2026-09-25,0.5,81
action,a cap: how often it binds,"Normal, Uniform",0.16123721,0.10517183,0.28065541,10000,0.5745024120504215,0.3747365140761049,36,0.3258857543490787,0.2582702752817058,0.3162321367687157,Mixed@50,True,2026-09-25,0.5,81
action,a cap: how often it binds,"Normal, Variable",0.16394654999999997,0.09263603000000001,0.28065541,10000,0.5841560296307845,0.33007035210901514,37,0.3258857543490787,0.2582702752817058,0.3258857543490787,Mixed@50,True,2026-09-25,0.5,81
action,a cap: its mean saving,Feasible@10,0.025969133728748477,0.008184713883568312,0.06480366129910363,10000,0.40073559438080214,0.12630017686487605,33,0.2368321539684457,0.32760348047495613,0.07313211390584601,Mixed@50,True,2026-09-25,0.5,81
action,a cap: its mean saving,Feasible@100,0.025628597079332748,0.009577864598996738,0.06480366129910363,10000,0.3954806960835598,0.14779820162922214,23,0.2368321539684457,0.32760348047495613,0.06787721560860366,Mixed@50,True,2026-09-25,0.5,81
action,a cap: its mean saving,Feasible@1000,0.02567536584125976,0.009116222386099606,0.06480366129910363,10000,0.3962023954596359,0.14067449590576916,26,0.2368321539684457,0.32760348047495613,0.06859891498467979,Mixed@50,True,2026-09-25,0.5,81
action,a cap: its mean saving,Feasible@10000,0.025834889446135854,0.008260779979736938,0.06480366129910363,10000,0.3986640403987977,0.12747397005254088,30,0.2368321539684457,0.32760348047495613,0.07106055992384158,Mixed@50,True,2026-09-25,0.5,81
action,a cap: its mean saving,Feasible@130,0.02561034893583174,0.009573660907976204,0.06480366129910363,10000,0.3951991048411023,0.14773333351936133,20,0.2368321539684457,0.32760348047495613,0.06759562436614619,Mixed@50,True,2026-09-25,0.5,81
action,a cap: its mean saving,Feasible@20,0.025719204260890156,0.009292193853182543,0.06480366129910363,10000,0.3968788760589042,0.14338995153829484,28,0.2368321539684457,0.32760348047495613,0.06927539558394807,Mixed@50,True,2026-09-25,0.5,81
action,a cap: its mean saving,Feasible@200,0.025629626269010213,0.009522962247113808,0.06480366129910363,10000,0.39549657774297275,0.1469509909812076,24,0.2368321539684457,0.32760348047495613,0.06789309726801662,Mixed@50,True,2026-09-25,0.5,81
action,a cap: its mean saving,Feasible@3,0.02600074604272312,0.003735644509227165,0.06480366129910363,10000,0.401223411169868,0.05764557795562142,34,0.2368321539684457,0.32760348047495613,0.07361993069491185,Mixed@50,True,2026-09-25,0.5,81
action,a cap: its mean saving,Feasible@30,0.025688688165158288,0.009450029514196576,0.06480366129910363,10000,0.3964079752622498,0.14582554943276468,27,0.2368321539684457,0.32760348047495613,0.06880449478729367,Mixed@50,True,2026-09-25,0.5,81
action,a cap: its mean saving,Feasible@300,0.025632329850933014,0.009430367547546111,0.06480366129910363,10000,0.3955382973290054,0.14552214116452325,25,0.2368321539684457,0.32760348047495613,0.06793481685404928,Mixed@50,True,2026-09-25,0.5,81
action,a cap: its mean saving,Feasible@3000,0.02575538316005212,0.008753830063561905,0.06480366129910363,10000,0.39743716086005115,0.13508233775802092,29,0.2368321539684457,0.32760348047495613,0.06983368038509502,Mixed@50,True,2026-09-25,0.5,81
action,a cap: its mean saving,Feasible@50,0.025609971082212184,0.009556030298289244,0.06480366129910363,10000,0.39519327409617244,0.14746127158129296,19,0.2368321539684457,0.32760348047495613,0.06758979362121631,Mixed@50,True,2026-09-25,0.5,81
action,a cap: its mean saving,Feasible@70,0.02562222783381402,0.00956971900923004,0.06480366129910363,10000,0.3953824108109217,0.14767250518548106,21,0.2368321539684457,0.32760348047495613,0.06777893033596555,Mixed@50,True,2026-09-25,0.5,81
action,a cap: its mean saving,Feasible@81,0.025623213313071734,0.009563989830329576,0.06480366129910363,10000,0.39539761796493056,0.14758409692604615,22,0.2368321539684457,0.32760348047495613,0.06779413748997443,Mixed@50,True,2026-09-25,0.5,81
action,a cap: its mean saving,"KDE, Uniform",0.02600074604272312,0.003735644509227165,0.06480366129910363,10000,0.401223411169868,0.05764557795562142,34,0.2368321539684457,0.32760348047495613,0.07361993069491185,Mixed@50,True,2026-09-25,0.5,81
action,a cap: its mean saving,"KDE, Variable",0.024101536875874484,0.0011024496073191318,0.06480366129910363,10000,0.3719162836283736,0.017012150011567032,16,0.2368321539684457,0.32760348047495613,0.04431280315341746,Mixed@50,True,2026-09-25,0.5,81
action,a cap: its mean saving,"Lognormal, Uniform",0.025834889446135854,0.008260779979736938,0.06480366129910363,10000,0.3986640403987977,0.12747397005254088,30,0.2368321539684457,0.32760348047495613,0.07106055992384158,Mixed@50,True,2026-09-25,0.5,81
action,a cap: its mean saving,"Lognormal, Variable",0.023976192164022987,0.00809720109124597,0.06480366129910363,10000,0.3699820609418966,0.12494974711186528,15,0.2368321539684457,0.32760348047495613,0.042378580466940485,Mixed@50,True,2026-09-25,0.5,81
action,a cap: its mean saving,Mixed,0.02127509929029701,0.007509066096218405,0.06480366129910363,10000,0.3283008839901966,0.11587410256898974,3,0.2368321539684457,0.32760348047495613,0.0006974035152404467,Mixed@50,True,2026-09-25,0.5,81
action,a cap: its mean saving,Mixed@10,0.022631936319964494,0.004534871833569436,0.06480366129910363,10000,0.3492385440308068,0.06997863612425495,12,0.2368321539684457,0.32760348047495613,0.021635063555850653,Mixed@50,True,2026-09-25,0.5,81
action,a cap: its mean saving,Mixed@100,0.02131644440851993,0.007656751241608745,0.06480366129910363,10000,0.32893888988977205,0.11815306555394663,4,0.2368321539684457,0.32760348047495613,0.0013354094148159135,Mixed@50,True,2026-09-25,0.5,81
action,a cap: its mean saving,Mixed@1000,0.023052453245230028,0.008248371377389043,0.06480366129910363,10000,0.3557276361104136,0.12728249009447765,13,0.2368321539684457,0.32760348047495613,0.02812415563545745,Mixed@50,True,2026-09-25,0.5,81
action,a cap: its mean saving,Mixed@10000,0.025834889446135854,0.008260779979736938,0.06480366129910363,10000,0.3986640403987977,0.12747397005254088,30,0.2368321539684457,0.32760348047495613,0.07106055992384158,Mixed@50,True,2026-09-25,0.5,81
action,a cap: its mean saving,Mixed@130,0.021397351298728905,0.007806268115134526,0.06480366129910363,10000,0.3301873824685408,0.12046029435133943,5,0.2368321539684457,0.32760348047495613,0.0025839019935846586,Mixed@50,True,2026-09-25,0.5,81
action,a cap: its mean saving,Mixed@20,0.0219069011163612,0.005713872936434939,0.06480366129910363,10000,0.3380503613098203,0.088172069631411,9,0.2368321539684457,0.32760348047495613,0.01044688083486417,Mixed@50,True,2026-09-25,0.5,81
action,a cap: its mean saving,Mixed@200,0.021713636293908187,0.007992238573663862,0.06480366129910363,10000,0.3350680479871055,0.12333004668942078,8,0.2368321539684457,0.32760348047495613,0.007464567512149356,Mixed@50,True,2026-09-25,0.5,81
action,a cap: its mean saving,Mixed@3,0.024101536875874484,0.0011024496073191318,0.06480366129910363,10000,0.3719162836283736,0.017012150011567032,16,0.2368321539684457,0.32760348047495613,0.04431280315341746,Mixed@50,True,2026-09-25,0.5,81
action,a cap: its mean saving,Mixed@30,0.0215499255957996,0.006341663067486013,0.06480366129910363,10000,0.33254179106231585,0.09785964157512396,7,0.2368321539684457,0.32760348047495613,0.004938310587359718,Mixed@50,True,2026-09-25,0.5,81
action,a cap: its mean saving,Mixed@300,0.02201415343696204,0.00806950433364471,0.06480366129910363,10000,0.3397053962021517,0.12452235216154876,10,0.2368321539684457,0.32760348047495613,0.012101915727195545,Mixed@50,True,2026-09-25,0.5,81
action,a cap: its mean saving,Mixed@3000,0.02421745743588769,0.008319693722282008,0.06480366129910363,10000,0.37370508008970577,0.12838308137995727,18,0.2368321539684457,0.32760348047495613,0.04610159961474963,Mixed@50,True,2026-09-25,0.5,81
action,a cap: its mean saving,Mixed@50,0.021229904989106565,0.007060556257863939,0.06480366129910363,10000,0.32760348047495613,0.10895304549654514,1,0.2368321539684457,0.32760348047495613,0.0,Mixed@50,True,2026-09-25,0.5,81
action,a cap: its mean saving,Mixed@70,0.02124636996791048,0.00745841219992604,0.06480366129910363,10000,0.32785755529841276,0.11509245080307223,2,0.2368321539684457,0.32760348047495613,0.00025407482345662924,Mixed@50,True,2026-09-25,0.5,81
action,a cap: its mean saving,MixedKDE@81,0.02153329725149136,0.0017477062663757387,0.06480366129910363,10000,0.33228519530869793,0.026969251911695816,6,0.2368321539684457,0.32760348047495613,0.004681714833741801,Mixed@50,True,2026-09-25,0.5,81
action,a cap: its mean saving,MixedLognormal@81,0.022060510304515283,0.007260142366522228,0.06480366129910363,10000,0.3404207395426966,0.11203290402085123,11,0.2368321539684457,0.32760348047495613,0.01281725906774045,Mixed@50,True,2026-09-25,0.5,81
action,a cap: its mean saving,MixedMarket@81,0.02322524063343943,0.008340809680654832,0.06480366129910363,10000,0.35839395749944586,0.12870892652434443,14,0.2368321539684457,0.32760348047495613,0.030790477024489726,Mixed@50,True,2026-09-25,0.5,81
action,a cap: its mean saving,"Normal, Uniform",0.03573209395151807,0.007939835599032526,0.06480366129910363,10000,0.5513900485744981,0.12252140449882808,36,0.2368321539684457,0.32760348047495613,0.223786568099542,Mixed@50,True,2026-09-25,0.5,81
action,a cap: its mean saving,"Normal, Variable",0.03657749567961488,0.006271912873170998,0.06480366129910363,10000,0.5644356344434018,0.09678331050189833,37,0.2368321539684457,0.32760348047495613,0.2368321539684457,Mixed@50,True,2026-09-25,0.5,81
action,a cap: its chance of saving 5 pct,Feasible@10,0.08423243,0.01222587,0.24654430000000002,10000,0.34165231157240294,0.049588937971796546,28,0.3388300195948558,0.27432307297309244,0.0673292385993105,Mixed@70,True,2026-09-25,0.5,81
action,a cap: its chance of saving 5 pct,Feasible@100,0.08273968,0.0167777,0.24654430000000002,10000,0.3355976187646601,0.0680514617454145,22,0.3388300195948558,0.27432307297309244,0.06127454579156766,Mixed@70,True,2026-09-25,0.5,81
action,a cap: its chance of saving 5 pct,Feasible@1000,0.08361190999999998,0.013024609999999999,0.24654430000000002,10000,0.33913544137909485,0.052828680281799247,27,0.3388300195948558,0.27432307297309244,0.06481236840600241,Mixed@70,True,2026-09-25,0.5,81
action,a cap: its chance of saving 5 pct,Feasible@10000,0.08548979999999999,0.00728838,0.24654430000000002,10000,0.3467522875199304,0.029562151710666194,33,0.3388300195948558,0.27432307297309244,0.07242921454683798,Mixed@70,True,2026-09-25,0.5,81
action,a cap: its chance of saving 5 pct,Feasible@130,0.08266551,0.01665227,0.24654430000000002,10000,0.3352967803352176,0.06754270936298264,19,0.3388300195948558,0.27432307297309244,0.06097370736212515,Mixed@70,True,2026-09-25,0.5,81
action,a cap: its chance of saving 5 pct,Feasible@20,0.08313028,0.01658966,0.24654430000000002,10000,0.33718191821915977,0.06728875905871683,26,0.3388300195948558,0.27432307297309244,0.06285884524606733,Mixed@70,True,2026-09-25,0.5,81
action,a cap: its chance of saving 5 pct,Feasible@200,0.08286541,0.016074349999999998,0.24654430000000002,10000,0.3361075879669495,0.06519862758944334,23,0.3388300195948558,0.27432307297309244,0.061784514993857065,Mixed@70,True,2026-09-25,0.5,81
action,a cap: its chance of saving 5 pct,Feasible@3,0.08509218,0.008805420000000001,0.24654430000000002,10000,0.3451395144807647,0.035715366366206806,31,0.3388300195948558,0.27432307297309244,0.07081644150767225,Mixed@70,True,2026-09-25,0.5,81
action,a cap: its chance of saving 5 pct,Feasible@30,0.08292395,0.017051289999999997,0.24654430000000002,10000,0.3363450300818149,0.06916116089481686,24,0.3388300195948558,0.27432307297309244,0.062021957108722436,Mixed@70,True,2026-09-25,0.5,81
action,a cap: its chance of saving 5 pct,Feasible@300,0.08298563999999999,0.015336160000000001,0.24654430000000002,10000,0.3365952488051842,0.062204480087351445,25,0.3388300195948558,0.27432307297309244,0.06227217583209177,Mixed@70,True,2026-09-25,0.5,81
action,a cap: its chance of saving 5 pct,Feasible@3000,0.08445686000000001,0.010539439999999999,0.24654430000000002,10000,0.34256261450781866,0.042748666264034486,29,0.3388300195948558,0.27432307297309244,0.06823954153472622,Mixed@70,True,2026-09-25,0.5,81
action,a cap: its chance of saving 5 pct,Feasible@50,0.08260425,0.01718173,0.24654430000000002,10000,0.3350483057203107,0.06969023416886944,18,0.3388300195948558,0.27432307297309244,0.06072523274721825,Mixed@70,True,2026-09-25,0.5,81
action,a cap: its chance of saving 5 pct,Feasible@70,0.0826747,0.016982979999999998,0.24654430000000002,10000,0.33533405558351986,0.06888409101325806,20,0.3388300195948558,0.27432307297309244,0.06101098261042742,Mixed@70,True,2026-09-25,0.5,81
action,a cap: its chance of saving 5 pct,Feasible@81,0.08270266,0.01686628,0.24654430000000002,10000,0.33544746319424135,0.06841074808868021,21,0.3388300195948558,0.27432307297309244,0.061124390221148905,Mixed@70,True,2026-09-25,0.5,81
action,a cap: its chance of saving 5 pct,"KDE, Uniform",0.08509218,0.008805420000000001,0.24654430000000002,10000,0.3451395144807647,0.035715366366206806,31,0.3388300195948558,0.27432307297309244,0.07081644150767225,Mixed@70,True,2026-09-25,0.5,81
action,a cap: its chance of saving 5 pct,"KDE, Variable",0.08013798000000001,0.01616738,0.24654430000000002,10000,0.32504495135357014,0.06557596342726235,16,0.3388300195948558,0.27432307297309244,0.0507218783804777,Mixed@70,True,2026-09-25,0.5,81
action,a cap: its chance of saving 5 pct,"Lognormal, Uniform",0.08548979999999999,0.00728838,0.24654430000000002,10000,0.3467522875199304,0.029562151710666194,33,0.3388300195948558,0.27432307297309244,0.07242921454683798,Mixed@70,True,2026-09-25,0.5,81
action,a cap: its chance of saving 5 pct,"Lognormal, Variable",0.08469191999999999,0.0062309,0.24654430000000002,10000,0.3435160334268526,0.0252729428342087,30,0.3388300195948558,0.27432307297309244,0.06919296045376017,Mixed@70,True,2026-09-25,0.5,81
action,a cap: its chance of saving 5 pct,Mixed,0.06777419,0.010336709999999999,0.24654430000000002,10000,0.27489660073260663,0.041926379964979915,3,0.3388300195948558,0.27432307297309244,0.0005735277595141919,Mixed@70,True,2026-09-25,0.5,81
action,a cap: its chance of saving 5 pct,Mixed@10,0.07220306,0.0005106799999999997,0.24654430000000002,10000,0.29286039060728636,0.0020713518828056445,11,0.3388300195948558,0.27432307297309244,0.018537317634193917,Mixed@70,True,2026-09-25,0.5,81
action,a cap: its chance of saving 5 pct,Mixed@100,0.06795813,0.01064947,0.24654430000000002,10000,0.27564267354791816,0.043194955227113335,4,0.3388300195948558,0.27432307297309244,0.001319600574825719,Mixed@70,True,2026-09-25,0.5,81
action,a cap: its chance of saving 5 pct,Mixed@1000,0.07443984000000001,0.010273619999999999,0.24654430000000002,10000,0.301932918343681,0.04167048274894207,12,0.3388300195948558,0.27432307297309244,0.02760984537058858,Mixed@70,True,2026-09-25,0.5,81
action,a cap: its chance of saving 5 pct,Mixed@10000,0.08548979999999999,0.00728838,0.24654430000000002,10000,0.3467522875199304,0.029562151710666194,33,0.3388300195948558,0.27432307297309244,0.07242921454683798,Mixed@70,True,2026-09-25,0.5,81
action,a cap: its chance of saving 5 pct,Mixed@130,0.06836348,0.0109142,0.24654430000000002,10000,0.2772867999787462,0.04426871763005675,5,0.3388300195948558,0.27432307297309244,0.0029637270056537823,Mixed@70,True,2026-09-25,0.5,81
action,a cap: its chance of saving 5 pct,Mixed@20,0.06971715999999999,0.00465304,0.24654430000000002,10000,0.28277741566120157,0.01887303823288553,8,0.3388300195948558,0.27432307297309244,0.008454342688109129,Mixed@70,True,2026-09-25,0.5,81
action,a cap: its chance of saving 5 pct,Mixed@200,0.06940465,0.01109567,0.24654430000000002,10000,0.28150985441561616,0.0450047719618746,7,0.3388300195948558,0.27432307297309244,0.007186781442523715,Mixed@70,True,2026-09-25,0.5,81
action,a cap: its chance of saving 5 pct,Mixed@3,0.08013798000000001,0.01616738,0.24654430000000002,10000,0.32504495135357014,0.06557596342726235,16,0.3388300195948558,0.27432307297309244,0.0507218783804777,Mixed@70,True,2026-09-25,0.5,81
action,a cap: its chance of saving 5 pct,Mixed@30,0.06870833999999999,0.0068122,0.24654430000000002,10000,0.27868557496563495,0.02763073411147611,6,0.3388300195948558,0.27432307297309244,0.004362501992542511,Mixed@70,True,2026-09-25,0.5,81
action,a cap: its chance of saving 5 pct,Mixed@300,0.07041053,0.01101703,0.24654430000000002,10000,0.28558977027657906,0.044685802916554954,10,0.3388300195948558,0.27432307297309244,0.011266697303486617,Mixed@70,True,2026-09-25,0.5,81
action,a cap: its chance of saving 5 pct,Mixed@3000,0.07905917000000001,0.00925893,0.24654430000000002,10000,0.3206692265852425,0.037554832944829794,15,0.3388300195948558,0.27432307297309244,0.046346153612150054,Mixed@70,True,2026-09-25,0.5,81
action,a cap: its chance of saving 5 pct,Mixed@50,0.0676394,0.008980759999999999,0.24654430000000002,10000,0.27434988357061996,0.03642655701226919,2,0.3388300195948558,0.27432307297309244,2.681059752751569e-05,Mixed@70,True,2026-09-25,0.5,81
action,a cap: its chance of saving 5 pct,Mixed@70,0.06763279,0.01026287,0.24654430000000002,10000,0.27432307297309244,0.0416268800373807,1,0.3388300195948558,0.27432307297309244,0.0,Mixed@70,True,2026-09-25,0.5,81
action,a cap: its chance of saving 5 pct,MixedKDE@81,0.07004604999999998,0.015288290000000001,0.24654430000000002,10000,0.284111415271008,0.06201031619875211,9,0.3388300195948558,0.27432307297309244,0.009788342297915587,Mixed@70,True,2026-09-25,0.5,81
action,a cap: its chance of saving 5 pct,MixedLognormal@81,0.07461697,0.005326990000000001,0.24654430000000002,10000,0.3026513693482267,0.021606624042819083,13,0.3388300195948558,0.27432307297309244,0.028328296375134232,Mixed@70,True,2026-09-25,0.5,81
action,a cap: its chance of saving 5 pct,MixedMarket@81,0.07787546,0.01124574,0.24654430000000002,10000,0.3158680204733997,0.04561346581527133,14,0.3388300195948558,0.27432307297309244,0.04154494750030724,Mixed@70,True,2026-09-25,0.5,81
action,a cap: its chance of saving 5 pct,"Normal, Uniform",0.15056523000000002,0.09081049000000001,0.24654430000000002,10000,0.6107025390568754,0.3683333583457415,36,0.3388300195948558,0.27432307297309244,0.336379466083783,Mixed@70,True,2026-09-25,0.5,81
action,a cap: its chance of saving 5 pct,"Normal, Variable",0.1511694,0.07552606,0.24654430000000002,10000,0.6131530925679483,0.3063386985624896,37,0.3388300195948558,0.27432307297309244,0.3388300195948558,Mixed@70,True,2026-09-25,0.5,81
action,using 25 pct less: its mean saving,Feasible@10,0.007887193785562935,1.0096090630185018e-19,0.0625,10000,0.12619510056900696,1.6153745008296028e-18,33,0.06076153412496332,0.10589547369503016,0.020299626873976795,MixedLognormal@81,True,2026-09-25,0.5,81
action,using 25 pct less: its mean saving,Feasible@100,0.00778141575985945,5.516420653606247e-20,0.0625,10000,0.1245026521577512,8.826273045769995e-19,25,0.06076153412496332,0.10589547369503016,0.018607178462721044,MixedLognormal@81,True,2026-09-25,0.5,81
action,using 25 pct less: its mean saving,Feasible@1000,0.007754602881177513,3.469446951953614e-20,0.0625,10000,0.12407364609884021,5.551115123125783e-19,21,0.06076153412496332,0.10589547369503016,0.018178172403810047,MixedLognormal@81,True,2026-09-25,0.5,81
action,using 25 pct less: its mean saving,Feasible@10000,0.007737865429328213,1.3877787807814457e-20,0.0625,10000,0.1238058468692514,2.220446049250313e-19,17,0.06076153412496332,0.10589547369503016,0.017910373174221242,MixedLognormal@81,True,2026-09-25,0.5,81
action,using 25 pct less: its mean saving,Feasible@130,0.007776856567165166,7.320533068622126e-20,0.0625,10000,0.12442970507464265,1.1712852909795402e-18,24,0.06076153412496332,0.10589547369503016,0.018534231379612492,MixedLognormal@81,True,2026-09-25,0.5,81
action,using 25 pct less: its mean saving,Feasible@20,0.007809474028516471,1.0269562977782698e-19,0.0625,10000,0.12495158445626353,1.6431300764452318e-18,30,0.06076153412496332,0.10589547369503016,0.01905611076123337,MixedLognormal@81,True,2026-09-25,0.5,81
action,using 25 pct less: its mean saving,Feasible@200,0.007768919533025891,6.904199434387693e-20,0.0625,10000,0.12430271252841425,1.1046719095020308e-18,23,0.06076153412496332,0.10589547369503016,0.01840723883338409,MixedLognormal@81,True,2026-09-25,0.5,81
action,using 25 pct less: its mean saving,Feasible@3,0.008032533223162512,3.6082248300317586e-20,0.0625,10000,0.1285205315706002,5.773159728050814e-19,34,0.06076153412496332,0.10589547369503016,0.022625057875570037,MixedLognormal@81,True,2026-09-25,0.5,81
action,using 25 pct less: its mean saving,Feasible@30,0.00780828307753204,3.5735303605122227e-20,0.0625,10000,0.12493252924051264,5.717648576819556e-19,29,0.06076153412496332,0.10589547369503016,0.019037055545482476,MixedLognormal@81,True,2026-09-25,0.5,81
action,using 25 pct less: its mean saving,Feasible@300,0.007763828325031016,1.6306400674181987e-20,0.0625,10000,0.12422125320049626,2.609024107869118e-19,22,0.06076153412496332,0.10589547369503016,0.0183257795054661,MixedLognormal@81,True,2026-09-25,0.5,81
action,using 25 pct less: its mean saving,Feasible@3000,0.007744422385754192,5.481726184086711e-20,0.0625,10000,0.12391075817206708,8.770761894538738e-19,20,0.06076153412496332,0.10589547369503016,0.018015284477036916,MixedLognormal@81,True,2026-09-25,0.5,81
action,using 25 pct less: its mean saving,Feasible@50,0.007785685639587023,4.2674197509029455e-20,0.0625,10000,0.12457097023339236,6.827871601444713e-19,26,0.06076153412496332,0.10589547369503016,0.018675496538362202,MixedLognormal@81,True,2026-09-25,0.5,81
action,using 25 pct less: its mean saving,Feasible@70,0.007786002532020698,6.279698983036042e-20,0.0625,10000,0.12457604051233116,1.0047518372857668e-18,27,0.06076153412496332,0.10589547369503016,0.018680566817301,MixedLognormal@81,True,2026-09-25,0.5,81
action,using 25 pct less: its mean saving,Feasible@81,0.007786729439228834,5.516420653606247e-20,0.0625,10000,0.12458767102766134,8.826273045769995e-19,28,0.06076153412496332,0.10589547369503016,0.01869219733263118,MixedLognormal@81,True,2026-09-25,0.5,81
action,using 25 pct less: its mean saving,"KDE, Uniform",0.008032533223162512,3.6082248300317586e-20,0.0625,10000,0.1285205315706002,5.773159728050814e-19,34,0.06076153412496332,0.10589547369503016,0.022625057875570037,MixedLognormal@81,True,2026-09-25,0.5,81
action,using 25 pct less: its mean saving,"KDE, Variable",0.007827140591379832,1.700029006457271e-20,0.0625,10000,0.1252342494620773,2.7200464103316334e-19,31,0.06076153412496332,0.10589547369503016,0.01933877576704715,MixedLognormal@81,True,2026-09-25,0.5,81
action,using 25 pct less: its mean saving,"Lognormal, Uniform",0.007737865429328213,1.3877787807814457e-20,0.0625,10000,0.1238058468692514,2.220446049250313e-19,17,0.06076153412496332,0.10589547369503016,0.017910373174221242,MixedLognormal@81,True,2026-09-25,0.5,81
action,using 25 pct less: its mean saving,"Lognormal, Variable",0.007638577238386006,1.5959455978986625e-20,0.0625,10000,0.1222172358141761,2.55351295663786e-19,15,0.06076153412496332,0.10589547369503016,0.016321762119145933,MixedLognormal@81,True,2026-09-25,0.5,81
action,using 25 pct less: its mean saving,Mixed,0.006690452704020299,4.649058915617843e-20,0.0625,10000,0.10704724326432478,7.438494264988549e-19,3,0.06076153412496332,0.10589547369503016,0.0011517695692946223,MixedLognormal@81,True,2026-09-25,0.5,81
action,using 25 pct less: its mean saving,Mixed@10,0.007100074386058496,1.422473250300982e-20,0.0625,10000,0.11360119017693594,2.275957200481571e-19,12,0.06076153412496332,0.10589547369503016,0.0077057164819057805,MixedLognormal@81,True,2026-09-25,0.5,81
action,using 25 pct less: its mean saving,Mixed@100,0.006700473940746743,5.204170427930421e-20,0.0625,10000,0.10720758305194789,8.326672684688674e-19,5,0.06076153412496332,0.10589547369503016,0.0013121093569177233,MixedLognormal@81,True,2026-09-25,0.5,81
action,using 25 pct less: its mean saving,Mixed@1000,0.00712171402379814,5.551115123125783e-21,0.0625,10000,0.11394742438077024,8.881784197001253e-20,13,0.06076153412496332,0.10589547369503016,0.008051950685740078,MixedLognormal@81,True,2026-09-25,0.5,81
action,using 25 pct less: its mean saving,Mixed@10000,0.007737865429328213,1.3877787807814457e-20,0.0625,10000,0.1238058468692514,2.220446049250313e-19,17,0.06076153412496332,0.10589547369503016,0.017910373174221242,MixedLognormal@81,True,2026-09-25,0.5,81
action,using 25 pct less: its mean saving,Mixed@130,0.0067392909225387375,5.412337245047638e-20,0.0625,10000,0.1078286547606198,8.659739592076221e-19,6,0.06076153412496332,0.10589547369503016,0.001933181065589637,MixedLognormal@81,True,2026-09-25,0.5,81
action,using 25 pct less: its mean saving,Mixed@20,0.006830526455769401,2.6367796834847468e-20,0.0625,10000,0.10928842329231042,4.218847493575595e-19,9,0.06076153412496332,0.10589547369503016,0.0033929495972802592,MixedLognormal@81,True,2026-09-25,0.5,81
action,using 25 pct less: its mean saving,Mixed@200,0.006803491673160646,1.942890293094024e-20,0.0625,10000,0.10885586677057034,3.1086244689504383e-19,8,0.06076153412496332,0.10589547369503016,0.002960393075540177,MixedLognormal@81,True,2026-09-25,0.5,81
action,using 25 pct less: its mean saving,Mixed@3,0.007827140591379832,1.700029006457271e-20,0.0625,10000,0.1252342494620773,2.7200464103316334e-19,31,0.06076153412496332,0.10589547369503016,0.01933877576704715,MixedLognormal@81,True,2026-09-25,0.5,81
action,using 25 pct less: its mean saving,Mixed@30,0.006778090686722794,1.491862189340054e-20,0.0625,10000,0.1084494509875647,2.3869795029440866e-19,7,0.06076153412496332,0.10589547369503016,0.002553977292534537,MixedLognormal@81,True,2026-09-25,0.5,81
action,using 25 pct less: its mean saving,Mixed@300,0.00687873759544023,2.3592239273284575e-20,0.0625,10000,0.11005980152704369,3.774758283725532e-19,10,0.06076153412496332,0.10589547369503016,0.004164327832013523,MixedLognormal@81,True,2026-09-25,0.5,81
action,using 25 pct less: its mean saving,Mixed@3000,0.007408942815295137,6.279698983036042e-20,0.0625,10000,0.11854308504472219,1.0047518372857668e-18,14,0.06076153412496332,0.10589547369503016,0.012647611349692028,MixedLognormal@81,True,2026-09-25,0.5,81
action,using 25 pct less: its mean saving,Mixed@50,0.006692411305313139,2.0816681711721683e-21,0.0625,10000,0.10707858088501022,3.3306690738754693e-20,4,0.06076153412496332,0.10589547369503016,0.0011831071899800621,MixedLognormal@81,True,2026-09-25,0.5,81
action,using 25 pct less: its mean saving,Mixed@70,0.006685207336502231,1.249000902703301e-20,0.0625,10000,0.1069633173840357,1.9984014443252817e-19,2,0.06076153412496332,0.10589547369503016,0.001067843689005532,MixedLognormal@81,True,2026-09-25,0.5,81
action,using 25 pct less: its mean saving,MixedKDE@81,0.006927935627834586,1.1449174941446927e-19,0.0625,10000,0.11084697004535338,1.8318679906315084e-18,11,0.06076153412496332,0.10589547369503016,0.0049514963503232146,MixedLognormal@81,True,2026-09-25,0.5,81
action,using 25 pct less: its mean saving,MixedLognormal@81,0.006618467105939385,4.2327252813834096e-20,0.0625,10000,0.10589547369503016,6.772360450213455e-19,1,0.06076153412496332,0.10589547369503016,0.0,MixedLognormal@81,True,2026-09-25,0.5,81
action,using 25 pct less: its mean saving,MixedMarket@81,0.007697049001242146,1.016547956922409e-19,0.0625,10000,0.12315278401987434,1.6264767310758543e-18,16,0.06076153412496332,0.10589547369503016,0.017257310324844177,MixedLognormal@81,True,2026-09-25,0.5,81
action,using 25 pct less: its mean saving,"Normal, Uniform",0.010208346563141332,6.765421556309548e-20,0.0625,10000,0.16333354501026132,1.0824674490095276e-18,36,0.06076153412496332,0.10589547369503016,0.057438071315231154,MixedLognormal@81,True,2026-09-25,0.5,81
action,using 25 pct less: its mean saving,"Normal, Variable",0.010416062988749593,1.422473250300982e-20,0.0625,10000,0.16665700781999349,2.275957200481571e-19,37,0.06076153412496332,0.10589547369503016,0.06076153412496332,MixedLognormal@81,True,2026-09-25,0.5,81
comparison,the probability B beats A,Feasible@10,0.0853491,0.010594526666666666,0.6331722333333334,15000,0.13479602469407084,0.016732456208466077,31,0.08409919217872629,0.11219304363051925,0.02260298106355159,Mixed@70,True,2026-09-25,0.5,81
comparison,the probability B beats A,Feasible@100,0.08470678666666666,0.0116516,0.6331722333333334,15000,0.1337815877059675,0.018401944031342286,24,0.08409919217872629,0.11219304363051925,0.021588544075448232,Mixed@70,True,2026-09-25,0.5,81
comparison,the probability B beats A,Feasible@1000,0.08450852666666667,0.011255766666666667,0.6331722333333334,15000,0.13346846595241832,0.017776785010629282,17,0.08409919217872629,0.11219304363051925,0.021275422321899065,Mixed@70,True,2026-09-25,0.5,81
comparison,the probability B beats A,Feasible@10000,0.08486702666666666,0.010851346666666666,0.6331722333333334,15000,0.13403466260654617,0.01713806464560169,28,0.08409919217872629,0.11219304363051925,0.02184161897602692,Mixed@70,True,2026-09-25,0.5,81
comparison,the probability B beats A,Feasible@130,0.08472137333333334,0.011626853333333334,0.6331722333333334,15000,0.13380462514491184,0.018362860405491566,26,0.08409919217872629,0.11219304363051925,0.02161158151439259,Mixed@70,True,2026-09-25,0.5,81
comparison,the probability B beats A,Feasible@20,0.08477149333333334,0.011311306666666668,0.6331722333333334,15000,0.1338837821220524,0.017864502059918717,27,0.08409919217872629,0.11219304363051925,0.02169073849153315,Mixed@70,True,2026-09-25,0.5,81
comparison,the probability B beats A,Feasible@200,0.08462489333333333,0.011591306666666667,0.6331722333333334,15000,0.13365224954326538,0.018306719809307283,20,0.08409919217872629,0.11219304363051925,0.021459205912746124,Mixed@70,True,2026-09-25,0.5,81
comparison,the probability B beats A,Feasible@3,0.08550294,0.009729060000000001,0.6331722333333334,15000,0.13503899176037776,0.015365582203094082,32,0.08409919217872629,0.11219304363051925,0.022845948129858504,Mixed@70,True,2026-09-25,0.5,81
comparison,the probability B beats A,Feasible@30,0.08471128666666666,0.011468446666666667,0.6331722333333334,15000,0.13378869477693983,0.018112680978271997,25,0.08409919217872629,0.11219304363051925,0.021595651146420577,Mixed@70,True,2026-09-25,0.5,81
comparison,the probability B beats A,Feasible@300,0.08458040000000001,0.011561106666666668,0.6331722333333334,15000,0.13358197903708877,0.018259023466337516,18,0.08409919217872629,0.11219304363051925,0.021388935406569512,Mixed@70,True,2026-09-25,0.5,81
comparison,the probability B beats A,Feasible@3000,0.08460814666666666,0.01105664,0.6331722333333334,15000,0.13362580071025432,0.017462294487855776,19,0.08409919217872629,0.11219304363051925,0.021432757079735062,Mixed@70,True,2026-09-25,0.5,81
comparison,the probability B beats A,Feasible@50,0.08466247333333332,0.011578860000000002,0.6331722333333334,15000,0.13371160148262973,0.01828706217744756,21,0.08409919217872629,0.11219304363051925,0.021518557852110473,Mixed@70,True,2026-09-25,0.5,81
comparison,the probability B beats A,Feasible@70,0.08469103333333335,0.011560646666666667,0.6331722333333334,15000,0.1337567076930674,0.018258296965749234,22,0.08409919217872629,0.11219304363051925,0.021563664062548157,Mixed@70,True,2026-09-25,0.5,81
comparison,the probability B beats A,Feasible@81,0.08470334666666668,0.011610613333333334,0.6331722333333334,15000,0.13377615474504648,0.018337211776027026,23,0.08409919217872629,0.11219304363051925,0.021583111114527223,Mixed@70,True,2026-09-25,0.5,81
comparison,the probability B beats A,"KDE, Uniform",0.08550294,0.009729060000000001,0.6331722333333334,15000,0.13503899176037776,0.015365582203094082,32,0.08409919217872629,0.11219304363051925,0.022845948129858504,Mixed@70,True,2026-09-25,0.5,81
comparison,the probability B beats A,"KDE, Variable",0.08232047333333334,0.00586226,0.6331722333333334,15000,0.13001276587881538,0.009258555084037955,15,0.08409919217872629,0.11219304363051925,0.01781972224829613,Mixed@70,True,2026-09-25,0.5,81
comparison,the probability B beats A,"Lognormal, Uniform",0.08486702666666666,0.010851346666666666,0.6331722333333334,15000,0.13403466260654617,0.01713806464560169,28,0.08409919217872629,0.11219304363051925,0.02184161897602692,Mixed@70,True,2026-09-25,0.5,81
comparison,the probability B beats A,"Lognormal, Variable",0.08945828000000002,0.008409439999999999,0.6331722333333334,15000,0.141285854449187,0.013281441537207856,35,0.08409919217872629,0.11219304363051925,0.029092810818667755,Mixed@70,True,2026-09-25,0.5,81
comparison,the probability B beats A,Mixed,0.07132916,0.011429693333333333,0.6331722333333334,15000,0.11265364500348957,0.018051475935957812,3,0.08409919217872629,0.11219304363051925,0.00046060137297031234,Mixed@70,True,2026-09-25,0.5,81
comparison,the probability B beats A,Mixed@10,0.07452831333333333,0.008749673333333334,0.6331722333333334,15000,0.11770622495711672,0.013818788747685135,12,0.08409919217872629,0.11219304363051925,0.005513181326597463,Mixed@70,True,2026-09-25,0.5,81
comparison,the probability B beats A,Mixed@100,0.07169339999999999,0.01207392,0.6331722333333334,15000,0.11322890712147987,0.019068934745348643,5,0.08409919217872629,0.11219304363051925,0.0010358634909606174,Mixed@70,True,2026-09-25,0.5,81
comparison,the probability B beats A,Mixed@1000,0.07724552666666666,0.010717766666666668,0.6331722333333334,15000,0.12199765340309983,0.01692709519216125,13,0.08409919217872629,0.11219304363051925,0.009804609772580575,Mixed@70,True,2026-09-25,0.5,81
comparison,the probability B beats A,Mixed@10000,0.08486702666666666,0.010851346666666666,0.6331722333333334,15000,0.13403466260654617,0.01713806464560169,28,0.08409919217872629,0.11219304363051925,0.02184161897602692,Mixed@70,True,2026-09-25,0.5,81
comparison,the probability B beats A,Mixed@130,0.07225676666666665,0.01181998,0.6331722333333334,15000,0.1141186597622437,0.018667874833635315,7,0.08409919217872629,0.11219304363051925,0.001925616131724442,Mixed@70,True,2026-09-25,0.5,81
comparison,the probability B beats A,Mixed@20,0.07226152000000001,0.010134520000000001,0.6331722333333334,15000,0.11412616693498931,0.016005945091190826,8,0.08409919217872629,0.11219304363051925,0.0019331233044700552,Mixed@70,True,2026-09-25,0.5,81
comparison,the probability B beats A,Mixed@200,0.07271698,0.011185486666666666,0.6331722333333334,15000,0.114845497278334,0.01766578835553275,9,0.08409919217872629,0.11219304363051925,0.0026524536478147454,Mixed@70,True,2026-09-25,0.5,81
comparison,the probability B beats A,Mixed@3,0.08232047333333334,0.00586226,0.6331722333333334,15000,0.13001276587881538,0.009258555084037955,15,0.08409919217872629,0.11219304363051925,0.01781972224829613,Mixed@70,True,2026-09-25,0.5,81
comparison,the probability B beats A,Mixed@30,0.07218125999999998,0.010814153333333333,0.6331722333333334,15000,0.11399940837582524,0.017079323387891244,6,0.08409919217872629,0.11219304363051925,0.0018063647453059883,Mixed@70,True,2026-09-25,0.5,81
comparison,the probability B beats A,Mixed@300,0.07341497333333333,0.011018626666666668,0.6331722333333334,15000,0.11594787242460146,0.017402258163879265,11,0.08409919217872629,0.11219304363051925,0.0037548287940822045,Mixed@70,True,2026-09-25,0.5,81
comparison,the probability B beats A,Mixed@3000,0.08082889333333333,0.010765266666666667,0.6331722333333334,15000,0.12765704034084038,0.017002114274646807,14,0.08409919217872629,0.11219304363051925,0.015463996710321129,Mixed@70,True,2026-09-25,0.5,81
comparison,the probability B beats A,Mixed@50,0.07109171333333333,0.011137966666666667,0.6331722333333334,15000,0.11227863382301402,0.017590737686065092,2,0.08409919217872629,0.11219304363051925,8.559019249476663e-05,Mixed@70,True,2026-09-25,0.5,81
comparison,the probability B beats A,Mixed@70,0.07103751999999999,0.011349173333333332,0.6331722333333334,15000,0.11219304363051925,0.0179243067460265,1,0.08409919217872629,0.11219304363051925,0.0,Mixed@70,True,2026-09-25,0.5,81
comparison,the probability B beats A,MixedKDE@81,0.0715031,0.010064126666666668,0.6331722333333334,15000,0.11292835698680616,0.015894769443195737,4,0.08409919217872629,0.11219304363051925,0.0007353133562869041,Mixed@70,True,2026-09-25,0.5,81
comparison,the probability B beats A,MixedLognormal@81,0.07311720666666667,0.010687433333333335,0.6331722333333334,15000,0.1154775949061148,0.01687918826931082,10,0.08409919217872629,0.11219304363051925,0.003284551275595543,Mixed@70,True,2026-09-25,0.5,81
comparison,the probability B beats A,MixedMarket@81,0.08785966666666667,0.008016319999999999,0.6331722333333334,15000,0.1387610859120112,0.012660567817066306,34,0.08409919217872629,0.11219304363051925,0.02656804228149194,Mixed@70,True,2026-09-25,0.5,81
comparison,the probability B beats A,"Normal, Uniform",0.11855035333333333,0.016506873333333335,0.6331722333333334,15000,0.18723239442959358,0.026070115624674425,36,0.08409919217872629,0.11219304363051925,0.07503935079907433,Mixed@70,True,2026-09-25,0.5,81
comparison,the probability B beats A,"Normal, Variable",0.12428679333333333,0.012826366666666667,0.6331722333333334,15000,0.19629223580924554,0.020257310714878157,37,0.08409919217872629,0.11219304363051925,0.08409919217872629,Mixed@70,True,2026-09-25,0.5,81
