dataset,method,factor,weight,w1_base,grid_top,beyond_grid,w1,w1_rel,eci_mean_base,eci_mean,eci_mean_rel,eci_std_base,eci_std,eci_std_rel,eci_cov_base,eci_cov,eci_cov_rel,eci_perc_mean_base,eci_perc_mean,eci_perc_mean_rel,eci_perc_std_base,eci_perc_std,eci_perc_std_rel,eci_perc_p95tot_base,eci_perc_p95tot,eci_perc_p95tot_rel,eci_rank_1_base,eci_rank_1,eci_rank_1_rel,eci_rank_4_base,eci_rank_4,eci_rank_4_rel,eci_meanrank_base,eci_meanrank,eci_meanrank_rel,eci_p95_base,eci_p95,eci_p95_rel,ui_base,ui,ui_rel,w1_kind
dataset121,"KDE, Variable",1.0,0.0001,0.25447364499225444,9.902167897658948,False,0.2544644242757313,3.6234465551162487e-05,1.2047528563456895,1.2047318217612406,1.7459667630680778e-05,0.8048618867834145,0.8048239516608073,4.713246238904008e-05,0.6680721963380587,0.668052372422774,2.9673312844506474e-05,0.25524341161423497,0.2552422687146068,4.477685127820701e-06,0.14317118644880647,0.14316520659894857,4.176713210401296e-05,0.3244979939161841,0.32449277324457565,1.6088455726515155e-05,0.311,0.311,0.0,0.2911,0.2911,0.0,2.4545,2.4545,0.0,2.6729217365268565,2.6728864442380558,1.3203637172925154e-05,0.4071477564865804,0.4071260006347849,5.3434782456555817e-05,with tail term
dataset121,"KDE, Variable",1.0,0.001,0.25447364499225444,9.902167897658948,False,0.2543817024993311,0.0003613045780285943,1.2047528563456895,1.2045425244021613,0.00017458513787321647,0.8048618867834145,0.8044824317607272,0.0004714535859112372,0.6680721963380587,0.6678738321505154,0.00029692028590707676,0.25524341161423497,0.2552319850503694,4.476732148846247e-05,0.14317118644880647,0.14311137746573227,0.0004177445515238901,0.3244979939161841,0.32444575439181733,0.000160985661995417,0.311,0.3109,0.0003215434083600932,0.2911,0.2908,0.0010305736860186274,2.4545,2.4545,0.0,2.6729217365268565,2.6725686327546248,0.00013210404457653915,0.4071477564865804,0.4069301074064433,0.0005345702553178119,with tail term
dataset121,"KDE, Variable",1.0,0.01,0.25447364499225444,9.902167897658948,False,0.2536043588249354,0.0034160164890375015,1.2047528563456895,1.2026509546693755,0.001744674573911822,0.8048618867834145,0.8010568617006268,0.00472755033536779,0.6680721963380587,0.666075937154058,0.0029880890043664596,0.25524341161423497,0.25512939619863195,0.00044669288379258073,0.14317118644880647,0.14257204154811473,0.004184814804939643,0.3244979939161841,0.3245922966958567,0.00029061128709767205,0.311,0.309,0.006430868167202578,0.2911,0.2892,0.006526966678117529,2.4545,2.4551,0.00024444897127721895,2.6729217365268565,2.6693689029869323,0.001329194750213928,0.4071477564865804,0.4049621255432565,0.005368151754499355,with tail term
dataset121,"KDE, Variable",1.396,0.0001,0.25447364499225444,9.902167897658948,False,0.2545042046641422,0.00012008973223409197,1.2047528563456895,1.20477293972762,1.667012601347807e-05,0.8048618867834145,0.8048245596905284,4.637701635413534e-05,0.6680721963380587,0.6680300769973191,6.3046091381263e-05,0.25524341161423497,0.2552490161562321,2.195763628789266e-05,0.14317118644880647,0.1431667615770956,3.090616080390742e-05,0.3244979939161841,0.32449466166040375,1.0268956489218213e-05,0.311,0.311,0.0,0.2911,0.2911,0.0,2.4545,2.4545,0.0,2.6729217365268565,2.6728864442380833,1.3203637162624242e-05,0.4071477564865804,0.4071258409220553,5.382705461587055e-05,with tail term
dataset121,"KDE, Variable",1.396,0.001,0.25447364499225444,9.902167897658948,False,0.25477950311189584,0.0012019245437016068,1.2047528563456895,1.2049536772571101,0.0001666905460010571,0.8048618867834145,0.8044885210305519,0.00046388797754451426,0.6680721963380587,0.6676509945692228,0.0006304734295853393,0.25524341161423497,0.25529945480561533,0.00021956763164199958,0.14317118644880647,0.14312692316636622,0.00030916334171807413,0.3244979939161841,0.32446464606188186,0.00010276752068572265,0.311,0.311,0.0,0.2911,0.2907,0.001374098248024773,2.4545,2.4537,0.0003259319617029586,2.6729217365268565,2.6725686327549063,0.000132104044471204,0.4071477564865804,0.40692850497907684,0.0005385059944713145,with tail term
dataset121,"KDE, Variable",1.396,0.01,0.25447364499225444,9.902167897658948,False,0.25755055388279513,0.01209126741055774,1.2047528563456895,1.2067597479397523,0.0016658118580022694,0.8048618867834145,0.8011186413115309,0.004650792307787514,0.6680721963380587,0.663859266667823,0.006306099390647062,0.25524341161423497,0.2558036163194123,0.002194786151910498,0.14317118644880647,0.14272707466696835,0.003101963410751782,0.3244979939161841,0.3262783586318457,0.005486519944777907,0.311,0.3115,0.0016077170418006446,0.2911,0.2877,0.011679835108210284,2.4545,2.447,0.0030556121409655084,2.6729217365268565,2.6693689029899756,0.001329194749075345,0.4071477564865804,0.4049456829692436,0.005408536538035404,with tail term
dataset121,"KDE, Variable",1.9488,0.0001,0.25447364499225444,9.902167897658948,False,0.2545364187004901,0.0002466805874437938,1.2047528563456895,1.2048294004581959,6.353511602248973e-05,0.8048618867834145,0.8048590401729009,3.536768929408193e-06,0.6680721963380587,0.6680273903233217,6.706762380263009e-05,0.25524341161423497,0.2552565146034368,5.133526902399337e-05,0.14317118644880647,0.1431719828635958,5.5626750681701595e-06,0.3244979939161841,0.32358463051411723,0.0028146966058064334,0.311,0.311,0.0,0.2911,0.2911,0.0,2.4545,2.4545,0.0,2.6729217365268565,2.6728869752337254,1.3004979777760871e-05,0.4071477564865804,0.407144961284589,6.865325786255679e-06,with tail term
dataset121,"KDE, Variable",1.9488,0.001,0.25447364499225444,9.902167897658948,False,0.255101937260602,0.0024689875777378235,1.2047528563456895,1.2055182957811834,0.0006353497578048189,0.8048618867834145,0.804833097038754,3.5769794958896693e-05,0.6680721963380587,0.6676241247066409,0.0006706934278568114,0.25524341161423497,0.25537444093041317,0.0005133504341974245,0.14317118644880647,0.14317909859800448,5.526355822191219e-05,0.3244979939161841,0.32362393895680847,0.0026935604403194265,0.311,0.3111,0.0003215434083600932,0.2911,0.2907,0.001374098248024773,2.4545,2.4533,0.0004888979425544379,2.6729217365268565,2.672573965284532,0.00013010902548018908,0.4071477564865804,0.4071196025051359,6.914929775731168e-05,with tail term
dataset121,"KDE, Variable",1.9488,0.01,0.25447364499225444,9.902167897658948,False,0.2608116898950718,0.02490648846174337,1.2047528563456895,1.2124071086242263,0.006353379648132978,0.8048618867834145,0.8045415519049088,0.000397999810608365,0.6680721963380587,0.6635902628596915,0.006708756183739272,0.25524341161423497,0.2565536501650112,0.005133290385400683,0.14317118644880647,0.14324508536766542,0.0005161577597554798,0.3244979939161841,0.3229653495801403,0.004723124225044375,0.311,0.3141,0.00996784565916396,0.2911,0.2877,0.011679835108210284,2.4545,2.4433,0.004563047463841964,2.6729217365268565,2.6694245935530483,0.0013083596597752729,0.4071477564865804,0.40684618879578927,0.0007406836608740806,with tail term
dataset121,"KDE, Variable",2.7204,0.0001,0.25447364499225444,9.902167897658948,False,0.2545666974094751,0.00036566622537065313,1.2047528563456895,1.2049052925057024,0.00012652898825681275,0.8048618867834145,0.8049683287611882,0.00013224874915998558,0.6680721963380587,0.6680760170678548,5.719037279268516e-06,0.25524341161423497,0.25526427176551614,8.172650235804292e-05,0.14317118644880647,0.14318107045871478,6.903630649066504e-05,0.3244979939161841,0.3245255612413029,8.495376130396613e-05,0.311,0.3111,0.0003215434083600932,0.2911,0.2911,0.0,2.4545,2.4543999999999997,4.0741495212960294e-05,2.6729217365268565,2.673269070551977,0.00012994545271342978,0.4071477564865804,0.4072106007320573,0.00015435242973993582,with tail term
dataset121,"KDE, Variable",2.7204,0.001,0.25447364499225444,9.902167897658948,False,0.2554061625696701,0.003664495698342437,1.2047528563456895,1.2062772955157464,0.0012653542691576124,0.8048618867834145,0.8059244722281097,0.0013202084259968348,0.6680721963380587,0.6681087965628458,5.478483461480652e-05,0.25524341161423497,0.2554520216409189,0.0008172983794747891,0.14317118644880647,0.14326987103842134,0.0006892768863807592,0.3244979939161841,0.325431420537261,0.0028765250897605553,0.311,0.3114,0.0012861736334405514,0.2911,0.2907,0.001374098248024773,2.4545,2.4530000000000003,0.000611122428192957,2.6729217365268565,2.676377249692418,0.0012927850143683562,0.4071477564865804,0.4077748795871452,0.0015402838172963282,with tail term
dataset121,"KDE, Variable",2.7204,0.01,0.25447364499225444,9.902167897658948,False,0.26399793508128383,0.03742741252957367,1.2047528563456895,1.2200050268667648,0.012659999468553968,0.8048618867834145,0.8153066981335931,0.0129771474108691,0.6680721963380587,0.6682814252228747,0.0003131830451302448,0.25524341161423497,0.25733036188440866,0.008176313962327965,0.14317118644880647,0.1441425839821347,0.006784867524133908,0.3244979939161841,0.3283886333241805,0.011989717905625379,0.311,0.3169,0.01897106109324764,0.2911,0.2877,0.011679835108210284,2.4545,2.4404,0.0057445508250152785,2.6729217365268565,2.7057263228813624,0.012272931865611429,0.4071477564865804,0.413289111649931,0.015083848714644677,with tail term
dataset121,"KDE, Variable",3.7977,0.0001,0.25447364499225444,9.902167897658948,False,0.2546745980852421,0.0007896813557796657,1.2047528563456895,1.2050019333212147,0.00020674528739507815,0.8048618867834145,0.8052174174638703,0.00044172880626346225,0.6680721963380587,0.6682291498442147,0.00023493494717529586,0.25524341161423497,0.2552714776071105,0.00010995775639429016,0.14317118644880647,0.14319379681450764,0.00015792539170760304,0.3244979939161841,0.32456109893626617,0.00019446967705555223,0.311,0.3111,0.0003215434083600932,0.2911,0.2911,0.0,2.4545,2.4543999999999997,4.0741495212960294e-05,2.6729217365268565,2.6735584720273984,0.00023821703862128305,0.4071477564865804,0.40734631728954074,0.0004876873316797171,with tail term
dataset121,"KDE, Variable",3.7977,0.001,0.25447364499225444,9.902167897658948,False,0.25648516991190007,0.0079046492995644,1.2047528563456895,1.2072215670138926,0.0020491428222808227,0.8048618867834145,0.8083310554696778,0.004310265827255871,0.6680721963380587,0.669579700658525,0.002256499116007941,0.25524341161423497,0.2555231070312321,0.0010957987719575249,0.14317118644880647,0.14339229185021826,0.0015443428730043546,0.3244979939161841,0.327057181612049,0.007886605599558519,0.311,0.3114,0.0012861736334405514,0.2911,0.2907,0.001374098248024773,2.4545,2.4530000000000003,0.000611122428192957,2.6729217365268565,2.6793284980156113,0.002396913235880852,0.4071477564865804,0.40913454814559036,0.004879780441760656,with tail term
dataset121,"KDE, Variable",3.7977,0.01,0.25447364499225444,9.902167897658948,False,0.27478807758071533,0.07982921999281775,1.2047528563456895,1.2301082806496413,0.02104616243107402,0.8048618867834145,0.8402186536096256,0.04392898633517406,0.6680721963380587,0.6830444659439994,0.022411155093729394,0.25524341161423497,0.25809373310426414,0.011167071745370018,0.14317118644880647,0.14541290951454452,0.01565764118703888,0.3244979939161841,0.33982247877700134,0.047225206775162516,0.311,0.3172,0.01993569131832792,0.2911,0.2877,0.011679835108210284,2.4545,2.4401,0.005866775310653798,2.6729217365268565,2.7414377220406014,0.02563336762817953,0.4071477564865804,0.42780227730792686,0.05072979156162247,with tail term
dataset121,"KDE, Variable",5.3015,0.0001,0.25447364499225444,9.902167897658948,False,0.2548257318677505,0.00138358876223412,1.2047528563456895,1.205257776602424,0.00041910691813255217,0.8048618867834145,0.8063300874740871,0.0018241647601678988,0.6680721963380587,0.6690104831740651,0.0014044692192692189,0.25524341161423497,0.2552827919719506,0.00015428550130465506,0.14317118644880647,0.143227268269385,0.00039171164233236464,0.3244979939161841,0.3272435731086933,0.008461005134035866,0.311,0.3111,0.0003215434083600932,0.2911,0.2911,0.0,2.4545,2.4543999999999997,4.0741495212960294e-05,2.6729217365268565,2.673558622849426,0.0002382734645262,0.4071477564865804,0.4077825333549927,0.0015590823191315125,with tail term
dataset121,"KDE, Variable",5.3015,0.001,0.25447364499225444,9.902167897658948,False,0.25799650773698374,0.013843723364109163,1.2047528563456895,1.208344595437866,0.002981307803719259,0.8048618867834145,0.8131079950954739,0.010245370600183988,0.6680721963380587,0.6729106896868515,0.0072424707618642566,0.25524341161423497,0.25557894395075736,0.0013145582657761346,0.14317118644880647,0.1435247138006959,0.0024692632690854798,0.3244979939161841,0.3271686924881517,0.008230246787465308,0.311,0.3114,0.0012861736334405514,0.2911,0.2907,0.001374098248024773,2.4545,2.4530000000000003,0.000611122428192957,2.6729217365268565,2.6793301515396983,0.0023975318563456377,0.4071477564865804,0.4116542555165533,0.011068460916648683,with tail term
dataset121,"KDE, Variable",5.3015,0.01,0.25447364499225444,9.902167897658948,False,0.2899014558315523,0.13921996063826647,1.2047528563456895,1.2433824762560293,0.03206435220872839,0.8048618867834145,0.8909099944137503,0.10691040170161643,0.6680721963380587,0.7165212727594368,0.07252071959729008,0.25524341161423497,0.25879811901729566,0.013926735192025773,0.14317118644880647,0.14692523632180735,0.026220707993805763,0.3244979939161841,0.3290231405976253,0.013945068278634657,0.311,0.3172,0.01993569131832792,0.2911,0.2877,0.011679835108210284,2.4545,2.4401,0.005866775310653798,2.6729217365268565,2.741481021313142,0.025649566857640332,0.4071477564865804,0.4562744944737229,0.12066071150943877,with tail term
dataset121,"KDE, Variable",7.4008,0.0001,0.25447364499225444,9.902167897658948,False,0.2550366611867881,0.0022124734942621485,1.2047528563456895,1.205682754153705,0.0007718577325776617,0.8048618867834145,0.8090797844421552,0.005240523533294999,0.6680721963380587,0.6710552851940442,0.004465219286683233,0.25524341161423497,0.25529466370983456,0.00020079693840264866,0.14317118644880647,0.14326812197994443,0.0006770603327550163,0.3244979939161841,0.3248879522905662,0.0012017281514622503,0.311,0.3111,0.0003215434083600932,0.2911,0.2911,0.0,2.4545,2.4543999999999997,4.0741495212960294e-05,2.6729217365268565,2.673558622849428,0.00023827346452686457,0.4071477564865804,0.4090080159310745,0.0045690033037315714,with tail term
dataset121,"KDE, Variable",7.4008,0.001,0.25447364499225444,9.902167897658948,False,0.2601060439679205,0.02213352575602659,1.2047528563456895,1.2100204415448004,0.004372336758834284,0.8048618867834145,0.8237802714718526,0.023505131748807688,0.6680721963380587,0.6807986404098716,0.01904950414277238,0.25524341161423497,0.25563509443962085,0.0015345462705922822,0.14317118644880647,0.14368016437630782,0.003555030450790752,0.3244979939161841,0.3271687625848351,0.008230462803233406,0.311,0.3114,0.0012861736334405514,0.2911,0.2907,0.001374098248024773,2.4545,2.4530000000000003,0.000611122428192957,2.6729217365268565,2.6793301515397294,0.0023975318563572677,0.4071477564865804,0.4175521336334961,0.02555430302919671,with tail term
dataset121,"KDE, Variable",7.4008,0.01,0.25447364499225444,9.902167897658948,False,0.3109994206180182,0.22212821145971434,1.2047528563456895,1.2620396379374885,0.047550650152068406,0.8048618867834145,0.9916426232173758,0.23206557485337026,0.6680721963380587,0.7857460204958269,0.17613938254395295,0.25524341161423497,0.25945861147941934,0.016514431610697405,0.14317118644880647,0.14864791459217994,0.03825300522554356,0.3244979939161841,0.32975725121592164,0.016207364601138224,0.311,0.3172,0.01993569131832792,0.2911,0.2877,0.011679835108210284,2.4545,2.4401,0.005866775310653798,2.6729217365268565,2.7414810213147898,0.025649566858256725,0.4071477564865804,0.5088841950929559,0.2498759651392767,with tail term
dataset121,"KDE, Variable",10.3314,0.0001,0.25447364499225444,9.902167897658948,True,0.2553307871157362,0.003368294282529128,1.2047528563456895,1.2062760155567427,0.0012642918446139119,0.8048618867834145,0.8147589292165318,0.01229657236307991,0.6680721963380587,0.675433249694921,0.01101835010828302,0.25524341161423497,0.2553045374275523,0.00023948047446465068,0.14317118644880647,0.14330584224218945,0.0009405229971404227,0.3244979939161841,0.3248879522905662,0.0012017281514622503,0.311,0.3111,0.0003215434083600932,0.2911,0.2911,0.0,2.4545,2.4543999999999997,4.0741495212960294e-05,2.6729217365268565,2.673558622849428,0.00023827346452686457,0.4071477564865804,0.41178988828564744,0.011401590025020888,with tail term
dataset121,"KDE, Variable",10.3314,0.001,0.25447364499225444,9.902167897658948,True,0.2630512203124259,0.033707126411587844,1.2047528563456895,1.212360162762615,0.006314412434763055,0.8048618867834145,0.8455126194028477,0.05050646985148169,0.6680721963380587,0.6974104275054462,0.04391476150062945,0.25524341161423497,0.25568472515219853,0.0017289909078262342,0.14317118644880647,0.14383923203411283,0.004666061669784633,0.3244979939161841,0.32716876258483674,0.008230462803238367,0.311,0.3114,0.0012861736334405514,0.2911,0.2907,0.001374098248024773,2.4545,2.4530000000000003,0.000611122428192957,2.6729217365268565,2.6793301515397294,0.0023975318563572677,0.4071477564865804,0.4296068930027813,0.05516212765117167,with tail term
dataset121,"KDE, Variable",10.3314,0.01,0.25447364499225444,9.902167897658948,True,0.34045221512110285,0.33786826974347534,1.2047528563456895,1.2880930328650775,0.06917616013974777,0.8048618867834145,1.1737381620841971,0.45831002978035895,0.6680721963380587,0.9112215749459313,0.3639567399162258,0.25524341161423497,0.26004512014889936,0.018812272192637435,0.14317118644880647,0.1504219138207528,0.05064376116306721,0.3244979939161841,0.32975725121592164,0.016207364601138224,0.311,0.3172,0.01993569131832792,0.2911,0.2877,0.011679835108210284,2.4545,2.4401,0.005866775310653798,2.6729217365268565,2.7414810213147898,0.025649566858256725,0.4071477564865804,0.5909695946084901,0.4514868010281384,with tail term
dataset121,"KDE, Variable",14.4225,0.0001,0.25447364499225444,9.902167897658948,True,0.2557417672272261,0.004983314617944952,1.2047528563456895,1.207104204912521,0.0019517269076776516,0.8048618867834145,0.8261922847518767,0.026501935696952784,0.6680721963380587,0.6844415597174984,0.02450238682161304,0.25524341161423497,0.2553124798535083,0.00027059753995811617,0.14317118644880647,0.1433387032392454,0.00117004541621817,0.3244979939161841,0.3248879522905662,0.0012017281514622503,0.311,0.3111,0.0003215434083600932,0.2911,0.2911,0.0,2.4545,2.4543999999999997,4.0741495212960294e-05,2.6729217365268565,2.673558622849428,0.00023827346452686457,0.4071477564865804,0.4176952134087183,0.02590572280971299,with tail term
dataset121,"KDE, Variable",14.4225,0.001,0.25447364499225444,9.902167897658948,True,0.26716266878739303,0.049863803363703184,1.2047528563456895,1.2156263995348022,0.009025538417974646,0.8048618867834145,0.8880899712940825,0.10340666625833703,0.6680721963380587,0.7305616031651979,0.09353690689369484,0.25524341161423497,0.2557268601814127,0.0018940687405809013,0.14317118644880647,0.14399074250197366,0.005724308595153254,0.3244979939161841,0.32716876258483674,0.008230462803238367,0.311,0.3114,0.0012861736334405514,0.2911,0.2907,0.001374098248024773,2.4545,2.4530000000000003,0.000611122428192957,2.6729217365268565,2.6793301515397294,0.0023975318563572677,0.4071477564865804,0.45286874509036323,0.11229581368278958,with tail term
dataset121,"KDE, Variable",14.4225,0.01,0.25447364499225444,9.902167897658948,True,0.38156813858246075,0.49944069294120713,1.2047528563456895,1.3244634157257293,0.09936524221503096,0.8048618867834145,1.4766642803167802,0.8346803402732689,0.6680721963380587,1.1149151141389992,0.6688542349917351,0.25524341161423497,0.2605439503197127,0.020766603423593093,0.14317118644880647,0.1521091851523346,0.06242875347494641,0.3244979939161841,0.32975725121592164,0.016207364601138224,0.311,0.3172,0.01993569131832792,0.2911,0.2877,0.011679835108210284,2.4545,2.4401,0.005866775310653798,2.6729217365268565,2.7414810213147898,0.025649566858256725,0.4071477564865804,0.6947003259270351,0.7062609700268174,with tail term
dataset121,"KDE, Variable",20.1336,0.0001,0.25447364499225444,9.902167897658948,True,0.2563154878949628,0.00723785326674751,1.2047528563456895,1.2082603419489621,0.002911373552507436,0.8048618867834145,0.8486803244964245,0.05444218248192607,0.6680721963380587,0.7023985601707959,0.051381219007305266,0.25524341161423497,0.2553186953811231,0.00029494891332171433,0.14317118644880647,0.14336601501999857,0.0013608085259652872,0.3244979939161841,0.3248879522905662,0.0012017281514622503,0.311,0.3111,0.0003215434083600932,0.2911,0.2911,0.0,2.4545,2.4543999999999997,4.0741495212960294e-05,2.6729217365268565,2.673558622849428,0.00023827346452686457,0.4071477564865804,0.4296176573472845,0.0551885660739106,with tail term
dataset121,"KDE, Variable",20.1336,0.001,0.25447364499225444,9.902167897658948,True,0.27290217524268545,0.07241822724310774,1.2047528563456895,1.2201860057115361,0.012810220191267388,0.8048618867834145,0.9679333737505644,0.2026080370370822,0.6680721963380587,0.7932670668404579,0.18739721722986946,0.25524341161423497,0.25576138797137377,0.0020293427119742607,0.14317118644880647,0.14412653850715512,0.0066727955676350835,0.3244979939161841,0.32716876258483674,0.008230462803238367,0.311,0.3114,0.0012861736334405514,0.2911,0.2907,0.001374098248024773,2.4545,2.4530000000000003,0.000611122428192957,2.6729217365268565,2.6793301515397294,0.0023975318563572677,0.4071477564865804,0.4945191326404125,0.21459378017403324,with tail term
dataset121,"KDE, Variable",20.1336,0.01,0.25447364499225444,9.902167897658948,True,0.4389652121251453,0.7249928264221873,1.2047528563456895,1.375235798105888,0.14150864292392304,0.8048618867834145,1.947629415216184,1.4198305910592635,0.6680721963380587,1.4162148904927094,1.1198530611743565,0.25524341161423497,0.26095277161417146,0.02236829528264337,0.14317118644880647,0.1536129407517494,0.07293195343237979,0.3244979939161841,0.32975725121592164,0.016207364601138224,0.311,0.3172,0.01993569131832792,0.2911,0.2877,0.011679835108210284,2.4545,2.4401,0.005866775310653798,2.6729217365268565,2.7414810213147898,0.025649566858256725,0.4071477564865804,0.7976601327552475,0.9591416630624081,with tail term
dataset121,"KDE, Variable",28.1061,0.0001,0.25447364499225444,9.902167897658948,True,0.25711638233341033,0.010385112144860133,1.2047528563456895,1.209874269655188,0.004251007401661663,0.8048618867834145,0.8917376805020013,0.10793875961226221,0.6680721963380587,0.7370498760636879,0.1032488406248911,0.25524341161423497,0.25532345377517246,0.0003135914867744386,0.14317118644880647,0.14338788540729172,0.0015135654307281692,0.3244979939161841,0.3248879522905662,0.0012017281514622503,0.311,0.3111,0.0003215434083600932,0.2911,0.2911,0.0,2.4545,2.4543999999999997,4.0741495212960294e-05,2.6729217365268565,2.673558622849428,0.00023827346452686457,0.4071477564865804,0.45246576568204355,0.11130605160772099,with tail term
dataset121,"KDE, Variable",28.1061,0.001,0.25447364499225444,9.902167897658948,True,0.28091433012301853,0.10390343224568059,1.2047528563456895,1.226551059771877,0.018093506324862948,0.8048618867834145,1.1098429917857684,0.37892352714227007,0.6680721963380587,0.904848585750833,0.3544173679291399,0.25524341161423497,0.25578884345691033,0.0021369086051071266,0.14317118644880647,0.14424223227469507,0.0074808755340696476,0.3244979939161841,0.32716876258483674,0.008230462803238367,0.311,0.3114,0.0012861736334405514,0.2911,0.2907,0.001374098248024773,2.4545,2.4530000000000003,0.000611122428192957,2.6729217365268565,2.6793301515397294,0.0023975318563572677,0.4071477564865804,0.5612591900359991,0.3785147556241003,with tail term
dataset121,"KDE, Variable",28.1061,0.01,0.25447364499225444,9.902167897658948,True,0.5190895656458778,1.0398558980898696,1.2047528563456895,1.446112305000499,0.20033938694024908,0.8048618867834145,2.6463542206898176,2.287960660264116,0.6680721963380587,1.8299783575169182,1.7391925117490001,0.25524341161423497,0.26127758138366325,0.023640844366036324,0.14317118644880647,0.1548846519437689,0.08181440543660513,0.3244979939161841,0.32975725121592164,0.016207364601138224,0.311,0.3172,0.01993569131832792,0.2911,0.2877,0.011679835108210284,2.4545,2.4401,0.005866775310653798,2.6729217365268565,2.7414810213147898,0.025649566858256725,0.4071477564865804,0.8788918745488256,1.1586558210048588,with tail term
dataset121,"KDE, Variable",39.2356,0.0001,0.25447364499225444,9.902167897658948,True,0.2582344199775005,0.01477864234373089,1.2047528563456895,1.212127290465028,0.006121117771579254,0.8048618867834145,0.971278159452857,0.2067637633265451,0.6680721963380587,0.8013004633203414,0.19942196025003622,0.25524341161423497,0.25532703493813114,0.00032762187030531403,0.14317118644880647,0.14340490160364922,0.0016324175320452095,0.3244979939161841,0.3248879522905662,0.0012017281514622503,0.311,0.3111,0.0003215434083600932,0.2911,0.2911,0.0,2.4545,2.4543999999999997,4.0741495212960294e-05,2.6729217365268565,2.673558622849428,0.00023827346452686457,0.4071477564865804,0.4932652265906754,0.21151404798894777,with tail term
dataset121,"KDE, Variable",39.2356,0.001,0.25447364499225444,9.902167897658948,True,0.29209918850607625,0.147856346832958,1.2047528563456895,1.2354365874187334,0.025468900871598817,0.8048618867834145,1.34715709111073,0.6737742378317452,0.6680721963380587,1.0904299782196192,0.6322038010212874,0.25524341161423497,0.25581014223675336,0.0022203535790961777,0.14317118644880647,0.14433681548176988,0.008141505716865758,0.3244979939161841,0.32716876258483674,0.008230462803238367,0.311,0.3114,0.0012861736334405514,0.2911,0.2907,0.001374098248024773,2.4545,2.4530000000000003,0.000611122428192957,2.6729217365268565,2.6793301515397294,0.0023975318563572677,0.4071477564865804,0.6523086110101626,0.6021422213870474,with tail term
dataset121,"KDE, Variable",39.2356,0.01,0.25447364499225444,9.902167897658948,True,0.6309420651742517,1.4794004314020652,1.2047528563456895,1.545054930711829,0.2824662938740474,0.8048618867834145,3.654085820304769,3.540015970824657,0.6680721963380587,2.365020005224849,2.540066505069908,0.25524341161423497,0.2615292359616013,0.02462678392994725,0.14317118644880647,0.1559164876639263,0.08902141227751259,0.3244979939161841,0.32975725121592164,0.016207364601138224,0.311,0.3172,0.01993569131832792,0.2911,0.2877,0.011679835108210284,2.4545,2.4401,0.005866775310653798,2.6729217365268565,2.7414810213147898,0.025649566858256725,0.4071477564865804,0.9324802609325601,1.2902748353061222,with tail term
dataset121,"KDE, Variable",54.7723,0.0001,0.25447364499225444,9.902167897658948,True,0.25979519238443566,0.020911978497196396,1.2047528563456895,1.2152724909157429,0.00873177806937264,0.8048618867834145,1.1113781763384885,0.38083091594764057,0.6680721963380587,0.9145094492355644,0.3688781755150356,0.25524341161423497,0.25532969520612486,0.00033804434498116036,0.14317118644880647,0.14341785440767102,0.0017228882778920745,0.3244979939161841,0.3248879522905662,0.0012017281514622503,0.311,0.3111,0.0003215434083600932,0.2911,0.2911,0.0,2.4545,2.4543999999999997,4.0741495212960294e-05,2.6729217365268565,2.673558622849428,0.00023827346452686457,0.4071477564865804,0.5587397151406228,0.3723266461350104,with tail term
dataset121,"KDE, Variable",54.7723,0.001,0.25447364499225444,9.902167897658948,True,0.30771316954367905,0.20921429625077714,1.2047528563456895,1.2478407185468983,0.03576489731836353,0.8048618867834145,1.721324687643971,1.1386584653960306,0.6680721963380587,1.379442634031402,1.0648107219438525,0.25524341161423497,0.25582634178266755,0.0022838206273218162,0.14317118644880647,0.1444116447983857,0.008664161975236376,0.3244979939161841,0.32716876258483674,0.008230462803238367,0.311,0.3114,0.0012861736334405514,0.2911,0.2907,0.001374098248024773,2.4545,2.4530000000000003,0.000611122428192957,2.6729217365268565,2.6793301515397294,0.0023975318563572677,0.4071477564865804,0.7533180405260169,0.850232571650794,with tail term
dataset121,"KDE, Variable",54.7723,0.01,0.25447364499225444,9.902167897658948,True,0.7870873423562887,2.093001408378639,1.2047528563456895,1.6831781072147514,0.3971148508584929,0.8048618867834145,5.0849107640991695,5.3177432645254585,0.6680721963380587,3.0210176465005567,3.5219927772175357,0.25524341161423497,0.26172038390729035,0.02537566886484196,0.14317118644880647,0.15672725514545982,0.09468433581431956,0.3244979939161841,0.32975725121592164,0.016207364601138224,0.311,0.3172,0.01993569131832792,0.2911,0.2877,0.011679835108210284,2.4545,2.4401,0.005866775310653798,2.6729217365268565,2.7414810213147898,0.025649566858256725,0.4071477564865804,0.963914600792662,1.3674810567805071,with tail term
dataset121,"KDE, Variable",76.4611,0.0001,0.25447364499225444,9.902167897658948,True,0.2619739872932743,0.02947394533232768,1.2047528563456895,1.2196631030493015,0.012376187053698626,0.8048618867834145,1.3446025964808832,0.670600408045798,0.6680721963380587,1.1024377085108323,0.6501775026017929,0.25524341161423497,0.2553316521169565,0.00034571118668054614,0.14317118644880647,0.14342755372652471,0.0017906345828174969,0.3244979939161841,0.3248879522905662,0.0012017281514622503,0.311,0.3111,0.0003215434083600932,0.2911,0.2911,0.0,2.4545,2.4543999999999997,4.0741495212960294e-05,2.6729217365268565,2.673558622849428,0.00023827346452686457,0.4071477564865804,0.6485790112575869,0.592981911172496,with tail term
dataset121,"KDE, Variable",76.4611,0.001,0.25447364499225444,9.902167897658948,True,0.32950985351005707,0.29486828987766706,1.2047528563456895,1.2651565397452569,0.050137821281276335,0.8048618867834145,2.284050361140001,1.8378165231156374,0.6680721963380587,1.8053500016684905,1.7023276998567758,0.25524341161423497,0.2558384746421791,0.0023313550942639376,0.14317118644880647,0.14446935438763608,0.009067243004889104,0.3244979939161841,0.32716876258483674,0.008230462803238367,0.311,0.3114,0.0012861736334405514,0.2911,0.2907,0.001374098248024773,2.4545,2.4530000000000003,0.000611122428192957,2.6729217365268565,2.6793301515397294,0.0023975318563572677,0.4071477564865804,0.8429922540222564,1.070482375481397,with tail term
dataset121,"KDE, Variable",76.4611,0.01,0.25447364499225444,9.902167897658948,True,1.005061814298668,2.949571337060306,1.2047528563456895,1.8759942104114733,0.557161039735422,0.8048618867834145,7.0997284942369605,7.821051923095313,0.6680721963380587,3.784515141269937,4.6648295828118735,0.25524341161423497,0.2618633705167284,0.02593586592745673,0.14317118644880647,0.15734894011838169,0.09902658503598234,0.3244979939161841,0.32975725121592164,0.016207364601138224,0.311,0.3172,0.01993569131832792,0.2911,0.2877,0.011679835108210284,2.4545,2.4401,0.005866775310653798,2.6729217365268565,2.7414810213147898,0.025649566858256725,0.4071477564865804,0.9811448910350599,1.4098005586514841,with tail term
dataset121,"KDE, Variable",106.7384,0.0001,0.25447364499225444,9.902167897658948,True,0.26501555861303167,0.04142634739679267,1.2047528563456895,1.2257923439824743,0.01746373750098645,0.8048618867834145,1.7117385743497904,1.1267482066900418,0.6680721963380587,1.3964343820165546,1.0902447215598974,0.25524341161423497,0.25533308124872356,0.0003513102803378543,0.14317118644880647,0.14343472927904455,0.0018407532742791993,0.3244979939161841,0.3248879522905662,0.0012017281514622503,0.311,0.3111,0.0003215434083600932,0.2911,0.2911,0.0,2.4545,2.4543999999999997,4.0741495212960294e-05,2.6729217365268565,2.673558622849428,0.00023827346452686457,0.4071477564865804,0.7491722661842407,0.8400500905349663,with tail term
dataset121,"KDE, Variable",106.7384,0.001,0.25447364499225444,9.902167897658948,True,0.35993776098813435,0.41444023014285025,1.2047528563456895,1.2893292147281545,0.07020224765351944,0.8048618867834145,3.1036000035726974,2.856065313237854,0.6680721963380587,2.407143162599529,2.603118309359283,0.25524341161423497,0.2558474557347083,0.002366541477616091,0.14317118644880647,0.1445130041004445,0.009372120780166953,0.3244979939161841,0.32716876258483674,0.008230462803238367,0.311,0.3114,0.0012861736334405514,0.2911,0.2907,0.001374098248024773,2.4545,2.4530000000000003,0.000611122428192957,2.6729217365268565,2.6793301515397294,0.0023975318563572677,0.4071477564865804,0.9083363186857427,1.230974638111954,with tail term
dataset121,"KDE, Variable",106.7384,0.01,0.25447364499225444,9.902167897658948,True,1.3093515447817623,4.145332613212719,1.2047528563456895,2.1451631363694745,0.7805835653930547,0.8048618867834145,9.92487889948392,11.331157758193946,0.6680721963380587,4.626631294942455,5.925346272906831,0.25524341161423497,0.2619691033452468,0.02635010905267475,0.14317118644880647,0.15781699409124209,0.10229577616633426,0.3244979939161841,0.32975725121592164,0.016207364601138224,0.311,0.3172,0.01993569131832792,0.2911,0.2877,0.011679835108210284,2.4545,2.4401,0.005866775310653798,2.6729217365268565,2.7414810213147898,0.025649566858256725,0.4071477564865804,0.9902572928664087,1.4321816271608208,with tail term
dataset121,"KDE, Variable",149.005,0.0001,0.25447364499225444,9.902167897658948,True,0.26926154121260665,0.05811170041126385,1.2047528563456895,1.2343486609204455,0.024565872094735923,0.8048618867834145,2.2638260399774754,1.8126888316512657,0.6680721963380587,1.8340247870397943,1.7452493863578464,0.25524341161423497,0.25533411939411094,0.0003553775562797171,0.14317118644880647,0.1434399906793435,0.0018775022908197627,0.3244979939161841,0.3248879522905662,0.0012017281514622503,0.311,0.3111,0.0003215434083600932,0.2911,0.2911,0.0,2.4545,2.4543999999999997,4.0741495212960294e-05,2.6729217365268565,2.673558622849428,0.00023827346452686457,0.4071477564865804,0.8394285830286295,1.0617296046829552,with tail term
dataset121,"KDE, Variable",149.005,0.001,0.25447364499225444,9.902167897658948,True,0.40241461074976226,0.5813606582403092,1.2047528563456895,1.3230738611937287,0.0982118483677522,0.8048618867834145,4.274248199879226,4.310536217537918,0.6680721963380587,3.2305439063113477,3.835620946387393,0.25524341161423497,0.2558540453912241,0.0023923586239789005,0.14317118644880647,0.14454554033615416,0.009599374856330578,0.3244979939161841,0.32716876258483674,0.008230462803238367,0.311,0.3114,0.0012861736334405514,0.2911,0.2907,0.001374098248024773,2.4545,2.4530000000000003,0.000611122428192957,2.6729217365268565,2.6793301515397294,0.0023975318563572677,0.4071477564865804,0.9494873929368677,1.3320462358194594,with tail term
dataset121,"KDE, Variable",149.005,0.01,0.25447364499225444,9.902167897658948,True,1.7341349192461766,5.814595355440283,1.2047528563456895,2.5209184159319475,1.0924776419111473,0.8048618867834145,13.877654305214776,16.24228036275397,0.6680721963380587,5.50499937542977,7.240126449812804,0.25524341161423497,0.2620466175269475,0.026653796349480917,0.14317118644880647,0.15816462865824943,0.10472388042131749,0.3244979939161841,0.32975725121592164,0.016207364601138224,0.311,0.3172,0.01993569131832792,0.2911,0.2877,0.011679835108210284,2.4545,2.4401,0.005866775310653798,2.6729217365268565,2.7414810213147898,0.025649566858256725,0.4071477564865804,0.994991586456247,1.4438095767550714,with tail term
dataset121,"KDE, Variable",208.0084,0.0001,0.25447364499225444,9.902167897658948,True,0.27518885574265756,0.08140414993086467,1.2047528563456895,1.2462931227607144,0.03448032199817865,0.8048618867834145,3.068153828845377,2.8120252421282887,0.6680721963380587,2.4618236053882616,2.6849664136337243,0.25524341161423497,0.2553348705954192,0.0003583206344321288,0.14317118644880647,0.14344382358889216,0.0019042738057016228,0.3244979939161841,0.3248879522905662,0.0012017281514622503,0.311,0.3111,0.0003215434083600932,0.2911,0.2911,0.0,2.4545,2.4543999999999997,4.0741495212960294e-05,2.6729217365268565,2.673558622849428,0.00023827346452686457,0.4071477564865804,0.9058256296220527,1.2248081075989146,with tail term
dataset121,"KDE, Variable",208.0084,0.001,0.25447364499225444,9.902167897658948,True,0.46171152205718,0.8143785462389765,1.2047528563456895,1.3701807700358613,0.1373127383087973,0.8048618867834145,5.9283515557910995,6.3656755937138785,0.6680721963380587,4.326693006818319,5.476385382499768,0.25524341161423497,0.25585884885362564,0.0024111777675218447,0.14317118644880647,0.14456953110404808,0.00976694186816431,0.3244979939161841,0.32716876258483674,0.008230462803238367,0.311,0.3114,0.0012861736334405514,0.2911,0.2907,0.001374098248024773,2.4545,2.4530000000000003,0.000611122428192957,2.6729217365268565,2.6793301515397294,0.0023975318563572677,0.4071477564865804,0.9730980769270099,1.39003669165271,with tail term
dataset121,"KDE, Variable",208.0084,0.01,0.25447364499225444,9.902167897658948,True,2.327124802572522,8.144855855872045,1.2047528563456895,3.0454659088018756,1.5278760641742901,0.8048618867834145,19.402010601765838,23.106012373507816,0.6680721963380587,6.370785680342365,8.536073668778474,0.25524341161423497,0.2621030841524219,0.026875022923429526,0.14317118644880647,0.15842026179468244,0.10650938728742435,0.3244979939161841,0.32975725121592164,0.016207364601138224,0.311,0.3172,0.01993569131832792,0.2911,0.2877,0.011679835108210284,2.4545,2.4401,0.005866775310653798,2.6729217365268565,2.7414810213147898,0.025649566858256725,0.4071477564865804,0.9974308560906243,1.4498006932367797,with tail term
dataset121,"KDE, Variable",290.3761,0.0001,0.25447364499225444,9.902167897658948,True,0.2834632825176567,0.11391999955942238,1.2047528563456895,1.2629673796598206,0.04832071823486689,0.8048618867834145,4.2174717361424765,4.239994346107462,0.6680721963380587,3.3393354444977428,3.99846493058958,0.25524341161423497,0.2553354126338878,0.0003604442483784456,0.14317118644880647,0.14344660273470428,0.0019236851543189958,0.3244979939161841,0.3248879522905662,0.0012017281514622503,0.311,0.3111,0.0003215434083600932,0.2911,0.2911,0.0,2.4545,2.4543999999999997,4.0741495212960294e-05,2.6729217365268565,2.673558622849428,0.00023827346452686457,0.4071477564865804,0.9479396176590076,1.3282447282507663,with tail term
dataset121,"KDE, Variable",290.3761,0.001,0.25447364499225444,9.902167897658948,True,0.5444889684445433,1.1396674239531415,1.2047528563456895,1.4359411793586485,0.1918968872289789,0.8048618867834145,8.252015196151408,9.252709603544684,0.6680721963380587,5.746764083914011,7.602010554269535,0.25524341161423497,0.2558623334929115,0.002424829987823269,0.14317118644880647,0.14458708039189808,0.009889517424638271,0.3244979939161841,0.32716876258483674,0.008230462803238367,0.311,0.3114,0.0012861736334405514,0.2911,0.2907,0.001374098248024773,2.4545,2.4530000000000003,0.000611122428192957,2.6729217365268565,2.6793301515397294,0.0023975318563572677,0.4071477564865804,0.9859370779522171,1.4215707006719402,with tail term
dataset121,"KDE, Variable",290.3761,0.01,0.25447364499225444,9.902167897658948,True,3.1549282649251875,11.39785858775755,1.2047528563456895,3.7777249062234275,2.1356845400493114,0.8048618867834145,27.118445250315073,32.69329035903591,0.6680721963380587,7.178512444259804,9.745114799879088,0.25524341161423497,0.2621440274129669,0.02703543161051787,0.14317118644880647,0.15860687822293243,0.10781283690517769,0.3244979939161841,0.32975725121592164,0.016207364601138224,0.311,0.3172,0.01993569131832792,0.2911,0.2877,0.011679835108210284,2.4545,2.4401,0.005866775310653798,2.6729217365268565,2.7414810213147898,0.025649566858256725,0.4071477564865804,0.9986830931603377,1.452876326222012,with tail term
dataset121,"KDE, Variable",405.36,0.0001,0.25447364499225444,9.902167897658948,True,0.29501424194918346,0.15931157412455416,1.2047528563456895,1.286244357016978,0.06764167459081366,0.8048618867834145,5.841855350655023,6.258208453628822,0.6680721963380587,4.541792792936555,5.798356252260962,0.25524341161423497,0.2553358029517563,0.0003619734469814656,0.14317118644880647,0.1434486109765362,0.0019377120118294032,0.3244979939161841,0.3248879522905662,0.0012017281514622503,0.311,0.3111,0.0003215434083600932,0.2911,0.2911,0.0,2.4545,2.4543999999999997,4.0741495212960294e-05,2.6729217365268565,2.673558622849428,0.00023827346452686457,0.4071477564865804,0.972217879894799,1.3878748302198818,with tail term
dataset121,"KDE, Variable",405.36,0.001,0.25447364499225444,9.902167897658948,True,0.660044882129022,1.5937651899044876,1.2047528563456895,1.5277415857015508,0.26809542526055113,0.8048618867834145,11.50634531166576,13.29604942240491,0.6680721963380587,7.531604441062561,10.273638511445267,0.25524341161423497,0.2558648525449504,0.002434699202558239,0.14317118644880647,0.1445998432420947,0.009978661410332615,0.3244979939161841,0.32716876258483674,0.008230462803238367,0.311,0.3114,0.0012861736334405514,0.2911,0.2907,0.001374098248024773,2.4545,2.4530000000000003,0.000611122428192957,2.6729217365268565,2.6793301515397294,0.0023975318563572677,0.4071477564865804,0.9927194194664167,1.438228882882563,with tail term
dataset121,"KDE, Variable",405.36,0.01,0.25447364499225444,9.902167897658948,True,4.310527888369127,15.938995346651042,1.2047528563456895,4.799945938662373,2.984174773589485,0.8048618867834145,37.893689653246426,46.080984048935946,0.6680721963380587,7.894607592977697,10.816997678171385,0.25524341161423497,0.26217361456021565,0.027151348989390253,0.14317118644880647,0.15874239310089627,0.108759360303671,0.3244979939161841,0.32975725121592164,0.016207364601138224,0.311,0.3172,0.01993569131832792,0.2911,0.2877,0.011679835108210284,2.4545,2.4401,0.005866775310653798,2.6729217365268565,2.7414810213147898,0.025649566858256725,0.4071477564865804,0.9993250535711373,1.4544530521171497,with tail term
dataset121,"KDE, Variable",565.8756,0.0001,0.25447364499225444,9.902167897658948,True,0.3111391898186859,0.22267745969589972,1.2047528563456895,1.3187386278381152,0.09461340630324172,0.8048618867834145,8.124133359973541,9.093822919657912,0.6680721963380587,6.160533397957641,8.221358756921356,0.25524341161423497,0.25533608360368104,0.0003630729931871076,0.14317118644880647,0.1434500585970311,0.001947823127975239,0.3244979939161841,0.3248879522905662,0.0012017281514622503,0.311,0.3111,0.0003215434083600932,0.2911,0.2911,0.0,2.4545,2.4543999999999997,4.0741495212960294e-05,2.6729217365268565,2.673558622849428,0.00023827346452686457,0.4071477564865804,0.985458944786956,1.4203963526431385,with tail term
dataset121,"KDE, Variable",565.8756,0.001,0.25447364499225444,9.902167897658948,True,0.8213590256944321,2.227678157867516,1.2047528563456895,1.6558934165611288,0.37446730907437653,0.8048618867834145,16.05691291692017,18.949898461574225,0.6680721963380587,9.696827559267861,13.514640202690101,0.25524341161423497,0.2558666689372133,0.0024418155165561,0.14317118644880647,0.144609085971957,0.010043218602960247,0.3244979939161841,0.32716876258483674,0.008230462803238367,0.311,0.3114,0.0012861736334405514,0.2911,0.2907,0.001374098248024773,2.4545,2.4530000000000003,0.000611122428192957,2.6729217365268565,2.6793301515397294,0.0023975318563572677,0.4071477564865804,0.9962489710564264,1.4468978526454506,with tail term
dataset121,"KDE, Variable",565.8756,0.01,0.25447364499225444,9.902167897658948,True,5.923725850240535,22.278347156228453,1.2047528563456895,6.226949391794117,4.168652939061693,0.8048618867834145,52.93805999111188,64.77284980243738,0.6680721963380587,8.501443750429981,11.725336867825689,0.25524341161423497,0.2621949429809032,0.02723491009113482,0.14317118644880647,0.15884042406874185,0.1094440718736253,0.3244979939161841,0.32975725121592164,0.016207364601138224,0.311,0.3172,0.01993569131832792,0.2911,0.2877,0.011679835108210284,2.4545,2.4401,0.005866775310653798,2.6729217365268565,2.7414810213147898,0.025649566858256725,0.4071477564865804,0.9996540310209455,1.4552610571830429,with tail term
dataset121,"KDE, Variable",789.9526,0.0001,0.25447364499225444,9.902167897658948,True,0.33364934073071106,0.31113515012867654,1.2047528563456895,1.3641000676158554,0.13226547704855007,0.8048618867834145,11.320792954058971,13.065510045831449,0.6680721963380587,8.299092729938213,11.422448914097146,0.25524341161423497,0.2553362851883856,0.00036386276755685586,0.14317118644880647,0.1434511002569484,0.0019550987533516278,0.3244979939161841,0.3248879522905662,0.0012017281514622503,0.311,0.3111,0.0003215434083600932,0.2911,0.2911,0.0,2.4545,2.4543999999999997,4.0741495212960294e-05,2.6729217365268565,2.673558622849428,0.00023827346452686457,0.4071477564865804,0.9924661689090664,1.437606871454732,with tail term
dataset121,"KDE, Variable",789.9526,0.001,0.25447364499225444,9.902167897658948,True,1.0465508114943904,3.1126098206603867,1.2047528563456895,1.834791154871441,0.5229606181941847,0.8048618867834145,22.414861609614295,26.849326670435392,0.6680721963380587,12.216573831905595,17.28630782551494,0.25524341161423497,0.2558679762552307,0.0024469373647915873,0.14317118644880647,0.14461575902378607,0.010089827505174238,0.3244979939161841,0.32716876258483674,0.008230462803238367,0.311,0.3114,0.0012861736334405514,0.2911,0.2907,0.001374098248024773,2.4545,2.4530000000000003,0.000611122428192957,2.6729217365268565,2.6793301515397294,0.0023975318563572677,0.4071477564865804,0.9980719748004043,1.451375351820957,with tail term
dataset121,"KDE, Variable",789.9526,0.01,0.25447364499225444,9.902167897658948,True,8.175722628917432,31.12797391716648,1.2047528563456895,8.2190215191599,5.822163961569849,0.8048618867834145,73.94139126243961,90.86842174617342,0.6680721963380587,8.996373971046307,12.466170303686685,0.25524341161423497,0.2622102907359061,0.027295039968360187,0.14317118644880647,0.1589111438954977,0.10993802480165486,0.3244979939161841,0.32975725121592164,0.016207364601138224,0.311,0.3172,0.01993569131832792,0.2911,0.2877,0.011679835108210284,2.4545,2.4401,0.005866775310653798,2.6729217365268565,2.7414810213147898,0.025649566858256725,0.4071477564865804,0.9998226259317566,1.4556751449635232,with tail term
dataset121,"KDE, Variable",1102.7602,0.0001,0.25447364499225444,9.902167897658948,True,0.3650731244553073,0.434620565388684,1.2047528563456895,1.4274238496613993,0.18482711382907652,0.8048618867834145,15.790941218664393,18.619442140280746,0.6680721963380587,11.06254545376286,15.558907127703572,0.25524341161423497,0.2553364298710784,0.0003644296095838896,0.14317118644880647,0.1434518488498062,0.0019603274091751456,0.3244979939161841,0.3248879522905662,0.0012017281514622503,0.311,0.3111,0.0003215434083600932,0.2911,0.2911,0.0,2.4545,2.4543999999999997,4.0741495212960294e-05,2.6729217365268565,2.673558622849428,0.00023827346452686457,0.4071477564865804,0.9961166708516428,1.4465729086842574,with tail term
dataset121,"KDE, Variable",1102.7602,0.001,0.25447364499225444,9.902167897658948,True,1.3609146817456026,4.347959242643872,1.2047528563456895,2.0845292902725627,0.7302546985407867,0.8048618867834145,31.294341495360033,37.881629269869045,0.6680721963380587,15.012665756914426,21.471621838484204,0.25524341161423497,0.2558689159249416,0.0024506188298877196,0.14317118644880647,0.14462056620463182,0.010123403959801647,0.3244979939161841,0.32716876258483674,0.008230462803238367,0.311,0.3114,0.0012861736334405514,0.2911,0.2907,0.001374098248024773,2.4545,2.4530000000000003,0.000611122428192957,2.6729217365268565,2.6793301515397294,0.0023975318563572677,0.4071477564865804,0.9990100848229087,1.4536794539744344,with tail term
dataset121,"KDE, Variable",1102.7602,0.01,0.25447364499225444,9.902167897658948,True,11.319471519377007,43.4819011403776,1.2047528563456895,10.999919608603246,8.130436629109722,0.8048618867834145,103.26285729353484,127.29885349176996,0.6680721963380587,9.387601088718048,13.05177635018315,0.25524341161423497,0.26222132076722426,0.027338253743197236,0.14317118644880647,0.15896206014075467,0.11029365673095491,0.3244979939161841,0.32975725121592164,0.016207364601138224,0.311,0.3172,0.01993569131832792,0.2911,0.2877,0.011679835108210284,2.4545,2.4401,0.005866775310653798,2.6729217365268565,2.7414810213147898,0.025649566858256725,0.4071477564865804,0.9999090447232752,1.4558873990902912,with tail term
dataset121,"KDE, Variable",1539.4343,0.0001,0.25447364499225444,9.902167897658948,True,0.40894019910816215,0.6070041324735584,1.2047528563456895,1.5158227745383335,0.2582022665928307,0.8048618867834145,22.036699423945198,26.379479368831383,0.6680721963380587,14.537780929341693,20.76079323316917,0.25524341161423497,0.2553365336569692,0.00036483622494024314,0.14317118644880647,0.14345238633867738,0.001964081578463815,0.3244979939161841,0.3248879522905662,0.0012017281514622503,0.311,0.3111,0.0003215434083600932,0.2911,0.2911,0.0,2.4545,2.4543999999999997,4.0741495212960294e-05,2.6729217365268565,2.673558622849428,0.00023827346452686457,0.4071477564865804,0.9980033822702091,1.4512068809670655,with tail term
dataset121,"KDE, Variable",1539.4343,0.001,0.25447364499225444,9.902167897658948,True,1.7997613804723902,6.072486349331659,1.2047528563456895,2.4331594882343826,1.0196337160924036,0.8048618867834145,43.69273324710368,53.286001069971455,0.6680721963380587,17.957200692507513,25.87913191259465,0.25524341161423497,0.2558695906913205,0.0024532624490691732,0.14317118644880647,0.14462402373899913,0.010147553612068089,0.3244979939161841,0.32716876258483674,0.008230462803238367,0.311,0.3114,0.0012861736334405514,0.2911,0.2907,0.001374098248024773,2.4545,2.4530000000000003,0.000611122428192957,2.6729217365268565,2.6793301515397294,0.0023975318563572677,0.4071477564865804,0.9994919883351548,1.4548630623931686,with tail term
dataset121,"KDE, Variable",1539.4343,0.01,0.25447364499225444,9.902167897658948,True,15.70809235042207,60.72777676407389,1.2047528563456895,14.882006138468114,11.35274609234701,0.8048618867834145,144.19597066323934,178.15616707794484,0.6680721963380587,9.689283106160728,13.50334733172722,0.25524341161423497,0.26222924049059637,0.027369281863852814,0.14317118644880647,0.1589986660653372,0.11054933614166934,0.3244979939161841,0.32975725121592164,0.016207364601138224,0.311,0.3172,0.01993569131832792,0.2911,0.2877,0.011679835108210284,2.4545,2.4401,0.005866775310653798,2.6729217365268565,2.7414810213147898,0.025649566858256725,0.4071477564865804,0.999953351408344,1.4559962212177937,with tail term
dataset121,"KDE, Variable",2149.0237,0.0001,0.25447364499225444,9.902167897658948,True,0.47017787625628604,0.8476486092325871,1.2047528563456895,1.6392261263203036,0.3606326954828544,0.8048618867834145,30.759617954738303,37.21726243948188,0.6680721963380587,18.764719193310306,27.087861306257626,0.25524341161423497,0.25533660807694636,0.00036512778967333484,0.14317118644880647,0.14345277200250792,0.001966775303647657,0.3244979939161841,0.3248879522905662,0.0012017281514622503,0.311,0.3111,0.0003215434083600932,0.2911,0.2911,0.0,2.4545,2.4543999999999997,4.0741495212960294e-05,2.6729217365268565,2.673558622849428,0.00023827346452686457,0.4071477564865804,0.998974671846385,1.4535924757805,with tail term
dataset121,"KDE, Variable",2149.0237,0.001,0.25447364499225444,9.902167897658948,True,2.412383796147714,8.47989642000507,1.2047528563456895,2.919841142120937,1.423601759266652,0.8048618867834145,61.002667813516304,74.79271526610616,0.6680721963380587,20.892461214244246,30.272759634008505,0.25524341161423497,0.25587007489989355,0.0024551594953827614,0.14317118644880647,0.14462650770841232,0.010164903258144219,0.3244979939161841,0.32716876258483674,0.008230462803238367,0.311,0.3114,0.0012861736334405514,0.2911,0.2907,0.001374098248024773,2.4545,2.4530000000000003,0.000611122428192957,2.6729217365268565,2.6793301515397294,0.0023975318563572677,0.4071477564865804,0.9997393441683958,1.455470595725479,with tail term
dataset121,"KDE, Variable",2149.0237,0.01,0.25447364499225444,9.902167897658948,True,21.83453130408914,84.80272155395002,1.2047528563456895,20.301330981614207,15.851033699304201,0.8048618867834145,201.33848481688807,249.1528375526962,0.6680721963380587,9.917501714504787,13.844955034599765,0.25524341161423497,0.262234923215354,0.027391545806814986,0.14317118644880647,0.15902495667873473,0.11073296675932116,0.3244979939161841,0.32975725121592164,0.016207364601138224,0.311,0.3172,0.01993569131832792,0.2911,0.2877,0.011679835108210284,2.4545,2.4401,0.005866775310653798,2.6729217365268565,2.7414810213147898,0.025649566858256725,0.4071477564865804,0.9999760719284004,1.4560520253323799,with tail term
dataset121,"KDE, Variable",3000.0,0.0001,0.25447364499225444,9.902167897658948,True,0.5556646314310849,1.1835842035743938,1.2047528563456895,1.8114950793352647,0.5036238094757234,0.8048618867834145,42.93949214552839,52.3501372727856,0.6680721963380587,23.703896651646,34.48104049468828,0.25524341161423497,0.2553366614250108,0.0003653367982590163,0.14317118644880647,0.14345304859769126,0.0019687072229828332,0.3244979939161841,0.3248879522905662,0.0012017281514622503,0.311,0.3111,0.0003215434083600932,0.2911,0.2911,0.0,2.4545,2.4543999999999997,4.0741495212960294e-05,2.6729217365268565,2.673558622849428,0.00023827346452686457,0.4071477564865804,0.9994737489594293,1.454818264465549,with tail term
dataset121,"KDE, Variable",3000.0,0.001,0.25447364499225444,9.902167897658948,True,3.2675942893327936,11.840600013538735,1.2047528563456895,3.5992403460806264,1.987534187715482,0.8048618867834145,85.16846797296967,104.81749412106055,0.6680721963380587,23.66290099679323,34.41967638602236,0.25524341161423497,0.2558704221935665,0.002456520132551551,0.14317118644880647,0.14462829078389453,0.010177357408496927,0.3244979939161841,0.32716876258483674,0.008230462803238367,0.311,0.3114,0.0012861736334405514,0.2911,0.2907,0.001374098248024773,2.4545,2.4530000000000003,0.000611122428192957,2.6729217365268565,2.6793301515397294,0.0023975318563572677,0.4071477564865804,0.9998662673530225,1.455782333129418,with tail term
dataset121,"KDE, Variable",3000.0,0.01,0.25447364499225444,9.902167897658948,True,30.38693613744942,118.41093600625842,1.2047528563456895,27.86661509501666,22.130565699211477,0.8048618867834145,281.1088827454435,348.2635039147889,0.6680721963380587,10.08765800176835,14.099652488252604,0.25524341161423497,0.26223899887270413,0.02740751353473531,0.14317118644880647,0.15904382487663776,0.11086475443511709,0.3244979939161841,0.32975725121592164,0.016207364601138224,0.311,0.3172,0.01993569131832792,0.2911,0.2877,0.011679835108210284,2.4545,2.4401,0.005866775310653798,2.6729217365268565,2.7414810213147898,0.025649566858256725,0.4071477564865804,0.9999877249878298,1.456080646537443,with tail term
dataset121,"Lognormal, Variable",1.0,0.0001,0.3337426990860285,9.902167897658948,False,0.3337392764177983,1.0255410049543319e-05,1.0533561684032333,1.053351003482855,4.903299124459454e-06,1.2101553582850753,1.2100934100483876,5.11903172295918e-05,1.148856763348651,1.148803585934101,4.628724506527772e-05,0.21644713144051403,0.21644994509629195,1.2999274969350371e-05,0.14564093485358423,0.14563491484688282,4.133457882198234e-05,0.4029456261044014,0.40293460311275936,2.735602753300991e-05,0.2007,0.2007,0.0,0.4273,0.4272,0.00023402761525857473,2.8680000000000003,2.8678999999999997,3.486750348697877e-05,3.1156705721142615,3.115525776073708,4.6473475677937774e-05,0.6609609049855003,0.6609378808116224,3.4834395959318914e-05,with tail term
dataset121,"Lognormal, Variable",1.0,0.001,0.3337426990860285,9.902167897658948,False,0.33370961222802364,9.913882189920378e-05,1.0533561684032333,1.0533045222528434,4.903009251673452e-05,1.2101553582850753,1.209535741581523,0.0005120141800885931,1.148856763348651,1.1483248348678188,0.0004630067888374784,0.21644713144051403,0.21647526803240671,0.00012999290729994473,0.14564093485358423,0.14558072202557737,0.00041343340776681104,0.4029456261044014,0.402835339859895,0.0002737000661171091,0.2007,0.2006,0.0004982561036372147,0.4273,0.4269,0.0009361104610344288,2.8680000000000003,2.8673,0.00024407252440730295,3.1156705721142615,3.1142221325407244,0.00046488854967555935,0.6609609049855003,0.6607305237227648,0.0003485550521942159,with tail term
dataset121,"Lognormal, Variable",1.0,0.01,0.3337426990860285,9.902167897658948,False,0.3335363547092546,0.0006182738299264658,1.0533561684032333,1.0528399583088017,0.0004900622504675752,1.2101553582850753,1.2039457015454351,0.005131288885453442,1.148856763348651,1.1435220443944374,0.004643502240143671,0.21644713144051403,0.21672849214939538,0.0012999050022461346,0.14564093485358423,0.14503753312489173,0.004143077832472791,0.4029456261044014,0.4012691792724074,0.004160479040811358,0.2007,0.1991,0.007972097658196266,0.4273,0.4242,0.007254856073016596,2.8680000000000003,2.8657,0.0008019525801954019,3.1156705721142615,3.1011379879192367,0.0046643519777391385,0.6609609049855003,0.6586430371533989,0.003506815326925069,with tail term
dataset121,"Lognormal, Variable",1.396,0.0001,0.3337426990860285,9.902167897658948,False,0.3337017425193753,0.00012271898910558014,1.0533561684032333,1.0533915053427159,3.354700009599884e-05,1.2101553582850753,1.2100988501795877,4.669491821909259e-05,1.148856763348651,1.1487645799705666,8.023922652967016e-05,0.21644713144051403,0.21645661390749488,4.380962185887891e-05,0.14564093485358423,0.14563805872044092,1.9748109597113826e-05,0.4029456261044014,0.4029360372892205,2.37967967876332e-05,0.2007,0.2007,0.0,0.4273,0.4272,0.00023402761525857473,2.8680000000000003,2.8678999999999997,3.486750348697877e-05,3.1156705721142615,3.115525776073708,4.6473475677937774e-05,0.6609609049855003,0.6609396839179921,3.210638836301894e-05,with tail term
dataset121,"Lognormal, Variable",1.396,0.001,0.3337426990860285,9.902167897658948,False,0.3333350727951132,0.001221378900666866,1.0533561684032333,1.0537095377619015,0.0003354699666341825,1.2101553582850753,1.2095901203496733,0.0004670788188741149,1.148856763348651,1.1479350589526456,0.0008022796447826265,0.21644713144051403,0.2165419565325517,0.00043809816931547813,0.14564093485358423,0.14561214845294015,0.00019765322622390392,0.4029456261044014,0.40284969133350923,0.00023808366359408348,0.2007,0.2009,0.0009965122072745677,0.4273,0.4267,0.0014041656915515783,2.8680000000000003,2.8665000000000003,0.000523012552301275,3.1156705721142615,3.1142221325407244,0.00046488854967555935,0.6609609049855003,0.6607485472055199,0.00032128644580736357,with tail term
dataset121,"Lognormal, Variable",1.396,0.01,0.3337426990860285,9.902167897658948,False,0.3298551863508327,0.011648233042526258,1.0533561684032333,1.056889781059785,0.0033546228356058057,1.2101553582850753,1.2044871979611977,0.004683828638258419,1.148856763348651,1.1396526104674898,0.008011575659208642,0.21644713144051403,0.2173954074951254,0.004381097814973735,0.14564093485358423,0.14535052729648204,0.0019939967935123652,0.4029456261044014,0.39953512221699555,0.00846393077988686,0.2007,0.2018,0.005480817140010053,0.4273,0.4231,0.009829159840861308,2.8680000000000003,2.8575999999999997,0.003626220362622256,3.1156705721142615,3.1011379879192367,0.0046643519777391385,0.6609609049855003,0.658822562791773,0.0032352022299628096,with tail term
dataset121,"Lognormal, Variable",1.9488,0.0001,0.3337426990860285,9.902167897658948,False,0.33364886853308096,0.0002811463837396229,1.0533561684032333,1.0534467363311875,8.598034612683226e-05,1.2101553582850753,1.2101280349346124,2.257838241659251e-05,1.148856763348651,1.1487320556415552,0.00010854939542883828,0.21644713144051403,0.2164639402683114,7.765789126193633e-05,0.14564093485358423,0.14564462580540782,2.5342818811918444e-05,0.4029456261044014,0.4029431268116769,6.2025557856604965e-06,0.2007,0.2007,0.0,0.4273,0.4272,0.00023402761525857473,2.8680000000000003,2.8678999999999997,3.486750348697877e-05,3.1156705721142615,3.1155257798052136,4.647227802058451e-05,0.6609609049855003,0.6609512304355345,1.4637098643561104e-05,with tail term
dataset121,"Lognormal, Variable",1.9488,0.001,0.3337426990860285,9.902167897658948,False,0.33280770334294435,0.002801546657483977,1.0533561684032333,1.0542619292780098,0.0008598809234197398,1.2101553582850753,1.209881856848,0.00022600522751289152,1.148856763348651,1.1476103075035287,0.0010849532203555702,0.21644713144051403,0.21661523108382089,0.0007766314212071495,0.14564093485358423,0.14567777743282131,0.00025296857146737424,0.4029456261044014,0.4034118035680607,0.0011569239953446245,0.2007,0.2012,0.00249128051818635,0.4273,0.4267,0.0014041656915515783,2.8680000000000003,2.866,0.0006973500697350849,3.1156705721142615,3.114222170617752,0.0004648763285414979,0.6609609049855003,0.6608640026856433,0.00014660821710652265,with tail term
dataset121,"Lognormal, Variable",1.9488,0.01,0.3337426990860285,9.902167897658948,False,0.324741698871868,0.026969879008020864,1.0533561684032333,1.0624206564768328,0.00860534009815523,1.2101553582850753,1.2073925237566414,0.0022830411893139803,1.148856763348651,1.1364543002774061,0.010795482489126517,0.21644713144051403,0.21812910621922516,0.00777083423336281,0.14564093485358423,0.1460024903558341,0.002482512918592189,0.4029456261044014,0.398546554476715,0.010917283481187609,0.2007,0.2059,0.02590931738913807,0.4273,0.4231,0.009829159840861308,2.8680000000000003,2.8525,0.005404463040446405,3.1156705721142615,3.101138454114505,0.004664202348547805,0.6609609049855003,0.6599757681796761,0.0014904615362172585,with tail term
dataset121,"Lognormal, Variable",2.7204,0.0001,0.3337426990860285,9.902167897658948,False,0.3336709107489834,0.00021510084637558105,1.0533561684032333,1.053522777141128,0.00015816942349823276,1.2101553582850753,1.2102107882873208,4.580403818899337e-05,1.148856763348651,1.1487276920309082,0.00011234761535167814,0.21644713144051403,0.21647171965042047,0.00011359914886745887,0.14564093485358423,0.14565568656821218,0.00010128824456378037,0.4029456261044014,0.4029785514201861,8.171156019998059e-05,0.2007,0.2007,0.0,0.4273,0.4272,0.00023402761525857473,2.8680000000000003,2.8678999999999997,3.486750348697877e-05,3.1156705721142615,3.1157666963349953,3.085185628869821e-05,0.6609609049855003,0.660982168150472,3.217007966924686e-05,with tail term
dataset121,"Lognormal, Variable",2.7204,0.001,0.3337426990860285,9.902167897658948,False,0.33302812596467907,0.002141089897415949,1.0533561684032333,1.0550223026203485,0.0015817387006341955,1.2101553582850753,1.2107085607133674,0.0004571333957287135,1.148856763348651,1.1475667933335083,0.0011228292823752771,0.21644713144051403,0.2166930200289843,0.0011360214701567875,0.14564093485358423,0.14578819457459255,0.0010111149118643221,0.4029456261044014,0.40490152314326033,0.004853997443198929,0.2007,0.2013,0.0029895366218237033,0.4273,0.4267,0.0014041656915515783,2.8680000000000003,2.8659,0.0007322175732219088,3.1156705721142615,3.1166210381740664,0.0003050598700362603,0.6609609049855003,0.6611731074619795,0.0003210514795635224,with tail term
dataset121,"Lognormal, Variable",2.7204,0.01,0.3337426990860285,9.902167897658948,False,0.326946013862154,0.02036504541518832,1.0533561684032333,1.0700175837892978,0.015817456512663954,1.2101553582850753,1.2155723365911837,0.004476266843775244,1.148856763348651,1.1360302438081689,0.011164594185872106,0.21644713144051403,0.21890624344770346,0.011361259402346316,0.14564093485358423,0.147087453031739,0.009932085231456323,0.4029456261044014,0.4074791056332423,0.011250846851645235,0.2007,0.2075,0.033881415047334336,0.4273,0.4231,0.009829159840861308,2.8680000000000003,2.8509,0.005962343096234349,3.1156705721142615,3.124232329737151,0.002747966264315183,0.6609609049855003,0.66303812056119,0.0031427207872987703,with tail term
dataset121,"Lognormal, Variable",3.7977,0.0001,0.3337426990860285,9.902167897658948,False,0.33377881059076886,0.00010820163209340357,1.0533561684032333,1.0536201583681764,0.00025061795132714967,1.2101553582850753,1.210391303473155,0.00019497098985220355,1.148856763348651,1.1487928489786892,5.563301884178941e-05,0.21644713144051403,0.21647908036366054,0.0001476061287293523,0.14564093485358423,0.14567013143142785,0.00020046958551156864,0.4029456261044014,0.4030720792347953,0.0003138218216101961,0.2007,0.2007,0.0,0.4273,0.4272,0.00023402761525857473,2.8680000000000003,2.8678999999999997,3.486750348697877e-05,3.1156705721142615,3.1182181897691748,0.000817678761585024,0.6609609049855003,0.6610481676991291,0.00013202401680733881,with tail term
dataset121,"Lognormal, Variable",3.7977,0.001,0.3337426990860285,9.902167897658948,False,0.3341071243825336,0.0010919348872742301,1.0533561684032333,1.0559974729137467,0.0025075132132346824,1.2101553582850753,1.2125121951661852,0.0019475490192018747,1.148856763348651,1.148215053792295,0.0005585635884542931,0.21644713144051403,0.21676673988388315,0.0014766120541401396,0.14564093485358423,0.1459325381487029,0.0020022069716308507,0.4029456261044014,0.4038535799396975,0.002253291204756446,0.2007,0.2013,0.0029895366218237033,0.4273,0.4267,0.0014041656915515783,2.8680000000000003,2.8659,0.0007322175732219088,3.1156705721142615,3.1413006524390283,0.008226184293731212,0.6609609049855003,0.6618312207430902,0.0013167431704738761,with tail term
dataset121,"Lognormal, Variable",3.7977,0.01,0.3337426990860285,9.902167897658948,False,0.3377359980407001,0.011965202431715966,1.0533561684032333,1.0799175991056482,0.0252160014809416,1.2101553582850753,1.2334970688000864,0.01928819333419215,1.148856763348651,1.142214063204107,0.005782008999261339,0.21644713144051403,0.21965528800719977,0.014821894590769564,0.14564093485358423,0.14852113908440295,0.019776062504090967,0.4029456261044014,0.4273971482035169,0.06068193948525506,0.2007,0.2079,0.03587443946188347,0.4273,0.4231,0.009829159840861308,2.8680000000000003,2.8505000000000003,0.006101813110181335,3.1156705721142615,3.3731492180193476,0.08263988118948143,0.6609609049855003,0.6694589815791718,0.01285715468127112,with tail term
dataset121,"Lognormal, Variable",5.3015,0.0001,0.3337426990860285,9.902167897658948,False,0.33392994437328044,0.0005610468416679311,1.0533561684032333,1.0537766865931826,0.0003992174751173827,1.2101553582850753,1.2108582647788577,0.0005808398805741431,1.148856763348651,1.1490653382108058,0.00018154992755302764,0.21644713144051403,0.2164871918630906,0.00018508179022726053,0.14564093485358423,0.14569039454442545,0.0003396002016256081,0.4029456261044014,0.4035838884529131,0.0015839912562950842,0.2007,0.2007,0.0,0.4273,0.4272,0.00023402761525857473,2.8680000000000003,2.8678999999999997,3.486750348697877e-05,3.1156705721142615,3.118285446158744,0.0008392652509177298,0.6609609049855003,0.6612207474002045,0.0003931282663532509,with tail term
dataset121,"Lognormal, Variable",5.3015,0.001,0.3337426990860285,9.902167897658948,False,0.3356184622076491,0.005620386983018674,1.0533561684032333,1.0575561946154324,0.003987280217446124,1.2101553582850753,1.2171433995788132,0.005774499320187129,1.148856763348651,1.150901867698305,0.0017801212604545028,0.21644713144051403,0.21684750083655607,0.0018497329734863091,0.14564093485358423,0.1461336066037308,0.00338278349175559,0.4029456261044014,0.4047288375449429,0.004425439376973103,0.2007,0.2013,0.0029895366218237033,0.4273,0.4267,0.0014041656915515783,2.8680000000000003,2.8659,0.0007322175732219088,3.1156705721142615,3.1421156560631998,0.008487766385068412,0.6609609049855003,0.6635336934787186,0.0038924972321543465,with tail term
dataset121,"Lognormal, Variable",5.3015,0.01,0.3337426990860285,9.902167897658948,False,0.352849376291856,0.057249723389162066,1.0533561684032333,1.09487422665013,0.039415023609567106,1.2101553582850753,1.276295346268922,0.05465412976196247,1.148856763348651,1.1657004203796695,0.014661233295892404,0.21644713144051403,0.220428565137738,0.01839448585308784,0.14564093485358423,0.15038781793193107,0.03259305553839636,0.4029456261044014,0.4154910333238657,0.031134243448057396,0.2007,0.2079,0.03587443946188347,0.4273,0.4231,0.009829159840861308,2.8680000000000003,2.8505000000000003,0.006101813110181335,3.1156705721142615,3.414746449248584,0.09599085340122238,0.6609609049855003,0.6843764156845258,0.0354264685284815,with tail term
dataset121,"Lognormal, Variable",7.4008,0.0001,0.3337426990860285,9.902167897658948,False,0.33414092665607836,0.0011932173232266534,1.0533561684032333,1.0540043029697859,0.00061530428737608,1.2101553582850753,1.2118685963482239,0.0014157174543080586,1.148856763348651,1.149775757967625,0.0007999209721283172,0.21644713144051403,0.2164951288559339,0.00022175121980330025,0.14564093485358423,0.14571406360224332,0.0005021167210482589,0.4029456261044014,0.403593145594253,0.0016069649300123564,0.2007,0.2007,0.0,0.4273,0.4272,0.00023402761525857473,2.8680000000000003,2.8678999999999997,3.486750348697877e-05,3.1156705721142615,3.1182854463126506,0.0008392653003153352,0.6609609049855003,0.6615940696738813,0.000957945747782054,with tail term
dataset121,"Lognormal, Variable",7.4008,0.001,0.3337426990860285,9.902167897658948,False,0.3377282850356212,0.011942091798584442,1.0533561684032333,1.0598303909149447,0.006146280532562453,1.2101553582850753,1.2271363355463918,0.014032063854495893,1.148856763348651,1.1578610559440676,0.007837611165008203,0.21644713144051403,0.2169268307747637,0.002216242511772529,0.14564093485358423,0.14636909200099305,0.004999673671010458,0.4029456261044014,0.4038411944592285,0.00222255385543033,0.2007,0.2013,0.0029895366218237033,0.4273,0.4267,0.0014041656915515783,2.8680000000000003,2.8659,0.0007322175732219088,3.1156705721142615,3.142115658444198,0.008487767149269252,0.6609609049855003,0.6671727768947019,0.009398244075173938,with tail term
dataset121,"Lognormal, Variable",7.4008,0.01,0.3337426990860285,9.902167897658948,False,0.3739476045707561,0.12046677154236123,1.0533561684032333,1.117606128101806,0.0609954748695953,1.2101553582850753,1.3680900734176171,0.13050780137548035,1.148856763348651,1.2241254222015092,0.06551613852493454,0.21644713144051403,0.22121805859143864,0.022041997596238896,0.14564093485358423,0.1526378086833807,0.04804194532828677,0.4029456261044014,0.41051685946674327,0.01878971472041793,0.2007,0.2079,0.03587443946188347,0.4273,0.4231,0.009829159840861308,2.8680000000000003,2.8505000000000003,0.006101813110181335,3.1156705721142615,3.4147484022352206,0.09599148022828614,0.6609609049855003,0.713492369970564,0.07947741627202,with tail term
dataset121,"Lognormal, Variable",10.3314,0.0001,0.3337426990860285,9.902167897658948,True,0.33443545597993546,0.002075721493845754,1.0533561684032333,1.0542280682106746,0.0008277350373928977,1.2101553582850753,1.213262789701505,0.0025677954447379703,1.148856763348651,1.150854190176095,0.0017386212895868969,0.21644713144051403,0.2165003967177205,0.0002460890881389002,0.14564093485358423,0.14573190373603934,0.0006246106738229789,0.4029456261044014,0.4035931533708476,0.0016069842293770517,0.2007,0.2007,0.0,0.4273,0.4272,0.00023402761525857473,2.8680000000000003,2.8678999999999997,3.486750348697877e-05,3.1156705721142615,3.1182854463126506,0.0008392653003153352,0.6609609049855003,0.6621099227730266,0.0017384050688315712,with tail term
dataset121,"Lognormal, Variable",10.3314,0.001,0.3337426990860285,9.902167897658948,True,0.34067357827351896,0.020767133502758373,1.0533561684032333,1.0622574140050753,0.00845036642765883,1.2101553582850753,1.2420362427565035,0.026344455902428086,1.148856763348651,1.1692422442820147,0.017744144948013123,0.21644713144051403,0.2169834557349918,0.002477853556701802,0.14564093485358423,0.14656040536308124,0.006313269757718652,0.4029456261044014,0.4038412069706612,0.0022225849053584407,0.2007,0.2013,0.0029895366218237033,0.4273,0.4267,0.0014041656915515783,2.8680000000000003,2.8659,0.0007322175732219088,3.1156705721142615,3.142115658444198,0.008487767149269252,0.6609609049855003,0.6725123930441941,0.01747680985601891,with tail term
dataset121,"Lognormal, Variable",10.3314,0.01,0.3337426990860285,9.902167897658948,True,0.4034005368820322,0.2087171883812448,1.0533561684032333,1.1474965953981335,0.08937188561548585,1.2101553582850753,1.5270638524738542,0.2618742230236236,1.148856763348651,1.3307785474901794,0.15835027476468744,0.21644713144051403,0.22189162472838156,0.025153917502315503,0.14564093485358423,0.15480669098639255,0.06293392817083217,0.4029456261044014,0.410544001978906,0.018857074955656476,0.2007,0.2079,0.03587443946188347,0.4273,0.4231,0.009829159840861308,2.8680000000000003,2.8505000000000003,0.006101813110181335,3.1156705721142615,3.4147484022352206,0.09599148022828614,0.6609609049855003,0.7561921817188947,0.14408004469717237,with tail term
dataset121,"Lognormal, Variable",14.4225,0.0001,0.3337426990860285,9.902167897658948,True,0.33484661649961106,0.0033076900756352167,1.0533561684032333,1.0545122978454522,0.001097567448597598,1.2101553582850753,1.2160440687797953,0.004866078106752359,1.148856763348651,1.153181495620658,0.003764378998302133,0.21644713144051403,0.21650413141338953,0.00026334362805436234,0.14564093485358423,0.1457462391436117,0.0007230404702725871,0.4029456261044014,0.40359315337084817,0.0016069842293784293,0.2007,0.2007,0.0,0.4273,0.4272,0.00023402761525857473,2.8680000000000003,2.8678999999999997,3.486750348697877e-05,3.1156705721142615,3.1182854463126506,0.0008392653003153352,0.6609609049855003,0.6631439292939602,0.0033028039812849994,with tail term
dataset121,"Lognormal, Variable",14.4225,0.001,0.3337426990860285,9.902167897658948,True,0.34478518347056686,0.03308681932152756,1.0533561684032333,1.0647461992444027,0.010813086003412676,1.2101553582850753,1.265318666502827,0.0455836581973445,1.148856763348651,1.1883758471274757,0.03439861699002029,0.21644713144051403,0.2170169358075791,0.0026325336966716915,0.14564093485358423,0.1466874380963866,0.007185502097019883,0.4029456261044014,0.40384120697066134,0.002222584905358716,0.2007,0.2013,0.0029895366218237033,0.4273,0.4267,0.0014041656915515783,2.8680000000000003,2.8659,0.0007322175732219088,3.1156705721142615,3.142115658444198,0.008487767149269252,0.6609609049855003,0.6807160018934305,0.029888449920292298,with tail term
dataset121,"Lognormal, Variable",14.4225,0.01,0.3337426990860285,9.902167897658948,True,0.4445165888817633,0.33191404665658547,1.0533561684032333,1.1849039467718459,0.12488442401018435,1.2101553582850753,1.779477854908732,0.47045405594075956,1.148856763348651,1.5017908073956072,0.307204566579941,0.21644713144051403,0.22240875240956817,0.027543081441541627,0.14564093485358423,0.1566379617124461,0.07550780190965814,0.4029456261044014,0.41054400211271835,0.018857075287741852,0.2007,0.2079,0.03587443946188347,0.4273,0.4231,0.009829159840861308,2.8680000000000003,2.8505000000000003,0.006101813110181335,3.1156705721142615,3.4147484022352206,0.09599148022828614,0.6609609049855003,0.8081100202762114,0.22262907560915288,with tail term
dataset121,"Lognormal, Variable",20.1336,0.0001,0.3337426990860285,9.902167897658948,True,0.33542058928167817,0.005027496332488072,1.0533561684032333,1.054700965835158,0.0012766787457686652,1.2101553582850753,1.2181947068334882,0.0066432367492101005,1.148856763348651,1.1550143085996596,0.005359715368746855,0.21644713144051403,0.2165059573643442,0.0002717796417012377,0.14564093485358423,0.14575375271631372,0.0007746301741533335,0.4029456261044014,0.40359315337084817,0.0016069842293784293,0.2007,0.2007,0.0,0.4273,0.4272,0.00023402761525857473,2.8680000000000003,2.8678999999999997,3.486750348697877e-05,3.1156705721142615,3.1182854463126506,0.0008392653003153352,0.6609609049855003,0.6639179744647816,0.004473894684204031,with tail term
dataset121,"Lognormal, Variable",20.1336,0.001,0.3337426990860285,9.902167897658948,True,0.3505249112910846,0.05028488188959654,1.0533561684032333,1.068235008994546,0.014125175356277957,1.2101553582850753,1.3088969101003527,0.08159411197848614,1.148856763348651,1.2252892847355046,0.06652920000581312,0.21644713144051403,0.21704553842178378,0.002764679657739956,0.14564093485358423,0.14680571910993678,0.007997643365332235,0.4029456261044014,0.40384120697066134,0.002222584905358716,0.2007,0.2013,0.0029895366218237033,0.4273,0.4267,0.0014041656915515783,2.8680000000000003,2.8659,0.0007322175732219088,3.1156705721142615,3.142115658444198,0.008487767149269252,0.6609609049855003,0.6952433446154163,0.05186757548189331,with tail term
dataset121,"Lognormal, Variable",20.1336,0.01,0.3337426990860285,9.902167897658948,True,0.5019138670714499,0.5038946722908599,1.0533561684032333,1.2338878306623713,0.17138710312277677,1.2101553582850753,2.1766226020762,0.7986307189191943,1.148856763348651,1.7640360395707553,0.5354708226889828,0.21644713144051403,0.22280246147154495,0.029362043233072597,0.14564093485358423,0.15814691956977103,0.08586861055759715,0.4029456261044014,0.41054400211271835,0.018857075287741852,0.2007,0.2079,0.03587443946188347,0.4273,0.4231,0.009829159840861308,2.8680000000000003,2.8505000000000003,0.006101813110181335,3.1156705721142615,3.4147484022352206,0.09599148022828614,0.6609609049855003,0.8629202204049673,0.3055541014546048,with tail term
dataset121,"Lognormal, Variable",28.1061,0.0001,0.3337426990860285,9.902167897658948,True,0.3362218356277117,0.007428286966194119,1.0533561684032333,1.0552926975773271,0.001838437208783208,1.2101553582850753,1.2318852126067126,0.017956251792687956,1.148856763348651,1.1673398436611901,0.01608823736970064,0.21644713144051403,0.2165071007596914,0.0002770622034963459,0.14564093485358423,0.14575937192344623,0.0008132127823889023,0.4029456261044014,0.40359315337084817,0.0016069842293784293,0.2007,0.2007,0.0,0.4273,0.4272,0.00023402761525857473,2.8680000000000003,2.8678999999999997,3.486750348697877e-05,3.1156705721142615,3.1182854463126506,0.0008392653003153352,0.6609609049855003,0.6686175494428582,0.011584110950595309,with tail term
dataset121,"Lognormal, Variable",28.1061,0.001,0.3337426990860285,9.902167897658948,True,0.3585373747512058,0.07429278822601598,1.0533561684032333,1.0737637270881486,0.019373844571348352,1.2101553582850753,1.4058130315637762,0.16167979750630504,1.148856763348651,1.3092387050325165,0.13960133830468932,0.21644713144051403,0.21706913022490848,0.0028736753416637177,0.14564093485358423,0.14691032859154565,0.008715913141024321,0.4029456261044014,0.40384120697066134,0.002222584905358716,0.2007,0.2013,0.0029895366218237033,0.4273,0.4267,0.0014041656915515783,2.8680000000000003,2.8659,0.0007322175732219088,3.1156705721142615,3.142115658444198,0.008487767149269252,0.6609609049855003,0.7242570897567777,0.09576388602388813,with tail term
dataset121,"Lognormal, Variable",28.1061,0.01,0.3337426990860285,9.902167897658948,True,0.5820385016509779,0.7439737355900825,1.0533561684032333,1.3037819849530585,0.2377408744180441,1.2101553582850753,2.8170585901520995,1.3278487103872223,1.148856763348651,2.160682248001398,0.880723791627,0.21644713144051403,0.22311960270692688,0.030827256623849685,0.14564093485358423,0.15943486914083524,0.09471193178702354,0.4029456261044014,0.41054400211271835,0.018857075287741852,0.2007,0.2079,0.03587443946188347,0.4273,0.4231,0.009829159840861308,2.8680000000000003,2.8505000000000003,0.006101813110181335,3.1156705721142615,3.4147484022352206,0.09599148022828614,0.6609609049855003,0.9132370978573459,0.3816809602035083,with tail term
dataset121,"Lognormal, Variable",39.2356,0.0001,0.3337426990860285,9.902167897658948,True,0.3373403660106907,0.010779762177613398,1.0533561684032333,1.0572015857627983,0.003650633541543898,1.2101553582850753,1.2846654260884052,0.06157066305017148,1.148856763348651,1.2151565447771115,0.057709353805962725,0.21644713144051403,0.21650984216882851,0.00028972769422781834,0.14564093485358423,0.14577297462391411,0.000906611664245536,0.4029456261044014,0.40359315337084817,0.0016069842293784293,0.2007,0.2007,0.0,0.4273,0.4272,0.00023402761525857473,2.8680000000000003,2.8678999999999997,3.486750348697877e-05,3.1156705721142615,3.1182854463126506,0.0008392653003153352,0.6609609049855003,0.6862224963485903,0.03821949403141204,with tail term
dataset121,"Lognormal, Variable",39.2356,0.001,0.3337426990860285,9.902167897658948,True,0.36972267852854823,0.10780754018305946,1.0533561684032333,1.082336092808015,0.027511990031550228,1.2101553582850753,1.5962309518593911,0.3190297765746606,1.148856763348651,1.4748015542179012,0.28371229666542297,0.21644713144051403,0.217089260806056,0.002966679952136269,0.14564093485358423,0.14700395321968462,0.009358758699747866,0.4029456261044014,0.40384120697066134,0.002222584905358716,0.2007,0.2013,0.0029895366218237033,0.4273,0.4267,0.0014041656915515783,2.8680000000000003,2.8659,0.0007322175732219088,3.1156705721142615,3.142115658444198,0.008487767149269252,0.6609609049855003,0.7715113286680185,0.16725712950441962,with tail term
dataset121,"Lognormal, Variable",39.2356,0.01,0.3337426990860285,9.902167897658948,True,0.6938915348080288,1.0791212413283837,1.0533561684032333,1.4022605700260944,0.3312311752555263,1.2101553582850753,3.780769520319737,2.1242017766028884,1.148856763348651,2.696196128690534,1.3468514219577272,0.21644713144051403,0.2233683076546865,0.03197628985937658,0.14564093485358423,0.16048781416998936,0.10194166448691777,0.4029456261044014,0.41054400211271835,0.018857075287741852,0.2007,0.2079,0.03587443946188347,0.4273,0.4231,0.009829159840861308,2.8680000000000003,2.8505000000000003,0.006101813110181335,3.1156705721142615,3.4147484022352206,0.09599148022828614,0.6609609049855003,0.9498280486920985,0.43704119491444826,with tail term
dataset121,"Lognormal, Variable",54.7723,0.0001,0.3337426990860285,9.902167897658948,True,0.3389068054894302,0.015473316472671531,1.0533561684032333,1.0602201009543226,0.006516250397521508,1.2101553582850753,1.3909829738687305,0.14942512491942198,1.148856763348651,1.3119756667664406,0.14198367335396606,0.21644713144051403,0.21651234359193913,0.00030128443371413223,0.14564093485358423,0.14578562650114119,0.0009934820021748438,0.4029456261044014,0.40359315337084817,0.0016069842293784293,0.2007,0.2007,0.0,0.4273,0.4272,0.00023402761525857473,2.8680000000000003,2.8678999999999997,3.486750348697877e-05,3.1156705721142615,3.1182854463126506,0.0008392653003153352,0.6609609049855003,0.7185504943573074,0.08713009943163053,with tail term
dataset121,"Lognormal, Variable",54.7723,0.001,0.3337426990860285,9.902167897658948,True,0.3853440878340152,0.15461428486465698,1.0533561684032333,1.0946270710838166,0.03918038733579094,1.2101553582850753,1.9216366400208782,0.5879255724191075,1.148856763348651,1.75551719008577,0.5280557560272741,0.21644713144051403,0.2171052243846975,0.003040432736639633,0.14564093485358423,0.14708082833162883,0.009886598705866284,0.4029456261044014,0.40384120697066134,0.002222584905358716,0.2007,0.2013,0.0029895366218237033,0.4273,0.4267,0.0014041656915515783,2.8680000000000003,2.8659,0.0007322175732219088,3.1156705721142615,3.142115658444198,0.008487767149269252,0.6609609049855003,0.8299652419165737,0.2556949066976676,with tail term
dataset121,"Lognormal, Variable",54.7723,0.01,0.3337426990860285,9.902167897658948,True,0.8500454051694406,1.5470082416704052,1.0533561684032333,1.5402076814911616,0.462190783793424,1.2101553582850753,5.179519157299226,3.2800448073371182,1.148856763348651,3.3628706177368515,1.9271452499742994,0.21644713144051403,0.223558203776762,0.03285362244776295,0.14564093485358423,0.16131698534620845,0.10763492083035354,0.4029456261044014,0.41054400211271835,0.018857075287741852,0.2007,0.2079,0.03587443946188347,0.4273,0.4231,0.009829159840861308,2.8680000000000003,2.8505000000000003,0.006101813110181335,3.1156705721142615,3.4147484022352206,0.09599148022828614,0.6609609049855003,0.9725980812945976,0.4714910881392202,with tail term
dataset121,"Lognormal, Variable",76.4611,0.0001,0.3337426990860285,9.902167897658948,True,0.3410909421228818,0.02201768924676666,1.0533561684032333,1.064571353982078,0.01064709726420992,1.2101553582850753,1.5828074781481172,0.30793742085407233,1.148856763348651,1.4868026198784638,0.2941583905941233,0.21644713144051403,0.21651428201271916,0.000310240065360198,0.14564093485358423,0.1457955919706094,0.0010619069232194213,0.4029456261044014,0.40359315337084817,0.0016069842293784293,0.2007,0.2007,0.0,0.4273,0.4272,0.00023402761525857473,2.8680000000000003,2.8678999999999997,3.486750348697877e-05,3.1156705721142615,3.1182854463126506,0.0008392653003153352,0.6609609049855003,0.7670329814532406,0.16048161951434517,with tail term
dataset121,"Lognormal, Variable",76.4611,0.001,0.3337426990860285,9.902167897658948,True,0.4071449876733376,0.21993676202752918,1.0533561684032333,1.1119080152912215,0.055585991371509276,1.2101553582850753,2.43900628697514,1.0154489010662922,1.148856763348651,2.193532426633633,0.9093175899839722,0.21644713144051403,0.21711731833258563,0.003096307572252521,0.14564093485358423,0.14714063839262578,0.010297266634200301,0.4029456261044014,0.40384120697066134,0.002222584905358716,0.2007,0.2013,0.0029895366218237033,0.4273,0.4267,0.0014041656915515783,2.8680000000000003,2.8659,0.0007322175732219088,3.1156705721142615,3.142115658444198,0.008487767149269252,0.6609609049855003,0.8870088709463093,0.34199899609155837,with tail term
dataset121,"Lognormal, Variable",76.4611,0.01,0.3337426990860285,9.902167897658948,True,1.0680231884784805,2.2001394829109877,1.0533561684032333,1.7329673334288755,0.6451864862156307,1.2101553582850753,7.171310741795488,4.925942229399399,1.148856763348651,4.13816844868404,2.601988150918169,0.21644713144051403,0.2237004162278403,0.03351065333623824,0.14564093485358423,0.16195219110044495,0.11199637150955366,0.4029456261044014,0.41054400211271835,0.018857075287741852,0.2007,0.2079,0.03587443946188347,0.4273,0.4231,0.009829159840861308,2.8680000000000003,2.8505000000000003,0.006101813110181335,3.1156705721142615,3.4147484022352206,0.09599148022828614,0.6609609049855003,0.9855059215373916,0.4910199893880424,with tail term
dataset121,"Lognormal, Variable",106.7384,0.0001,0.3337426990860285,9.902167897658948,True,0.34413381079753247,0.031135098205775192,1.0533561684032333,1.070690319315648,0.01645611563531386,1.2101553582850753,1.9047006566522129,0.5739306888260906,1.148856763348651,1.7789463697305476,0.548449229254073,0.21644713144051403,0.21651571421095114,0.0003168569155002316,0.14564093485358423,0.1458030456673174,0.0011130855064623868,0.4029456261044014,0.40359315337084817,0.0016069842293784293,0.2007,0.2007,0.0,0.4273,0.4272,0.00023402761525857473,2.8680000000000003,2.8678999999999997,3.486750348697877e-05,3.1156705721142615,3.1182854463126506,0.0008392653003153352,0.6609609049855003,0.8262464088965781,0.25006850278792764,with tail term
dataset121,"Lognormal, Variable",106.7384,0.001,0.3337426990860285,9.902167897658948,True,0.43757384384021547,0.31111135925530026,1.0533561684032333,1.136071484635466,0.07852549661110317,1.2101553582850753,3.220312924444429,1.6610739707073399,1.148856763348651,2.8346041318674047,1.4673259733486628,0.21644713144051403,0.21712628843490164,0.0031377500356213604,0.14564093485358423,0.14718588576292213,0.010607944194337054,0.4029456261044014,0.40384120697066134,0.002222584905358716,0.2007,0.2013,0.0029895366218237033,0.4273,0.4267,0.0014041656915515783,2.8680000000000003,2.8659,0.0007322175732219088,3.1156705721142615,3.142115658444198,0.008487767149269252,0.6609609049855003,0.9318556208790779,0.40984983204039926,with tail term
dataset121,"Lognormal, Variable",106.7384,0.01,0.3337426990860285,9.902167897658948,True,1.3723136326418848,3.111891095745423,1.0533561684032333,2.0021208560487076,0.9007064429913505,1.2101553582850753,9.979977618636992,7.246856529875413,1.148856763348651,4.984702890680142,3.338837572884968,0.21644713144051403,0.22380556478563107,0.033996446597119055,0.14564093485358423,0.16242967059664298,0.1152748419250179,0.4029456261044014,0.41054400211271835,0.018857075287741852,0.2007,0.2079,0.03587443946188347,0.4273,0.4231,0.009829159840861308,2.8680000000000003,2.8505000000000003,0.006101813110181335,3.1156705721142615,3.4147484022352206,0.09599148022828614,0.6609609049855003,0.9924598155593279,0.5015408749192205,with tail term
dataset121,"Lognormal, Variable",149.005,0.0001,0.3337426990860285,9.902167897658948,True,0.34838005120501503,0.043858194228882534,1.0533561684032333,1.079244294945681,0.02457680252795328,1.2101553582850753,2.4134926695935226,0.9943659738148911,1.148856763348651,2.2362802202396583,0.9465265745761204,0.21644713144051403,0.216516756942128,0.0003216744021996777,0.14564093485358423,0.14580852108360454,0.0011506808177850789,0.4029456261044014,0.40359315337084817,0.0016069842293784293,0.2007,0.2007,0.0,0.4273,0.4272,0.00023402761525857473,2.8680000000000003,2.8678999999999997,3.486750348697877e-05,3.1156705721142615,3.1182854463126506,0.0008392653003153352,0.6609609049855003,0.8841111994587763,0.33761496752696935,with tail term
dataset121,"Lognormal, Variable",149.005,0.001,0.3337426990860285,9.902167897658948,True,0.4800508778951914,0.4383861555918238,1.0533561684032333,1.1698139975928188,0.1105588334533818,1.2101553582850753,4.360875065830078,2.6035662991319755,1.148856763348651,3.7278362840619583,2.244822507895745,0.21644713144051403,0.217132868739277,0.003168151475139503,0.14564093485358423,0.14721956261100388,0.01083917621791346,0.4029456261044014,0.40384120697066134,0.002222584905358716,0.2007,0.2013,0.0029895366218237033,0.4273,0.4267,0.0014041656915515783,2.8680000000000003,2.8659,0.0007322175732219088,3.1156705721142615,3.142115658444198,0.008487767149269252,0.6609609049855003,0.9616449390709882,0.45491954488909464,with tail term
dataset121,"Lognormal, Variable",149.005,0.01,0.3337426990860285,9.902167897658948,True,1.797097143822263,4.384678522537588,1.0533561684032333,2.3778724584220816,1.2574249145250296,1.2101553582850753,13.920951987956158,10.50344201068836,1.148856763348651,5.854372861189486,4.095824865168871,0.21644713144051403,0.22388262408799492,0.03435246564828871,0.14564093485358423,0.16278381042310497,0.1177064373196644,0.4029456261044014,0.41054400211271835,0.018857075287741852,0.2007,0.2079,0.03587443946188347,0.4273,0.4231,0.009829159840861308,2.8680000000000003,2.8505000000000003,0.006101813110181335,3.1156705721142615,3.4147484022352206,0.09599148022828614,0.6609609049855003,0.9961092814214989,0.5070623298716145,with tail term
dataset121,"Lognormal, Variable",208.0084,0.0001,0.3337426990860285,9.902167897658948,True,0.35430741498711177,0.06161847422400791,1.0533561684032333,1.0911882853595471,0.03591578811719778,1.2101553582850753,3.180751902510847,1.6283831086103904,1.148856763348651,2.9149432276600984,1.537255574980222,0.21644713144051403,0.2165175117882844,0.0003251618411478897,0.14564093485358423,0.1458125104551465,0.001178072646504005,0.4029456261044014,0.40359315337084817,0.0016069842293784293,0.2007,0.2007,0.0,0.4273,0.4272,0.00023402761525857473,2.8680000000000003,2.8678999999999997,3.486750348697877e-05,3.1156705721142615,3.1182854463126506,0.0008392653003153352,0.6609609049855003,0.9298643463765806,0.40683713569561164,with tail term
dataset121,"Lognormal, Variable",208.0084,0.001,0.3337426990860285,9.902167897658948,True,0.5393478252473435,0.6160587983628562,1.0533561684032333,1.2169204683761847,0.1552791969888932,1.2101553582850753,5.992304341003416,3.951681864628668,1.148856763348651,4.92415445111161,3.2861343626152677,0.21644713144051403,0.21713766301200854,0.0031903013308554324,0.14564093485358423,0.14724435847718728,0.01100942963058432,0.4029456261044014,0.40384120697066134,0.002222584905358716,0.2007,0.2013,0.0029895366218237033,0.4273,0.4267,0.0014041656915515783,2.8680000000000003,2.8659,0.0007322175732219088,3.1156705721142615,3.142115658444198,0.008487767149269252,0.6609609049855003,0.9793157330663749,0.4816545512443862,with tail term
dataset121,"Lognormal, Variable",208.0084,0.01,0.3337426990860285,9.902167897658948,True,2.390087054838882,6.161466187527871,1.0533561684032333,2.902419173997517,1.7554015071628148,1.2101553582850753,19.436859728139552,15.061458221102905,1.148856763348651,6.696778984328809,4.829080872370243,0.21644713144051403,0.2239387419007659,0.03461173363857117,0.14564093485358423,0.1630439486299206,0.11949259865594779,0.4029456261044014,0.41054400211271835,0.018857075287741852,0.2007,0.2079,0.03587443946188347,0.4273,0.4231,0.009829159840861308,2.8680000000000003,2.8505000000000003,0.006101813110181335,3.1156705721142615,3.4147484022352206,0.09599148022828614,0.6609609049855003,0.9980000095282651,0.50992290466886,with tail term
dataset121,"Lognormal, Variable",290.3761,0.0001,0.3337426990860285,9.902167897658948,True,0.36258185496239337,0.0864113460918917,1.0533561684032333,1.107862458135556,0.05174535581345482,1.2101553582850753,4.300676982700469,2.5538222041135334,1.148856763348651,3.88195930922523,2.3789758941839008,0.21644713144051403,0.21651805651603873,0.0003276785192424199,0.14564093485358423,0.1458154027572203,0.0011979317752351868,0.4029456261044014,0.40359315337084817,0.0016069842293784293,0.2007,0.2007,0.0,0.4273,0.4272,0.00023402761525857473,2.8680000000000003,2.8678999999999997,3.486750348697877e-05,3.1156705721142615,3.1182854463126506,0.0008392653003153352,0.6609609049855003,0.9604231706158004,0.4530710717858108,with tail term
dataset121,"Lognormal, Variable",290.3761,0.001,0.3337426990860285,9.902167897658948,True,0.6221252828410162,0.8640865689189253,1.0533561684032333,1.2826807978437726,0.2177085361242713,1.2101553582850753,8.299291636018504,5.858038167743622,1.148856763348651,6.47027042890942,4.631920910706119,0.21644713144051403,0.21714113949318886,0.0032063629028299978,0.14564093485358423,0.14726247623893446,0.011133829832803506,0.4029456261044014,0.40384120697066134,0.002222584905358716,0.2007,0.2013,0.0029895366218237033,0.4273,0.4267,0.0014041656915515783,2.8680000000000003,2.8659,0.0007322175732219088,3.1156705721142615,3.142115658444198,0.008487767149269252,0.6609609049855003,0.9891113727828116,0.4964748524793762,with tail term
dataset121,"Lognormal, Variable",290.3761,0.01,0.3337426990860285,9.902167897658948,True,3.2178905271405296,8.64183047585127,1.0533561684032333,3.634678025488905,2.4505688906712897,1.2101553582850753,27.14724699830703,21.43286104750856,1.148856763348651,7.468955106320709,5.501206542537502,0.21644713144051403,0.22397942253316092,0.03479968083899961,0.14564093485358423,0.16323370466453488,0.12079550181847579,0.4029456261044014,0.41054400211271835,0.018857075287741852,0.2007,0.2079,0.03587443946188347,0.4273,0.4231,0.009829159840861308,2.8680000000000003,2.8505000000000003,0.006101813110181335,3.1156705721142615,3.4147484022352206,0.09599148022828614,0.6609609049855003,0.9989736101313932,0.5113959125211921,with tail term
dataset121,"Lognormal, Variable",405.36,0.0001,0.3337426990860285,9.902167897658948,True,0.3741328225379014,0.12102174388378638,1.0533561684032333,1.131139422180856,0.07384326034330163,1.2101553582850753,5.902816451978754,3.8777344260522884,1.148856763348651,5.218469391331109,3.5423150716547815,0.21644713144051403,0.21651844878940046,0.0003294908480043082,0.14564093485358423,0.14581749255568333,0.00121228075249992,0.4029456261044014,0.40359315337084817,0.0016069842293784293,0.2007,0.2007,0.0,0.4273,0.4272,0.00023402761525857473,2.8680000000000003,2.8678999999999997,3.486750348697877e-05,3.1156705721142615,3.1182854463126506,0.0008392653003153352,0.6609609049855003,0.978621690171831,0.48060449988838494,with tail term
dataset121,"Lognormal, Variable",405.36,0.001,0.3337426990860285,9.902167897658948,True,0.7376812045069938,1.210329114396125,1.0533561684032333,1.3744811912563482,0.3048589190301163,1.2101553582850753,11.5415164245163,8.537218792198642,1.148856763348651,8.396998444166957,6.309003795818422,0.21644713144051403,0.21714365183011586,0.00321797006486664,0.14564093485358423,0.14727564151023395,0.011224225237864094,0.4029456261044014,0.40384120697066134,0.002222584905358716,0.2007,0.2013,0.0029895366218237033,0.4273,0.4267,0.0014041656915515783,2.8680000000000003,2.8659,0.0007322175732219088,3.1156705721142615,3.142115658444198,0.008487767149269252,0.6609609049855003,0.994341249207393,0.5043873876764408,with tail term
dataset121,"Lognormal, Variable",405.36,0.01,0.3337426990860285,9.902167897658948,True,4.373490158436482,12.104377025815126,1.0533561684032333,4.656899033580129,3.4210108349576114,1.2101553582850753,37.918163220909555,30.333301927980393,1.148856763348651,8.14236317933628,6.087361487608934,0.21644713144051403,0.22400881472735845,0.03493547471162765,0.14564093485358423,0.16337142096738597,0.12174108969862457,0.4029456261044014,0.41054400211271835,0.018857075287741852,0.2007,0.2079,0.03587443946188347,0.4273,0.4231,0.009829159840861308,2.8680000000000003,2.8505000000000003,0.006101813110181335,3.1156705721142615,3.4147484022352206,0.09599148022828614,0.6609609049855003,0.9994735851604296,0.5121523491353174,with tail term
dataset121,"Lognormal, Variable",565.8756,0.0001,0.3337426990860285,9.902167897658948,True,0.39025777840704157,0.16933727531952764,1.0533561684032333,1.1636336911335887,0.10469158109884469,1.2101553582850753,8.168695708688466,5.750121505278807,1.148856763348651,7.019988997337028,5.110412734896026,0.21644713144051403,0.21651873085610351,0.00033079401474610265,0.14564093485358423,0.14581899885097258,0.0012226232794190451,0.4029456261044014,0.40359315337084817,0.0016069842293784293,0.2007,0.2007,0.0,0.4273,0.4272,0.00023402761525857473,2.8680000000000003,2.8678999999999997,3.486750348697877e-05,3.1156705721142615,3.1182854463126506,0.0008392653003153352,0.6609609049855003,0.9887347791874294,0.49590508565573865,with tail term
dataset121,"Lognormal, Variable",565.8756,0.001,0.3337426990860285,9.902167897658948,True,0.8989953561734275,1.693677969991171,1.0533561684032333,1.5026330202559954,0.4265194103660247,1.2101553582850753,16.083356342084812,12.290323619999269,1.148856763348651,10.703449295520459,8.316609029938935,0.21644713144051403,0.2171454629471706,0.003226337544919121,0.14564093485358423,0.14728516985989798,0.011289648806269554,0.4029456261044014,0.40384120697066134,0.002222584905358716,0.2007,0.2013,0.0029895366218237033,0.4273,0.4267,0.0014041656915515783,2.8680000000000003,2.8659,0.0007322175732219088,3.1156705721142615,3.142115658444198,0.008487767149269252,0.6609609049855003,0.9970785386530037,0.5085287664251138,with tail term
dataset121,"Lognormal, Variable",565.8756,0.01,0.3337426990860285,9.902167897658948,True,5.986688128433638,16.938034734028612,1.0533561684032333,6.083902483101438,4.77573157645617,1.2101553582850753,52.959435765796044,42.76250983249411,1.148856763348651,8.704846258284945,6.576963931441146,0.21644713144051403,0.22402999990270678,0.03503335161675147,0.14564093485358423,0.16347100351342142,0.12242484352192683,0.4029456261044014,0.41054400211271835,0.018857075287741852,0.2007,0.2079,0.03587443946188347,0.4273,0.4231,0.009829159840861308,2.8680000000000003,2.8505000000000003,0.006101813110181335,3.1156705721142615,3.4147484022352206,0.09599148022828614,0.6609609049855003,0.9997300544331585,0.5125403740106079,with tail term
dataset121,"Lognormal, Variable",789.9526,0.0001,0.3337426990860285,9.902167897658948,True,0.4127679378631125,0.23678492141850196,1.0533561684032333,1.2089951306787037,0.1477553053222265,1.2101553582850753,11.353434332979061,8.381799002293508,1.148856763348651,9.390802365436732,7.1740410685007605,0.21644713144051403,0.21651893346141715,0.000331730064636387,0.14564093485358423,0.14582008267206437,0.0012300650133853942,0.4029456261044014,0.40359315337084817,0.0016069842293784293,0.2007,0.2007,0.0,0.4273,0.4272,0.00023402761525857473,2.8680000000000003,2.8678999999999997,3.486750348697877e-05,3.1156705721142615,3.1182854463126506,0.0008392653003153352,0.6609609049855003,0.9941420640330788,0.5040860307084086,with tail term
dataset121,"Lognormal, Variable",789.9526,0.001,0.3337426990860285,9.902167897658948,True,1.1241871506520242,2.368424698819385,1.0533561684032333,1.6815307583286279,0.5963553532682444,1.2101553582850753,22.43503410782873,17.538970186126903,1.148856763348651,13.342030169063472,10.613310374893514,0.21644713144051403,0.21714676624164386,0.003232358851205721,0.14564093485358423,0.14729204608399546,0.011336862346229265,0.4029456261044014,0.40384120697066134,0.002222584905358716,0.2007,0.2013,0.0029895366218237033,0.4273,0.4267,0.0014041656915515783,2.8680000000000003,2.8659,0.0007322175732219088,3.1156705721142615,3.142115658444198,0.008487767149269252,0.6609609049855003,0.9984966942952093,0.5106743632849413,with tail term
dataset121,"Lognormal, Variable",789.9526,0.01,0.3337426990860285,9.902167897658948,True,8.238684915828111,23.685738260013398,1.0533561684032333,8.075974609991373,6.66689829351227,1.2101553582850753,73.96054963234575,60.116574104300184,1.148856763348651,9.158095858900273,6.971486220968528,0.21644713144051403,0.22404524316848942,0.03510377650841529,0.14564093485358423,0.16354282140992066,0.12291795966795706,0.4029456261044014,0.41054400211271835,0.018857075287741852,0.2007,0.2079,0.03587443946188347,0.4273,0.4231,0.009829159840861308,2.8680000000000003,2.8505000000000003,0.006101813110181335,3.1156705721142615,3.4147484022352206,0.09599148022828614,0.6609609049855003,0.9998615669192382,0.5127393456670065,with tail term
dataset121,"Lognormal, Variable",1102.7602,0.0001,0.3337426990860285,9.902167897658948,True,0.44419173076170865,0.33094066770044855,1.0533561684032333,1.2723189126985692,0.207871516646889,1.2101553582850753,15.814979805210218,12.068553303455024,1.148856763348651,12.430043794339962,9.819489592513925,0.21644713144051403,0.2165190788788981,0.0003324019029738963,0.14564093485358423,0.14582086153374357,0.0012354128345868306,0.4029456261044014,0.40359315337084817,0.0016069842293784293,0.2007,0.2007,0.0,0.4273,0.4272,0.00023402761525857473,2.8680000000000003,2.8678999999999997,3.486750348697877e-05,3.1156705721142615,3.1182854463126506,0.0008392653003153352,0.6609609049855003,0.9969746356325246,0.5083715664762284,with tail term
dataset121,"Lognormal, Variable",1102.7602,0.001,0.3337426990860285,9.902167897658948,True,1.4385510302150621,3.3103595499005913,1.0533561684032333,1.9312688937027647,0.8334433799636318,1.2101553582850753,31.31001587292243,24.87272424037539,1.148856763348651,16.21214734779509,13.111547988402348,0.21644713144051403,0.21714770290131286,0.003236686280554215,0.14564093485358423,0.14729699804663168,0.011370863519328037,0.4029456261044014,0.40384120697066134,0.002222584905358716,0.2007,0.2013,0.0029895366218237033,0.4273,0.4267,0.0014041656915515783,2.8680000000000003,2.8659,0.0007322175732219088,3.1156705721142615,3.142115658444198,0.008487767149269252,0.6609609049855003,0.9992276788577721,0.5117803054927923,with tail term
dataset121,"Lognormal, Variable",1102.7602,0.01,0.3337426990860285,9.902167897658948,True,11.382433815634895,33.10541667819633,1.0533561684032333,10.856872699378986,9.306934183370052,1.2101553582850753,103.28042822432589,84.34476794011451,1.148856763348651,9.512907729887404,7.280325305444941,0.21644713144051403,0.2240561973745452,0.03515438566171239,0.14564093485358423,0.16359451724294724,0.12327291367232783,0.4029456261044014,0.41054400211271835,0.018857075287741852,0.2007,0.2079,0.03587443946188347,0.4273,0.4231,0.009829159840861308,2.8680000000000003,2.8505000000000003,0.006101813110181335,3.1156705721142615,3.4147484022352206,0.09599148022828614,0.6609609049855003,0.9999290017681748,0.5128413711399625,with tail term
dataset121,"Lognormal, Variable",1539.4343,0.0001,0.3337426990860285,9.902167897658948,True,0.48805881522792277,0.46238050020119353,1.0533561684032333,1.360717837572962,0.2917927272744352,1.2101553582850753,22.05455293999589,17.224563308342198,1.148856763348651,16.20802809444564,13.10796246453126,0.21644713144051403,0.21651918319304672,0.0003328838412094844,0.14564093485358423,0.1458214207399542,0.0012392524570884124,0.4029456261044014,0.40359315337084817,0.0016069842293784293,0.2007,0.2007,0.0,0.4273,0.4272,0.00023402761525857473,2.8680000000000003,2.8678999999999997,3.486750348697877e-05,3.1156705721142615,3.1182854463126506,0.0008392653003153352,0.6609609049855003,0.9984428958364853,0.5105929689720278,with tail term
dataset121,"Lognormal, Variable",1539.4343,0.001,0.3337426990860285,9.902167897658948,True,1.8773977388928365,4.625284819815344,1.0533561684032333,2.2798990916618602,1.1644142409285216,1.2101553582850753,43.70518373530133,35.11534951779781,1.148856763348651,19.16978865211259,15.68596927282484,0.21644713144051403,0.2171483754450543,0.0032397934769257813,0.14564093485358423,0.1473005588951894,0.011395313022905378,0.4029456261044014,0.40384120697066134,0.002222584905358716,0.2007,0.2013,0.0029895366218237033,0.4273,0.4267,0.0014041656915515783,2.8680000000000003,2.8659,0.0007322175732219088,3.1156705721142615,3.142115658444198,0.008487767149269252,0.6609609049855003,0.9996035200959771,0.5123489340385505,with tail term
dataset121,"Lognormal, Variable",1539.4343,0.01,0.3337426990860285,9.902167897658948,True,15.771054656660786,46.25513007430762,1.0533561684032333,14.738959229238185,12.992379473678643,1.2101553582850753,144.21240499429038,118.16850510719169,1.148856763348651,9.784436115964771,7.516671902113724,0.21644713144051403,0.2240640622760859,0.035190722024723335,0.14564093485358423,0.1636316779740909,0.12352806673888163,0.4029456261044014,0.41054400211271835,0.018857075287741852,0.2007,0.2079,0.03587443946188347,0.4273,0.4231,0.009829159840861308,2.8680000000000003,2.8505000000000003,0.006101813110181335,3.1156705721142615,3.4147484022352206,0.09599148022828614,0.6609609049855003,0.9999635830654535,0.512893690871762,with tail term
dataset121,"Lognormal, Variable",2149.0237,0.0001,0.3337426990860285,9.902167897658948,True,0.5492965028296792,0.645868222238137,1.0533561684032333,1.4841211893547093,0.40894526834590633,1.2101553582850753,30.77303302472383,24.428993735426367,1.148856763348651,20.73485187426226,17.048248080835574,0.21644713144051403,0.21651925799241445,0.00033322941921382044,0.14564093485358423,0.14582182197857643,0.001242007442303575,0.4029456261044014,0.40359315337084817,0.0016069842293784293,0.2007,0.2007,0.0,0.4273,0.4272,0.00023402761525857473,2.8680000000000003,2.8678999999999997,3.486750348697877e-05,3.1156705721142615,3.1182854463126506,0.0008392653003153352,0.6609609049855003,0.9991999342087775,0.5117383292597272,with tail term
dataset121,"Lognormal, Variable",2149.0237,0.001,0.3337426990860285,9.902167897658948,True,2.4900201651588874,6.460897787361147,1.0533561684032333,2.7665807455481577,1.6264437694820506,1.2101553582850753,61.012808533503026,49.4173353576395,1.148856763348651,22.053507251390283,18.196045978011586,0.21644713144051403,0.217148858027068,0.003242023037606358,0.14564093485358423,0.14730311666448792,0.011412875182205573,0.4029456261044014,0.40384120697066134,0.002222584905358716,0.2007,0.2013,0.0029895366218237033,0.4273,0.4267,0.0014041656915515783,2.8680000000000003,2.8659,0.0007322175732219088,3.1156705721142615,3.142115658444198,0.008487767149269252,0.6609609049855003,0.9997965307854966,0.5126409493272971,with tail term
dataset121,"Lognormal, Variable",2149.0237,0.01,0.3337426990860285,9.902167897658948,True,21.89749362094267,64.61190306457664,1.0533561684032333,20.15828407238374,18.13719658844489,1.2101553582850753,201.35410525345776,165.3869881457195,1.148856763348651,9.988653028722172,7.694428537468471,0.21644713144051403,0.2240697054688492,0.03521679394688613,0.14564093485358423,0.1636583641295827,0.12371129925876788,0.4029456261044014,0.41054400211271835,0.018857075287741852,0.2007,0.2079,0.03587443946188347,0.4273,0.4231,0.009829159840861308,2.8680000000000003,2.8505000000000003,0.006101813110181335,3.1156705721142615,3.4147484022352206,0.09599148022828614,0.6609609049855003,0.9999813188995604,0.5129205242804751,with tail term
dataset121,"Lognormal, Variable",3000.0,0.0001,0.3337426990860285,9.902167897658948,True,0.6347832690984743,0.902013949179595,1.0533561684032333,1.65639014236967,0.5724881973023112,1.2101553582850753,42.94972514539966,34.4910837285092,1.148856763348651,25.929715498037673,21.570015971754884,0.21644713144051403,0.21651931161275476,0.00033347714871686304,0.14564093485358423,0.14582210973976192,0.0012439832685764598,0.4029456261044014,0.40359315337084817,0.0016069842293784293,0.2007,0.2007,0.0,0.4273,0.4272,0.00023402761525857473,2.8680000000000003,2.8678999999999997,3.486750348697877e-05,3.1156705721142615,3.1182854463126506,0.0008392653003153352,0.6609609049855003,0.9995892426271814,0.5123273329594429,with tail term
dataset121,"Lognormal, Variable",3000.0,0.001,0.3337426990860285,9.902167897658948,True,3.3452306695744785,9.023382320379035,1.0533561684032333,3.445979949507815,2.271429031199887,1.2101553582850753,85.17695411098772,69.38513983170965,1.148856763348651,24.717774148150063,20.51510522173668,0.21644713144051403,0.2171492041378062,0.0032436220920077957,0.14564093485358423,0.1473049524976521,0.011425480382563753,0.4029456261044014,0.40384120697066134,0.002222584905358716,0.2007,0.2013,0.0029895366218237033,0.4273,0.4267,0.0014041656915515783,2.8680000000000003,2.8659,0.0007322175732219088,3.1156705721142615,3.142115658444198,0.008487767149269252,0.6609609049855003,0.9998955959301016,0.5127908298177433,with tail term
dataset121,"Lognormal, Variable",3000.0,0.01,0.3337426990860285,9.902167897658948,True,30.449898465551783,90.23764669291761,1.0533561684032333,27.723568185786164,25.319272642426256,1.2101553582850753,281.12392031534927,231.30399170709217,1.148856763348651,10.140250289264031,7.826383421121667,0.21644713144051403,0.22407375267331223,0.03523549229800819,0.14564093485358423,0.16367751469460126,0.12384279089632025,0.4029456261044014,0.41054400211271835,0.018857075287741852,0.2007,0.2079,0.03587443946188347,0.4273,0.4231,0.009829159840861308,2.8680000000000003,2.8505000000000003,0.006101813110181335,3.1156705721142615,3.4147484022352206,0.09599148022828614,0.6609609049855003,0.9999904162199605,0.5129342880603469,with tail term
dataset121,"KDE, Variable",1.0,0.0001,0.25447364499225444,9.902167897658948,False,0.2544644242757313,3.6234465551162487e-05,1.2047528563456895,1.2047318217612406,1.7459667630680778e-05,0.8048618867834145,0.8048239516608073,4.713246238904008e-05,0.6680721963380587,0.668052372422774,2.9673312844506474e-05,0.25524341161423497,0.2552422687146068,4.477685127820701e-06,0.14317118644880647,0.14316520659894857,4.176713210401296e-05,0.3244979939161841,0.32449277324457565,1.6088455726515155e-05,0.311,0.311,0.0,0.2911,0.2911,0.0,2.4545,2.4545,0.0,2.6729217365268565,2.6728864442380558,1.3203637172925154e-05,0.4071477564865804,0.4071260006347849,5.3434782456555817e-05,grid body only
dataset121,"KDE, Variable",1.0,0.001,0.25447364499225444,9.902167897658948,False,0.2543817024993311,0.0003613045780285943,1.2047528563456895,1.2045425244021613,0.00017458513787321647,0.8048618867834145,0.8044824317607272,0.0004714535859112372,0.6680721963380587,0.6678738321505154,0.00029692028590707676,0.25524341161423497,0.2552319850503694,4.476732148846247e-05,0.14317118644880647,0.14311137746573227,0.0004177445515238901,0.3244979939161841,0.32444575439181733,0.000160985661995417,0.311,0.3109,0.0003215434083600932,0.2911,0.2908,0.0010305736860186274,2.4545,2.4545,0.0,2.6729217365268565,2.6725686327546248,0.00013210404457653915,0.4071477564865804,0.4069301074064433,0.0005345702553178119,grid body only
dataset121,"KDE, Variable",1.0,0.01,0.25447364499225444,9.902167897658948,False,0.2536043588249354,0.0034160164890375015,1.2047528563456895,1.2026509546693755,0.001744674573911822,0.8048618867834145,0.8010568617006268,0.00472755033536779,0.6680721963380587,0.666075937154058,0.0029880890043664596,0.25524341161423497,0.25512939619863195,0.00044669288379258073,0.14317118644880647,0.14257204154811473,0.004184814804939643,0.3244979939161841,0.3245922966958567,0.00029061128709767205,0.311,0.309,0.006430868167202578,0.2911,0.2892,0.006526966678117529,2.4545,2.4551,0.00024444897127721895,2.6729217365268565,2.6693689029869323,0.001329194750213928,0.4071477564865804,0.4049621255432565,0.005368151754499355,grid body only
dataset121,"KDE, Variable",1.396,0.0001,0.25447364499225444,9.902167897658948,False,0.2545042046641422,0.00012008973223409197,1.2047528563456895,1.20477293972762,1.667012601347807e-05,0.8048618867834145,0.8048245596905284,4.637701635413534e-05,0.6680721963380587,0.6680300769973191,6.3046091381263e-05,0.25524341161423497,0.2552490161562321,2.195763628789266e-05,0.14317118644880647,0.1431667615770956,3.090616080390742e-05,0.3244979939161841,0.32449466166040375,1.0268956489218213e-05,0.311,0.311,0.0,0.2911,0.2911,0.0,2.4545,2.4545,0.0,2.6729217365268565,2.6728864442380833,1.3203637162624242e-05,0.4071477564865804,0.4071258409220553,5.382705461587055e-05,grid body only
dataset121,"KDE, Variable",1.396,0.001,0.25447364499225444,9.902167897658948,False,0.25477950311189584,0.0012019245437016068,1.2047528563456895,1.2049536772571101,0.0001666905460010571,0.8048618867834145,0.8044885210305519,0.00046388797754451426,0.6680721963380587,0.6676509945692228,0.0006304734295853393,0.25524341161423497,0.25529945480561533,0.00021956763164199958,0.14317118644880647,0.14312692316636622,0.00030916334171807413,0.3244979939161841,0.32446464606188186,0.00010276752068572265,0.311,0.311,0.0,0.2911,0.2907,0.001374098248024773,2.4545,2.4537,0.0003259319617029586,2.6729217365268565,2.6725686327549063,0.000132104044471204,0.4071477564865804,0.40692850497907684,0.0005385059944713145,grid body only
dataset121,"KDE, Variable",1.396,0.01,0.25447364499225444,9.902167897658948,False,0.25755055388279513,0.01209126741055774,1.2047528563456895,1.2067597479397523,0.0016658118580022694,0.8048618867834145,0.8011186413115309,0.004650792307787514,0.6680721963380587,0.663859266667823,0.006306099390647062,0.25524341161423497,0.2558036163194123,0.002194786151910498,0.14317118644880647,0.14272707466696835,0.003101963410751782,0.3244979939161841,0.3262783586318457,0.005486519944777907,0.311,0.3115,0.0016077170418006446,0.2911,0.2877,0.011679835108210284,2.4545,2.447,0.0030556121409655084,2.6729217365268565,2.6693689029899756,0.001329194749075345,0.4071477564865804,0.4049456829692436,0.005408536538035404,grid body only
dataset121,"KDE, Variable",1.9488,0.0001,0.25447364499225444,9.902167897658948,False,0.2545364187004901,0.0002466805874437938,1.2047528563456895,1.2048294004581959,6.353511602248973e-05,0.8048618867834145,0.8048590401729009,3.536768929408193e-06,0.6680721963380587,0.6680273903233217,6.706762380263009e-05,0.25524341161423497,0.2552565146034368,5.133526902399337e-05,0.14317118644880647,0.1431719828635958,5.5626750681701595e-06,0.3244979939161841,0.32358463051411723,0.0028146966058064334,0.311,0.311,0.0,0.2911,0.2911,0.0,2.4545,2.4545,0.0,2.6729217365268565,2.6728869752337254,1.3004979777760871e-05,0.4071477564865804,0.407144961284589,6.865325786255679e-06,grid body only
dataset121,"KDE, Variable",1.9488,0.001,0.25447364499225444,9.902167897658948,False,0.255101937260602,0.0024689875777378235,1.2047528563456895,1.2055182957811834,0.0006353497578048189,0.8048618867834145,0.804833097038754,3.5769794958896693e-05,0.6680721963380587,0.6676241247066409,0.0006706934278568114,0.25524341161423497,0.25537444093041317,0.0005133504341974245,0.14317118644880647,0.14317909859800448,5.526355822191219e-05,0.3244979939161841,0.32362393895680847,0.0026935604403194265,0.311,0.3111,0.0003215434083600932,0.2911,0.2907,0.001374098248024773,2.4545,2.4533,0.0004888979425544379,2.6729217365268565,2.672573965284532,0.00013010902548018908,0.4071477564865804,0.4071196025051359,6.914929775731168e-05,grid body only
dataset121,"KDE, Variable",1.9488,0.01,0.25447364499225444,9.902167897658948,False,0.2608116898950718,0.02490648846174337,1.2047528563456895,1.2124071086242263,0.006353379648132978,0.8048618867834145,0.8045415519049088,0.000397999810608365,0.6680721963380587,0.6635902628596915,0.006708756183739272,0.25524341161423497,0.2565536501650112,0.005133290385400683,0.14317118644880647,0.14324508536766542,0.0005161577597554798,0.3244979939161841,0.3229653495801403,0.004723124225044375,0.311,0.3141,0.00996784565916396,0.2911,0.2877,0.011679835108210284,2.4545,2.4433,0.004563047463841964,2.6729217365268565,2.6694245935530483,0.0013083596597752729,0.4071477564865804,0.40684618879578927,0.0007406836608740806,grid body only
dataset121,"KDE, Variable",2.7204,0.0001,0.25447364499225444,9.902167897658948,False,0.2545666974094751,0.00036566622537065313,1.2047528563456895,1.2049052925057024,0.00012652898825681275,0.8048618867834145,0.8049683287611882,0.00013224874915998558,0.6680721963380587,0.6680760170678548,5.719037279268516e-06,0.25524341161423497,0.25526427176551614,8.172650235804292e-05,0.14317118644880647,0.14318107045871478,6.903630649066504e-05,0.3244979939161841,0.3245255612413029,8.495376130396613e-05,0.311,0.3111,0.0003215434083600932,0.2911,0.2911,0.0,2.4545,2.4543999999999997,4.0741495212960294e-05,2.6729217365268565,2.673269070551977,0.00012994545271342978,0.4071477564865804,0.4072106007320573,0.00015435242973993582,grid body only
dataset121,"KDE, Variable",2.7204,0.001,0.25447364499225444,9.902167897658948,False,0.2554061625696701,0.003664495698342437,1.2047528563456895,1.2062772955157464,0.0012653542691576124,0.8048618867834145,0.8059244722281097,0.0013202084259968348,0.6680721963380587,0.6681087965628458,5.478483461480652e-05,0.25524341161423497,0.2554520216409189,0.0008172983794747891,0.14317118644880647,0.14326987103842134,0.0006892768863807592,0.3244979939161841,0.325431420537261,0.0028765250897605553,0.311,0.3114,0.0012861736334405514,0.2911,0.2907,0.001374098248024773,2.4545,2.4530000000000003,0.000611122428192957,2.6729217365268565,2.676377249692418,0.0012927850143683562,0.4071477564865804,0.4077748795871452,0.0015402838172963282,grid body only
dataset121,"KDE, Variable",2.7204,0.01,0.25447364499225444,9.902167897658948,False,0.26399793508128383,0.03742741252957367,1.2047528563456895,1.2200050268667648,0.012659999468553968,0.8048618867834145,0.8153066981335931,0.0129771474108691,0.6680721963380587,0.6682814252228747,0.0003131830451302448,0.25524341161423497,0.25733036188440866,0.008176313962327965,0.14317118644880647,0.1441425839821347,0.006784867524133908,0.3244979939161841,0.3283886333241805,0.011989717905625379,0.311,0.3169,0.01897106109324764,0.2911,0.2877,0.011679835108210284,2.4545,2.4404,0.0057445508250152785,2.6729217365268565,2.7057263228813624,0.012272931865611429,0.4071477564865804,0.413289111649931,0.015083848714644677,grid body only
dataset121,"KDE, Variable",3.7977,0.0001,0.25447364499225444,9.902167897658948,False,0.2546745980852421,0.0007896813557796657,1.2047528563456895,1.2050019333212147,0.00020674528739507815,0.8048618867834145,0.8052174174638703,0.00044172880626346225,0.6680721963380587,0.6682291498442147,0.00023493494717529586,0.25524341161423497,0.2552714776071105,0.00010995775639429016,0.14317118644880647,0.14319379681450764,0.00015792539170760304,0.3244979939161841,0.32456109893626617,0.00019446967705555223,0.311,0.3111,0.0003215434083600932,0.2911,0.2911,0.0,2.4545,2.4543999999999997,4.0741495212960294e-05,2.6729217365268565,2.6735584720273984,0.00023821703862128305,0.4071477564865804,0.40734631728954074,0.0004876873316797171,grid body only
dataset121,"KDE, Variable",3.7977,0.001,0.25447364499225444,9.902167897658948,False,0.25648516991190007,0.0079046492995644,1.2047528563456895,1.2072215670138926,0.0020491428222808227,0.8048618867834145,0.8083310554696778,0.004310265827255871,0.6680721963380587,0.669579700658525,0.002256499116007941,0.25524341161423497,0.2555231070312321,0.0010957987719575249,0.14317118644880647,0.14339229185021826,0.0015443428730043546,0.3244979939161841,0.327057181612049,0.007886605599558519,0.311,0.3114,0.0012861736334405514,0.2911,0.2907,0.001374098248024773,2.4545,2.4530000000000003,0.000611122428192957,2.6729217365268565,2.6793284980156113,0.002396913235880852,0.4071477564865804,0.40913454814559036,0.004879780441760656,grid body only
dataset121,"KDE, Variable",3.7977,0.01,0.25447364499225444,9.902167897658948,False,0.27478807758071533,0.07982921999281775,1.2047528563456895,1.2301082806496413,0.02104616243107402,0.8048618867834145,0.8402186536096256,0.04392898633517406,0.6680721963380587,0.6830444659439994,0.022411155093729394,0.25524341161423497,0.25809373310426414,0.011167071745370018,0.14317118644880647,0.14541290951454452,0.01565764118703888,0.3244979939161841,0.33982247877700134,0.047225206775162516,0.311,0.3172,0.01993569131832792,0.2911,0.2877,0.011679835108210284,2.4545,2.4401,0.005866775310653798,2.6729217365268565,2.7414377220406014,0.02563336762817953,0.4071477564865804,0.42780227730792686,0.05072979156162247,grid body only
dataset121,"KDE, Variable",5.3015,0.0001,0.25447364499225444,9.902167897658948,False,0.2548257318677505,0.00138358876223412,1.2047528563456895,1.205257776602424,0.00041910691813255217,0.8048618867834145,0.8063300874740871,0.0018241647601678988,0.6680721963380587,0.6690104831740651,0.0014044692192692189,0.25524341161423497,0.2552827919719506,0.00015428550130465506,0.14317118644880647,0.143227268269385,0.00039171164233236464,0.3244979939161841,0.3272435731086933,0.008461005134035866,0.311,0.3111,0.0003215434083600932,0.2911,0.2911,0.0,2.4545,2.4543999999999997,4.0741495212960294e-05,2.6729217365268565,2.673558622849426,0.0002382734645262,0.4071477564865804,0.4077825333549927,0.0015590823191315125,grid body only
dataset121,"KDE, Variable",5.3015,0.001,0.25447364499225444,9.902167897658948,False,0.25799650773698374,0.013843723364109163,1.2047528563456895,1.208344595437866,0.002981307803719259,0.8048618867834145,0.8131079950954739,0.010245370600183988,0.6680721963380587,0.6729106896868515,0.0072424707618642566,0.25524341161423497,0.25557894395075736,0.0013145582657761346,0.14317118644880647,0.1435247138006959,0.0024692632690854798,0.3244979939161841,0.3271686924881517,0.008230246787465308,0.311,0.3114,0.0012861736334405514,0.2911,0.2907,0.001374098248024773,2.4545,2.4530000000000003,0.000611122428192957,2.6729217365268565,2.6793301515396983,0.0023975318563456377,0.4071477564865804,0.4116542555165533,0.011068460916648683,grid body only
dataset121,"KDE, Variable",5.3015,0.01,0.25447364499225444,9.902167897658948,False,0.2899014558315523,0.13921996063826647,1.2047528563456895,1.2433824762560293,0.03206435220872839,0.8048618867834145,0.8909099944137503,0.10691040170161643,0.6680721963380587,0.7165212727594368,0.07252071959729008,0.25524341161423497,0.25879811901729566,0.013926735192025773,0.14317118644880647,0.14692523632180735,0.026220707993805763,0.3244979939161841,0.3290231405976253,0.013945068278634657,0.311,0.3172,0.01993569131832792,0.2911,0.2877,0.011679835108210284,2.4545,2.4401,0.005866775310653798,2.6729217365268565,2.741481021313142,0.025649566857640332,0.4071477564865804,0.4562744944737229,0.12066071150943877,grid body only
dataset121,"KDE, Variable",7.4008,0.0001,0.25447364499225444,9.902167897658948,False,0.2550366611867881,0.0022124734942621485,1.2047528563456895,1.205682754153705,0.0007718577325776617,0.8048618867834145,0.8090797844421552,0.005240523533294999,0.6680721963380587,0.6710552851940442,0.004465219286683233,0.25524341161423497,0.25529466370983456,0.00020079693840264866,0.14317118644880647,0.14326812197994443,0.0006770603327550163,0.3244979939161841,0.3248879522905662,0.0012017281514622503,0.311,0.3111,0.0003215434083600932,0.2911,0.2911,0.0,2.4545,2.4543999999999997,4.0741495212960294e-05,2.6729217365268565,2.673558622849428,0.00023827346452686457,0.4071477564865804,0.4090080159310745,0.0045690033037315714,grid body only
dataset121,"KDE, Variable",7.4008,0.001,0.25447364499225444,9.902167897658948,False,0.2601058009273604,0.022132570684392068,1.2047528563456895,1.2100204415448004,0.004372336758834284,0.8048618867834145,0.8237802714718526,0.023505131748807688,0.6680721963380587,0.6807986404098716,0.01904950414277238,0.25524341161423497,0.25563509443962085,0.0015345462705922822,0.14317118644880647,0.14368016437630782,0.003555030450790752,0.3244979939161841,0.3271687625848351,0.008230462803233406,0.311,0.3114,0.0012861736334405514,0.2911,0.2907,0.001374098248024773,2.4545,2.4530000000000003,0.000611122428192957,2.6729217365268565,2.6793301515397294,0.0023975318563572677,0.4071477564865804,0.4175521336334961,0.02555430302919671,grid body only
dataset121,"KDE, Variable",7.4008,0.01,0.25447364499225444,9.902167897658948,False,0.3109943877353193,0.22210843384109658,1.2047528563456895,1.2620396379374885,0.047550650152068406,0.8048618867834145,0.9916426232173758,0.23206557485337026,0.6680721963380587,0.7857460204958269,0.17613938254395295,0.25524341161423497,0.25945861147941934,0.016514431610697405,0.14317118644880647,0.14864791459217994,0.03825300522554356,0.3244979939161841,0.32975725121592164,0.016207364601138224,0.311,0.3172,0.01993569131832792,0.2911,0.2877,0.011679835108210284,2.4545,2.4401,0.005866775310653798,2.6729217365268565,2.7414810213147898,0.025649566858256725,0.4071477564865804,0.5088841950929559,0.2498759651392767,grid body only
dataset121,"KDE, Variable",10.3314,0.0001,0.25447364499225444,9.902167897658948,True,0.25526228359216563,0.00309909735420809,1.2047528563456895,1.2062760155567427,0.0012642918446139119,0.8048618867834145,0.8147589292165318,0.01229657236307991,0.6680721963380587,0.675433249694921,0.01101835010828302,0.25524341161423497,0.2553045374275523,0.00023948047446465068,0.14317118644880647,0.14330584224218945,0.0009405229971404227,0.3244979939161841,0.3248879522905662,0.0012017281514622503,0.311,0.3111,0.0003215434083600932,0.2911,0.2911,0.0,2.4545,2.4543999999999997,4.0741495212960294e-05,2.6729217365268565,2.673558622849428,0.00023827346452686457,0.4071477564865804,0.41178988828564744,0.011401590025020888,grid body only
dataset121,"KDE, Variable",10.3314,0.001,0.25447364499225444,9.902167897658948,True,0.26236202498113587,0.03099880928385148,1.2047528563456895,1.212360162762615,0.006314412434763055,0.8048618867834145,0.8455126194028477,0.05050646985148169,0.6680721963380587,0.6974104275054462,0.04391476150062945,0.25524341161423497,0.25568472515219853,0.0017289909078262342,0.14317118644880647,0.14383923203411283,0.004666061669784633,0.3244979939161841,0.32716876258483674,0.008230462803238367,0.311,0.3114,0.0012861736334405514,0.2911,0.2907,0.001374098248024773,2.4545,2.4530000000000003,0.000611122428192957,2.6729217365268565,2.6793301515397294,0.0023975318563572677,0.4071477564865804,0.4296068930027813,0.05516212765117167,grid body only
dataset121,"KDE, Variable",10.3314,0.01,0.25447364499225444,9.902167897658948,True,0.33355662827307425,0.3107708198356922,1.2047528563456895,1.2880930328650775,0.06917616013974777,0.8048618867834145,1.1737381620841971,0.45831002978035895,0.6680721963380587,0.9112215749459313,0.3639567399162258,0.25524341161423497,0.26004512014889936,0.018812272192637435,0.14317118644880647,0.1504219138207528,0.05064376116306721,0.3244979939161841,0.32975725121592164,0.016207364601138224,0.311,0.3172,0.01993569131832792,0.2911,0.2877,0.011679835108210284,2.4545,2.4401,0.005866775310653798,2.6729217365268565,2.7414810213147898,0.025649566858256725,0.4071477564865804,0.5909695946084901,0.4514868010281384,grid body only
dataset121,"KDE, Variable",14.4225,0.0001,0.25447364499225444,9.902167897658948,True,0.2552831393201269,0.0031810536918159527,1.2047528563456895,1.207104204912521,0.0019517269076776516,0.8048618867834145,0.8261922847518767,0.026501935696952784,0.6680721963380587,0.6844415597174984,0.02450238682161304,0.25524341161423497,0.2553124798535083,0.00027059753995811617,0.14317118644880647,0.1433387032392454,0.00117004541621817,0.3244979939161841,0.3248879522905662,0.0012017281514622503,0.311,0.3111,0.0003215434083600932,0.2911,0.2911,0.0,2.4545,2.4543999999999997,4.0741495212960294e-05,2.6729217365268565,2.673558622849428,0.00023827346452686457,0.4071477564865804,0.4176952134087183,0.02590572280971299,grid body only
dataset121,"KDE, Variable",14.4225,0.001,0.25447364499225444,9.902167897658948,True,0.2625705822607488,0.03181837265993032,1.2047528563456895,1.2156263995348022,0.009025538417974646,0.8048618867834145,0.8880899712940825,0.10340666625833703,0.6680721963380587,0.7305616031651979,0.09353690689369484,0.25524341161423497,0.2557268601814127,0.0018940687405809013,0.14317118644880647,0.14399074250197366,0.005724308595153254,0.3244979939161841,0.32716876258483674,0.008230462803238367,0.311,0.3114,0.0012861736334405514,0.2911,0.2907,0.001374098248024773,2.4545,2.4530000000000003,0.000611122428192957,2.6729217365268565,2.6793301515397294,0.0023975318563572677,0.4071477564865804,0.45286874509036323,0.11229581368278958,grid body only
dataset121,"KDE, Variable",14.4225,0.01,0.25447364499225444,9.902167897658948,True,0.3356422010692032,0.31896645359647896,1.2047528563456895,1.3244634157257293,0.09936524221503096,0.8048618867834145,1.4766642803167802,0.8346803402732689,0.6680721963380587,1.1149151141389992,0.6688542349917351,0.25524341161423497,0.2605439503197127,0.020766603423593093,0.14317118644880647,0.1521091851523346,0.06242875347494641,0.3244979939161841,0.32975725121592164,0.016207364601138224,0.311,0.3172,0.01993569131832792,0.2911,0.2877,0.011679835108210284,2.4545,2.4401,0.005866775310653798,2.6729217365268565,2.7414810213147898,0.025649566858256725,0.4071477564865804,0.6947003259270351,0.7062609700268174,grid body only
dataset121,"KDE, Variable",20.1336,0.0001,0.25447364499225444,9.902167897658948,True,0.2552831412695859,0.003181061352565981,1.2047528563456895,1.2082603419489621,0.002911373552507436,0.8048618867834145,0.8486803244964245,0.05444218248192607,0.6680721963380587,0.7023985601707959,0.051381219007305266,0.25524341161423497,0.2553186953811231,0.00029494891332171433,0.14317118644880647,0.14336601501999857,0.0013608085259652872,0.3244979939161841,0.3248879522905662,0.0012017281514622503,0.311,0.3111,0.0003215434083600932,0.2911,0.2911,0.0,2.4545,2.4543999999999997,4.0741495212960294e-05,2.6729217365268565,2.673558622849428,0.00023827346452686457,0.4071477564865804,0.4296176573472845,0.0551885660739106,grid body only
dataset121,"KDE, Variable",20.1336,0.001,0.25447364499225444,9.902167897658948,True,0.2625706017553385,0.03181844926742995,1.2047528563456895,1.2201860057115361,0.012810220191267388,0.8048618867834145,0.9679333737505644,0.2026080370370822,0.6680721963380587,0.7932670668404579,0.18739721722986946,0.25524341161423497,0.25576138797137377,0.0020293427119742607,0.14317118644880647,0.14412653850715512,0.0066727955676350835,0.3244979939161841,0.32716876258483674,0.008230462803238367,0.311,0.3114,0.0012861736334405514,0.2911,0.2907,0.001374098248024773,2.4545,2.4530000000000003,0.000611122428192957,2.6729217365268565,2.6793301515397294,0.0023975318563572677,0.4071477564865804,0.4945191326404125,0.21459378017403324,grid body only
dataset121,"KDE, Variable",20.1336,0.01,0.25447364499225444,9.902167897658948,True,0.33564239601509976,0.3189672196714748,1.2047528563456895,1.375235798105888,0.14150864292392304,0.8048618867834145,1.947629415216184,1.4198305910592635,0.6680721963380587,1.4162148904927094,1.1198530611743565,0.25524341161423497,0.26095277161417146,0.02236829528264337,0.14317118644880647,0.1536129407517494,0.07293195343237979,0.3244979939161841,0.32975725121592164,0.016207364601138224,0.311,0.3172,0.01993569131832792,0.2911,0.2877,0.011679835108210284,2.4545,2.4401,0.005866775310653798,2.6729217365268565,2.7414810213147898,0.025649566858256725,0.4071477564865804,0.7976601327552475,0.9591416630624081,grid body only
dataset121,"KDE, Variable",28.1061,0.0001,0.25447364499225444,9.902167897658948,True,0.2552831412695859,0.003181061352565981,1.2047528563456895,1.209874269655188,0.004251007401661663,0.8048618867834145,0.8917376805020013,0.10793875961226221,0.6680721963380587,0.7370498760636879,0.1032488406248911,0.25524341161423497,0.25532345377517246,0.0003135914867744386,0.14317118644880647,0.14338788540729172,0.0015135654307281692,0.3244979939161841,0.3248879522905662,0.0012017281514622503,0.311,0.3111,0.0003215434083600932,0.2911,0.2911,0.0,2.4545,2.4543999999999997,4.0741495212960294e-05,2.6729217365268565,2.673558622849428,0.00023827346452686457,0.4071477564865804,0.45246576568204355,0.11130605160772099,grid body only
dataset121,"KDE, Variable",28.1061,0.001,0.25447364499225444,9.902167897658948,True,0.2625706017553386,0.03181844926743039,1.2047528563456895,1.226551059771877,0.018093506324862948,0.8048618867834145,1.1098429917857684,0.37892352714227007,0.6680721963380587,0.904848585750833,0.3544173679291399,0.25524341161423497,0.25578884345691033,0.0021369086051071266,0.14317118644880647,0.14424223227469507,0.0074808755340696476,0.3244979939161841,0.32716876258483674,0.008230462803238367,0.311,0.3114,0.0012861736334405514,0.2911,0.2907,0.001374098248024773,2.4545,2.4530000000000003,0.000611122428192957,2.6729217365268565,2.6793301515397294,0.0023975318563572677,0.4071477564865804,0.5612591900359991,0.3785147556241003,grid body only
dataset121,"KDE, Variable",28.1061,0.01,0.25447364499225444,9.902167897658948,True,0.3356423960151006,0.31896721967147806,1.2047528563456895,1.446112305000499,0.20033938694024908,0.8048618867834145,2.6463542206898176,2.287960660264116,0.6680721963380587,1.8299783575169182,1.7391925117490001,0.25524341161423497,0.26127758138366325,0.023640844366036324,0.14317118644880647,0.1548846519437689,0.08181440543660513,0.3244979939161841,0.32975725121592164,0.016207364601138224,0.311,0.3172,0.01993569131832792,0.2911,0.2877,0.011679835108210284,2.4545,2.4401,0.005866775310653798,2.6729217365268565,2.7414810213147898,0.025649566858256725,0.4071477564865804,0.8788918745488256,1.1586558210048588,grid body only
dataset121,"KDE, Variable",39.2356,0.0001,0.25447364499225444,9.902167897658948,True,0.2552831412695859,0.003181061352565981,1.2047528563456895,1.212127290465028,0.006121117771579254,0.8048618867834145,0.971278159452857,0.2067637633265451,0.6680721963380587,0.8013004633203414,0.19942196025003622,0.25524341161423497,0.25532703493813114,0.00032762187030531403,0.14317118644880647,0.14340490160364922,0.0016324175320452095,0.3244979939161841,0.3248879522905662,0.0012017281514622503,0.311,0.3111,0.0003215434083600932,0.2911,0.2911,0.0,2.4545,2.4543999999999997,4.0741495212960294e-05,2.6729217365268565,2.673558622849428,0.00023827346452686457,0.4071477564865804,0.4932652265906754,0.21151404798894777,grid body only
dataset121,"KDE, Variable",39.2356,0.001,0.25447364499225444,9.902167897658948,True,0.2625706017553386,0.03181844926743039,1.2047528563456895,1.2354365874187334,0.025468900871598817,0.8048618867834145,1.34715709111073,0.6737742378317452,0.6680721963380587,1.0904299782196192,0.6322038010212874,0.25524341161423497,0.25581014223675336,0.0022203535790961777,0.14317118644880647,0.14433681548176988,0.008141505716865758,0.3244979939161841,0.32716876258483674,0.008230462803238367,0.311,0.3114,0.0012861736334405514,0.2911,0.2907,0.001374098248024773,2.4545,2.4530000000000003,0.000611122428192957,2.6729217365268565,2.6793301515397294,0.0023975318563572677,0.4071477564865804,0.6523086110101626,0.6021422213870474,grid body only
dataset121,"KDE, Variable",39.2356,0.01,0.25447364499225444,9.902167897658948,True,0.3356423960151006,0.31896721967147806,1.2047528563456895,1.545054930711829,0.2824662938740474,0.8048618867834145,3.654085820304769,3.540015970824657,0.6680721963380587,2.365020005224849,2.540066505069908,0.25524341161423497,0.2615292359616013,0.02462678392994725,0.14317118644880647,0.1559164876639263,0.08902141227751259,0.3244979939161841,0.32975725121592164,0.016207364601138224,0.311,0.3172,0.01993569131832792,0.2911,0.2877,0.011679835108210284,2.4545,2.4401,0.005866775310653798,2.6729217365268565,2.7414810213147898,0.025649566858256725,0.4071477564865804,0.9324802609325601,1.2902748353061222,grid body only
dataset121,"KDE, Variable",54.7723,0.0001,0.25447364499225444,9.902167897658948,True,0.2552831412695859,0.003181061352565981,1.2047528563456895,1.2152724909157429,0.00873177806937264,0.8048618867834145,1.1113781763384885,0.38083091594764057,0.6680721963380587,0.9145094492355644,0.3688781755150356,0.25524341161423497,0.25532969520612486,0.00033804434498116036,0.14317118644880647,0.14341785440767102,0.0017228882778920745,0.3244979939161841,0.3248879522905662,0.0012017281514622503,0.311,0.3111,0.0003215434083600932,0.2911,0.2911,0.0,2.4545,2.4543999999999997,4.0741495212960294e-05,2.6729217365268565,2.673558622849428,0.00023827346452686457,0.4071477564865804,0.5587397151406228,0.3723266461350104,grid body only
dataset121,"KDE, Variable",54.7723,0.001,0.25447364499225444,9.902167897658948,True,0.2625706017553386,0.03181844926743039,1.2047528563456895,1.2478407185468983,0.03576489731836353,0.8048618867834145,1.721324687643971,1.1386584653960306,0.6680721963380587,1.379442634031402,1.0648107219438525,0.25524341161423497,0.25582634178266755,0.0022838206273218162,0.14317118644880647,0.1444116447983857,0.008664161975236376,0.3244979939161841,0.32716876258483674,0.008230462803238367,0.311,0.3114,0.0012861736334405514,0.2911,0.2907,0.001374098248024773,2.4545,2.4530000000000003,0.000611122428192957,2.6729217365268565,2.6793301515397294,0.0023975318563572677,0.4071477564865804,0.7533180405260169,0.850232571650794,grid body only
dataset121,"KDE, Variable",54.7723,0.01,0.25447364499225444,9.902167897658948,True,0.3356423960151006,0.31896721967147806,1.2047528563456895,1.6831781072147514,0.3971148508584929,0.8048618867834145,5.0849107640991695,5.3177432645254585,0.6680721963380587,3.0210176465005567,3.5219927772175357,0.25524341161423497,0.26172038390729035,0.02537566886484196,0.14317118644880647,0.15672725514545982,0.09468433581431956,0.3244979939161841,0.32975725121592164,0.016207364601138224,0.311,0.3172,0.01993569131832792,0.2911,0.2877,0.011679835108210284,2.4545,2.4401,0.005866775310653798,2.6729217365268565,2.7414810213147898,0.025649566858256725,0.4071477564865804,0.963914600792662,1.3674810567805071,grid body only
dataset121,"KDE, Variable",76.4611,0.0001,0.25447364499225444,9.902167897658948,True,0.2552831412695859,0.003181061352565981,1.2047528563456895,1.2196631030493015,0.012376187053698626,0.8048618867834145,1.3446025964808832,0.670600408045798,0.6680721963380587,1.1024377085108323,0.6501775026017929,0.25524341161423497,0.2553316521169565,0.00034571118668054614,0.14317118644880647,0.14342755372652471,0.0017906345828174969,0.3244979939161841,0.3248879522905662,0.0012017281514622503,0.311,0.3111,0.0003215434083600932,0.2911,0.2911,0.0,2.4545,2.4543999999999997,4.0741495212960294e-05,2.6729217365268565,2.673558622849428,0.00023827346452686457,0.4071477564865804,0.6485790112575869,0.592981911172496,grid body only
dataset121,"KDE, Variable",76.4611,0.001,0.25447364499225444,9.902167897658948,True,0.2625706017553386,0.03181844926743039,1.2047528563456895,1.2651565397452569,0.050137821281276335,0.8048618867834145,2.284050361140001,1.8378165231156374,0.6680721963380587,1.8053500016684905,1.7023276998567758,0.25524341161423497,0.2558384746421791,0.0023313550942639376,0.14317118644880647,0.14446935438763608,0.009067243004889104,0.3244979939161841,0.32716876258483674,0.008230462803238367,0.311,0.3114,0.0012861736334405514,0.2911,0.2907,0.001374098248024773,2.4545,2.4530000000000003,0.000611122428192957,2.6729217365268565,2.6793301515397294,0.0023975318563572677,0.4071477564865804,0.8429922540222564,1.070482375481397,grid body only
dataset121,"KDE, Variable",76.4611,0.01,0.25447364499225444,9.902167897658948,True,0.3356423960151006,0.31896721967147806,1.2047528563456895,1.8759942104114733,0.557161039735422,0.8048618867834145,7.0997284942369605,7.821051923095313,0.6680721963380587,3.784515141269937,4.6648295828118735,0.25524341161423497,0.2618633705167284,0.02593586592745673,0.14317118644880647,0.15734894011838169,0.09902658503598234,0.3244979939161841,0.32975725121592164,0.016207364601138224,0.311,0.3172,0.01993569131832792,0.2911,0.2877,0.011679835108210284,2.4545,2.4401,0.005866775310653798,2.6729217365268565,2.7414810213147898,0.025649566858256725,0.4071477564865804,0.9811448910350599,1.4098005586514841,grid body only
dataset121,"KDE, Variable",106.7384,0.0001,0.25447364499225444,9.902167897658948,True,0.2552831412695859,0.003181061352565981,1.2047528563456895,1.2257923439824743,0.01746373750098645,0.8048618867834145,1.7117385743497904,1.1267482066900418,0.6680721963380587,1.3964343820165546,1.0902447215598974,0.25524341161423497,0.25533308124872356,0.0003513102803378543,0.14317118644880647,0.14343472927904455,0.0018407532742791993,0.3244979939161841,0.3248879522905662,0.0012017281514622503,0.311,0.3111,0.0003215434083600932,0.2911,0.2911,0.0,2.4545,2.4543999999999997,4.0741495212960294e-05,2.6729217365268565,2.673558622849428,0.00023827346452686457,0.4071477564865804,0.7491722661842407,0.8400500905349663,grid body only
dataset121,"KDE, Variable",106.7384,0.001,0.25447364499225444,9.902167897658948,True,0.2625706017553386,0.03181844926743039,1.2047528563456895,1.2893292147281545,0.07020224765351944,0.8048618867834145,3.1036000035726974,2.856065313237854,0.6680721963380587,2.407143162599529,2.603118309359283,0.25524341161423497,0.2558474557347083,0.002366541477616091,0.14317118644880647,0.1445130041004445,0.009372120780166953,0.3244979939161841,0.32716876258483674,0.008230462803238367,0.311,0.3114,0.0012861736334405514,0.2911,0.2907,0.001374098248024773,2.4545,2.4530000000000003,0.000611122428192957,2.6729217365268565,2.6793301515397294,0.0023975318563572677,0.4071477564865804,0.9083363186857427,1.230974638111954,grid body only
dataset121,"KDE, Variable",106.7384,0.01,0.25447364499225444,9.902167897658948,True,0.3356423960151006,0.31896721967147806,1.2047528563456895,2.1451631363694745,0.7805835653930547,0.8048618867834145,9.92487889948392,11.331157758193946,0.6680721963380587,4.626631294942455,5.925346272906831,0.25524341161423497,0.2619691033452468,0.02635010905267475,0.14317118644880647,0.15781699409124209,0.10229577616633426,0.3244979939161841,0.32975725121592164,0.016207364601138224,0.311,0.3172,0.01993569131832792,0.2911,0.2877,0.011679835108210284,2.4545,2.4401,0.005866775310653798,2.6729217365268565,2.7414810213147898,0.025649566858256725,0.4071477564865804,0.9902572928664087,1.4321816271608208,grid body only
dataset121,"KDE, Variable",149.005,0.0001,0.25447364499225444,9.902167897658948,True,0.2552831412695859,0.003181061352565981,1.2047528563456895,1.2343486609204455,0.024565872094735923,0.8048618867834145,2.2638260399774754,1.8126888316512657,0.6680721963380587,1.8340247870397943,1.7452493863578464,0.25524341161423497,0.25533411939411094,0.0003553775562797171,0.14317118644880647,0.1434399906793435,0.0018775022908197627,0.3244979939161841,0.3248879522905662,0.0012017281514622503,0.311,0.3111,0.0003215434083600932,0.2911,0.2911,0.0,2.4545,2.4543999999999997,4.0741495212960294e-05,2.6729217365268565,2.673558622849428,0.00023827346452686457,0.4071477564865804,0.8394285830286295,1.0617296046829552,grid body only
dataset121,"KDE, Variable",149.005,0.001,0.25447364499225444,9.902167897658948,True,0.2625706017553386,0.03181844926743039,1.2047528563456895,1.3230738611937287,0.0982118483677522,0.8048618867834145,4.274248199879226,4.310536217537918,0.6680721963380587,3.2305439063113477,3.835620946387393,0.25524341161423497,0.2558540453912241,0.0023923586239789005,0.14317118644880647,0.14454554033615416,0.009599374856330578,0.3244979939161841,0.32716876258483674,0.008230462803238367,0.311,0.3114,0.0012861736334405514,0.2911,0.2907,0.001374098248024773,2.4545,2.4530000000000003,0.000611122428192957,2.6729217365268565,2.6793301515397294,0.0023975318563572677,0.4071477564865804,0.9494873929368677,1.3320462358194594,grid body only
dataset121,"KDE, Variable",149.005,0.01,0.25447364499225444,9.902167897658948,True,0.3356423960151006,0.31896721967147806,1.2047528563456895,2.5209184159319475,1.0924776419111473,0.8048618867834145,13.877654305214776,16.24228036275397,0.6680721963380587,5.50499937542977,7.240126449812804,0.25524341161423497,0.2620466175269475,0.026653796349480917,0.14317118644880647,0.15816462865824943,0.10472388042131749,0.3244979939161841,0.32975725121592164,0.016207364601138224,0.311,0.3172,0.01993569131832792,0.2911,0.2877,0.011679835108210284,2.4545,2.4401,0.005866775310653798,2.6729217365268565,2.7414810213147898,0.025649566858256725,0.4071477564865804,0.994991586456247,1.4438095767550714,grid body only
dataset121,"KDE, Variable",208.0084,0.0001,0.25447364499225444,9.902167897658948,True,0.2552831412695859,0.003181061352565981,1.2047528563456895,1.2462931227607144,0.03448032199817865,0.8048618867834145,3.068153828845377,2.8120252421282887,0.6680721963380587,2.4618236053882616,2.6849664136337243,0.25524341161423497,0.2553348705954192,0.0003583206344321288,0.14317118644880647,0.14344382358889216,0.0019042738057016228,0.3244979939161841,0.3248879522905662,0.0012017281514622503,0.311,0.3111,0.0003215434083600932,0.2911,0.2911,0.0,2.4545,2.4543999999999997,4.0741495212960294e-05,2.6729217365268565,2.673558622849428,0.00023827346452686457,0.4071477564865804,0.9058256296220527,1.2248081075989146,grid body only
dataset121,"KDE, Variable",208.0084,0.001,0.25447364499225444,9.902167897658948,True,0.2625706017553386,0.03181844926743039,1.2047528563456895,1.3701807700358613,0.1373127383087973,0.8048618867834145,5.9283515557910995,6.3656755937138785,0.6680721963380587,4.326693006818319,5.476385382499768,0.25524341161423497,0.25585884885362564,0.0024111777675218447,0.14317118644880647,0.14456953110404808,0.00976694186816431,0.3244979939161841,0.32716876258483674,0.008230462803238367,0.311,0.3114,0.0012861736334405514,0.2911,0.2907,0.001374098248024773,2.4545,2.4530000000000003,0.000611122428192957,2.6729217365268565,2.6793301515397294,0.0023975318563572677,0.4071477564865804,0.9730980769270099,1.39003669165271,grid body only
dataset121,"KDE, Variable",208.0084,0.01,0.25447364499225444,9.902167897658948,True,0.3356423960151006,0.31896721967147806,1.2047528563456895,3.0454659088018756,1.5278760641742901,0.8048618867834145,19.402010601765838,23.106012373507816,0.6680721963380587,6.370785680342365,8.536073668778474,0.25524341161423497,0.2621030841524219,0.026875022923429526,0.14317118644880647,0.15842026179468244,0.10650938728742435,0.3244979939161841,0.32975725121592164,0.016207364601138224,0.311,0.3172,0.01993569131832792,0.2911,0.2877,0.011679835108210284,2.4545,2.4401,0.005866775310653798,2.6729217365268565,2.7414810213147898,0.025649566858256725,0.4071477564865804,0.9974308560906243,1.4498006932367797,grid body only
dataset121,"KDE, Variable",290.3761,0.0001,0.25447364499225444,9.902167897658948,True,0.2552831412695859,0.003181061352565981,1.2047528563456895,1.2629673796598206,0.04832071823486689,0.8048618867834145,4.2174717361424765,4.239994346107462,0.6680721963380587,3.3393354444977428,3.99846493058958,0.25524341161423497,0.2553354126338878,0.0003604442483784456,0.14317118644880647,0.14344660273470428,0.0019236851543189958,0.3244979939161841,0.3248879522905662,0.0012017281514622503,0.311,0.3111,0.0003215434083600932,0.2911,0.2911,0.0,2.4545,2.4543999999999997,4.0741495212960294e-05,2.6729217365268565,2.673558622849428,0.00023827346452686457,0.4071477564865804,0.9479396176590076,1.3282447282507663,grid body only
dataset121,"KDE, Variable",290.3761,0.001,0.25447364499225444,9.902167897658948,True,0.2625706017553386,0.03181844926743039,1.2047528563456895,1.4359411793586485,0.1918968872289789,0.8048618867834145,8.252015196151408,9.252709603544684,0.6680721963380587,5.746764083914011,7.602010554269535,0.25524341161423497,0.2558623334929115,0.002424829987823269,0.14317118644880647,0.14458708039189808,0.009889517424638271,0.3244979939161841,0.32716876258483674,0.008230462803238367,0.311,0.3114,0.0012861736334405514,0.2911,0.2907,0.001374098248024773,2.4545,2.4530000000000003,0.000611122428192957,2.6729217365268565,2.6793301515397294,0.0023975318563572677,0.4071477564865804,0.9859370779522171,1.4215707006719402,grid body only
dataset121,"KDE, Variable",290.3761,0.01,0.25447364499225444,9.902167897658948,True,0.3356423960151006,0.31896721967147806,1.2047528563456895,3.7777249062234275,2.1356845400493114,0.8048618867834145,27.118445250315073,32.69329035903591,0.6680721963380587,7.178512444259804,9.745114799879088,0.25524341161423497,0.2621440274129669,0.02703543161051787,0.14317118644880647,0.15860687822293243,0.10781283690517769,0.3244979939161841,0.32975725121592164,0.016207364601138224,0.311,0.3172,0.01993569131832792,0.2911,0.2877,0.011679835108210284,2.4545,2.4401,0.005866775310653798,2.6729217365268565,2.7414810213147898,0.025649566858256725,0.4071477564865804,0.9986830931603377,1.452876326222012,grid body only
dataset121,"KDE, Variable",405.36,0.0001,0.25447364499225444,9.902167897658948,True,0.2552831412695859,0.003181061352565981,1.2047528563456895,1.286244357016978,0.06764167459081366,0.8048618867834145,5.841855350655023,6.258208453628822,0.6680721963380587,4.541792792936555,5.798356252260962,0.25524341161423497,0.2553358029517563,0.0003619734469814656,0.14317118644880647,0.1434486109765362,0.0019377120118294032,0.3244979939161841,0.3248879522905662,0.0012017281514622503,0.311,0.3111,0.0003215434083600932,0.2911,0.2911,0.0,2.4545,2.4543999999999997,4.0741495212960294e-05,2.6729217365268565,2.673558622849428,0.00023827346452686457,0.4071477564865804,0.972217879894799,1.3878748302198818,grid body only
dataset121,"KDE, Variable",405.36,0.001,0.25447364499225444,9.902167897658948,True,0.2625706017553386,0.03181844926743039,1.2047528563456895,1.5277415857015508,0.26809542526055113,0.8048618867834145,11.50634531166576,13.29604942240491,0.6680721963380587,7.531604441062561,10.273638511445267,0.25524341161423497,0.2558648525449504,0.002434699202558239,0.14317118644880647,0.1445998432420947,0.009978661410332615,0.3244979939161841,0.32716876258483674,0.008230462803238367,0.311,0.3114,0.0012861736334405514,0.2911,0.2907,0.001374098248024773,2.4545,2.4530000000000003,0.000611122428192957,2.6729217365268565,2.6793301515397294,0.0023975318563572677,0.4071477564865804,0.9927194194664167,1.438228882882563,grid body only
dataset121,"KDE, Variable",405.36,0.01,0.25447364499225444,9.902167897658948,True,0.3356423960151006,0.31896721967147806,1.2047528563456895,4.799945938662373,2.984174773589485,0.8048618867834145,37.893689653246426,46.080984048935946,0.6680721963380587,7.894607592977697,10.816997678171385,0.25524341161423497,0.26217361456021565,0.027151348989390253,0.14317118644880647,0.15874239310089627,0.108759360303671,0.3244979939161841,0.32975725121592164,0.016207364601138224,0.311,0.3172,0.01993569131832792,0.2911,0.2877,0.011679835108210284,2.4545,2.4401,0.005866775310653798,2.6729217365268565,2.7414810213147898,0.025649566858256725,0.4071477564865804,0.9993250535711373,1.4544530521171497,grid body only
dataset121,"KDE, Variable",565.8756,0.0001,0.25447364499225444,9.902167897658948,True,0.2552831412695859,0.003181061352565981,1.2047528563456895,1.3187386278381152,0.09461340630324172,0.8048618867834145,8.124133359973541,9.093822919657912,0.6680721963380587,6.160533397957641,8.221358756921356,0.25524341161423497,0.25533608360368104,0.0003630729931871076,0.14317118644880647,0.1434500585970311,0.001947823127975239,0.3244979939161841,0.3248879522905662,0.0012017281514622503,0.311,0.3111,0.0003215434083600932,0.2911,0.2911,0.0,2.4545,2.4543999999999997,4.0741495212960294e-05,2.6729217365268565,2.673558622849428,0.00023827346452686457,0.4071477564865804,0.985458944786956,1.4203963526431385,grid body only
dataset121,"KDE, Variable",565.8756,0.001,0.25447364499225444,9.902167897658948,True,0.2625706017553386,0.03181844926743039,1.2047528563456895,1.6558934165611288,0.37446730907437653,0.8048618867834145,16.05691291692017,18.949898461574225,0.6680721963380587,9.696827559267861,13.514640202690101,0.25524341161423497,0.2558666689372133,0.0024418155165561,0.14317118644880647,0.144609085971957,0.010043218602960247,0.3244979939161841,0.32716876258483674,0.008230462803238367,0.311,0.3114,0.0012861736334405514,0.2911,0.2907,0.001374098248024773,2.4545,2.4530000000000003,0.000611122428192957,2.6729217365268565,2.6793301515397294,0.0023975318563572677,0.4071477564865804,0.9962489710564264,1.4468978526454506,grid body only
dataset121,"KDE, Variable",565.8756,0.01,0.25447364499225444,9.902167897658948,True,0.3356423960151006,0.31896721967147806,1.2047528563456895,6.226949391794117,4.168652939061693,0.8048618867834145,52.93805999111188,64.77284980243738,0.6680721963380587,8.501443750429981,11.725336867825689,0.25524341161423497,0.2621949429809032,0.02723491009113482,0.14317118644880647,0.15884042406874185,0.1094440718736253,0.3244979939161841,0.32975725121592164,0.016207364601138224,0.311,0.3172,0.01993569131832792,0.2911,0.2877,0.011679835108210284,2.4545,2.4401,0.005866775310653798,2.6729217365268565,2.7414810213147898,0.025649566858256725,0.4071477564865804,0.9996540310209455,1.4552610571830429,grid body only
dataset121,"KDE, Variable",789.9526,0.0001,0.25447364499225444,9.902167897658948,True,0.2552831412695859,0.003181061352565981,1.2047528563456895,1.3641000676158554,0.13226547704855007,0.8048618867834145,11.320792954058971,13.065510045831449,0.6680721963380587,8.299092729938213,11.422448914097146,0.25524341161423497,0.2553362851883856,0.00036386276755685586,0.14317118644880647,0.1434511002569484,0.0019550987533516278,0.3244979939161841,0.3248879522905662,0.0012017281514622503,0.311,0.3111,0.0003215434083600932,0.2911,0.2911,0.0,2.4545,2.4543999999999997,4.0741495212960294e-05,2.6729217365268565,2.673558622849428,0.00023827346452686457,0.4071477564865804,0.9924661689090664,1.437606871454732,grid body only
dataset121,"KDE, Variable",789.9526,0.001,0.25447364499225444,9.902167897658948,True,0.2625706017553386,0.03181844926743039,1.2047528563456895,1.834791154871441,0.5229606181941847,0.8048618867834145,22.414861609614295,26.849326670435392,0.6680721963380587,12.216573831905595,17.28630782551494,0.25524341161423497,0.2558679762552307,0.0024469373647915873,0.14317118644880647,0.14461575902378607,0.010089827505174238,0.3244979939161841,0.32716876258483674,0.008230462803238367,0.311,0.3114,0.0012861736334405514,0.2911,0.2907,0.001374098248024773,2.4545,2.4530000000000003,0.000611122428192957,2.6729217365268565,2.6793301515397294,0.0023975318563572677,0.4071477564865804,0.9980719748004043,1.451375351820957,grid body only
dataset121,"KDE, Variable",789.9526,0.01,0.25447364499225444,9.902167897658948,True,0.3356423960151006,0.31896721967147806,1.2047528563456895,8.2190215191599,5.822163961569849,0.8048618867834145,73.94139126243961,90.86842174617342,0.6680721963380587,8.996373971046307,12.466170303686685,0.25524341161423497,0.2622102907359061,0.027295039968360187,0.14317118644880647,0.1589111438954977,0.10993802480165486,0.3244979939161841,0.32975725121592164,0.016207364601138224,0.311,0.3172,0.01993569131832792,0.2911,0.2877,0.011679835108210284,2.4545,2.4401,0.005866775310653798,2.6729217365268565,2.7414810213147898,0.025649566858256725,0.4071477564865804,0.9998226259317566,1.4556751449635232,grid body only
dataset121,"KDE, Variable",1102.7602,0.0001,0.25447364499225444,9.902167897658948,True,0.2552831412695859,0.003181061352565981,1.2047528563456895,1.4274238496613993,0.18482711382907652,0.8048618867834145,15.790941218664393,18.619442140280746,0.6680721963380587,11.06254545376286,15.558907127703572,0.25524341161423497,0.2553364298710784,0.0003644296095838896,0.14317118644880647,0.1434518488498062,0.0019603274091751456,0.3244979939161841,0.3248879522905662,0.0012017281514622503,0.311,0.3111,0.0003215434083600932,0.2911,0.2911,0.0,2.4545,2.4543999999999997,4.0741495212960294e-05,2.6729217365268565,2.673558622849428,0.00023827346452686457,0.4071477564865804,0.9961166708516428,1.4465729086842574,grid body only
dataset121,"KDE, Variable",1102.7602,0.001,0.25447364499225444,9.902167897658948,True,0.2625706017553386,0.03181844926743039,1.2047528563456895,2.0845292902725627,0.7302546985407867,0.8048618867834145,31.294341495360033,37.881629269869045,0.6680721963380587,15.012665756914426,21.471621838484204,0.25524341161423497,0.2558689159249416,0.0024506188298877196,0.14317118644880647,0.14462056620463182,0.010123403959801647,0.3244979939161841,0.32716876258483674,0.008230462803238367,0.311,0.3114,0.0012861736334405514,0.2911,0.2907,0.001374098248024773,2.4545,2.4530000000000003,0.000611122428192957,2.6729217365268565,2.6793301515397294,0.0023975318563572677,0.4071477564865804,0.9990100848229087,1.4536794539744344,grid body only
dataset121,"KDE, Variable",1102.7602,0.01,0.25447364499225444,9.902167897658948,True,0.3356423960151006,0.31896721967147806,1.2047528563456895,10.999919608603246,8.130436629109722,0.8048618867834145,103.26285729353484,127.29885349176996,0.6680721963380587,9.387601088718048,13.05177635018315,0.25524341161423497,0.26222132076722426,0.027338253743197236,0.14317118644880647,0.15896206014075467,0.11029365673095491,0.3244979939161841,0.32975725121592164,0.016207364601138224,0.311,0.3172,0.01993569131832792,0.2911,0.2877,0.011679835108210284,2.4545,2.4401,0.005866775310653798,2.6729217365268565,2.7414810213147898,0.025649566858256725,0.4071477564865804,0.9999090447232752,1.4558873990902912,grid body only
dataset121,"KDE, Variable",1539.4343,0.0001,0.25447364499225444,9.902167897658948,True,0.2552831412695859,0.003181061352565981,1.2047528563456895,1.5158227745383335,0.2582022665928307,0.8048618867834145,22.036699423945198,26.379479368831383,0.6680721963380587,14.537780929341693,20.76079323316917,0.25524341161423497,0.2553365336569692,0.00036483622494024314,0.14317118644880647,0.14345238633867738,0.001964081578463815,0.3244979939161841,0.3248879522905662,0.0012017281514622503,0.311,0.3111,0.0003215434083600932,0.2911,0.2911,0.0,2.4545,2.4543999999999997,4.0741495212960294e-05,2.6729217365268565,2.673558622849428,0.00023827346452686457,0.4071477564865804,0.9980033822702091,1.4512068809670655,grid body only
dataset121,"KDE, Variable",1539.4343,0.001,0.25447364499225444,9.902167897658948,True,0.2625706017553386,0.03181844926743039,1.2047528563456895,2.4331594882343826,1.0196337160924036,0.8048618867834145,43.69273324710368,53.286001069971455,0.6680721963380587,17.957200692507513,25.87913191259465,0.25524341161423497,0.2558695906913205,0.0024532624490691732,0.14317118644880647,0.14462402373899913,0.010147553612068089,0.3244979939161841,0.32716876258483674,0.008230462803238367,0.311,0.3114,0.0012861736334405514,0.2911,0.2907,0.001374098248024773,2.4545,2.4530000000000003,0.000611122428192957,2.6729217365268565,2.6793301515397294,0.0023975318563572677,0.4071477564865804,0.9994919883351548,1.4548630623931686,grid body only
dataset121,"KDE, Variable",1539.4343,0.01,0.25447364499225444,9.902167897658948,True,0.3356423960151006,0.31896721967147806,1.2047528563456895,14.882006138468114,11.35274609234701,0.8048618867834145,144.19597066323934,178.15616707794484,0.6680721963380587,9.689283106160728,13.50334733172722,0.25524341161423497,0.26222924049059637,0.027369281863852814,0.14317118644880647,0.1589986660653372,0.11054933614166934,0.3244979939161841,0.32975725121592164,0.016207364601138224,0.311,0.3172,0.01993569131832792,0.2911,0.2877,0.011679835108210284,2.4545,2.4401,0.005866775310653798,2.6729217365268565,2.7414810213147898,0.025649566858256725,0.4071477564865804,0.999953351408344,1.4559962212177937,grid body only
dataset121,"KDE, Variable",2149.0237,0.0001,0.25447364499225444,9.902167897658948,True,0.2552831412695859,0.003181061352565981,1.2047528563456895,1.6392261263203036,0.3606326954828544,0.8048618867834145,30.759617954738303,37.21726243948188,0.6680721963380587,18.764719193310306,27.087861306257626,0.25524341161423497,0.25533660807694636,0.00036512778967333484,0.14317118644880647,0.14345277200250792,0.001966775303647657,0.3244979939161841,0.3248879522905662,0.0012017281514622503,0.311,0.3111,0.0003215434083600932,0.2911,0.2911,0.0,2.4545,2.4543999999999997,4.0741495212960294e-05,2.6729217365268565,2.673558622849428,0.00023827346452686457,0.4071477564865804,0.998974671846385,1.4535924757805,grid body only
dataset121,"KDE, Variable",2149.0237,0.001,0.25447364499225444,9.902167897658948,True,0.2625706017553386,0.03181844926743039,1.2047528563456895,2.919841142120937,1.423601759266652,0.8048618867834145,61.002667813516304,74.79271526610616,0.6680721963380587,20.892461214244246,30.272759634008505,0.25524341161423497,0.25587007489989355,0.0024551594953827614,0.14317118644880647,0.14462650770841232,0.010164903258144219,0.3244979939161841,0.32716876258483674,0.008230462803238367,0.311,0.3114,0.0012861736334405514,0.2911,0.2907,0.001374098248024773,2.4545,2.4530000000000003,0.000611122428192957,2.6729217365268565,2.6793301515397294,0.0023975318563572677,0.4071477564865804,0.9997393441683958,1.455470595725479,grid body only
dataset121,"KDE, Variable",2149.0237,0.01,0.25447364499225444,9.902167897658948,True,0.3356423960151006,0.31896721967147806,1.2047528563456895,20.301330981614207,15.851033699304201,0.8048618867834145,201.33848481688807,249.1528375526962,0.6680721963380587,9.917501714504787,13.844955034599765,0.25524341161423497,0.262234923215354,0.027391545806814986,0.14317118644880647,0.15902495667873473,0.11073296675932116,0.3244979939161841,0.32975725121592164,0.016207364601138224,0.311,0.3172,0.01993569131832792,0.2911,0.2877,0.011679835108210284,2.4545,2.4401,0.005866775310653798,2.6729217365268565,2.7414810213147898,0.025649566858256725,0.4071477564865804,0.9999760719284004,1.4560520253323799,grid body only
dataset121,"KDE, Variable",3000.0,0.0001,0.25447364499225444,9.902167897658948,True,0.2552831412695859,0.003181061352565981,1.2047528563456895,1.8114950793352647,0.5036238094757234,0.8048618867834145,42.93949214552839,52.3501372727856,0.6680721963380587,23.703896651646,34.48104049468828,0.25524341161423497,0.2553366614250108,0.0003653367982590163,0.14317118644880647,0.14345304859769126,0.0019687072229828332,0.3244979939161841,0.3248879522905662,0.0012017281514622503,0.311,0.3111,0.0003215434083600932,0.2911,0.2911,0.0,2.4545,2.4543999999999997,4.0741495212960294e-05,2.6729217365268565,2.673558622849428,0.00023827346452686457,0.4071477564865804,0.9994737489594293,1.454818264465549,grid body only
dataset121,"KDE, Variable",3000.0,0.001,0.25447364499225444,9.902167897658948,True,0.2625706017553386,0.03181844926743039,1.2047528563456895,3.5992403460806264,1.987534187715482,0.8048618867834145,85.16846797296967,104.81749412106055,0.6680721963380587,23.66290099679323,34.41967638602236,0.25524341161423497,0.2558704221935665,0.002456520132551551,0.14317118644880647,0.14462829078389453,0.010177357408496927,0.3244979939161841,0.32716876258483674,0.008230462803238367,0.311,0.3114,0.0012861736334405514,0.2911,0.2907,0.001374098248024773,2.4545,2.4530000000000003,0.000611122428192957,2.6729217365268565,2.6793301515397294,0.0023975318563572677,0.4071477564865804,0.9998662673530225,1.455782333129418,grid body only
dataset121,"KDE, Variable",3000.0,0.01,0.25447364499225444,9.902167897658948,True,0.3356423960151006,0.31896721967147806,1.2047528563456895,27.86661509501666,22.130565699211477,0.8048618867834145,281.1088827454435,348.2635039147889,0.6680721963380587,10.08765800176835,14.099652488252604,0.25524341161423497,0.26223899887270413,0.02740751353473531,0.14317118644880647,0.15904382487663776,0.11086475443511709,0.3244979939161841,0.32975725121592164,0.016207364601138224,0.311,0.3172,0.01993569131832792,0.2911,0.2877,0.011679835108210284,2.4545,2.4401,0.005866775310653798,2.6729217365268565,2.7414810213147898,0.025649566858256725,0.4071477564865804,0.9999877249878298,1.456080646537443,grid body only
dataset121,"Lognormal, Variable",1.0,0.0001,0.32499050353354253,9.902167897658948,False,0.32498795730318075,7.834783890891661e-06,1.0533561684032333,1.053351003482855,4.903299124459454e-06,1.2101553582850753,1.2100934100483876,5.11903172295918e-05,1.148856763348651,1.148803585934101,4.628724506527772e-05,0.21644713144051403,0.21644994509629195,1.2999274969350371e-05,0.14564093485358423,0.14563491484688282,4.133457882198234e-05,0.4029456261044014,0.40293460311275936,2.735602753300991e-05,0.2007,0.2007,0.0,0.4273,0.4272,0.00023402761525857473,2.8680000000000003,2.8678999999999997,3.486750348697877e-05,3.1156705721142615,3.115525776073708,4.6473475677937774e-05,0.6609609049855003,0.6609378808116224,3.4834395959318914e-05,grid body only
dataset121,"Lognormal, Variable",1.0,0.001,0.32499050353354253,9.902167897658948,False,0.3249661810533638,7.48405873842428e-05,1.0533561684032333,1.0533045222528434,4.903009251673452e-05,1.2101553582850753,1.209535741581523,0.0005120141800885931,1.148856763348651,1.1483248348678188,0.0004630067888374784,0.21644713144051403,0.21647526803240671,0.00012999290729994473,0.14564093485358423,0.14558072202557737,0.00041343340776681104,0.4029456261044014,0.402835339859895,0.0002737000661171091,0.2007,0.2006,0.0004982561036372147,0.4273,0.4269,0.0009361104610344288,2.8680000000000003,2.8673,0.00024407252440730295,3.1156705721142615,3.1142221325407244,0.00046488854967555935,0.6609609049855003,0.6607305237227648,0.0003485550521942159,grid body only
dataset121,"Lognormal, Variable",1.0,0.01,0.32499050353354253,9.902167897658948,False,0.3248718028493211,0.0003652435469062181,1.0533561684032333,1.0528399583088017,0.0004900622504675752,1.2101553582850753,1.2039457015454351,0.005131288885453442,1.148856763348651,1.1435220443944374,0.004643502240143671,0.21644713144051403,0.21672849214939538,0.0012999050022461346,0.14564093485358423,0.14503753312489173,0.004143077832472791,0.4029456261044014,0.4012691792724074,0.004160479040811358,0.2007,0.1991,0.007972097658196266,0.4273,0.4242,0.007254856073016596,2.8680000000000003,2.8657,0.0008019525801954019,3.1156705721142615,3.1011379879192367,0.0046643519777391385,0.6609609049855003,0.6586430371533989,0.003506815326925069,grid body only
dataset121,"Lognormal, Variable",1.396,0.0001,0.32499050353354253,9.902167897658948,False,0.3249504234047577,0.00012332707678849864,1.0533561684032333,1.0533915053427159,3.354700009599884e-05,1.2101553582850753,1.2100988501795877,4.669491821909259e-05,1.148856763348651,1.1487645799705666,8.023922652967016e-05,0.21644713144051403,0.21645661390749488,4.380962185887891e-05,0.14564093485358423,0.14563805872044092,1.9748109597113826e-05,0.4029456261044014,0.4029360372892205,2.37967967876332e-05,0.2007,0.2007,0.0,0.4273,0.4272,0.00023402761525857473,2.8680000000000003,2.8678999999999997,3.486750348697877e-05,3.1156705721142615,3.115525776073708,4.6473475677937774e-05,0.6609609049855003,0.6609396839179921,3.210638836301894e-05,grid body only
dataset121,"Lognormal, Variable",1.396,0.001,0.32499050353354253,9.902167897658948,False,0.32459164162045334,0.0012273032865651754,1.0533561684032333,1.0537095377619015,0.0003354699666341825,1.2101553582850753,1.2095901203496733,0.0004670788188741149,1.148856763348651,1.1479350589526456,0.0008022796447826265,0.21644713144051403,0.2165419565325517,0.00043809816931547813,0.14564093485358423,0.14561214845294015,0.00019765322622390392,0.4029456261044014,0.40284969133350923,0.00023808366359408348,0.2007,0.2009,0.0009965122072745677,0.4273,0.4267,0.0014041656915515783,2.8680000000000003,2.8665000000000003,0.000523012552301275,3.1156705721142615,3.1142221325407244,0.00046488854967555935,0.6609609049855003,0.6607485472055199,0.00032128644580736357,grid body only
dataset121,"Lognormal, Variable",1.396,0.01,0.32499050353354253,9.902167897658948,False,0.32119063449089924,0.011692246392827604,1.0533561684032333,1.056889781059785,0.0033546228356058057,1.2101553582850753,1.2044871979611977,0.004683828638258419,1.148856763348651,1.1396526104674898,0.008011575659208642,0.21644713144051403,0.2173954074951254,0.004381097814973735,0.14564093485358423,0.14535052729648204,0.0019939967935123652,0.4029456261044014,0.39953512221699555,0.00846393077988686,0.2007,0.2018,0.005480817140010053,0.4273,0.4231,0.009829159840861308,2.8680000000000003,2.8575999999999997,0.003626220362622256,3.1156705721142615,3.1011379879192367,0.0046643519777391385,0.6609609049855003,0.658822562791773,0.0032352022299628096,grid body only
dataset121,"Lognormal, Variable",1.9488,0.0001,0.32499050353354253,9.902167897658948,False,0.3248975494184634,0.0002860210192866543,1.0533561684032333,1.0534467363311875,8.598034612683226e-05,1.2101553582850753,1.2101280349346124,2.257838241659251e-05,1.148856763348651,1.1487320556415552,0.00010854939542883828,0.21644713144051403,0.2164639402683114,7.765789126193633e-05,0.14564093485358423,0.14564462580540782,2.5342818811918444e-05,0.4029456261044014,0.4029431268116769,6.2025557856604965e-06,0.2007,0.2007,0.0,0.4273,0.4272,0.00023402761525857473,2.8680000000000003,2.8678999999999997,3.486750348697877e-05,3.1156705721142615,3.1155257798052136,4.647227802058451e-05,0.6609609049855003,0.6609512304355345,1.4637098643561104e-05,grid body only
dataset121,"Lognormal, Variable",1.9488,0.001,0.32499050353354253,9.902167897658948,False,0.3240642721682845,0.002850025939796264,1.0533561684032333,1.0542619292780098,0.0008598809234197398,1.2101553582850753,1.209881856848,0.00022600522751289152,1.148856763348651,1.1476103075035287,0.0010849532203555702,0.21644713144051403,0.21661523108382089,0.0007766314212071495,0.14564093485358423,0.14567777743282131,0.00025296857146737424,0.4029456261044014,0.4034118035680607,0.0011569239953446245,0.2007,0.2012,0.00249128051818635,0.4273,0.4267,0.0014041656915515783,2.8680000000000003,2.866,0.0006973500697350849,3.1156705721142615,3.114222170617752,0.0004648763285414979,0.6609609049855003,0.6608640026856433,0.00014660821710652265,grid body only
dataset121,"Lognormal, Variable",1.9488,0.01,0.32499050353354253,9.902167897658948,False,0.3160771470119345,0.027426513774080365,1.0533561684032333,1.0624206564768328,0.00860534009815523,1.2101553582850753,1.2073925237566414,0.0022830411893139803,1.148856763348651,1.1364543002774061,0.010795482489126517,0.21644713144051403,0.21812910621922516,0.00777083423336281,0.14564093485358423,0.1460024903558341,0.002482512918592189,0.4029456261044014,0.398546554476715,0.010917283481187609,0.2007,0.2059,0.02590931738913807,0.4273,0.4231,0.009829159840861308,2.8680000000000003,2.8525,0.005404463040446405,3.1156705721142615,3.101138454114505,0.004664202348547805,0.6609609049855003,0.6599757681796761,0.0014904615362172585,grid body only
dataset121,"Lognormal, Variable",2.7204,0.0001,0.32499050353354253,9.902167897658948,False,0.32491959163436585,0.0002181968346941729,1.0533561684032333,1.053522777141128,0.00015816942349823276,1.2101553582850753,1.2102107882873208,4.580403818899337e-05,1.148856763348651,1.1487276920309082,0.00011234761535167814,0.21644713144051403,0.21647171965042047,0.00011359914886745887,0.14564093485358423,0.14565568656821218,0.00010128824456378037,0.4029456261044014,0.4029785514201861,8.171156019998059e-05,0.2007,0.2007,0.0,0.4273,0.4272,0.00023402761525857473,2.8680000000000003,2.8678999999999997,3.486750348697877e-05,3.1156705721142615,3.1157666963349953,3.085185628869821e-05,0.6609609049855003,0.660982168150472,3.217007966924686e-05,grid body only
dataset121,"Lognormal, Variable",2.7204,0.001,0.32499050353354253,9.902167897658948,False,0.3242846947900192,0.002171782670106486,1.0533561684032333,1.0550223026203485,0.0015817387006341955,1.2101553582850753,1.2107085607133674,0.0004571333957287135,1.148856763348651,1.1475667933335083,0.0011228292823752771,0.21644713144051403,0.2166930200289843,0.0011360214701567875,0.14564093485358423,0.14578819457459255,0.0010111149118643221,0.4029456261044014,0.40490152314326033,0.004853997443198929,0.2007,0.2013,0.0029895366218237033,0.4273,0.4267,0.0014041656915515783,2.8680000000000003,2.8659,0.0007322175732219088,3.1156705721142615,3.1166210381740664,0.0003050598700362603,0.6609609049855003,0.6611731074619795,0.0003210514795635224,grid body only
dataset121,"Lognormal, Variable",2.7204,0.01,0.32499050353354253,9.902167897658948,False,0.3182814620022205,0.02064380792169691,1.0533561684032333,1.0700175837892978,0.015817456512663954,1.2101553582850753,1.2155723365911837,0.004476266843775244,1.148856763348651,1.1360302438081689,0.011164594185872106,0.21644713144051403,0.21890624344770346,0.011361259402346316,0.14564093485358423,0.147087453031739,0.009932085231456323,0.4029456261044014,0.4074791056332423,0.011250846851645235,0.2007,0.2075,0.033881415047334336,0.4273,0.4231,0.009829159840861308,2.8680000000000003,2.8509,0.005962343096234349,3.1156705721142615,3.124232329737151,0.002747966264315183,0.6609609049855003,0.66303812056119,0.0031427207872987703,grid body only
dataset121,"Lognormal, Variable",3.7977,0.0001,0.32499050353354253,9.902167897658948,False,0.3250274914761513,0.0001138123797667817,1.0533561684032333,1.0536201583681764,0.00025061795132714967,1.2101553582850753,1.210391303473155,0.00019497098985220355,1.148856763348651,1.1487928489786892,5.563301884178941e-05,0.21644713144051403,0.21647908036366054,0.0001476061287293523,0.14564093485358423,0.14567013143142785,0.00020046958551156864,0.4029456261044014,0.4030720792347953,0.0003138218216101961,0.2007,0.2007,0.0,0.4273,0.4272,0.00023402761525857473,2.8680000000000003,2.8678999999999997,3.486750348697877e-05,3.1156705721142615,3.1182181897691748,0.000817678761585024,0.6609609049855003,0.6610481676991291,0.00013202401680733881,grid body only
dataset121,"Lognormal, Variable",3.7977,0.001,0.32499050353354253,9.902167897658948,False,0.3253636932078737,0.0011483094745034013,1.0533561684032333,1.0559974729137467,0.0025075132132346824,1.2101553582850753,1.2125121951661852,0.0019475490192018747,1.148856763348651,1.148215053792295,0.0005585635884542931,0.21644713144051403,0.21676673988388315,0.0014766120541401396,0.14564093485358423,0.1459325381487029,0.0020022069716308507,0.4029456261044014,0.4038535799396975,0.002253291204756446,0.2007,0.2013,0.0029895366218237033,0.4273,0.4267,0.0014041656915515783,2.8680000000000003,2.8659,0.0007322175732219088,3.1156705721142615,3.1413006524390283,0.008226184293731212,0.6609609049855003,0.6618312207430902,0.0013167431704738761,grid body only
dataset121,"Lognormal, Variable",3.7977,0.01,0.32499050353354253,9.902167897658948,False,0.3290714461807666,0.012557113524404527,1.0533561684032333,1.0799175991056482,0.0252160014809416,1.2101553582850753,1.2334970688000864,0.01928819333419215,1.148856763348651,1.142214063204107,0.005782008999261339,0.21644713144051403,0.21965528800719977,0.014821894590769564,0.14564093485358423,0.14852113908440295,0.019776062504090967,0.4029456261044014,0.4273971482035169,0.06068193948525506,0.2007,0.2079,0.03587443946188347,0.4273,0.4231,0.009829159840861308,2.8680000000000003,2.8505000000000003,0.006101813110181335,3.1156705721142615,3.3731492180193476,0.08263988118948143,0.6609609049855003,0.6694589815791718,0.01285715468127112,grid body only
dataset121,"Lognormal, Variable",5.3015,0.0001,0.32499050353354253,9.902167897658948,False,0.32517862525865965,0.0005788529913081056,1.0533561684032333,1.0537766865931826,0.0003992174751173827,1.2101553582850753,1.2108582647788577,0.0005808398805741431,1.148856763348651,1.1490653382108058,0.00018154992755302764,0.21644713144051403,0.2164871918630906,0.00018508179022726053,0.14564093485358423,0.14569039454442545,0.0003396002016256081,0.4029456261044014,0.4035838884529131,0.0015839912562950842,0.2007,0.2007,0.0,0.4273,0.4272,0.00023402761525857473,2.8680000000000003,2.8678999999999997,3.486750348697877e-05,3.1156705721142615,3.118285446158744,0.0008392652509177298,0.6609609049855003,0.6612207474002045,0.0003931282663532509,grid body only
dataset121,"Lognormal, Variable",5.3015,0.001,0.32499050353354253,9.902167897658948,False,0.3268750310329573,0.005798715589916469,1.0533561684032333,1.0575561946154324,0.003987280217446124,1.2101553582850753,1.2171433995788132,0.005774499320187129,1.148856763348651,1.150901867698305,0.0017801212604545028,0.21644713144051403,0.21684750083655607,0.0018497329734863091,0.14564093485358423,0.1461336066037308,0.00338278349175559,0.4029456261044014,0.4047288375449429,0.004425439376973103,0.2007,0.2013,0.0029895366218237033,0.4273,0.4267,0.0014041656915515783,2.8680000000000003,2.8659,0.0007322175732219088,3.1156705721142615,3.1421156560631998,0.008487766385068412,0.6609609049855003,0.6635336934787186,0.0038924972321543465,grid body only
dataset121,"Lognormal, Variable",5.3015,0.01,0.32499050353354253,9.902167897658948,False,0.3441848244316025,0.05906117467853606,1.0533561684032333,1.09487422665013,0.039415023609567106,1.2101553582850753,1.276295346268922,0.05465412976196247,1.148856763348651,1.1657004203796695,0.014661233295892404,0.21644713144051403,0.220428565137738,0.01839448585308784,0.14564093485358423,0.15038781793193107,0.03259305553839636,0.4029456261044014,0.4154910333238657,0.031134243448057396,0.2007,0.2079,0.03587443946188347,0.4273,0.4231,0.009829159840861308,2.8680000000000003,2.8505000000000003,0.006101813110181335,3.1156705721142615,3.414746449248584,0.09599085340122238,0.6609609049855003,0.6843764156845258,0.0354264685284815,grid body only
dataset121,"Lognormal, Variable",7.4008,0.0001,0.32499050353354253,9.902167897658948,False,0.3253895545776973,0.001227885245310216,1.0533561684032333,1.0540043029697859,0.00061530428737608,1.2101553582850753,1.2118685963482239,0.0014157174543080586,1.148856763348651,1.149775757967625,0.0007999209721283172,0.21644713144051403,0.2164951288559339,0.00022175121980330025,0.14564093485358423,0.14571406360224332,0.0005021167210482589,0.4029456261044014,0.403593145594253,0.0016069649300123564,0.2007,0.2007,0.0,0.4273,0.4272,0.00023402761525857473,2.8680000000000003,2.8678999999999997,3.486750348697877e-05,3.1156705721142615,3.1182854463126506,0.0008392653003153352,0.6609609049855003,0.6615940696738813,0.000957945747782054,grid body only
dataset121,"Lognormal, Variable",7.4008,0.001,0.32499050353354253,9.902167897658948,False,0.32898432422333396,0.012289038129937917,1.0533561684032333,1.0598303909149447,0.006146280532562453,1.2101553582850753,1.2271363355463918,0.014032063854495893,1.148856763348651,1.1578610559440676,0.007837611165008203,0.21644713144051403,0.2169268307747637,0.002216242511772529,0.14564093485358423,0.14636909200099305,0.004999673671010458,0.4029456261044014,0.4038411944592285,0.00222255385543033,0.2007,0.2013,0.0029895366218237033,0.4273,0.4267,0.0014041656915515783,2.8680000000000003,2.8659,0.0007322175732219088,3.1156705721142615,3.142115658444198,0.008487767149269252,0.6609609049855003,0.6671727768947019,0.009398244075173938,grid body only
dataset121,"Lognormal, Variable",7.4008,0.01,0.32499050353354253,9.902167897658948,False,0.36527775633536946,0.1239644000787514,1.0533561684032333,1.117606128101806,0.0609954748695953,1.2101553582850753,1.3680900734176171,0.13050780137548035,1.148856763348651,1.2241254222015092,0.06551613852493454,0.21644713144051403,0.22121805859143864,0.022041997596238896,0.14564093485358423,0.1526378086833807,0.04804194532828677,0.4029456261044014,0.41051685946674327,0.01878971472041793,0.2007,0.2079,0.03587443946188347,0.4273,0.4231,0.009829159840861308,2.8680000000000003,2.8505000000000003,0.006101813110181335,3.1156705721142615,3.4147484022352206,0.09599148022828614,0.6609609049855003,0.713492369970564,0.07947741627202,grid body only
dataset121,"Lognormal, Variable",10.3314,0.0001,0.32499050353354253,9.902167897658948,True,0.32561517698307485,0.0019221283167981777,1.0533561684032333,1.0542280682106746,0.0008277350373928977,1.2101553582850753,1.213262789701505,0.0025677954447379703,1.148856763348651,1.150854190176095,0.0017386212895868969,0.21644713144051403,0.2165003967177205,0.0002460890881389002,0.14564093485358423,0.14573190373603934,0.0006246106738229789,0.4029456261044014,0.4035931533708476,0.0016069842293770517,0.2007,0.2007,0.0,0.4273,0.4272,0.00023402761525857473,2.8680000000000003,2.8678999999999997,3.486750348697877e-05,3.1156705721142615,3.1182854463126506,0.0008392653003153352,0.6609609049855003,0.6621099227730266,0.0017384050688315712,grid body only
dataset121,"Lognormal, Variable",10.3314,0.001,0.32499050353354253,9.902167897658948,True,0.33124054827710947,0.019231468844817703,1.0533561684032333,1.0622574140050753,0.00845036642765883,1.2101553582850753,1.2420362427565035,0.026344455902428086,1.148856763348651,1.1692422442820147,0.017744144948013123,0.21644713144051403,0.2169834557349918,0.002477853556701802,0.14564093485358423,0.14656040536308124,0.006313269757718652,0.4029456261044014,0.4038412069706612,0.0022225849053584407,0.2007,0.2013,0.0029895366218237033,0.4273,0.4267,0.0014041656915515783,2.8680000000000003,2.8659,0.0007322175732219088,3.1156705721142615,3.142115658444198,0.008487767149269252,0.6609609049855003,0.6725123930441941,0.01747680985601891,grid body only
dataset121,"Lognormal, Variable",10.3314,0.01,0.32499050353354253,9.902167897658948,True,0.3878399968731244,0.19338870722754872,1.0533561684032333,1.1474965953981335,0.08937188561548585,1.2101553582850753,1.5270638524738542,0.2618742230236236,1.148856763348651,1.3307785474901794,0.15835027476468744,0.21644713144051403,0.22189162472838156,0.025153917502315503,0.14564093485358423,0.15480669098639255,0.06293392817083217,0.4029456261044014,0.410544001978906,0.018857074955656476,0.2007,0.2079,0.03587443946188347,0.4273,0.4231,0.009829159840861308,2.8680000000000003,2.8505000000000003,0.006101813110181335,3.1156705721142615,3.4147484022352206,0.09599148022828614,0.6609609049855003,0.7561921817188947,0.14408004469717237,grid body only
dataset121,"Lognormal, Variable",14.4225,0.0001,0.32499050353354253,9.902167897658948,True,0.32563603271103614,0.001986301662586837,1.0533561684032333,1.0545122978454522,0.001097567448597598,1.2101553582850753,1.2160440687797953,0.004866078106752359,1.148856763348651,1.153181495620658,0.003764378998302133,0.21644713144051403,0.21650413141338953,0.00026334362805436234,0.14564093485358423,0.1457462391436117,0.0007230404702725871,0.4029456261044014,0.40359315337084817,0.0016069842293784293,0.2007,0.2007,0.0,0.4273,0.4272,0.00023402761525857473,2.8680000000000003,2.8678999999999997,3.486750348697877e-05,3.1156705721142615,3.1182854463126506,0.0008392653003153352,0.6609609049855003,0.6631439292939602,0.0033028039812849994,grid body only
dataset121,"Lognormal, Variable",14.4225,0.001,0.32499050353354253,9.902167897658948,True,0.33144910555672236,0.0198732023027043,1.0533561684032333,1.0647461992444027,0.010813086003412676,1.2101553582850753,1.265318666502827,0.0455836581973445,1.148856763348651,1.1883758471274757,0.03439861699002029,0.21644713144051403,0.2170169358075791,0.0026325336966716915,0.14564093485358423,0.1466874380963866,0.007185502097019883,0.4029456261044014,0.40384120697066134,0.002222584905358716,0.2007,0.2013,0.0029895366218237033,0.4273,0.4267,0.0014041656915515783,2.8680000000000003,2.8659,0.0007322175732219088,3.1156705721142615,3.142115658444198,0.008487767149269252,0.6609609049855003,0.6807160018934305,0.029888449920292298,grid body only
dataset121,"Lognormal, Variable",14.4225,0.01,0.32499050353354253,9.902167897658948,True,0.38992556966925335,0.19980604180641487,1.0533561684032333,1.1849039467718459,0.12488442401018435,1.2101553582850753,1.779477854908732,0.47045405594075956,1.148856763348651,1.5017908073956072,0.307204566579941,0.21644713144051403,0.22240875240956817,0.027543081441541627,0.14564093485358423,0.1566379617124461,0.07550780190965814,0.4029456261044014,0.41054400211271835,0.018857075287741852,0.2007,0.2079,0.03587443946188347,0.4273,0.4231,0.009829159840861308,2.8680000000000003,2.8505000000000003,0.006101813110181335,3.1156705721142615,3.4147484022352206,0.09599148022828614,0.6609609049855003,0.8081100202762114,0.22262907560915288,grid body only
dataset121,"Lognormal, Variable",20.1336,0.0001,0.32499050353354253,9.902167897658948,True,0.3256360346604951,0.001986307661097446,1.0533561684032333,1.054700965835158,0.0012766787457686652,1.2101553582850753,1.2181947068334882,0.0066432367492101005,1.148856763348651,1.1550143085996596,0.005359715368746855,0.21644713144051403,0.2165059573643442,0.0002717796417012377,0.14564093485358423,0.14575375271631372,0.0007746301741533335,0.4029456261044014,0.40359315337084817,0.0016069842293784293,0.2007,0.2007,0.0,0.4273,0.4272,0.00023402761525857473,2.8680000000000003,2.8678999999999997,3.486750348697877e-05,3.1156705721142615,3.1182854463126506,0.0008392653003153352,0.6609609049855003,0.6639179744647816,0.004473894684204031,grid body only
dataset121,"Lognormal, Variable",20.1336,0.001,0.32499050353354253,9.902167897658948,True,0.331449125051312,0.019873262287809872,1.0533561684032333,1.068235008994546,0.014125175356277957,1.2101553582850753,1.3088969101003527,0.08159411197848614,1.148856763348651,1.2252892847355046,0.06652920000581312,0.21644713144051403,0.21704553842178378,0.002764679657739956,0.14564093485358423,0.14680571910993678,0.007997643365332235,0.4029456261044014,0.40384120697066134,0.002222584905358716,0.2007,0.2013,0.0029895366218237033,0.4273,0.4267,0.0014041656915515783,2.8680000000000003,2.8659,0.0007322175732219088,3.1156705721142615,3.142115658444198,0.008487767149269252,0.6609609049855003,0.6952433446154163,0.05186757548189331,grid body only
dataset121,"Lognormal, Variable",20.1336,0.01,0.32499050353354253,9.902167897658948,True,0.3899257646151499,0.19980664165747025,1.0533561684032333,1.2338878306623713,0.17138710312277677,1.2101553582850753,2.1766226020762,0.7986307189191943,1.148856763348651,1.7640360395707553,0.5354708226889828,0.21644713144051403,0.22280246147154495,0.029362043233072597,0.14564093485358423,0.15814691956977103,0.08586861055759715,0.4029456261044014,0.41054400211271835,0.018857075287741852,0.2007,0.2079,0.03587443946188347,0.4273,0.4231,0.009829159840861308,2.8680000000000003,2.8505000000000003,0.006101813110181335,3.1156705721142615,3.4147484022352206,0.09599148022828614,0.6609609049855003,0.8629202204049673,0.3055541014546048,grid body only
dataset121,"Lognormal, Variable",28.1061,0.0001,0.32499050353354253,9.902167897658948,True,0.3256360346604951,0.001986307661097446,1.0533561684032333,1.0552926975773271,0.001838437208783208,1.2101553582850753,1.2318852126067126,0.017956251792687956,1.148856763348651,1.1673398436611901,0.01608823736970064,0.21644713144051403,0.2165071007596914,0.0002770622034963459,0.14564093485358423,0.14575937192344623,0.0008132127823889023,0.4029456261044014,0.40359315337084817,0.0016069842293784293,0.2007,0.2007,0.0,0.4273,0.4272,0.00023402761525857473,2.8680000000000003,2.8678999999999997,3.486750348697877e-05,3.1156705721142615,3.1182854463126506,0.0008392653003153352,0.6609609049855003,0.6686175494428582,0.011584110950595309,grid body only
dataset121,"Lognormal, Variable",28.1061,0.001,0.32499050353354253,9.902167897658948,True,0.3314491250513121,0.019873262287810042,1.0533561684032333,1.0737637270881486,0.019373844571348352,1.2101553582850753,1.4058130315637762,0.16167979750630504,1.148856763348651,1.3092387050325165,0.13960133830468932,0.21644713144051403,0.21706913022490848,0.0028736753416637177,0.14564093485358423,0.14691032859154565,0.008715913141024321,0.4029456261044014,0.40384120697066134,0.002222584905358716,0.2007,0.2013,0.0029895366218237033,0.4273,0.4267,0.0014041656915515783,2.8680000000000003,2.8659,0.0007322175732219088,3.1156705721142615,3.142115658444198,0.008487767149269252,0.6609609049855003,0.7242570897567777,0.09576388602388813,grid body only
dataset121,"Lognormal, Variable",28.1061,0.01,0.32499050353354253,9.902167897658948,True,0.3899257646151507,0.19980664165747283,1.0533561684032333,1.3037819849530585,0.2377408744180441,1.2101553582850753,2.8170585901520995,1.3278487103872223,1.148856763348651,2.160682248001398,0.880723791627,0.21644713144051403,0.22311960270692688,0.030827256623849685,0.14564093485358423,0.15943486914083524,0.09471193178702354,0.4029456261044014,0.41054400211271835,0.018857075287741852,0.2007,0.2079,0.03587443946188347,0.4273,0.4231,0.009829159840861308,2.8680000000000003,2.8505000000000003,0.006101813110181335,3.1156705721142615,3.4147484022352206,0.09599148022828614,0.6609609049855003,0.9132370978573459,0.3816809602035083,grid body only
dataset121,"Lognormal, Variable",39.2356,0.0001,0.32499050353354253,9.902167897658948,True,0.3256360346604951,0.001986307661097446,1.0533561684032333,1.0572015857627983,0.003650633541543898,1.2101553582850753,1.2846654260884052,0.06157066305017148,1.148856763348651,1.2151565447771115,0.057709353805962725,0.21644713144051403,0.21650984216882851,0.00028972769422781834,0.14564093485358423,0.14577297462391411,0.000906611664245536,0.4029456261044014,0.40359315337084817,0.0016069842293784293,0.2007,0.2007,0.0,0.4273,0.4272,0.00023402761525857473,2.8680000000000003,2.8678999999999997,3.486750348697877e-05,3.1156705721142615,3.1182854463126506,0.0008392653003153352,0.6609609049855003,0.6862224963485903,0.03821949403141204,grid body only
dataset121,"Lognormal, Variable",39.2356,0.001,0.32499050353354253,9.902167897658948,True,0.3314491250513121,0.019873262287810042,1.0533561684032333,1.082336092808015,0.027511990031550228,1.2101553582850753,1.5962309518593911,0.3190297765746606,1.148856763348651,1.4748015542179012,0.28371229666542297,0.21644713144051403,0.217089260806056,0.002966679952136269,0.14564093485358423,0.14700395321968462,0.009358758699747866,0.4029456261044014,0.40384120697066134,0.002222584905358716,0.2007,0.2013,0.0029895366218237033,0.4273,0.4267,0.0014041656915515783,2.8680000000000003,2.8659,0.0007322175732219088,3.1156705721142615,3.142115658444198,0.008487767149269252,0.6609609049855003,0.7715113286680185,0.16725712950441962,grid body only
dataset121,"Lognormal, Variable",39.2356,0.01,0.32499050353354253,9.902167897658948,True,0.3899257646151507,0.19980664165747283,1.0533561684032333,1.4022605700260944,0.3312311752555263,1.2101553582850753,3.780769520319737,2.1242017766028884,1.148856763348651,2.696196128690534,1.3468514219577272,0.21644713144051403,0.2233683076546865,0.03197628985937658,0.14564093485358423,0.16048781416998936,0.10194166448691777,0.4029456261044014,0.41054400211271835,0.018857075287741852,0.2007,0.2079,0.03587443946188347,0.4273,0.4231,0.009829159840861308,2.8680000000000003,2.8505000000000003,0.006101813110181335,3.1156705721142615,3.4147484022352206,0.09599148022828614,0.6609609049855003,0.9498280486920985,0.43704119491444826,grid body only
dataset121,"Lognormal, Variable",54.7723,0.0001,0.32499050353354253,9.902167897658948,True,0.3256360346604951,0.001986307661097446,1.0533561684032333,1.0602201009543226,0.006516250397521508,1.2101553582850753,1.3909829738687305,0.14942512491942198,1.148856763348651,1.3119756667664406,0.14198367335396606,0.21644713144051403,0.21651234359193913,0.00030128443371413223,0.14564093485358423,0.14578562650114119,0.0009934820021748438,0.4029456261044014,0.40359315337084817,0.0016069842293784293,0.2007,0.2007,0.0,0.4273,0.4272,0.00023402761525857473,2.8680000000000003,2.8678999999999997,3.486750348697877e-05,3.1156705721142615,3.1182854463126506,0.0008392653003153352,0.6609609049855003,0.7185504943573074,0.08713009943163053,grid body only
dataset121,"Lognormal, Variable",54.7723,0.001,0.32499050353354253,9.902167897658948,True,0.3314491250513121,0.019873262287810042,1.0533561684032333,1.0946270710838166,0.03918038733579094,1.2101553582850753,1.9216366400208782,0.5879255724191075,1.148856763348651,1.75551719008577,0.5280557560272741,0.21644713144051403,0.2171052243846975,0.003040432736639633,0.14564093485358423,0.14708082833162883,0.009886598705866284,0.4029456261044014,0.40384120697066134,0.002222584905358716,0.2007,0.2013,0.0029895366218237033,0.4273,0.4267,0.0014041656915515783,2.8680000000000003,2.8659,0.0007322175732219088,3.1156705721142615,3.142115658444198,0.008487767149269252,0.6609609049855003,0.8299652419165737,0.2556949066976676,grid body only
dataset121,"Lognormal, Variable",54.7723,0.01,0.32499050353354253,9.902167897658948,True,0.3899257646151507,0.19980664165747283,1.0533561684032333,1.5402076814911616,0.462190783793424,1.2101553582850753,5.179519157299226,3.2800448073371182,1.148856763348651,3.3628706177368515,1.9271452499742994,0.21644713144051403,0.223558203776762,0.03285362244776295,0.14564093485358423,0.16131698534620845,0.10763492083035354,0.4029456261044014,0.41054400211271835,0.018857075287741852,0.2007,0.2079,0.03587443946188347,0.4273,0.4231,0.009829159840861308,2.8680000000000003,2.8505000000000003,0.006101813110181335,3.1156705721142615,3.4147484022352206,0.09599148022828614,0.6609609049855003,0.9725980812945976,0.4714910881392202,grid body only
dataset121,"Lognormal, Variable",76.4611,0.0001,0.32499050353354253,9.902167897658948,True,0.3256360346604951,0.001986307661097446,1.0533561684032333,1.064571353982078,0.01064709726420992,1.2101553582850753,1.5828074781481172,0.30793742085407233,1.148856763348651,1.4868026198784638,0.2941583905941233,0.21644713144051403,0.21651428201271916,0.000310240065360198,0.14564093485358423,0.1457955919706094,0.0010619069232194213,0.4029456261044014,0.40359315337084817,0.0016069842293784293,0.2007,0.2007,0.0,0.4273,0.4272,0.00023402761525857473,2.8680000000000003,2.8678999999999997,3.486750348697877e-05,3.1156705721142615,3.1182854463126506,0.0008392653003153352,0.6609609049855003,0.7670329814532406,0.16048161951434517,grid body only
dataset121,"Lognormal, Variable",76.4611,0.001,0.32499050353354253,9.902167897658948,True,0.3314491250513121,0.019873262287810042,1.0533561684032333,1.1119080152912215,0.055585991371509276,1.2101553582850753,2.43900628697514,1.0154489010662922,1.148856763348651,2.193532426633633,0.9093175899839722,0.21644713144051403,0.21711731833258563,0.003096307572252521,0.14564093485358423,0.14714063839262578,0.010297266634200301,0.4029456261044014,0.40384120697066134,0.002222584905358716,0.2007,0.2013,0.0029895366218237033,0.4273,0.4267,0.0014041656915515783,2.8680000000000003,2.8659,0.0007322175732219088,3.1156705721142615,3.142115658444198,0.008487767149269252,0.6609609049855003,0.8870088709463093,0.34199899609155837,grid body only
dataset121,"Lognormal, Variable",76.4611,0.01,0.32499050353354253,9.902167897658948,True,0.3899257646151507,0.19980664165747283,1.0533561684032333,1.7329673334288755,0.6451864862156307,1.2101553582850753,7.171310741795488,4.925942229399399,1.148856763348651,4.13816844868404,2.601988150918169,0.21644713144051403,0.2237004162278403,0.03351065333623824,0.14564093485358423,0.16195219110044495,0.11199637150955366,0.4029456261044014,0.41054400211271835,0.018857075287741852,0.2007,0.2079,0.03587443946188347,0.4273,0.4231,0.009829159840861308,2.8680000000000003,2.8505000000000003,0.006101813110181335,3.1156705721142615,3.4147484022352206,0.09599148022828614,0.6609609049855003,0.9855059215373916,0.4910199893880424,grid body only
dataset121,"Lognormal, Variable",106.7384,0.0001,0.32499050353354253,9.902167897658948,True,0.3256360346604951,0.001986307661097446,1.0533561684032333,1.070690319315648,0.01645611563531386,1.2101553582850753,1.9047006566522129,0.5739306888260906,1.148856763348651,1.7789463697305476,0.548449229254073,0.21644713144051403,0.21651571421095114,0.0003168569155002316,0.14564093485358423,0.1458030456673174,0.0011130855064623868,0.4029456261044014,0.40359315337084817,0.0016069842293784293,0.2007,0.2007,0.0,0.4273,0.4272,0.00023402761525857473,2.8680000000000003,2.8678999999999997,3.486750348697877e-05,3.1156705721142615,3.1182854463126506,0.0008392653003153352,0.6609609049855003,0.8262464088965781,0.25006850278792764,grid body only
dataset121,"Lognormal, Variable",106.7384,0.001,0.32499050353354253,9.902167897658948,True,0.3314491250513121,0.019873262287810042,1.0533561684032333,1.136071484635466,0.07852549661110317,1.2101553582850753,3.220312924444429,1.6610739707073399,1.148856763348651,2.8346041318674047,1.4673259733486628,0.21644713144051403,0.21712628843490164,0.0031377500356213604,0.14564093485358423,0.14718588576292213,0.010607944194337054,0.4029456261044014,0.40384120697066134,0.002222584905358716,0.2007,0.2013,0.0029895366218237033,0.4273,0.4267,0.0014041656915515783,2.8680000000000003,2.8659,0.0007322175732219088,3.1156705721142615,3.142115658444198,0.008487767149269252,0.6609609049855003,0.9318556208790779,0.40984983204039926,grid body only
dataset121,"Lognormal, Variable",106.7384,0.01,0.32499050353354253,9.902167897658948,True,0.3899257646151507,0.19980664165747283,1.0533561684032333,2.0021208560487076,0.9007064429913505,1.2101553582850753,9.979977618636992,7.246856529875413,1.148856763348651,4.984702890680142,3.338837572884968,0.21644713144051403,0.22380556478563107,0.033996446597119055,0.14564093485358423,0.16242967059664298,0.1152748419250179,0.4029456261044014,0.41054400211271835,0.018857075287741852,0.2007,0.2079,0.03587443946188347,0.4273,0.4231,0.009829159840861308,2.8680000000000003,2.8505000000000003,0.006101813110181335,3.1156705721142615,3.4147484022352206,0.09599148022828614,0.6609609049855003,0.9924598155593279,0.5015408749192205,grid body only
dataset121,"Lognormal, Variable",149.005,0.0001,0.32499050353354253,9.902167897658948,True,0.3256360346604951,0.001986307661097446,1.0533561684032333,1.079244294945681,0.02457680252795328,1.2101553582850753,2.4134926695935226,0.9943659738148911,1.148856763348651,2.2362802202396583,0.9465265745761204,0.21644713144051403,0.216516756942128,0.0003216744021996777,0.14564093485358423,0.14580852108360454,0.0011506808177850789,0.4029456261044014,0.40359315337084817,0.0016069842293784293,0.2007,0.2007,0.0,0.4273,0.4272,0.00023402761525857473,2.8680000000000003,2.8678999999999997,3.486750348697877e-05,3.1156705721142615,3.1182854463126506,0.0008392653003153352,0.6609609049855003,0.8841111994587763,0.33761496752696935,grid body only
dataset121,"Lognormal, Variable",149.005,0.001,0.32499050353354253,9.902167897658948,True,0.3314491250513121,0.019873262287810042,1.0533561684032333,1.1698139975928188,0.1105588334533818,1.2101553582850753,4.360875065830078,2.6035662991319755,1.148856763348651,3.7278362840619583,2.244822507895745,0.21644713144051403,0.217132868739277,0.003168151475139503,0.14564093485358423,0.14721956261100388,0.01083917621791346,0.4029456261044014,0.40384120697066134,0.002222584905358716,0.2007,0.2013,0.0029895366218237033,0.4273,0.4267,0.0014041656915515783,2.8680000000000003,2.8659,0.0007322175732219088,3.1156705721142615,3.142115658444198,0.008487767149269252,0.6609609049855003,0.9616449390709882,0.45491954488909464,grid body only
dataset121,"Lognormal, Variable",149.005,0.01,0.32499050353354253,9.902167897658948,True,0.3899257646151507,0.19980664165747283,1.0533561684032333,2.3778724584220816,1.2574249145250296,1.2101553582850753,13.920951987956158,10.50344201068836,1.148856763348651,5.854372861189486,4.095824865168871,0.21644713144051403,0.22388262408799492,0.03435246564828871,0.14564093485358423,0.16278381042310497,0.1177064373196644,0.4029456261044014,0.41054400211271835,0.018857075287741852,0.2007,0.2079,0.03587443946188347,0.4273,0.4231,0.009829159840861308,2.8680000000000003,2.8505000000000003,0.006101813110181335,3.1156705721142615,3.4147484022352206,0.09599148022828614,0.6609609049855003,0.9961092814214989,0.5070623298716145,grid body only
dataset121,"Lognormal, Variable",208.0084,0.0001,0.32499050353354253,9.902167897658948,True,0.3256360346604951,0.001986307661097446,1.0533561684032333,1.0911882853595471,0.03591578811719778,1.2101553582850753,3.180751902510847,1.6283831086103904,1.148856763348651,2.9149432276600984,1.537255574980222,0.21644713144051403,0.2165175117882844,0.0003251618411478897,0.14564093485358423,0.1458125104551465,0.001178072646504005,0.4029456261044014,0.40359315337084817,0.0016069842293784293,0.2007,0.2007,0.0,0.4273,0.4272,0.00023402761525857473,2.8680000000000003,2.8678999999999997,3.486750348697877e-05,3.1156705721142615,3.1182854463126506,0.0008392653003153352,0.6609609049855003,0.9298643463765806,0.40683713569561164,grid body only
dataset121,"Lognormal, Variable",208.0084,0.001,0.32499050353354253,9.902167897658948,True,0.3314491250513121,0.019873262287810042,1.0533561684032333,1.2169204683761847,0.1552791969888932,1.2101553582850753,5.992304341003416,3.951681864628668,1.148856763348651,4.92415445111161,3.2861343626152677,0.21644713144051403,0.21713766301200854,0.0031903013308554324,0.14564093485358423,0.14724435847718728,0.01100942963058432,0.4029456261044014,0.40384120697066134,0.002222584905358716,0.2007,0.2013,0.0029895366218237033,0.4273,0.4267,0.0014041656915515783,2.8680000000000003,2.8659,0.0007322175732219088,3.1156705721142615,3.142115658444198,0.008487767149269252,0.6609609049855003,0.9793157330663749,0.4816545512443862,grid body only
dataset121,"Lognormal, Variable",208.0084,0.01,0.32499050353354253,9.902167897658948,True,0.3899257646151507,0.19980664165747283,1.0533561684032333,2.902419173997517,1.7554015071628148,1.2101553582850753,19.436859728139552,15.061458221102905,1.148856763348651,6.696778984328809,4.829080872370243,0.21644713144051403,0.2239387419007659,0.03461173363857117,0.14564093485358423,0.1630439486299206,0.11949259865594779,0.4029456261044014,0.41054400211271835,0.018857075287741852,0.2007,0.2079,0.03587443946188347,0.4273,0.4231,0.009829159840861308,2.8680000000000003,2.8505000000000003,0.006101813110181335,3.1156705721142615,3.4147484022352206,0.09599148022828614,0.6609609049855003,0.9980000095282651,0.50992290466886,grid body only
dataset121,"Lognormal, Variable",290.3761,0.0001,0.32499050353354253,9.902167897658948,True,0.3256360346604951,0.001986307661097446,1.0533561684032333,1.107862458135556,0.05174535581345482,1.2101553582850753,4.300676982700469,2.5538222041135334,1.148856763348651,3.88195930922523,2.3789758941839008,0.21644713144051403,0.21651805651603873,0.0003276785192424199,0.14564093485358423,0.1458154027572203,0.0011979317752351868,0.4029456261044014,0.40359315337084817,0.0016069842293784293,0.2007,0.2007,0.0,0.4273,0.4272,0.00023402761525857473,2.8680000000000003,2.8678999999999997,3.486750348697877e-05,3.1156705721142615,3.1182854463126506,0.0008392653003153352,0.6609609049855003,0.9604231706158004,0.4530710717858108,grid body only
dataset121,"Lognormal, Variable",290.3761,0.001,0.32499050353354253,9.902167897658948,True,0.3314491250513121,0.019873262287810042,1.0533561684032333,1.2826807978437726,0.2177085361242713,1.2101553582850753,8.299291636018504,5.858038167743622,1.148856763348651,6.47027042890942,4.631920910706119,0.21644713144051403,0.21714113949318886,0.0032063629028299978,0.14564093485358423,0.14726247623893446,0.011133829832803506,0.4029456261044014,0.40384120697066134,0.002222584905358716,0.2007,0.2013,0.0029895366218237033,0.4273,0.4267,0.0014041656915515783,2.8680000000000003,2.8659,0.0007322175732219088,3.1156705721142615,3.142115658444198,0.008487767149269252,0.6609609049855003,0.9891113727828116,0.4964748524793762,grid body only
dataset121,"Lognormal, Variable",290.3761,0.01,0.32499050353354253,9.902167897658948,True,0.3899257646151507,0.19980664165747283,1.0533561684032333,3.634678025488905,2.4505688906712897,1.2101553582850753,27.14724699830703,21.43286104750856,1.148856763348651,7.468955106320709,5.501206542537502,0.21644713144051403,0.22397942253316092,0.03479968083899961,0.14564093485358423,0.16323370466453488,0.12079550181847579,0.4029456261044014,0.41054400211271835,0.018857075287741852,0.2007,0.2079,0.03587443946188347,0.4273,0.4231,0.009829159840861308,2.8680000000000003,2.8505000000000003,0.006101813110181335,3.1156705721142615,3.4147484022352206,0.09599148022828614,0.6609609049855003,0.9989736101313932,0.5113959125211921,grid body only
dataset121,"Lognormal, Variable",405.36,0.0001,0.32499050353354253,9.902167897658948,True,0.3256360346604951,0.001986307661097446,1.0533561684032333,1.131139422180856,0.07384326034330163,1.2101553582850753,5.902816451978754,3.8777344260522884,1.148856763348651,5.218469391331109,3.5423150716547815,0.21644713144051403,0.21651844878940046,0.0003294908480043082,0.14564093485358423,0.14581749255568333,0.00121228075249992,0.4029456261044014,0.40359315337084817,0.0016069842293784293,0.2007,0.2007,0.0,0.4273,0.4272,0.00023402761525857473,2.8680000000000003,2.8678999999999997,3.486750348697877e-05,3.1156705721142615,3.1182854463126506,0.0008392653003153352,0.6609609049855003,0.978621690171831,0.48060449988838494,grid body only
dataset121,"Lognormal, Variable",405.36,0.001,0.32499050353354253,9.902167897658948,True,0.3314491250513121,0.019873262287810042,1.0533561684032333,1.3744811912563482,0.3048589190301163,1.2101553582850753,11.5415164245163,8.537218792198642,1.148856763348651,8.396998444166957,6.309003795818422,0.21644713144051403,0.21714365183011586,0.00321797006486664,0.14564093485358423,0.14727564151023395,0.011224225237864094,0.4029456261044014,0.40384120697066134,0.002222584905358716,0.2007,0.2013,0.0029895366218237033,0.4273,0.4267,0.0014041656915515783,2.8680000000000003,2.8659,0.0007322175732219088,3.1156705721142615,3.142115658444198,0.008487767149269252,0.6609609049855003,0.994341249207393,0.5043873876764408,grid body only
dataset121,"Lognormal, Variable",405.36,0.01,0.32499050353354253,9.902167897658948,True,0.3899257646151507,0.19980664165747283,1.0533561684032333,4.656899033580129,3.4210108349576114,1.2101553582850753,37.918163220909555,30.333301927980393,1.148856763348651,8.14236317933628,6.087361487608934,0.21644713144051403,0.22400881472735845,0.03493547471162765,0.14564093485358423,0.16337142096738597,0.12174108969862457,0.4029456261044014,0.41054400211271835,0.018857075287741852,0.2007,0.2079,0.03587443946188347,0.4273,0.4231,0.009829159840861308,2.8680000000000003,2.8505000000000003,0.006101813110181335,3.1156705721142615,3.4147484022352206,0.09599148022828614,0.6609609049855003,0.9994735851604296,0.5121523491353174,grid body only
dataset121,"Lognormal, Variable",565.8756,0.0001,0.32499050353354253,9.902167897658948,True,0.3256360346604951,0.001986307661097446,1.0533561684032333,1.1636336911335887,0.10469158109884469,1.2101553582850753,8.168695708688466,5.750121505278807,1.148856763348651,7.019988997337028,5.110412734896026,0.21644713144051403,0.21651873085610351,0.00033079401474610265,0.14564093485358423,0.14581899885097258,0.0012226232794190451,0.4029456261044014,0.40359315337084817,0.0016069842293784293,0.2007,0.2007,0.0,0.4273,0.4272,0.00023402761525857473,2.8680000000000003,2.8678999999999997,3.486750348697877e-05,3.1156705721142615,3.1182854463126506,0.0008392653003153352,0.6609609049855003,0.9887347791874294,0.49590508565573865,grid body only
dataset121,"Lognormal, Variable",565.8756,0.001,0.32499050353354253,9.902167897658948,True,0.3314491250513121,0.019873262287810042,1.0533561684032333,1.5026330202559954,0.4265194103660247,1.2101553582850753,16.083356342084812,12.290323619999269,1.148856763348651,10.703449295520459,8.316609029938935,0.21644713144051403,0.2171454629471706,0.003226337544919121,0.14564093485358423,0.14728516985989798,0.011289648806269554,0.4029456261044014,0.40384120697066134,0.002222584905358716,0.2007,0.2013,0.0029895366218237033,0.4273,0.4267,0.0014041656915515783,2.8680000000000003,2.8659,0.0007322175732219088,3.1156705721142615,3.142115658444198,0.008487767149269252,0.6609609049855003,0.9970785386530037,0.5085287664251138,grid body only
dataset121,"Lognormal, Variable",565.8756,0.01,0.32499050353354253,9.902167897658948,True,0.3899257646151507,0.19980664165747283,1.0533561684032333,6.083902483101438,4.77573157645617,1.2101553582850753,52.959435765796044,42.76250983249411,1.148856763348651,8.704846258284945,6.576963931441146,0.21644713144051403,0.22402999990270678,0.03503335161675147,0.14564093485358423,0.16347100351342142,0.12242484352192683,0.4029456261044014,0.41054400211271835,0.018857075287741852,0.2007,0.2079,0.03587443946188347,0.4273,0.4231,0.009829159840861308,2.8680000000000003,2.8505000000000003,0.006101813110181335,3.1156705721142615,3.4147484022352206,0.09599148022828614,0.6609609049855003,0.9997300544331585,0.5125403740106079,grid body only
dataset121,"Lognormal, Variable",789.9526,0.0001,0.32499050353354253,9.902167897658948,True,0.3256360346604951,0.001986307661097446,1.0533561684032333,1.2089951306787037,0.1477553053222265,1.2101553582850753,11.353434332979061,8.381799002293508,1.148856763348651,9.390802365436732,7.1740410685007605,0.21644713144051403,0.21651893346141715,0.000331730064636387,0.14564093485358423,0.14582008267206437,0.0012300650133853942,0.4029456261044014,0.40359315337084817,0.0016069842293784293,0.2007,0.2007,0.0,0.4273,0.4272,0.00023402761525857473,2.8680000000000003,2.8678999999999997,3.486750348697877e-05,3.1156705721142615,3.1182854463126506,0.0008392653003153352,0.6609609049855003,0.9941420640330788,0.5040860307084086,grid body only
dataset121,"Lognormal, Variable",789.9526,0.001,0.32499050353354253,9.902167897658948,True,0.3314491250513121,0.019873262287810042,1.0533561684032333,1.6815307583286279,0.5963553532682444,1.2101553582850753,22.43503410782873,17.538970186126903,1.148856763348651,13.342030169063472,10.613310374893514,0.21644713144051403,0.21714676624164386,0.003232358851205721,0.14564093485358423,0.14729204608399546,0.011336862346229265,0.4029456261044014,0.40384120697066134,0.002222584905358716,0.2007,0.2013,0.0029895366218237033,0.4273,0.4267,0.0014041656915515783,2.8680000000000003,2.8659,0.0007322175732219088,3.1156705721142615,3.142115658444198,0.008487767149269252,0.6609609049855003,0.9984966942952093,0.5106743632849413,grid body only
dataset121,"Lognormal, Variable",789.9526,0.01,0.32499050353354253,9.902167897658948,True,0.3899257646151507,0.19980664165747283,1.0533561684032333,8.075974609991373,6.66689829351227,1.2101553582850753,73.96054963234575,60.116574104300184,1.148856763348651,9.158095858900273,6.971486220968528,0.21644713144051403,0.22404524316848942,0.03510377650841529,0.14564093485358423,0.16354282140992066,0.12291795966795706,0.4029456261044014,0.41054400211271835,0.018857075287741852,0.2007,0.2079,0.03587443946188347,0.4273,0.4231,0.009829159840861308,2.8680000000000003,2.8505000000000003,0.006101813110181335,3.1156705721142615,3.4147484022352206,0.09599148022828614,0.6609609049855003,0.9998615669192382,0.5127393456670065,grid body only
dataset121,"Lognormal, Variable",1102.7602,0.0001,0.32499050353354253,9.902167897658948,True,0.3256360346604951,0.001986307661097446,1.0533561684032333,1.2723189126985692,0.207871516646889,1.2101553582850753,15.814979805210218,12.068553303455024,1.148856763348651,12.430043794339962,9.819489592513925,0.21644713144051403,0.2165190788788981,0.0003324019029738963,0.14564093485358423,0.14582086153374357,0.0012354128345868306,0.4029456261044014,0.40359315337084817,0.0016069842293784293,0.2007,0.2007,0.0,0.4273,0.4272,0.00023402761525857473,2.8680000000000003,2.8678999999999997,3.486750348697877e-05,3.1156705721142615,3.1182854463126506,0.0008392653003153352,0.6609609049855003,0.9969746356325246,0.5083715664762284,grid body only
dataset121,"Lognormal, Variable",1102.7602,0.001,0.32499050353354253,9.902167897658948,True,0.3314491250513121,0.019873262287810042,1.0533561684032333,1.9312688937027647,0.8334433799636318,1.2101553582850753,31.31001587292243,24.87272424037539,1.148856763348651,16.21214734779509,13.111547988402348,0.21644713144051403,0.21714770290131286,0.003236686280554215,0.14564093485358423,0.14729699804663168,0.011370863519328037,0.4029456261044014,0.40384120697066134,0.002222584905358716,0.2007,0.2013,0.0029895366218237033,0.4273,0.4267,0.0014041656915515783,2.8680000000000003,2.8659,0.0007322175732219088,3.1156705721142615,3.142115658444198,0.008487767149269252,0.6609609049855003,0.9992276788577721,0.5117803054927923,grid body only
dataset121,"Lognormal, Variable",1102.7602,0.01,0.32499050353354253,9.902167897658948,True,0.3899257646151507,0.19980664165747283,1.0533561684032333,10.856872699378986,9.306934183370052,1.2101553582850753,103.28042822432589,84.34476794011451,1.148856763348651,9.512907729887404,7.280325305444941,0.21644713144051403,0.2240561973745452,0.03515438566171239,0.14564093485358423,0.16359451724294724,0.12327291367232783,0.4029456261044014,0.41054400211271835,0.018857075287741852,0.2007,0.2079,0.03587443946188347,0.4273,0.4231,0.009829159840861308,2.8680000000000003,2.8505000000000003,0.006101813110181335,3.1156705721142615,3.4147484022352206,0.09599148022828614,0.6609609049855003,0.9999290017681748,0.5128413711399625,grid body only
dataset121,"Lognormal, Variable",1539.4343,0.0001,0.32499050353354253,9.902167897658948,True,0.3256360346604951,0.001986307661097446,1.0533561684032333,1.360717837572962,0.2917927272744352,1.2101553582850753,22.05455293999589,17.224563308342198,1.148856763348651,16.20802809444564,13.10796246453126,0.21644713144051403,0.21651918319304672,0.0003328838412094844,0.14564093485358423,0.1458214207399542,0.0012392524570884124,0.4029456261044014,0.40359315337084817,0.0016069842293784293,0.2007,0.2007,0.0,0.4273,0.4272,0.00023402761525857473,2.8680000000000003,2.8678999999999997,3.486750348697877e-05,3.1156705721142615,3.1182854463126506,0.0008392653003153352,0.6609609049855003,0.9984428958364853,0.5105929689720278,grid body only
dataset121,"Lognormal, Variable",1539.4343,0.001,0.32499050353354253,9.902167897658948,True,0.3314491250513121,0.019873262287810042,1.0533561684032333,2.2798990916618602,1.1644142409285216,1.2101553582850753,43.70518373530133,35.11534951779781,1.148856763348651,19.16978865211259,15.68596927282484,0.21644713144051403,0.2171483754450543,0.0032397934769257813,0.14564093485358423,0.1473005588951894,0.011395313022905378,0.4029456261044014,0.40384120697066134,0.002222584905358716,0.2007,0.2013,0.0029895366218237033,0.4273,0.4267,0.0014041656915515783,2.8680000000000003,2.8659,0.0007322175732219088,3.1156705721142615,3.142115658444198,0.008487767149269252,0.6609609049855003,0.9996035200959771,0.5123489340385505,grid body only
dataset121,"Lognormal, Variable",1539.4343,0.01,0.32499050353354253,9.902167897658948,True,0.3899257646151507,0.19980664165747283,1.0533561684032333,14.738959229238185,12.992379473678643,1.2101553582850753,144.21240499429038,118.16850510719169,1.148856763348651,9.784436115964771,7.516671902113724,0.21644713144051403,0.2240640622760859,0.035190722024723335,0.14564093485358423,0.1636316779740909,0.12352806673888163,0.4029456261044014,0.41054400211271835,0.018857075287741852,0.2007,0.2079,0.03587443946188347,0.4273,0.4231,0.009829159840861308,2.8680000000000003,2.8505000000000003,0.006101813110181335,3.1156705721142615,3.4147484022352206,0.09599148022828614,0.6609609049855003,0.9999635830654535,0.512893690871762,grid body only
dataset121,"Lognormal, Variable",2149.0237,0.0001,0.32499050353354253,9.902167897658948,True,0.3256360346604951,0.001986307661097446,1.0533561684032333,1.4841211893547093,0.40894526834590633,1.2101553582850753,30.77303302472383,24.428993735426367,1.148856763348651,20.73485187426226,17.048248080835574,0.21644713144051403,0.21651925799241445,0.00033322941921382044,0.14564093485358423,0.14582182197857643,0.001242007442303575,0.4029456261044014,0.40359315337084817,0.0016069842293784293,0.2007,0.2007,0.0,0.4273,0.4272,0.00023402761525857473,2.8680000000000003,2.8678999999999997,3.486750348697877e-05,3.1156705721142615,3.1182854463126506,0.0008392653003153352,0.6609609049855003,0.9991999342087775,0.5117383292597272,grid body only
dataset121,"Lognormal, Variable",2149.0237,0.001,0.32499050353354253,9.902167897658948,True,0.3314491250513121,0.019873262287810042,1.0533561684032333,2.7665807455481577,1.6264437694820506,1.2101553582850753,61.012808533503026,49.4173353576395,1.148856763348651,22.053507251390283,18.196045978011586,0.21644713144051403,0.217148858027068,0.003242023037606358,0.14564093485358423,0.14730311666448792,0.011412875182205573,0.4029456261044014,0.40384120697066134,0.002222584905358716,0.2007,0.2013,0.0029895366218237033,0.4273,0.4267,0.0014041656915515783,2.8680000000000003,2.8659,0.0007322175732219088,3.1156705721142615,3.142115658444198,0.008487767149269252,0.6609609049855003,0.9997965307854966,0.5126409493272971,grid body only
dataset121,"Lognormal, Variable",2149.0237,0.01,0.32499050353354253,9.902167897658948,True,0.3899257646151507,0.19980664165747283,1.0533561684032333,20.15828407238374,18.13719658844489,1.2101553582850753,201.35410525345776,165.3869881457195,1.148856763348651,9.988653028722172,7.694428537468471,0.21644713144051403,0.2240697054688492,0.03521679394688613,0.14564093485358423,0.1636583641295827,0.12371129925876788,0.4029456261044014,0.41054400211271835,0.018857075287741852,0.2007,0.2079,0.03587443946188347,0.4273,0.4231,0.009829159840861308,2.8680000000000003,2.8505000000000003,0.006101813110181335,3.1156705721142615,3.4147484022352206,0.09599148022828614,0.6609609049855003,0.9999813188995604,0.5129205242804751,grid body only
dataset121,"Lognormal, Variable",3000.0,0.0001,0.32499050353354253,9.902167897658948,True,0.3256360346604951,0.001986307661097446,1.0533561684032333,1.65639014236967,0.5724881973023112,1.2101553582850753,42.94972514539966,34.4910837285092,1.148856763348651,25.929715498037673,21.570015971754884,0.21644713144051403,0.21651931161275476,0.00033347714871686304,0.14564093485358423,0.14582210973976192,0.0012439832685764598,0.4029456261044014,0.40359315337084817,0.0016069842293784293,0.2007,0.2007,0.0,0.4273,0.4272,0.00023402761525857473,2.8680000000000003,2.8678999999999997,3.486750348697877e-05,3.1156705721142615,3.1182854463126506,0.0008392653003153352,0.6609609049855003,0.9995892426271814,0.5123273329594429,grid body only
dataset121,"Lognormal, Variable",3000.0,0.001,0.32499050353354253,9.902167897658948,True,0.3314491250513121,0.019873262287810042,1.0533561684032333,3.445979949507815,2.271429031199887,1.2101553582850753,85.17695411098772,69.38513983170965,1.148856763348651,24.717774148150063,20.51510522173668,0.21644713144051403,0.2171492041378062,0.0032436220920077957,0.14564093485358423,0.1473049524976521,0.011425480382563753,0.4029456261044014,0.40384120697066134,0.002222584905358716,0.2007,0.2013,0.0029895366218237033,0.4273,0.4267,0.0014041656915515783,2.8680000000000003,2.8659,0.0007322175732219088,3.1156705721142615,3.142115658444198,0.008487767149269252,0.6609609049855003,0.9998955959301016,0.5127908298177433,grid body only
dataset121,"Lognormal, Variable",3000.0,0.01,0.32499050353354253,9.902167897658948,True,0.3899257646151507,0.19980664165747283,1.0533561684032333,27.723568185786164,25.319272642426256,1.2101553582850753,281.12392031534927,231.30399170709217,1.148856763348651,10.140250289264031,7.826383421121667,0.21644713144051403,0.22407375267331223,0.03523549229800819,0.14564093485358423,0.16367751469460126,0.12384279089632025,0.4029456261044014,0.41054400211271835,0.018857075287741852,0.2007,0.2079,0.03587443946188347,0.4273,0.4231,0.009829159840861308,2.8680000000000003,2.8505000000000003,0.006101813110181335,3.1156705721142615,3.4147484022352206,0.09599148022828614,0.6609609049855003,0.9999904162199605,0.5129342880603469,grid body only
