material1,material2,material3,material4
dataset4997,dataset6116,dataset5453,dataset9883
dataset4231,dataset8501,dataset4529,dataset8174
dataset9991,dataset957,dataset8811,dataset5859
dataset5969,dataset2220,dataset615,dataset9886
dataset9317,dataset3165,dataset5228,dataset2225
dataset1059,dataset4567,dataset243,dataset8442
dataset6428,dataset1023,dataset1373,dataset2663
dataset538,dataset2717,dataset8529,dataset1517
dataset8068,dataset3675,dataset1931,dataset1709
dataset306,dataset8698,dataset9048,dataset5305
dataset3131,dataset310,dataset5964,dataset3094
dataset9499,dataset2306,dataset5612,dataset9475
dataset1005,dataset9811,dataset4405,dataset7871
dataset7313,dataset7272,dataset6854,dataset4699
dataset6563,dataset9577,dataset6231,dataset3943
dataset8364,dataset5224,dataset3778,dataset3266
dataset1108,dataset3998,dataset3276,dataset3772
dataset6055,dataset6966,dataset7308,dataset5556
dataset5088,dataset1187,dataset8983,dataset429
dataset5073,dataset10,dataset9766,dataset4456
dataset2321,dataset3358,dataset4859,dataset3531
dataset7513,dataset1393,dataset2906,dataset4459
dataset2932,dataset9583,dataset7518,dataset2144
dataset9630,dataset9735,dataset4073,dataset4842
dataset826,dataset9386,dataset9533,dataset8868
dataset3130,dataset48,dataset679,dataset9376
dataset6410,dataset3,dataset2429,dataset1439
dataset1779,dataset3651,dataset7247,dataset934
dataset5428,dataset1431,dataset8522,dataset9191
dataset1522,dataset3102,dataset1376,dataset6001
dataset5947,dataset7301,dataset4520,dataset4651
dataset6499,dataset211,dataset5466,dataset892
dataset7462,dataset417,dataset4954,dataset9878
dataset8604,dataset9063,dataset1371,dataset4598
dataset6674,dataset556,dataset8673,dataset2451
dataset8031,dataset6456,dataset3468,dataset7504
dataset2620,dataset9540,dataset6000,dataset5163
dataset1575,dataset5246,dataset423,dataset2830
dataset7409,dataset1764,dataset944,dataset8099
dataset9746,dataset7796,dataset5494,dataset1204
dataset5049,dataset1259,dataset3705,dataset3499
dataset1216,dataset8841,dataset5794,dataset605
dataset8176,dataset1884,dataset5928,dataset5476
dataset5797,dataset154,dataset3653,dataset2529
dataset6022,dataset7432,dataset3807,dataset9673
dataset5755,dataset9798,dataset8274,dataset6343
dataset5275,dataset5837,dataset4653,dataset4973
dataset8468,dataset3995,dataset4166,dataset7918
dataset8194,dataset8997,dataset1127,dataset2584
dataset379,dataset9395,dataset1889,dataset2175
dataset2873,dataset9835,dataset389,dataset5027
dataset7184,dataset9497,dataset1877,dataset943
dataset440,dataset5334,dataset7877,dataset3100
dataset6997,dataset8660,dataset1564,dataset3897
dataset7349,dataset3532,dataset5845,dataset9527
dataset7824,dataset3858,dataset4258,dataset4685
dataset9154,dataset1905,dataset2088,dataset2494
dataset7947,dataset7651,dataset6381,dataset655
dataset8578,dataset5623,dataset2764,dataset5195
dataset5017,dataset5377,dataset6885,dataset7200
dataset8773,dataset8590,dataset8919,dataset1196
dataset8138,dataset7571,dataset6279,dataset8699
dataset4026,dataset4518,dataset7507,dataset1953
dataset5191,dataset7997,dataset2186,dataset470
dataset8297,dataset5429,dataset6610,dataset9118
dataset2569,dataset4523,dataset4261,dataset2231
dataset3080,dataset2949,dataset5801,dataset633
dataset6362,dataset3851,dataset5013,dataset83
dataset7044,dataset7590,dataset7785,dataset3953
dataset4146,dataset8372,dataset8224,dataset2908
dataset8644,dataset5889,dataset8553,dataset4192
dataset8095,dataset7970,dataset1480,dataset7582
dataset6764,dataset3587,dataset5759,dataset4610
dataset4453,dataset8993,dataset2226,dataset8064
dataset7460,dataset2039,dataset4715,dataset146
dataset3648,dataset7730,dataset7771,dataset2318
dataset915,dataset2856,dataset5074,dataset3072
dataset705,dataset1968,dataset1085,dataset4962
dataset6319,dataset8992,dataset7413,dataset1924
dataset1388,dataset8625,dataset4749,dataset9725
dataset1746,dataset9665,dataset2044,dataset346
dataset8143,dataset7490,dataset3738,dataset9641
dataset5434,dataset2315,dataset849,dataset7031
dataset3760,dataset1430,dataset351,dataset5995
dataset6107,dataset9554,dataset3860,dataset5203
dataset7762,dataset2736,dataset4557,dataset8626
dataset3284,dataset4327,dataset7319,dataset1392
dataset3158,dataset9352,dataset3351,dataset2
dataset9707,dataset8792,dataset5858,dataset9515
dataset7526,dataset1094,dataset8980,dataset6790
dataset1705,dataset4406,dataset9185,dataset431
dataset8395,dataset3395,dataset199,dataset1774
dataset3141,dataset3930,dataset2862,dataset4326
dataset1534,dataset1715,dataset2078,dataset2959
dataset256,dataset4693,dataset5160,dataset1951
dataset5735,dataset1158,dataset4023,dataset4250
dataset7115,dataset2739,dataset1450,dataset4934
dataset1994,dataset2505,dataset1929,dataset5724
dataset3212,dataset9680,dataset617,dataset3695
dataset9480,dataset2688,dataset3331,dataset4951
dataset623,dataset4804,dataset3055,dataset8487
dataset8124,dataset1959,dataset2008,dataset393
dataset8033,dataset7996,dataset603,dataset2272
dataset3262,dataset4457,dataset9915,dataset3934
dataset9161,dataset9469,dataset515,dataset4484
dataset4085,dataset4681,dataset6539,dataset5107
dataset8145,dataset7858,dataset1795,dataset6408
dataset5212,dataset9025,dataset1194,dataset8032
dataset8617,dataset5573,dataset9911,dataset972
dataset9173,dataset1074,dataset8588,dataset8804
dataset2444,dataset1055,dataset757,dataset561
dataset2496,dataset3443,dataset7371,dataset4271
dataset8574,dataset4796,dataset7909,dataset5303
dataset9245,dataset6611,dataset2971,dataset1428
dataset8098,dataset1532,dataset9520,dataset5188
dataset4170,dataset3981,dataset1133,dataset329
dataset5144,dataset3861,dataset2162,dataset2606
dataset3259,dataset7479,dataset9902,dataset6244
dataset61,dataset4711,dataset4383,dataset7904
dataset7692,dataset6056,dataset8871,dataset9823
dataset3909,dataset758,dataset2049,dataset594
dataset7696,dataset4503,dataset8204,dataset9946
dataset4680,dataset8464,dataset8742,dataset9900
dataset4218,dataset7971,dataset7470,dataset8656
dataset6931,dataset703,dataset9349,dataset4399
dataset8399,dataset7336,dataset3012,dataset5798
dataset7310,dataset8231,dataset4173,dataset2328
dataset1084,dataset7056,dataset9071,dataset2245
dataset5430,dataset7653,dataset4831,dataset5930
dataset2696,dataset8056,dataset6894,dataset9153
dataset8754,dataset1350,dataset8482,dataset3665
dataset205,dataset46,dataset9943,dataset7472
dataset6440,dataset1184,dataset5374,dataset952
dataset5202,dataset798,dataset3314,dataset102
dataset7354,dataset1261,dataset2241,dataset6347
dataset9965,dataset9824,dataset3088,dataset4794
dataset6255,dataset9587,dataset9993,dataset2833
dataset2852,dataset356,dataset6994,dataset1656
dataset4833,dataset5520,dataset8225,dataset8652
dataset6652,dataset5915,dataset1173,dataset9772
dataset4012,dataset4560,dataset821,dataset1936
dataset5776,dataset7919,dataset7661,dataset2300
dataset5877,dataset6693,dataset9145,dataset9999
dataset1734,dataset5741,dataset9095,dataset1266
dataset7019,dataset713,dataset4172,dataset2260
dataset188,dataset8770,dataset1814,dataset445
dataset9330,dataset6982,dataset5086,dataset3797
dataset2501,dataset5883,dataset2363,dataset6489
dataset7020,dataset9331,dataset8265,dataset1199
dataset7965,dataset6176,dataset7457,dataset3662
dataset6073,dataset5957,dataset1983,dataset3024
dataset1191,dataset4907,dataset7061,dataset7804
dataset7844,dataset9003,dataset9670,dataset137
dataset4155,dataset1606,dataset1586,dataset383
dataset9421,dataset5505,dataset7222,dataset3916
dataset9661,dataset4157,dataset8680,dataset3518
dataset121,dataset1435,dataset6236,dataset6804
dataset4432,dataset2397,dataset2493,dataset1853
dataset701,dataset5172,dataset3003,dataset7088
dataset3657,dataset1689,dataset3321,dataset9059
dataset5749,dataset5648,dataset3783,dataset260
dataset8526,dataset8820,dataset5531,dataset312
dataset3411,dataset1653,dataset4281,dataset7624
dataset3018,dataset8285,dataset872,dataset4057
dataset3502,dataset7600,dataset1464,dataset7063
dataset2775,dataset7285,dataset9769,dataset1489
dataset5118,dataset6577,dataset1763,dataset1254
dataset1089,dataset3239,dataset8939,dataset649
dataset6930,dataset3884,dataset2905,dataset6662
dataset8168,dataset2564,dataset2846,dataset8951
dataset5644,dataset405,dataset5565,dataset7135
dataset4895,dataset7755,dataset6103,dataset731
dataset4115,dataset3824,dataset988,dataset1190
dataset9743,dataset1583,dataset8447,dataset6788
dataset7878,dataset2452,dataset4806,dataset830
dataset4259,dataset7700,dataset451,dataset4134
dataset7693,dataset1265,dataset9841,dataset3136
dataset4082,dataset1717,dataset2734,dataset322
dataset7929,dataset3408,dataset1894,dataset9096
dataset5409,dataset4999,dataset7104,dataset8944
dataset6579,dataset7708,dataset6290,dataset3633
dataset311,dataset8268,dataset3825,dataset98
dataset584,dataset5092,dataset6299,dataset3308
dataset229,dataset1355,dataset3957,dataset1667
dataset3608,dataset6595,dataset5181,dataset2866
dataset8457,dataset5313,dataset3685,dataset324
dataset2518,dataset7777,dataset7282,dataset1433
dataset27,dataset9166,dataset7788,dataset9728
dataset2902,dataset6207,dataset9852,dataset1787
dataset885,dataset9453,dataset8394,dataset5762
dataset4362,dataset5619,dataset1501,dataset3849
dataset8543,dataset497,dataset110,dataset5629
dataset6654,dataset845,dataset9657,dataset2344
dataset9419,dataset6102,dataset6801,dataset6940
dataset5001,dataset3293,dataset8189,dataset1468
dataset5706,dataset7433,dataset9291,dataset2579
dataset3726,dataset3384,dataset8197,dataset6671
dataset3515,dataset999,dataset3852,dataset879
dataset1368,dataset2329,dataset1466,dataset5880
dataset4486,dataset2382,dataset5005,dataset1149
dataset3655,dataset9056,dataset1490,dataset1042
dataset8269,dataset5220,dataset6825,dataset9032
dataset8605,dataset6373,dataset3349,dataset2187
dataset7013,dataset8406,dataset618,dataset9892
dataset3512,dataset4850,dataset2571,dataset283
dataset1293,dataset5448,dataset891,dataset9526
dataset8681,dataset9321,dataset9347,dataset2139
dataset5689,dataset5952,dataset8018,dataset1317
dataset5511,dataset1954,dataset8241,dataset0
dataset4025,dataset5830,dataset8262,dataset3437
dataset2599,dataset4194,dataset571,dataset4364
dataset9378,dataset7800,dataset8097,dataset6174
dataset719,dataset8117,dataset7554,dataset1721
dataset8648,dataset6993,dataset2490,dataset9590
dataset7993,dataset8633,dataset3470,dataset9738
dataset1135,dataset3214,dataset2644,dataset752
dataset2489,dataset2629,dataset3798,dataset9810
dataset6696,dataset802,dataset6644,dataset9478
dataset7768,dataset3208,dataset1592,dataset2653
dataset2591,dataset248,dataset6962,dataset5657
dataset1030,dataset2871,dataset5066,dataset8159
dataset8707,dataset5764,dataset6005,dataset3153
dataset3734,dataset3178,dataset5682,dataset1548
dataset3405,dataset2305,dataset6082,dataset9138
dataset6464,dataset7036,dataset1273,dataset7787
dataset9715,dataset507,dataset9699,dataset38
dataset648,dataset9922,dataset2021,dataset3439
dataset7195,dataset3355,dataset8144,dataset1092
dataset8432,dataset8800,dataset8913,dataset181
dataset4232,dataset5522,dataset1536,dataset2910
dataset4548,dataset4298,dataset7972,dataset5617
dataset2814,dataset9656,dataset5219,dataset8049
dataset4311,dataset1852,dataset9651,dataset9201
dataset8290,dataset7109,dataset3671,dataset9389
dataset3406,dataset1654,dataset2228,dataset8420
dataset7224,dataset9605,dataset8793,dataset7347
dataset2458,dataset7750,dataset9817,dataset1651
dataset7422,dataset8772,dataset7160,dataset166
dataset5679,dataset5722,dataset4649,dataset6166
dataset1768,dataset5640,dataset5953,dataset7494
dataset6985,dataset6463,dataset8995,dataset7859
dataset6398,dataset3980,dataset9493,dataset8726
dataset4133,dataset7744,dataset3200,dataset6363
dataset69,dataset4431,dataset3300,dataset1248
dataset7819,dataset4391,dataset8172,dataset2737
dataset2969,dataset9271,dataset1864,dataset5099
dataset6429,dataset1831,dataset4878,dataset7723
dataset2678,dataset5500,dataset8531,dataset3549
dataset6761,dataset8089,dataset5591,dataset5667
dataset5215,dataset6906,dataset7927,dataset3460
dataset66,dataset4282,dataset735,dataset3877
dataset189,dataset6242,dataset3938,dataset6730
dataset5332,dataset258,dataset5761,dataset4582
dataset9084,dataset3550,dataset2769,dataset2741
dataset5194,dataset9126,dataset3309,dataset3478
dataset6184,dataset8202,dataset7105,dataset2770
dataset3481,dataset6544,dataset1962,dataset3794
dataset8092,dataset9169,dataset4903,dataset4741
dataset3956,dataset4677,dataset4519,dataset9225
dataset6582,dataset8425,dataset7091,dataset3568
dataset8985,dataset1843,dataset7773,dataset5903
dataset4208,dataset6273,dataset1297,dataset6332
dataset4694,dataset1509,dataset9793,dataset7094
dataset6628,dataset325,dataset5746,dataset4978
dataset1177,dataset5621,dataset3978,dataset6472
dataset6794,dataset56,dataset6423,dataset5976
dataset660,dataset7375,dataset9685,dataset6053
dataset5056,dataset7887,dataset6146,dataset627
dataset3068,dataset2002,dataset9634,dataset4613
dataset1956,dataset6297,dataset4883,dataset822
dataset6252,dataset1833,dataset7815,dataset8911
dataset9107,dataset8667,dataset5961,dataset9430
dataset6506,dataset3950,dataset1155,dataset6524
dataset6581,dataset9329,dataset1131,dataset9290
dataset3757,dataset1492,dataset4674,dataset9462
dataset2014,dataset860,dataset8606,dataset1727
dataset2933,dataset1306,dataset9360,dataset3329
dataset1038,dataset4038,dataset8475,dataset5169
dataset1792,dataset5941,dataset2289,dataset85
dataset1079,dataset4201,dataset6084,dataset7128
dataset4914,dataset3775,dataset2821,dataset1858
dataset4810,dataset7231,dataset1918,dataset5183
dataset9132,dataset123,dataset8084,dataset458
dataset4701,dataset190,dataset5477,dataset5562
dataset8397,dataset1974,dataset9565,dataset4996
dataset6189,dataset9366,dataset2546,dataset7330
dataset9846,dataset6638,dataset8723,dataset9866
dataset3569,dataset8536,dataset3425,dataset2819
dataset5498,dataset5698,dataset8560,dataset7384
dataset5207,dataset8802,dataset7593,dataset6389
dataset6030,dataset1422,dataset3180,dataset8440
dataset9206,dataset3152,dataset5873,dataset2916
dataset9372,dataset1535,dataset5009,dataset7511
dataset5326,dataset1417,dataset4495,dataset9508
dataset4,dataset2888,dataset7208,dataset647
dataset8572,dataset5301,dataset1799,dataset3182
dataset2981,dataset4114,dataset4764,dataset8519
dataset1096,dataset9505,dataset5693,dataset7782
dataset7406,dataset9214,dataset9140,dataset8368
dataset3992,dataset8956,dataset1112,dataset6258
dataset307,dataset4382,dataset7703,dataset6672
dataset225,dataset7892,dataset3831,dataset1188
dataset4042,dataset897,dataset2440,dataset7485
dataset1728,dataset6302,dataset7592,dataset5513
dataset8293,dataset2517,dataset3104,dataset6623
dataset2087,dataset145,dataset7579,dataset1192
dataset6482,dataset1098,dataset7463,dataset9870
dataset2335,dataset227,dataset2646,dataset2291
dataset6568,dataset3489,dataset9524,dataset9400
dataset9369,dataset778,dataset9468,dataset1179
dataset4355,dataset6358,dataset6010,dataset7583
dataset4120,dataset6110,dataset2185,dataset8943
dataset7766,dataset5868,dataset8899,dataset6356
dataset8771,dataset4628,dataset7847,dataset512
dataset4485,dataset550,dataset5663,dataset7954
dataset7275,dataset5773,dataset3196,dataset1315
dataset5370,dataset1880,dataset7531,dataset4328
dataset7861,dataset9412,dataset7344,dataset6382
dataset3500,dataset6735,dataset7923,dataset2844
dataset2840,dataset3121,dataset3270,dataset5447
dataset2180,dataset5574,dataset4309,dataset3445
dataset9930,dataset3273,dataset4712,dataset6234
dataset9989,dataset3652,dataset2113,dataset3768
dataset321,dataset5788,dataset6755,dataset5131
dataset6858,dataset9443,dataset7736,dataset4048
dataset1021,dataset2985,dataset3120,dataset3076
dataset1688,dataset6119,dataset3870,dataset1996
dataset467,dataset6892,dataset5458,dataset9472
dataset2699,dataset4060,dataset8113,dataset9266
dataset6065,dataset4888,dataset3482,dataset7999
dataset1851,dataset6018,dataset7008,dataset7722
dataset4975,dataset5533,dataset6101,dataset210
dataset7496,dataset5455,dataset3893,dataset7719
dataset2018,dataset5567,dataset1819,dataset529
dataset7121,dataset8682,dataset1632,dataset7226
dataset7669,dataset3368,dataset3058,dataset9910
dataset8340,dataset7538,dataset5557,dataset2449
dataset3197,dataset7559,dataset8211,dataset4132
dataset6879,dataset7522,dataset8807,dataset8087
dataset8424,dataset6938,dataset1859,dataset8416
dataset1381,dataset1275,dataset9418,dataset3353
dataset3700,dataset2266,dataset3175,dataset804
dataset3716,dataset177,dataset6247,dataset7682
dataset8789,dataset8354,dataset8257,dataset488
dataset5704,dataset1129,dataset4481,dataset6936
dataset2784,dataset45,dataset8474,dataset5865
dataset8844,dataset8582,dataset2205,dataset244
dataset4798,dataset8806,dataset8292,dataset5545
dataset9596,dataset1566,dataset2091,dataset8809
dataset706,dataset3310,dataset8280,dataset1245
dataset8278,dataset111,dataset8700,dataset4131
dataset9336,dataset5668,dataset954,dataset6789
dataset3215,dataset32,dataset7130,dataset8350
dataset4657,dataset5022,dataset1749,dataset6461
dataset3226,dataset4886,dataset1725,dataset5962
dataset8920,dataset4545,dataset3848,dataset1806
dataset2914,dataset7392,dataset644,dataset5422
dataset1113,dataset5828,dataset8065,dataset9786
dataset4398,dataset4286,dataset4935,dataset8091
dataset7345,dataset8074,dataset8554,dataset9496
dataset7529,dataset5670,dataset3036,dataset9714
dataset8477,dataset161,dataset1124,dataset7281
dataset7519,dataset951,dataset7148,dataset4964
dataset9690,dataset9269,dataset4952,dataset9276
dataset9172,dataset694,dataset5805,dataset4475
dataset5725,dataset8480,dataset6272,dataset7041
dataset7430,dataset1624,dataset5408,dataset1693
dataset6951,dataset2534,dataset7813,dataset1989
dataset3372,dataset7288,dataset9904,dataset3145
dataset8598,dataset2299,dataset6209,dataset1455
dataset2124,dataset4881,dataset6649,dataset8664
dataset729,dataset7220,dataset6,dataset4857
dataset4018,dataset4478,dataset6535,dataset2836
dataset5425,dataset7381,dataset1870,dataset362
dataset4378,dataset3573,dataset8889,dataset9945
dataset9963,dataset2320,dataset4169,dataset4559
dataset8676,dataset5583,dataset5481,dataset1969
dataset7153,dataset1515,dataset6142,dataset168
dataset6807,dataset2805,dataset12,dataset309
dataset3507,dataset464,dataset3615,dataset128
dataset9973,dataset663,dataset7606,dataset4489
dataset8125,dataset1270,dataset8524,dataset1011
dataset5407,dataset4872,dataset783,dataset348
dataset2433,dataset3250,dataset214,dataset5936
dataset8827,dataset1186,dataset5943,dataset3231
dataset5048,dataset8439,dataset2625,dataset9040
dataset9971,dataset9652,dataset1469,dataset3654
dataset5795,dataset652,dataset4960,dataset2030
dataset4051,dataset3567,dataset3392,dataset7377
dataset2271,dataset2965,dataset9776,dataset1948
dataset3288,dataset5721,dataset982,dataset8607
dataset7856,dataset2419,dataset1488,dataset4151
dataset6917,dataset769,dataset1862,dataset7067
dataset6250,dataset1139,dataset6846,dataset4992
dataset4669,dataset6639,dataset4631,dataset8494
dataset7816,dataset9538,dataset2757,dataset563
dataset880,dataset5337,dataset5325,dataset1493
dataset9374,dataset9439,dataset1456,dataset883
dataset459,dataset1921,dataset5123,dataset9310
dataset4458,dataset4723,dataset8146,dataset5295
dataset6317,dataset494,dataset3435,dataset5110
dataset4318,dataset4575,dataset6527,dataset7259
dataset7850,dataset5601,dataset7150,dataset5147
dataset7743,dataset4140,dataset1879,dataset959
dataset4199,dataset8151,dataset6354,dataset7246
dataset609,dataset490,dataset5427,dataset1559
dataset2729,dataset6117,dataset7760,dataset1964
dataset7069,dataset2634,dataset9848,dataset8565
dataset2163,dataset4167,dataset5004,dataset7172
dataset2123,dataset1695,dataset3590,dataset7176
dataset1214,dataset9997,dataset9890,dataset7941
dataset9981,dataset9202,dataset2671,dataset3793
dataset2802,dataset2250,dataset6259,dataset6665
dataset2106,dataset491,dataset4107,dataset3240
dataset9053,dataset4351,dataset3092,dataset2485
dataset7621,dataset4505,dataset9293,dataset6580
dataset6197,dataset953,dataset3279,dataset5532
dataset1484,dataset7397,dataset1940,dataset5254
dataset2042,dataset2615,dataset8023,dataset622
dataset7619,dataset2558,dataset1246,dataset5527
dataset8323,dataset6782,dataset2708,dataset4843
dataset1415,dataset7907,dataset1755,dataset864
dataset8279,dataset8363,dataset9529,dataset6164
dataset8942,dataset4037,dataset6910,dataset3826
dataset133,dataset3975,dataset7872,dataset7337
dataset8348,dataset9829,dataset4349,dataset9719
dataset1655,dataset7144,dataset5645,dataset2743
dataset5029,dataset1596,dataset2674,dataset1599
dataset3268,dataset5598,dataset2174,dataset6785
dataset8805,dataset8096,dataset3374,dataset9734
dataset4420,dataset4578,dataset7122,dataset1690
dataset4438,dataset5756,dataset5103,dataset7399
dataset9557,dataset498,dataset8286,dataset6509
dataset299,dataset8706,dataset2366,dataset511
dataset4846,dataset3125,dataset7295,dataset911
dataset6218,dataset9433,dataset9393,dataset9764
dataset6144,dataset8434,dataset7217,dataset6091
dataset2492,dataset4513,dataset8088,dataset2879
dataset7890,dataset6619,dataset9483,dataset7836
dataset2594,dataset7227,dataset7300,dataset2582
dataset870,dataset4788,dataset6849,dataset6364
dataset3113,dataset2459,dataset1659,dataset4274
dataset7125,dataset5685,dataset7921,dataset2633
dataset6068,dataset4551,dataset3781,dataset5922
dataset9467,dataset2389,dataset4498,dataset5124
dataset4612,dataset5514,dataset1546,dataset5255
dataset4110,dataset1170,dataset9402,dataset1310
dataset9708,dataset8012,dataset374,dataset4968
dataset3381,dataset9659,dataset8402,dataset1211
dataset3174,dataset759,dataset6626,dataset6155
dataset3576,dataset3758,dataset8715,dataset3523
dataset8201,dataset2590,dataset7210,dataset1610
dataset6715,dataset8264,dataset8236,dataset653
dataset5677,dataset9612,dataset6466,dataset8916
dataset4986,dataset5765,dataset9461,dataset5283
dataset2311,dataset4295,dataset2332,dataset5796
dataset8441,dataset5856,dataset806,dataset6267
dataset281,dataset9401,dataset9561,dataset5777
dataset1477,dataset1200,dataset9240,dataset9591
dataset5317,dataset6377,dataset460,dataset4312
dataset3606,dataset218,dataset3906,dataset5134
dataset216,dataset5043,dataset8934,dataset5143
dataset7967,dataset862,dataset2508,dataset4334
dataset8783,dataset6388,dataset4182,dataset5767
dataset5040,dataset9408,dataset1790,dataset8580
dataset5620,dataset3631,dataset967,dataset1004
dataset4204,dataset890,dataset9194,dataset3844
dataset2099,dataset2236,dataset1202,dataset4019
dataset5503,dataset8284,dataset5179,dataset8409
dataset1406,dataset4748,dataset193,dataset9907
dataset4932,dataset2572,dataset9297,dataset7578
dataset7218,dataset7002,dataset8894,dataset3917
dataset976,dataset2749,dataset7706,dataset7298
dataset8228,dataset602,dataset1271,dataset76
dataset3919,dataset1231,dataset7748,dataset1364
dataset6168,dataset175,dataset7756,dataset7960
dataset7389,dataset2705,dataset29,dataset4247
dataset9514,dataset2935,dataset560,dataset8857
dataset3491,dataset345,dataset1805,dataset2570
dataset5894,dataset2118,dataset782,dataset9980
dataset6574,dataset7647,dataset8465,dataset3799
dataset2361,dataset8926,dataset3438,dataset7103
dataset1978,dataset4955,dataset5432,dataset2134
dataset5098,dataset9122,dataset5478,dataset7326
dataset9745,dataset5716,dataset474,dataset7916
dataset191,dataset9662,dataset6827,dataset3232
dataset6606,dataset6422,dataset5988,dataset4180
dataset718,dataset236,dataset6732,dataset7456
dataset2587,dataset2745,dataset7990,dataset427
dataset8036,dataset3433,dataset9183,dataset2442
dataset9413,dataset9850,dataset9064,dataset1359
dataset8235,dataset4221,dataset2672,dataset1678
dataset3921,dataset1281,dataset4630,dataset4198
dataset8795,dataset9192,dataset4543,dataset4928
dataset7359,dataset7915,dataset1863,dataset6743
dataset7657,dataset6572,dataset4415,dataset9689
dataset3319,dataset1028,dataset3508,dataset3688
dataset277,dataset7902,dataset7783,dataset7048
dataset4480,dataset6122,dataset9203,dataset1821
dataset2675,dataset8597,dataset7562,dataset6632
dataset7686,dataset7542,dataset4315,dataset7567
dataset7685,dataset1981,dataset853,dataset1525
dataset8825,dataset1367,dataset5804,dataset6458
dataset7442,dataset9600,dataset7936,dataset4500
dataset5288,dataset8958,dataset3497,dataset5980
dataset3732,dataset5674,dataset744,dataset3835
dataset6718,dataset7403,dataset8078,dataset9885
dataset8311,dataset1250,dataset6517,dataset2719
dataset7170,dataset9403,dataset8670,dataset636
dataset2557,dataset4407,dataset9322,dataset2972
dataset6413,dataset5963,dataset2533,dataset4666
dataset6550,dataset558,dataset4467,dataset8270
dataset97,dataset4323,dataset376,dataset4931
dataset7705,dataset8854,dataset8252,dataset7204
dataset5846,dataset2776,dataset6848,dataset8946
dataset4144,dataset2468,dataset4021,dataset5823
dataset3922,dataset7883,dataset977,dataset1228
dataset3412,dataset2604,dataset7291,dataset8744
dataset9692,dataset3544,dataset9995,dataset939
dataset9073,dataset342,dataset7331,dataset1304
dataset5282,dataset6334,dataset1738,dataset3432
dataset1907,dataset5117,dataset5854,dataset9854
dataset8849,dataset1040,dataset3786,dataset5719
dataset5507,dataset4834,dataset4210,dataset3065
dataset1662,dataset9388,dataset1251,dataset2782
dataset4616,dataset7517,dataset5232,dataset245
dataset1896,dataset5876,dataset6957,dataset6673
dataset554,dataset8787,dataset2939,dataset7830
dataset5676,dataset6393,dataset472,dataset9456
dataset523,dataset8050,dataset4289,dataset5489
dataset6326,dataset4414,dataset9595,dataset7325
dataset9770,dataset1210,dataset3584,dataset3000
dataset7931,dataset2176,dataset3526,dataset1044
dataset2987,dataset6913,dataset475,dataset927
dataset3278,dataset8005,dataset1280,dataset6560
dataset6738,dataset7004,dataset6759,dataset5790
dataset6004,dataset5346,dataset8847,dataset2973
dataset4000,dataset2177,dataset8467,dataset7401
dataset7131,dataset6024,dataset463,dataset3527
dataset5394,dataset2484,dataset9432,dataset8164
dataset2617,dataset8222,dataset4957,dataset2424
dataset1326,dataset6416,dataset4763,dataset6739
dataset4292,dataset1408,dataset8662,dataset8320
dataset222,dataset4268,dataset8537,dataset6655
dataset2445,dataset4320,dataset5882,dataset1002
dataset6586,dataset6754,dataset7681,dataset4972
dataset2922,dataset579,dataset8013,dataset4977
dataset1498,dataset1641,dataset9681,dataset524
dataset3496,dataset6253,dataset3539,dataset9906
dataset468,dataset2098,dataset9131,dataset7102
dataset742,dataset5268,dataset5443,dataset1457
dataset4410,dataset2107,dataset1132,dataset8277
dataset2992,dataset3969,dataset3059,dataset2907
dataset537,dataset1391,dataset4672,dataset9705
dataset8658,dataset6863,dataset3881,dataset5206
dataset5871,dataset9447,dataset973,dataset5234
dataset5472,dataset2121,dataset1459,dataset4579
dataset1176,dataset2532,dataset5435,dataset8632
dataset1068,dataset7175,dataset3811,dataset9345
dataset3570,dataset4805,dataset1788,dataset169
dataset7305,dataset672,dataset8316,dataset1093
dataset3899,dataset5150,dataset1499,dataset6171
dataset9868,dataset4054,dataset6379,dataset1551
dataset7556,dataset8581,dataset994,dataset9387
dataset4341,dataset302,dataset2850,dataset9244
dataset5580,dataset5401,dataset1563,dataset4542
dataset1400,dataset9799,dataset4620,dataset6567
dataset3632,dataset6597,dataset6618,dataset1510
dataset4994,dataset5375,dataset200,dataset578
dataset4517,dataset5175,dataset7742,dataset6455
dataset9168,dataset3806,dataset5483,dataset7444
dataset2686,dataset139,dataset482,dataset4580
dataset539,dataset3985,dataset5227,dataset6862
dataset3323,dataset4354,dataset1760,dataset8184
dataset2952,dataset9371,dataset6686,dataset1543
dataset4428,dataset3354,dataset7450,dataset5564
dataset642,dataset946,dataset1312,dataset5214
dataset6222,dataset6505,dataset2068,dataset4324
dataset2010,dataset8135,dataset6220,dataset1675
dataset5831,dataset7988,dataset3049,dataset2052
dataset5217,dataset2642,dataset2083,dataset8508
dataset6989,dataset1051,dataset9236,dataset1558
dataset1845,dataset4617,dataset3357,dataset6094
dataset9221,dataset726,dataset6039,dataset6051
dataset2282,dataset6118,dataset5539,dataset5064
dataset2178,dataset6653,dataset4442,dataset5705
dataset894,dataset6798,dataset6081,dataset7660
dataset9574,dataset8865,dataset9490,dataset9563
dataset3730,dataset6424,dataset562,dataset9440
dataset6828,dataset4043,dataset7274,dataset5019
dataset2436,dataset6497,dataset5504,dataset1609
dataset7691,dataset6766,dataset1298,dataset6845
dataset4492,dataset876,dataset8319,dataset8
dataset8207,dataset7994,dataset1793,dataset7482
dataset7911,dataset4981,dataset6812,dataset297
dataset9571,dataset6631,dataset3014,dataset5114
dataset6970,dataset7424,dataset9802,dataset4387
dataset2246,dataset7461,dataset2370,dataset3974
dataset3041,dataset9867,dataset9466,dataset2048
dataset1844,dataset1175,dataset5111,dataset6945
dataset4539,dataset435,dataset5321,dataset5343
dataset7355,dataset9536,dataset7106,dataset4856
dataset1585,dataset4159,dataset591,dataset8374
dataset1661,dataset6283,dataset3305,dataset4251
dataset2854,dataset7100,dataset6986,dataset5627
dataset3745,dataset4868,dataset803,dataset932
dataset5993,dataset2747,dataset4854,dataset9768
dataset1020,dataset2976,dataset3135,dataset7055
dataset9498,dataset5814,dataset9365,dataset5683
dataset8243,dataset5077,dataset7680,dataset7698
dataset2069,dataset7539,dataset8304,dataset9706
dataset8579,dataset542,dataset8941,dataset1697
dataset8798,dataset4215,dataset7825,dataset740
dataset338,dataset9711,dataset6028,dataset8813
dataset3837,dataset9112,dataset9552,dataset3963
dataset3246,dataset2207,dataset8561,dataset7905
dataset4058,dataset7290,dataset3575,dataset1323
dataset7564,dataset1912,dataset5874,dataset8105
dataset8324,dataset5187,dataset981,dataset3874
dataset3198,dataset4744,dataset7848,dataset5120
dataset1022,dataset2473,dataset9618,dataset55
dataset4642,dataset5733,dataset8713,dataset553
dataset3856,dataset2953,dataset5576,dataset9518
dataset7284,dataset7481,dataset151,dataset2167
dataset5368,dataset889,dataset5866,dataset2259
dataset1217,dataset3898,dataset4682,dataset9482
dataset9164,dataset8765,dataset5454,dataset3928
dataset535,dataset5248,dataset600,dataset3046
dataset7350,dataset1379,dataset6956,dataset125
dataset3099,dataset1899,dataset2531,dataset8010
dataset9513,dataset5186,dataset5323,dataset7080
dataset5041,dataset1646,dataset8048,dataset736
dataset7976,dataset1999,dataset5933,dataset697
dataset8419,dataset9723,dataset984,dataset570
dataset2104,dataset1915,dataset9737,dataset6507
dataset956,dataset4920,dataset5482,dataset3920
dataset9033,dataset3142,dataset1316,dataset7868
dataset3086,dataset5279,dataset3678,dataset3348
dataset6873,dataset8611,dataset2698,dataset8749
dataset9175,dataset4950,dataset219,dataset8066
dataset9255,dataset2137,dataset9121,dataset7612
dataset7561,dataset3814,dataset2326,dataset9272
dataset6467,dataset4202,dataset77,dataset1523
dataset6701,dataset3904,dataset2090,dataset5016
dataset9504,dataset9512,dataset2312,dataset223
dataset408,dataset6460,dataset8042,dataset7985
dataset5526,dataset1013,dataset9953,dataset3830
dataset1723,dataset898,dataset208,dataset7097
dataset6926,dataset5289,dataset3617,dataset6054
dataset2171,dataset5451,dataset747,dataset5990
dataset2472,dataset1572,dataset5360,dataset8908
dataset3630,dataset9470,dataset2132,dataset902
dataset847,dataset768,dataset6770,dataset5566
dataset6947,dataset2273,dataset9141,dataset6852
dataset2514,dataset9339,dataset5766,dataset2785
dataset1478,dataset8014,dataset795,dataset5023
dataset2962,dataset3095,dataset819,dataset2640
dataset5450,dataset326,dataset9688,dataset4238
dataset874,dataset7071,dataset7162,dataset2771
dataset6856,dataset1950,dataset844,dataset5367
dataset4493,dataset4851,dataset7790,dataset8141
dataset3429,dataset9695,dataset9438,dataset7702
dataset6973,dataset7185,dataset7935,dataset9373
dataset5600,dataset6721,dataset4710,dataset9755
dataset7683,dataset4633,dataset2575,dataset8523
dataset5026,dataset33,dataset6271,dataset728
dataset4419,dataset6186,dataset7665,dataset7058
dataset2314,dataset6920,dataset9578,dataset1673
dataset8100,dataset1552,dataset7279,dataset657
dataset5713,dataset7673,dataset9872,dataset8853
dataset2622,dataset5410,dataset5235,dataset8654
dataset2799,dataset5544,dataset9794,dataset9210
dataset6800,dataset8840,dataset8314,dataset899
dataset8435,dataset2823,dataset6702,dataset6057
dataset7822,dataset8979,dataset9019,dataset8179
dataset1620,dataset7764,dataset340,dataset6125
dataset3690,dataset3173,dataset108,dataset4358
dataset670,dataset202,dataset7906,dataset7483
dataset1421,dataset9457,dataset9114,dataset1099
dataset2555,dataset1458,dataset5605,dataset6647
dataset6427,dataset9391,dataset2982,dataset9966
dataset7749,dataset833,dataset501,dataset7419
dataset5190,dataset9694,dataset6657,dataset5286
dataset8024,dataset44,dataset2825,dataset6474
dataset7229,dataset2399,dataset3578,dataset7329
dataset1284,dataset7193,dataset8861,dataset9215
dataset7386,dataset2551,dataset3054,dataset2607
dataset6491,dataset5154,dataset7042,dataset9100
dataset9986,dataset5436,dataset7515,dataset9014
dataset9917,dataset5213,dataset9318,dataset158
dataset2394,dataset6806,dataset2890,dataset8568
dataset3448,dataset6378,dataset6678,dataset7751
dataset6019,dataset6777,dataset6520,dataset9763
dataset9295,dataset6928,dataset5167,dataset9485
dataset9193,dataset919,dataset4461,dataset2767
dataset2679,dataset2806,dataset5366,dataset3339
dataset9500,dataset3790,dataset3442,dataset7857
dataset8874,dataset5055,dataset4476,dataset5754
dataset8637,dataset1650,dataset8587,dataset5042
dataset4768,dataset2412,dataset1461,dataset9320
dataset2683,dataset1290,dataset5437,dataset2919
dataset5459,dataset7635,dataset9972,dataset195
dataset1385,dataset3668,dataset2596,dataset6998
dataset3461,dataset3598,dataset2621,dataset5259
dataset9015,dataset9143,dataset1812,dataset4342
dataset2258,dataset8041,dataset3519,dataset5618
dataset855,dataset9444,dataset372,dataset480
dataset2504,dataset7728,dataset2406,dataset6300
dataset9532,dataset8380,dataset1756,dataset7817
dataset9909,dataset4684,dataset438,dataset7818
dataset4178,dataset3401,dataset2423,dataset4622
dataset4112,dataset126,dataset6205,dataset1240
dataset1260,dataset2900,dataset7178,dataset3612
dataset3163,dataset2108,dataset432,dataset8732
dataset411,dataset7449,dataset6587,dataset5336
dataset5229,dataset6983,dataset7101,dataset1818
dataset2157,dataset9660,dataset7493,dataset5486
dataset9333,dataset196,dataset4196,dataset8714
dataset8001,dataset2007,dataset4823,dataset7552
dataset7201,dataset2357,dataset9362,dataset3346
dataset8514,dataset6959,dataset3613,dataset1649
dataset129,dataset4577,dataset1331,dataset2829
dataset1612,dataset5312,dataset6760,dataset8970
dataset2798,dataset7177,dataset1633,dataset6368
dataset3140,dataset3802,dataset9575,dataset3108
dataset9196,dataset6412,dataset9031,dataset1761
dataset9487,dataset9747,dataset777,dataset7476
dataset8791,dataset8863,dataset2352,dataset8896
dataset194,dataset6526,dataset3045,dataset727
dataset308,dataset5411,dataset314,dataset5180
dataset9982,dataset858,dataset1967,dataset1253
dataset1363,dataset8634,dataset8978,dataset9934
dataset863,dataset6753,dataset5231,dataset7469
dataset4627,dataset4621,dataset118,dataset577
dataset2156,dataset846,dataset6625,dataset5403
dataset2998,dataset8828,dataset881,dataset4363
dataset7388,dataset599,dataset5084,dataset4671
dataset6403,dataset6716,dataset6608,dataset6501
dataset7668,dataset2409,dataset8845,dataset2441
dataset8122,dataset2323,dataset7070,dataset5356
dataset1949,dataset9246,dataset9842,dataset4820
dataset3891,dataset7903,dataset9,dataset7950
dataset192,dataset6074,dataset2373,dataset3926
dataset5785,dataset9855,dataset2808,dataset5089
dataset9407,dataset3577,dataset6032,dataset9698
dataset3818,dataset3241,dataset2467,dataset5839
dataset5414,dataset7010,dataset9788,dataset1958
dataset665,dataset9280,dataset6954,dataset6503
dataset6392,dataset3812,dataset7191,dataset8289
dataset750,dataset2203,dataset4544,dataset6243
dataset7168,dataset1123,dataset5635,dataset6876
dataset2930,dataset4640,dataset520,dataset5633
dataset1846,dataset1277,dataset4904,dataset8585
dataset5872,dataset6976,dataset811,dataset9021
dataset1816,dataset4929,dataset7425,dataset5914
dataset9332,dataset5991,dataset9988,dataset142
dataset1992,dataset6439,dataset947,dataset3784
dataset6547,dataset1116,dataset4160,dataset1886
dataset3880,dataset4563,dataset4339,dataset9663
dataset4619,dataset4537,dataset5792,dataset2638
dataset1796,dataset493,dataset9429,dataset6881
dataset2262,dataset8521,dataset5921,dataset9486
dataset2006,dataset1508,dataset1088,dataset7267
dataset344,dataset9133,dataset9782,dataset8173
dataset3263,dataset3773,dataset9026,dataset755
dataset8567,dataset3261,dataset3023,dataset702
dataset5499,dataset8484,dataset7610,dataset5497
dataset7024,dataset1313,dataset4812,dataset2487
dataset6690,dataset8453,dataset1154,dataset301
dataset7232,dataset3558,dataset5652,dataset3204
dataset3430,dataset7786,dataset3078,dataset1540
dataset9983,dataset9034,dataset6680,dataset2697
dataset9162,dataset4661,dataset6246,dataset5781
dataset9474,dataset5842,dataset9967,dataset964
dataset8763,dataset2056,dataset6963,dataset3883
dataset2657,dataset8650,dataset1070,dataset5555
dataset3955,dataset4667,dataset1997,dataset2036
dataset1698,dataset5251,dataset2598,dataset2722
dataset4924,dataset285,dataset1607,dataset9607
dataset8473,dataset2066,dataset212,dataset3421
dataset6451,dataset7487,dataset937,dataset5707
dataset790,dataset1878,dataset5561,dataset2892
dataset6002,dataset2926,dataset1041,dataset6303
dataset5003,dataset7216,dataset9519,dataset1658
dataset6047,dataset6823,dataset6366,dataset5369
dataset4773,dataset9864,dataset2724,dataset572
dataset1205,dataset4525,dataset7739,dataset565
dataset4499,dataset6159,dataset3821,dataset3795
dataset2190,dataset8890,dataset8259,dataset4901
dataset6929,dataset5524,dataset9111,dataset1300
dataset2358,dataset240,dataset3709,dataset8469
dataset43,dataset1049,dataset3871,dataset3487
dataset9406,dataset355,dataset5847,dataset5033
dataset3106,dataset1314,dataset9301,dataset6113
dataset9503,dataset1114,dataset1567,dataset4005
dataset810,dataset6556,dataset7159,dataset2827
dataset7879,dataset1405,dataset1810,dataset9865
dataset3933,dataset671,dataset3822,dataset928
dataset6173,dataset3255,dataset330,dataset8797
dataset180,dataset6774,dataset654,dataset7038
dataset2872,dataset4397,dataset6202,dataset8276
dataset6624,dataset5848,dataset7098,dataset4765
dataset6670,dataset7034,dataset3754,dataset7484
dataset7568,dataset7932,dataset5811,dataset1718
dataset9816,dataset2773,dataset1765,dataset5277
dataset2595,dataset6836,dataset369,dataset5543
dataset1589,dataset6435,dataset1711,dataset4982
dataset5827,dataset4538,dataset9491,dataset1411
dataset6420,dataset6999,dataset473,dataset198
dataset546,dataset2990,dataset9879,dataset7737
dataset2762,dataset3177,dataset4507,dataset9179
dataset1053,dataset7376,dataset6225,dataset8922
dataset176,dataset8291,dataset4813,dataset1813
dataset7885,dataset7851,dataset1118,dataset3687
dataset9279,dataset6404,dataset5226,dataset5272
dataset935,dataset150,dataset6620,dataset9884
dataset1622,dataset3356,dataset1547,dataset8566
dataset9632,dataset6126,dataset1701,dataset8153
dataset4915,dataset5923,dataset8702,dataset2602
dataset7212,dataset6061,dataset5471,dataset106
dataset4757,dataset7679,dataset3020,dataset1213
dataset7190,dataset3375,dataset1237,dataset5671
dataset7245,dataset7025,dataset9833,dataset6717
dataset5986,dataset7164,dataset3546,dataset9027
dataset5342,dataset1401,dataset1034,dataset8686
dataset9580,dataset5125,dataset4111,dataset7057
dataset1361,dataset3450,dataset7306,dataset2552
dataset4102,dataset4655,dataset9308,dataset4225
dataset1382,dataset548,dataset7081,dataset3084
dataset5551,dataset3914,dataset1006,dataset3181
dataset2388,dataset6714,dataset2222,dataset3841
dataset8101,dataset6705,dataset7341,dataset8583
dataset6346,dataset8953,dataset1161,dataset2519
dataset8322,dataset5800,dataset9847,dataset1241
dataset182,dataset8008,dataset587,dataset8559
dataset7869,dataset8318,dataset7499,dataset674
dataset2243,dataset2863,dataset1183,dataset4083
dataset8549,dataset3191,dataset9287,dataset3776
dataset8342,dataset7645,dataset197,dataset628
dataset7981,dataset851,dataset809,dataset7174
dataset9106,dataset929,dataset581,dataset3260
dataset6011,dataset1362,dataset173,dataset2001
dataset5012,dataset2791,dataset2690,dataset5793
dataset4371,dataset5939,dataset1789,dataset868
dataset7368,dataset4751,dataset2302,dataset8357
dataset7717,dataset5469,dataset8836,dataset9974
dataset8918,dataset4581,dataset5734,dataset6228
dataset4372,dataset3295,dataset6612,dataset6710
dataset8309,dataset8025,dataset1815,dataset989
dataset1987,dataset1684,dataset6895,dataset5905
dataset5593,dataset5243,dataset3047,dataset6172
dataset9704,dataset8684,dataset1883,dataset6864
dataset7318,dataset2077,dataset2191,dataset7689
dataset1307,dataset5881,dataset4602,dataset2934
dataset6525,dataset920,dataset3062,dataset9775
dataset3447,dataset9459,dataset4094,dataset6169
dataset9051,dataset1105,dataset3388,dataset428
dataset4908,dataset8762,dataset3376,dataset6948
dataset9289,dataset9247,dataset4562,dataset5603
dataset9222,dataset1282,dataset6337,dataset848
dataset7961,dataset1336,dataset5506,dataset4601
dataset1971,dataset6308,dataset2372,dataset2702
dataset3803,dataset5351,dataset6889,dataset576
dataset8533,dataset5062,dataset4390,dataset6967
dataset6212,dataset4230,dataset4219,dataset4123
dataset4477,dataset6405,dataset9259,dataset1029
dataset1507,dataset2041,dataset213,dataset2249
dataset5768,dataset2654,dataset4877,dataset7888
dataset904,dataset7741,dataset9382,dataset6890
dataset1122,dataset6227,dataset8150,dataset3779
dataset2677,dataset3495,dataset8085,dataset9976
dataset9691,dataset2497,dataset84,dataset5944
dataset1786,dataset8431,dataset4496,dataset6375
dataset9316,dataset8170,dataset2219,dataset3081
dataset573,dataset8685,dataset9771,dataset3936
dataset6599,dataset7312,dataset2566,dataset2577
dataset262,dataset525,dataset4742,dataset7096
dataset380,dataset4427,dataset3925,dataset1841
dataset291,dataset7555,dataset5879,dataset7512
dataset3767,dataset2417,dataset5700,dataset3110
dataset3264,dataset9098,dataset3484,dataset9949
dataset3471,dataset3222,dataset2662,dataset7991
dataset7630,dataset4864,dataset6576,dataset8181
dataset5461,dataset4737,dataset6688,dataset6980
dataset9234,dataset8814,dataset3440,dataset3972
dataset1570,dataset7372,dataset6706,dataset9617
dataset635,dataset7873,dataset6355,dataset8879
dataset7323,dataset3706,dataset1856,dataset2084
dataset9535,dataset1776,dataset7982,dataset6664
dataset3634,dataset2356,dataset4317,dataset2405
dataset2955,dataset2269,dataset3765,dataset4887
dataset9307,dataset8949,dataset6311,dataset6768
dataset601,dataset4771,dataset979,dataset2659
dataset3389,dataset835,dataset3324,dataset7980
dataset7157,dataset8655,dataset667,dataset9537
dataset3927,dataset2740,dataset1990,dataset1530
dataset1781,dataset5149,dataset8716,dataset1418
dataset6518,dataset5815,dataset8167,dataset6886
dataset9558,dataset4815,dataset850,dataset5978
dataset9547,dataset6374,dataset5662,dataset645
dataset6767,dataset5381,dataset4293,dataset9020
dataset1272,dataset7862,dataset2432,dataset2828
dataset7709,dataset2275,dataset7188,dataset4735
dataset9729,dataset8635,dataset5626,dataset8875
dataset7834,dataset1777,dataset124,dataset1479
dataset1268,dataset9837,dataset1871,dataset9594
dataset7049,dataset2635,dataset6177,dataset8782
dataset823,dataset5714,dataset7763,dataset582
dataset6070,dataset8046,dataset3101,dataset6708
dataset373,dataset9622,dataset1934,dataset8106
dataset1542,dataset6554,dataset426,dataset2402
dataset156,dataset8719,dataset2115,dataset9985
dataset9124,dataset5609,dataset3162,dataset3312
dataset2658,dataset2086,dataset5730,dataset7116
dataset6396,dataset1117,dataset4664,dataset4181
dataset4662,dataset6339,dataset2562,dataset5769
dataset4803,dataset4033,dataset3689,dataset4917
dataset3160,dataset7018,dataset5465,dataset5701
dataset3749,dataset1874,dataset4325,dataset5338
dataset8187,dataset1039,dataset2616,dataset8461
dataset8407,dataset1427,dataset5319,dataset852
dataset1449,dataset6148,dataset8643,dataset8299
dataset3958,dataset7725,dataset9326,dataset2807
dataset2181,dataset8346,dataset6361,dataset8717
dataset203,dataset2232,dataset5678,dataset2809
dataset2687,dataset237,dataset2169,dataset4825
dataset7618,dataset6038,dataset41,dataset9152
dataset5501,dataset2924,dataset1961,dataset6066
dataset2703,dataset2583,dataset3711,dataset9368
dataset8895,dataset2983,dataset5786,dataset9840
dataset2774,dataset2561,dataset4267,dataset3451
dataset9730,dataset1090,dataset8877,dataset9091
dataset4306,dataset699,dataset4101,dataset1031
dataset8301,dataset3572,dataset412,dataset1244
dataset4233,dataset7876,dataset5853,dataset3201
dataset9877,dataset684,dataset3483,dataset2509
dataset3249,dataset2601,dataset7884,dataset9218
dataset276,dataset2290,dataset1783,dataset680
dataset1568,dataset5002,dataset4487,dataset9502
dataset4678,dataset2630,dataset2411,dataset533
dataset3614,dataset3658,dataset7644,dataset7545
dataset7046,dataset4319,dataset5774,dataset6330
dataset9627,dataset7864,dataset3418,dataset922
dataset5650,dataset7459,dataset6975,dataset9007
dataset4782,dataset6916,dataset9351,dataset1234
dataset508,dataset6935,dataset789,dataset1618
dataset6583,dataset4769,dataset3070,dataset6213
dataset1594,dataset2080,dataset966,dataset8371
dataset7466,dataset305,dataset4197,dataset3498
dataset2637,dataset8666,dataset7297,dataset9324
dataset4743,dataset2285,dataset9067,dataset1834
dataset6557,dataset9781,dataset5384,dataset9790
dataset4625,dataset4452,dataset3854,dataset7566
dataset626,dataset9119,dataset3402,dataset4608
dataset257,dataset1553,dataset1521,dataset4141
dataset4125,dataset7393,dataset7549,dataset7880
dataset6821,dataset5140,dataset74,dataset7607
dataset1733,dataset4900,dataset1404,dataset888
dataset763,dataset8193,dataset8471,dataset1595
dataset3611,dataset4586,dataset7701,dataset2748
dataset1966,dataset1352,dataset1483,dataset9431
dataset3091,dataset1454,dataset7510,dataset6338
dataset8379,dataset4392,dataset6813,dataset9251
dataset2881,dataset4953,dataset4837,dataset8755
dataset9560,dataset9489,dataset8239,dataset465
dataset5249,dataset2303,dataset9189,dataset2308
dataset9479,dataset1150,dataset8205,dataset1166
dataset5751,dataset9862,dataset9224,dataset1167
dataset4344,dataset3966,dataset2523,dataset3596
dataset2857,dataset9341,dataset130,dataset1743
dataset6533,dataset7166,dataset1985,dataset8466
dataset5057,dataset5100,dataset5439,dataset5330
dataset2803,dataset5152,dataset4443,dataset9812
dataset6372,dataset971,dataset8017,dataset3746
dataset6944,dataset634,dataset5864,dataset8002
dataset9079,dataset4403,dataset3188,dataset8528
dataset1197,dataset3350,dataset3720,dataset6400
dataset3949,dataset2348,dataset7801,dataset3817
dataset1724,dataset3999,dataset4634,dataset7438
dataset4346,dataset7805,dataset313,dataset4158
dataset3782,dataset7488,dataset7629,dataset2649
dataset575,dataset5690,dataset2645,dataset8880
dataset3595,dataset9836,dataset3774,dataset9562
dataset140,dataset1398,dataset5145,dataset3378
dataset3202,dataset8601,dataset2141,dataset2338
dataset6684,dataset3224,dataset2474,dataset1163
dataset3137,dataset6063,dataset7724,dataset5165
dataset6229,dataset8296,dataset4876,dataset6105
dataset114,dataset5373,dataset2398,dataset9109
dataset6157,dataset6090,dataset9825,dataset1710
dataset8459,dataset9624,dataset3360,dataset320
dataset4766,dataset5715,dataset2789,dataset8384
dataset6979,dataset8094,dataset9044,dataset884
dataset6511,dataset8121,dataset3769,dataset1587
dataset9553,dataset3195,dataset433,dataset136
dataset3903,dataset7832,dataset4706,dataset2988
dataset7780,dataset6097,dataset163,dataset9543
dataset5984,dataset3229,dataset4873,dataset1008
dataset4502,dataset6281,dataset3594,dataset3788
dataset6009,dataset7243,dataset639,dataset3017
dataset6367,dataset6786,dataset2276,dataset9055
dataset4882,dataset5445,dataset7213,dataset8718
dataset4417,dataset6949,dataset3227,dataset2120
dataset9638,dataset7626,dataset5519,dataset7252
dataset2027,dataset4301,dataset8026,dataset5047
dataset7447,dataset9731,dataset2217,dataset2650
dataset5072,dataset7022,dataset7244,dataset526
dataset206,dataset8689,dataset7154,dataset8221
dataset2383,dataset3361,dataset4947,dataset3377
dataset4683,dataset8727,dataset3715,dataset6181
dataset6484,dataset2927,dataset4187,dataset6136
dataset2196,dataset1722,dataset2053,dataset2951
dataset1854,dataset397,dataset1504,dataset9912
dataset7641,dataset5739,dataset715,dataset5935
dataset506,dataset7206,dataset8646,dataset8962
dataset3525,dataset5582,dataset3516,dataset2248
dataset2733,dataset3766,dataset3290,dataset1338
dataset812,dataset1621,dataset9710,dataset6787
dataset4437,dataset2065,dataset2536,dataset8687
dataset534,dataset7351,dataset3699,dataset116
dataset9789,dataset2893,dataset443,dataset3727
dataset1137,dataset1366,dataset7426,dataset7169
dataset6571,dataset6488,dataset5632,dataset3743
dataset5843,dataset7975,dataset2754,dataset1716
dataset4186,dataset938,dataset7536,dataset7068
dataset6734,dataset2430,dataset2076,dataset2386
dataset5753,dataset4200,dataset5966,dataset4787
dataset1230,dataset9658,dataset4413,dataset99
dataset3719,dataset6288,dataset5592,dataset6266
dataset7983,dataset4376,dataset2880,dataset2883
dataset157,dataset5053,dataset3119,dataset7033
dataset7158,dataset3060,dataset8663,dataset1219
dataset8594,dataset2122,dataset9464,dataset1370
dataset3369,dataset9905,dataset2218,dataset2390
dataset8116,dataset2143,dataset8275,dataset6162
dataset9616,dataset8497,dataset6033,dataset504
dataset2920,dataset9948,dataset1165,dataset8308
dataset2498,dataset4422,dataset2694,dataset1065
dataset4946,dataset4532,dataset5102,dataset436
dataset4690,dataset5680,dataset1082,dataset6692
dataset3503,dataset5625,dataset7957,dataset410
dataset4276,dataset7242,dataset3717,dataset3462
dataset1279,dataset7671,dataset4845,dataset3704
dataset3564,dataset7464,dataset1808,dataset9828
dataset6048,dataset896,dataset3042,dataset2093
dataset6277,dataset7758,dataset6510,dataset8305
dataset936,dataset4234,dataset9895,dataset661
dataset8158,dataset9441,dataset6099,dataset3912
dataset8408,dataset1938,dataset6500,dataset3245
dataset5008,dataset3787,dataset8039,dataset817
dataset2362,dataset5540,dataset8940,dataset2024
dataset7271,dataset395,dataset6371,dataset7060
dataset8052,dataset9787,dataset8864,dataset9416
dataset9941,dataset3804,dataset9858,dataset3164
dataset6335,dataset1032,dataset1970,dataset2208
dataset1311,dataset5512,dataset801,dataset8086
dataset1926,dataset5164,dataset4719,dataset5416
dataset4527,dataset2158,dataset6257,dataset6021
dataset6287,dataset7925,dataset3190,dataset4985
dataset354,dataset5050,dataset2766,dataset9736
dataset2396,dataset2586,dataset7875,dataset1321
dataset6238,dataset1207,dataset7891,dataset7718
dataset3990,dataset6098,dataset2488,dataset3061
dataset3867,dataset9643,dataset8246,dataset4460
dataset2884,dataset869,dataset6380,dataset105
dataset5688,dataset6322,dataset4395,dataset1442
dataset6233,dataset7920,dataset6215,dataset517
dataset3697,dataset3563,dataset2019,dataset7690
dataset315,dataset5014,dataset6669,dataset6818
dataset6769,dataset8378,dataset2738,dataset4623
dataset1285,dataset5316,dataset6077,dataset3154
dataset1625,dataset334,dataset9677,dataset9913
dataset4730,dataset9517,dataset8034,dataset3302
dataset9753,dataset50,dataset2665,dataset186
dataset2636,dataset7454,dataset6340,dataset8007
dataset2897,dataset6411,dataset5266,dataset3609
dataset8123,dataset9182,dataset8905,dataset6260
dataset1027,dataset8267,dataset3123,dataset5060
dataset1134,dataset4561,dataset6147,dataset5333
dataset7117,dataset611,dataset1062,dataset1906
dataset8362,dataset9488,dataset2614,dataset3929
dataset7500,dataset4786,dataset762,dataset5379
dataset7867,dataset9572,dataset992,dataset2925
dataset7342,dataset7955,dataset8822,dataset3038
dataset5821,dataset6165,dataset9460,dataset9425
dataset2071,dataset3885,dataset7720,dataset2538
dataset9598,dataset2047,dataset8401,dataset7126
dataset2831,dataset6604,dataset4152,dataset2864
dataset247,dataset7977,dataset958,dataset9806
dataset7663,dataset7258,dataset457,dataset7182
dataset2268,dataset8118,dataset5463,dataset3025
dataset3064,dataset6995,dataset4190,dataset9136
dataset8902,dataset5750,dataset1332,dataset774
dataset9062,dataset5553,dataset404,dataset2114
dataset5886,dataset4688,dataset358,dataset5979
dataset8206,dataset6179,dataset6868,dataset3021
dataset4821,dataset4534,dataset3994,dataset8109
dataset6459,dataset985,dataset4468,dataset5355
dataset4224,dataset1481,dataset8810,dataset109
dataset5082,dataset6607,dataset1549,dataset4656
dataset6414,dataset5341,dataset5201,dataset8837
dataset6633,dataset4847,dataset6908,dataset1581
dataset7047,dataset7266,dataset7781,dataset2322
dataset6071,dataset3603,dataset5560,dataset2608
dataset11,dataset588,dataset8885,dataset7776
dataset8398,dataset832,dataset6052,dataset5898
dataset9018,dataset7625,dataset159,dataset9739
dataset1702,dataset1811,dataset7084,dataset8671
dataset1215,dataset4576,dataset7021,dataset6092
dataset2431,dataset3828,dataset4045,dataset7580
dataset4482,dataset3834,dataset6351,dataset7998
dataset3364,dataset567,dataset788,dataset1888
dataset820,dataset8829,dataset9653,dataset9516
dataset1627,dataset4096,dataset1628,dataset3257
dataset8414,dataset5296,dataset6241,dataset6481
dataset5122,dataset5927,dataset70,dataset9929
dataset7791,dataset771,dataset8564,dataset6321
dataset8984,dataset1019,dataset6285,dataset7601
dataset7478,dataset2909,dataset2165,dataset3785
dataset6386,dataset3048,dataset4770,dataset9223
dataset2182,dataset264,dataset5849,dataset7969
dataset1767,dataset1683,dataset5075,dataset3105
dataset8830,dataset5708,dataset4594,dataset3027
dataset3939,dataset1719,dataset3340,dataset3876
dataset4090,dataset254,dataset352,dataset5359
dataset2296,dataset8739,dataset8733,dataset265
dataset3616,dataset8914,dataset9675,dataset761
dataset7127,dataset8090,dataset5577,dataset1897
dataset6750,dataset5329,dataset1267,dataset8298
dataset5537,dataset4447,dataset2415,dataset1784
dataset3168,dataset7752,dataset4687,dataset4926
dataset2447,dataset7221,dataset421,dataset2085
dataset4361,dataset7505,dataset8266,dataset903
dataset1579,dataset2168,dataset841,dataset8325
dataset1334,dataset7369,dataset7953,dataset7248
dataset6911,dataset4273,dataset8881,dataset1390
dataset7712,dataset2957,dataset6542,dataset5128
dataset4553,dataset7734,dataset4179,dataset2592
dataset8254,dataset5452,dataset8444,dataset238
dataset4933,dataset2082,dataset1630,dataset6444
dataset1584,dataset3082,dataset4425,dataset3184
dataset7434,dataset2792,dataset1807,dataset5867
dataset3868,dataset2684,dataset7987,dataset6646
dataset7704,dataset4373,dataset2507,dataset549
dataset3057,dataset2868,dataset3367,dataset5318
dataset1145,dataset5563,dataset7030,dataset7027
dataset3836,dataset3718,dataset3090,dataset8642
dataset4925,dataset7132,dataset449,dataset1751
dataset5166,dataset1024,dataset3399,dataset8250
dataset5945,dataset4897,dataset8987,dataset7039
dataset8851,dataset6076,dataset4069,dataset4063
dataset1035,dataset7917,dataset8171,dataset5371
dataset5426,dataset6946,dataset3513,dataset5063
dataset8503,dataset7302,dataset7066,dataset1050
dataset8693,dataset4783,dataset5182,dataset7455
dataset1512,dataset5419,dataset7189,dataset9045
dataset6765,dataset5192,dataset6677,dataset1557
dataset3467,dataset5037,dataset620,dataset7569
dataset391,dataset4945,dataset6369,dataset368
dataset9619,dataset9305,dataset5824,dataset3728
dataset7320,dataset5269,dataset9961,dataset9814
dataset8973,dataset4236,dataset420,dataset6383
dataset8339,dataset2193,dataset5878,dataset6887
dataset3838,dataset2130,dataset4002,dataset8504
dataset1077,dataset4156,dataset413,dataset4556
dataset9237,dataset4696,dataset3371,dataset8786
dataset1369,dataset1147,dataset8824,dataset5614
dataset1174,dataset8343,dataset3294,dataset6188
dataset3079,dataset5281,dataset3713,dataset1386
dataset3672,dataset5972,dataset5245,dataset4728
dataset1766,dataset3306,dataset2904,dataset5151
dataset2092,dataset4650,dataset1550,dataset9325
dataset8400,dataset4858,dataset2216,dataset7615
dataset9712,dataset4013,dataset2202,dataset2632
dataset9158,dataset8960,dataset3206,dataset7620
dataset9405,dataset4303,dataset8103,dataset5917
dataset239,dataset1153,dataset8629,dataset5550
dataset7502,dataset1383,dataset6779,dataset6901
dataset9849,dataset4614,dataset7340,dataset8060
dataset8249,dataset754,dataset5918,dataset4781
dataset8385,dataset3407,dataset477,dataset2117
dataset1802,dataset2655,dataset5284,dataset4136
dataset3248,dataset4462,dataset1419,dataset9075
dataset1333,dataset9576,dataset631,dataset3752
dataset998,dataset6661,dataset7095,dataset9262
dataset6720,dataset1425,dataset4401,dataset536
dataset3944,dataset2813,dataset9757,dataset840
dataset9827,dataset4239,dataset3649,dataset8712
dataset8215,dataset4368,dataset5554,dataset1256
dataset5137,dataset9227,dataset1076,dataset382
dataset251,dataset241,dataset5412,dataset8678
dataset1067,dataset2395,dataset3328,dataset3935
dataset8619,dataset3441,dataset6698,dataset7530
dataset5929,dataset6149,dataset1387,dataset6630
dataset7353,dataset2695,dataset8758,dataset5061
dataset2732,dataset4081,dataset1143,dataset8462
dataset7860,dataset3403,dataset4990,dataset5958
dataset6523,dataset294,dataset8683,dataset9066
dataset3948,dataset5695,dataset6875,dataset8057
dataset7951,dataset6691,dataset6008,dataset6728
dataset3918,dataset2199,dataset4747,dataset7077
dataset2033,dataset3330,dataset2148,dataset8443
dataset3400,dataset732,dataset9853,dataset6406
dataset7674,dataset720,dataset4665,dataset6835
dataset8071,dataset8162,dataset6679,dataset5433
dataset2834,dataset682,dataset1258,dataset4272
dataset9404,dataset9859,dataset1824,dataset8423
dataset9315,dataset4297,dataset7574,dataset7043
dataset3659,dataset3053,dataset6685,dataset3537
dataset8045,dataset4335,dataset3890,dataset6044
dataset692,dataset518,dataset4479,dataset5624
dataset4032,dataset8483,dataset6069,dataset2292
dataset7032,dataset1527,dataset1278,dataset6573
dataset3900,dataset6447,dataset7256,dataset9510
dataset2435,dataset2961,dataset7307,dataset9120
dataset6596,dataset1012,dataset1920,dataset9253
dataset4449,dataset2527,dataset9897,dataset4004
dataset6859,dataset9579,dataset9029,dataset624
dataset2456,dataset9284,dataset8595,dataset4716
dataset1472,dataset8803,dataset9733,dataset9342
dataset3610,dataset2824,dataset1100,dataset9252
dataset7654,dataset6309,dataset1636,dataset9964
dataset2317,dataset5294,dataset6452,dataset58
dataset2548,dataset4909,dataset3001,dataset117
dataset9818,dataset4816,dataset6601,dataset1182
dataset3583,dataset993,dataset7415,dataset5549
dataset9938,dataset4758,dataset6492,dataset5209
dataset5396,dataset3034,dataset839,dataset28
dataset9894,dataset4750,dataset2780,dataset9767
dataset9286,dataset2553,dataset3553,dataset93
dataset7677,dataset2929,dataset3473,dataset385
dataset2556,dataset8396,dataset3543,dataset489
dataset8835,dataset9918,dataset3666,dataset2993
dataset5347,dataset5438,dataset9181,dataset1229
dataset4762,dataset9127,dataset425,dataset34
dataset7746,dataset4080,dataset6449,dataset9207
dataset6964,dataset8966,dataset82,dataset9452
dataset6198,dataset3326,dataset1847,dataset2324
dataset5745,dataset8990,dataset5328,dataset5116
dataset2471,dataset8823,dataset4071,dataset8295
dataset5363,dataset2346,dataset3385,dataset1036
dataset6516,dataset9035,dataset5467,dataset8912
dataset3282,dataset5802,dataset6861,dataset452
dataset2062,dataset857,dataset2183,dataset5647
dataset2838,dataset5236,dataset5651,dataset5097
dataset4229,dataset4956,dataset9774,dataset419
dataset1660,dataset516,dataset6239,dataset6430
dataset13,dataset8136,dataset3832,dataset921
dataset1262,dataset9396,dataset6704,dataset3954
dataset1647,dataset5571,dataset6746,dataset5392
dataset8383,dataset1955,dataset9927,dataset5223
dataset4524,dataset3501,dataset544,dataset7814
dataset1429,dataset6012,dataset8196,dataset6851
dataset7134,dataset2786,dataset6860,dataset8745
dataset2476,dataset2355,dataset3398,dataset286
dataset9108,dataset8263,dataset5841,dataset230
dataset3626,dataset3660,dataset4046,dataset7287
dataset9473,dataset3352,dataset9951,dataset1668
dataset8915,dataset9001,dataset1500,dataset737
dataset2626,dataset8287,dataset5654,dataset9606
dataset3109,dataset9869,dataset1520,dataset266
dataset9004,dataset7249,dataset7913,dataset4357
dataset9248,dataset4892,dataset4129,dataset5951
dataset1830,dataset7992,dataset8148,dataset5631
dataset8557,dataset4257,dataset7738,dataset2525
dataset9157,dataset9188,dataset4643,dataset3946
dataset676,dataset8044,dataset7062,dataset9603
dataset5834,dataset6939,dataset4203,dataset4206
dataset2812,dataset6615,dataset9099,dataset9800
dataset991,dataset4316,dataset831,dataset3882
dataset3089,dataset5692,dataset1482,dataset7086
dataset6075,dataset1289,dataset9623,dataset7023
dataset5449,dataset6725,dataset6838,dataset1349
dataset6498,dataset107,dataset6896,dataset3703
dataset7346,dataset9676,dataset1539,dataset9249
dataset8991,dataset6831,dataset1626,dataset6298
dataset6167,dataset4148,dataset5121,dataset5723
dataset8063,dataset4445,dataset7646,dataset2204
dataset3336,dataset2720,dataset371,dataset683
dataset8724,dataset3237,dataset6797,dataset6593
dataset2364,dataset2480,dataset6617,dataset1014
dataset1235,dataset6067,dataset1873,dataset3423
dataset6745,dataset6676,dataset2233,dataset7952
dataset2554,dataset3801,dataset4739,dataset784
dataset9679,dataset687,dataset5816,dataset4949
dataset3696,dataset8815,dataset669,dataset8696
dataset8070,dataset5900,dataset2530,dataset1726
dataset8344,dataset1497,dataset8998,dataset7119
dataset3419,dataset1395,dataset6694,dataset232
dataset5196,dataset5586,dataset2946,dataset7439
dataset3650,dataset1574,dataset815,dataset2460
dataset6922,dataset3721,dataset9435,dataset629
dataset3529,dataset7527,dataset8963,dataset5304
dataset7672,dataset4554,dataset8405,dataset9101
dataset6291,dataset7798,dataset6192,dataset7533
dataset1839,dataset3325,dataset8000,dataset8996
dataset564,dataset3887,dataset7423,dataset9935
dataset3976,dataset753,dataset1573,dataset6658
dataset6857,dataset5157,dataset555,dataset1503
dataset4124,dataset5615,dataset9629,dataset481
dataset9233,dataset127,dataset827,dataset6453
dataset1800,dataset621,dataset3373,dataset6613
dataset3170,dataset5752,dataset8282,dataset9569
dataset5335,dataset4242,dataset2392,dataset3970
dataset9908,dataset2378,dataset886,dataset7238
dataset5307,dataset9984,dataset6088,dataset8035
dataset3171,dataset4604,dataset2477,dataset7558
dataset2528,dataset7452,dataset8366,dataset4703
dataset9363,dataset9494,dataset9899,dataset837
dataset8740,dataset4761,dataset8975,dataset7234
dataset7678,dataset2543,dataset4068,dataset8076
dataset6282,dataset7262,dataset3560,dataset5946
dataset3333,dataset6270,dataset9920,dataset7429
dataset9397,dataset640,dataset8600,dataset2511
dataset20,dataset9085,dataset6629,dataset1319
dataset3524,dataset7264,dataset7605,dataset9644
dataset3028,dataset8923,dataset9270,dataset6409
dataset978,dataset593,dataset5267,dataset3029
dataset8947,dataset6211,dataset5696,dataset1343
dataset9278,dataset2152,dataset9129,dataset3161
dataset4689,dataset9874,dataset9655,dataset8345
dataset7881,dataset5,dataset1001,dataset104
dataset6537,dataset6840,dataset9199,dataset5636
dataset2816,dataset5687,dataset3427,dataset5054
dataset5999,dataset7986,dataset4347,dataset4596
dataset1927,dataset2725,dataset35,dataset5252
dataset8775,dataset6016,dataset606,dataset2073
dataset8596,dataset5910,dataset2234,dataset3134
dataset6528,dataset6180,dataset3252,dataset5559
dataset3147,dataset4727,dataset7446,dataset86
dataset5552,dataset4472,dataset9422,dataset2861
dataset2142,dataset598,dataset9933,dataset1330
dataset7427,dataset1212,dataset3066,dataset9296
dataset9092,dataset3622,dataset3111,dataset478
dataset4889,dataset3761,dataset7183,dataset1115
dataset5810,dataset3033,dataset1933,dataset5112
dataset1666,dataset6294,dataset4433,dataset5222
dataset4011,dataset9348,dataset8386,dataset3410
dataset9454,dataset1778,dataset843,dataset5596
dataset149,dataset4291,dataset3873,dataset5812
dataset4072,dataset4923,dataset7012,dataset9078
dataset378,dataset8657,dataset9219,dataset5070
dataset4692,dataset2309,dataset4321,dataset7324
dataset7874,dataset2481,dataset1193,dataset1578
dataset3810,dataset9155,dataset6436,dataset5959
dataset2368,dataset5331,dataset7293,dataset8867
dataset7509,dataset2979,dataset7912,dataset1358
dataset4087,dataset4053,dataset4310,dataset259
dataset3477,dataset4659,dataset5681,dataset9090
dataset2750,dataset1301,dataset9171,dataset9423
dataset7937,dataset7964,dataset2937,dataset2849
dataset7303,dataset8969,dataset9176,dataset3968
dataset557,dataset2631,dataset1914,dataset7799
dataset4874,dataset4891,dataset6522,dataset4984
dataset499,dataset695,dataset1604,dataset7361
dataset7289,dataset6320,dataset5221,dataset9012
dataset8072,dataset6080,dataset4217,dataset5643
dataset5189,dataset3771,dataset5464,dataset4279
dataset4531,dataset6324,dataset2097,dataset184
dataset625,dataset8937,dataset7537,dataset8353
dataset3040,dataset5218,dataset8614,dataset3133
dataset148,dataset818,dataset9813,dataset4828
dataset7137,dataset712,dataset400,dataset1222
dataset4009,dataset402,dataset7596,dataset4918
dataset714,dataset9628,dataset9367,dataset2015
dataset9302,dataset8959,dataset1640,dataset4566
dataset9568,dataset4827,dataset2832,dataset1249
dataset1838,dataset7404,dataset2336,dataset5261
dataset6817,dataset1529,dataset1095,dataset7666
dataset9682,dataset3251,dataset293,dataset6687
dataset3466,dataset7477,dataset8669,dataset6251
dataset6129,dataset172,dataset1128,dataset6370
dataset8120,dataset8892,dataset9380,dataset8191
dataset1916,dataset416,dataset8037,dataset7198
dataset9876,dataset3937,dataset2940,dataset3707
dataset722,dataset4119,dataset7525,dataset7209
dataset263,dataset8950,dataset2887,dataset9178
dataset4212,dataset3796,dataset2559,dataset8897
dataset6026,dataset9936,dataset2434,dataset446
dataset6086,dataset9142,dataset399,dataset690
dataset7491,dataset2989,dataset3026,dataset3601
dataset327,dataset9057,dataset1798,dataset6274
dataset1923,dataset5763,dataset4226,dataset8750
dataset2125,dataset2153,dataset4942,dataset3888
dataset3274,dataset4400,dataset7017,dataset6170
dataset8115,dataset9125,dataset4035,dataset363
dataset8234,dataset7428,dataset1732,dataset7603
dataset9054,dataset6719,dataset1533,dataset2664
dataset6773,dataset1794,dataset6748,dataset6395
dataset9604,dataset9445,dataset2023,dataset6552
dataset2756,dataset8784,dataset6972,dataset2256
dataset4067,dataset2486,dataset331,dataset5378
dataset4879,dataset2936,dataset4603,dataset4801
dataset6741,dataset415,dataset7273,dataset1561
dataset6240,dataset6878,dataset6932,dataset7778
dataset5547,dataset4066,dataset7974,dataset96
dataset1513,dataset8876,dataset6289,dataset1463
dataset9581,dataset8858,dataset7163,dataset3179
dataset9931,dataset4171,dataset1861,dataset4726
dataset3521,dataset4759,dataset8981,dataset167
dataset5457,dataset6109,dataset2070,dataset9882
dataset7795,dataset2237,dataset409,dataset3272
dataset2425,dataset8977,dataset9309,dataset8668
dataset2009,dataset948,dataset9484,dataset1057
dataset8456,dataset5909,dataset3993,dataset4252
dataset2667,dataset1453,dataset9530,dataset6927
dataset8186,dataset9780,dataset2457,dataset1048
dataset8573,dataset386,dataset3297,dataset59
dataset8381,dataset4269,dataset2652,dataset3050
dataset7807,dataset7572,dataset40,dataset6433
dataset5702,dataset9312,dataset8513,dataset6095
dataset7365,dataset9195,dataset1988,dataset3492
dataset8659,dataset1597,dataset2837,dataset2096
dataset7588,dataset2045,dataset8152,dataset3010
dataset3446,dataset3530,dataset5423,dataset2752
dataset3618,dataset9566,dataset6152,dataset6035
dataset4774,dataset5720,dataset3247,dataset3004
dataset900,dataset807,dataset9086,dataset677
dataset3599,dataset710,dataset5825,dataset155
dataset8129,dataset278,dataset8126,dataset3829
dataset7617,dataset418,dataset7732,dataset8051
dataset4734,dataset3205,dataset5893,dataset4866
dataset9060,dataset1485,dataset8710,dataset7676
dataset4799,dataset447,dataset3234,dataset6569
dataset1033,dataset3629,dataset4275,dataset6555
dataset4795,dataset5974,dataset5975,dataset9674
dataset152,dataset6842,dataset4213,dataset7828
dataset4154,dataset5067,dataset2060,dataset4075
dataset3166,dataset1081,dataset2689,dataset7093
dataset2761,dataset5101,dataset9258,dataset8391
dataset255,dataset3859,dataset8955,dataset1972
dataset7589,dataset9968,dataset4039,dataset9144
dataset9135,dataset3420,dataset8331,dataset1058
dataset1696,dataset5280,dataset7111,dataset2898
dataset8021,dataset7257,dataset9257,dataset8509
dataset8768,dataset8390,dataset6532,dataset4835
dataset4145,dataset1731,dataset4450,dataset8446
dataset8356,dataset2005,dataset4280,dataset6223
dataset1736,dataset5888,dataset8502,dataset8679
dataset6502,dataset2072,dataset4583,dataset8756
dataset1322,dataset9165,dataset9442,dataset9009
dataset5020,dataset4308,dataset4776,dataset6096
dataset6683,dataset6221,dataset3580,dataset2744
dataset9601,dataset7235,dataset5030,dataset1827
dataset6891,dataset5902,dataset2942,dataset9414
dataset5010,dataset8967,dataset9956,dataset1353
dataset261,dataset4015,dataset3035,dataset7697
dataset4191,dataset495,dataset6262,dataset403
dataset6232,dataset455,dataset8694,dataset8217
dataset1426,dataset9450,dataset5242,dataset4153
dataset2334,dataset174,dataset7435,dataset6191
dataset6316,dataset681,dataset5575,dataset365
dataset2209,dataset7842,dataset4736,dataset4106
dataset8212,dataset2253,dataset2450,dataset8761
dataset1437,dataset3452,dataset3185,dataset895
dataset1078,dataset688,dataset4369,dataset387
dataset6512,dataset2521,dataset1436,dataset8989
dataset658,dataset1576,dataset5136,dataset1018
dataset505,dataset3479,dataset8338,dataset6200
dataset7140,dataset4168,dataset7167,dataset4418
dataset9779,dataset6040,dataset746,dataset5840
dataset5833,dataset5737,dataset2999,dataset9672
dataset3007,dataset766,dataset8306,dataset8059
dataset5604,dataset4725,dataset8540,dataset4424
dataset3096,dataset7747,dataset1518,dataset9465
dataset4095,dataset6795,dataset3458,dataset1444
dataset49,dataset8562,dataset9585,dataset547
dataset3382,dataset5829,dataset3396,dataset8232
dataset1892,dataset8104,dataset8608,dataset583
dataset6325,dataset6832,dataset9427,dataset2848
dataset6007,dataset4991,dataset6850,dataset2759
dataset1351,dataset909,dataset7458,dataset3233
dataset5616,dataset1409,dataset7784,dataset1769
dataset796,dataset4122,dataset8450,dataset3623
dataset1141,dataset36,dataset2188,dataset2011
dataset3593,dataset2839,dataset4713,dataset6781
dataset4254,dataset5697,dataset5911,dataset5634
dataset4508,dataset1283,dataset4848,dataset7402
dataset5870,dataset8489,dataset9216,dataset9198
dataset5628,dataset5594,dataset9550,dataset5742
dataset347,dataset2227,dataset5691,dataset7973
dataset1608,dataset6224,dataset1944,dataset8677
dataset6865,dataset267,dataset7514,dataset6553
dataset37,dataset5162,dataset7112,dataset6217
dataset6475,dataset8639,dataset5300,dataset7250
dataset4278,dataset8182,dataset8751,dataset1937
dataset4732,dataset4948,dataset5129,dataset6805
dataset6960,dataset7802,dataset5844,dataset1945
dataset4808,dataset8351,dataset6036,dataset7797
dataset2894,dataset942,dataset6208,dataset4541
dataset2263,dataset9065,dataset6145,dataset9713
dataset7809,dataset9275,dataset9344,dataset2164
dataset5699,dataset6793,dataset7205,dataset92
dataset3235,dataset1303,dataset2877,dataset6820
dataset7202,dataset9831,dataset2641,dataset2277
dataset9903,dataset619,dataset7803,dataset5361
dataset4359,dataset9861,dataset7664,dataset8016
dataset9046,dataset3764,dataset6261,dataset9640
dataset8500,dataset7029,dataset1185,dataset2089
dataset2301,dataset748,dataset288,dataset392
dataset4588,dataset6991,dataset6401,dataset1083
dataset2100,dataset3620,dataset696,dataset7467
dataset2726,dataset4673,dataset2421,dataset453
dataset8075,dataset4264,dataset2267,dataset4205
dataset5349,dataset4109,dataset360,dataset8690
dataset5965,dataset9042,dataset2376,dataset9667
dataset1995,dataset1706,dataset2526,dataset4329
dataset9273,dataset4304,dataset8506,dataset2693
dataset6796,dataset659,dataset4635,dataset8842
dataset8994,dataset1825,dataset3869,dataset1707
dataset2385,dataset1356,dataset3742,dataset341
dataset353,dataset8872,dataset7516,dataset2032
dataset8930,dataset6331,dataset4552,dataset9116
dataset5424,dataset4248,dataset6359,dataset4027
dataset9978,dataset8244,dataset772,dataset9511
dataset6740,dataset1848,dataset8878,dataset532
dataset8326,dataset2810,dataset5148,dataset1410
dataset4017,dataset4777,dataset2127,dataset57
dataset8375,dataset1026,dataset8437,dataset7014
dataset7946,dataset2221,dataset6143,dataset9115
dataset630,dataset3194,dataset7276,dataset3342
dataset9030,dataset4084,dataset1416,dataset8149
dataset585,dataset3344,dataset6476,dataset8834
dataset7357,dataset3522,dataset8972,dataset7765
dataset8869,dataset7385,dataset4861,dataset4809
dataset1010,dataset8128,dataset3073,dataset4262
dataset9531,dataset1327,dataset5515,dataset8586
dataset836,dataset9871,dataset1605,dataset7933
dataset8393,dataset5783,dataset1857,dataset485
dataset5932,dataset1220,dataset2063,dataset8759
dataset5981,dataset4724,dataset7543,dataset7040
dataset7846,dataset3663,dataset5488,dataset509
dataset2869,dataset2022,dataset5836,dataset8223
dataset1895,dataset5441,dataset8882,dataset7757
dataset7649,dataset8079,dataset2198,dataset8929
dataset9994,dataset3453,dataset6819,dataset1208
dataset5096,dataset1637,dataset4522,dataset1276
dataset1757,dataset4670,dataset4061,dataset7837
dataset5024,dataset3517,dataset4416,dataset4189
dataset6521,dataset5293,dataset580,dataset1172
dataset4379,dataset7659,dataset4184,dataset1528
dataset3275,dataset9023,dataset7544,dataset3011
dataset6190,dataset6219,dataset9796,dataset4639
dataset5233,dataset7269,dataset4521,dataset8593
dataset9860,dataset1346,dataset9008,dataset1384
dataset9744,dataset101,dataset6318,dataset5686
dataset6971,dataset5709,dataset1308,dataset2865
dataset394,dataset6534,dataset8974,dataset8006
dataset7151,dataset3299,dataset5068,dataset112
dataset521,dataset930,dataset4421,dataset3318
dataset9887,dataset8479,dataset8260,dataset8367
dataset7503,dataset6418,dataset6621,dataset7367
dataset6776,dataset1670,dataset734,dataset7687
dataset8688,dataset4754,dataset6921,dataset513
dataset8355,dataset1413,dataset1773,dataset3216
dataset8411,dataset2074,dataset2313,dataset9950
dataset5344,dataset3910,dataset8558,dataset2753
dataset5400,dataset1264,dataset5675,dataset574
dataset4792,dataset2264,dataset4600,dataset4832
dataset9156,dataset6445,dataset2516,dataset5913
dataset4388,dataset6642,dataset5444,dataset9105
dataset8387,dataset7421,dataset9718,dataset1703
dataset1239,dataset8230,dataset9803,dataset4618
dataset1750,dataset7358,dataset5046,dataset6519
dataset7597,dataset8545,dataset9758,dataset5398
dataset8616,dataset9631,dataset3291,dataset3682
dataset1054,dataset2377,dataset4381,dataset7009
dataset5193,dataset9525,dataset7474,dataset4797
dataset6695,dataset4162,dataset8556,dataset4852
dataset6724,dataset8935,dataset6822,dataset9501
dataset2438,dataset9615,dataset828,dataset7277
dataset5039,dataset3540,dataset3542,dataset1957
dataset2340,dataset925,dataset3122,dataset8271
dataset5133,dataset7142,dataset6590,dataset9635
dataset6360,dataset1742,dataset9727,dataset9357
dataset1900,dataset7108,dataset1224,dataset6884
dataset7410,dataset2288,dataset3740,dataset6699
dataset4249,dataset5806,dataset8788,dataset1758
dataset7339,dataset3744,dataset962,dataset4676
dataset4300,dataset871,dataset4746,dataset7197
dataset9137,dataset9250,dataset8704,dataset6419
dataset274,dataset6161,dataset1046,dataset1043
dataset9134,dataset4174,dataset9377,dataset8547
dataset3097,dataset2778,dataset2304,dataset7650
dataset6043,dataset6551,dataset9573,dataset2499
dataset6640,dataset7073,dataset2628,dataset9921
dataset8495,dataset5613,dataset6292,dataset2651
dataset6313,dataset6265,dataset3505,dataset115
dataset456,dataset2817,dataset2404,dataset2126
dataset6598,dataset1325,dataset6153,dataset6425
dataset2448,dataset4899,dataset3777,dataset6909
dataset9043,dataset1519,dataset1329,dataset797
dataset4789,dataset6904,dataset2229,dataset4533
dataset9264,dataset7072,dataset8563,dataset6570
dataset7636,dataset2464,dataset6839,dataset9721
dataset6791,dataset8178,dataset4989,dataset9647
dataset8621,dataset4370,dataset8665,dataset905
dataset3967,dataset3533,dataset9076,dataset8631
dataset6758,dataset2135,dataset9448,dataset6450
dataset1925,dataset1360,dataset3210,dataset6783
dataset8766,dataset8255,dataset3680,dataset9888
dataset2031,dataset7962,dataset3528,dataset816
dataset7,dataset2470,dataset2576,dataset317
dataset9873,dataset282,dataset9283,dataset3747
dataset9506,dataset7360,dataset3292,dataset3322
dataset7753,dataset1151,dataset6448,dataset9390
dataset9016,dataset7895,dataset990,dataset2491
dataset2286,dataset484,dataset6899,dataset6529
dataset4463,dataset1875,dataset1441,dataset9232
dataset7866,dataset3415,dataset760,dataset2111
dataset3417,dataset1447,dataset8190,dataset3592
dataset5669,dataset4065,dataset5292,dataset8570
dataset496,dataset6942,dataset7334,dataset1850
dataset4188,dataset3345,dataset4036,dataset7133
dataset8240,dataset2912,dataset4549,dataset7827
dataset4430,dataset2206,dataset333,dataset7560
dataset7311,dataset1495,dataset9683,dataset1189
dataset8114,dataset1817,dataset7623,dataset5130
dataset2970,dataset2403,dataset3386,dataset6736
dataset4784,dataset5536,dataset9584,dataset4939
dataset7870,dataset805,dataset7211,dataset8675
dataset814,dataset9375,dataset4987,dataset6384
dataset5256,dataset5270,dataset9036,dataset5579
dataset8546,dataset4183,dataset2777,dataset6187
dataset3132,dataset8062,dataset1772,dataset2818
dataset5262,dataset5948,dataset9335,dataset2681
dataset7064,dataset3628,dataset4223,dataset2966
dataset8227,dataset2676,dataset9975,dataset9954
dataset5789,dataset5949,dataset7667,dataset7924
dataset3973,dataset8418,dataset9356,dataset5487
dataset4595,dataset3265,dataset3850,dataset6614
dataset2058,dataset1496,dataset913,dataset7161
dataset8901,dataset6108,dataset2341,dataset7026
dataset6561,dataset2710,dataset4423,dataset2161
dataset1600,dataset613,dataset1146,dataset5141
dataset5474,dataset1939,dataset4404,dataset7261
dataset6751,dataset3313,dataset7553,dataset5028
dataset3520,dataset9355,dataset7528,dataset3030
dataset6391,dataset7180,dataset3989,dataset1168
dataset7609,dataset5835,dataset7956,dataset7745
dataset6729,dataset4752,dataset5977,dataset1803
dataset2349,dataset8198,dataset5418,dataset4469
dataset3220,dataset2580,dataset9005,dataset4336
dataset5415,dataset2772,dataset7707,dataset8530
dataset3211,dataset7028,dataset983,dataset8030
dataset6914,dataset9381,dataset4436,dataset4150
dataset1775,dataset6365,dataset8427,dataset6473
dataset6987,dataset8945,dataset4867,dataset9990
dataset917,dataset5391,dataset8449,dataset3908
dataset300,dataset4753,dataset2801,dataset1103
dataset2462,dataset9955,dataset4031,dataset6540
dataset4052,dataset3561,dataset2795,dataset2842
dataset4979,dataset4161,dataset8741,dataset6248
dataset3514,dataset6045,dataset396,dataset5655
dataset5595,dataset3984,dataset1631,dataset5787
dataset4704,dataset8856,dataset2901,dataset3712
dataset8817,dataset3894,dataset113,dataset5290
dataset5376,dataset1292,dataset2938,dataset540
dataset9987,dataset4632,dataset1692,dataset9424
dataset3605,dataset926,dataset3114,dataset3962
dataset7362,dataset3843,dataset689,dataset1000
dataset799,dataset6609,dataset1876,dataset9230
dataset6847,dataset2197,dataset5799,dataset4454
dataset9205,dataset8589,dataset2426,dataset22
dataset2870,dataset5390,dataset4126,dataset6204
dataset483,dataset7265,dataset7963,dataset6027
dataset2535,dataset7400,dataset6139,dataset8976
dataset6996,dataset8907,dataset2347,dataset3488
dataset3942,dataset887,dataset9979,dataset9292
dataset62,dataset9804,dataset8043,dataset4647
dataset559,dataset3646,dataset6988,dataset8134
dataset72,dataset4049,dataset4550,dataset7322
dataset2500,dataset5205,dataset7237,dataset673
dataset2542,dataset2172,dataset1872,dataset6778
dataset9398,dataset4108,dataset8538,dataset1446
dataset2796,dataset7219,dataset9039,dataset7052
dataset4118,dataset2012,dataset5034,dataset1506
dataset7348,dataset1487,dataset5529,dataset9636
dataset6961,dataset7551,dataset3597,dataset6479
dataset8591,dataset6549,dataset7146,dataset528
dataset2593,dataset1080,dataset711,dataset3365
dataset2974,dataset4921,dataset8622,dataset5908
dataset2330,dataset3176,dataset88,dataset7015
dataset4540,dataset2706,dataset7575,dataset461
dataset3043,dataset949,dataset2463,dataset1963
dataset8478,dataset6660,dataset6915,dataset2917
dataset8360,dataset5569,dataset6965,dataset7565
dataset7775,dataset4983,dataset7382,dataset8454
dataset5813,dataset25,dataset545,dataset4980
dataset1475,dataset5960,dataset3855,dataset3679
dataset8102,dataset9760,dataset2660,dataset6594
dataset3444,dataset7181,dataset7984,dataset3839
dataset8510,dataset7613,dataset4772,dataset6829
dataset5584,dataset6201,dataset5106,dataset8819
dataset8111,dataset5491,dataset8636,dataset1494
dataset4731,dataset2166,dataset7576,dataset8692
dataset8576,dataset6667,dataset4163,dataset503
dataset2787,dataset4164,dataset1491,dataset5352
dataset3149,dataset6031,dataset9642,dataset5819
dataset2742,dataset5184,dataset608,dataset2921
dataset9204,dataset2000,dataset3016,dataset1071
dataset3878,dataset5386,dataset4668,dataset3979
dataset7441,dataset1236,dataset9298,dataset7475
dataset3965,dataset17,dataset9267,dataset9693
dataset9592,dataset6353,dataset6151,dataset965
dataset8139,dataset3074,dataset2215,dataset9047
dataset9139,dataset1593,dataset3996,dataset6575
dataset3557,dataset15,dataset4963,dataset303
dataset6559,dataset5058,dataset1324,dataset8936
dataset4265,dataset6495,dataset8645,dataset8850
dataset2867,dataset3961,dataset8061,dataset6584
dataset6017,dataset2903,dataset8609,dataset2061
dataset2360,dataset8860,dataset5694,dataset2105
dataset7445,dataset6158,dataset4409,dataset3315
dataset856,dataset296,dataset8107,dataset2612
dataset4086,dataset2224,dataset1162,dataset1580
dataset5287,dataset9564,dataset3664,dataset2408
dataset4611,dataset1759,dataset1911,dataset135
dataset5250,dataset8317,dataset595,dataset9844
dataset4849,dataset1571,dataset9750,dataset8022
dataset2416,dataset996,dataset6041,dataset5484
dataset3253,dataset52,dataset318,dataset5892
dataset3008,dataset332,dataset67,dataset2437
dataset8917,dataset6264,dataset5861,dataset7352
dataset9436,dataset6415,dataset3534,dataset1664
dataset9383,dataset7373,dataset5899,dataset5818
dataset4871,dataset1348,dataset5548,dataset6756
dataset7938,dataset3692,dataset552,dataset5139
dataset6280,dataset9709,dataset7643,dataset8640
dataset6469,dataset1232,dataset5126,dataset5244
dataset2851,dataset7495,dataset7978,dataset9209
dataset1615,dataset1291,dataset2310,dataset7149
dataset2316,dataset6984,dataset4695,dataset6120
dataset773,dataset7089,dataset220,dataset9645
dataset2996,dataset8180,dataset3647,dataset6923
dataset8245,dataset6826,dataset2537,dataset5456
dataset4870,dataset1745,dataset8083,dataset3833
dataset9428,dataset8505,dataset9288,dataset8132
dataset2223,dataset1930,dataset5216,dataset2788
dataset3847,dataset9521,dataset3862,dataset9277
dataset7652,dataset4195,dataset6934,dataset2453
dataset1836,dataset2713,dataset4139,dataset6216
dataset5658,dataset1257,dataset5393,dataset5018
dataset5589,dataset2506,dataset3815,dataset7092
dataset6154,dataset4965,dataset5397,dataset1680
dataset8281,dataset1471,dataset3129,dataset6912
dataset8195,dataset651,dataset5178,dataset7214
dataset5265,dataset5611,dataset4028,dataset9795
dataset6124,dataset4062,dataset3301,dataset5421
dataset1556,dataset5095,dataset5717,dataset2343
dataset8948,dataset6713,dataset7894,dataset9959
dataset1462,dataset8430,dataset7380,dataset8370
dataset1460,dataset3422,dataset3455,dataset8735
dataset5389,dataset4605,dataset2995,dataset6809
dataset6336,dataset3625,dataset4660,dataset3673
dataset7793,dataset6834,dataset6315,dataset9791
dataset9088,dataset8229,dataset9340,dataset8705
dataset3414,dataset6727,dataset5937,dataset8015
dataset8760,dataset141,dataset2051,dataset1694
dataset527,dataset4969,dataset8839,dataset3636
dataset234,dataset6978,dataset1302,dataset5171
dataset4235,dataset6566,dataset9058,dataset3924
dataset7412,dataset8518,dataset2943,dataset3763
dataset7254,dataset6486,dataset7051,dataset5156
dataset4255,dataset1644,dataset8448,dataset6536
dataset1378,dataset4840,dataset7535,dataset9542
dataset1061,dataset8697,dataset2794,dataset7171
dataset3644,dataset1699,dataset9263,dataset638
dataset424,dataset7407,dataset1691,dataset7335
dataset3472,dataset8965,dataset4394,dataset226
dataset1797,dataset3820,dataset7966,dataset5306
dataset8870,dataset3739,dataset9211,dataset3566
dataset5007,dataset5585,dataset9274,dataset2947
dataset6723,dataset5940,dataset607,dataset9384
dataset2251,dataset3536,dataset3902,dataset5395
dataset7733,dataset8137,dataset4207,dataset586
dataset1255,dataset5860,dataset7003,dataset7639
dataset9146,dataset5934,dataset4760,dataset8542
dataset4641,dataset2079,dataset2359,dataset2454
dataset7934,dataset134,dataset9856,dataset1402
dataset1274,dataset6115,dataset6902,dataset5413
dataset2768,dataset3701,dataset5638,dataset5989
dataset1045,dataset933,dataset3390,dataset7540
dataset6245,dataset7173,dataset5778,dataset4555
dataset1086,dataset9880,dataset2540,dataset268
dataset5656,dataset2512,dataset961,dataset3751
dataset6697,dataset2353,dataset8349,dataset3118
dataset3031,dataset1017,dataset3087,dataset1635
dataset9765,dataset8485,dataset3805,dataset7501
dataset7688,dataset2075,dataset7684,dataset7922
dataset2439,dataset1144,dataset6432,dataset3189
dataset6062,dataset7194,dataset1960,dataset1840
dataset462,dataset4147,dataset3923,dataset4937
dataset6591,dataset9722,dataset5417,dataset5570
dataset5479,dataset4717,dataset4819,dataset9477
dataset2666,dataset4885,dataset8859,dataset2212
dataset359,dataset5065,dataset3085,dataset3579
dataset5387,dataset5660,dataset6933,dataset228
dataset4785,dataset4574,dataset2619,dataset231
dataset3193,dataset6049,dataset9148,dataset8516
dataset3759,dataset6437,dataset950,dataset5161
dataset1432,dataset4893,dataset8615,dataset1451
dataset8769,dataset3736,dataset3604,dataset7882
dataset4584,dataset6722,dataset2110,dataset9083
dataset8055,dataset6390,dataset4074,dataset9702
dataset500,dataset2954,dataset4702,dataset7233
dataset8584,dataset1770,dataset6969,dataset4654
dataset9551,dataset4030,dataset3960,dataset9451
dataset824,dataset9343,dataset9337,dataset18
dataset1109,dataset7897,dataset9608,dataset3383
dataset5044,dataset1178,dataset215,dataset7633
dataset6341,dataset7199,dataset6305,dataset5324
dataset207,dataset8328,dataset3103,dataset975
dataset2147,dataset4287,dataset2057,dataset1160
dataset1704,dataset3982,dataset5485,dataset1867
dataset3574,dataset492,dataset2379,dataset791
dataset8603,dataset364,dataset5132,dataset7228
dataset275,dataset8708,dataset7622,dataset4494
dataset5851,dataset1835,dataset7416,dataset7638
dataset709,dataset4938,dataset691,dataset2331
dataset7656,dataset2239,dataset7113,dataset7713
dataset7767,dataset4143,dataset9306,dataset9434
dataset980,dataset3138,dataset8247,dataset5052
dataset5298,dataset3335,dataset7823,dataset9570
dataset7611,dataset931,dataset3124,dataset6548
dataset1375,dataset9784,dataset9300,dataset662
dataset8548,dataset9353,dataset6344,dataset9756
dataset3287,dataset9654,dataset2991,dataset6345
dataset8647,dataset4860,dataset5291,dataset4137
dataset1209,dataset721,dataset3619,dataset4880
dataset2875,dataset26,dataset7141,dataset2034
dataset2201,dataset4652,dataset8389,dataset9939
dataset5032,dataset8413,dataset1007,dataset7448
dataset5199,dataset764,dataset6872,dataset6900
dataset8651,dataset8691,dataset384,dataset8925
dataset3069,dataset2522,dataset4778,dataset2545
dataset6471,dataset6470,dataset6138,dataset1206
dataset5404,dataset8507,dataset2716,dataset5302
dataset6348,dataset3327,dataset610,dataset5170
dataset1087,dataset7263,dataset8185,dataset8436
dataset3582,dataset3677,dataset1762,dataset1003
dataset165,dataset7710,dataset9476,dataset6163
dataset1771,dataset9180,dataset6558,dataset7240
dataset792,dataset6636,dataset3281,dataset8910
dataset5090,dataset3977,dataset4380,dataset2133
dataset361,dataset5673,dataset8599,dataset4290
dataset1414,dataset6749,dataset6771,dataset1203
dataset8746,dataset8906,dataset4615,dataset3107
dataset4296,dataset923,dataset1860,dataset4412
dataset5956,dataset2913,dataset4245,dataset3379
dataset4638,dataset7910,dataset7075,dataset6150
dataset1399,dataset9010,dataset780,dataset2278
dataset1946,dataset9819,dataset1438,dataset16
dataset3013,dataset987,dataset1677,dataset2230
dataset2295,dataset2763,dataset3866,dataset1514
dataset6443,dataset5353,dataset9977,dataset8493
dataset2550,dataset5076,dataset9285,dataset3640
dataset3256,dataset8552,dataset6006,dataset7958
dataset9545,dataset3823,dataset4041,dataset4707
dataset390,dataset6792,dataset2915,dataset2387
dataset5239,dataset9947,dataset9792,dataset5135
dataset2853,dataset7123,dataset4263,dataset4818
dataset2333,dataset4091,dataset3230,dataset4222
dataset906,dataset9358,dataset9052,dataset8883
dataset3156,dataset1221,dataset6530,dataset8747
dataset7839,dataset5852,dataset1440,dataset5919
dataset2345,dataset8730,dataset1713,dataset3792
dataset3039,dataset2573,dataset1982,dataset5153
dataset6651,dataset1591,dataset1423,dataset4193
dataset87,dataset3548,dataset1341,dataset8701
dataset5038,dataset8653,dataset9415,dataset5237
dataset8938,dataset1320,dataset6992,dataset8312
dataset3555,dataset7316,dataset3988,dataset5516
dataset5036,dataset8133,dataset8812,dataset6064
dataset4353,dataset5728,dataset5732,dataset7366
dataset5875,dataset1374,dataset5035,dataset3901
dataset7628,dataset1015,dataset9481,dataset1603
dataset2876,dataset829,dataset8794,dataset9299
dataset4906,dataset7942,dataset2128,dataset7076
dataset253,dataset3750,dataset4585,dataset2928
dataset4044,dataset4593,dataset5891,dataset8848
dataset68,dataset7658,dataset733,dataset9742
dataset2050,dataset3722,dataset4288,dataset7473
dataset6307,dataset3409,dataset5517,dataset859
dataset1686,dataset1305,dataset5159,dataset9614
dataset3565,dataset2623,dataset9593,dataset2400
dataset5542,dataset7584,dataset9901,dataset3865
dataset8884,dataset4441,dataset5495,dataset7230
dataset5173,dataset5607,dataset6156,dataset9928
dataset2923,dataset8610,dataset5253,dataset2618
dataset2944,dataset4377,dataset2238,dataset8157
dataset4367,dataset8752,dataset2475,dataset756
dataset1140,dataset8020,dataset7079,dataset5388
dataset9213,dataset4894,dataset8534,dataset4138
dataset7436,dataset9350,dataset8481,dataset6214
dataset4729,dataset8403,dataset1904,dataset8177
dataset5383,dataset4510,dataset2136,dataset7145
dataset5780,dataset7896,dataset5659,dataset604
dataset6329,dataset47,dataset4177,dataset8737
dataset1801,dataset7016,dataset7845,dataset6981
dataset4905,dataset4780,dataset5926,dataset6635
dataset6919,dataset8038,dataset7821,dataset3535
dataset7727,dataset1181,dataset4988,dataset5006
dataset5748,dataset1730,dataset3244,dataset4491
dataset8218,dataset5350,dataset1138,dataset1120
dataset5493,dataset4501,dataset6477,dataset834
dataset5021,dataset381,dataset2886,dataset9254
dataset8971,dataset1156,dataset2958,dataset3600
dataset5146,dataset9646,dataset7899,dataset9128
dataset1286,dataset9649,dataset2145,dataset1639
dataset9411,dataset2150,dataset8623,dataset295
dataset9970,dataset3242,dataset5091,dataset5492
dataset2393,dataset8709,dataset3454,dataset878
dataset3303,dataset8780,dataset9104,dataset1337
dataset6871,dataset723,dataset5558,dataset5142
dataset3780,dataset7001,dataset9834,dataset786
dataset7926,dataset1063,dataset9070,dataset7156
dataset6235,dataset6114,dataset3139,dataset1826
dataset4216,dataset5568,dataset8166,dataset7078
dataset2502,dataset1602,dataset4483,dataset700
dataset656,dataset1739,dataset9839,dataset4922
dataset4209,dataset9314,dataset3684,dataset3490
dataset3019,dataset8627,dataset2257,dataset7138
dataset1130,dataset7215,dataset6206,dataset1714
dataset3971,dataset3343,dataset7754,dataset2025
dataset8067,dataset6937,dataset4875,dataset2116
dataset9323,dataset3146,dataset9458,dataset9243
dataset6958,dataset2059,dataset5446,dataset7949
dataset6627,dataset7670,dataset1064,dataset2513
dataset4338,dataset2783,dataset3362,dataset1613
dataset4098,dataset4127,dataset3117,dataset8335
dataset3840,dataset907,dataset4511,dataset4070
dataset2567,dataset8029,dataset8968,dataset1671
dataset4471,dataset9741,dataset9417,dataset1623
dataset2563,dataset882,dataset5051,dataset9686
dataset4040,dataset8011,dataset5015,dataset7255
dataset1648,dataset8382,dataset3192,dataset5907
dataset1198,dataset8208,dataset1998,dataset4314
dataset5225,dataset8310,dataset5971,dataset6175
dataset8321,dataset8119,dataset8210,dataset3219
dataset9319,dataset6387,dataset9549,dataset5758
dataset7608,dataset9420,dataset9463,dataset6733
dataset2319,dataset4466,dataset6441,dataset6562
dataset6083,dataset2189,dataset5460,dataset4244
dataset1748,dataset7374,dataset9103,dataset8736
dataset5731,dataset487,dataset7283,dataset8999
dataset5315,dataset5069,dataset2043,dataset7468
dataset4333,dataset2446,dataset3983,dataset1910
dataset5081,dataset9857,dataset9701,dataset1545
dataset7939,dataset4974,dataset2815,dataset8112
dataset3637,dataset4927,dataset5310,dataset5855
dataset9471,dataset6185,dataset5274,dataset9087
dataset4506,dataset9716,dataset1136,dataset4078
dataset1590,dataset3756,dataset596,dataset4714
dataset8891,dataset1645,dataset1887,dataset249
dataset1060,dataset8429,dataset8315,dataset3144
dataset7268,dataset2195,dataset4064,dataset8695
dataset9717,dataset6545,dataset1037,dataset7011
dataset9082,dataset4976,dataset100,dataset53
dataset7808,dataset612,dataset6883,dataset1445
dataset6668,dataset1634,dataset7792,dataset2294
dataset8242,dataset2574,dataset3238,dataset4116
dataset5276,dataset6194,dataset2680,dataset6468
dataset9163,dataset5729,dataset6442,dataset6293
dataset5784,dataset2465,dataset5348,dataset1073
dataset7192,dataset4076,dataset5405,dataset2610
dataset4121,dataset3809,dataset2367,dataset794
dataset1616,dataset4698,dataset8734,dataset9669
dataset6643,dataset3223,dataset6490,dataset914
dataset7541,dataset8203,dataset9992,dataset9759
dataset9589,dataset2280,dataset6990,dataset9797
dataset7979,dataset5470,dataset7820,dataset1056
dataset3485,dataset9700,dataset6478,dataset675
dataset8131,dataset5420,dataset5925,dataset7196
dataset3642,dataset7187,dataset8028,dataset5901
dataset1009,dataset3538,dataset179,dataset8073
dataset541,dataset5480,dataset785,dataset3586
dataset8155,dataset71,dataset6600,dataset3853
dataset3187,dataset5045,dataset9231,dataset5431
dataset7497,dataset3150,dataset6564,dataset6603
dataset6034,dataset9650,dataset7294,dataset1524
dataset7383,dataset6183,dataset377,dataset531
dataset9748,dataset8415,dataset6656,dataset2293
dataset7853,dataset4740,dataset5198,dataset8248
dataset4530,dataset3905,dataset8550,dataset7614
dataset388,dataset941,dataset1470,dataset8352
dataset1505,dataset7810,dataset8661,dataset8140
dataset2155,dataset5955,dataset6465,dataset2235
dataset5779,dataset6504,dataset1339,dataset6112
dataset2140,dataset3258,dataset3753,dataset9777
dataset867,dataset8748,dataset5772,dataset7124
dataset9399,dataset4535,dataset6808,dataset2714
dataset6421,dataset3710,dataset7889,dataset5358
dataset4720,dataset2414,dataset3475,dataset3083
dataset3077,dataset8954,dataset2461,dataset7420
dataset5602,dataset5382,dataset3556,dataset1171
dataset2265,dataset5997,dataset4103,dataset7332
dataset6588,dataset3708,dataset79,dataset9159
dataset530,dataset1396,dataset7648,dataset8873
dataset5380,dataset272,dataset708,dataset7675
dataset2735,dataset8491,dataset8535,dataset9893
dataset6877,dataset3607,dataset5608,dataset2213
dataset6020,dataset6199,dataset3941,dataset3845
dataset4435,dataset7139,dataset7901,dataset707
dataset940,dataset5973,dataset1747,dataset6515
dataset1942,dataset9123,dataset8721,dataset9220
dataset422,dataset8110,dataset3872,dataset1780
dataset7114,dataset1541,dataset4411,dataset375
dataset4902,dataset5473,dataset9926,dataset3645
dataset2407,dataset3669,dataset7914,dataset8517
dataset9749,dataset8027,dataset8672,dataset3298
dataset2154,dataset1125,dataset6602,dataset5726
dataset1223,dataset7251,dataset6133,dataset9303
dataset2482,dataset1434,dataset2240,dataset5740
dataset2648,dataset997,dataset9845,dataset2547
dataset8373,dataset8422,dataset3002,dataset7143
dataset1984,dataset5308,dataset7548,dataset3115
dataset5314,dataset9740,dataset9282,dataset770
dataset8539,dataset4515,dataset7547,dataset6268
dataset6121,dataset7968,dataset8082,dataset1869
dataset6659,dataset5402,dataset8826,dataset1901
dataset8855,dataset1309,dataset1619,dataset8541
dataset4464,dataset8821,dataset1335,dataset9801
dataset1420,dataset9555,dataset3067,dataset8169
dataset1828,dataset8778,dataset5177,dataset5079
dataset4059,dataset9361,dataset6578,dataset9094
dataset8511,dataset4375,dataset2200,dataset1908
dataset450,dataset7865,dataset2941,dataset5158
dataset5496,dataset9338,dataset4135,dataset6457
dataset3735,dataset6757,dataset8544,dataset4941
dataset2214,dataset7811,dataset3770,dataset1097
dataset4919,dataset9548,dataset8163,dataset7740
dataset7599,dataset724,dataset2847,dataset7356
dataset147,dataset6480,dataset6648,dataset9546
dataset9093,dataset7321,dataset9820,dataset3307
dataset3741,dataset7715,dataset2746,dataset1121
dataset3581,dataset2627,dataset3755,dataset3733
dataset2410,dataset1849,dataset5240,dataset8641
dataset3428,dataset9327,dataset4568,dataset6195
dataset6015,dataset8525,dataset5857,dataset8337
dataset4738,dataset2101,dataset6925,dataset279
dataset3819,dataset2064,dataset800,dataset7118
dataset2685,dataset3394,dataset9752,dataset986
dataset8463,dataset4029,dataset8866,dataset6844
dataset5597,dataset6814,dataset80,dataset7286
dataset1106,dataset7387,dataset5115,dataset9038
dataset3691,dataset2428,dataset4869,dataset7486
dataset3380,dataset7831,dataset7886,dataset2046
dataset8209,dataset8428,dataset7508,dataset2102
dataset2374,dataset476,dataset6417,dataset8674
dataset5736,dataset2270,dataset4995,dataset3286
dataset970,dataset5372,dataset9354,dataset4340
dataset4564,dataset632,dataset5200,dataset6376
dataset6775,dataset2670,dataset9190,dataset2980
dataset716,dataset9261,dataset7045,dataset4050
dataset1389,dataset4624,dataset1700,dataset616
dataset4345,dataset9597,dataset6046,dataset7396
dataset9625,dataset6953,dataset6866,dataset7440
dataset153,dataset406,dataset4592,dataset8226
dataset3656,dataset5399,dataset4332,dataset2401
dataset7186,dataset6494,dataset6541,dataset170
dataset7587,dataset7711,dataset3997,dataset4451
dataset5916,dataset31,dataset6314,dataset1218
dataset1287,dataset7327,dataset4228,dataset185
dataset725,dataset7099,dataset4343,dataset2718
dataset3474,dataset4105,dataset8927,dataset6726
dataset9081,dataset838,dataset5896,dataset1829
dataset9147,dataset5104,dataset3218,dataset3698
dataset6093,dataset1902,dataset9761,dataset3304
dataset5771,dataset5665,dataset4839,dataset2510
dataset7006,dataset9011,dataset3947,dataset779
dataset2568,dataset5744,dataset2478,dataset7082
dataset4800,dataset5684,dataset9957,dataset3892
dataset9013,dataset4558,dataset4079,dataset3913
dataset7314,dataset9815,dataset2948,dataset2422
dataset666,dataset592,dataset8818,dataset5362
dataset6454,dataset9113,dataset6342,dataset7849
dataset8486,dataset7270,dataset187,dataset3148
dataset3370,dataset9050,dataset7573,dataset414
dataset2797,dataset221,dataset787,dataset6903
dataset3551,dataset6952,dataset7627,dataset9455
dataset5884,dataset3547,dataset7054,dataset1643
dataset7726,dataset1101,dataset3554,dataset2151
dataset4455,dataset3155,dataset2613,dataset1754
dataset9446,dataset5942,dataset6399,dataset2790
dataset7110,dataset522,dataset2964,dataset5578
dataset7498,dataset6352,dataset9863,dataset298
dataset9609,dataset9544,dataset7152,dataset14
dataset8801,dataset6160,dataset8569,dataset4007
dataset4165,dataset1148,dataset1288,dataset1922
dataset224,dataset1111,dataset7253,dataset2858
dataset4512,dataset5535,dataset5085,dataset143
dataset3816,dataset916,dataset9268,dataset4807
dataset7581,dataset4708,dataset1729,dataset3639
dataset1642,dataset1226,dataset3661,dataset910
dataset2026,dataset4658,dataset2603,dataset5931
dataset4003,dataset5475,dataset5502,dataset3037
dataset270,dataset6193,dataset6493,dataset1318
dataset4504,dataset2028,dataset4646,dataset7451
dataset2843,dataset9200,dataset3842,dataset5712
dataset2605,dataset9097,dataset3465,dataset398
dataset8160,dataset8774,dataset5271,dataset6328
dataset4077,dataset7563,dataset4490,dataset1452
dataset1866,dataset8512,dataset4270,dataset8904
dataset6810,dataset1372,dataset8188,dataset7414
dataset1947,dataset7107,dataset5757,dataset8445
dataset4607,dataset7634,dataset1377,dataset1107
dataset1560,dataset6123,dataset8893,dataset767
dataset246,dataset6918,dataset7343,dataset9072
dataset4571,dataset7165,dataset745,dataset7928
dataset284,dataset8341,dataset9666,dataset3391
dataset3846,dataset304,dataset9523,dataset9311
dataset3157,dataset9080,dataset6131,dataset1741
dataset704,dataset144,dataset1682,dataset1809
dataset4374,dataset4700,dataset5639,dataset3643
dataset1091,dataset2016,dataset24,dataset4863
dataset8452,dataset1195,dataset2682,dataset2723
dataset9808,dataset6025,dataset8777,dataset9809
dataset8019,dataset1169,dataset7694,dataset6833
dataset2715,dataset5071,dataset90,dataset8080
dataset6742,dataset5653,dataset3737,dataset6731
dataset7411,dataset3005,dataset4092,dataset5803
dataset2656,dataset5311,dataset6323,dataset1882
dataset3951,dataset9041,dataset9996,dataset349
dataset743,dataset3225,dataset3098,dataset5807
dataset866,dataset120,dataset9875,dataset8410
dataset4088,dataset4802,dataset4185,dataset6543
dataset6196,dataset8496,dataset3022,dataset7829
dataset568,dataset8931,dataset6254,dataset3151
dataset1735,dataset6907,dataset9426,dataset5666
dataset5970,dataset3559,dataset9826,dataset95
dataset2639,dataset4488,dataset6284,dataset7779
dataset6226,dataset5642,dataset6431,dataset2054
dataset2119,dataset9364,dataset6622,dataset479
dataset3545,dataset6483,dataset5703,dataset4149
dataset4470,dataset1657,dataset1665,dataset4767
dataset2731,dataset2899,dataset7405,dataset5518
dataset1467,dataset9832,dataset2895,dataset4722
dataset5641,dataset3051,dataset9843,dataset7203
dataset2931,dataset4016,dataset6286,dataset162
dataset2524,dataset7085,dataset7852,dataset6237
dataset597,dataset8081,dataset6023,dataset5285
dataset442,dataset9186,dataset6128,dataset7948
dataset235,dataset9174,dataset3112,dataset3667
dataset1973,dataset2891,dataset4366,dataset5588
dataset5345,dataset4910,dataset9697,dataset6700
dataset2721,dataset6306,dataset5904,dataset3864
dataset2211,dataset6605,dataset2443,dataset6830
dataset1448,dataset9671,dataset9449,dataset5998
dataset8808,dataset1737,dataset6137,dataset6974
dataset877,dataset2384,dataset2351,dataset5490
dataset6811,dataset808,dataset7521,dataset4745
dataset8077,dataset9822,dataset2307,dataset873
dataset2350,dataset2035,dataset1164,dataset1601
dataset5127,dataset8729,dataset2184,dataset7370
dataset5770,dataset7642,dataset2889,dataset7945
dataset2956,dataset9944,dataset3886,dataset1544
dataset9346,dataset6762,dataset4056,dataset4402
dataset3509,dataset781,dataset9678,dataset7328
dataset2765,dataset7129,dataset7855,dataset3032
dataset81,dataset8333,dataset4440,dataset969
dataset4426,dataset6085,dataset6182,dataset2878
dataset1365,dataset2479,dataset3464,dataset9969
dataset5538,dataset5817,dataset4636,dataset7391
dataset2391,dataset3480,dataset9304,dataset4055
dataset5747,dataset4959,dataset3183,dataset4822
dataset3009,dataset7841,dataset1638,dataset4930
dataset4283,dataset945,dataset8624,dataset8957
dataset8003,dataset7083,dataset2541,dataset6014
dataset4093,dataset6513,dataset9002,dataset8488
dataset8476,dataset9394,dataset1294,dataset4408
dataset4465,dataset5176,dataset4330,dataset5885
dataset5339,dataset8404,dataset7854,dataset2138
dataset5385,dataset3791,dataset5987,dataset664
dataset6592,dataset3486,dataset1347,dataset4001
dataset3702,dataset6565,dataset861,dataset2109
dataset441,dataset2711,dataset641,dataset7640
dataset893,dataset1538,dataset3015,dataset9881
dataset4243,dataset2820,dataset3987,dataset5278
dataset4547,dataset1577,dataset4008,dataset2882
dataset6712,dataset1157,dataset7806,dataset8307
dataset5606,dataset7007,dataset2095,dataset5264
dataset5357,dataset9732,dataset6132,dataset2911
dataset4663,dataset437,dataset1159,dataset8571
dataset9830,dataset739,dataset9392,dataset8412
dataset1295,dataset9229,dataset8199,dataset842
dataset3311,dataset8192,dataset7292,dataset4817
dataset5954,dataset6950,dataset3341,dataset9898
dataset8852,dataset9238,dataset5299,dataset7699
dataset6546,dataset486,dataset1712,dataset7959
dataset9611,dataset8728,dataset4606,dataset2483
dataset4591,dataset7585,dataset8720,dataset1511
dataset7770,dataset6141,dataset5354,dataset5093
dataset4142,dataset8200,dataset4705,dataset2279
dataset4350,dataset8924,dataset8816,dataset6763
dataset8334,dataset39,dataset5590,dataset2339
dataset2354,dataset9385,dataset7637,dataset7662
dataset1614,dataset7716,dataset7794,dataset2297
dataset5340,dataset2520,dataset1407,dataset8388
dataset7278,dataset6060,dataset4020,dataset9923
dataset3964,dataset5322,dataset4010,dataset5850
dataset8069,dataset7035,dataset2755,dataset9495
dataset2950,dataset2855,dataset7586,dataset3236
dataset6508,dataset319,dataset8313,dataset1152
dataset5630,dataset9187,dataset9509,dataset8377
dataset1855,dataset8283,dataset3316,dataset8392
dataset8460,dataset2885,dataset2179,dataset3393
dataset2727,dataset6135,dataset2835,dataset8620
dataset8093,dataset3337,dataset8520,dataset5832
dataset6256,dataset3589,dataset7309,dataset4285
dataset1820,dataset3681,dataset2254,dataset6269
dataset6637,dataset5155,dataset3320,dataset9567
dataset4844,dataset2984,dataset9170,dataset7598
dataset7225,dataset2173,dataset9891,dataset6703
dataset2826,dataset9559,dataset6275,dataset7534
dataset4429,dataset1516,dataset6924,dataset4113
dataset8887,dataset9370,dataset367,dataset8952
dataset2160,dataset4599,dataset9807,dataset2210
dataset5672,dataset5230,dataset7136,dataset6130
dataset5838,dataset3254,dataset4526,dataset4675
dataset8602,dataset4998,dataset1744,dataset4993
dataset5530,dataset2413,dataset3128,dataset7604
dataset2371,dataset5080,dataset3283,dataset4100
dataset7838,dataset3006,dataset4260,dataset4365
dataset5059,dataset8253,dataset3945,dataset9177
dataset2375,dataset5083,dataset5895,dataset2244
dataset4253,dataset543,dataset8900,dataset7840
dataset1412,dataset5247,dataset5950,dataset8433
dataset8054,dataset2597,dataset8302,dataset160
dataset7520,dataset7570,dataset5238,dataset1424
dataset9241,dataset6003,dataset7394,dataset3332
dataset1685,dataset6249,dataset3879,dataset8964
dataset9932,dataset9648,dataset2283,dataset1047
dataset3813,dataset7087,dataset8790,dataset9664
dataset4686,dataset9197,dataset6013,dataset2751
dataset9783,dataset7989,dataset2669,dataset3683
dataset1380,dataset339,dataset75,dataset8175
dataset7363,dataset8731,dataset1554,dataset9925
dataset1629,dataset2261,dataset9017,dataset6803
dataset4898,dataset4836,dataset9724,dataset9940
dataset5197,dataset2381,dataset4958,dataset252
dataset3506,dataset6824,dataset6799,dataset7900
dataset968,dataset5738,dataset955,dataset9149
dataset4855,dataset6333,dataset3167,dataset4104
dataset6462,dataset1674,dataset3588,dataset7789
dataset1537,dataset8273,dataset8921,dataset1708
dataset6438,dataset7774,dataset6943,dataset3207
dataset5327,dataset4047,dataset5078,dataset8216
dataset5320,dataset4356,dataset6037,dataset1832
dataset8612,dataset4838,dataset42,dataset9069
dataset9588,dataset3907,dataset4637,dataset4536
dataset6837,dataset201,dataset6744,dataset8327
dataset4097,dataset7398,dataset5826,dataset8551
dataset6514,dataset5967,dataset2146,dataset7050
dataset8009,dataset8575,dataset3591,dataset6210
dataset407,dataset5599,dataset2647,dataset469
dataset4967,dataset7417,dataset9160,dataset9586
dataset1072,dataset21,dataset6203,dataset4829
dataset60,dataset4609,dataset9703,dataset6737
dataset8154,dataset3213,dataset4709,dataset8833
dataset9914,dataset7074,dataset4679,dataset5775
dataset4474,dataset8903,dataset6898,dataset9556
dataset1865,dataset4302,dataset3169,dataset1913
dataset3285,dataset4360,dataset1752,dataset5508
dataset5509,dataset9785,dataset2588,dataset9621
dataset4444,dataset370,dataset8130,dataset8499
dataset323,dataset7480,dataset8365,dataset6485
dataset6689,dataset63,dataset6707,dataset5257
dataset7241,dataset6434,dataset6589,dataset5210
dataset1975,dataset9668,dataset6709,dataset3280
dataset2707,dataset3424,dataset3911,dataset3463
dataset4277,dataset1233,dataset4240,dataset3641
dataset4313,dataset4779,dataset8470,dataset5406
dataset775,dataset7465,dataset5760,dataset51
dataset3863,dataset6882,dataset1669,dataset1804
dataset6675,dataset3317,dataset8272,dataset9821
dataset650,dataset4916,dataset2549,dataset4246
dataset9773,dataset3363,dataset316,dataset5521
dataset614,dataset6663,dataset7390,dataset7000
dataset7492,dataset6072,dataset2003,dataset5863
dataset1201,dataset5622,dataset328,dataset2029
dataset9916,dataset8649,dataset7532,dataset9117
dataset4648,dataset6295,dataset9217,dataset6111
dataset5869,dataset2094,dataset1069,dataset5440
dataset8047,dataset2624,dataset4966,dataset8332
dataset2544,dataset3686,dataset9626,dataset1676
dataset8472,dataset4389,dataset4006,dataset9610
dataset4814,dataset9410,dataset9896,dataset3269
dataset4565,dataset9582,dataset131,dataset3127
dataset8838,dataset7835,dataset6772,dataset4936
dataset1052,dataset1582,dataset7695,dataset7315
dataset3857,dataset1980,dataset2255,dataset1476
dataset6089,dataset7395,dataset730,dataset1328
dataset5572,dataset5523,dataset183,dataset590
dataset454,dataset6349,dataset9265,dataset4175
dataset2427,dataset2539,dataset8438,dataset8417
dataset4913,dataset8347,dataset1842,dataset3426
dataset8630,dataset793,dataset1243,dataset5025
dataset6843,dataset8555,dataset3789,dataset854
dataset7090,dataset3289,dataset9049,dataset3456
dataset7930,dataset9851,dataset1885,dataset2159
dataset2017,dataset2578,dataset5982,dataset1357
dataset3366,dataset9684,dataset678,dataset3627
dataset776,dataset7437,dataset8426,dataset6941
dataset3670,dataset3071,dataset7595,dataset8451
dataset8237,dataset4573,dataset2515,dataset7364
dataset9762,dataset3199,dataset9937,dataset8932
dataset8330,dataset1119,dataset2067,dataset7378
dataset9620,dataset1598,dataset4514,dataset337
dataset4497,dataset698,dataset6100,dataset6681
dataset2581,dataset4733,dataset1340,dataset7418
dataset7065,dataset3397,dataset6134,dataset4569
dataset7759,dataset7223,dataset2975,dataset3748
dataset2779,dataset3469,dataset1943,dataset1104
dataset2700,dataset4775,dataset4691,dataset8703
dataset5105,dataset1465,dataset7147,dataset1753
dataset1993,dataset2918,dataset4546,dataset4791
dataset3510,dataset717,dataset8799,dataset8886
dataset7735,dataset5890,dataset9110,dataset8458
dataset2874,dataset5994,dataset1611,dataset3940
dataset8376,dataset963,dataset5365,dataset9437
dataset2192,dataset3116,dataset1102,dataset1502
dataset4528,dataset4629,dataset8492,dataset5887
dataset4099,dataset5587,dataset1890,dataset6059
dataset5168,dataset2968,dataset4294,dataset5862
dataset1403,dataset1227,dataset4911,dataset1687
dataset8127,dataset5462,dataset8725,dataset4944
dataset8213,dataset2327,dataset7120,dataset434
dataset8779,dataset3952,dataset9720,dataset9726
dataset8220,dataset6867,dataset2565,dataset9256
dataset1,dataset3431,dataset3674,dataset3416
dataset5510,dataset6394,dataset357,dataset4570
dataset8757,dataset7236,dataset6301,dataset8738
dataset8515,dataset8108,dataset3800,dataset2704
dataset5743,dataset2495,dataset7489,dataset3638
dataset4644,dataset6855,dataset9239,dataset9379
dataset8781,dataset4473,dataset4322,dataset3457
dataset2845,dataset9068,dataset3694,dataset2860
dataset7037,dataset4590,dataset865,dataset8303
dataset8613,dataset5646,dataset1941,dataset3172
dataset1126,dataset7239,dataset7655,dataset217
dataset9534,dataset741,dataset6087,dataset1247
dataset7944,dataset2760,dataset5138,dataset1785
dataset9924,dataset9167,dataset2585,dataset3621
dataset9998,dataset693,dataset3063,dataset9613
dataset6968,dataset5822,dataset7594,dataset4884
dataset6682,dataset6140,dataset974,dataset3413
dataset3827,dataset3126,dataset3334,dataset2661
dataset366,dataset4890,dataset4516,dataset7506
dataset1075,dataset912,dataset7431,dataset6711
dataset9778,dataset8638,dataset8753,dataset204
dataset9751,dataset7260,dataset4352,dataset9958
dataset2252,dataset6888,dataset7721,dataset471
dataset164,dataset6385,dataset3459,dataset7731
dataset8300,dataset5087,dataset4943,dataset8764
dataset5727,dataset9260,dataset7304,dataset7940
dataset4022,dataset825,dataset7843,dataset960
dataset995,dataset448,dataset5525,dataset9960
dataset3511,dataset138,dataset2600,dataset444
dataset6802,dataset2691,dataset5906,dataset551
dataset7995,dataset3602,dataset5263,dataset1565
dataset2800,dataset3693,dataset8288,dataset9028
dataset3915,dataset2420,dataset2455,dataset6058
dataset6897,dataset3729,dataset280,dataset1562
dataset8767,dataset9838,dataset7616,dataset2589
dataset2701,dataset1242,dataset2822,dataset3635
dataset5364,dataset8421,dataset8361,dataset6815
dataset3541,dataset5820,dataset1909,dataset7546
dataset3044,dataset2298,dataset1965,dataset9313
dataset5710,dataset6874,dataset6650,dataset5000
dataset3476,dataset7524,dataset2781,dataset7729
dataset8843,dataset3056,dataset7379,dataset2609
dataset4266,dataset2730,dataset637,dataset1868
dataset4220,dataset6078,dataset335,dataset2040
dataset4237,dataset336,dataset4587,dataset8294
dataset5113,dataset8053,dataset9130,dataset1881
dataset4865,dataset1837,dataset64,dataset3991
dataset4024,dataset2369,dataset5924,dataset9212
dataset6616,dataset7769,dataset8455,dataset2977
dataset6841,dataset6538,dataset8722,dataset9022
dataset6905,dataset1976,dataset9184,dataset8147
dataset7602,dataset7632,dataset1555,dataset178
dataset5992,dataset6977,dataset8862,dataset3494
dataset751,dataset3875,dataset5938,dataset9359
dataset4755,dataset2978,dataset1932,dataset589
dataset4227,dataset7943,dataset2038,dataset5808
dataset4256,dataset8369,dataset5309,dataset3404
dataset6296,dataset8532,dataset3243,dataset6263
dataset3159,dataset8898,dataset4337,dataset8183
dataset3896,dataset6880,dataset5664,dataset7591
dataset7863,dataset4307,dataset233,dataset1791
dataset7296,dataset1822,dataset8040,dataset6312
dataset9102,dataset2281,dataset4509,dataset924
dataset9328,dataset9639,dataset8256,dataset5581
dataset6079,dataset2469,dataset765,dataset2013
dataset4448,dataset1252,dataset9492,dataset9294
dataset8258,dataset2841,dataset4896,dataset668
dataset5968,dataset2728,dataset3296,dataset94
dataset8982,dataset1345,dataset1935,dataset6357
dataset4589,dataset1672,dataset4961,dataset2004
dataset646,dataset4830,dataset643,dataset1977
dataset2997,dataset9061,dataset5241,dataset502
dataset3075,dataset8785,dataset3338,dataset5185
dataset7812,dataset1681,dataset7155,dataset5983
dataset1397,dataset7557,dataset2758,dataset290
dataset8527,dataset6634,dataset3504,dataset5610
dataset5996,dataset4089,dataset3186,dataset7053
dataset5108,dataset8233,dataset5258,dataset6178
dataset4284,dataset8961,dataset2945,dataset3271
dataset2668,dataset7893,dataset73,dataset1296
dataset3052,dataset6230,dataset6645,dataset7333
dataset1720,dataset6127,dataset2284,dataset1679
dataset119,dataset1526,dataset5297,dataset6106
dataset6955,dataset8490,dataset3723,dataset2804
dataset7280,dataset6853,dataset5468,dataset1617
dataset8928,dataset9507,dataset8933,dataset4971
dataset9522,dataset3209,dataset4211,dataset8988
dataset2287,dataset2194,dataset1652,dataset6747
dataset875,dataset4434,dataset8058,dataset6816
dataset4386,dataset9952,dataset8261,dataset4331
dataset5174,dataset4393,dataset3571,dataset287
dataset2709,dataset1263,dataset1740,dataset8329
dataset6893,dataset9024,dataset1394,dataset5442
dataset686,dataset6050,dataset1928,dataset6446
dataset9889,dataset8986,dataset4241,dataset4697
dataset4970,dataset2960,dataset9226,dataset1238
dataset122,dataset3932,dataset273,dataset2418
dataset3931,dataset3347,dataset510,dataset8577
dataset2170,dataset2712,dataset5718,dataset8336
dataset6752,dataset2337,dataset6407,dataset1473
dataset5534,dataset4384,dataset3434,dataset6496
dataset1066,dataset3714,dataset7550,dataset3221
dataset566,dataset6585,dataset2643,dataset9151
dataset7833,dataset918,dataset7826,dataset466
dataset3387,dataset4299,dataset8888,dataset289
dataset9409,dataset2859,dataset2112,dataset8251
dataset5546,dataset3986,dataset6870,dataset9077
dataset430,dataset7761,dataset8909,dataset3808
dataset5809,dataset5912,dataset4130,dataset8832
dataset23,dataset1917,dataset3203,dataset8628
dataset209,dataset6304,dataset1344,dataset3895
dataset5260,dataset5649,dataset8156,dataset7453
dataset1991,dataset5661,dataset8711,dataset8004
dataset271,dataset4117,dataset749,dataset1893
dataset3725,dataset514,dataset2793,dataset4214
dataset2611,dataset3562,dataset1180,dataset1142
dataset6397,dataset3493,dataset9602,dataset6310
dataset908,dataset813,dataset3267,dataset5011
dataset8358,dataset8359,dataset7299,dataset6487
dataset7898,dataset5094,dataset5031,dataset1986
dataset5541,dataset3624,dataset65,dataset8796
dataset9528,dataset103,dataset269,dataset4853
dataset1903,dataset9235,dataset1782,dataset6278
dataset343,dataset5109,dataset3359,dataset7577
dataset1979,dataset1225,dataset2963,dataset8846
dataset2081,dataset4446,dataset569,dataset4862
dataset7471,dataset4176,dataset9074,dataset171
dataset9037,dataset3731,dataset9334,dataset7443
dataset7207,dataset401,dataset8618,dataset9962
dataset9919,dataset5211,dataset2811,dataset6531
dataset2055,dataset2503,dataset2149,dataset4572
dataset5782,dataset5985,dataset4841,dataset54
dataset4756,dataset1299,dataset7631,dataset6042
dataset5208,dataset2560,dataset6276,dataset9754
dataset4034,dataset5711,dataset4396,dataset1569
dataset8142,dataset8165,dataset4305,dataset4824
dataset7179,dataset7714,dataset9208,dataset8743
dataset5273,dataset4128,dataset3676,dataset2967
dataset4793,dataset6104,dataset3449,dataset3228
dataset1952,dataset7408,dataset519,dataset4597
dataset9089,dataset2247,dataset6780,dataset9942
dataset4718,dataset1531,dataset350,dataset132
dataset9687,dataset3959,dataset9805,dataset4626
dataset3143,dataset9228,dataset5920,dataset5897
dataset3277,dataset3889,dataset7059,dataset3217
dataset1025,dataset78,dataset19,dataset242
dataset2020,dataset9633,dataset1486,dataset4826
dataset7772,dataset9599,dataset4348,dataset9539
dataset1342,dataset6666,dataset7908,dataset4811
dataset6784,dataset4385,dataset6029,dataset7338
dataset6426,dataset1110,dataset7523,dataset5791
dataset9541,dataset4014,dataset5119,dataset2986
dataset1016,dataset2131,dataset8161,dataset9000
dataset250,dataset3585,dataset685,dataset8214
dataset292,dataset2274,dataset9006,dataset6350
dataset1354,dataset8219,dataset2242,dataset8238
dataset2692,dataset439,dataset2037,dataset6402
dataset2365,dataset9281,dataset89,dataset2896
dataset6327,dataset3436,dataset3762,dataset9637
dataset1443,dataset1269,dataset2342,dataset2103
dataset4912,dataset6641,dataset9242,dataset9150
dataset2325,dataset2673,dataset5528,dataset7317
dataset3093,dataset1919,dataset7005,dataset5637
dataset30,dataset2994,dataset1891,dataset1663
dataset1898,dataset3552,dataset3724,dataset1474
dataset9696,dataset1588,dataset4439,dataset91
dataset2380,dataset4940,dataset8592,dataset738
dataset901,dataset1823,dataset2466,dataset8498
dataset4790,dataset6869,dataset4721,dataset5204
dataset8831,dataset4645,dataset8776,dataset2129
