material1,material2,material3,material4
dataset640,dataset4405,dataset9417,dataset6841
dataset4584,dataset3888,dataset1332,dataset2986
dataset8596,dataset8750,dataset4285,dataset9043
dataset7782,dataset3890,dataset5521,dataset8550
dataset7893,dataset108,dataset3693,dataset182
dataset217,dataset8958,dataset4536,dataset8418
dataset8533,dataset6404,dataset9845,dataset3325
dataset2127,dataset9981,dataset6335,dataset9957
dataset2987,dataset6565,dataset8393,dataset7322
dataset7129,dataset1731,dataset4528,dataset3270
dataset79,dataset8363,dataset9660,dataset9343
dataset777,dataset4545,dataset719,dataset8875
dataset7989,dataset8924,dataset8850,dataset9184
dataset6720,dataset2520,dataset7488,dataset3079
dataset2736,dataset9186,dataset6677,dataset5076
dataset7531,dataset6680,dataset3311,dataset8397
dataset8733,dataset2910,dataset2907,dataset3089
dataset9594,dataset7577,dataset555,dataset7964
dataset4110,dataset8470,dataset4390,dataset9161
dataset1187,dataset1582,dataset1316,dataset633
dataset6539,dataset8219,dataset1043,dataset9182
dataset851,dataset7634,dataset4242,dataset9138
dataset6943,dataset9090,dataset4077,dataset8467
dataset1913,dataset9426,dataset2032,dataset4573
dataset6332,dataset5807,dataset8516,dataset3517
dataset9785,dataset6152,dataset5503,dataset4312
dataset3931,dataset7643,dataset5661,dataset3041
dataset9241,dataset3256,dataset7892,dataset2156
dataset9572,dataset5697,dataset6760,dataset609
dataset33,dataset2550,dataset1204,dataset2257
dataset5003,dataset1252,dataset7242,dataset8377
dataset4947,dataset9527,dataset6127,dataset2287
dataset5158,dataset7090,dataset9055,dataset1366
dataset7106,dataset5426,dataset8335,dataset7046
dataset9726,dataset1611,dataset6051,dataset9708
dataset2769,dataset1083,dataset2392,dataset6858
dataset6754,dataset7107,dataset2988,dataset9477
dataset4645,dataset9921,dataset419,dataset7949
dataset4904,dataset8526,dataset1006,dataset829
dataset4343,dataset1676,dataset6494,dataset8207
dataset8584,dataset4139,dataset2787,dataset3946
dataset5373,dataset7369,dataset9465,dataset8990
dataset1791,dataset8543,dataset5175,dataset9444
dataset1678,dataset2875,dataset8929,dataset6722
dataset4682,dataset1102,dataset6379,dataset1099
dataset9940,dataset7563,dataset4712,dataset3856
dataset5002,dataset4563,dataset9156,dataset3151
dataset3709,dataset358,dataset7813,dataset2358
dataset5706,dataset1606,dataset9281,dataset8428
dataset1854,dataset8766,dataset8699,dataset2862
dataset7787,dataset8229,dataset3174,dataset4778
dataset2120,dataset6792,dataset7268,dataset9297
dataset9819,dataset7532,dataset7408,dataset158
dataset9169,dataset6916,dataset479,dataset8064
dataset4279,dataset3643,dataset3715,dataset9117
dataset6398,dataset1120,dataset8315,dataset9558
dataset1949,dataset3719,dataset2468,dataset8031
dataset1303,dataset5592,dataset5274,dataset5896
dataset4517,dataset1053,dataset4080,dataset3973
dataset9579,dataset3006,dataset5924,dataset8774
dataset3630,dataset6500,dataset6950,dataset583
dataset5718,dataset3502,dataset4801,dataset9476
dataset5774,dataset227,dataset4977,dataset4558
dataset6960,dataset1548,dataset8824,dataset6556
dataset4044,dataset644,dataset138,dataset7080
dataset6951,dataset8106,dataset4163,dataset8202
dataset8040,dataset6412,dataset8039,dataset6323
dataset8435,dataset6445,dataset7495,dataset8820
dataset333,dataset3800,dataset1025,dataset5278
dataset5324,dataset9831,dataset4816,dataset3560
dataset3701,dataset3092,dataset4739,dataset9402
dataset5363,dataset4557,dataset2095,dataset9265
dataset3981,dataset8978,dataset4731,dataset1813
dataset7778,dataset9060,dataset9513,dataset8190
dataset6082,dataset8882,dataset8011,dataset5591
dataset4897,dataset3954,dataset3903,dataset1769
dataset7981,dataset6047,dataset4880,dataset7378
dataset359,dataset7751,dataset7465,dataset749
dataset280,dataset7658,dataset4337,dataset9201
dataset6958,dataset2312,dataset9383,dataset9159
dataset4591,dataset406,dataset5717,dataset7059
dataset9369,dataset7820,dataset3907,dataset2531
dataset1872,dataset1670,dataset2359,dataset6220
dataset5513,dataset5110,dataset2707,dataset4630
dataset9057,dataset1802,dataset9155,dataset2068
dataset4679,dataset2741,dataset1493,dataset2496
dataset2555,dataset1880,dataset2962,dataset7385
dataset3616,dataset6006,dataset9244,dataset2109
dataset6091,dataset6293,dataset6114,dataset5534
dataset1691,dataset6580,dataset6751,dataset7388
dataset7706,dataset4890,dataset8386,dataset2604
dataset6248,dataset2993,dataset2191,dataset2326
dataset4106,dataset754,dataset9977,dataset5013
dataset4349,dataset9119,dataset4514,dataset7370
dataset1424,dataset3387,dataset1325,dataset2302
dataset8182,dataset1757,dataset7457,dataset7718
dataset3312,dataset2595,dataset9719,dataset6871
dataset297,dataset847,dataset6994,dataset6746
dataset1233,dataset8986,dataset7238,dataset7549
dataset2573,dataset3427,dataset7306,dataset4492
dataset1082,dataset4785,dataset2901,dataset5637
dataset8395,dataset6811,dataset3458,dataset6893
dataset5730,dataset3029,dataset7002,dataset6256
dataset7012,dataset8842,dataset3379,dataset3627
dataset9452,dataset9725,dataset2365,dataset487
dataset3994,dataset3052,dataset8745,dataset7292
dataset3474,dataset2535,dataset1506,dataset4025
dataset5447,dataset961,dataset5537,dataset9107
dataset9673,dataset2869,dataset8416,dataset6101
dataset6654,dataset8530,dataset2702,dataset5773
dataset6515,dataset5500,dataset7650,dataset3433
dataset3790,dataset9178,dataset2786,dataset8892
dataset1686,dataset1497,dataset569,dataset2098
dataset6769,dataset6032,dataset702,dataset3751
dataset6266,dataset2477,dataset7186,dataset9711
dataset5332,dataset8730,dataset6274,dataset7764
dataset9930,dataset9124,dataset7083,dataset6377
dataset801,dataset4223,dataset9179,dataset4477
dataset1919,dataset1903,dataset9865,dataset8136
dataset7624,dataset8259,dataset244,dataset7372
dataset5227,dataset3750,dataset8275,dataset299
dataset4790,dataset2554,dataset7499,dataset3431
dataset6394,dataset7363,dataset9721,dataset7515
dataset1237,dataset9649,dataset7115,dataset6059
dataset3473,dataset8345,dataset9216,dataset4462
dataset3450,dataset6493,dataset6961,dataset6944
dataset5401,dataset2574,dataset1351,dataset5528
dataset4274,dataset6770,dataset6169,dataset9786
dataset3068,dataset3649,dataset5287,dataset6518
dataset684,dataset9702,dataset3460,dataset8228
dataset9735,dataset3076,dataset1253,dataset9802
dataset2239,dataset5389,dataset1272,dataset2899
dataset9372,dataset8226,dataset2211,dataset1260
dataset8100,dataset1604,dataset6336,dataset9025
dataset4642,dataset1632,dataset1971,dataset7540
dataset974,dataset420,dataset9261,dataset6796
dataset450,dataset3318,dataset8426,dataset8881
dataset374,dataset4519,dataset6509,dataset6957
dataset4043,dataset4304,dataset6086,dataset66
dataset3002,dataset6657,dataset8634,dataset9897
dataset7145,dataset1755,dataset2613,dataset2162
dataset627,dataset7196,dataset795,dataset6178
dataset7584,dataset8154,dataset6488,dataset1553
dataset1576,dataset2681,dataset199,dataset3556
dataset4589,dataset311,dataset8839,dataset1515
dataset501,dataset8834,dataset2657,dataset714
dataset5875,dataset7325,dataset939,dataset7425
dataset3847,dataset802,dataset6667,dataset7387
dataset7272,dataset1401,dataset6008,dataset4841
dataset9308,dataset7998,dataset2475,dataset5732
dataset1415,dataset4280,dataset7161,dataset6814
dataset2466,dataset9183,dataset2444,dataset3246
dataset1615,dataset36,dataset5342,dataset3501
dataset1837,dataset9922,dataset1363,dataset8103
dataset2425,dataset9739,dataset2521,dataset8811
dataset9382,dataset8512,dataset4513,dataset3112
dataset8999,dataset4507,dataset8723,dataset3056
dataset6801,dataset6679,dataset820,dataset2332
dataset7214,dataset8794,dataset1261,dataset989
dataset7048,dataset9661,dataset4627,dataset1708
dataset9310,dataset5567,dataset6821,dataset8580
dataset2055,dataset4268,dataset2921,dataset6927
dataset8734,dataset7761,dataset740,dataset8010
dataset5103,dataset4849,dataset9596,dataset7854
dataset5203,dataset2790,dataset2438,dataset7775
dataset2159,dataset9270,dataset2195,dataset2735
dataset2063,dataset399,dataset7752,dataset2054
dataset7979,dataset5568,dataset7616,dataset8436
dataset9605,dataset4246,dataset3408,dataset9954
dataset9121,dataset8605,dataset200,dataset8564
dataset2014,dataset2395,dataset5707,dataset4195
dataset3676,dataset310,dataset9528,dataset3971
dataset6712,dataset557,dataset9621,dataset6725
dataset5543,dataset2129,dataset8203,dataset5419
dataset9267,dataset5403,dataset8885,dataset9879
dataset4224,dataset903,dataset6192,dataset2096
dataset6864,dataset1976,dataset9523,dataset3828
dataset1496,dataset1876,dataset1044,dataset4382
dataset6901,dataset7570,dataset7127,dataset2023
dataset9542,dataset709,dataset191,dataset4316
dataset3044,dataset8765,dataset7627,dataset7028
dataset9654,dataset5305,dataset958,dataset5871
dataset5427,dataset4183,dataset862,dataset6284
dataset7530,dataset8366,dataset2611,dataset6592
dataset2967,dataset7907,dataset8089,dataset2189
dataset5193,dataset3700,dataset7568,dataset8613
dataset4046,dataset5740,dataset4015,dataset3897
dataset1853,dataset999,dataset3372,dataset6956
dataset3866,dataset1946,dataset8331,dataset4184
dataset2366,dataset5185,dataset2893,dataset5443
dataset1552,dataset2119,dataset8492,dataset4399
dataset4549,dataset7035,dataset6147,dataset994
dataset8337,dataset4592,dataset6366,dataset2820
dataset5095,dataset3133,dataset4755,dataset3896
dataset3272,dataset6295,dataset2459,dataset8456
dataset3082,dataset160,dataset5547,dataset6686
dataset4881,dataset2458,dataset1326,dataset1265
dataset2396,dataset4022,dataset7066,dataset6325
dataset3359,dataset5861,dataset2341,dataset7461
dataset3349,dataset9531,dataset7870,dataset9238
dataset8184,dataset8871,dataset1943,dataset4263
dataset9646,dataset5459,dataset7176,dataset7052
dataset6855,dataset606,dataset4796,dataset7600
dataset1981,dataset5025,dataset7081,dataset3952
dataset6278,dataset6479,dataset4603,dataset7382
dataset7504,dataset2968,dataset4245,dataset1226
dataset8178,dataset7293,dataset8722,dataset3858
dataset1130,dataset2880,dataset8769,dataset2830
dataset2056,dataset5721,dataset4155,dataset4185
dataset8047,dataset7700,dataset7853,dataset1646
dataset5055,dataset8917,dataset6318,dataset2210
dataset201,dataset1411,dataset6955,dataset7736
dataset4244,dataset586,dataset6040,dataset9030
dataset7525,dataset4714,dataset9657,dataset4786
dataset4680,dataset4681,dataset5460,dataset4346
dataset9001,dataset1816,dataset7803,dataset6597
dataset9384,dataset8465,dataset9195,dataset44
dataset6499,dataset73,dataset2800,dataset771
dataset696,dataset7405,dataset4392,dataset2497
dataset4685,dataset8085,dataset2851,dataset8937
dataset1198,dataset8491,dataset9108,dataset7446
dataset559,dataset5776,dataset1909,dataset7579
dataset7015,dataset2739,dataset9912,dataset5703
dataset410,dataset3843,dataset2744,dataset8341
dataset226,dataset4606,dataset4699,dataset6383
dataset5032,dataset1458,dataset1999,dataset9284
dataset2973,dataset9566,dataset2461,dataset9418
dataset885,dataset4409,dataset5135,dataset3367
dataset6046,dataset1360,dataset3850,dataset5122
dataset9501,dataset3131,dataset2975,dataset6227
dataset9010,dataset9404,dataset722,dataset192
dataset1438,dataset9331,dataset171,dataset5608
dataset1437,dataset5449,dataset605,dataset8133
dataset2045,dataset193,dataset5613,dataset9460
dataset6523,dataset2427,dataset3755,dataset9822
dataset1015,dataset4174,dataset2492,dataset7155
dataset1530,dataset6535,dataset5167,dataset210
dataset6669,dataset2374,dataset5329,dataset4306
dataset1450,dataset5458,dataset7085,dataset5698
dataset285,dataset2071,dataset2761,dataset3303
dataset5155,dataset8670,dataset144,dataset9748
dataset2225,dataset7321,dataset8401,dataset7882
dataset7187,dataset7904,dataset187,dataset5165
dataset1455,dataset4753,dataset1995,dataset7856
dataset2005,dataset963,dataset8894,dataset2429
dataset376,dataset4021,dataset345,dataset878
dataset886,dataset9273,dataset8478,dataset6070
dataset4299,dataset9256,dataset744,dataset4083
dataset4001,dataset259,dataset6546,dataset9982
dataset6443,dataset4463,dataset5938,dataset5137
dataset2193,dataset2984,dataset242,dataset8874
dataset5975,dataset1819,dataset6420,dataset5
dataset5883,dataset3448,dataset9177,dataset3617
dataset9724,dataset8837,dataset7462,dataset3344
dataset9518,dataset5143,dataset5756,dataset9461
dataset4616,dataset6023,dataset3881,dataset6771
dataset2122,dataset4267,dataset5211,dataset1067
dataset1939,dataset1065,dataset361,dataset2043
dataset1920,dataset2474,dataset5914,dataset395
dataset177,dataset6239,dataset65,dataset6138
dataset3198,dataset2974,dataset272,dataset1551
dataset9505,dataset8878,dataset5965,dataset4737
dataset5406,dataset8836,dataset5823,dataset3771
dataset7302,dataset1768,dataset8333,dataset2897
dataset9551,dataset5702,dataset8611,dataset3154
dataset8129,dataset1189,dataset2597,dataset822
dataset991,dataset8891,dataset1718,dataset8771
dataset9904,dataset2872,dataset7911,dataset2751
dataset9691,dataset8705,dataset4838,dataset4324
dataset1273,dataset3879,dataset5665,dataset3385
dataset8609,dataset9549,dataset1299,dataset3008
dataset405,dataset9693,dataset4006,dataset7918
dataset8252,dataset5118,dataset5893,dataset3626
dataset3399,dataset1900,dataset7770,dataset3466
dataset7704,dataset5259,dataset9776,dataset7695
dataset1907,dataset576,dataset4300,dataset8032
dataset8638,dataset2243,dataset8015,dataset47
dataset6812,dataset5626,dataset3506,dataset2024
dataset5516,dataset422,dataset5639,dataset5209
dataset1391,dataset6262,dataset3629,dataset681
dataset2865,dataset9283,dataset1151,dataset1865
dataset9176,dataset8438,dataset840,dataset319
dataset6972,dataset9989,dataset6474,dataset4776
dataset1170,dataset3211,dataset8004,dataset2734
dataset6945,dataset3063,dataset7529,dataset3867
dataset8444,dataset4799,dataset300,dataset6000
dataset1249,dataset1310,dataset3588,dataset5693
dataset2448,dataset6598,dataset2237,dataset8822
dataset6280,dataset2669,dataset3551,dataset149
dataset407,dataset5739,dataset8041,dataset9913
dataset1100,dataset2836,dataset2994,dataset4161
dataset4395,dataset4301,dataset4038,dataset8104
dataset8844,dataset1565,dataset368,dataset9194
dataset8388,dataset3798,dataset9532,dataset4892
dataset807,dataset203,dataset9861,dataset2842
dataset2452,dataset2354,dataset1143,dataset5405
dataset2172,dataset5380,dataset8158,dataset4252
dataset9441,dataset4932,dataset9650,dataset8902
dataset6119,dataset5967,dataset5912,dataset1311
dataset2699,dataset9555,dataset3904,dataset444
dataset5445,dataset5672,dataset6542,dataset9126
dataset1760,dataset5112,dataset53,dataset8310
dataset7253,dataset5713,dataset742,dataset294
dataset3486,dataset5040,dataset4151,dataset7950
dataset4383,dataset4903,dataset6268,dataset8046
dataset1177,dataset8935,dataset7644,dataset1774
dataset5604,dataset6656,dataset3253,dataset7741
dataset5529,dataset322,dataset666,dataset1702
dataset6392,dataset8451,dataset185,dataset7899
dataset4989,dataset5058,dataset9137,dataset4889
dataset857,dataset8534,dataset1371,dataset509
dataset2376,dataset3453,dataset9144,dataset5694
dataset2270,dataset9142,dataset7068,dataset5918
dataset465,dataset3573,dataset6153,dataset8803
dataset2996,dataset6804,dataset1952,dataset8069
dataset9643,dataset1251,dataset139,dataset7377
dataset6780,dataset4342,dataset7246,dataset6498
dataset1629,dataset4775,dataset8277,dataset252
dataset594,dataset1583,dataset5319,dataset5745
dataset944,dataset9009,dataset9483,dataset7877
dataset7687,dataset7541,dataset9415,dataset7588
dataset3827,dataset397,dataset9255,dataset6982
dataset4546,dataset5679,dataset7944,dataset2415
dataset4551,dataset8322,dataset2027,dataset8835
dataset2902,dataset2831,dataset7908,dataset4471
dataset7754,dataset5935,dataset3210,dataset9499
dataset9597,dataset8299,dataset8383,dataset7951
dataset2603,dataset55,dataset8179,dataset9996
dataset9589,dataset9577,dataset3712,dataset5326
dataset1918,dataset4373,dataset3995,dataset3468
dataset6471,dataset2506,dataset6996,dataset7822
dataset1216,dataset9168,dataset1944,dataset6620
dataset8728,dataset6986,dataset1264,dataset8180
dataset4631,dataset5646,dataset5923,dataset8643
dataset3257,dataset1743,dataset2336,dataset3824
dataset7343,dataset8535,dataset8559,dataset5687
dataset5794,dataset4426,dataset7383,dataset3708
dataset9639,dataset6362,dataset7955,dataset1751
dataset20,dataset5581,dataset6413,dataset6015
dataset8777,dataset8123,dataset2174,dataset6367
dataset9035,dataset246,dataset5261,dataset2315
dataset2437,dataset7550,dataset2001,dataset8539
dataset7898,dataset6914,dataset3611,dataset7116
dataset6288,dataset3770,dataset9494,dataset8843
dataset3128,dataset3622,dataset3209,dataset7430
dataset8689,dataset7827,dataset7910,dataset9914
dataset1184,dataset721,dataset767,dataset4938
dataset8220,dataset4366,dataset2728,dataset3230
dataset8452,dataset3943,dataset6175,dataset7808
dataset2390,dataset1013,dataset1279,dataset4716
dataset2137,dataset4436,dataset2572,dataset3786
dataset4145,dataset9099,dataset3944,dataset5629
dataset8799,dataset4133,dataset4010,dataset1036
dataset1522,dataset9275,dataset3936,dataset4193
dataset1002,dataset8109,dataset746,dataset2961
dataset5507,dataset8507,dataset9706,dataset5614
dataset9887,dataset3414,dataset3589,dataset585
dataset871,dataset5012,dataset2344,dataset2678
dataset2937,dataset2305,dataset5635,dataset8711
dataset3602,dataset8311,dataset897,dataset937
dataset2398,dataset5989,dataset6442,dataset7477
dataset8156,dataset6695,dataset3872,dataset2355
dataset4970,dataset1168,dataset188,dataset8171
dataset5037,dataset5766,dataset1221,dataset5976
dataset8283,dataset2018,dataset7738,dataset5374
dataset6385,dataset6827,dataset9277,dataset2682
dataset7420,dataset6650,dataset134,dataset5123
dataset1090,dataset4718,dataset7087,dataset3614
dataset408,dataset9697,dataset5298,dataset6063
dataset8197,dataset3672,dataset8360,dataset3545
dataset6976,dataset241,dataset4095,dataset1291
dataset6785,dataset4891,dataset6789,dataset6439
dataset6507,dataset6584,dataset2091,dataset197
dataset9744,dataset3249,dataset1545,dataset1507
dataset6444,dataset2097,dataset3215,dataset3727
dataset6161,dataset4995,dataset7731,dataset7489
dataset2251,dataset7968,dataset673,dataset5368
dataset1365,dataset668,dataset4122,dataset7334
dataset7218,dataset9892,dataset4831,dataset2158
dataset3783,dataset424,dataset4198,dataset658
dataset7864,dataset7551,dataset9453,dataset165
dataset7666,dataset945,dataset1567,dataset379
dataset2107,dataset7483,dataset4637,dataset8346
dataset3000,dataset2402,dataset4520,dataset4345
dataset6218,dataset5240,dataset8868,dataset6583
dataset8702,dataset5264,dataset6568,dataset6665
dataset243,dataset4760,dataset3962,dataset8602
dataset271,dataset1153,dataset1094,dataset3087
dataset2486,dataset6903,dataset6937,dataset1916
dataset8175,dataset5527,dataset6918,dataset5833
dataset6703,dataset5091,dataset1845,dataset5416
dataset7415,dataset6603,dataset3980,dataset3396
dataset3698,dataset6790,dataset6327,dataset3645
dataset8867,dataset4089,dataset4308,dataset7622
dataset8752,dataset9584,dataset4270,dataset1822
dataset5941,dataset4671,dataset9502,dataset3443
dataset3236,dataset7744,dataset5653,dataset2881
dataset3763,dataset552,dataset9578,dataset9065
dataset6483,dataset2249,dataset1713,dataset3467
dataset6761,dataset2369,dataset7394,dataset7235
dataset4829,dataset9717,dataset6863,dataset3162
dataset9488,dataset7041,dataset7720,dataset2269
dataset7681,dataset3578,dataset4398,dataset6629
dataset8560,dataset8996,dataset938,dataset7134
dataset4769,dataset6480,dataset5818,dataset5238
dataset3290,dataset6087,dataset3322,dataset4833
dataset6887,dataset167,dataset1346,dataset5219
dataset5647,dataset8144,dataset5472,dataset3568
dataset1914,dataset409,dataset1967,dataset8135
dataset150,dataset2912,dataset481,dataset6009
dataset2205,dataset9390,dataset6131,dataset350
dataset529,dataset6257,dataset1464,dataset9626
dataset4293,dataset81,dataset6221,dataset7679
dataset2020,dataset2783,dataset2117,dataset1503
dataset4701,dataset1156,dataset1165,dataset7966
dataset8423,dataset1361,dataset8087,dataset2049
dataset8781,dataset9751,dataset6408,dataset2839
dataset6261,dataset3004,dataset1763,dataset7126
dataset9073,dataset7366,dataset3996,dataset1852
dataset1896,dataset1573,dataset6371,dataset7697
dataset9884,dataset2007,dataset2504,dataset2229
dataset5575,dataset7702,dataset180,dataset825
dataset9855,dataset303,dataset4088,dataset7927
dataset9749,dataset9232,dataset1115,dataset2123
dataset4509,dataset6321,dataset8187,dataset9052
dataset6182,dataset128,dataset3706,dataset6701
dataset919,dataset664,dataset9049,dataset9068
dataset5388,dataset6786,dataset6234,dataset6874
dataset5494,dataset7089,dataset790,dataset2980
dataset8208,dataset2922,dataset4788,dataset7505
dataset6190,dataset1150,dataset1129,dataset9620
dataset5395,dataset6984,dataset4568,dataset8272
dataset781,dataset8400,dataset5109,dataset7393
dataset1927,dataset7256,dataset6324,dataset4919
dataset5762,dataset5442,dataset3067,dataset6292
dataset4907,dataset7170,dataset1108,dataset4895
dataset5610,dataset8827,dataset2859,dataset5422
dataset8488,dataset6343,dataset8365,dataset4999
dataset7444,dataset7440,dataset4708,dataset5505
dataset4976,dataset8060,dataset8118,dataset8934
dataset5737,dataset9271,dataset7610,dataset1806
dataset1556,dataset4096,dataset571,dataset9933
dataset1697,dataset4845,dataset4440,dataset3267
dataset9772,dataset1642,dataset4431,dataset7710
dataset8098,dataset5799,dataset7344,dataset4374
dataset7183,dataset1266,dataset7607,dataset54
dataset6519,dataset9554,dataset7715,dataset5345
dataset3963,dataset3833,dataset8212,dataset2743
dataset4428,dataset6928,dataset5478,dataset8013
dataset816,dataset1974,dataset8796,dataset206
dataset4401,dataset9191,dataset4208,dataset6352
dataset3110,dataset1158,dataset8022,dataset4058
dataset8694,dataset8463,dataset1487,dataset2242
dataset5803,dataset129,dataset2292,dataset9172
dataset7236,dataset7409,dataset5553,dataset7790
dataset8577,dataset5320,dataset3915,dataset9357
dataset2343,dataset4109,dataset3758,dataset538
dataset3125,dataset1849,dataset212,dataset8130
dataset1922,dataset2394,dataset9330,dataset8671
dataset4243,dataset9773,dataset1901,dataset1570
dataset9586,dataset8001,dataset3572,dataset6939
dataset390,dataset6243,dataset2006,dataset2215
dataset8529,dataset1577,dataset8317,dataset325
dataset4725,dataset6740,dataset7190,dataset8424
dataset9050,dataset940,dataset3275,dataset275
dataset5882,dataset7613,dataset864,dataset2628
dataset6158,dataset7153,dataset5667,dataset1985
dataset9804,dataset4186,dataset1087,dataset8036
dataset6330,dataset1804,dataset7328,dataset9337
dataset7711,dataset3891,dataset540,dataset5021
dataset7691,dataset8642,dataset3553,dataset4432
dataset9203,dataset4441,dataset4602,dataset6941
dataset7197,dataset4100,dataset3341,dataset3537
dataset7601,dataset2795,dataset412,dataset9520
dataset9970,dataset9944,dataset5150,dataset342
dataset7629,dataset7859,dataset5852,dataset9681
dataset70,dataset4600,dataset6784,dataset922
dataset693,dataset7279,dataset6655,dataset4806
dataset5659,dataset5340,dataset799,dataset6543
dataset1912,dataset3119,dataset8289,dataset9245
dataset9224,dataset7771,dataset5197,dataset876
dataset1877,dataset3053,dataset5384,dataset4826
dataset1297,dataset4899,dataset6825,dataset4115
dataset3789,dataset4791,dataset7007,dataset8681
dataset2391,dataset4456,dataset8034,dataset314
dataset4061,dataset263,dataset9713,dataset8636
dataset9392,dataset9797,dataset216,dataset6267
dataset186,dataset2083,dataset4119,dataset832
dataset1807,dataset8664,dataset6664,dataset1459
dataset6837,dataset7308,dataset4265,dataset1693
dataset417,dataset9509,dataset6684,dataset4953
dataset2221,dataset6014,dataset8665,dataset7073
dataset4871,dataset3356,dataset9103,dataset7608
dataset7631,dataset9916,dataset7468,dataset5531
dataset6437,dataset4743,dataset6354,dataset5237
dataset5370,dataset1820,dataset6704,dataset3071
dataset2834,dataset532,dataset4018,dataset3213
dataset3307,dataset1370,dataset2711,dataset8137
dataset3554,dataset9192,dataset2815,dataset3855
dataset3331,dataset3150,dataset2813,dataset7942
dataset2969,dataset1463,dataset7374,dataset4113
dataset1394,dataset9668,dataset1468,dataset982
dataset4180,dataset1897,dataset4269,dataset8347
dataset7698,dataset966,dataset3901,dataset1653
dataset5530,dataset5366,dataset683,dataset7254
dataset304,dataset3640,dataset9524,dataset8216
dataset7846,dataset5057,dataset9567,dataset4482
dataset3725,dataset5222,dataset3483,dataset7137
dataset103,dataset6309,dataset4493,dataset2570
dataset2469,dataset7767,dataset7879,dataset1182
dataset931,dataset6204,dataset7234,dataset2362
dataset4756,dataset2209,dataset7865,dataset8313
dataset4137,dataset9162,dataset1171,dataset6545
dataset6423,dataset7811,dataset7960,dataset6932
dataset7798,dataset4371,dataset1885,dataset7179
dataset8951,dataset7032,dataset3974,dataset6521
dataset6753,dataset9753,dataset7625,dataset1782
dataset1982,dataset2524,dataset7995,dataset916
dataset5277,dataset3495,dataset9112,dataset5398
dataset9928,dataset2026,dataset6883,dataset5859
dataset9926,dataset5894,dataset1539,dataset3797
dataset86,dataset4863,dataset1283,dataset1381
dataset2999,dataset8151,dataset9375,dataset3061
dataset3908,dataset1306,dataset4016,dataset8050
dataset3586,dataset2034,dataset2947,dataset1245
dataset5712,dataset4912,dataset3291,dataset2039
dataset9777,dataset84,dataset1838,dataset3240
dataset4861,dataset7869,dataset137,dataset7648
dataset8855,dataset7635,dataset6496,dataset2684
dataset9581,dataset4402,dataset7357,dataset6979
dataset1407,dataset5094,dataset1860,dataset2956
dataset1973,dataset69,dataset3921,dataset1902
dataset4234,dataset6570,dataset2040,dataset2493
dataset6716,dataset531,dataset2866,dataset8402
dataset5838,dataset9409,dataset4723,dataset4583
dataset5020,dataset5753,dataset4430,dataset4241
dataset4688,dataset3720,dataset7837,dataset8644
dataset360,dataset7079,dataset1495,dataset4622
dataset2274,dataset5562,dataset414,dataset7390
dataset5897,dataset6734,dataset8157,dataset2194
dataset4515,dataset1863,dataset1842,dataset7300
dataset9695,dataset4446,dataset437,dataset9313
dataset7817,dataset6822,dataset8371,dataset7672
dataset1077,dataset5045,dataset7464,dataset5993
dataset8759,dataset2977,dataset2724,dataset2464
dataset1285,dataset819,dataset9174,dataset7395
dataset4975,dataset8520,dataset8070,dataset5467
dataset2244,dataset324,dataset2288,dataset2254
dataset4648,dataset1341,dataset6983,dataset890
dataset8302,dataset8292,dataset1521,dataset7403
dataset4212,dataset2608,dataset6373,dataset5192
dataset9601,dataset927,dataset5763,dataset6475
dataset175,dataset8610,dataset2890,dataset1687
dataset5522,dataset2825,dataset9891,dataset3493
dataset1788,dataset1328,dataset1711,dataset8800
dataset6611,dataset1259,dataset8084,dataset2470
dataset732,dataset9319,dataset8795,dataset125
dataset6646,dataset2553,dataset3413,dataset8571
dataset8446,dataset2858,dataset6793,dataset427
dataset1855,dataset7567,dataset4744,dataset6953
dataset6566,dataset1229,dataset9361,dataset6340
dataset3563,dataset9792,dataset1228,dataset5593
dataset6026,dataset730,dataset8697,dataset646
dataset4289,dataset9671,dataset9086,dataset4181
dataset5007,dataset8334,dataset6602,dataset2714
dataset2295,dataset1220,dataset4355,dataset1101
dataset6851,dataset3667,dataset7522,dataset4646
dataset2030,dataset667,dataset7323,dataset9937
dataset2585,dataset2670,dataset4204,dataset6084
dataset9979,dataset1905,dataset2660,dataset2945
dataset7353,dataset5092,dataset3716,dataset8889
dataset3957,dataset1516,dataset5917,dataset947
dataset1616,dataset9590,dataset6660,dataset2898
dataset8714,dataset1454,dataset9445,dataset6155
dataset2161,dataset8992,dataset3732,dataset6980
dataset4869,dataset7523,dataset9995,dataset7686
dataset4812,dataset5410,dataset1917,dataset7506
dataset4770,dataset8420,dataset9008,dataset6395
dataset3297,dataset5820,dataset6033,dataset6971
dataset2105,dataset4225,dataset8753,dataset4484
dataset9258,dataset6431,dataset7925,dataset4007
dataset6555,dataset2311,dataset2823,dataset1784
dataset773,dataset5900,dataset4034,dataset7280
dataset7490,dataset4028,dataset1643,dataset7451
dataset5663,dataset270,dataset5253,dataset2615
dataset7836,dataset4650,dataset7227,dataset1651
dataset293,dataset6824,dataset1634,dataset4870
dataset2180,dataset1200,dataset5297,dataset5189
dataset2293,dataset3507,dataset5230,dataset7503
dataset6559,dataset6331,dataset7707,dataset1712
dataset6337,dataset7675,dataset6181,dataset9403
dataset2329,dataset1088,dataset3170,dataset5490
dataset2166,dataset8165,dataset306,dataset7946
dataset6596,dataset3574,dataset9611,dataset3299
dataset1352,dataset4761,dataset2029,dataset6586
dataset1680,dataset1661,dataset2234,dataset6860
dataset8177,dataset2612,dataset975,dataset8091
dataset2286,dataset7912,dataset2676,dataset946
dataset7088,dataset9800,dataset536,dataset965
dataset6071,dataset3784,dataset1038,dataset6713
dataset9016,dataset9146,dataset4454,dataset760
dataset3421,dataset9519,dataset935,dataset483
dataset2441,dataset3283,dataset1288,dataset736
dataset441,dataset6141,dataset9087,dataset4923
dataset7699,dataset3239,dataset9341,dataset1304
dataset4913,dataset4024,dataset2614,dataset2643
dataset4434,dataset5138,dataset1412,dataset7105
dataset7241,dataset4187,dataset8764,dataset391
dataset6089,dataset8382,dataset7714,dataset7749
dataset1578,dataset7109,dataset2227,dataset5306
dataset8288,dataset3276,dataset8552,dataset5463
dataset4733,dataset1966,dataset8357,dataset1870
dataset551,dataset3718,dataset9540,dataset960
dataset1403,dataset9429,dataset4141,dataset262
dataset3959,dataset4066,dataset1430,dataset7948
dataset3845,dataset5611,dataset5331,dataset4516
dataset4319,dataset7668,dataset1883,dataset425
dataset1140,dataset6202,dataset438,dataset9607
dataset1483,dataset3558,dataset9386,dataset1511
dataset3220,dataset6773,dataset5780,dataset1990
dataset6365,dataset1333,dataset5760,dataset491
dataset7244,dataset8141,dataset968,dataset8017
dataset5300,dataset6372,dataset9018,dataset2412
dataset7931,dataset902,dataset318,dataset3536
dataset5991,dataset5233,dataset8008,dataset8688
dataset8083,dataset4532,dataset2544,dataset2151
dataset5084,dataset4993,dataset8422,dataset6719
dataset8350,dataset3683,dataset3841,dataset4926
dataset8946,dataset6272,dataset7436,dataset5081
dataset8591,dataset7834,dataset1289,dataset5086
dataset5053,dataset4888,dataset516,dataset8027
dataset8421,dataset5303,dataset7171,dataset9347
dataset290,dataset6820,dataset9335,dataset2491
dataset3592,dataset9439,dataset9898,dataset8683
dataset119,dataset4689,dataset5080,dataset2261
dataset4611,dataset1930,dataset9356,dataset8726
dataset3666,dataset2621,dataset3682,dataset5921
dataset196,dataset5966,dataset7982,dataset5656
dataset5727,dataset8155,dataset2410,dataset9780
dataset2939,dataset6369,dataset3334,dataset2128
dataset877,dataset7831,dataset1203,dataset123
dataset5244,dataset1461,dataset3337,dataset1005
dataset6260,dataset8763,dataset2058,dataset3229
dataset6311,dataset1555,dataset2451,dataset4170
dataset7985,dataset4042,dataset6007,dataset16
dataset6991,dataset7647,dataset6533,dataset1660
dataset7821,dataset2951,dataset2017,dataset3022
dataset3916,dataset2038,dataset3065,dataset3338
dataset6143,dataset4495,dataset6538,dataset8545
dataset8304,dataset6693,dataset5584,dataset7305
dataset5887,dataset7380,dataset1789,dataset6481
dataset6368,dataset3635,dataset1064,dataset2539
dataset9677,dataset2110,dataset5288,dataset1147
dataset4329,dataset6244,dataset8970,dataset6197
dataset7772,dataset6890,dataset3326,dataset7071
dataset9423,dataset8674,dataset2165,dataset6099
dataset6129,dataset8760,dataset3600,dataset4687
dataset1965,dataset3108,dataset3309,dataset146
dataset1159,dataset466,dataset3802,dataset6782
dataset433,dataset7047,dataset1244,dataset8224
dataset8268,dataset1449,dataset8736,dataset6135
dataset164,dataset8519,dataset133,dataset7649
dataset7840,dataset905,dataset5206,dataset3677
dataset3243,dataset9911,dataset6988,dataset4131
dataset4802,dataset8693,dataset4822,dataset5526
dataset3371,dataset7341,dataset1024,dataset7117
dataset3384,dataset2230,dataset537,dataset3642
dataset2201,dataset1568,dataset2246,dataset9617
dataset6966,dataset3938,dataset1444,dataset3378
dataset6741,dataset8361,dataset1904,dataset3463
dataset3982,dataset6594,dataset9449,dataset545
dataset9047,dataset1601,dataset5971,dataset1292
dataset7617,dataset4423,dataset6072,dataset6808
dataset282,dataset3429,dataset67,dataset4320
dataset8369,dataset2357,dataset3837,dataset4702
dataset7206,dataset3977,dataset1599,dataset1276
dataset7825,dataset1834,dataset9868,dataset2134
dataset2688,dataset4793,dataset5827,dataset4916
dataset6124,dataset7371,dataset7872,dataset8828
dataset2723,dataset5510,dataset5881,dataset1879
dataset1928,dataset1537,dataset5770,dataset5029
dataset2690,dataset6126,dataset6011,dataset9359
dataset8579,dataset9768,dataset3739,dataset4943
dataset4130,dataset3214,dataset4347,dataset7118
dataset9949,dataset9806,dataset6865,dataset5645
dataset8373,dataset9900,dataset9990,dataset9959
dataset5038,dataset1895,dataset4286,dataset8586
dataset1987,dataset4715,dataset6342,dataset3430
dataset4560,dataset8406,dataset8192,dataset5005
dataset6897,dataset1107,dataset489,dataset1832
dataset3062,dataset9482,dataset5578,dataset2694
dataset3557,dataset5771,dataset9560,dataset8342
dataset1078,dataset5586,dataset6206,dataset5294
dataset1338,dataset4998,dataset8025,dataset5485
dataset9840,dataset4465,dataset1257,dataset4288
dataset9078,dataset2279,dataset1517,dataset2719
dataset2144,dataset4272,dataset5160,dataset4196
dataset3923,dataset1116,dataset9903,dataset7689
dataset914,dataset1756,dataset5393,dataset8
dataset1433,dataset464,dataset4164,dataset4314
dataset5229,dataset6552,dataset5316,dataset6859
dataset4649,dataset3610,dataset628,dataset5224
dataset8448,dataset511,dataset8387,dataset2844
dataset4365,dataset5250,dataset9853,dataset7168
dataset1111,dataset4380,dataset2439,dataset8058
dataset6967,dataset7552,dataset5359,dataset8900
dataset1836,dataset3884,dataset4328,dataset9530
dataset4742,dataset838,dataset5077,dataset4711
dataset3149,dataset8858,dataset3084,dataset3363
dataset107,dataset6252,dataset5609,dataset6691
dataset8933,dataset9844,dataset9027,dataset3377
dataset849,dataset2640,dataset3825,dataset4364
dataset3481,dataset5289,dataset2513,dataset7288
dataset3173,dataset4929,dataset5863,dataset5212
dataset2268,dataset8746,dataset6668,dataset7295
dataset4803,dataset6949,dataset9446,dataset8646
dataset2219,dataset5754,dataset495,dataset826
dataset3753,dataset6969,dataset3894,dataset2566
dataset5723,dataset7075,dataset8318,dataset9692
dataset2142,dataset9816,dataset6241,dataset7201
dataset4692,dataset9901,dataset6463,dataset6440
dataset9976,dataset9422,dataset735,dataset7928
dataset5133,dataset7545,dataset9783,dataset8712
dataset3546,dataset7842,dataset976,dataset6240
dataset351,dataset5371,dataset7142,dataset649
dataset6930,dataset1824,dataset8113,dataset2625
dataset9870,dataset561,dataset9067,dataset5141
dataset5191,dataset1846,dataset998,dataset2671
dataset2173,dataset7569,dataset3911,dataset8816
dataset4696,dataset2691,dataset6001,dataset6185
dataset4169,dataset9556,dataset7360,dataset1779
dataset1410,dataset6356,dataset7044,dataset8059
dataset9544,dataset5607,dataset2712,dataset8651
dataset4072,dataset4442,dataset7324,dataset2235
dataset7592,dataset2181,dataset2920,dataset208
dataset5258,dataset353,dataset9326,dataset5001
dataset7802,dataset3472,dataset5434,dataset7141
dataset5633,dataset7456,dataset480,dataset9094
dataset1119,dataset9413,dataset6847,dataset6831
dataset6998,dataset5116,dataset9672,dataset3282
dataset5275,dataset2781,dataset1579,dataset3632
dataset8851,dataset9349,dataset2965,dataset5132
dataset9100,dataset7612,dataset8706,dataset8503
dataset5884,dataset4651,dataset2809,dataset8926
dataset8307,dataset3117,dataset1317,dataset5068
dataset930,dataset6472,dataset2683,dataset1380
dataset6843,dataset8880,dataset2870,dataset6074
dataset7072,dataset8972,dataset1354,dataset3248
dataset3815,dataset1786,dataset3051,dataset7139
dataset9416,dataset9051,dataset6407,dataset2607
dataset9680,dataset7445,dataset4275,dataset178
dataset9663,dataset9710,dataset1039,dataset3040
dataset763,dataset6224,dataset7936,dataset7469
dataset5493,dataset3494,dataset4529,dataset9468
dataset1359,dataset5682,dataset3925,dataset805
dataset9173,dataset7595,dataset9616,dataset6002
dataset7986,dataset1734,dataset676,dataset4508
dataset4983,dataset6995,dataset152,dataset8115
dataset3392,dataset1908,dataset6301,dataset6093
dataset828,dataset6120,dataset6868,dataset5166
dataset4628,dataset9454,dataset959,dataset6609
dataset1109,dataset7030,dataset9440,dataset8214
dataset6414,dataset9053,dataset5249,dataset7538
dataset1277,dataset9729,dataset600,dataset4488
dataset1587,dataset1541,dataset3674,dataset3223
dataset6830,dataset4579,dataset3781,dataset3543
dataset56,dataset6690,dataset5704,dataset3179
dataset928,dataset7419,dataset6098,dataset7223
dataset372,dataset5509,dataset6326,dataset5254
dataset3869,dataset5452,dataset8547,dataset6724
dataset1284,dataset7845,dataset3066,dataset1776
dataset2806,dataset8573,dataset579,dataset3945
dataset2577,dataset9451,dataset1127,dataset4902
dataset4475,dataset3380,dataset1630,dataset7333
dataset6644,dataset3328,dataset6211,dataset9683
dataset8048,dataset4527,dataset8110,dataset4425
dataset9328,dataset5947,dataset7237,dataset6527
dataset7136,dataset6105,dataset3264,dataset3478
dataset618,dataset7001,dataset25,dataset3587
dataset6867,dataset4424,dataset9696,dataset2816
dataset8309,dataset4453,dataset7290,dataset2236
dataset8985,dataset7069,dataset6530,dataset707
dataset8920,dataset5733,dataset7581,dataset1844
dataset865,dataset5577,dataset1254,dataset4653
dataset9408,dataset8191,dataset9228,dataset3774
dataset334,dataset5188,dataset500,dataset9023
dataset3227,dataset9980,dataset5035,dataset9167
dataset597,dataset2729,dataset3933,dataset4266
dataset3877,dataset9965,dataset3521,dataset1519
dataset5079,dataset5821,dataset7783,dataset4449
dataset2393,dataset1336,dataset3820,dataset3482
dataset5623,dataset1958,dataset4878,dataset109
dataset868,dataset5616,dataset6415,dataset4149
dataset9602,dataset2642,dataset4643,dataset6464
dataset6219,dataset1193,dataset2946,dataset9881
dataset6196,dataset8659,dataset2198,dataset2143
dataset1840,dataset1703,dataset5696,dataset9925
dataset9871,dataset3796,dataset5572,dataset708
dataset8522,dataset5220,dataset7598,dataset6389
dataset1215,dataset2904,dataset2516,dataset7987
dataset1113,dataset3912,dataset9135,dataset7309
dataset3864,dataset9630,dataset7172,dataset4534
dataset520,dataset99,dataset6253,dataset2925
dataset7628,dataset5444,dataset423,dataset3100
dataset9858,dataset5046,dataset8431,dataset1427
dataset5378,dataset184,dataset812,dataset5728
dataset4847,dataset4217,dataset8415,dataset1721
dataset7226,dataset3970,dataset7178,dataset6069
dataset3793,dataset4384,dataset338,dataset4408
dataset1416,dataset5024,dataset6737,dataset3638
dataset413,dataset5552,dataset4553,dataset7428
dataset8213,dataset5104,dataset8669,dataset5147
dataset9951,dataset6384,dataset64,dataset8748
dataset4730,dataset6682,dataset7639,dataset3814
dataset8263,dataset5642,dataset7437,dataset3410
dataset2342,dataset588,dataset2705,dataset9880
dataset1684,dataset6209,dataset6687,dataset2066
dataset5423,dataset8378,dataset1622,dataset7962
dataset6298,dataset2609,dataset7239,dataset2760
dataset6875,dataset3069,dataset2584,dataset448
dataset6631,dataset1559,dataset1989,dataset3116
dataset6948,dataset2361,dataset2093,dataset4901
dataset436,dataset6066,dataset2963,dataset925
dataset2696,dataset9354,dataset245,dataset964
dataset89,dataset3107,dataset78,dataset9575
dataset5266,dataset7561,dataset2177,dataset6183
dataset4531,dataset4486,dataset5678,dataset7347
dataset1972,dataset936,dataset986,dataset8353
dataset7149,dataset7765,dataset3875,dataset4985
dataset2679,dataset654,dataset6461,dataset1319
dataset9085,dataset4354,dataset3409,dataset9388
dataset6600,dataset3737,dataset6906,dataset3254
dataset6550,dataset1535,dataset7349,dataset5865
dataset124,dataset2259,dataset6787,dataset7923
dataset1542,dataset8696,dataset1898,dataset8481
dataset8433,dataset1428,dataset9619,dataset2811
dataset9942,dataset8568,dataset8932,dataset9935
dataset7329,dataset2364,dataset6575,dataset5956
dataset4105,dataset6225,dataset4057,dataset6076
dataset2802,dataset3540,dataset6491,dataset3073
dataset2297,dataset8430,dataset8821,dataset8134
dataset4120,dataset7747,dataset635,dataset1747
dataset3914,dataset1246,dataset9395,dataset844
dataset7963,dataset5172,dataset8974,dataset6748
dataset8384,dataset6456,dataset1666,dataset7195
dataset2770,dataset2310,dataset3369,dataset8142
dataset547,dataset7874,dataset4707,dataset3105
dataset6977,dataset3137,dataset6978,dataset3582
dataset2857,dataset6410,dataset7252,dataset5409
dataset8959,dataset5857,dataset6457,dataset8756
dataset266,dataset7143,dataset3135,dataset4608
dataset8505,dataset4675,dataset5576,dataset3776
dataset3159,dataset8195,dataset6718,dataset224
dataset9929,dataset1692,dataset9198,dataset9093
dataset1640,dataset5312,dataset7663,dataset5898
dataset3118,dataset7121,dataset2316,dataset9764
dataset5772,dataset814,dataset9624,dataset8793
dataset723,dataset2262,dataset9064,dataset5686
dataset2726,dataset8305,dataset604,dataset9396
dataset5979,dataset787,dataset276,dataset9638
dataset757,dataset9836,dataset8984,dataset1783
dataset477,dataset190,dataset2103,dataset1564
dataset5337,dataset5978,dataset6411,dataset8551
dataset3655,dataset5734,dataset656,dataset7271
dataset7862,dataset1188,dataset2919,dataset355
dataset1978,dataset599,dataset6306,dataset4027
dataset4510,dataset729,dataset5515,dataset5051
dataset7317,dataset7211,dataset726,dataset7100
dataset8196,dataset3025,dataset5872,dataset9075
dataset5183,dataset3525,dataset1163,dataset8848
dataset3428,dataset1210,dataset651,dataset388
dataset9813,dataset337,dataset2360,dataset7597
dataset2758,dataset3184,dataset4321,dataset2587
dataset6223,dataset9019,dataset9430,dataset2740
dataset4050,dataset5269,dataset9204,dataset3286
dataset8437,dataset9230,dataset4336,dataset2704
dataset8971,dataset2175,dataset8877,dataset4352
dataset7043,dataset7609,dataset4922,dataset4973
dataset5234,dataset9336,dataset6574,dataset7670
dataset9299,dataset117,dataset6508,dataset3083
dataset6177,dataset678,dataset5291,dataset4710
dataset6426,dataset2035,dataset6018,dataset2436
dataset7050,dataset8656,dataset1095,dataset3405
dataset5239,dataset2266,dataset6663,dataset8536
dataset8770,dataset7284,dataset211,dataset5819
dataset3027,dataset8578,dataset2812,dataset8308
dataset4153,dataset8624,dataset7233,dataset7009
dataset9028,dataset265,dataset5217,dataset4255
dataset983,dataset869,dataset9827,dataset821
dataset1761,dataset6645,dataset4228,dataset9048
dataset1023,dataset1991,dataset7748,dataset8150
dataset7031,dataset3607,dataset2399,dataset1672
dataset6848,dataset3986,dataset3269,dataset9276
dataset5126,dataset2443,dataset6130,dataset2324
dataset5148,dataset898,dataset6904,dataset2562
dataset2896,dataset8631,dataset3300,dataset7406
dataset6711,dataset48,dataset5120,dataset4911
dataset6936,dataset6692,dataset4652,dataset4067
dataset5090,dataset9412,dataset8411,dataset204
dataset3333,dataset2538,dataset3749,dataset2515
dataset8593,dataset362,dataset3273,dataset6806
dataset7533,dataset2213,dataset2507,dataset5163
dataset7332,dataset7756,dataset5812,dataset2773
dataset3608,dataset7580,dataset9978,dataset9774
dataset9190,dataset4623,dataset132,dataset218
dataset8872,dataset336,dataset5624,dataset347
dataset8453,dataset8847,dataset1828,dataset3339
dataset7794,dataset5925,dataset8690,dataset3465
dataset8018,dataset4633,dataset8324,dataset1888
dataset7983,dataset1339,dataset4291,dataset4381
dataset3166,dataset1396,dataset1040,dataset7553
dataset915,dataset5504,dataset50,dataset836
dataset2067,dataset7164,dataset9562,dataset522
dataset7848,dataset2877,dataset1027,dataset6577
dataset9647,dataset6579,dataset6167,dataset230
dataset8983,dataset8354,dataset4669,dataset8963
dataset5327,dataset6294,dataset4695,dataset5954
dataset9545,dataset766,dataset5407,dataset6662
dataset2709,dataset1528,dataset9221,dataset843
dataset2431,dataset4612,dataset1639,dataset6216
dataset4294,dataset2012,dataset6188,dataset4469
dataset8112,dataset811,dataset1234,dataset6671
dataset8476,dataset370,dataset5842,dataset4250
dataset4686,dataset6432,dataset1524,dataset7063
dataset9756,dataset1161,dataset8323,dataset3993
dataset3470,dataset9947,dataset4468,dataset6286
dataset83,dataset375,dataset1492,dataset3740
dataset1561,dataset9480,dataset7537,dataset4635
dataset1258,dataset7566,dataset5674,dataset4703
dataset8903,dataset1243,dataset4258,dataset4363
dataset1196,dataset7894,dataset5356,dataset9242
dataset4261,dataset1534,dataset4921,dataset9614
dataset2400,dataset3047,dataset3504,dataset9885
dataset5962,dataset7297,dataset1543,dataset841
dataset8629,dataset4780,dataset3898,dataset8772
dataset9781,dataset5831,dataset2208,dataset7652
dataset1777,dataset3961,dataset2610,dataset335
dataset8298,dataset7847,dataset6005,dataset9612
dataset3188,dataset1331,dataset6345,dataset7482
dataset9506,dataset5314,dataset8394,dataset2522
dataset6088,dataset6339,dataset1997,dataset447
dataset8845,dataset1030,dataset6237,dataset7154
dataset4451,dataset3773,dataset2330,dataset1936
dataset1399,dataset9074,dataset8493,dataset9899
dataset2732,dataset7273,dataset5601,dataset1868
dataset698,dataset1785,dataset7224,dataset5469
dataset4447,dataset8412,dataset3271,dataset9223
dataset2852,dataset7257,dataset1547,dataset5628
dataset2889,dataset1724,dataset9568,dataset1827
dataset4445,dataset3206,dataset661,dataset6606
dataset533,dataset8475,dataset4736,dataset9588
dataset172,dataset3733,dataset7500,dataset8997
dataset5800,dataset2532,dataset4033,dataset9834
dataset7819,dataset3167,dataset5658,dataset5621
dataset6589,dataset3216,dataset4023,dataset4032
dataset9700,dataset1738,dataset8501,dataset29
dataset6110,dataset1688,dataset9689,dataset4690
dataset4026,dataset225,dataset6553,dataset8541
dataset8336,dataset8056,dataset2782,dataset7249
dataset7175,dataset1957,dataset8698,dataset7641
dataset2601,dataset1141,dataset4489,dataset7092
dataset9379,dataset4640,dataset8473,dataset1841
dataset4893,dataset4717,dataset6123,dataset9736
dataset2592,dataset7880,dataset17,dataset3201
dataset4674,dataset7967,dataset19,dataset6551
dataset452,dataset6469,dataset943,dataset5174
dataset1658,dataset2275,dataset8009,dataset462
dataset3878,dataset9728,dataset1771,dataset1874
dataset8783,dataset5491,dataset1839,dataset9826
dataset209,dataset791,dataset556,dataset8904
dataset5344,dataset2472,dataset3036,dataset1063
dataset981,dataset7005,dataset7757,dataset1571
dataset1736,dataset852,dataset470,dataset1096
dataset6514,dataset3595,dataset8919,dataset2528
dataset3265,dataset3348,dataset5177,dataset2169
dataset5082,dataset7603,dataset4222,dataset7339
dataset5563,dataset5570,dataset9659,dataset5142
dataset1241,dataset3255,dataset3736,dataset9583
dataset4071,dataset9185,dataset5660,dataset8916
dataset467,dataset8513,dataset4124,dataset4749
dataset6238,dataset8967,dataset4506,dataset1671
dataset1010,dataset9896,dataset2578,dataset7693
dataset5437,dataset6160,dataset3863,dataset5299
dataset2749,dataset2764,dataset2619,dataset4123
dataset9564,dataset3070,dataset2863,dataset1977
dataset1501,dataset970,dataset5362,dataset6700
dataset6341,dataset4559,dataset7228,dataset1091
dataset921,dataset2804,dataset2404,dataset9571
dataset1825,dataset1668,dataset4359,dataset4331
dataset341,dataset7662,dataset8429,dataset9188
dataset7885,dataset8174,dataset7350,dataset1647
dataset1705,dataset6707,dataset7742,dataset3728
dataset2559,dataset5432,dataset9635,dataset5997
dataset5980,dataset8035,dataset2841,dataset9686
dataset3491,dataset4585,dataset1128,dataset8447
dataset5669,dataset4954,dataset2481,dataset6418
dataset9312,dataset2019,dataset4344,dataset5043
dataset4946,dataset3045,dataset2785,dataset772
dataset7823,dataset2313,dataset4964,dataset2853
dataset2733,dataset774,dataset5304,dataset8600
dataset4387,dataset5826,dataset6889,dataset854
dataset764,dataset5683,dataset2593,dataset9910
dataset8808,dataset385,dataset9024,dataset5533
dataset5069,dataset2645,dataset2652,dataset7029
dataset8572,dataset2828,dataset4550,dataset9960
dataset2465,dataset8684,dataset2298,dataset6246
dataset3547,dataset962,dataset93,dataset5996
dataset3668,dataset2214,dataset4738,dataset9061
dataset1925,dataset7565,dataset1723,dataset1373
dataset4168,dataset7316,dataset6290,dataset7763
dataset9400,dataset590,dataset6747,dataset4350
dataset528,dataset2663,dataset7606,dataset8374
dataset5748,dataset3155,dataset2715,dataset3386
dataset4148,dataset7890,dataset7130,dataset8077
dataset3873,dataset6,dataset8479,dataset8562
dataset6409,dataset4404,dataset1470,dataset514
dataset7779,dataset2557,dataset4957,dataset5194
dataset2183,dataset8500,dataset8019,dataset8509
dataset2408,dataset4117,dataset846,dataset687
dataset8583,dataset458,dataset4604,dataset340
dataset8779,dataset3145,dataset5988,dataset1558
dataset6016,dataset8392,dataset3023,dataset9070
dataset3374,dataset2434,dataset8720,dataset9760
dataset546,dataset2673,dataset7990,dataset5030
dataset4397,dataset2010,dataset8326,dataset4856
dataset4055,dataset804,dataset320,dataset2933
dataset2979,dataset9007,dataset2069,dataset4157
dataset3509,dataset9809,dataset2272,dataset587
dataset2498,dataset521,dataset6428,dataset4162
dataset4639,dataset5688,dataset435,dataset2591
dataset5879,dataset2649,dataset4178,dataset7053
dataset4444,dataset6529,dataset5811,dataset5594
dataset4114,dataset7291,dataset839,dataset4357
dataset8810,dataset5019,dataset7346,dataset7294
dataset7423,dataset6360,dataset2796,dataset5930
dataset4060,dataset9606,dataset9503,dataset5878
dataset8518,dataset7938,dataset5559,dataset710
dataset3942,dataset1268,dataset9111,dataset9393
dataset8149,dataset1018,dataset3966,dataset9316
dataset9987,dataset505,dataset9376,dataset8427
dataset1422,dataset4403,dataset603,dataset7310
dataset5074,dataset8546,dataset6735,dataset3237
dataset8063,dataset1384,dataset2411,dataset1818
dataset5709,dataset1682,dataset4407,dataset9145
dataset2245,dataset449,dataset2549,dataset2799
dataset3186,dataset9234,dataset8532,dataset8148
dataset7034,dataset5643,dataset5777,dataset5026
dataset8817,dataset9988,dataset8554,dataset4664
dataset6728,dataset5308,dataset9031,dataset7734
dataset523,dataset863,dataset105,dataset4842
dataset1716,dataset5804,dataset4795,dataset8499
dataset824,dataset3950,dataset2727,dataset1114
dataset5268,dataset6647,dataset758,dataset9825
dataset4008,dataset2547,dataset8441,dataset91
dataset5700,dataset4997,dataset8617,dataset9424
dataset1180,dataset2373,dataset5596,dataset3035
dataset3382,dataset111,dataset7841,dataset4182
dataset798,dataset2948,dataset5451,dataset4302
dataset6638,dataset6173,dataset4813,dataset3085
dataset5028,dataset8700,dataset170,dataset3804
dataset5187,dataset1700,dataset4192,dataset229
dataset4152,dataset2100,dataset9972,dataset1085
dataset3702,dataset4535,dataset1821,dataset648
dataset8498,dataset9608,dataset2232,dataset5257
dataset1621,dataset2106,dataset8250,dataset539
dataset1383,dataset8751,dataset5457,dataset7232
dataset9550,dataset3741,dataset743,dataset3077
dataset4709,dataset1931,dataset5139,dataset5750
dataset1726,dataset7871,dataset7215,dataset7259
dataset4886,dataset3765,dataset4326,dataset5098
dataset558,dataset9946,dataset4879,dataset3662
dataset7501,dataset9701,dataset9157,dataset2689
dataset8111,dataset1683,dataset7780,dataset7260
dataset2348,dataset1584,dataset8604,dataset7830
dataset1362,dataset6453,dataset9022,dataset8804
dataset9351,dataset6651,dataset2527,dataset2938
dataset9867,dataset8329,dataset4663,dataset7574
dataset5710,dataset6909,dataset9320,dataset8648
dataset5383,dataset7623,dataset6422,dataset7922
dataset1742,dataset5564,dataset5641,dataset6595
dataset1704,dataset8639,dataset1881,dataset2558
dataset4670,dataset8413,dataset3019,dataset9920
dataset8211,dataset9367,dataset8460,dataset3464
dataset1764,dataset3176,dataset366,dataset8775
dataset9872,dataset881,dataset4009,dataset3717
dataset1014,dataset548,dataset9793,dataset6911
dataset5372,dataset415,dataset5860,dataset3315
dataset7147,dataset5015,dataset1665,dataset143
dataset2883,dataset6952,dataset8379,dataset2792
dataset2803,dataset273,dataset5128,dataset106
dataset4450,dataset9918,dataset2534,dataset1397
dataset2062,dataset5943,dataset8805,dataset5874
dataset4376,dataset8626,dataset8222,dataset3599
dataset7076,dataset1207,dataset9095,dataset189
dataset9248,dataset4439,dataset3247,dataset1060
dataset8205,dataset4668,dataset7653,dataset7199
dataset5927,dataset4191,dataset1677,dataset2133
dataset4930,dataset3743,dataset3606,dataset8327
dataset4982,dataset9688,dataset1118,dataset4351
dataset1022,dataset6302,dataset6353,dataset6630
dataset2569,dataset833,dataset7434,dataset3304
dataset9246,dataset6191,dataset8053,dataset2713
dataset4260,dataset2306,dataset365,dataset3456
dataset803,dataset1478,dataset6765,dataset6750
dataset3922,dataset2003,dataset1953,dataset264
dataset2487,dataset1921,dataset1505,dataset8676
dataset6179,dataset5228,dataset442,dataset7680
dataset3811,dataset7659,dataset1172,dataset4764
dataset9805,dataset7054,dataset9787,dataset4503
dataset7146,dataset3288,dataset2990,dataset9948
dataset1830,dataset4883,dataset380,dataset984
dataset2300,dataset7575,dataset2756,dataset5413
dataset9529,dataset3744,dataset13,dataset3865
dataset4458,dataset6271,dataset3819,dataset2416
dataset5226,dataset7816,dataset810,dataset6590
dataset4379,dataset7957,dataset2112,dataset6544
dataset6892,dataset2646,dataset2381,dataset2145
dataset4309,dataset7084,dataset8863,dataset1709
dataset3508,dataset9487,dataset4457,dataset7633
dataset9207,dataset6258,dataset780,dataset4965
dataset5252,dataset9133,dataset9961,dataset1126
dataset3496,dataset2435,dataset2433,dataset2565
dataset8482,dataset9582,dataset7933,dataset1778
dataset5540,dataset8241,dataset5017,dataset1112
dataset9247,dataset2542,dataset2763,dataset9039
dataset5561,dataset7399,dataset4621,dataset8614
dataset2936,dataset6705,dataset6334,dataset9563
dataset6231,dataset5093,dataset1390,dataset7082
dataset478,dataset6627,dataset7455,dataset3147
dataset1746,dataset1549,dataset7793,dataset454
dataset7396,dataset9380,dataset9552,dataset9718
dataset1034,dataset1439,dataset3037,dataset9765
dataset5520,dataset3723,dataset7688,dataset1810
dataset1656,dataset5631,dataset1387,dataset9262
dataset9436,dataset1121,dataset5566,dataset3968
dataset1685,dataset1026,dataset5202,dataset2233
dataset737,dataset3688,dataset6052,dataset2264
dataset2637,dataset215,dataset4866,dataset5453
dataset589,dataset6184,dataset4159,dataset2378
dataset6658,dataset8439,dataset3951,dataset4415
dataset6615,dataset6526,dataset3222,dataset2294
dataset3146,dataset221,dataset1231,dataset5729
dataset6886,dataset3477,dataset2333,dataset1790
dataset403,dataset3122,dataset5983,dataset1536
dataset5448,dataset5060,dataset647,dataset5377
dataset6476,dataset2745,dataset90,dataset614
dataset1190,dataset4047,dataset9991,dataset2339
dataset7671,dataset3059,dataset8432,dataset7375
dataset6689,dataset2351,dataset6149,dataset995
dataset6835,dataset4759,dataset7760,dataset2941
dataset5067,dataset5535,dataset6316,dataset8248
dataset2051,dataset3098,dataset9938,dataset4828
dataset400,dataset1572,dataset7191,dataset9526
dataset7614,dataset5862,dataset2476,dataset8278
dataset4056,dataset7943,dataset7389,dataset3289
dataset3298,dataset5908,dataset9005,dataset4251
dataset3129,dataset6043,dataset2318,dataset307
dataset4540,dataset4063,dataset6228,dataset3086
dataset3296,dataset7682,dataset5546,dataset4
dataset1016,dataset7354,dataset9300,dataset8321
dataset6866,dataset1935,dataset8589,dataset6510
dataset891,dataset7850,dataset147,dataset6807
dataset8592,dataset2992,dataset493,dataset6947
dataset5009,dataset2252,dataset6003,dataset4421
dataset169,dataset6351,dataset2750,dataset8914
dataset22,dataset4523,dataset7917,dataset7276
dataset1061,dataset1715,dataset6205,dataset2665
dataset1787,dataset6524,dataset9493,dataset2135
dataset2656,dataset2721,dataset1211,dataset2703
dataset2011,dataset4762,dataset5465,dataset917
dataset2832,dataset9974,dataset3726,dataset6111
dataset440,dataset1004,dataset2130,dataset5618
dataset2148,dataset1267,dataset2772,dataset3163
dataset6968,dataset4698,dataset3690,dataset4968
dataset5140,dataset4069,dataset1020,dataset6959
dataset3425,dataset1950,dataset6275,dataset7481
dataset1983,dataset1525,dataset853,dataset7930
dataset8860,dataset1857,dataset9801,dataset5886
dataset750,dataset386,dataset5835,dataset7266
dataset4315,dataset7435,dataset8328,dataset3361
dataset8668,dataset1649,dataset8297,dataset6639
dataset5102,dataset6212,dataset7655,dataset9302
dataset6382,dataset2079,dataset6441,dataset1915
dataset2942,dataset3485,dataset5117,dataset5736
dataset5023,dataset7991,dataset3860,dataset3711
dataset2856,dataset1566,dataset4481,dataset4125
dataset3321,dataset9934,dataset5701,dataset9450
dataset1648,dataset8654,dataset3795,dataset8320
dataset7373,dataset2479,dataset8079,dataset1476
dataset3531,dataset9226,dataset6872,dataset4722
dataset60,dataset6222,dataset5397,dataset63
dataset98,dataset7038,dataset2805,dataset5199
dataset9266,dataset7838,dataset5354,dataset1419
dataset9462,dataset5375,dataset2905,dataset6572
dataset691,dataset6189,dataset8953,dataset3857
dataset6915,dataset4595,dataset1882,dataset973
dataset6434,dataset4099,dataset3868,dataset4613
dataset4236,dataset5798,dataset8189,dataset4659
dataset9338,dataset3665,dataset4677,dataset5245
dataset923,dataset4167,dataset6031,dataset1770
dataset4859,dataset156,dataset4978,dataset3419
dataset6618,dataset1072,dataset900,dataset3389
dataset7024,dataset41,dataset4081,dataset806
dataset5814,dataset9794,dataset9945,dataset988
dataset4483,dataset7093,dataset8861,dataset7450
dataset3138,dataset363,dataset8021,dataset3050
dataset7773,dataset5149,dataset331,dataset8264
dataset6534,dataset6616,dataset9002,dataset2116
dataset5204,dataset662,dataset7520,dataset9252
dataset5054,dataset3754,dataset7345,dataset471
dataset4443,dataset496,dataset3917,dataset2698
dataset120,dataset912,dataset1176,dataset8708
dataset6881,dataset1280,dataset7216,dataset9699
dataset254,dataset9997,dataset6910,dataset4719
dataset2791,dataset3109,dataset4218,dataset14
dataset8140,dataset9939,dataset5691,dataset287
dataset6452,dataset6965,dataset6400,dataset1206
dataset2599,dataset1717,dataset4200,dataset611
dataset28,dataset5808,dataset4239,dataset9632
dataset4248,dataset9037,dataset1938,dataset3564
dataset6894,dataset2586,dataset3033,dataset5579
dataset8099,dataset5964,dataset7784,dataset4216
dataset7916,dataset6137,dataset8569,dataset1104
dataset1393,dataset7548,dataset1667,dataset2594
dataset9289,dataset1238,dataset6709,dataset7096
dataset3924,dataset7974,dataset1122,dataset5839
dataset4576,dataset4214,dataset8088,dataset7125
dataset8029,dataset1797,dataset2164,dataset8170
dataset2021,dataset9603,dataset5829,dataset867
dataset8495,dataset3021,dataset1195,dataset4307
dataset3637,dataset5130,dataset257,dataset7818
dataset2016,dataset5779,dataset8396,dataset3366
dataset5341,dataset4287,dataset8786,dataset3225
dataset5832,dataset7806,dataset6386,dataset7400
dataset238,dataset5420,dataset9365,dataset7289
dataset5664,dataset8233,dataset2821,dataset8514
dataset8173,dataset7386,dataset9537,dataset1327
dataset2084,dataset972,dataset9561,dataset3817
dataset4480,dataset3488,dataset488,dataset9004
dataset3144,dataset1998,dataset9314,dataset5171
dataset2655,dataset2543,dataset5654,dataset1940
dataset1312,dataset6501,dataset7730,dataset2353
dataset4967,dataset8913,dataset9017,dataset8120
dataset4962,dataset6174,dataset7712,dataset1494
dataset1474,dataset8286,dataset9864,dataset7407
dataset8663,dataset2220,dataset4201,dataset2817
dataset4752,dataset1859,dataset7919,dataset6772
dataset9795,dataset2580,dataset4865,dataset1032
dataset6399,dataset1155,dataset2053,dataset584
dataset4129,dataset492,dataset7113,dataset2505
dataset7299,dataset6888,dataset7250,dataset9153
dataset5778,dataset5985,dataset8912,dataset8169
dataset4787,dataset2025,dataset6537,dataset4497
dataset6346,dataset8274,dataset7479,dataset5124
dataset5668,dataset9652,dataset3058,dataset3127
dataset1301,dataset9127,dataset6419,dataset4416
dataset5571,dataset1657,dataset8660,dataset3259
dataset3526,dataset2494,dataset1404,dataset5364
dataset8976,dataset1068,dataset9902,dataset5905
dataset8528,dataset8409,dataset2835,dataset993
dataset9877,dataset7074,dataset5455,dataset8271
dataset7521,dataset7800,dataset8585,dataset7151
dataset2155,dataset2914,dataset7560,dataset5072
dataset9852,dataset18,dataset9969,dataset2686
dataset7833,dataset9678,dataset738,dataset2873
dataset3788,dataset3534,dataset6171,dataset643
dataset1862,dataset5844,dataset2153,dataset1867
dataset1805,dataset4996,dataset9457,dataset624
dataset1899,dataset4332,dataset7953,dataset7900
dataset3895,dataset3669,dataset7952,dataset705
dataset4773,dataset8887,dataset6781,dataset7077
dataset1418,dataset7884,dataset5512,dataset2132
dataset9398,dataset1388,dataset1152,dataset3939
dataset3484,dataset5333,dataset1208,dataset8574
dataset3778,dataset3446,dataset8290,dataset1191
dataset9140,dataset1652,dataset6605,dataset5848
dataset1357,dataset5162,dataset6635,dataset5725
dataset688,dataset2337,dataset2413,dataset8419
dataset7889,dataset5904,dataset5164,dataset4035
dataset5353,dataset4933,dataset9931,dataset5200
dataset4205,dataset6540,dataset339,dataset4171
dataset4303,dataset3375,dataset1103,dataset2911
dataset5246,dataset6794,dataset289,dataset1800
dataset3634,dataset4960,dataset5181,dataset9348
dataset2757,dataset1413,dataset2350,dataset2076
dataset2701,dataset5916,dataset3252,dataset5595
dataset2926,dataset8119,dataset2426,dataset3777
dataset7901,dataset1456,dataset5421,dataset6036
dataset2885,dataset1480,dataset7807,dataset434
dataset987,dataset162,dataset9522,dataset6624
dataset6273,dataset4197,dataset9479,dataset2819
dataset2742,dataset4438,dataset1466,dataset8741
dataset9200,dataset5958,dataset7605,dataset3182
dataset3696,dataset4499,dataset1627,dataset3196
dataset8349,dataset6739,dataset8785,dataset8020
dataset8061,dataset9993,dataset5070,dataset808
dataset6899,dataset7452,dataset9363,dataset9058
dataset6055,dataset7661,dataset9109,dataset367
dataset4004,dataset9664,dataset534,dataset3090
dataset1185,dataset6799,dataset8727,dataset3088
dataset5088,dataset1638,dataset3656,dataset1201
dataset9510,dataset1767,dataset6308,dataset1353
dataset357,dataset1271,dataset8312,dataset2838
dataset3354,dataset4935,dataset283,dataset7528
dataset2248,dataset4544,dataset2397,dataset6896
dataset5464,dataset3518,dataset255,dataset9123
dataset7510,dataset8508,dataset6846,dataset7173
dataset8368,dataset37,dataset7669,dataset4872
dataset2447,dataset3801,dataset4934,dataset3960
dataset4986,dataset2878,dataset526,dataset5648
dataset4757,dataset1701,dataset131,dataset7060
dataset4807,dataset4798,dataset6917,dataset6201
dataset592,dataset9952,dataset2982,dataset309
dataset7442,dataset5565,dataset8829,dataset5541
dataset9810,dataset5006,dataset1663,dataset9091
dataset1605,dataset5765,dataset3055,dataset9674
dataset7678,dataset2976,dataset5325,dataset5129
dataset9727,dataset6020,dataset5392,dataset3342
dataset3434,dataset6116,dataset1550,dataset8897
dataset6060,dataset8273,dataset3381,dataset1369
dataset2460,dataset9679,dataset6364,dataset5295
dataset6165,dataset2582,dataset7815,dataset8606
dataset312,dataset7582,dataset2564,dataset7735
dataset3932,dataset6053,dataset2168,dataset3779
dataset6376,dataset1475,dataset5248,dataset2708
dataset8806,dataset855,dataset6039,dataset8923
dataset4944,dataset5000,dataset8566,dataset4594
dataset6732,dataset4474,dataset8237,dataset8450
dataset7547,dataset3694,dataset8066,dataset3497
dataset7314,dataset6738,dataset4121,dataset268
dataset9791,dataset2916,dataset8701,dataset1378
dataset8265,dataset8097,dataset8012,dataset1848
dataset8975,dataset9324,dataset8164,dataset9775
dataset9863,dataset7937,dataset7342,dataset8351
dataset6626,dataset9134,dataset1992,dataset9915
dataset5276,dataset3475,dataset9615,dataset1589
dataset7209,dataset8081,dataset913,dataset411
dataset9895,dataset6648,dataset5851,dataset5556
dataset3114,dataset3268,dataset1402,dataset602
dataset519,dataset194,dataset4127,dataset694
dataset9709,dataset3842,dataset8598,dataset1801
dataset7762,dataset1597,dataset3759,dataset1017
dataset1028,dataset725,dataset5757,dataset6117
dataset4413,dataset4369,dataset3121,dataset7640
dataset9848,dataset2776,dataset2536,dataset575
dataset1154,dataset1385,dataset4748,dataset11
dataset3651,dataset6675,dataset8675,dataset7705
dataset7518,dataset8548,dataset8483,dataset9342
dataset5828,dataset3195,dataset3625,dataset2843
dataset4147,dataset2280,dataset6462,dataset6653
dataset1423,dataset5784,dataset6805,dataset5056
dataset222,dataset2440,dataset2943,dataset9282
dataset8973,dataset6964,dataset3355,dataset5106
dataset6815,dataset3913,dataset468,dataset6742
dataset8907,dataset1055,dataset3697,dataset7003
dataset3511,dataset3124,dataset3992,dataset8809
dataset6230,dataset9766,dataset8145,dataset1926
dataset3978,dataset2334,dataset8549,dataset4455
dataset6157,dataset6012,dataset4601,dataset2115
dataset4808,dataset2104,dataset1772,dataset3224
dataset4232,dataset3329,dataset5385,dataset1633
dataset4827,dataset1812,dataset6312,dataset8653
dataset8787,dataset657,dataset6438,dataset8146
dataset7020,dataset7696,dataset1472,dataset9269
dataset5062,dataset9890,dataset7632,dataset6048
dataset5557,dataset7497,dataset6467,dataset6637
dataset6745,dataset3165,dataset5574,dataset949
dataset713,dataset5157,dataset813,dataset5536
dataset9394,dataset6270,dataset256,dataset5281
dataset7913,dataset2125,dataset9999,dataset2716
dataset3985,dataset1445,dataset1602,dataset1145
dataset7327,dataset6103,dataset9305,dataset6361
dataset9180,dataset8677,dataset9525,dataset8740
dataset4358,dataset9992,dataset4561,dataset1942
dataset4097,dataset880,dataset3449,dataset9576
dataset5815,dataset8000,dataset1523,dataset8398
dataset4741,dataset1441,dataset5480,dataset6698
dataset3287,dataset8818,dataset6433,dataset7988
dataset6401,dataset5963,dataset9625,dataset9634
dataset6176,dataset5018,dataset7638,dataset2428
dataset5433,dataset2777,dataset3967,dataset4626
dataset8567,dataset8687,dataset4078,dataset4543
dataset7768,dataset3189,dataset348,dataset3143
dataset6517,dataset7562,dataset5558,dataset51
dataset5955,dataset6320,dataset8266,dataset5348
dataset7906,dataset9790,dataset8801,dataset251
dataset8166,dataset8928,dataset8716,dataset9189
dataset7160,dataset5952,dataset4554,dataset5223
dataset3435,dataset2121,dataset4051,dataset6236
dataset7732,dataset9752,dataset7037,dataset2894
dataset7905,dataset3853,dataset4990,dataset1624
dataset8390,dataset2463,dataset4203,dataset9857
dataset9653,dataset443,dataset4966,dataset1720
dataset1793,dataset1588,dataset5744,dataset1448
dataset7412,dataset7367,dataset5841,dataset6744
dataset8497,dataset1062,dataset8128,dataset432
dataset6296,dataset136,dataset4391,dataset4593
dataset8269,dataset2483,dataset3822,dataset231
dataset513,dataset8649,dataset6455,dataset3799
dataset1421,dataset7184,dataset9011,dataset9534
dataset7524,dataset6315,dataset3353,dataset660
dataset3806,dataset5538,dataset3832,dataset1133
dataset8117,dataset5681,dataset9143,dataset8417
dataset9056,dataset8595,dataset1405,dataset1092
dataset62,dataset8014,dataset72,dataset2484
dataset7128,dataset706,dataset9475,dataset7585
dataset1232,dataset4002,dataset5214,dataset1948
dataset5218,dataset4860,dataset2884,dataset1823
dataset6424,dataset5746,dataset396,dataset9229
dataset27,dataset163,dataset3647,dataset9694
dataset5047,dataset8183,dataset5743,dataset1230
dataset3346,dataset6322,dataset580,dataset7361
dataset3281,dataset5948,dataset1160,dataset9225
dataset7281,dataset9315,dataset2511,dataset5488
dataset5267,dataset4335,dataset7287,dataset6265
dataset9478,dataset97,dataset2581,dataset5399
dataset9259,dataset9151,dataset7311,dataset1619
dataset2949,dataset3231,dataset4360,dataset9034
dataset9309,dataset918,dataset4521,dataset9296
dataset7039,dataset9968,dataset5475,dataset8635
dataset8480,dataset4909,dataset3673,dataset4552
dataset4176,dataset2752,dataset4227,dataset5414
dataset5769,dataset1585,dataset1847,dataset8991
dataset4411,dataset7230,dataset2163,dataset9743
dataset7636,dataset2356,dataset398,dataset35
dataset6450,dataset8895,dataset6482,dataset6907
dataset6148,dataset8682,dataset4233,dataset4676
dataset1626,dataset9472,dataset57,dataset573
dataset3123,dataset7262,dataset2598,dataset9484
dataset6791,dataset2840,dataset5336,dataset7586
dataset5498,dataset2170,dataset9818,dataset2798
dataset5456,dataset9410,dataset3277,dataset1563
dataset5310,dataset4694,dataset9644,dataset4101
dataset909,dataset3699,dataset9041,dataset3171
dataset9599,dataset9170,dataset301,dataset5640
dataset3527,dataset3284,dataset4103,dataset473
dataset2092,dataset8540,dataset5195,dataset2149
dataset8886,dataset7667,dataset6755,dataset121
dataset2036,dataset9698,dataset956,dataset1434
dataset9069,dataset4393,dataset240,dataset2915
dataset2421,dataset6891,dataset4460,dataset6080
dataset4588,dataset6207,dataset6625,dataset3593
dataset7740,dataset4175,dataset2446,dataset9720
dataset5430,dataset6245,dataset5781,dataset3461
dataset8472,dataset7646,dataset7326,dataset7726
dataset1799,dataset3407,dataset3471,dataset7554
dataset3279,dataset2301,dataset3862,dataset8739
dataset6768,dataset4296,dataset595,dataset6929
dataset3998,dataset4617,dataset4823,dataset8815
dataset381,dataset549,dataset9387,dataset2383
dataset3807,dataset4908,dataset2231,dataset3803
dataset2480,dataset4132,dataset9128,dataset8236
dataset4724,dataset8389,dataset8440,dataset5489
dataset3766,dataset9323,dataset4502,dataset5895
dataset8612,dataset7786,dataset929,dataset7954
dataset5585,dataset8556,dataset459,dataset2048
dataset3516,dataset4378,dataset1440,dataset8055
dataset461,dataset5972,dataset9538,dataset7315
dataset9535,dataset2008,dataset4609,dataset472
dataset9130,dataset2271,dataset278,dataset5114
dataset4325,dataset7404,dataset7690,dataset6593
dataset9762,dataset4950,dataset7157,dataset6798
dataset680,dataset6520,dataset9771,dataset1045
dataset4226,dataset4850,dataset6151,dataset1057
dataset2675,dataset3601,dataset6310,dataset2650
dataset2924,dataset4732,dataset9548,dataset2983
dataset389,dataset7418,dataset4575,dataset861
dataset3440,dataset486,dataset166,dataset6931
dataset7902,dataset3185,dataset5790,dataset617
dataset5125,dataset8477,dataset8385,dataset6133
dataset9837,dataset7058,dataset4435,dataset3910
dataset9907,dataset7559,dataset1287,dataset7809
dataset1984,dataset2462,dataset5767,dataset3455
dataset5033,dataset4011,dataset8391,dataset8652
dataset5339,dataset4580,dataset2541,dataset1970
dataset1294,dataset2367,dataset6856,dataset8176
dataset3499,dataset7676,dataset8517,dataset2256
dataset1481,dataset9334,dataset8717,dataset1817
dataset9298,dataset2445,dataset3042,dataset7556
dataset5909,dataset685,dataset1066,dataset2903
dataset3906,dataset9466,dataset5221,dataset7887
dataset5099,dataset1538,dataset1132,dataset4969
dataset7973,dataset8826,dataset5379,dataset2710
dataset1762,dataset636,dataset8943,dataset5650
dataset1889,dataset5412,dataset2864,dataset8637
dataset9447,dataset3876,dataset4400,dataset6049
dataset4052,dataset456,dataset5587,dataset896
dataset577,dataset1436,dataset9893,dataset2706
dataset6109,dataset711,dataset9432,dataset8680
dataset6085,dataset2187,dataset7402,dataset2078
dataset6766,dataset9076,dataset4624,dataset3060
dataset7812,dataset5695,dataset8525,dataset4211
dataset6578,dataset1954,dataset7454,dataset3984
dataset4958,dataset1270,dataset8862,dataset5506
dataset439,dataset5431,dataset1512,dataset3032
dataset9641,dataset7384,dataset8977,dataset3416
dataset9098,dataset5673,dataset5083,dataset6349
dataset4619,dataset9919,dataset1815,dataset5876
dataset5680,dataset1178,dataset8719,dataset4783
dataset9767,dataset8893,dataset8293,dataset4700
dataset8462,dataset1308,dataset1924,dataset5425
dataset2340,dataset9473,dataset6282,dataset8356
dataset6934,dataset7591,dataset770,dataset5146
dataset9821,dataset7514,dataset3859,dataset6898
dataset2807,dataset1923,dataset7929,dataset9971
dataset9311,dataset4166,dataset1969,dataset5186
dataset733,dataset9715,dataset845,dataset7055
dataset1051,dataset1968,dataset7251,dataset8067
dataset9431,dataset3306,dataset955,dataset3902
dataset6619,dataset8204,dataset699,dataset9291
dataset9459,dataset3357,dataset7255,dataset3192
dataset9955,dataset8375,dataset4705,dataset4830
dataset352,dataset8718,dataset4501,dataset756
dataset9761,dataset2414,dataset7886,dataset7064
dataset4607,dataset3330,dataset2794,dataset2418
dataset5666,dataset7685,dataset9471,dataset1398
dataset2420,dataset8619,dataset2124,dataset5408
dataset674,dataset7860,dataset9994,dataset2199
dataset3193,dataset1735,dataset8838,dataset2512
dataset4264,dataset8231,dataset775,dataset1392
dataset2935,dataset9419,dataset6912,dataset2808
dataset1956,dataset4076,dataset1355,dataset2583
dataset4036,dataset8238,dataset5901,dataset8856
dataset1318,dataset4504,dataset7303,dataset9973
dataset148,dataset8628,dataset8253,dataset8888
dataset5089,dataset157,dataset2432,dataset4920
dataset670,dataset2537,dataset7070,dataset2004
dataset1000,dataset418,dataset3689,dataset7165
dataset6817,dataset6277,dataset174,dataset9498
dataset4784,dataset6232,dataset4620,dataset1829
dataset1696,dataset3597,dataset9428,dataset9102
dataset7513,dataset4273,dataset7167,dataset3756
dataset8301,dataset503,dataset8966,dataset6042
dataset4641,dataset260,dataset5232,dataset5210
dataset8458,dataset8407,dataset373,dataset1074
dataset8042,dataset8621,dataset1979,dataset8667
dataset219,dataset3579,dataset9149,dataset101
dataset8107,dataset7766,dataset4678,dataset4672
dataset6478,dataset2664,dataset6134,dataset5759
dataset8260,dataset1379,dataset6608,dataset3393
dataset8153,dataset2950,dataset4461,dataset4949
dataset3652,dataset1798,dataset8615,dataset52
dataset1623,dataset745,dataset924,dataset1745
dataset1186,dataset6803,dataset1951,dataset6795
dataset4928,dataset3411,dataset5775,dataset2185
dataset3722,dataset5960,dataset8650,dataset6763
dataset6297,dataset2094,dataset8193,dataset1482
dataset8949,dataset4751,dataset655,dataset7124
dataset4819,dataset3555,dataset5685,dataset879
dataset235,dataset4632,dataset689,dataset3603
dataset7411,dataset866,dataset6569,dataset2372
dataset6025,dataset8126,dataset1594,dataset2731
dataset8003,dataset672,dataset2753,dataset5119
dataset7769,dataset4533,dataset8791,dataset971
dataset6303,dataset6974,dataset9833,dataset5786
dataset7312,dataset6210,dataset6828,dataset7611
dataset2488,dataset5671,dataset1164,dataset1324
dataset5184,dataset4848,dataset7945,dataset565
dataset1409,dataset8485,dataset6363,dataset7852
dataset5810,dataset5502,dataset883,dataset1007
dataset329,dataset3181,dataset4231,dataset6194
dataset5632,dataset279,dataset9322,dataset2801
dataset3885,dataset6406,dataset9807,dataset3190
dataset5207,dataset4459,dataset6299,dataset1856
dataset2826,dataset2725,dataset4065,dataset2767
dataset3929,dataset2347,dataset8251,dataset6576
dataset542,dataset4809,dataset9705,dataset6548
dataset9733,dataset4219,dataset2382,dataset8952
dataset248,dataset2108,dataset5242,dataset572
dataset2074,dataset3013,dataset4547,dataset6317
dataset2139,dataset1213,dataset1669,dataset2540
dataset8558,dataset6981,dataset8364,dataset7200
dataset1679,dataset1934,dataset8510,dataset4940
dataset9081,dataset2966,dataset3310,dataset1263
dataset2997,dataset4820,dataset4412,dataset6038
dataset3046,dataset8348,dataset9202,dataset5499
dataset5751,dataset9448,dataset9905,dataset5554
dataset298,dataset782,dataset1222,dataset6421
dataset3577,dataset9741,dataset641,dataset3522
dataset316,dataset4567,dataset9565,dataset4972
dataset5785,dataset2478,dataset2780,dataset3899
dataset5675,dataset8982,dataset6144,dataset9675
dataset3840,dataset2827,dataset4172,dataset4758
dataset2263,dataset1554,dataset623,dataset2971
dataset5783,dataset7824,dataset302,dataset5946
dataset8033,dataset2600,dataset8778,dataset1460
dataset9212,dataset9411,dataset6458,dataset9886
dataset9318,dataset4490,dataset3849,dataset23
dataset6920,dataset2197,dataset7123,dataset494
dataset6139,dataset1239,dataset5156,dataset5087
dataset8291,dataset5708,dataset4237,dataset1593
dataset3319,dataset3030,dataset6599,dataset6319
dataset3620,dataset7935,dataset8092,dataset2895
dataset5215,dataset8679,dataset3498,dataset8464
dataset5027,dataset3767,dataset6628,dataset3457
dataset7857,dataset7843,dataset9642,dataset8284
dataset1417,dataset8198,dataset6058,dataset2944
dataset5692,dataset6328,dataset2590,dataset8742
dataset9329,dataset4734,dataset9405,dataset1473
dataset9378,dataset1123,dataset7150,dataset7723
dataset8570,dataset9092,dataset9205,dataset9294
dataset8735,dataset4146,dataset8515,dataset7221
dataset6460,dataset5196,dataset5605,dataset15
dataset1076,dataset3581,dataset4840,dataset7180
dataset5856,dataset181,dataset1225,dataset5950
dataset2190,dataset1499,dataset3219,dataset9360
dataset2099,dataset1300,dataset8524,dataset3048
dataset1205,dataset7463,dataset8657,dataset3941
dataset8471,dataset7148,dataset8956,dataset349
dataset9040,dataset5241,dataset1695,dataset8846
dataset7429,dataset5022,dataset6621,dataset7181
dataset5870,dataset8948,dataset475,dataset3566
dataset3930,dataset8434,dataset3447,dataset2419
dataset3760,dataset9340,dataset3462,dataset446
dataset6172,dataset7776,dataset5809,dataset9908
dataset3681,dataset4605,dataset5411,dataset5347
dataset1892,dataset330,dataset2667,dataset6487
dataset1235,dataset1835,dataset8167,dataset8002
dataset3848,dataset32,dataset5970,dataset6634
dataset1146,dataset9492,dataset3874,dataset7564
dataset2867,dataset9553,dataset9132,dataset6017
dataset7984,dataset4485,dataset3703,dataset7797
dataset3134,dataset9676,dataset5858,dataset3887
dataset2482,dataset4660,dataset2238,dataset4478
dataset8989,dataset1557,dataset1826,dataset9703
dataset2849,dataset9485,dataset5205,dataset4868
dataset5986,dataset4437,dataset859,dataset7717
dataset5999,dataset1293,dataset1075,dataset5928
dataset1248,dataset499,dataset2386,dataset343
dataset58,dataset1744,dataset8768,dataset1275
dataset5715,dataset9591,dataset2563,dataset7111
dataset4207,dataset7724,dataset8704,dataset6208
dataset8883,dataset4963,dataset6757,dataset2605
dataset3172,dataset7502,dataset7319,dataset3274
dataset5598,dataset2720,dataset6622,dataset1518
dataset3099,dataset1694,dataset827,dataset1894
dataset3576,dataset5052,dataset7909,dataset3391
dataset7004,dataset1315,dataset104,dataset5292
dataset4581,dataset3633,dataset8016,dataset3383
dataset232,dataset530,dataset7026,dataset5670
dataset2284,dataset6797,dataset8731,dataset5866
dataset4578,dataset7014,dataset6348,dataset9687
dataset1625,dataset356,dataset3487,dataset153
dataset3415,dataset1469,dataset1035,dataset882
dataset2285,dataset8057,dataset6938,dataset8504
dataset9193,dataset7920,dataset6251,dataset1617
dataset1980,dataset7516,dataset6118,dataset9873
dataset3644,dataset6588,dataset4654,dataset5919
dataset1993,dataset4075,dataset5869,dataset6756
dataset7152,dataset5036,dataset9443,dataset4073
dataset4952,dataset8449,dataset2530,dataset8105
dataset3503,dataset5788,dataset6029,dataset4942
dataset7338,dataset9927,dataset8244,dataset1322
dataset3212,dataset731,dataset9239,dataset4834
dataset6477,dataset8267,dataset3846,dataset4634
dataset3650,dataset1689,dataset7202,dataset2022
dataset445,dataset8962,dataset378,dataset2086
dataset2551,dataset4939,dataset7285,dataset9301
dataset6045,dataset7832,dataset4464,dataset2322
dataset2908,dataset3710,dataset751,dataset2002
dataset5873,dataset7301,dataset6279,dataset1739
dataset4636,dataset4524,dataset3646,dataset1796
dataset1008,dataset7103,dataset4618,dataset7042
dataset7839,dataset4805,dataset4030,dataset2037
dataset6661,dataset9814,dataset550,dataset6388
dataset145,dataset6344,dataset6380,dataset2273
dataset6264,dataset4138,dataset9737,dataset4064
dataset8045,dataset9044,dataset88,dataset1453
dataset250,dataset4777,dataset5127,dataset3844
dataset9967,dataset469,dataset884,dataset9875
dataset4874,dataset1569,dataset848,dataset9
dataset5429,dataset4019,dataset5322,dataset1795
dataset38,dataset141,dataset3104,dataset4771
dataset6563,dataset5321,dataset2892,dataset5290
dataset7104,dataset2972,dataset6610,dataset7496
dataset4915,dataset4647,dataset77,dataset5899
dataset8073,dataset3535,dataset4873,dataset9782
dataset2031,dataset5523,dataset2654,dataset2090
dataset942,dataset6800,dataset4772,dataset253
dataset8206,dataset236,dataset3748,dataset510
dataset8026,dataset8782,dataset1049,dataset3762
dataset76,dataset2417,dataset2648,dataset2674
dataset249,dataset9514,dataset4418,dataset9491
dataset3417,dataset1406,dataset9986,dataset875
dataset5705,dataset5890,dataset426,dataset9325
dataset1861,dataset9199,dataset626,dataset9215
dataset4525,dataset659,dataset6247,dataset9504
dataset428,dataset4814,dataset2389,dataset3091
dataset9490,dataset9355,dataset1179,dataset7159
dataset3594,dataset1962,dataset8461,dataset8761
dataset608,dataset6643,dataset7498,dataset9489
dataset346,dataset3918,dataset5284,dataset9293
dataset9622,dataset5789,dataset3490,dataset1598
dataset637,dataset2754,dataset8749,dataset6186
dataset1162,dataset8729,dataset2589,dataset5942
dataset911,dataset3584,dataset9029,dataset4931
dataset5724,dataset4173,dataset71,dataset2308
dataset207,dataset3424,dataset3520,dataset8217
dataset3317,dataset9923,dataset3680,dataset8873
dataset3812,dataset183,dataset874,dataset3604
dataset5134,dataset4763,dataset5335,dataset6198
dataset3565,dataset3678,dataset8588,dataset1247
dataset741,dataset9115,dataset3871,dataset5107
dataset5065,dataset2077,dataset9779,dataset2501
dataset6869,dataset3324,dataset7174,dataset3539
dataset3794,dataset5255,dataset3352,dataset5315
dataset4898,dataset9272,dataset6004,dataset1414
dataset7010,dataset4971,dataset7777,dataset4257
dataset1344,dataset4657,dataset9352,dataset3395
dataset6195,dataset9512,dataset7065,dataset2196
dataset3480,dataset7219,dataset6022,dataset9346
dataset7618,dataset8954,dataset4305,dataset7897
dataset1011,dataset3949,dataset7162,dataset8899
dataset7896,dataset4419,dataset5121,dataset61
dataset1732,dataset6465,dataset1217,dataset566
dataset115,dataset2319,dataset6381,dataset7336
dataset2087,dataset7491,dataset892,dataset4278
dataset3204,dataset2900,dataset7318,dataset2685
dataset9585,dataset1431,dataset4452,dataset1278
dataset5755,dataset3197,dataset4059,dataset9746
dataset4655,dataset7097,dataset7709,dataset1033
dataset404,dataset7158,dataset2371,dataset2762
dataset4487,dataset9089,dataset695,dataset4765
dataset4562,dataset997,dataset2,dataset888
dataset5854,dataset9854,dataset6531,dataset8538
dataset9397,dataset899,dataset6125,dataset7583
dataset4111,dataset3203,dataset8737,dataset2848
dataset6359,dataset6525,dataset7494,dataset5168
dataset6447,dataset1089,dataset5390,dataset4070
dataset3028,dataset4134,dataset7188,dataset4854
dataset9260,dataset5797,dataset6834,dataset5108
dataset4815,dataset4334,dataset7208,dataset3444
dataset1526,dataset8840,dataset1174,dataset9784
dataset3398,dataset5806,dataset9003,dataset8256
dataset8262,dataset8405,dataset7231,dataset4348
dataset9842,dataset9539,dataset4988,dataset1298
dataset5768,dataset2409,dataset4150,dataset7587
dataset2508,dataset2766,dataset4610,dataset544
dataset1733,dataset6922,dataset5231,dataset6150
dataset653,dataset5722,dataset1209,dataset1727
dataset800,dataset5994,dataset4154,dataset2160
dataset992,dataset6454,dataset5382,dataset5302
dataset2009,dataset4587,dataset9110,dataset517
dataset5555,dataset6073,dataset2456,dataset5837
dataset1050,dataset5850,dataset3839,dataset2424
dataset5677,dataset6913,dataset5495,dataset6582
dataset3621,dataset42,dataset369,dataset4542
dataset6733,dataset4385,dataset9072,dataset9442
dataset8352,dataset8223,dataset4084,dataset7828
dataset155,dataset1740,dataset2059,dataset9828
dataset7013,dataset3533,dataset8854,dataset6547
dataset5880,dataset1540,dataset4054,dataset759
dataset5981,dataset6166,dataset5634,dataset9333
dataset6289,dataset8743,dataset9924,dataset6729
dataset9878,dataset7621,dataset8408,dataset5273
dataset953,dataset4556,dataset4079,dataset1081
dataset8258,dataset2647,dataset5911,dataset1477
dataset6878,dataset2314,dataset7849,dataset3015
dataset4955,dataset3400,dataset315,dataset4980
dataset2449,dataset1510,dataset5519,dataset8469
dataset610,dataset8139,dataset7759,dataset2278
dataset5293,dataset4427,dataset1975,dataset9862
dataset9006,dataset9274,dataset6997,dataset1157
dataset4102,dataset451,dataset3332,dataset1759
dataset430,dataset5699,dataset332,dataset6962
dataset3544,dataset2167,dataset4276,dataset1595
dataset4311,dataset6078,dataset720,dataset3695
dataset9287,dataset7307,dataset7449,dataset5247
dataset9613,dataset9966,dataset1699,dataset895
dataset1269,dataset893,dataset4394,dataset4340
dataset3953,dataset8865,dataset4118,dataset10
dataset9187,dataset3999,dataset1058,dataset7431
dataset8623,dataset3660,dataset5689,dataset8662
dataset8921,dataset8940,dataset613,dataset1457
dataset4984,dataset485,dataset3816,dataset823
dataset7677,dataset9640,dataset8898,dataset7484
dataset2089,dataset8249,dataset7475,dataset3934
dataset7122,dataset5113,dataset5307,dataset8853
dataset4875,dataset2882,dataset354,dataset1139
dataset2317,dataset512,dataset7169,dataset6970
dataset3340,dataset4586,dataset1750,dataset9373
dataset2057,dataset6758,dataset6213,dataset9883
dataset8968,dataset5115,dataset5735,dataset7351
dataset1529,dataset4144,dataset2560,dataset2606
dataset1873,dataset5473,dataset1149,dataset1484
dataset3512,dataset6121,dataset8303,dataset8051
dataset2672,dataset5216,dataset8339,dataset1858
dataset1929,dataset4693,dataset4832,dataset6842
dataset8599,dataset8797,dataset7755,dataset5539
dataset9754,dataset8095,dataset9464,dataset2588
dataset2662,dataset5014,dataset8576,dataset2567
dataset8608,dataset8841,dataset598,dataset9943
dataset3157,dataset6522,dataset5853,dataset3671
dataset8802,dataset1138,dataset9263,dataset305
dataset7684,dataset9521,dataset3532,dataset1019
dataset5415,dataset7156,dataset3583,dataset3567
dataset9953,dataset8601,dataset9401,dataset6879
dataset1574,dataset4104,dataset7657,dataset9964
dataset5360,dataset3074,dataset59,dataset3350
dataset2788,dataset6564,dataset8879,dataset2387
dataset6214,dataset12,dataset7391,dataset7539
dataset3183,dataset8247,dataset5741,dataset9759
dataset4339,dataset3528,dataset4918,dataset669
dataset3639,dataset7858,dataset2114,dataset8355
dataset5719,dataset6096,dataset3972,dataset5439
dataset6632,dataset7352,dataset6672,dataset9812
dataset7027,dataset1728,dataset8186,dataset4811
dataset9496,dataset7330,dataset6028,dataset3106
dataset8784,dataset1814,dataset7459,dataset8582
dataset1871,dataset3851,dataset3830,dataset3935
dataset4247,dataset6215,dataset5652,dataset5843
dataset2874,dataset3764,dataset3031,dataset9327
dataset4530,dataset9307,dataset578,dataset9838
dataset4582,dataset4810,dataset6541,dataset1069
dataset1641,dataset6571,dataset9059,dataset1131
dataset2281,dataset9353,dataset6676,dataset4566
dataset2204,dataset8160,dataset6862,dataset5802
dataset9856,dataset1659,dataset5357,dataset6044
dataset7875,dataset213,dataset7313,dataset3838
dataset4039,dataset2265,dataset3623,dataset5726
dataset4310,dataset5951,dataset3459,dataset8225
dataset3734,dataset6688,dataset7753,dataset6435
dataset4658,dataset5545,dataset7915,dataset3657
dataset8147,dataset5349,dataset4235,dataset9210
dataset3735,dataset6122,dataset295,dataset5817
dataset7805,dataset8163,dataset4936,dataset2923
dataset8709,dataset5487,dataset2641,dataset1382
dataset3792,dataset815,dataset1618,dataset4240
dataset6613,dataset9370,dataset6975,dataset1446
dataset5580,dataset6102,dataset5386,dataset5260
dataset9508,dataset2291,dataset9651,dataset2377
dataset401,dataset3731,dataset5016,dataset1037
dataset3542,dataset5152,dataset5474,dataset9456
dataset9364,dataset4093,dataset5834,dataset1655
dataset3156,dataset908,dataset1808,dataset8230
dataset3870,dataset8399,dataset7602,dataset2700
dataset4835,dataset2626,dataset9682,dataset5236
dataset4143,dataset7980,dataset9321,dataset7275
dataset6809,dataset5992,dataset4961,dataset7094
dataset1994,dataset7660,dataset3403,dataset1850
dataset3834,dataset4548,dataset8484,dataset9815
dataset4092,dataset8257,dataset5440,dataset2746
dataset6145,dataset118,dataset3489,dataset817
dataset6694,dataset3596,dataset1432,dataset7212
dataset8300,dataset8695,dataset4505,dataset625
dataset7673,dataset5907,dataset9206,dataset5311
dataset5508,dataset6466,dataset7713,dataset2561
dataset3889,dataset6636,dataset4615,dataset3452
dataset7941,dataset7439,dataset8090,dataset7721
dataset4040,dataset638,dataset1637,dataset237
dataset7364,dataset703,dataset4420,dataset2991
dataset2929,dataset5973,dataset9209,dataset1752
dataset1964,dataset3016,dataset762,dataset8942
dataset5597,dataset5877,dataset9716,dataset704
dataset2957,dataset748,dataset2323,dataset7220
dataset9808,dataset2774,dataset5676,dataset7594
dataset1485,dataset4005,dataset739,dataset94
dataset5151,dataset2818,dataset6067,dataset5050
dataset8038,dataset4491,dataset9712,dataset92
dataset7427,dataset3365,dataset6942,dataset8255
dataset258,dataset1125,dataset6387,dataset3609
dataset5059,dataset3775,dataset1737,dataset1520
dataset95,dataset5161,dataset5438,dataset1608
dataset2131,dataset5761,dataset5436,dataset6558
dataset887,dataset3075,dataset7274,dataset6788
dataset9511,dataset7110,dataset9820,dataset7789
dataset5085,dataset3140,dataset9116,dataset6041
dataset2405,dataset8511,dataset7416,dataset7045
dataset2737,dataset9742,dataset1754,dataset8686
dataset4991,dataset3064,dataset5317,dataset5042
dataset727,dataset4900,dataset8857,dataset5714
dataset5154,dataset1330,dataset7447,dataset2082
dataset4837,dataset8007,dataset292,dataset7359
dataset9219,dataset2518,dataset870,dataset562
dataset2526,dataset1707,dataset6056,dataset6468
dataset2636,dataset3358,dataset7737,dataset4846
dataset9345,dataset4414,dataset2241,dataset7131
dataset8616,dataset7615,dataset1729,dataset3782
dataset8445,dataset1376,dataset5482,dataset5625
dataset779,dataset4512,dataset6641,dataset3054
dataset1580,dataset2000,dataset4697,dataset9740
dataset7476,dataset3519,dataset6226,dataset6674
dataset1600,dataset9350,dataset9665,dataset9240
dataset7683,dataset2958,dataset1933,dataset2186
dataset6731,dataset9823,dataset7578,dataset3242
dataset9734,dataset8232,dataset6329,dataset4254
dataset8096,dataset5932,dataset6390,dataset6833
dataset4683,dataset7921,dataset2617,dataset8200
dataset5619,dataset5638,dataset7729,dataset9125
dataset4857,dataset3,dataset9658,dataset2202
dataset5793,dataset4877,dataset5441,dataset3228
dataset6902,dataset700,dataset2932,dataset793
dataset3233,dataset8814,dataset6486,dataset476
dataset6877,dataset4843,dataset8988,dataset6370
dataset4498,dataset2260,dataset7932,dataset3636
dataset6391,dataset6358,dataset6710,dataset9755
dataset7163,dataset6285,dataset6436,dataset5933
dataset7033,dataset1192,dataset2320,dataset9063
dataset8221,dataset7192,dataset9420,dataset1884
dataset5283,dataset3836,dataset8747,dataset9399
dataset5450,dataset692,dataset8622,dataset8931
dataset2519,dataset1197,dataset3260,dataset8869
dataset9295,dataset4253,dataset2303,dataset2141
dataset3530,dataset1029,dataset2467,dataset5270
dataset9573,dataset8075,dataset6726,dataset9731
dataset9470,dataset6601,dataset5987,dataset3590
dataset1093,dataset5920,dataset5855,dataset3670
dataset3412,dataset8724,dataset2771,dataset4249
dataset8306,dataset3295,dataset3095,dataset6876
dataset9339,dataset3619,dataset564,dataset2015
dataset5100,dataset2995,dataset2989,dataset5569
dataset6511,dataset8080,dataset2546,dataset8295
dataset554,dataset9154,dataset8330,dataset9079
dataset3631,dataset3241,dataset8957,dataset5847
dataset7358,dataset3191,dataset4910,dataset5525
dataset4839,dataset7733,dataset2088,dataset5937
dataset4087,dataset3947,dataset8732,dataset4210
dataset8994,dataset6170,dataset9618,dataset4691
dataset8950,dataset6940,dataset1753,dataset1377
dataset8468,dataset7961,dataset6024,dataset2212
dataset5178,dataset8725,dataset4230,dataset4341
dataset8625,dataset4729,dataset9208,dataset5888
dataset4887,dataset1218,dataset3420,dataset2886
dataset5910,dataset2277,dataset7138,dataset7112
dataset788,dataset2860,dataset752,dataset642
dataset6473,dataset9015,dataset4981,dataset9054
dataset5296,dataset9906,dataset1504,dataset8789
dataset1443,dataset1988,dataset4894,dataset3510
dataset6013,dataset9249,dataset4851,dataset1290
dataset1442,dataset8647,dataset9569,dataset2891
dataset5096,dataset2218,dataset7970,dataset455
dataset3997,dataset6723,dataset4479,dataset3126
dataset9662,dataset7958,dataset6845,dataset9254
dataset906,dataset1662,dataset792,dataset856
dataset3010,dataset2677,dataset9500,dataset5243
dataset3261,dataset8227,dataset3097,dataset4661
dataset5251,dataset384,dataset9843,dataset6921
dataset9950,dataset5940,dataset8367,dataset8209
dataset9690,dataset5813,dataset4496,dataset4466
dataset3585,dataset8442,dataset7651,dataset6405
dataset1451,dataset9253,dataset2182,dataset7891
dataset5346,dataset2571,dataset2240,dataset5169
dataset7424,dataset7999,dataset7095,dataset7056
dataset2930,dataset3390,dataset3861,dataset7851
dataset8945,dataset3692,dataset6113,dataset8561
dataset7258,dataset3919,dataset2602,dataset8553
dataset3562,dataset4704,dataset2917,dataset8325
dataset3043,dataset8961,dataset7471,dataset9750
dataset3926,dataset6777,dataset6140,dataset9292
dataset6097,dataset3772,dataset7972,dataset4599
dataset6417,dataset2876,dataset6767,dataset7992
dataset8590,dataset6607,dataset8939,dataset7067
dataset8114,dataset3476,dataset1690,dataset9071
dataset607,dataset7881,dataset6107,dataset9757
dataset5034,dataset6612,dataset7861,dataset1911
dataset2222,dataset7398,dataset3893,dataset2047
dataset6233,dataset9038,dataset926,dataset3207
dataset6717,dataset7422,dataset6064,dataset5711
dataset3541,dataset7379,dataset9803,dataset4992
dataset3852,dataset3883,dataset3024,dataset3659
dataset239,dataset1509,dataset3362,dataset4256
dataset8721,dataset9866,dataset7785,dataset7270
dataset135,dataset3081,dataset2627,dataset2868
dataset2368,dataset198,dataset4135,dataset1775
dataset8044,dataset7703,dataset2955,dataset9888
dataset6263,dataset7006,dataset7414,dataset4323
dataset7508,dataset3005,dataset4422,dataset2455
dataset3132,dataset7282,dataset6313,dataset6873
dataset5061,dataset1236,dataset234,dataset8381
dataset5548,dataset9197,dataset3780,dataset176
dataset1508,dataset9788,dataset4048,dataset8620
dataset1342,dataset1792,dataset8980,dataset7558
dataset2779,dataset9685,dataset6512,dataset4271
dataset8658,dataset6554,dataset2253,dataset9732
dataset8072,dataset2450,dataset1334,dataset9235
dataset535,dataset4156,dataset7225,dataset3686
dataset2495,dataset8076,dataset4727,dataset6696
dataset8597,dataset7376,dataset4638,dataset9798
dataset1749,dataset4375,dataset1498,dataset394
dataset7940,dataset3704,dataset619,dataset1486
dataset506,dataset267,dataset7397,dataset8005
dataset3818,dataset2793,dataset3113,dataset5892
dataset2616,dataset9306,dataset7480,dataset6573
dataset6762,dataset8773,dataset7804,dataset3707
dataset2207,dataset8074,dataset7144,dataset755
dataset4041,dataset2147,dataset3422,dataset5583
dataset7599,dataset6019,dataset313,dataset5446
dataset3423,dataset46,dataset9763,dataset622
dataset460,dataset5864,dataset9932,dataset8944
dataset6291,dataset5338,dataset7091,dataset4867
dataset6092,dataset7207,dataset1389,dataset1046
dataset5544,dataset4885,dataset9077,dataset3437
dataset701,dataset990,dataset4062,dataset4177
dataset1110,dataset4470,dataset8645,dataset4367
dataset8947,dataset5649,dataset9435,dataset6193
dataset6203,dataset7277,dataset3345,dataset8627
dataset7993,dataset6516,dataset1042,dataset9580
dataset9278,dataset4091,dataset7656,dataset3111
dataset860,dataset2179,dataset9391,dataset7062
dataset2630,dataset5301,dataset2913,dataset7240
dataset3316,dataset1986,dataset3038,dataset1320
dataset5782,dataset4386,dataset8555,dataset6281
dataset261,dataset6235,dataset1169,dataset7694
dataset416,dataset7796,dataset6861,dataset645
dataset9637,dataset4596,dataset9984,dataset24
dataset3882,dataset5824,dataset3976,dataset9610
dataset6844,dataset8969,dataset3034,dataset8454
dataset1714,dataset5280,dataset5180,dataset9851
dataset9214,dataset6836,dataset5361,dataset82
dataset2509,dataset504,dataset3969,dataset1364
dataset8981,dataset8762,dataset6375,dataset568
dataset4781,dataset5466,dataset9495,dataset8254
dataset7203,dataset5969,dataset8825,dataset9218
dataset8866,dataset6721,dataset1654,dataset7340
dataset2748,dataset9723,dataset6027,dataset9894
dataset1706,dataset1960,dataset8941,dataset4979
dataset3364,dataset6156,dataset4220,dataset3785
dataset382,dataset274,dataset7542,dataset4229
dataset6132,dataset2847,dataset4666,dataset796
dataset5323,dataset4804,dataset5394,dataset112
dataset5501,dataset1142,dataset3810,dataset6304
dataset6852,dataset214,dataset9655,dataset1124
dataset4368,dataset1106,dataset2267,dataset4706
dataset2224,dataset2041,dataset6108,dataset8908
dataset3988,dataset6778,dataset4844,dataset8754
dataset8455,dataset9374,dataset834,dataset2327
dataset1773,dataset5418,dataset6164,dataset5402
dataset2073,dataset7021,dataset5657,dataset463
dataset6905,dataset4852,dataset797,dataset8359
dataset8125,dataset9547,dataset2150,dataset6503
dataset4564,dataset5990,dataset6885,dataset9985
dataset5272,dataset1562,dataset9811,dataset6536
dataset1047,dataset7814,dataset1098,dataset5720
dataset2639,dataset1052,dataset7996,dataset8201
dataset858,dataset6880,dataset6495,dataset9438
dataset612,dataset7108,dataset2044,dataset2854
dataset8864,dataset2403,dataset8849,dataset96
dataset3569,dataset9227,dataset223,dataset9517
dataset9516,dataset7630,dataset4569,dataset6090
dataset7878,dataset4625,dataset4037,dataset6104
dataset3436,dataset3826,dataset8094,dataset9543
dataset9026,dataset4937,dataset2490,dataset3813
dataset1173,dataset686,dataset8078,dataset1831
dataset7555,dataset601,dataset8502,dataset2928
dataset7526,dataset9243,dataset5334,dataset9250
dataset3821,dataset31,dataset8037,dataset1135
dataset7099,dataset6730,dataset4108,dataset1224
dataset9101,dataset5073,dataset344,dataset7078
dataset1059,dataset7977,dataset6199,dataset4665
dataset4824,dataset497,dataset7368,dataset1309
dataset3139,dataset2680,dataset4959,dataset2331
dataset8884,dataset429,dataset7426,dataset6062
dataset2778,dataset6759,dataset173,dataset9033
dataset6946,dataset49,dataset8235,dataset8370
dataset4128,dataset5484,dataset6050,dataset7926
dataset4297,dataset8127,dataset8832,dataset1274
dataset948,dataset907,dataset30,dataset1675
dataset1471,dataset6823,dataset5792,dataset9131
dataset2575,dataset7133,dataset3148,dataset3394
dataset8071,dataset8188,dataset5078,dataset2423
dataset9381,dataset3020,dataset5496,dataset8082
dataset7654,dataset100,dataset4924,dataset596
dataset3221,dataset7975,dataset2282,dataset3548
dataset5805,dataset45,dataset979,dataset8122
dataset9850,dataset1607,dataset5655,dataset6681
dataset6484,dataset4085,dataset3017,dataset553
dataset296,dataset9066,dataset6115,dataset4406
dataset7264,dataset2718,dataset9799,dataset1781
dataset3505,dataset1340,dataset8261,dataset6094
dataset934,dataset7867,dataset1833,dataset8672
dataset8124,dataset2454,dataset7758,dataset7596
dataset7994,dataset1256,dataset6374,dataset2042
dataset7210,dataset6159,dataset3305,dataset4473
dataset785,dataset5796,dataset1513,dataset1356
dataset7286,dataset560,dataset2136,dataset9421
dataset5885,dataset2687,dataset3168,dataset3199
dataset9358,dataset9268,dataset4882,dataset3258
dataset8998,dataset1959,dataset8215,dataset1532
dataset4570,dataset9557,dataset2855,dataset8673
dataset5589,dataset1286,dataset7873,dataset3675
dataset3376,dataset8490,dataset7204,dataset3684
dataset8489,dataset5263,dataset2850,dataset9469
dataset6649,dataset1722,dataset5517,dataset5929
dataset4190,dataset8936,dataset7061,dataset2217
dataset615,dataset9917,dataset154,dataset4259
dataset3235,dataset9958,dataset8603,dataset2523
dataset393,dataset2299,dataset3187,dataset9835
dataset2533,dataset247,dataset525,dataset768
dataset8852,dataset6528,dataset5787,dataset8979
dataset4598,dataset3320,dataset122,dataset1307
dataset1596,dataset1794,dataset1227,dataset9975
dataset6699,dataset9574,dataset8131,dataset8296
dataset1105,dataset6136,dataset8457,dataset2140
dataset7467,dataset6061,dataset6287,dataset7826
dataset6925,dataset1335,dataset6849,dataset1500
dataset377,dataset3500,dataset3101,dataset1079
dataset6870,dataset6926,dataset2380,dataset3003
dataset3738,dataset1465,dataset933,dataset5481
dataset2952,dataset5136,dataset5097,dataset4029
dataset969,dataset3983,dataset1395,dataset9684
dataset1223,dataset34,dataset9136,dataset8280
dataset581,dataset9738,dataset3835,dataset9014
dataset1531,dataset778,dataset7593,dataset5428
dataset4074,dataset5105,dataset7222,dataset9595
dataset4740,dataset776,dataset8168,dataset4821
dataset9427,dataset127,dataset1345,dataset524
dataset8270,dataset2325,dataset4774,dataset4330
dataset8245,dataset4277,dataset5213,dataset1586
dataset3892,dataset6752,dataset4836,dataset4140
dataset2500,dataset508,dataset6802,dataset2052
dataset8788,dataset5282,dataset6100,dataset1021
dataset5524,dataset8995,dataset2247,dataset3263
dataset4656,dataset8181,dataset6853,dataset8523
dataset4298,dataset7413,dataset6492,dataset7166
dataset716,dataset9437,dataset4590,dataset9105
dataset3007,dataset1890,dataset1673,dataset4526
dataset5330,dataset7692,dataset2146,dataset6857
dataset8544,dataset9012,dataset2659,dataset2964
dataset8199,dataset4116,dataset2046,dataset7355
dataset8023,dataset5738,dataset9171,dataset809
dataset620,dataset9264,dataset5936,dataset8542
dataset7486,dataset634,dataset3314,dataset6504
dataset4126,dataset8870,dataset9036,dataset2985
dataset3057,dataset6077,dataset9385,dataset7924
dataset7493,dataset6617,dataset5004,dataset6685
dataset1628,dataset7883,dataset9745,dataset2722
dataset2028,dataset2388,dataset5612,dataset9747
dataset7460,dataset3218,dataset5010,dataset6990
dataset2529,dataset6314,dataset6187,dataset4410
dataset3026,dataset1435,dataset8876,dataset7750
dataset7674,dataset7708,dataset7792,dataset3515
dataset6162,dataset1631,dataset2499,dataset474
dataset1400,dataset8692,dataset2138,dataset5198
dataset8372,dataset5313,dataset2845,dataset2442
dataset4917,dataset3937,dataset2471,dataset2060
dataset9847,dataset3226,dataset7527,dataset7177
dataset327,dataset8316,dataset2250,dataset326
dataset80,dataset5462,dataset4667,dataset1429
dataset677,dataset8380,dataset421,dataset3479
dataset6727,dataset616,dataset3078,dataset402
dataset26,dataset7571,dataset9332,dataset6393
dataset9830,dataset9507,dataset1073,dataset1766
dataset4317,dataset5424,dataset9592,dataset7185
dataset3624,dataset3729,dataset7637,dataset2345
dataset952,dataset9000,dataset8161,dataset9304
dataset950,dataset6283,dataset2620,dataset8790
dataset3948,dataset5279,dataset718,dataset8068
dataset9020,dataset3368,dataset1765,dataset2258
dataset3343,dataset2651,dataset6403,dataset8132
dataset7023,dataset6697,dataset8414,dataset1321
dataset5476,dataset9546,dataset9481,dataset6168
dataset3049,dataset1372,dataset715,dataset1681
dataset1181,dataset2328,dataset1603,dataset7283
dataset5830,dataset8116,dataset2176,dataset9046
dataset1843,dataset543,dataset5111,dataset6670
dataset2829,dataset7362,dataset4754,dataset901
dataset6591,dataset7746,dataset2960,dataset2085
dataset747,dataset4800,dataset8633,dataset5752
dataset1447,dataset1803,dataset6259,dataset7198
dataset7453,dataset5355,dataset6895,dataset5617
dataset3469,dataset1054,dataset4206,dataset2970
dataset3724,dataset8703,dataset6829,dataset3752
dataset9139,dataset527,dataset9656,dataset9486
dataset6850,dataset5477,dataset3011,dataset8655
dataset9515,dataset6449,dataset5944,dataset3014
dataset5044,dataset8102,dataset4476,dataset6640
dataset5145,dataset4629,dataset2717,dataset9645
dataset9941,dataset507,dataset4522,dataset3404
dataset7791,dataset9559,dataset3039,dataset1462
dataset6549,dataset4361,dataset2871,dataset8915
dataset8065,dataset5849,dataset5801,dataset9600
dataset4644,dataset7956,dataset2102,dataset4142
dataset9425,dataset5913,dataset6779,dataset4213
dataset4433,dataset1350,dataset2618,dataset1031
dataset3805,dataset4327,dataset9593,dataset4389
dataset7939,dataset3285,dataset6200,dataset8587
dataset7051,dataset9165,dataset9084,dataset4353
dataset3160,dataset7267,dataset7229,dataset4574
dataset6933,dataset2861,dataset8738,dataset3301
dataset387,dataset5599,dataset7642,dataset2126
dataset3580,dataset5435,dataset5471,dataset6776
dataset9106,dataset161,dataset9666,dataset1048
dataset8319,dataset7119,dataset6505,dataset1144
dataset8459,dataset5716,dataset5840,dataset8242
dataset675,dataset4417,dataset6081,dataset8054
dataset4994,dataset8285,dataset7022,dataset3250
dataset2822,dataset6254,dataset453,dataset9113
dataset6992,dataset8138,dataset6396,dataset8641
dataset2658,dataset3093,dataset5560,dataset1886
dataset2768,dataset2833,dataset7473,dataset7320
dataset7934,dataset4539,dataset5179,dataset8487
dataset7189,dataset1262,dataset75,dataset6427
dataset6497,dataset4188,dataset7512,dataset6567
dataset5404,dataset1546,dataset2072,dataset6683
dataset2352,dataset7049,dataset2307,dataset2309
dataset765,dataset7947,dataset2379,dataset6489
dataset9013,dataset5959,dataset985,dataset6706
dataset9832,dataset5328,dataset6416,dataset9758
dataset8052,dataset7485,dataset697,dataset3570
dataset3130,dataset7474,dataset7888,dataset7914
dataset9609,dataset5039,dataset9839,dataset8630
dataset3158,dataset3141,dataset8006,dataset1730
dataset1544,dataset7665,dataset5977,dataset87
dataset2633,dataset2631,dataset3831,dataset9032
dataset3397,dataset4165,dataset7466,dataset3714
dataset457,dataset3351,dataset8905,dataset5749
dataset102,dataset1650,dataset8927,dataset7337
dataset1001,dataset8531,dataset6919,dataset2406
dataset9148,dataset1645,dataset43,dataset2065
dataset6146,dataset4318,dataset7863,dataset6128
dataset2692,dataset3418,dataset2453,dataset7245
dataset9021,dataset5256,dataset9280,dataset7019
dataset392,dataset9213,dataset5747,dataset5684
dataset4107,dataset9434,dataset1866,dataset904
dataset2430,dataset2338,dataset6749,dataset3745
dataset2064,dataset2510,dataset5620,dataset3956
dataset5159,dataset4472,dataset9045,dataset5343
dataset5400,dataset5286,dataset4906,dataset3909
dataset8911,dataset3445,dataset8678,dataset1313
dataset3492,dataset2846,dataset308,dataset5742
dataset9909,dataset1479,dataset6562,dataset1710
dataset4782,dataset7835,dataset7269,dataset9570
dataset7876,dataset7472,dataset5582,dataset281
dataset8930,dataset2837,dataset5144,dataset7194
dataset2653,dataset4372,dataset3591,dataset8993
dataset4179,dataset6255,dataset2101,dataset8755
dataset1491,dataset4290,dataset5352,dataset5454
dataset9983,dataset9829,dataset4862,dataset8234
dataset1070,dataset9849,dataset8922,dataset7335
dataset4082,dataset4792,dataset6065,dataset5461
dataset8830,dataset5391,dataset9869,dataset3618
dataset7193,dataset7519,dataset6987,dataset3769
dataset3605,dataset3205,dataset5902,dataset794
dataset2216,dataset4768,dataset1932,dataset5381
dataset1009,dataset1167,dataset7182,dataset291
dataset6587,dataset7965,dataset7487,dataset2401
dataset5961,dataset5309,dataset5417,dataset2927
dataset3336,dataset6429,dataset9629,dataset9824
dataset7997,dataset5636,dataset6470,dataset2693
dataset6269,dataset8403,dataset4000,dataset1097
dataset671,dataset6106,dataset9152,dataset831
dataset6430,dataset5514,dataset4597,dataset2514
dataset753,dataset8819,dataset996,dataset2517
dataset2081,dataset371,dataset5644,dataset3244
dataset40,dataset9631,dataset8813,dataset8715
dataset3153,dataset9670,dataset1955,dataset4160
dataset9158,dataset9846,dataset9704,dataset2623
dataset1012,dataset3747,dataset632,dataset5906
dataset1368,dataset3202,dataset9097,dataset9196
dataset1887,dataset1864,dataset4494,dataset5011
dataset1240,dataset126,dataset1664,dataset1741
dataset8281,dataset1893,dataset6816,dataset9222
dataset8343,dataset1348,dataset6840,dataset7417
dataset2810,dataset9474,dataset1636,dataset9963
dataset5369,dataset9288,dataset5764,dataset6708
dataset967,dataset6448,dataset3513,dataset3746
dataset6083,dataset6900,dataset5153,dataset6307
dataset1452,dataset3388,dataset2061,dataset6923
dataset6954,dataset140,dataset2879,dataset6154
dataset3575,dataset3313,dataset431,dataset3161
dataset7868,dataset9882,dataset8152,dataset2624
dataset2178,dataset1281,dataset8030,dataset4086
dataset7120,dataset1533,dataset8049,dataset7432
dataset8618,dataset7795,dataset220,dataset1610
dataset3787,dataset1329,dataset7433,dataset269
dataset2296,dataset7348,dataset317,dataset2978
dataset4817,dataset9623,dataset1996,dataset8987
dataset2695,dataset3120,dataset3178,dataset6242
dataset3217,dataset9587,dataset5690,dataset4747
dataset8474,dataset3001,dataset8172,dataset9406
dataset818,dataset4987,dataset205,dataset5934
dataset5235,dataset9770,dataset3761,dataset328
dataset4467,dataset7036,dataset1425,dataset1878
dataset1056,dataset7086,dataset9080,dataset2503
dataset4794,dataset639,dataset8955,dataset6075
dataset2473,dataset1282,dataset113,dataset3928
dataset3523,dataset7135,dataset7572,dataset7298
dataset2888,dataset789,dataset9859,dataset3323
dataset541,dataset8901,dataset6502,dataset4746
dataset9303,dataset1906,dataset4429,dataset3441
dataset5396,dataset4136,dataset8640,dataset8410
dataset8831,dataset3742,dataset2502,dataset5791
dataset682,dataset6338,dataset3661,dataset2668
dataset850,dataset228,dataset233,dataset1489
dataset5468,dataset7543,dataset9730,dataset3905
dataset1080,dataset8340,dataset1337,dataset3266
dataset5573,dataset1166,dataset4537,dataset954
dataset7331,dataset9120,dataset6485,dataset8859
dataset1851,dataset920,dataset74,dataset6217
dataset7664,dataset4541,dataset2906,dataset4571
dataset4927,dataset1,dataset6839,dataset5731
dataset7716,dataset3991,dataset3886,dataset8780
dataset9237,dataset142,dataset894,dataset3538
dataset9257,dataset9998,dataset6659,dataset663
dataset9251,dataset957,dataset3406,dataset4555
dataset2576,dataset1609,dataset7008,dataset2192
dataset9407,dataset7590,dataset978,dataset9633
dataset786,dataset6882,dataset202,dataset9175
dataset4876,dataset1041,dataset490,dataset7781
dataset7040,dataset7536,dataset9166,dataset7829
dataset3687,dataset8101,dataset4388,dataset5627
dataset7243,dataset6813,dataset7544,dataset7739
dataset4338,dataset2638,dataset5225,dataset4370
dataset2075,dataset6010,dataset4565,dataset7976
dataset9141,dataset7855,dataset8776,dataset3965
dataset3524,dataset4053,dataset1358,dataset7098
dataset2080,dataset284,dataset8506,dataset9389
dataset8594,dataset151,dataset1591,dataset7546
dataset6034,dataset1592,dataset3791,dataset3808
dataset951,dataset8246,dataset7589,dataset8279
dataset2384,dataset9598,dataset5285,dataset889
dataset6355,dataset9936,dataset1117,dataset3653
dataset7866,dataset5939,dataset7356,dataset1250
dataset5603,dataset3200,dataset2304,dataset8294
dataset2283,dataset1296,dataset629,dataset7470
dataset5662,dataset5998,dataset4238,dataset4779
dataset1212,dataset3180,dataset9231,dataset4098
dataset3705,dataset4322,dataset7788,dataset3175
dataset3136,dataset5549,dataset4905,dataset8496
dataset5351,dataset6397,dataset5376,dataset1136
dataset567,dataset2747,dataset4281,dataset9956
dataset9082,dataset717,dataset7392,dataset39
dataset3679,dataset8607,dataset8521,dataset6068
dataset3262,dataset9371,dataset7810,dataset7725
dataset2255,dataset6037,dataset3426,dataset6079
dataset3278,dataset7248,dataset6764,dataset621
dataset6999,dataset3880,dataset2909,dataset7701
dataset2797,dataset4295,dataset6333,dataset1910
dataset515,dataset5550,dataset3809,dataset2489
dataset4215,dataset7535,dataset8685,dataset6506
dataset1175,dataset6057,dataset1809,dataset8710
dataset724,dataset5031,dataset6783,dataset3989
dataset2203,dataset4945,dataset932,dataset4014
dataset5968,dataset7217,dataset8918,dataset1937
dataset7102,dataset835,dataset3370,dataset7304
dataset7448,dataset4713,dataset3987,dataset4925
dataset9467,dataset9164,dataset3245,dataset6989
dataset2622,dataset3615,dataset2118,dataset3552
dataset1305,dataset3979,dataset6451,dataset1199
dataset6715,dataset5048,dataset4199,dataset2934
dataset5891,dataset114,dataset7722,dataset7619
dataset5982,dataset8240,dataset9648,dataset9147
dataset872,dataset8028,dataset9458,dataset7903
dataset3561,dataset3691,dataset1891,dataset3208
dataset6736,dataset3900,dataset5957,dataset2548
dataset9860,dataset4448,dataset8194,dataset4825
dataset4614,dataset6652,dataset5173,dataset8798
dataset5984,dataset7296,dataset3940,dataset2290
dataset5945,dataset8086,dataset2765,dataset7016
dataset498,dataset8563,dataset9377,dataset179
dataset7263,dataset9497,dataset8218,dataset5367
dataset2954,dataset9627,dataset5602,dataset1214
dataset5182,dataset652,dataset2931,dataset3169
dataset5949,dataset8159,dataset7971,dataset8964
dataset3103,dataset631,dataset4013,dataset1242
dataset5190,dataset5387,dataset3096,dataset650
dataset3232,dataset7441,dataset1302,dataset3757
dataset6935,dataset2188,dataset9344,dataset2697
dataset842,dataset2784,dataset286,dataset3080
dataset7719,dataset563,dataset8792,dataset3294
dataset6557,dataset8823,dataset3514,dataset8024
dataset3302,dataset5915,dataset9962,dataset5551
dataset9096,dataset8239,dataset5101,dataset8314
dataset7132,dataset4818,dataset1420,dataset1003
dataset2730,dataset5606,dataset3451,dataset6818
dataset6350,dataset7018,dataset4292,dataset2346
dataset3549,dataset4914,dataset6623,dataset3102
dataset8909,dataset7727,dataset1811,dataset4068
dataset502,dataset4221,dataset3177,dataset9181
dataset7421,dataset3335,dataset7365,dataset8466
dataset3094,dataset3628,dataset8162,dataset690
dataset2457,dataset1071,dataset4012,dataset4721
dataset6250,dataset1426,dataset8632,dataset1134
dataset6142,dataset1612,dataset9817,dataset3768
dataset3823,dataset1527,dataset7576,dataset5590
dataset4855,dataset769,dataset1719,dataset2775
dataset4728,dataset5318,dataset6826,dataset8358
dataset7,dataset8960,dataset3432,dataset4284
dataset4750,dataset7959,dataset574,dataset168
dataset1644,dataset4158,dataset8062,dataset1620
dataset3115,dataset4189,dataset3571,dataset4283
dataset6054,dataset2545,dataset7509,dataset1137
dataset4745,dataset4045,dataset8425,dataset7458
dataset7507,dataset5600,dataset7743,dataset3920
dataset9279,dataset2759,dataset2953,dataset7205
dataset0,dataset7492,dataset4767,dataset3018
dataset6963,dataset5630,dataset5622,dataset3142
dataset3598,dataset2226,dataset8332,dataset1374
dataset7101,dataset2596,dataset6095,dataset1674
dataset482,dataset7801,dataset2113,dataset9150
dataset3442,dataset3012,dataset9220,dataset6854
dataset2629,dataset4090,dataset4017,dataset8910
dataset1758,dataset8565,dataset1349,dataset7774
dataset6581,dataset518,dataset4673,dataset6300
dataset7381,dataset2370,dataset3280,dataset2887
dataset6775,dataset8043,dataset5931,dataset3347
dataset2111,dataset4202,dataset7438,dataset2634
dataset6884,dataset8121,dataset2033,dataset5008
dataset2552,dataset1875,dataset3829,dataset3654
dataset7799,dataset8344,dataset1613,dataset3854
dataset9789,dataset7620,dataset2223,dataset8287
dataset6378,dataset6446,dataset8143,dataset761
dataset8812,dataset9874,dataset9290,dataset1575
dataset7604,dataset2152,dataset8494,dataset1255
dataset8906,dataset4684,dataset3402,dataset8486
dataset3713,dataset5176,dataset7895,dataset5974
dataset9366,dataset3641,dataset9114,dataset6614
dataset2918,dataset4853,dataset9129,dataset3293
dataset5532,dataset7410,dataset2070,dataset8404
dataset4333,dataset5795,dataset6985,dataset5201
dataset5542,dataset2171,dataset1961,dataset7978
dataset3658,dataset9714,dataset8282,dataset9042
dataset3308,dataset6163,dataset6112,dataset4726
dataset8185,dataset2998,dataset5825,dataset9104
dataset8807,dataset9414,dataset5071,dataset3975
dataset1086,dataset7114,dataset4003,dataset5492
dataset2013,dataset4577,dataset9455,dataset7443
dataset8666,dataset6532,dataset5066,dataset6347
dataset3234,dataset4884,dataset9604,dataset8243
dataset9211,dataset130,dataset1725,dataset1347
dataset2959,dataset4766,dataset9541,dataset7645
dataset1488,dataset3152,dataset1590,dataset728
dataset1084,dataset6180,dataset5758,dataset6305
dataset2981,dataset6604,dataset1194,dataset4789
dataset4112,dataset5049,dataset8276,dataset977
dataset9463,dataset7626,dataset1502,dataset5470
dataset5995,dataset2635,dataset2335,dataset9722
dataset6666,dataset1375,dataset8767,dataset5846
dataset2579,dataset1748,dataset980,dataset2666
dataset3664,dataset1367,dataset8338,dataset1941
dataset4662,dataset5265,dataset4313,dataset4572
dataset4356,dataset3238,dataset8758,dataset9122
dataset6561,dataset8938,dataset7278,dataset1467
dataset9286,dataset7140,dataset2157,dataset8691
dataset8965,dataset2525,dataset484,dataset910
dataset1408,dataset6585,dataset3401,dataset6973
dataset7213,dataset2661,dataset2349,dataset5064
dataset4362,dataset2738,dataset4282,dataset873
dataset4956,dataset3164,dataset9062,dataset2755
dataset7261,dataset591,dataset8581,dataset2321
dataset1514,dataset7247,dataset5836,dataset9876
dataset9233,dataset1219,dataset5903,dataset8890
dataset4948,dataset9536,dataset7401,dataset7557
dataset6425,dataset8713,dataset7025,dataset6459
dataset1560,dataset1614,dataset3648,dataset665
dataset5358,dataset1343,dataset2206,dataset9160
dataset9636,dataset1780,dataset7265,dataset4896
dataset2632,dataset1635,dataset3958,dataset3454
dataset5063,dataset9163,dataset2363,dataset3663
dataset3360,dataset8757,dataset9118,dataset1323
dataset1490,dataset7517,dataset3613,dataset837
dataset5271,dataset6819,dataset9083,dataset5365
dataset4049,dataset21,dataset4720,dataset4500
dataset679,dataset2228,dataset4031,dataset2422
dataset6633,dataset3373,dataset8557,dataset3559
dataset4941,dataset6249,dataset6774,dataset3438
dataset9796,dataset364,dataset4858,dataset8833
dataset6908,dataset4020,dataset6513,dataset159
dataset1295,dataset9707,dataset2644,dataset7534
dataset3439,dataset4518,dataset1386,dataset9628
dataset9433,dataset1148,dataset2824,dataset2184
dataset5845,dataset1947,dataset734,dataset7745
dataset8108,dataset9778,dataset8527,dataset5922
dataset4209,dataset6490,dataset7017,dataset9889
dataset8537,dataset2568,dataset5075,dataset6743
dataset4951,dataset6030,dataset1945,dataset321
dataset6702,dataset6642,dataset9236,dataset9317
dataset85,dataset7057,dataset195,dataset2814
dataset8575,dataset6276,dataset5497,dataset6678
dataset383,dataset8925,dataset593,dataset7478
dataset1183,dataset2375,dataset68,dataset5867
dataset3251,dataset1698,dataset5041,dataset3327
dataset6402,dataset5588,dataset5615,dataset5518
dataset9669,dataset6714,dataset5889,dataset6924
dataset1869,dataset3730,dataset3927,dataset3529
dataset2050,dataset2485,dataset5208,dataset3721
dataset5486,dataset8896,dataset3964,dataset7011
dataset5479,dataset3955,dataset1202,dataset784
dataset582,dataset1314,dataset2407,dataset5822
dataset9088,dataset783,dataset1581,dataset4511
dataset4974,dataset9285,dataset110,dataset5651
dataset2276,dataset5868,dataset6993,dataset8744
dataset288,dataset3194,dataset4094,dataset2385
dataset9667,dataset941,dataset3072,dataset3550
dataset8443,dataset8210,dataset8093,dataset9533
dataset4538,dataset277,dataset4377,dataset8376
dataset116,dataset5483,dataset3990,dataset630
dataset6810,dataset6357,dataset3685,dataset7573
dataset2556,dataset5926,dataset4262,dataset4735
dataset3612,dataset6035,dataset8707,dataset6838
dataset4396,dataset4797,dataset4194,dataset830
dataset6560,dataset8661,dataset1963,dataset4864
dataset7728,dataset2940,dataset5350,dataset7969
dataset5953,dataset6832,dataset570,dataset5262
dataset5131,dataset2154,dataset7000,dataset6673
dataset7511,dataset9841,dataset2200,dataset323
dataset5170,dataset8362,dataset3009,dataset3292
dataset712,dataset9368,dataset6021,dataset9769
dataset5816,dataset9362,dataset7844,dataset6229
dataset5511,dataset2289,dataset9217,dataset2789
