material1,material2,material3,material4
dataset8317,dataset844,dataset1645,dataset8411
dataset5098,dataset6985,dataset6083,dataset9129
dataset2131,dataset1578,dataset9187,dataset4382
dataset1028,dataset8276,dataset5384,dataset2382
dataset4017,dataset1798,dataset8706,dataset1474
dataset7371,dataset9373,dataset6193,dataset9538
dataset4023,dataset7336,dataset2339,dataset2559
dataset9339,dataset4924,dataset2841,dataset6369
dataset3547,dataset5931,dataset6897,dataset5740
dataset1743,dataset6816,dataset4419,dataset7508
dataset5480,dataset1286,dataset9833,dataset5768
dataset2602,dataset5783,dataset8574,dataset4132
dataset8188,dataset1947,dataset5117,dataset7772
dataset2462,dataset3473,dataset400,dataset3607
dataset7,dataset3128,dataset5128,dataset3380
dataset7762,dataset2560,dataset9227,dataset3871
dataset9627,dataset6882,dataset4009,dataset4100
dataset4210,dataset3077,dataset5309,dataset9703
dataset6183,dataset5906,dataset6670,dataset7176
dataset7831,dataset5817,dataset2988,dataset8879
dataset7281,dataset6307,dataset4384,dataset9203
dataset5857,dataset2724,dataset5095,dataset6263
dataset5896,dataset2317,dataset5716,dataset1435
dataset6184,dataset8747,dataset9800,dataset519
dataset9846,dataset9205,dataset7872,dataset1865
dataset8968,dataset8247,dataset4795,dataset2725
dataset7175,dataset5449,dataset1169,dataset5763
dataset3803,dataset8976,dataset9413,dataset7957
dataset2461,dataset6703,dataset6216,dataset7578
dataset4514,dataset6968,dataset9099,dataset9954
dataset1332,dataset3899,dataset1806,dataset3406
dataset1040,dataset9760,dataset7122,dataset9560
dataset4780,dataset7591,dataset3231,dataset6833
dataset6550,dataset4323,dataset1259,dataset1011
dataset9935,dataset84,dataset406,dataset202
dataset2259,dataset6665,dataset1310,dataset1804
dataset8296,dataset3230,dataset720,dataset8056
dataset5045,dataset4770,dataset7901,dataset7653
dataset2094,dataset9575,dataset7438,dataset6641
dataset8838,dataset7290,dataset5930,dataset3612
dataset8406,dataset8099,dataset9427,dataset9202
dataset3842,dataset446,dataset7618,dataset6269
dataset670,dataset309,dataset8506,dataset6862
dataset1524,dataset3657,dataset5005,dataset3290
dataset4299,dataset9683,dataset824,dataset6993
dataset428,dataset7656,dataset3368,dataset5607
dataset5343,dataset5108,dataset6435,dataset6188
dataset8941,dataset6586,dataset6178,dataset1126
dataset1129,dataset1095,dataset7817,dataset357
dataset7309,dataset3387,dataset2295,dataset9632
dataset2949,dataset402,dataset138,dataset2995
dataset8846,dataset4225,dataset617,dataset633
dataset5508,dataset4121,dataset9566,dataset9556
dataset4219,dataset799,dataset9905,dataset6721
dataset5863,dataset8257,dataset3166,dataset3085
dataset7720,dataset8293,dataset3966,dataset9169
dataset9223,dataset7184,dataset1973,dataset9690
dataset7963,dataset1255,dataset3180,dataset7496
dataset2805,dataset6363,dataset6803,dataset1641
dataset3701,dataset9091,dataset6582,dataset4191
dataset2494,dataset1747,dataset9361,dataset4488
dataset153,dataset3675,dataset5676,dataset6556
dataset3551,dataset9770,dataset624,dataset4751
dataset5370,dataset694,dataset5220,dataset4582
dataset6283,dataset986,dataset5557,dataset2958
dataset6141,dataset1566,dataset5981,dataset7343
dataset7960,dataset8239,dataset4506,dataset5116
dataset8186,dataset4692,dataset7439,dataset8323
dataset9742,dataset1877,dataset1727,dataset6869
dataset5524,dataset1735,dataset214,dataset7427
dataset8153,dataset5830,dataset6992,dataset8309
dataset6697,dataset2290,dataset2781,dataset3827
dataset4244,dataset904,dataset3443,dataset4562
dataset9406,dataset7630,dataset3684,dataset4992
dataset4426,dataset4565,dataset66,dataset8360
dataset8675,dataset7987,dataset8582,dataset3048
dataset6176,dataset943,dataset2717,dataset5715
dataset7417,dataset4352,dataset7064,dataset5790
dataset68,dataset3240,dataset7326,dataset9647
dataset4945,dataset1581,dataset3984,dataset6490
dataset2472,dataset3216,dataset1401,dataset2270
dataset7367,dataset8518,dataset7216,dataset6223
dataset6984,dataset7106,dataset2790,dataset3652
dataset2500,dataset8083,dataset4998,dataset4119
dataset7596,dataset4020,dataset5762,dataset8071
dataset4272,dataset8504,dataset3661,dataset1335
dataset920,dataset1426,dataset7303,dataset6029
dataset1172,dataset5143,dataset841,dataset5310
dataset4518,dataset4650,dataset1125,dataset2722
dataset5299,dataset7597,dataset4057,dataset85
dataset663,dataset2943,dataset8753,dataset4611
dataset842,dataset5895,dataset4261,dataset7357
dataset6146,dataset7071,dataset5067,dataset3665
dataset3579,dataset2563,dataset5597,dataset1190
dataset9291,dataset3862,dataset9002,dataset4790
dataset4949,dataset2750,dataset2255,dataset6026
dataset8989,dataset6160,dataset7928,dataset702
dataset4238,dataset5363,dataset4730,dataset8645
dataset1132,dataset9578,dataset9819,dataset5962
dataset7198,dataset9499,dataset6687,dataset9066
dataset8749,dataset8513,dataset3178,dataset7671
dataset2694,dataset6680,dataset9072,dataset4614
dataset9920,dataset6625,dataset1389,dataset2084
dataset4944,dataset8693,dataset8702,dataset7004
dataset8469,dataset1133,dataset1316,dataset8910
dataset1724,dataset9564,dataset5531,dataset7868
dataset6127,dataset6318,dataset9506,dataset1894
dataset7545,dataset3215,dataset6647,dataset6817
dataset6692,dataset5224,dataset4858,dataset7521
dataset9225,dataset2667,dataset1185,dataset3614
dataset5562,dataset2668,dataset2663,dataset4628
dataset7048,dataset4429,dataset2625,dataset8274
dataset1395,dataset5803,dataset2274,dataset821
dataset1664,dataset1780,dataset629,dataset9825
dataset8270,dataset871,dataset8939,dataset4387
dataset4184,dataset312,dataset1576,dataset7012
dataset4473,dataset1064,dataset3977,dataset4991
dataset1216,dataset664,dataset88,dataset4001
dataset4329,dataset2132,dataset9754,dataset9342
dataset5331,dataset5175,dataset9037,dataset6583
dataset51,dataset9644,dataset540,dataset4669
dataset7225,dataset908,dataset4725,dataset2652
dataset511,dataset3288,dataset1632,dataset4539
dataset4393,dataset6339,dataset1485,dataset5297
dataset8806,dataset8650,dataset6570,dataset8174
dataset6645,dataset3747,dataset452,dataset3449
dataset6711,dataset3693,dataset1079,dataset3543
dataset5626,dataset4874,dataset9467,dataset3531
dataset7003,dataset2940,dataset6515,dataset9078
dataset3585,dataset3933,dataset450,dataset8205
dataset2489,dataset1086,dataset4638,dataset5784
dataset165,dataset5072,dataset5398,dataset2047
dataset2190,dataset599,dataset6260,dataset3187
dataset5792,dataset3347,dataset6823,dataset2194
dataset4163,dataset6242,dataset9051,dataset9749
dataset7419,dataset9922,dataset2603,dataset3296
dataset2614,dataset7786,dataset6241,dataset5105
dataset8635,dataset8931,dataset6603,dataset1522
dataset888,dataset2320,dataset317,dataset5054
dataset3754,dataset3628,dataset4599,dataset2726
dataset5235,dataset2486,dataset350,dataset9854
dataset7229,dataset7706,dataset3491,dataset7738
dataset7164,dataset3332,dataset3792,dataset6682
dataset7665,dataset5991,dataset674,dataset6484
dataset3537,dataset7426,dataset3884,dataset3405
dataset3112,dataset2280,dataset4212,dataset773
dataset6709,dataset8110,dataset4220,dataset6209
dataset6887,dataset4689,dataset297,dataset3555
dataset9215,dataset1702,dataset8921,dataset2721
dataset6822,dataset3457,dataset8488,dataset1647
dataset2834,dataset3913,dataset1368,dataset9039
dataset6552,dataset1546,dataset9752,dataset1876
dataset1049,dataset4364,dataset535,dataset4457
dataset7685,dataset8828,dataset7594,dataset4500
dataset1597,dataset8880,dataset7484,dataset8756
dataset3950,dataset6063,dataset8517,dataset5586
dataset1295,dataset1223,dataset7070,dataset4933
dataset9315,dataset3465,dataset4245,dataset7407
dataset4735,dataset725,dataset3999,dataset8131
dataset409,dataset8868,dataset5795,dataset1648
dataset1758,dataset929,dataset7598,dataset717
dataset7934,dataset254,dataset9367,dataset6557
dataset9798,dataset5926,dataset3758,dataset7841
dataset4268,dataset5018,dataset8159,dataset9257
dataset2782,dataset2822,dataset23,dataset2800
dataset9166,dataset3949,dataset4936,dataset3604
dataset733,dataset6179,dataset3798,dataset1486
dataset8616,dataset2767,dataset4375,dataset7553
dataset4379,dataset3030,dataset4208,dataset6446
dataset1847,dataset2228,dataset8028,dataset1274
dataset9371,dataset8277,dataset5103,dataset4545
dataset2788,dataset9616,dataset3541,dataset1278
dataset2393,dataset3455,dataset4987,dataset3109
dataset7483,dataset2326,dataset6903,dataset570
dataset1559,dataset2065,dataset1327,dataset3926
dataset5700,dataset6001,dataset4856,dataset5834
dataset1712,dataset2268,dataset5194,dataset5610
dataset2432,dataset1030,dataset5722,dataset7675
dataset7299,dataset1451,dataset996,dataset2451
dataset7758,dataset2007,dataset782,dataset1288
dataset5827,dataset1358,dataset9576,dataset3540
dataset7112,dataset5766,dataset6149,dataset5681
dataset706,dataset9958,dataset1119,dataset2431
dataset4996,dataset5949,dataset9049,dataset4450
dataset9553,dataset9140,dataset3175,dataset3226
dataset6467,dataset7124,dataset3924,dataset3220
dataset229,dataset8355,dataset504,dataset7199
dataset8148,dataset4763,dataset1464,dataset113
dataset691,dataset291,dataset109,dataset4787
dataset6810,dataset8487,dataset952,dataset2797
dataset2359,dataset9691,dataset6288,dataset1378
dataset445,dataset8834,dataset3092,dataset3203
dataset8489,dataset5502,dataset723,dataset8106
dataset1156,dataset3452,dataset5485,dataset5041
dataset7869,dataset6097,dataset3562,dataset1659
dataset5841,dataset3211,dataset7820,dataset1960
dataset4381,dataset7077,dataset8316,dataset3316
dataset7611,dataset8659,dataset1864,dataset1827
dataset5270,dataset747,dataset7770,dataset5545
dataset8395,dataset8934,dataset7974,dataset6308
dataset9266,dataset9105,dataset6036,dataset6506
dataset2808,dataset3670,dataset4392,dataset179
dataset1007,dataset2288,dataset5085,dataset3308
dataset5767,dataset3622,dataset5777,dataset9249
dataset2122,dataset8888,dataset9750,dataset9116
dataset6843,dataset4800,dataset2117,dataset8353
dataset8167,dataset289,dataset1989,dataset6224
dataset2101,dataset9661,dataset6028,dataset4769
dataset5275,dataset8244,dataset4986,dataset9643
dataset7491,dataset2392,dataset3804,dataset6014
dataset1582,dataset3770,dataset5664,dataset1694
dataset8553,dataset715,dataset6100,dataset5509
dataset1701,dataset9531,dataset9299,dataset6278
dataset4513,dataset1883,dataset6180,dataset4205
dataset5583,dataset9286,dataset3706,dataset4313
dataset732,dataset3071,dataset9366,dataset5388
dataset2519,dataset7443,dataset2214,dataset5570
dataset5470,dataset997,dataset6811,dataset8084
dataset8914,dataset863,dataset79,dataset1828
dataset2241,dataset7197,dataset2479,dataset3392
dataset9327,dataset5581,dataset6772,dataset4377
dataset7151,dataset3699,dataset9953,dataset3873
dataset4440,dataset3026,dataset2846,dataset3168
dataset2811,dataset8461,dataset9241,dataset8892
dataset2450,dataset1832,dataset8536,dataset465
dataset36,dataset4727,dataset1220,dataset2830
dataset956,dataset9426,dataset3930,dataset1731
dataset9542,dataset7135,dataset4061,dataset8195
dataset5283,dataset801,dataset2623,dataset4573
dataset7511,dataset92,dataset6801,dataset5978
dataset9192,dataset2057,dataset5152,dataset2116
dataset2031,dataset5942,dataset6725,dataset5713
dataset7851,dataset1024,dataset3421,dataset1962
dataset487,dataset518,dataset2045,dataset4351
dataset9106,dataset5049,dataset4064,dataset4279
dataset9981,dataset607,dataset2546,dataset4324
dataset5703,dataset699,dataset4504,dataset2908
dataset4653,dataset1114,dataset6520,dataset4154
dataset7752,dataset4531,dataset364,dataset6928
dataset2373,dataset4654,dataset8945,dataset3721
dataset439,dataset3388,dataset6848,dataset1380
dataset7093,dataset9994,dataset8694,dataset8618
dataset7385,dataset5007,dataset173,dataset2378
dataset1979,dataset7323,dataset913,dataset3892
dataset3191,dataset5180,dataset361,dataset3416
dataset4412,dataset7092,dataset2838,dataset8287
dataset1580,dataset5218,dataset9377,dataset5322
dataset696,dataset1002,dataset7693,dataset4486
dataset6764,dataset5000,dataset2376,dataset8963
dataset7881,dataset1972,dataset6359,dataset7466
dataset3695,dataset9218,dataset7728,dataset7556
dataset2810,dataset4822,dataset9932,dataset5438
dataset6621,dataset8857,dataset6203,dataset6643
dataset2835,dataset9090,dataset3155,dataset2060
dataset838,dataset2686,dataset8006,dataset3929
dataset4841,dataset8870,dataset7614,dataset3376
dataset3382,dataset768,dataset1146,dataset2723
dataset9734,dataset4128,dataset4116,dataset7242
dataset7014,dataset2435,dataset5835,dataset3762
dataset2689,dataset579,dataset9615,dataset7825
dataset7582,dataset469,dataset9077,dataset5519
dataset6518,dataset1344,dataset4919,dataset3866
dataset7625,dataset1669,dataset6521,dataset780
dataset8841,dataset6916,dataset4591,dataset8856
dataset9755,dataset2909,dataset6157,dataset9160
dataset7916,dataset7948,dataset8587,dataset1862
dataset2600,dataset9885,dataset1584,dataset5217
dataset6995,dataset5964,dataset669,dataset2050
dataset3251,dataset5042,dataset7965,dataset1886
dataset9687,dataset3040,dataset9988,dataset8475
dataset8210,dataset5605,dataset7562,dataset891
dataset8191,dataset3973,dataset6804,dataset9936
dataset4237,dataset9840,dataset3260,dataset4615
dataset2651,dataset8344,dataset8496,dataset3599
dataset1195,dataset5704,dataset8139,dataset5691
dataset4670,dataset4876,dataset9267,dataset3832
dataset3135,dataset6108,dataset3705,dataset714
dataset9046,dataset4027,dataset2054,dataset1200
dataset8382,dataset7859,dataset4340,dataset4871
dataset5928,dataset1019,dataset5259,dataset3879
dataset865,dataset8578,dataset5401,dataset6891
dataset234,dataset5972,dataset5490,dataset9245
dataset5134,dataset4467,dataset3631,dataset6289
dataset4302,dataset3219,dataset4829,dataset9176
dataset5888,dataset954,dataset8789,dataset4714
dataset1713,dataset5280,dataset2890,dataset1518
dataset6820,dataset341,dataset2298,dataset8599
dataset539,dataset8459,dataset8801,dataset7658
dataset1363,dataset3111,dataset6982,dataset1817
dataset1382,dataset4260,dataset5984,dataset7988
dataset8669,dataset3893,dataset4558,dataset8695
dataset6474,dataset3314,dataset8983,dataset1810
dataset8837,dataset6672,dataset6753,dataset635
dataset6011,dataset3943,dataset6286,dataset6802
dataset6320,dataset8919,dataset5483,dataset8812
dataset2246,dataset249,dataset2505,dataset1808
dataset659,dataset9125,dataset2809,dataset8045
dataset8324,dataset1625,dataset7715,dataset2460
dataset4857,dataset4791,dataset3718,dataset6651
dataset5818,dataset6313,dataset8742,dataset1431
dataset3123,dataset97,dataset2582,dataset1554
dataset4047,dataset4149,dataset5851,dataset7801
dataset2483,dataset2096,dataset9292,dataset3435
dataset2429,dataset3167,dataset6421,dataset4928
dataset7583,dataset9120,dataset3384,dataset247
dataset5864,dataset900,dataset2749,dataset9579
dataset7647,dataset2513,dataset7130,dataset6469
dataset8681,dataset8143,dataset3374,dataset9623
dataset8322,dataset358,dataset8208,dataset5685
dataset9211,dataset1711,dataset5148,dataset8784
dataset794,dataset5833,dataset9604,dataset1117
dataset5936,dataset9234,dataset939,dataset6254
dataset3095,dataset7865,dataset4300,dataset8298
dataset6644,dataset1026,dataset924,dataset5738
dataset9539,dataset8452,dataset9025,dataset4620
dataset6191,dataset9763,dataset5679,dataset2019
dataset7976,dataset385,dataset3546,dataset2893
dataset9736,dataset3750,dataset5326,dataset9871
dataset4658,dataset5308,dataset5696,dataset1880
dataset1585,dataset1379,dataset852,dataset5412
dataset9412,dataset5667,dataset5475,dataset6834
dataset9837,dataset2565,dataset8145,dataset5009
dataset817,dataset3872,dataset4993,dataset5933
dataset2414,dataset2666,dataset2555,dataset8141
dataset2476,dataset4999,dataset2404,dataset3440
dataset2765,dataset3647,dataset3119,dataset4069
dataset8390,dataset791,dataset2490,dataset3571
dataset8043,dataset9098,dataset1774,dataset5079
dataset212,dataset5839,dataset5172,dataset4479
dataset3056,dataset3115,dataset5755,dataset3833
dataset3151,dataset1577,dataset6497,dataset7270
dataset3348,dataset3140,dataset6911,dataset967
dataset3310,dataset6162,dataset3422,dataset5086
dataset6695,dataset1454,dataset3759,dataset9617
dataset6589,dataset7599,dataset5694,dataset557
dataset6738,dataset1882,dataset2218,dataset6944
dataset9797,dataset6873,dataset5646,dataset8698
dataset8458,dataset3962,dataset9264,dataset9285
dataset8394,dataset4922,dataset9674,dataset672
dataset9801,dataset8716,dataset2155,dataset5729
dataset6706,dataset5584,dataset7244,dataset3539
dataset8533,dataset2385,dataset6807,dataset6729
dataset5844,dataset2671,dataset367,dataset9804
dataset72,dataset8822,dataset7372,dataset8069
dataset8122,dataset4263,dataset3916,dataset5982
dataset5420,dataset5708,dataset370,dataset1080
dataset3458,dataset9849,dataset8022,dataset189
dataset3001,dataset6381,dataset5195,dataset6797
dataset3286,dataset6135,dataset2840,dataset6881
dataset3953,dataset1460,dataset8291,dataset9018
dataset5769,dataset9942,dataset949,dataset8318
dataset9886,dataset3799,dataset616,dataset7200
dataset3053,dataset9497,dataset9680,dataset9963
dataset1250,dataset9764,dataset5758,dataset8996
dataset1927,dataset3775,dataset343,dataset6449
dataset7991,dataset2387,dataset1388,dataset1513
dataset9695,dataset994,dataset5142,dataset6271
dataset2013,dataset6268,dataset8583,dataset8881
dataset4950,dataset4418,dataset2449,dataset1609
dataset2083,dataset5673,dataset3305,dataset1208
dataset5316,dataset2093,dataset4633,dataset1640
dataset4343,dataset1775,dataset525,dataset9113
dataset7854,dataset8264,dataset6597,dataset5366
dataset5903,dataset8648,dataset9912,dataset1687
dataset9925,dataset9349,dataset6212,dataset4342
dataset4287,dataset8018,dataset3786,dataset1583
dataset2786,dataset522,dataset1111,dataset4055
dataset1108,dataset5474,dataset6976,dataset2621
dataset8662,dataset2857,dataset2310,dataset7604
dataset860,dataset349,dataset1127,dataset2942
dataset8232,dataset2700,dataset5575,dataset7192
dataset4388,dataset1405,dataset6601,dataset8321
dataset3934,dataset4321,dataset6169,dataset1054
dataset1913,dataset9452,dataset340,dataset1148
dataset7287,dataset8440,dataset8284,dataset427
dataset2946,dataset4860,dataset2425,dataset4495
dataset8770,dataset7785,dataset9952,dataset6231
dataset3005,dataset2475,dataset1658,dataset7993
dataset7698,dataset1541,dataset4362,dataset8666
dataset6593,dataset9532,dataset4437,dataset3336
dataset1217,dataset8350,dataset3608,dataset9918
dataset6384,dataset7615,dataset6370,dataset3174
dataset7203,dataset1067,dataset8628,dataset5666
dataset5603,dataset3365,dataset8436,dataset3483
dataset6602,dataset5190,dataset6879,dataset3471
dataset3252,dataset8591,dataset9333,dataset2262
dataset9258,dataset347,dataset3696,dataset7142
dataset7745,dataset8715,dataset1400,dataset7525
dataset9262,dataset246,dataset2328,dataset1555
dataset8555,dataset8922,dataset352,dataset3466
dataset9619,dataset9346,dataset3772,dataset7760
dataset9397,dataset1364,dataset2944,dataset1062
dataset2814,dataset4135,dataset1951,dataset7846
dataset1270,dataset7577,dataset489,dataset4084
dataset5493,dataset6114,dataset4291,dataset8362
dataset3802,dataset3189,dataset7501,dataset3061
dataset7497,dataset6623,dataset3745,dataset6043
dataset1831,dataset611,dataset3774,dataset3715
dataset8612,dataset1829,dataset2553,dataset3229
dataset483,dataset8128,dataset790,dataset2732
dataset471,dataset2939,dataset7304,dataset7930
dataset8544,dataset7645,dataset8202,dataset8184
dataset7546,dataset7248,dataset2843,dataset4451
dataset7940,dataset45,dataset9718,dataset6696
dataset3928,dataset55,dataset5753,dataset6901
dataset4848,dataset8584,dataset7773,dataset2590
dataset9949,dataset6569,dataset9021,dataset5521
dataset3887,dataset6953,dataset4355,dataset5084
dataset5876,dataset5404,dataset9867,dataset5561
dataset2629,dataset7932,dataset877,dataset726
dataset500,dataset1158,dataset3063,dataset5206
dataset3598,dataset6424,dataset966,dataset5241
dataset4543,dataset3393,dataset9776,dataset4333
dataset9181,dataset2577,dataset6460,dataset8609
dataset6496,dataset8156,dataset5997,dataset2243
dataset263,dataset5723,dataset8926,dataset5867
dataset2415,dataset8358,dataset8023,dataset5472
dataset9159,dataset9916,dataset3218,dataset1324
dataset7827,dataset7699,dataset5970,dataset5587
dataset1059,dataset7634,dataset8787,dataset4908
dataset4433,dataset8972,dataset7449,dataset2703
dataset5656,dataset1498,dataset184,dataset7790
dataset2610,dataset5215,dataset9324,dataset8537
dataset4344,dataset542,dataset4074,dataset4080
dataset4066,dataset6073,dataset1328,dataset2118
dataset1521,dataset1986,dataset1592,dataset9385
dataset1572,dataset7001,dataset8433,dataset2352
dataset8166,dataset3851,dataset632,dataset2974
dataset8104,dataset9959,dataset9188,dataset8228
dataset1500,dataset737,dataset1304,dataset2247
dataset2090,dataset8521,dataset3796,dataset6291
dataset979,dataset6060,dataset7163,dataset1695
dataset3791,dataset2881,dataset4980,dataset930
dataset1170,dataset3274,dataset3193,dataset3957
dataset2089,dataset8671,dataset2439,dataset2144
dataset5596,dataset4784,dataset6966,dataset4185
dataset313,dataset9221,dataset3221,dataset5824
dataset5544,dataset2151,dataset5186,dataset1325
dataset1984,dataset5212,dataset148,dataset1974
dataset275,dataset2569,dataset9688,dataset5965
dataset3098,dataset1909,dataset2544,dataset9859
dataset9577,dataset9130,dataset851,dataset7252
dataset4510,dataset2791,dataset7041,dataset6736
dataset2910,dataset1193,dataset7157,dataset3743
dataset2743,dataset6905,dataset1833,dataset4040
dataset5413,dataset5637,dataset8735,dataset5065
dataset3682,dataset5781,dataset3304,dataset8230
dataset6727,dataset1164,dataset4680,dataset5138
dataset2868,dataset9255,dataset5348,dataset5273
dataset3254,dataset9006,dataset2957,dataset2316
dataset6837,dataset5315,dataset9301,dataset5858
dataset3055,dataset7436,dataset9667,dataset2980
dataset9462,dataset5553,dataset571,dataset5230
dataset8696,dataset1297,dataset3334,dataset7551
dataset9931,dataset2081,dataset4844,dataset172
dataset4041,dataset3965,dataset7524,dataset1814
dataset1165,dataset9017,dataset9340,dataset4881
dataset1843,dataset1666,dataset3603,dataset8782
dataset2731,dataset25,dataset6452,dataset2784
dataset3729,dataset7815,dataset3538,dataset8357
dataset2245,dataset8169,dataset9548,dataset1534
dataset8272,dataset6315,dataset6069,dataset4407
dataset8961,dataset1591,dataset6886,dataset4639
dataset1199,dataset168,dataset1445,dataset1511
dataset8479,dataset2578,dataset8733,dataset5826
dataset5682,dataset7547,dataset8059,dataset9702
dataset3139,dataset7352,dataset6760,dataset6577
dataset5021,dataset7502,dataset1248,dataset4530
dataset3708,dataset6401,dataset8209,dataset9155
dataset3626,dataset2624,dataset114,dataset1413
dataset7813,dataset925,dataset5752,dataset5886
dataset9053,dataset804,dataset9853,dataset2303
dataset3590,dataset5956,dataset7141,dataset4777
dataset9415,dataset980,dataset7703,dataset82
dataset7260,dataset6275,dataset1982,dataset1258
dataset4468,dataset4631,dataset584,dataset3690
dataset4852,dataset8235,dataset449,dataset6981
dataset9374,dataset1407,dataset8282,dataset2880
dataset5569,dataset7722,dataset2561,dataset8924
dataset6832,dataset9883,dataset3459,dataset3364
dataset8573,dataset2928,dataset4576,dataset4698
dataset6448,dataset1912,dataset6973,dataset9008
dataset7415,dataset5446,dataset8551,dataset1455
dataset1857,dataset9450,dataset5342,dataset2815
dataset7912,dataset7377,dataset5908,dataset6776
dataset1042,dataset6553,dataset3385,dataset3939
dataset7636,dataset5113,dataset7185,dataset8950
dataset5166,dataset4752,dataset9699,dataset1870
dataset4651,dataset8054,dataset8734,dataset6405
dataset7697,dataset4077,dataset7193,dataset3354
dataset7441,dataset8009,dataset499,dataset6436
dataset4782,dataset5225,dataset2803,dataset4470
dataset1383,dataset7657,dataset5332,dataset2764
dataset207,dataset4705,dataset8751,dataset1811
dataset6032,dataset2034,dataset3815,dataset8653
dataset4081,dataset6704,dataset4011,dataset1236
dataset4619,dataset8830,dataset6528,dataset5525
dataset1570,dataset5292,dataset5200,dataset5359
dataset5453,dataset3198,dataset7026,dataset7008
dataset5687,dataset6548,dataset3875,dataset1803
dataset7217,dataset6453,dataset6382,dataset488
dataset3134,dataset9501,dataset2887,dataset4801
dataset640,dataset4575,dataset6213,dataset6037
dataset8605,dataset2574,dataset3936,dataset9666
dataset6632,dataset5403,dataset5376,dataset278
dataset5601,dataset9419,dataset3188,dataset3987
dataset3438,dataset5462,dataset4098,dataset6025
dataset6399,dataset4749,dataset4296,dataset5207
dataset8738,dataset5789,dataset8193,dataset6575
dataset9087,dataset4960,dataset2049,dataset928
dataset7156,dataset6994,dataset1103,dataset9808
dataset1343,dataset2184,dataset286,dataset6395
dataset6605,dataset4242,dataset2137,dataset1684
dataset4222,dataset2422,dataset65,dataset6752
dataset6310,dataset6479,dataset6347,dataset9064
dataset1285,dataset7584,dataset7949,dataset6123
dataset2818,dataset6629,dataset1965,dataset2702
dataset3495,dataset8000,dataset9830,dataset4956
dataset386,dataset9490,dataset1063,dataset7027
dataset4336,dataset2478,dataset2862,dataset5889
dataset5257,dataset4696,dataset4726,dataset9727
dataset8712,dataset1089,dataset6284,dataset4793
dataset490,dataset7802,dataset8520,dataset2394
dataset2077,dataset441,dataset7236,dataset8378
dataset4048,dataset5003,dataset1403,dataset6504
dataset3663,dataset1471,dataset44,dataset5265
dataset7507,dataset7013,dataset9748,dataset2886
dataset1420,dataset8124,dataset829,dataset800
dataset2989,dataset7883,dataset9445,dataset7823
dataset4214,dataset7153,dataset515,dataset4580
dataset3013,dataset3517,dataset9325,dataset9510
dataset5668,dataset2176,dataset58,dataset2225
dataset2534,dataset4663,dataset9937,dataset7845
dataset1091,dataset8476,dataset5096,dataset7890
dataset5048,dataset6376,dataset4982,dataset2897
dataset2820,dataset9861,dataset8641,dataset7779
dataset9850,dataset4827,dataset3587,dataset6759
dataset3779,dataset8719,dataset1493,dataset7100
dataset7187,dataset5959,dataset6492,dataset3979
dataset8593,dataset4511,dataset8446,dataset1154
dataset3043,dataset7661,dataset1187,dataset7155
dataset914,dataset3350,dataset2653,dataset7376
dataset2948,dataset5136,dataset8262,dataset6062
dataset6840,dataset2543,dataset2601,dataset4688
dataset983,dataset6702,dataset9975,dataset2409
dataset5151,dataset8482,dataset4120,dataset6042
dataset5828,dataset281,dataset7920,dataset9399
dataset6218,dataset1254,dataset4280,dataset4448
dataset1568,dataset5184,dataset5336,dataset6098
dataset1926,dataset6168,dataset1849,dataset8077
dataset885,dataset5176,dataset1197,dataset4325
dataset9281,dataset9991,dataset5973,dataset2044
dataset5423,dataset1048,dataset6584,dataset2701
dataset1895,dataset5167,dataset8748,dataset156
dataset567,dataset2264,dataset3412,dataset1246
dataset665,dataset1317,dataset146,dataset5946
dataset6762,dataset9141,dataset4251,dataset1533
dataset2751,dataset2620,dataset3552,dataset637
dataset2088,dataset1415,dataset3116,dataset3487
dataset5246,dataset1014,dataset8776,dataset6121
dataset9670,dataset4994,dataset1838,dataset1787
dataset2127,dataset7510,dataset869,dataset1350
dataset4606,dataset4270,dataset4748,dataset6220
dataset129,dataset8486,dataset3711,dataset876
dataset4601,dataset1322,dataset3567,dataset5033
dataset2875,dataset2222,dataset985,dataset3322
dataset9976,dataset1139,dataset5665,dataset2302
dataset9354,dataset2078,dataset3654,dataset5829
dataset2836,dataset2795,dataset836,dataset8711
dataset9351,dataset4489,dataset1300,dataset7879
dataset8462,dataset8516,dataset8376,dataset9967
dataset9100,dataset4303,dataset2367,dataset175
dataset7241,dataset1980,dataset2178,dataset3050
dataset3640,dataset4869,dataset6323,dataset1763
dataset7623,dataset8874,dataset5252,dataset9773
dataset2027,dataset4821,dataset106,dataset7833
dataset8126,dataset6092,dataset8852,dataset6828
dataset3456,dataset9466,dataset2028,dataset430
dataset215,dataset5606,dataset8161,dataset227
dataset7650,dataset4684,dataset1494,dataset4859
dataset8214,dataset1954,dataset139,dataset559
dataset3448,dataset6742,dataset9541,dataset2907
dataset4895,dataset5489,dataset8388,dataset1907
dataset9621,dataset8576,dataset993,dataset4147
dataset7915,dataset4356,dataset4095,dataset7414
dataset6952,dataset4659,dataset7394,dataset5538
dataset5305,dataset2058,dataset548,dataset3643
dataset923,dataset5260,dataset9987,dataset8750
dataset1283,dataset8918,dataset7152,dataset7061
dataset7592,dataset6768,dataset8429,dataset1607
dataset9391,dataset9151,dataset9094,dataset1487
dataset5635,dataset1331,dataset4728,dataset5522
dataset3925,dataset7718,dataset8840,dataset7057
dataset9111,dataset6908,dataset454,dataset9651
dataset3824,dataset5126,dataset3659,dataset7344
dataset7319,dataset5917,dataset2827,dataset3885
dataset8962,dataset7464,dataset8630,dataset7873
dataset2140,dataset1384,dataset5761,dataset1205
dataset7487,dataset7206,dataset2760,dataset1595
dataset4004,dataset5029,dataset2981,dataset8359
dataset1988,dataset6872,dataset157,dataset7999
dataset3177,dataset8707,dataset6733,dataset4564
dataset7294,dataset1768,dataset3565,dataset7836
dataset1314,dataset3358,dataset5732,dataset9899
dataset9380,dataset4278,dataset2742,dataset2955
dataset4166,dataset5411,dataset2855,dataset1872
dataset9059,dataset307,dataset4554,dataset897
dataset1624,dataset4168,dataset3964,dataset2418
dataset1690,dataset3809,dataset5132,dataset7563
dataset4523,dataset1985,dataset6442,dataset675
dataset4819,dataset8140,dataset8502,dataset7117
dataset2257,dataset9282,dataset4110,dataset793
dataset5295,dataset5024,dataset2273,dataset5386
dataset8250,dataset859,dataset8814,dataset8602
dataset8046,dataset3294,dataset6941,dataset1616
dataset7382,dataset2331,dataset2888,dataset3183
dataset9459,dataset7759,dataset3746,dataset8902
dataset4718,dataset645,dataset2566,dataset1342
dataset4307,dataset8572,dataset5816,dataset6250
dataset5255,dataset2029,dataset8467,dataset4133
dataset562,dataset6239,dataset4555,dataset589
dataset3370,dataset2892,dataset3253,dataset6392
dataset9677,dataset5124,dataset6357,dataset4541
dataset7171,dataset2135,dataset5450,dataset739
dataset7705,dataset7880,dataset8660,dataset9088
dataset6806,dataset8615,dataset457,dataset9761
dataset6301,dataset9014,dataset9790,dataset3941
dataset8249,dataset1245,dataset7886,dataset5278
dataset3373,dataset4016,dataset440,dataset4395
dataset3041,dataset2771,dataset6598,dataset6950
dataset262,dataset6746,dataset5431,dataset6722
dataset1799,dataset9573,dataset7731,dataset8800
dataset1100,dataset2330,dataset1575,dataset4507
dataset8843,dataset3618,dataset4014,dataset9379
dataset2104,dataset5163,dataset3182,dataset6745
dataset2129,dataset47,dataset8289,dataset6253
dataset8658,dataset2848,dataset4428,dataset3563
dataset5311,dataset879,dataset1188,dataset4269
dataset7348,dataset1160,dataset992,dataset5797
dataset8547,dataset7867,dataset2641,dataset7356
dataset127,dataset2141,dataset3834,dataset5999
dataset6713,dataset6329,dataset1266,dataset8130
dataset2103,dataset686,dataset74,dataset9407
dataset4593,dataset1144,dataset9417,dataset4202
dataset426,dataset3145,dataset853,dataset6635
dataset4176,dataset2763,dataset1918,dataset9026
dataset3326,dataset9430,dataset883,dataset4285
dataset7742,dataset3528,dataset2523,dataset484
dataset9019,dataset9036,dataset3679,dataset9712
dataset4435,dataset2967,dataset3526,dataset6708
dataset9526,dataset8004,dataset6201,dataset8798
dataset6690,dataset7461,dataset5032,dataset4420
dataset741,dataset7937,dataset7764,dataset4130
dataset5268,dataset9144,dataset7843,dataset9219
dataset685,dataset5341,dataset6259,dataset7011
dataset2796,dataset4453,dataset1122,dataset724
dataset3394,dataset4445,dataset9414,dataset2551
dataset8552,dataset1941,dataset7140,dataset6053
dataset2354,dataset3752,dataset1663,dataset2121
dataset6234,dataset2527,dataset3133,dataset9805
dataset6335,dataset4865,dataset3821,dataset8947
dataset8439,dataset5939,dataset9928,dataset1603
dataset5517,dataset5123,dataset5850,dataset857
dataset8528,dataset4918,dataset7649,dataset171
dataset6404,dataset7887,dataset7314,dataset578
dataset4537,dataset7284,dataset7400,dataset5347
dataset9376,dataset5318,dataset2125,dataset2168
dataset1794,dataset4091,dataset1376,dataset397
dataset1043,dataset7567,dataset6539,dataset6689
dataset9256,dataset4909,dataset9906,dataset7651
dataset17,dataset2484,dataset9368,dataset4760
dataset4230,dataset9163,dataset6509,dataset6457
dataset8697,dataset6900,dataset210,dataset2423
dataset5941,dataset9969,dataset2111,dataset8495
dataset2421,dataset5677,dataset7789,dataset2704
dataset1990,dataset8206,dataset2885,dataset5263
dataset6581,dataset8865,dataset9592,dataset3338
dataset1928,dataset3513,dataset2898,dataset8420
dataset7215,dataset5435,dataset1692,dataset9168
dataset9138,dataset4925,dataset3233,dataset3037
dataset6910,dataset5364,dataset7694,dataset1390
dataset6805,dataset6893,dataset9891,dataset693
dataset2626,dataset4797,dataset6423,dataset4113
dataset1675,dataset2520,dataset4657,dataset845
dataset8254,dataset3704,dataset4664,dataset3760
dataset8226,dataset3993,dataset3515,dataset1977
dataset8127,dataset9974,dataset8704,dataset1352
dataset516,dataset6142,dataset2635,dataset9001
dataset9882,dataset2634,dataset1902,dataset9107
dataset1646,dataset5161,dataset2443,dataset5247
dataset8182,dataset1613,dataset8613,dataset3044
dataset4039,dataset9474,dataset9447,dataset8097
dataset3464,dataset4899,dataset9338,dataset4571
dataset7520,dataset5465,dataset5747,dataset9206
dataset3558,dataset1630,dataset8795,dataset2402
dataset3620,dataset5878,dataset7643,dataset9529
dataset2109,dataset1168,dataset1671,dataset5187
dataset5706,dataset1032,dataset7927,dataset701
dataset8538,dataset2424,dataset6048,dataset7822
dataset7855,dataset8079,dataset4743,dataset9388
dataset1795,dataset4224,dataset6800,dataset108
dataset6751,dataset8157,dataset5397,dataset7442
dataset7138,dataset2762,dataset5894,dataset2959
dataset2199,dataset798,dataset4694,dataset6686
dataset718,dataset2397,dataset4262,dataset3650
dataset8312,dataset9775,dataset8781,dataset9369
dataset2147,dataset3773,dataset9933,dataset2260
dataset9574,dataset5233,dataset7751,dataset270
dataset8956,dataset1547,dataset9250,dataset3897
dataset9746,dataset9189,dataset1772,dataset6117
dataset126,dataset8041,dataset5780,dataset1614
dataset3554,dataset2845,dataset1593,dataset4756
dataset7894,dataset697,dataset4266,dataset5249
dataset9425,dataset2005,dataset2720,dataset6426
dataset8912,dataset29,dataset2282,dataset2883
dataset2571,dataset3267,dataset3691,dataset4239
dataset5918,dataset698,dataset2756,dataset613
dataset2716,dataset9724,dataset7413,dataset374
dataset6044,dataset5791,dataset2911,dataset2452
dataset2410,dataset7183,dataset8221,dataset5709
dataset9075,dataset5552,dataset5898,dataset7090
dataset6281,dataset7973,dataset1997,dataset6010
dataset9177,dataset2521,dataset8731,dataset130
dataset7457,dataset3935,dataset7073,dataset5595
dataset6967,dataset1443,dataset8725,dataset8308
dataset1958,dataset9248,dataset9996,dataset2220
dataset2342,dataset868,dataset3902,dataset2139
dataset5097,dataset1548,dataset2982,dataset2024
dataset728,dataset545,dataset8087,dataset8450
dataset1728,dataset1558,dataset8015,dataset1406
dataset7755,dataset5060,dataset3522,dataset1151
dataset7272,dataset2502,dataset6019,dataset4273
dataset8294,dataset808,dataset7824,dataset6267
dataset7741,dataset2978,dataset8558,dataset1244
dataset5593,dataset1057,dataset5387,dataset9595
dataset722,dataset4394,dataset2799,dataset2605
dataset6977,dataset2637,dataset1975,dataset5422
dataset4569,dataset1452,dataset8168,dataset7996
dataset8627,dataset4372,dataset1637,dataset1788
dataset1346,dataset3445,dataset3199,dataset3534
dataset5743,dataset1313,dataset3869,dataset6821
dataset7479,dataset3147,dataset6633,dataset7532
dataset5345,dataset8600,dataset7700,dataset4062
dataset5087,dataset2197,dataset2687,dataset1078
dataset3844,dataset9442,dataset1118,dataset8503
dataset4761,dataset9915,dataset3857,dataset7829
dataset9793,dataset2963,dataset8236,dataset1506
dataset8098,dataset4566,dataset2554,dataset7637
dataset1123,dataset3353,dataset9960,dataset3136
dataset5689,dataset3460,dataset7581,dataset4101
dataset8606,dataset1557,dataset3763,dataset1084
dataset1835,dataset5008,dataset550,dataset5617
dataset7390,dataset9311,dataset4053,dataset6756
dataset6946,dataset2878,dataset9771,dataset987
dataset1207,dataset9231,dataset3593,dataset1449
dataset5437,dataset5137,dataset8410,dataset2308
dataset328,dataset8563,dataset1060,dataset5739
dataset5076,dataset2976,dataset6379,dataset9716
dataset3029,dataset1465,dataset6094,dataset4590
dataset8242,dataset1264,dataset9844,dataset3
dataset7947,dataset1277,dataset5279,dataset8842
dataset5772,dataset2552,dataset3306,dataset8133
dataset3600,dataset1099,dataset9322,dataset5285
dataset5210,dataset3206,dataset5804,dataset5935
dataset9857,dataset3906,dataset3502,dataset9471
dataset7271,dataset48,dataset2977,dataset2919
dataset4704,dataset4107,dataset4700,dataset4989
dataset2867,dataset8109,dataset3583,dataset6532
dataset3383,dataset8768,dataset375,dataset7243
dataset4330,dataset2931,dataset2785,dataset187
dataset2747,dataset342,dataset9469,dataset9753
dataset363,dataset9865,dataset8512,dataset6793
dataset9011,dataset8368,dataset3741,dataset1152
dataset4391,dataset9280,dataset745,dataset443
dataset6649,dataset4542,dataset1109,dataset8194
dataset2279,dataset2041,dataset5541,dataset4577
dataset8414,dataset1689,dataset5191,dataset33
dataset7723,dataset530,dataset6660,dataset7673
dataset6331,dataset7806,dataset6139,dataset1510
dataset5746,dataset3339,dataset803,dataset405
dataset9317,dataset107,dataset1312,dataset6939
dataset4579,dataset1318,dataset1436,dataset7226
dataset9772,dataset1653,dataset8449,dataset7633
dataset8556,dataset145,dataset7909,dataset6494
dataset8835,dataset1867,dataset4483,dataset3781
dataset9093,dataset4556,dataset3283,dataset2098
dataset1793,dataset8351,dataset4304,dataset2960
dataset7540,dataset6326,dataset3444,dataset7876
dataset8714,dataset2592,dataset9562,dataset3907
dataset7024,dataset627,dataset4885,dataset4553
dataset5324,dataset7794,dataset3156,dataset5929
dataset9200,dataset9785,dataset8565,dataset8990
dataset2035,dataset2860,dataset4587,dataset7548
dataset9869,dataset8646,dataset1776,dataset3577
dataset3196,dataset8076,dataset955,dataset467
dataset7536,dataset4335,dataset4612,dataset1729
dataset5371,dataset8163,dataset8788,dataset4608
dataset3674,dataset9597,dataset3710,dataset7204
dataset9631,dataset6859,dataset4082,dataset839
dataset2636,dataset9856,dataset6071,dataset9364
dataset2485,dataset28,dataset5014,dataset5094
dataset3559,dataset6362,dataset7189,dataset1636
dataset1639,dataset3075,dataset9609,dataset9944
dataset9405,dataset971,dataset6546,dataset7646
dataset6194,dataset9860,dataset7322,dataset6470
dataset2161,dataset2016,dataset9022,dataset9580
dataset4090,dataset847,dataset7170,dataset5961
dataset9020,dataset2920,dataset1130,dataset1025
dataset8473,dataset4383,dataset2332,dataset4138
dataset5494,dataset6013,dataset7023,dataset1667
dataset8670,dataset32,dataset7793,dataset7010
dataset8608,dataset4118,dataset9678,dataset7391
dataset4025,dataset8651,dataset7878,dataset6730
dataset8073,dataset2783,dataset959,dataset8361
dataset989,dataset4455,dataset6536,dataset882
dataset1723,dataset3060,dataset4124,dataset9582
dataset2272,dataset4404,dataset9584,dataset8151
dataset2829,dataset6274,dataset2580,dataset389
dataset9852,dataset8911,dataset8100,dataset6884
dataset9512,dataset9128,dataset7811,dataset4527
dataset7935,dataset8775,dataset551,dataset8014
dataset9884,dataset4683,dataset4051,dataset5800
dataset867,dataset1071,dataset4709,dataset7101
dataset2819,dataset5614,dataset6554,dataset8238
dataset7771,dataset9095,dataset8549,dataset9533
dataset8832,dataset4873,dataset8585,dataset9780
dataset9948,dataset5461,dataset4655,dataset1968
dataset5749,dataset9927,dataset4546,dataset1427
dataset4660,dataset5969,dataset8932,dataset6558
dataset54,dataset2344,dataset8626,dataset9104
dataset9244,dataset8774,dataset3318,dataset194
dataset4630,dataset2368,dataset1138,dataset6394
dataset8821,dataset7603,dataset2918,dataset3564
dataset9888,dataset4816,dataset3596,dataset3342
dataset521,dataset5612,dataset5232,dataset4886
dataset2707,dataset239,dataset5735,dataset1442
dataset4897,dataset7922,dataset1218,dataset9204
dataset3671,dataset7680,dataset1489,dataset767
dataset9293,dataset6956,dataset2608,dataset387
dataset8356,dataset5714,dataset3568,dataset534
dataset4759,dataset8471,dataset3805,dataset5794
dataset6794,dataset2224,dataset4853,dataset5540
dataset7585,dataset3007,dataset6165,dataset5125
dataset8484,dataset622,dataset5056,dataset541
dataset6785,dataset8374,dataset188,dataset3988
dataset4607,dataset9460,dataset5678,dataset4690
dataset1606,dataset8494,dataset5022,dataset5068
dataset8878,dataset1046,dataset9730,dataset1261
dataset50,dataset5707,dataset6105,dataset8297
dataset8196,dataset7844,dataset3830,dataset3828
dataset7108,dataset5971,dataset4146,dataset6155
dataset8531,dataset1943,dataset5373,dataset676
dataset7997,dataset8727,dataset8701,dataset6196
dataset5848,dataset1823,dataset1778,dataset3158
dataset7220,dataset8529,dataset7967,dataset3519
dataset3244,dataset4115,dataset8736,dataset2456
dataset6207,dataset7769,dataset5074,dataset8743
dataset6999,dataset9672,dataset7902,dataset3450
dataset9217,dataset1004,dataset1920,dataset7980
dataset4360,dataset4811,dataset765,dataset5872
dataset6427,dataset4177,dataset3262,dataset7179
dataset9612,dataset4971,dataset5002,dataset3503
dataset9005,dataset4317,dataset9341,dataset1868
dataset7744,dataset1813,dataset4585,dataset4805
dataset7174,dataset8631,dataset7191,dataset9828
dataset4757,dataset8746,dataset1665,dataset1899
dataset512,dataset7181,dataset9272,dataset4370
dataset6814,dataset5306,dataset7022,dataset2913
dataset7648,dataset4887,dataset1287,dataset8115
dataset1432,dataset5130,dataset2133,dataset9418
dataset186,dataset3132,dataset598,dataset4528
dataset5414,dataset9310,dataset2573,dataset5615
dataset4649,dataset9786,dataset7627,dataset7897
dataset6085,dataset2198,dataset302,dataset1372
dataset4459,dataset9722,dataset5897,dataset7297
dataset269,dataset8509,dataset7864,dataset5717
dataset2945,dataset3157,dataset5548,dataset5535
dataset2987,dataset6022,dataset8998,dataset4368
dataset880,dataset6228,dataset4766,dataset2441
dataset4520,dataset5026,dataset5365,dataset4032
dataset4775,dataset468,dataset5203,dataset8700
dataset5592,dataset1375,dataset6428,dataset5854
dataset6353,dataset2541,dataset7261,dataset237
dataset8527,dataset8171,dataset318,dataset5392
dataset5459,dataset9481,dataset2292,dataset8204
dataset2817,dataset9408,dataset719,dataset3268
dataset220,dataset4772,dataset3868,dataset2015
dataset3184,dataset5756,dataset6070,dataset8049
dataset1948,dataset1073,dataset2833,dataset646
dataset2770,dataset1093,dataset7672,dataset8873
dataset4875,dataset3104,dataset1563,dataset3644
dataset5613,dataset5641,dataset3481,dataset3968
dataset4283,dataset858,dataset1790,dataset9594
dataset5530,dataset7339,dataset2679,dataset6351
dataset5070,dataset6937,dataset2143,dataset8437
dataset7660,dataset775,dataset3300,dataset5719
dataset4079,dataset6614,dataset7716,dataset2492
dataset6195,dataset4512,dataset8364,dataset593
dataset6517,dataset492,dataset424,dataset9863
dataset7074,dataset6503,dataset977,dataset3678
dataset4583,dataset4441,dataset6619,dataset7213
dataset6398,dataset1904,dataset6860,dataset2856
dataset2372,dataset6655,dataset6784,dataset4007
dataset8577,dataset2284,dataset3521,dataset2975
dataset238,dataset5608,dataset7086,dataset4634
dataset3581,dataset9498,dataset288,dataset9896
dataset6400,dataset7266,dataset5751,dataset6507
dataset5266,dataset2413,dataset9567,dataset1206
dataset6459,dataset8155,dataset3462,dataset5198
dataset5231,dataset3856,dataset3589,dataset932
dataset1963,dataset1710,dataset9909,dataset2039
dataset3793,dataset8129,dataset3049,dataset2588
dataset4845,dataset3486,dataset5156,dataset3315
dataset6257,dataset951,dataset9492,dataset4065
dataset3789,dataset3143,dataset628,dataset3948
dataset6538,dataset614,dataset5881,dataset3411
dataset4369,dataset8804,dataset1189,dataset4708
dataset9478,dataset4186,dataset8013,dataset5503
dataset5243,dataset2102,dataset9061,dataset3553
dataset9359,dataset2158,dataset1933,dataset8887
dataset8165,dataset2570,dataset3709,dataset3653
dataset3323,dataset5683,dataset5058,dataset7035
dataset1834,dataset2343,dataset2879,dataset8960
dataset9707,dataset6562,dataset5061,dataset7463
dataset3974,dataset7114,dataset1635,dataset1994
dataset4603,dataset5407,dataset4616,dataset4281
dataset749,dataset6947,dataset9424,dataset3302
dataset8251,dataset115,dataset5629,dataset177
dataset4338,dataset4706,dataset6349,dataset7246
dataset6208,dataset4889,dataset7075,dataset4503
dataset1141,dataset5649,dataset6374,dataset2379
dataset6573,dataset3795,dataset7538,dataset7860
dataset6409,dataset5405,dataset6996,dataset1983
dataset5154,dataset1781,dataset9816,dataset8248
dataset7333,dataset1760,dataset5992,dataset8745
dataset2291,dataset7468,dataset3859,dataset5145
dataset1173,dataset8288,dataset5810,dataset630
dataset1608,dataset8505,dataset435,dataset5960
dataset368,dataset8836,dataset7839,dataset4798
dataset6576,dataset8656,dataset9320,dataset5071
dataset6380,dataset4902,dataset4866,dataset2619
dataset403,dataset5377,dataset498,dataset7046
dataset6018,dataset5301,dataset4916,dataset472
dataset7849,dataset6883,dataset1440,dataset5440
dataset2391,dataset2216,dataset6024,dataset9071
dataset7235,dataset4058,dataset15,dataset8147
dataset5688,dataset6407,dataset5556,dataset4713
dataset8644,dataset1762,dataset2356,dataset3408
dataset861,dataset6229,dataset5924,dataset2315
dataset536,dataset2062,dataset1627,dataset455
dataset8348,dataset9660,dataset8710,dataset9236
dataset8665,dataset1855,dataset9503,dataset9810
dataset3783,dataset9971,dataset2213,dataset4632
dataset8392,dataset6058,dataset5443,dataset8380
dataset6200,dataset3114,dataset5044,dataset1448
dataset1859,dataset9505,dataset1334,dataset2480
dataset655,dataset3293,dataset4346,dataset8825
dataset3389,dataset8370,dataset5127,dataset4712
dataset6591,dataset7059,dataset2146,dataset9143
dataset2773,dataset6829,dataset4529,dataset2774
dataset63,dataset8199,dataset8456,dataset3981
dataset7042,dataset8975,dataset8629,dataset944
dataset554,dataset4216,dataset6997,dataset4471
dataset242,dataset1392,dataset7288,dataset2
dataset2263,dataset4641,dataset5294,dataset6144
dataset9079,dataset1981,dataset6918,dataset4872
dataset7005,dataset8290,dataset6090,dataset7424
dataset1260,dataset6671,dataset5712,dataset1815
dataset2309,dataset1530,dataset8268,dataset9824
dataset7504,dataset7007,dataset6673,dataset5293
dataset5860,dataset7495,dataset4365,dataset6964
dataset8349,dataset8,dataset4499,dataset7028
dataset5742,dataset103,dataset2481,dataset736
dataset4188,dataset5516,dataset778,dataset786
dataset1166,dataset529,dataset2018,dataset1704
dataset3751,dataset6295,dataset2581,dataset1992
dataset5996,dataset4054,dataset4161,dataset7981
dataset9822,dataset1679,dataset1759,dataset2235
dataset2542,dataset1930,dataset3273,dataset9472
dataset8158,dataset4438,dataset2655,dataset8048
dataset6663,dataset4461,dataset5396,dataset4716
dataset2507,dataset3363,dataset5083,dataset7307
dataset261,dataset2984,dataset583,dataset1691
dataset1087,dataset7195,dataset9152,dataset2528
dataset5815,dataset7329,dataset8457,dataset3088
dataset6095,dataset2134,dataset7642,dataset881
dataset6962,dataset6734,dataset8343,dataset3669
dataset4588,dataset9457,dataset1715,dataset4289
dataset3493,dataset3472,dataset8055,dataset9715
dataset4331,dataset2691,dataset98,dataset8335
dataset4626,dataset5059,dataset5594,dataset8367
dataset1439,dataset5567,dataset5468,dataset2821
dataset2861,dataset4357,dataset8649,dataset1291
dataset5748,dataset7608,dataset8419,dataset3337
dataset5354,dataset1836,dataset8463,dataset8754
dataset325,dataset9401,dataset7640,dataset1552
dataset339,dataset1463,dataset680,dataset5520
dataset7481,dataset9818,dataset2086,dataset1408
dataset4022,dataset2293,dataset3010,dataset602
dataset610,dataset3744,dataset4762,dataset2430
dataset3047,dataset299,dataset1830,dataset4977
dataset8757,dataset9226,dataset5882,dataset3680
dataset3142,dataset5537,dataset7285,dataset293
dataset4096,dataset1594,dataset4927,dataset2547
dataset8510,dataset5457,dataset9384,dataset78
dataset9982,dataset9598,dataset3423,dataset7761
dataset927,dataset4157,dataset5980,dataset7330
dataset6961,dataset265,dataset9199,dataset7654
dataset4596,dataset7150,dataset6915,dataset2067
dataset5129,dataset9637,dataset7921,dataset1143
dataset5452,dataset280,dataset2739,dataset2512
dataset8723,dataset2037,dataset4717,dataset3891
dataset4204,dataset7962,dataset1744,dataset6935
dataset2304,dataset5808,dataset9372,dataset4306
dataset678,dataset7383,dataset6482,dataset9709
dataset7964,dataset4934,dataset6047,dataset2193
dataset8021,dataset5754,dataset8703,dataset2950
dataset1302,dataset5549,dataset8849,dataset5855
dataset766,dataset3205,dataset3688,dataset5770
dataset9207,dataset3171,dataset8302,dataset5484
dataset2383,dataset5974,dataset8190,dataset642
dataset3064,dataset1654,dataset6799,dataset3846
dataset4402,dataset5464,dataset5975,dataset945
dataset9970,dataset456,dataset5976,dataset7610
dataset1016,dataset2341,dataset9304,dataset1056
dataset5052,dataset7133,dataset8595,dataset9522
dataset4175,dataset67,dataset1842,dataset970
dataset7095,dataset2172,dataset3346,dataset346
dataset8454,dataset6927,dataset4652,dataset1417
dataset2323,dataset8261,dataset547,dataset6107
dataset8223,dataset2114,dataset4071,dataset4914
dataset4864,dataset3960,dataset8898,dataset6930
dataset8375,dataset1826,dataset7926,dataset6215
dataset8847,dataset8172,dataset9608,dataset3870
dataset53,dataset5434,dataset5023,dataset4129
dataset5139,dataset3437,dataset4656,dataset9458
dataset8713,dataset377,dataset4548,dataset5486
dataset1475,dataset2080,dataset3967,dataset7874
dataset7389,dataset7620,dataset1777,dataset4604
dataset5473,dataset7422,dataset2979,dataset1844
dataset9903,dataset2900,dataset9713,dataset7961
dataset8211,dataset7033,dataset6516,dataset6081
dataset4806,dataset8883,dataset4117,dataset4411
dataset7986,dataset5477,dataset9940,dataset7534
dataset746,dataset1437,dataset3329,dataset3025
dataset76,dataset2872,dataset2662,dataset7121
dataset3021,dataset9263,dataset4431,dataset1991
dataset7335,dataset5112,dataset5144,dataset1602
dataset6620,dataset2458,dataset2285,dataset2055
dataset2932,dataset7900,dataset1214,dataset3611
dataset4915,dataset1589,dataset7736,dataset7340
dataset5846,dataset330,dataset1642,dataset3089
dataset7561,dataset6327,dataset7891,dataset7361
dataset7353,dataset8988,dataset586,dataset5349
dataset783,dataset4250,dataset650,dataset9288
dataset1999,dataset7692,dataset6890,dataset1269
dataset9831,dataset5199,dataset8508,dataset18
dataset7081,dataset3638,dataset4755,dataset2777
dataset9089,dataset6658,dataset8434,dataset7539
dataset3992,dataset5497,dataset3535,dataset2240
dataset117,dataset7972,dataset7128,dataset16
dataset6412,dataset5806,dataset2226,dataset9265
dataset7513,dataset7686,dataset1222,dataset8108
dataset9353,dataset8144,dataset569,dataset3451
dataset8241,dataset8413,dataset7555,dataset3909
dataset3641,dataset1361,dataset3855,dataset4715
dataset9676,dataset9636,dataset2000,dataset8299
dataset5727,dataset3390,dataset5642,dataset6430
dataset8940,dataset4820,dataset204,dataset3972
dataset7434,dataset2021,dataset1586,dataset7721
dataset8663,dataset9653,dataset9175,dataset5213
dataset267,dataset4332,dataset1142,dataset4099
dataset6628,dataset3442,dataset7726,dataset5415
dataset8929,dataset5491,dataset565,dataset5877
dataset5527,dataset4677,dataset556,dataset8765
dataset9547,dataset1115,dataset2914,dataset4635
dataset6630,dataset850,dataset3340,dataset2657
dataset6251,dataset9303,dataset2011,dataset6951
dataset5634,dataset4589,dataset2470,dataset6600
dataset3807,dataset1898,dataset9523,dataset606
dataset2632,dataset1425,dataset8676,dataset9998
dataset805,dataset705,dataset2468,dataset1215
dataset8092,dataset7186,dataset2004,dataset576
dataset8511,dataset517,dataset7456,dataset2444
dataset8176,dataset4623,dataset1525,dataset6230
dataset2998,dataset9183,dataset1565,dataset7595
dataset5726,dataset7321,dataset5110,dataset2677
dataset9365,dataset6728,dataset7905,dataset9190
dataset359,dataset6726,dataset7885,dataset4879
dataset2719,dataset6361,dataset4815,dataset216
dataset3723,dataset1330,dataset1476,dataset8175
dataset6871,dataset5106,dataset1944,dataset1845
dataset3838,dataset5862,dataset4249,dataset5652
dataset8444,dataset4941,dataset251,dataset7938
dataset1765,dataset125,dataset4102,dataset1782
dataset3617,dataset9685,dataset4085,dataset1031
dataset8562,dataset826,dataset3113,dataset911
dataset9679,dataset7255,dataset5663,dataset1009
dataset9416,dataset3492,dataset2395,dataset6616
dataset3087,dataset6348,dataset5487,dataset4567
dataset8088,dataset3849,dataset4645,dataset2873
dataset6447,dataset704,dataset2568,dataset3689
dataset8050,dataset3058,dataset2511,dataset4376
dataset6700,dataset1107,dataset8938,dataset3698
dataset9847,dataset6921,dataset5150,dataset5020
dataset7125,dataset222,dataset4423,dataset8971
dataset3186,dataset9673,dataset4597,dataset6688
dataset4158,dataset9838,dataset5695,dataset4033
dataset2340,dataset8200,dataset1638,dataset219
dataset5724,dataset8913,dataset9546,dataset4496
dataset9133,dataset2204,dataset7835,dataset2999
dataset6955,dataset2314,dataset3736,dataset2362
dataset1136,dataset7337,dataset1404,dataset7826
dataset1650,dataset792,dataset9648,dataset7472
dataset6358,dataset9433,dataset2658,dataset4265
dataset1243,dataset8823,dataset3360,dataset7250
dataset8657,dataset1329,dataset2611,dataset2748
dataset807,dataset1311,dataset631,dataset182
dataset27,dataset4526,dataset3052,dataset8245
dataset1932,dataset4068,dataset5528,dataset3084
dataset1479,dataset5868,dataset0,dataset7267
dataset3250,dataset4532,dataset4028,dataset9596
dataset8224,dataset8354,dataset6049,dataset5566
dataset3232,dataset9873,dataset1698,dataset9344
dataset4003,dataset3395,dataset4484,dataset4617
dataset8686,dataset5264,dataset6622,dataset5671
dataset2593,dataset2754,dataset5718,dataset1035
dataset2645,dataset4073,dataset6499,dataset3036
dataset6444,dataset8959,dataset5920,dataset3742
dataset3886,dataset9028,dataset2789,dataset8819
dataset3840,dataset1351,dataset7810,dataset1732
dataset1150,dataset6343,dataset7228,dataset1211
dataset4417,dataset2737,dataset2208,dataset6720
dataset5774,dataset8036,dataset470,dataset6368
dataset5643,dataset1623,dataset1176,dataset8398
dataset7684,dataset1699,dataset9065,dataset225
dataset8256,dataset3200,dataset781,dataset8325
dataset4672,dataset1441,dataset3162,dataset7293
dataset6075,dataset9198,dataset9557,dataset2001
dataset9195,dataset1553,dataset4358,dataset41
dataset57,dataset4298,dataset6367,dataset7884
dataset5245,dataset7740,dataset7774,dataset1610
dataset4277,dataset7019,dataset9132,dataset7269
dataset8869,dataset7490,dataset7933,dataset1102
dataset8039,dataset6030,dataset7030,dataset5092
dataset5051,dataset6535,dataset6390,dataset2633
dataset7664,dataset4946,dataset382,dataset7051
dataset8142,dataset6719,dataset2545,dataset8091
dataset8792,dataset1251,dataset7601,dataset2956
dataset1159,dataset7403,dataset86,dataset9047
dataset4549,dataset7587,dataset4609,dataset9235
dataset3687,dataset5884,dataset2660,dataset2126
dataset8530,dataset3753,dataset3713,dataset5925
dataset5711,dataset7704,dataset1501,dataset7734
dataset6418,dataset5805,dataset366,dataset3130
dataset2248,dataset5133,dataset6051,dataset7554
dataset4193,dataset6845,dataset8427,dataset4105
dataset6356,dataset3633,dataset5378,dataset6991
dataset6345,dataset1685,dataset8827,dataset8548
dataset3900,dataset6115,dataset8564,dataset9003
dataset2173,dataset6732,dataset9789,dataset1615
dataset5174,dataset2179,dataset56,dataset2813
dataset6818,dataset5558,dataset7968,dataset9552
dataset2153,dataset1409,dataset4966,dataset6529
dataset8402,dataset4855,dataset1468,dataset2167
dataset2266,dataset4673,dataset7568,dataset1374
dataset5091,dataset7799,dataset4060,dataset7683
dataset1549,dataset46,dataset1012,dataset5684
dataset9803,dataset9476,dataset4072,dataset5421
dataset8201,dataset6454,dataset3920,dataset8258
dataset1940,dataset8114,dataset5469,dataset9461
dataset3549,dataset8090,dataset4309,dataset6852
dataset9441,dataset9109,dataset1937,dataset206
dataset1906,dataset329,dataset8337,dataset6181
dataset240,dataset3829,dataset4903,dataset621
dataset354,dataset6325,dataset9939,dataset919
dataset744,dataset4140,dataset8794,dataset1481
dataset5532,dataset4046,dataset2033,dataset7707
dataset8468,dataset4050,dataset6718,dataset4521
dataset2175,dataset1696,dataset5686,dataset568
dataset4522,dataset1340,dataset5832,dataset8320
dataset533,dataset1366,dataset8259,dataset2964
dataset6958,dataset3090,dataset5837,dataset4179
dataset8286,dataset306,dataset1323,dataset1466
dataset1,dataset315,dataset9554,dataset6027
dataset7404,dataset5147,dataset4896,dataset6410
dataset9076,dataset9945,dataset4559,dataset7552
dataset1946,dataset1262,dataset6334,dataset5131
dataset6978,dataset7115,dataset9334,dataset7899
dataset3727,dataset1917,dataset8519,dataset6743
dataset6787,dataset9823,dataset687,dataset8037
dataset9197,dataset5325,dataset4984,dataset9751
dataset1955,dataset9335,dataset3591,dataset2408
dataset3227,dataset7875,dataset1467,dataset7749
dataset9148,dataset13,dataset6698,dataset9489
dataset3192,dataset8177,dataset6653,dataset4668
dataset4312,dataset8534,dataset2595,dataset9296
dataset8680,dataset2628,dataset9191,dataset639
dataset2997,dataset9799,dataset9440,dataset6116
dataset7676,dataset104,dataset6924,dataset2882
dataset5534,dataset1915,dataset2258,dataset7331
dataset6537,dataset8027,dataset8526,dataset3431
dataset5901,dataset8882,dataset8034,dataset5648
dataset6396,dataset1674,dataset2138,dataset8758
dataset7221,dataset4906,dataset8386,dataset1484
dataset9917,dataset4026,dataset9795,dataset3091
dataset1110,dataset6613,dataset5312,dataset6148
dataset7223,dataset9247,dataset2745,dataset1682
dataset9518,dataset3734,dataset4218,dataset6057
dataset1655,dataset9131,dataset596,dataset8485
dataset5907,dataset3436,dataset1419,dataset6016
dataset6476,dataset5977,dataset4367,dataset5672
dataset1147,dataset2334,dataset5741,dataset1299
dataset7812,dataset1453,dataset5840,dataset9706
dataset3940,dataset7029,dataset1242,dataset3372
dataset5237,dataset2644,dataset3609,dataset6112
dataset8146,dataset1276,dataset3150,dataset9747
dataset2469,dataset3259,dataset7423,dataset9268
dataset2530,dataset5478,dataset9023,dataset4481
dataset1153,dataset6909,dataset8164,dataset4211
dataset9121,dataset2238,dataset9900,dataset9992
dataset9719,dataset5027,dataset2459,dataset1564
dataset2801,dataset6567,dataset3606,dataset5028
dataset8915,dataset3990,dataset1683,dataset9382
dataset1296,dataset7904,dataset3514,dataset6870
dataset3255,dataset9314,dataset1678,dataset7641
dataset7279,dataset2064,dataset6960,dataset9287
dataset1183,dataset4923,dataset6129,dataset5135
dataset380,dataset7514,dataset2941,dataset7559
dataset6749,dataset4012,dataset2849,dataset8217
dataset5998,dataset5890,dataset4661,dataset524
dataset4228,dataset3453,dataset9050,dataset7087
dataset4702,dataset5389,dataset3845,dataset5699
dataset1294,dataset6440,dataset5337,dataset6103
dataset8074,dataset5262,dataset2236,dataset1356
dataset3969,dataset7310,dataset7354,dataset3506
dataset7160,dataset9209,dataset2712,dataset8895
dataset176,dataset9052,dataset2473,dataset152
dataset5244,dataset7666,dataset5653,dataset34
dataset8803,dataset3850,dataset7485,dataset7814
dataset4568,dataset4034,dataset9851,dataset5182
dataset6724,dataset7796,dataset8617,dataset1792
dataset3427,dataset5353,dataset9571,dataset8231
dataset9429,dataset1854,dataset3396,dataset6464
dataset2381,dataset1888,dataset3697,dataset420
dataset7447,dataset6182,dataset5314,dataset1574
dataset7025,dataset8724,dataset3975,dataset2532
dataset9084,dataset8365,dataset7713,dataset601
dataset2735,dataset7159,dataset2752,dataset7402
dataset7408,dataset1858,dataset1545,dataset1677
dataset2085,dataset3932,dataset9904,dataset5455
dataset6501,dataset4610,dataset8974,dataset8893
dataset9171,dataset8928,dataset3818,dataset8907
dataset6580,dataset2389,dataset5408,dataset8655
dataset9182,dataset3938,dataset3636,dataset8327
dataset1097,dataset3880,dataset2921,dataset1315
dataset3995,dataset3888,dataset4314,dataset9044
dataset4292,dataset4774,dataset3813,dataset9305
dataset1370,dataset3228,dataset6017,dataset5209
dataset2082,dataset8981,dataset5496,dataset4888
dataset5994,dataset6782,dataset5798,dataset2510
dataset3570,dataset8948,dataset9507,dataset5039
dataset2894,dataset6102,dataset1101,dataset3282
dataset9839,dataset77,dataset8566,dataset4150
dataset2896,dataset3019,dataset5100,dataset2400
dataset6393,dataset9662,dataset6004,dataset9208
dataset8218,dataset2884,dataset1385,dataset8875
dataset754,dataset7644,dataset6245,dataset7316
dataset3072,dataset7956,dataset6634,dataset8341
dataset5542,dataset4572,dataset3446,dataset2278
dataset344,dataset8044,dataset8668,dataset4103
dataset4256,dataset6461,dataset5012,dataset3642
dataset8017,dataset6610,dataset6282,dataset3246
dataset538,dataset2951,dataset6491,dataset8985
dataset9640,dataset6934,dataset700,dataset5733
dataset9326,dataset1252,dataset6868,dataset3921
dataset6902,dataset477,dataset906,dataset1612
dataset5313,dataset9387,dataset6389,dataset6153
dataset1381,dataset8314,dataset9965,dataset1662
dataset1561,dataset2591,dataset4164,dataset3655
dataset6519,dataset7888,dataset5590,dataset345
dataset3110,dataset4235,dataset1075,dataset6940
dataset6413,dataset9549,dataset8301,dataset6450
dataset638,dataset5788,dataset205,dataset4349
dataset2776,dataset991,dataset5702,dataset7058
dataset8850,dataset4286,dataset837,dataset4911
dataset1113,dataset5543,dataset9154,dataset3978
dataset9173,dataset7452,dataset1326,dataset3264
dataset21,dataset2638,dataset5157,dataset8105
dataset5090,dataset7342,dataset4290,dataset1736
dataset7002,dataset9343,dataset296,dataset3597
dataset2654,dataset5034,dataset9475,dataset1221
dataset4475,dataset7067,dataset7710,dataset4456
dataset5300,dataset4088,dataset2901,dataset7365
dataset7918,dataset5599,dataset3560,dataset990
dataset2930,dataset9605,dataset3002,dataset4878
dataset6077,dataset8978,dataset6280,dataset5731
dataset287,dataset5628,dataset2307,dataset9030
dataset3399,dataset4719,dataset9409,dataset2727
dataset3970,dataset351,dataset6005,dataset6225
dataset603,dataset26,dataset5736,dataset7180
dataset6023,dataset7781,dataset2734,dataset8876
dataset7668,dataset9652,dataset6510,dataset7678
dataset1520,dataset6826,dataset3586,dataset3673
dataset5025,dataset7428,dataset673,dataset5636
dataset9821,dataset7576,dataset6786,dataset2099
dataset555,dataset2059,dataset5374,dataset2798
dataset6773,dataset5866,dataset1749,dataset2927
dataset7805,dataset7908,dataset6988,dataset2346
dataset2043,dataset2649,dataset7816,dataset4988
dataset9083,dataset1508,dataset2186,dataset3489
dataset419,dataset6248,dataset8632,dataset2349
dataset3816,dataset573,dataset6297,dataset3086
dataset6190,dataset1290,dataset8737,dataset4206
dataset2938,dataset7493,dataset1320,dataset3208
dataset9657,dataset1077,dataset1092,dataset8331
dataset2579,dataset1540,dataset8233,dataset5162
dataset7523,dataset3482,dataset7104,dataset6045
dataset3782,dataset3335,dataset4642,dataset166
dataset6000,dataset6525,dataset4421,dataset7056
dataset4264,dataset3963,dataset3225,dataset1620
dataset2232,dataset2195,dataset615,dataset7393
dataset353,dataset3124,dataset348,dataset2842
dataset5765,dataset6705,dataset1213,dataset7708
dataset4015,dataset3511,dataset2699,dataset6527
dataset6757,dataset6055,dataset2865,dataset9480
dataset4750,dataset7120,dataset9806,dataset6819
dataset6531,dataset8431,dataset969,dataset2851
dataset2051,dataset268,dataset1716,dataset5511
dataset995,dataset7725,dataset4465,dataset6416
dataset1945,dataset1952,dataset4560,dataset6867
dataset5425,dataset2787,dataset8640,dataset7767
dataset5360,dataset5339,dataset2954,dataset1088
dataset3858,dataset3400,dataset4111,dataset7465
dataset9563,dataset7494,dataset2924,dataset9153
dataset5526,dataset6309,dataset7942,dataset2437
dataset2446,dataset7558,dataset9836,dataset7399
dataset870,dataset292,dataset5196,dataset6838
dataset2211,dataset9193,dataset864,dataset4920
dataset5669,dataset5081,dataset6590,dataset8588
dataset3847,dataset6565,dataset3994,dataset5843
dataset5372,dataset6387,dataset8381,dataset2076
dataset9848,dataset6360,dataset3576,dataset6305
dataset5645,dataset3703,dataset9201,dataset4685
dataset4955,dataset4804,dataset4477,dataset3861
dataset2097,dataset9214,dataset7412,dataset9599
dataset8597,dataset4958,dataset2587,dataset2906
dataset136,dataset8075,dataset549,dataset968
dataset7795,dataset6639,dataset2209,dataset5563
dataset7446,dataset4492,dataset3248,dataset716
dataset1791,dataset226,dataset1767,dataset2056
dataset4592,dataset712,dataset3413,dataset3331
dataset7818,dataset661,dataset605,dataset5290
dataset9172,dataset211,dataset4126,dataset6612
dataset5737,dataset4114,dataset8399,dataset5394
dataset191,dataset8389,dataset2714,dataset3905
dataset2217,dataset3103,dataset7593,dataset7687
dataset6233,dataset1497,dataset6131,dataset6888
dataset3812,dataset8068,dataset5357,dataset6666
dataset6138,dataset2269,dataset2934,dataset5879
dataset6294,dataset8451,dataset6710,dataset3889
dataset9878,dataset8858,dataset8759,dataset7995
dataset401,dataset7143,dataset1618,dataset2206
dataset2338,dataset290,dataset2046,dataset373
dataset7840,dataset7158,dataset4501,dataset408
dataset1611,dataset5937,dataset5954,dataset2669
dataset5216,dataset5902,dataset6796,dataset9892
dataset413,dataset5281,dataset6763,dataset3362
dataset1240,dataset4425,dataset8791,dataset6285
dataset1184,dataset8925,dataset128,dataset4643
dataset6177,dataset6587,dataset2100,dataset4803
dataset6615,dataset316,dataset9378,dataset6716
dataset4380,dataset9551,dataset6842,dataset3852
dataset1929,dataset658,dataset6835,dataset6433
dataset6266,dataset321,dataset3556,dataset5101
dataset4957,dataset2128,dataset3801,dataset4711
dataset4764,dataset3658,dataset9375,dataset7300
dataset7173,dataset5381,dataset9277,dataset6739
dataset9068,dataset753,dataset1938,dataset2324
dataset8315,dataset3494,dataset5624,dataset7945
dataset8973,dataset161,dataset1171,dataset1422
dataset9555,dataset2030,dataset727,dataset743
dataset9295,dataset6227,dataset3501,dataset4255
dataset1210,dataset9985,dataset300,dataset3454
dataset6270,dataset7421,dataset4842,dataset7312
dataset960,dataset1587,dataset7178,dataset3222
dataset3588,dataset5395,dataset1447,dataset8811
dataset2698,dataset7677,dataset9874,dataset2853
dataset8387,dataset7652,dataset8995,dataset3144
dataset6067,dataset2515,dataset574,dataset7015
dataset2816,dataset2891,dataset8134,dataset9515
dataset7368,dataset1748,dataset2136,dataset3432
dataset1600,dataset8607,dataset4802,dataset5947
dataset310,dataset4371,dataset9381,dataset7702
dataset1579,dataset8031,dataset7617,dataset6914
dataset9646,dataset8831,dataset3756,dataset4921
dataset7105,dataset5333,dataset2009,dataset9924
dataset6747,dataset3864,dataset4171,dataset4139
dataset3234,dataset660,dataset217,dataset5492
dataset3601,dataset7431,dataset5177,dataset169
dataset4843,dataset5240,dataset1005,dataset2006
dataset4378,dataset1785,dataset3883,dataset91
dataset2495,dataset2322,dataset9012,dataset7432
dataset9056,dataset9590,dataset9807,dataset2812
dataset19,dataset6959,dataset7429,dataset4162
dataset9630,dataset7405,dataset6781,dataset5030
dataset1993,dataset5721,dataset6737,dataset5697
dataset9135,dataset8999,dataset6676,dataset5222
dataset8278,dataset544,dataset6650,dataset3768
dataset2350,dataset3207,dataset8011,dataset3574
dataset2562,dataset8937,dataset8162,dataset3623
dataset3407,dataset5204,dataset2904,dataset3785
dataset8619,dataset141,dataset9473,dataset9671
dataset948,dataset3694,dataset2442,dataset3068
dataset101,dataset3766,dataset6096,dataset5466
dataset5149,dataset335,dataset9787,dataset4416
dataset1337,dataset3878,dataset224,dataset2538
dataset4024,dataset8810,dataset7103,dataset8763
dataset8958,dataset7263,dataset3737,dataset6540
dataset1905,dataset4943,dataset5874,dataset2540
dataset5463,dataset7858,dataset8379,dataset9041
dataset1023,dataset5631,dataset3707,dataset7182
dataset6173,dataset8271,dataset5476,dataset2365
dataset96,dataset1891,dataset5448,dataset2665
dataset5618,dataset2844,dataset8227,dataset7037
dataset7624,dataset6983,dataset7384,dataset912
dataset5632,dataset3860,dataset1916,dataset4018
dataset5967,dataset9842,dataset6599,dataset1766
dataset2068,dataset5579,dataset3212,dataset1065
dataset933,dataset7951,dataset9502,dataset5205
dataset9812,dataset1050,dataset1459,dataset6771
dataset3582,dataset735,dataset6046,dataset3877
dataset3076,dataset1818,dataset3594,dataset9042
dataset4904,dataset4466,dataset4962,dataset3035
dataset8445,dataset3836,dataset862,dataset6889
dataset8326,dataset1365,dataset6892,dataset5919
dataset2522,dataset6487,dataset3343,dataset1061
dataset5633,dataset9714,dataset3236,dataset4183
dataset6385,dataset8603,dataset9080,dataset4231
dataset4581,dataset7662,dataset7210,dataset1531
dataset523,dataset8051,dataset4002,dataset2360
dataset3101,dataset4781,dataset6462,dataset8692
dataset2364,dataset3637,dataset6054,dataset1573
dataset9902,dataset8094,dataset9082,dataset9977
dataset7254,dataset7338,dataset2003,dataset4410
dataset4408,dataset9634,dataset5985,dataset6769
dataset3078,dataset7401,dataset5796,dataset8372
dataset8764,dataset9628,dataset6415,dataset7970
dataset6533,dataset2038,dataset1656,dataset5057
dataset5515,dataset1263,dataset4979,dataset6684
dataset9336,dataset1740,dataset4271,dataset8373
dataset9957,dataset9222,dataset9137,dataset485
dataset8654,dataset5107,dataset7149,dataset8679
dataset4045,dataset9126,dataset7471,dataset7257
dataset8899,dataset9178,dataset2250,dataset2674
dataset1961,dataset2675,dataset1482,dataset4413
dataset9989,dataset6159,dataset9995,dataset3797
dataset5701,dataset4274,dataset2531,dataset4141
dataset6118,dataset513,dataset7232,dataset2826
dataset3404,dataset2802,dataset6707,dataset2917
dataset7939,dataset4339,dataset6237,dataset8304
dataset7453,dataset7334,dataset9115,dataset3126
dataset7134,dataset1227,dataset1167,dataset9729
dataset2074,dataset947,dataset2325,dataset8884
dataset8137,dataset9162,dataset3685,dataset399
dataset2370,dataset3923,dataset404,dataset6111
dataset62,dataset1560,dataset203,dataset7655
dataset151,dataset2162,dataset958,dataset3592
dataset3615,dataset1550,dataset8769,dataset1469
dataset3017,dataset486,dataset8507,dataset7763
dataset7663,dataset1718,dataset901,dataset6923
dataset6677,dataset7451,dataset2297,dataset1354
dataset2923,dataset4452,dataset6244,dataset9024
dataset6189,dataset4199,dataset8661,dataset9665
dataset7292,dataset6020,dataset9331,dataset3882
dataset6375,dataset6543,dataset3378,dataset9060
dataset1446,dataset1229,dataset832,dataset2106
dataset2514,dataset6856,dataset5320,dataset8089
dataset7425,dataset2539,dataset1412,dataset9284
dataset6549,dataset9692,dataset9054,dataset3214
dataset5660,dataset7579,dataset9591,dataset6789
dataset9983,dataset5185,dataset314,dataset4851
dataset6033,dataset592,dataset8949,dataset1238
dataset9157,dataset8477,dataset8103,dataset2189
dataset252,dataset531,dataset8866,dataset2876
dataset6007,dataset7107,dataset7239,dataset5577
dataset6,dataset6824,dataset2286,dataset7572
dataset9423,dataset3848,dataset1514,dataset9739
dataset1800,dataset6866,dataset8854,dataset3272
dataset8416,dataset7276,dataset3733,dataset755
dataset253,dataset2604,dataset5995,dataset9058
dataset9439,dataset7034,dataset5533,dataset1532
dataset4052,dataset7966,dataset7712,dataset7898
dataset2182,dataset8994,dataset3307,dataset6456
dataset5424,dataset2498,dataset2223,dataset8447
dataset1588,dataset6170,dataset9689,dataset4930
dataset2491,dataset8799,dataset2092,dataset5638
dataset5573,dataset6863,dataset9684,dataset4584
dataset8490,dataset6240,dataset4385,dataset4976
dataset7613,dataset9779,dataset6624,dataset8067
dataset334,dataset3263,dataset4293,dataset6175
dataset1995,dataset3419,dataset7848,dataset1551
dataset5750,dataset7222,dataset894,dataset476
dataset8596,dataset4076,dataset1194,dataset3982
dataset6145,dataset473,dataset6678,dataset4826
dataset5778,dataset2219,dataset6715,dataset6681
dataset2174,dataset5261,dataset7977,dataset1398
dataset3595,dataset2105,dataset677,dataset6846
dataset223,dataset3469,dataset6403,dataset5080
dataset7083,dataset1306,dataset1038,dataset1705
dataset3702,dataset7580,dataset3917,dataset1839
dataset9543,dataset5911,dataset6701,dataset1480
dataset8633,dataset2361,dataset9658,dataset1462
dataset6187,dataset5914,dataset3717,dataset4974
dataset7119,dataset5986,dataset8306,dataset8780
dataset201,dataset5861,dataset6885,dataset7036
dataset2804,dataset9108,dataset1707,dataset1721
dataset2312,dataset2550,dataset581,dataset9232
dataset4602,dataset1628,dataset6638,dataset3129
dataset9622,dataset5819,dataset9422,dataset9769
dataset4535,dataset4544,dataset3998,dataset973
dataset9411,dataset6855,dataset710,dataset90
dataset7435,dataset8543,dataset1116,dataset1821
dataset4624,dataset2386,dataset8930,dataset5361
dataset2598,dataset4667,dataset6303,dataset4021
dataset7953,dataset514,dataset7111,dataset336
dataset3854,dataset3033,dataset5546,dataset8685
dataset7780,dataset2630,dataset6513,dataset7670
dataset6604,dataset6765,dataset2529,dataset1196
dataset2091,dataset5286,dataset7919,dataset787
dataset4354,dataset6505,dataset9758,dataset432
dataset3919,dataset1925,dataset2690,dataset4221
dataset7317,dataset9745,dataset4334,dataset5219
dataset7474,dataset7527,dataset8026,dataset2567
dataset2617,dataset3069,dataset3635,dataset390
dataset5335,dataset24,dataset5238,dataset6755
dataset9463,dataset3764,dataset941,dataset3566
dataset2275,dataset3794,dataset5979,dataset3931
dataset8481,dataset8580,dataset9410,dataset7622
dataset6021,dataset7113,dataset1235,dataset5988
dataset2889,dataset8739,dataset6669,dataset3954
dataset7475,dataset3173,dataset5160,dataset6378
dataset6084,dataset9403,dataset1414,dataset5089
dataset2205,dataset323,dataset4430,dataset6366
dataset1377,dataset1922,dataset8622,dataset9298
dataset7838,dataset9710,dataset7378,dataset1598
dataset9149,dataset8058,dataset4744,dataset8203
dataset6498,dataset3213,dataset8598,dataset4792
dataset4938,dataset2688,dataset5655,dataset7477
dataset6652,dataset2299,dataset6904,dataset9156
dataset4734,dataset4965,dataset9732,dataset9279
dataset1010,dataset9721,dataset840,dataset1000
dataset110,dataset5327,dataset3011,dataset4880
dataset453,dataset3817,dataset2234,dataset3276
dataset4746,dataset3447,dataset8732,dataset3677
dataset4301,dataset6662,dataset935,dataset6158
dataset634,dataset6588,dataset5038,dataset756
dataset2301,dataset3735,dataset9230,dataset5730
dataset9482,dataset7747,dataset6166,dataset9073
dataset4005,dataset3811,dataset662,dataset9701
dataset6659,dataset3235,dataset3776,dataset8890
dataset9357,dataset2769,dataset6559,dataset7803
dataset2165,dataset8408,dataset7638,dataset8363
dataset1978,dataset9986,dataset9913,dataset2824
dataset9308,dataset6857,dataset1068,dataset2961
dataset3667,dataset3881,dataset4953,dataset3757
dataset9167,dataset4422,dataset9811,dataset7994
dataset3649,dataset1737,dataset1369,dataset8179
dataset3141,dataset1841,dataset3712,dataset896
dataset5050,dataset4469,dataset9654,dataset7440
dataset4785,dataset4964,dataset2069,dataset479
dataset7914,dataset7853,dataset9681,dataset7983
dataset6987,dataset491,dataset950,dataset1633
dataset2646,dataset6232,dataset9253,dataset9956
dataset7332,dataset6685,dataset1393,dataset4345
dataset3102,dataset4043,dataset3032,dataset9487
dataset1430,dataset4241,dataset9456,dataset6402
dataset8019,dataset8422,dataset3488,dataset8085
dataset4403,dataset2477,dataset20,dataset232
dataset38,dataset2283,dataset4990,dataset4732
dataset8906,dataset1416,dataset849,dataset6192
dataset2311,dataset1567,dataset7985,dataset7847
dataset7588,dataset3100,dataset1893,dataset1959
dataset6683,dataset6936,dataset762,dataset8491
dataset3165,dataset8152,dataset276,dataset9271
dataset5938,dataset458,dataset8592,dataset2171
dataset1279,dataset391,dataset4195,dataset6128
dataset371,dataset9855,dataset5442,dataset4720
dataset7730,dataset5506,dataset9040,dataset7500
dataset3409,dataset7492,dataset22,dataset3261
dataset394,dataset999,dataset4297,dataset5119
dataset9330,dataset6792,dataset7350,dataset695
dataset1706,dataset8864,dataset7766,dataset4839
dataset2746,dataset5369,dataset7099,dataset5923
dataset8853,dataset2664,dataset8859,dataset8905
dataset3958,dataset4594,dataset9398,dataset3008
dataset7291,dataset4359,dataset9561,dataset9224
dataset7669,dataset537,dataset331,dataset1008
dataset1157,dataset742,dataset6246,dataset431
dataset9521,dataset3986,dataset5344,dataset5436
dataset1155,dataset7274,dataset6971,dataset9479
dataset5075,dataset3006,dataset9540,dataset7724
dataset7808,dataset7565,dataset1120,dataset1571
dataset8453,dataset6571,dataset2558,dataset6963
dataset8901,dataset7455,dataset6040,dataset3277
dataset1957,dataset9876,dataset7177,dataset9383
dataset3201,dataset3163,dataset6735,dataset5319
dataset5801,dataset9081,dataset9914,dataset2972
dataset4497,dataset7924,dataset7190,dataset4463
dataset8328,dataset6858,dataset8773,dataset3505
dataset8332,dataset5565,dataset9150,dataset4182
dataset448,dataset5616,dataset2215,dataset2327
dataset2678,dataset7258,dataset6008,dataset1457
dataset257,dataset6471,dataset6252,dataset4156
dataset6954,dataset274,dataset936,dataset2321
dataset3573,dataset8007,dataset2239,dataset5675
dataset9103,dataset4167,dataset143,dataset8269
dataset8460,dataset7237,dataset6113,dataset4444
dataset3903,dataset8969,dataset3508,dataset9968
dataset9114,dataset9815,dataset7857,dataset527
dataset651,dataset8336,dataset649,dataset8863
dataset2454,dataset8877,dataset6957,dataset3284
dataset8216,dataset8345,dataset9984,dataset2929
dataset7777,dataset6137,dataset3015,dataset4892
dataset1693,dataset4754,dataset3853,dataset2496
dataset1890,dataset1657,dataset4315,dataset3478
dataset4305,dataset8425,dataset4253,dataset8213
dataset5115,dataset3023,dataset7245,dataset7768
dataset771,dataset5066,dataset1515,dataset444
dataset9508,dataset3420,dataset1825,dataset6056
dataset8404,dataset3468,dataset8539,dataset6938
dataset1939,dataset5814,dataset9494,dataset9723
dataset1191,dataset4893,dataset1458,dataset3956
dataset1717,dataset9645,dataset1649,dataset4547
dataset964,dataset4779,dataset625,dataset7791
dataset9185,dataset812,dataset4295,dataset5488
dataset7359,dataset8072,dataset4361,dataset6109
dataset7089,dataset6640,dataset9568,dataset9307
dataset4963,dataset3510,dataset416,dataset2192
dataset2412,dataset1180,dataset1771,dataset4258
dataset9827,dataset9737,dataset4917,dataset806
dataset9443,dataset9043,dataset7870,dataset2792
dataset5650,dataset6088,dataset5944,dataset8674
dataset9431,dataset3258,dataset8813,dataset5093
dataset9565,dataset6414,dataset6894,dataset5287
dataset8383,dataset5358,dataset3256,dataset2713
dataset6277,dataset666,dataset7277,dataset7305
dataset5481,dataset1921,dataset4493,dataset6186
dataset4613,dataset8102,dataset6864,dataset9820
dataset8967,dataset5510,dataset9396,dataset7861
dataset3291,dataset8943,dataset2271,dataset7040
dataset5047,dataset6174,dataset5416,dataset5853
dataset8762,dataset4768,dataset681,dataset5019
dataset2656,dataset6317,dataset1121,dataset711
dataset2026,dataset3351,dataset1512,dataset604
dataset4648,dataset2607,dataset5623,dataset2428
dataset7097,dataset3074,dataset376,dataset9741
dataset9038,dataset1539,dataset5102,dataset1333
dataset7065,dataset9572,dataset3265,dataset4861
dataset178,dataset9428,dataset8339,dataset8786
dataset9890,dataset4883,dataset9879,dataset4891
dataset9527,dataset7954,dataset9035,dataset5328
dataset9448,dataset5323,dataset1472,dataset5625
dataset4627,dataset9613,dataset2509,dataset8916
dataset7406,dataset2249,dataset8570,dataset7519
dataset3281,dataset8964,dataset6122,dataset8621
dataset3106,dataset3356,dataset1738,dataset1013
dataset9015,dataset1544,dataset8581,dataset759
dataset8082,dataset5785,dataset3946,dataset3148
dataset5291,dataset8802,dataset6314,dataset9870
dataset3771,dataset5040,dataset6132,dataset4447
dataset4783,dataset9254,dataset4386,dataset4710
dataset1022,dataset464,dataset7308,dataset671
dataset7809,dataset972,dataset327,dataset6437
dataset692,dataset5639,dataset9070,dataset5880
dataset8772,dataset8237,dataset2672,dataset2318
dataset6931,dataset3536,dataset4505,dataset6480
dataset1964,dataset5859,dataset6512,dataset9794
dataset1204,dataset7085,dataset6468,dataset1492
dataset7941,dataset131,dataset9757,dataset8347
dataset3728,dataset6293,dataset2572,dataset8790
dataset5779,dataset2453,dataset6488,dataset5274
dataset566,dataset8903,dataset2616,dataset9348
dataset8722,dataset2952,dataset3790,dataset1824
dataset5460,dataset89,dataset5183,dataset3287
dataset8426,dataset9246,dataset1371,dataset5547
dataset9124,dataset9220,dataset6574,dataset4975
dataset3298,dataset5288,dataset4978,dataset5043
dataset7800,dataset3676,dataset71,dataset8448
dataset3333,dataset667,dataset75,dataset7586
dataset2768,dataset2201,dataset1429,dataset1305
dataset9921,dataset8319,dataset8586,dataset915
dataset1490,dataset9624,dataset221,dataset8183
dataset2017,dataset9766,dataset595,dataset8740
dataset4838,dataset1058,dataset39,dataset111
dataset1017,dataset3621,dataset6330,dataset5598
dataset5891,dataset4967,dataset5680,dataset8522
dataset6943,dataset509,dataset6035,dataset2455
dataset3532,dataset199,dataset6238,dataset4472
dataset433,dataset9682,dataset9550,dataset258
dataset8652,dataset6292,dataset273,dataset8909
dataset6791,dataset2233,dataset162,dataset9783
dataset1753,dataset3630,dataset9031,dataset1901
dataset7411,dataset5550,dataset120,dataset7992
dataset7045,dataset8421,dataset7632,dataset905
dataset7127,dataset7038,dataset4434,dataset9525
dataset7506,dataset7000,dataset4078,dataset181
dataset1386,dataset9329,dataset6455,dataset8953
dataset1670,dataset2366,dataset8559,dataset834
dataset6156,dataset388,dataset6249,dataset6080
dataset9102,dataset4817,dataset668,dataset6545
dataset1784,dataset9635,dataset192,dataset1081
dataset1253,dataset7088,dataset9493,dataset8690
dataset3945,dataset815,dataset1319,dataset6311
dataset6564,dataset1892,dataset2210,dataset2640
dataset7207,dataset8771,dataset5892,dataset5046
dataset6354,dataset2850,dataset1353,dataset3009
dataset4363,dataset4973,dataset4398,dataset7050
dataset2488,dataset3835,dataset2599,dataset3275
dataset1174,dataset8265,dataset751,dataset7544
dataset2506,dataset8366,dataset6089,dataset6086
dataset1908,dataset1884,dataset9843,dataset7137
dataset6790,dataset5188,dataset9558,dataset7503
dataset7866,dataset4165,dataset8260,dataset7489
dataset9659,dataset7746,dataset5536,dataset9097
dataset957,dataset7819,dataset421,dataset6627
dataset4687,dataset4442,dataset6664,dataset7631
dataset7454,dataset2965,dataset4151,dataset4075
dataset2710,dataset4153,dataset6458,dataset6333
dataset7889,dataset582,dataset4972,dataset1470
dataset1661,dataset6302,dataset2191,dataset407
dataset8229,dataset855,dataset9784,dataset6290
dataset2779,dataset4318,dataset9602,dataset8569
dataset8848,dataset4846,dataset6741,dataset1397
dataset1681,dataset164,dataset6099,dataset6974
dataset3152,dataset4462,dataset7349,dataset1914
dataset4836,dataset6163,dataset8117,dataset8826
dataset2859,dataset8020,dataset3217,dataset8197
dataset6925,dataset809,dataset7066,dataset7748
dataset688,dataset563,dataset5909,dataset6373
dataset9583,dataset4200,dataset5873,dataset1621
dataset2261,dataset3325,dataset9363,dataset7055
dataset8432,dataset4059,dataset5010,dataset2895
dataset9947,dataset2471,dataset2589,dataset1135
dataset5064,dataset682,dataset4637,dataset5444
dataset3391,dataset1923,dataset8061,dataset1192
dataset8779,dataset9179,dataset5171,dataset962
dataset6555,dataset4474,dataset2676,dataset9791
dataset7328,dataset7410,dataset892,dataset9453
dataset5955,dataset8524,dataset7535,dataset9004
dataset4723,dataset3361,dataset591,dataset984
dataset2120,dataset2390,dataset1161,dataset2584
dataset3820,dataset7079,dataset3867,dataset4686
dataset9032,dataset1239,dataset1998,dataset7379
dataset4257,dataset4092,dataset2874,dataset6750
dataset9485,dataset8180,dataset3714,dataset2203
dataset393,dataset6472,dataset5338,dataset7375
dataset193,dataset3692,dataset4867,dataset6986
dataset5775,dataset2110,dataset5654,dataset4747
dataset758,dataset5307,dataset8409,dataset2276
dataset8623,dataset4131,dataset118,dataset5082
dataset7249,dataset3159,dataset3910,dataset6204
dataset2123,dataset2294,dataset6012,dataset9675
dataset3278,dataset8385,dataset3525,dataset8025
dataset1355,dataset7324,dataset9212,dataset5647
dataset8125,dataset1996,dataset6694,dataset873
dataset7136,dataset414,dataset6034,dataset5236
dataset761,dataset2684,dataset6072,dataset5282
dataset2680,dataset272,dataset963,dataset100
dataset942,dataset5831,dataset9514,dataset2526
dataset1303,dataset5269,dataset2863,dataset7076
dataset5812,dataset1495,dataset9358,dataset59
dataset5899,dataset2744,dataset4436,dataset7754
dataset4123,dataset7784,dataset2152,dataset9294
dataset438,dataset3863,dataset7047,dataset7397
dataset1879,dataset7735,dataset5809,dataset4137
dataset4031,dataset7211,dataset9062,dataset789
dataset2594,dataset6483,dataset5289,dataset4561
dataset3572,dataset3149,dataset1483,dataset5904
dataset4446,dataset8946,dataset4939,dataset3313
dataset9725,dataset8333,dataset7145,dataset6766
dataset93,dataset304,dataset6217,dataset6596
dataset3822,dataset9127,dataset636,dataset7537
dataset7895,dataset3497,dataset3624,dataset5432
dataset3066,dataset8977,dataset7906,dataset3681
dataset2991,dataset2012,dataset8295,dataset5760
dataset7733,dataset8817,dataset1956,dataset6438
dataset2585,dataset3366,dataset8861,dataset5114
dataset1272,dataset1186,dataset5821,dataset6101
dataset866,dataset3461,dataset9112,dataset11
dataset4882,dataset6544,dataset1137,dataset437
dataset2536,dataset3548,dataset2870,dataset2148
dataset2711,dataset8499,dataset7925,dataset6646
dataset2436,dataset9139,dataset3241,dataset9726
dataset5120,dataset1969,dataset1212,dataset266
dataset5578,dataset2685,dataset4439,dataset2518
dataset3616,dataset6714,dataset5055,dataset7301
dataset784,dataset9686,dataset7017,dataset5571
dataset8064,dataset2042,dataset3942,dataset6654
dataset1866,dataset6038,dataset5109,dataset4148
dataset9274,dataset9085,dataset9067,dataset5849
dataset8016,dataset9147,dataset6206,dataset3237
dataset2407,dataset7381,dataset8047,dataset6560
dataset8900,dataset2180,dataset7659,dataset9454
dataset7380,dataset7566,dataset2159,dataset9213
dataset1966,dataset5296,dataset8178,dataset1517
dataset2583,dataset2142,dataset1751,dataset8219
dataset4847,dataset1234,dataset70,dataset5104
dataset3639,dataset8554,dataset2374,dataset7063
dataset9559,dataset4010,dataset7289,dataset1271
dataset3271,dataset8330,dataset5146,dataset6287
dataset8777,dataset5720,dataset1873,dataset7509
dataset412,dataset5893,dataset1875,dataset1362
dataset4030,dataset8030,dataset4155,dataset8212
dataset9483,dataset7607,dataset909,dataset4509
dataset5441,dataset2112,dataset5351,dataset6420
dataset5181,dataset828,dataset846,dataset3197
dataset5952,dataset4109,dataset8523,dataset3105
dataset7757,dataset2793,dataset2828,dataset4961
dataset2277,dataset5226,dataset5471,dataset5211
dataset2953,dataset8589,dataset1697,dataset9999
dataset2728,dataset6595,dataset2230,dataset4093
dataset9238,dataset423,dataset1801,dataset7984
dataset285,dataset1478,dataset7877,dataset8279
dataset8346,dataset5990,dataset856,dataset2535
dataset4044,dataset9782,dataset121,dataset4341
dataset195,dataset43,dataset1055,dataset1036
dataset4901,dataset2681,dataset5900,dataset2149
dataset9978,dataset6679,dataset6140,dataset6965
dataset9964,dataset7600,dataset8498,dataset4348
dataset6344,dataset4112,dataset7575,dataset9027
dataset3724,dataset9034,dataset4443,dataset9276
dataset7458,dataset3042,dataset3434,dataset2358
dataset6009,dataset9759,dataset1104,dataset5077
dataset4083,dataset2533,dataset4731,dataset1739
dataset9694,dataset7473,dataset7923,dataset9495
dataset8267,dataset7998,dataset9174,dataset8311
dataset2643,dataset6052,dataset1076,dataset5155
dataset6748,dataset7892,dataset4485,dataset2670
dataset1949,dataset5776,dataset8119,dataset4104
dataset5017,dataset3355,dataset6205,dataset2966
dataset4525,dataset9513,dataset4194,dataset8839
dataset384,dataset8624,dataset1863,dataset6279
dataset8683,dataset7053,dataset764,dataset998
dataset5121,dataset6847,dataset137,dataset4898
dataset8604,dataset1301,dataset2212,dataset1045
dataset248,dataset6626,dataset305,dataset7476
dataset4854,dataset245,dataset3028,dataset5229
dataset2766,dataset7498,dataset4159,dataset6637
dataset4533,dataset890,dataset185,dataset418
dataset757,dataset5885,dataset2825,dataset2048
dataset4586,dataset1757,dataset1741,dataset3121
dataset6475,dataset1090,dataset1755,dataset9261
dataset4745,dataset3083,dataset609,dataset9625
dataset2503,dataset3224,dataset2087,dataset6813
dataset2336,dataset1910,dataset7775,dataset731
dataset2937,dataset3918,dataset1509,dataset9910
dataset9923,dataset5069,dataset3161,dataset6235
dataset4894,dataset5447,dataset9520,dataset5951
dataset5173,dataset7168,dataset2922,dataset6836
dataset6865,dataset5458,dataset7778,dataset5504
dataset3245,dataset8778,dataset7834,dataset5662
dataset3937,dataset9955,dataset5390,dataset6851
dataset8443,dataset4252,dataset1852,dataset5820
dataset4807,dataset2903,dataset2244,dataset4409
dataset5234,dataset1347,dataset8965,dataset142
dataset5589,dataset2864,dataset6561,dataset392
dataset1231,dataset5352,dataset5602,dataset8741
dataset4308,dataset1850,dataset2916,dataset9733
dataset7448,dataset8303,dataset5118,dataset1708
dataset3725,dataset6411,dataset4796,dataset2597
dataset5600,dataset9717,dataset6328,dataset7882
dataset9934,dataset8594,dataset4094,dataset4538
dataset5329,dataset9697,dataset6264,dataset1846
dataset7856,dataset1105,dataset322,dataset3656
dataset8501,dataset170,dataset1421,dataset4056
dataset2072,dataset2994,dataset1034,dataset3686
dataset4983,dataset4699,dataset494,dataset2448
dataset2351,dataset5856,dataset585,dataset8053
dataset2467,dataset8255,dataset320,dataset3837
dataset5968,dataset1840,dataset5035,dataset9704
dataset1257,dataset4089,dataset7531,dataset4831
dataset1444,dataset8728,dataset1720,dataset9233
dataset9858,dataset1082,dataset3054,dataset6989
dataset3402,dataset5640,dataset1072,dataset6078
dataset6346,dataset9134,dataset2524,dataset1307
dataset1241,dataset7346,dataset4322,dataset577
dataset5609,dataset7201,dataset277,dataset6342
dataset2036,dataset311,dataset1265,dataset478
dataset474,dataset9535,dataset4036,dataset4086
dataset8979,dataset8514,dataset3788,dataset6815
dataset8625,dataset8818,dataset9395,dataset558
dataset6321,dataset8872,dataset4000,dataset1714
dataset3410,dataset6489,dataset4703,dataset8474
dataset8396,dataset5410,dataset6143,dataset7054
dataset9897,dataset6606,dataset8986,dataset4353
dataset6568,dataset505,dataset683,dataset8611
dataset7131,dataset1177,dataset1228,dataset6298
dataset7006,dataset8820,dataset4931,dataset6778
dataset2983,dataset2548,dataset5122,dataset4629
dataset8493,dataset3429,dataset4595,dataset8550
dataset8579,dataset5559,dataset9720,dataset2899
dataset5512,dataset3081,dataset1339,dataset9669
dataset3096,dataset7398,dataset4625,dataset5427
dataset9545,dataset7517,dataset7688,dataset1878
dataset4907,dataset119,dataset8638,dataset8095
dataset2066,dataset6167,dataset163,dataset3739
dataset9607,dataset9184,dataset8894,dataset6441
dataset7850,dataset5399,dataset6134,dataset4320
dataset5966,dataset7227,dataset5271,dataset4828
dataset5693,dataset3557,dataset7262,dataset8329
dataset2202,dataset9587,dataset7505,dataset7020
dataset2463,dataset4494,dataset3181,dataset2993
dataset1499,dataset6276,dataset7797,dataset480
dataset8500,dataset7212,dataset9468,dataset5838
dataset1900,dataset4143,dataset2847,dataset355
dataset1896,dataset4498,dataset1423,dataset7564
dataset5993,dataset5031,dataset6668,dataset133
dataset9802,dataset2648,dataset6849,dataset1149
dataset9641,dataset7345,dataset8220,dataset5330
dataset9756,dataset7952,dataset1629,dataset899
dataset5214,dataset9618,dataset2438,dataset8198
dataset7387,dataset7574,dataset561,dataset7529
dataset7837,dataset3108,dataset2196,dataset3117
dataset3328,dataset6210,dataset5445,dataset2973
dataset2549,dataset7571,dataset4490,dataset2237
dataset9350,dataset3983,dataset6015,dataset7021
dataset1590,dataset2740,dataset7420,dataset3195
dataset4190,dataset7515,dataset626,dataset8181
dataset8401,dataset9449,dataset7469,dataset6812
dataset8424,dataset8783,dataset5276,dataset1456
dataset6473,dataset2839,dataset8280,dataset9611
dataset8896,dataset730,dataset6926,dataset3523
dataset2912,dataset5158,dataset7016,dataset7756
dataset5379,dataset689,dataset4849,dataset8120
dataset3726,dataset8684,dataset2730,dataset4087
dataset8497,dataset1885,dataset99,dataset5627
dataset411,dataset560,dataset4396,dataset5921
dataset1020,dataset7273,dataset6831,dataset1703
dataset2447,dataset124,dataset3806,dataset776
dataset5822,dataset1410,dataset5823,dataset462
dataset7830,dataset5619,dataset8029,dataset4134
dataset6041,dataset6945,dataset4833,dataset9009
dataset4951,dataset3319,dataset7139,dataset2363
dataset769,dataset9186,dataset7165,dataset8845
dataset8677,dataset9711,dataset3778,dataset6093
dataset878,dataset6422,dataset5169,dataset298
dataset1096,dataset9517,dataset8307,dataset6779
dataset1783,dataset8096,dataset5644,dataset4201
dataset5479,dataset8405,dataset3320,dataset4236
dataset9895,dataset4995,dataset3901,dataset4178
dataset8833,dataset1491,dataset9229,dataset6372
dataset7788,dataset9119,dataset6912,dataset6068
dataset7363,dataset4067,dataset7821,dataset7162
dataset1976,dataset6825,dataset4598,dataset2556
dataset1237,dataset279,dataset7832,dataset3223
dataset4600,dataset6611,dataset4794,dataset6463
dataset7971,dataset5099,dataset8689,dataset7944
dataset748,dataset2200,dataset4834,dataset848
dataset9601,dataset9313,dataset3070,dataset9016
dataset5037,dataset1688,dataset644,dataset4042
dataset1225,dataset4605,dataset4328,dataset7409
dataset6636,dataset641,dataset4729,dataset3375
dataset3299,dataset1848,dataset6740,dataset5391
dataset8215,dataset3153,dataset7717,dataset6261
dataset7082,dataset5250,dataset8393,dataset9437
dataset1477,dataset4862,dataset9355,dataset6508
dataset6434,dataset7369,dataset7072,dataset3720
dataset1504,dataset9768,dataset9589,dataset7373
dataset1805,dataset3371,dataset5799,dataset6332
dataset825,dataset9275,dataset7787,dataset1761
dataset7362,dataset7682,dataset6920,dataset6880
dataset5383,dataset425,dataset5771,dataset831
dataset3561,dataset5845,dataset5950,dataset2639
dataset2968,dataset5088,dataset1619,dataset9938
dataset8187,dataset8240,dataset3137,dataset5141
dataset2254,dataset5786,dataset5710,dataset5451
dataset60,dataset3190,dataset5745,dataset1734
dataset5402,dataset6896,dataset319,dataset6907
dataset4234,dataset4460,dataset9700,dataset779
dataset5871,dataset7714,dataset9362,dataset1047
dataset4213,dataset1198,dataset6365,dataset4810
dataset1348,dataset8407,dataset4818,dataset5375
dataset5787,dataset365,dataset4478,dataset872
dataset3500,dataset3016,dataset3341,dataset4722
dataset4198,dataset5915,dataset620,dataset3430
dataset2170,dataset1488,dataset459,dataset2962
dataset4724,dataset4823,dataset5551,dataset8464
dataset5350,dataset9668,dataset2780,dataset4063
dataset6657,dataset6723,dataset2289,dataset5367
dataset3480,dataset460,dataset7690,dataset5505
dataset1336,dataset2497,dataset8571,dataset6371
dataset1349,dataset9470,dataset5922,dataset8808
dataset2499,dataset6608,dataset9509,dataset6481
dataset1505,dataset5940,dataset7230,dataset7386
dataset333,dataset8192,dataset2253,dataset6861
dataset7069,dataset447,dataset1281,dataset8112
dataset410,dataset8561,dataset6465,dataset8292
dataset7320,dataset7765,dataset5439,dataset9738
dataset8997,dataset6607,dataset6594,dataset8300
dataset1887,dataset105,dataset8767,dataset8441
dataset6124,dataset1668,dataset3470,dataset6919
dataset5560,dataset9868,dataset9650,dataset2807
dataset8860,dataset9057,dataset5529,dataset8927
dataset2612,dataset4707,dataset3330,dataset6336
dataset5513,dataset4311,dataset282,dataset580
dataset8002,dataset4959,dataset7958,dataset6388
dataset4863,dataset3980,dataset9421,dataset1934
dataset5189,dataset7147,dataset4665,dataset6383
dataset3357,dataset2023,dataset3297,dataset1526
dataset8862,dataset4733,dataset2187,dataset3097
dataset7462,dataset2926,dataset5078,dataset1820
dataset6221,dataset2119,dataset9777,dataset4246
dataset3908,dataset5620,dataset3172,dataset35
dataset1224,dataset1819,dataset2052,dataset332
dataset9919,dataset9420,dataset9318,dataset2353
dataset8904,dataset2877,dataset4390,dataset8923
dataset6202,dataset6798,dataset7102,dataset961
dataset684,dataset9534,dataset2871,dataset7863
dataset9194,dataset3485,dataset2319,dataset7052
dataset5539,dataset6774,dataset4813,dataset6219
dataset4180,dataset5409,dataset3876,dataset4671
dataset6547,dataset4288,dataset4038,dataset9829
dataset1051,dataset3004,dataset8717,dataset3295
dataset526,dataset5242,dataset4675,dataset2852
dataset3716,dataset5744,dataset7194,dataset1219
dataset308,dataset1924,dataset116,dataset1163
dataset3377,dataset4209,dataset326,dataset6661
dataset4476,dataset2806,dataset7218,dataset8809
dataset1202,dataset875,dataset1764,dataset729
dataset1041,dataset1124,dataset7280,dataset3748
dataset8225,dataset6853,dataset9585,dataset9196
dataset4491,dataset9834,dataset218,dataset8797
dataset4232,dataset4850,dataset9243,dataset4776
dataset3463,dataset1226,dataset4008,dataset4662
dataset3731,dataset1789,dataset436,dataset154
dataset4327,dataset5728,dataset5948,dataset8984
dataset5456,dataset5568,dataset2508,dataset9435
dataset918,dataset9063,dataset8667,dataset5227
dataset3417,dataset3787,dataset3769,dataset4389
dataset9180,dataset2738,dataset7298,dataset8057
dataset734,dataset5564,dataset9872,dataset5852
dataset1816,dataset1856,dataset8283,dataset5932
dataset2073,dataset5759,dataset4196,dataset7467
dataset938,dataset6795,dataset7701,dataset9269
dataset7264,dataset8682,dataset2905,dataset6306
dataset3580,dataset7590,dataset1145,dataset6511
dataset7049,dataset9516,dataset3269,dataset2427
dataset3912,dataset5651,dataset1837,dataset9484
dataset7154,dataset497,dataset6579,dataset6419
dataset6526,dataset5277,dataset8718,dataset2517
dataset1745,dataset7482,dataset6949,dataset4640
dataset2313,dataset4406,dataset4997,dataset4812
dataset653,dataset5006,dataset7388,dataset7315
dataset9893,dataset796,dataset8397,dataset6341
dataset1357,dataset5495,dataset1651,dataset797
dataset3509,dataset8285,dataset3810,dataset40
dataset934,dataset244,dataset7296,dataset8038
dataset372,dataset434,dataset8705,dataset6125
dataset833,dataset874,dataset231,dataset8275
dataset3057,dataset7172,dataset9698,dataset5168
dataset2823,dataset5887,dataset8935,dataset6876
dataset4814,dataset8428,dataset395,dataset6316
dataset6136,dataset4679,dataset3895,dataset3613
dataset1134,dataset3632,dataset209,dataset4926
dataset6300,dataset8442,dataset8647,dataset1268
dataset1709,dataset9436,dataset4187,dataset369
dataset4937,dataset123,dataset5773,dataset802
dataset2706,dataset647,dataset7542,dataset2831
dataset6364,dataset1536,dataset3321,dataset1822
dataset1496,dataset9880,dataset9570,dataset1039
dataset3915,dataset3664,dataset6243,dataset889
dataset4740,dataset8942,dataset7910,dataset907
dataset4837,dataset4954,dataset2933,dataset9069
dataset5368,dataset2265,dataset1881,dataset1903
dataset2683,dataset5340,dataset7018,dataset2145
dataset4197,dataset9360,dataset8610,dataset338
dataset5670,dataset7480,dataset260,dataset5429
dataset3512,dataset9465,dataset2575,dataset1284
dataset9581,dataset5362,dataset398,dataset9270
dataset7278,dataset9638,dataset8010,dataset3082
dataset6126,dataset6337,dataset8492,dataset6319
dataset159,dataset2755,dataset3474,dataset7667
dataset6431,dataset6656,dataset8567,dataset3780
dataset7526,dataset7541,dataset5011,dataset8980
dataset73,dataset5258,dataset6296,dataset5303
dataset6006,dataset8150,dataset1802,dataset8560
dataset149,dataset9444,dataset8430,dataset8080
dataset5916,dataset6273,dataset4276,dataset4254
dataset2696,dataset6667,dataset2487,dataset4868
dataset52,dataset6898,dataset3839,dataset5256
dataset9239,dataset3051,dataset1538,dataset9096
dataset9438,dataset6340,dataset6788,dataset7929
dataset4108,dataset9898,dataset3439,dataset7979
dataset4773,dataset1006,dataset6076,dataset442
dataset9929,dataset6980,dataset1604,dataset3544
dataset9993,dataset1942,dataset7118,dataset6226
dataset9875,dataset590,dataset8266,dataset9781
dataset6972,dataset501,dataset3498,dataset6087
dataset9404,dataset9122,dataset2398,dataset2761
dataset6913,dataset8369,dataset9345,dataset2032
dataset2609,dataset3911,dataset2426,dataset5657
dataset4574,dataset1338,dataset4215,dataset3311
dataset8855,dataset235,dataset8761,dataset4789
dataset9101,dataset1543,dataset8417,dataset3093
dataset2925,dataset6674,dataset760,dataset5254
dataset5813,dataset9352,dataset9302,dataset887
dataset9123,dataset5004,dataset2079,dataset7208
dataset2010,dataset4227,dataset9316,dataset6451
dataset2445,dataset816,dataset378,dataset6304
dataset5334,dataset763,dataset7123,dataset8691
dataset7275,dataset3530,dataset8687,dataset1746
dataset6592,dataset6642,dataset2188,dataset703
dataset921,dataset9792,dataset8634,dataset4969
dataset9392,dataset3961,dataset5179,dataset3955
dataset618,dataset3944,dataset7009,dataset946
dataset6609,dataset9962,dataset1209,dataset1094
dataset6406,dataset3266,dataset9145,dataset8065
dataset2996,dataset7792,dataset6152,dataset1033
dataset8908,dataset7605,dataset588,dataset233
dataset5913,dataset6777,dataset3683,dataset4676
dataset3527,dataset4981,dataset4454,dataset3280
dataset2157,dataset7256,dataset1869,dataset1537
dataset9817,dataset2837,dataset9370,dataset5555
dataset2154,dataset1309,dataset2692,dataset7609
dataset4940,dataset1987,dataset2329,dataset4160
dataset7743,dataset6466,dataset4870,dataset4570
dataset8042,dataset5658,dataset2501,dataset6783
dataset4427,dataset9972,dataset8403,dataset9290
dataset8643,dataset7969,dataset3249,dataset4207
dataset5705,dataset1643,dataset975,dataset8138
dataset3578,dataset910,dataset8639,dataset5591
dataset64,dataset8081,dataset940,dataset8400
dataset7570,dataset1098,dataset132,dataset3324
dataset3894,dataset2537,dataset198,dataset6429
dataset5178,dataset5757,dataset5943,dataset9216
dataset6262,dataset823,dataset4778,dataset9347
dataset6566,dataset9926,dataset3520,dataset2970
dataset619,dataset3625,dataset9161,dataset503
dataset7302,dataset1519,dataset482,dataset2733
dataset8568,dataset937,dataset3239,dataset3927
dataset5934,dataset3125,dataset5764,dataset6933
dataset3825,dataset1967,dataset4294,dataset3359
dataset7080,dataset8060,dataset3545,dataset6386
dataset8672,dataset2014,dataset5467,dataset2832
dataset5223,dataset8970,dataset1797,dataset3989
dataset8933,dataset2869,dataset5802,dataset1773
dataset7370,dataset6352,dataset4192,dataset2971
dataset9007,dataset1596,dataset8726,dataset2659
dataset3660,dataset546,dataset7202,dataset356
dataset4013,dataset4524,dataset7240,dataset4540
dataset9767,dataset3243,dataset6969,dataset982
dataset7628,dataset3719,dataset7460,dataset7209
dataset2169,dataset8807,dataset5221,dataset2915
dataset6247,dataset652,dataset4622,dataset3947
dataset3627,dataset6003,dataset496,dataset9455
dataset3292,dataset1438,dataset5807,dataset2108
dataset5380,dataset4830,dataset6877,dataset9705
dataset3160,dataset3672,dataset9260,dataset5945
dataset1411,dataset3170,dataset7132,dataset3971
dataset8123,dataset8371,dataset7311,dataset740
dataset7374,dataset8760,dataset4482,dataset7917
dataset2063,dataset3099,dataset9765,dataset259
dataset6775,dataset5197,dataset9117,dataset7955
dataset2986,dataset1527,dataset7259,dataset1015
dataset3784,dataset6809,dataset9961,dataset6839
dataset8532,dataset8541,dataset953,dataset750
dataset3985,dataset9629,dataset5910,dataset5912
dataset9,dataset5406,dataset3619,dataset7589
dataset7109,dataset7674,dataset7161,dataset1037
dataset7750,dataset102,dataset1953,dataset4739
dataset4145,dataset3386,dataset135,dataset7096
dataset8113,dataset8987,dataset9908,dataset383
dataset8678,dataset9537,dataset9731,dataset3874
dataset5,dataset8844,dataset2380,dataset1786
dataset8966,dataset9252,dataset3039,dataset6258
dataset7306,dataset2281,dataset2935,dataset4284
dataset6171,dataset3418,dataset922,dataset6197
dataset1652,dataset1529,dataset2854,dataset8149
dataset7737,dataset9642,dataset3890,dataset112
dataset2348,dataset9735,dataset3651,dataset5284
dataset5001,dataset4174,dataset4259,dataset2715
dataset5611,dataset6578,dataset2516,dataset6050
dataset6691,dataset3524,dataset4913,dataset6110
dataset8796,dataset8263,dataset2736,dataset3257
dataset2682,dataset8525,dataset30,dataset6808
dataset770,dataset1807,dataset916,dataset7233
dataset83,dataset4550,dataset707,dataset9389
dataset8173,dataset1622,dataset7238,dataset4809
dataset2396,dataset8118,dataset2420,dataset9142
dataset4006,dataset9386,dataset3062,dataset7148
dataset5201,dataset8920,dataset9528,dataset1507
dataset1770,dataset3309,dataset3398,dataset9210
dataset4890,dataset2673,dataset2357,dataset822
dataset6551,dataset2417,dataset1676,dataset931
dataset6198,dataset8189,dataset7828,dataset2440
dataset4097,dataset8815,dataset174,dataset396
dataset5251,dataset9997,dataset2221,dataset5582
dataset7911,dataset5298,dataset9273,dataset3024
dataset4948,dataset7549,dataset2375,dataset2411
dataset2306,dataset5355,dataset1861,dataset9943
dataset1617,dataset3648,dataset8052,dataset1626
dataset6534,dataset4691,dataset8305,dataset4758
dataset6878,dataset4799,dataset1273,dataset1230
dataset451,dataset4508,dataset1502,dataset7804
dataset3242,dataset2022,dataset7612,dataset6761
dataset1175,dataset8673,dataset7516,dataset9951
dataset134,dataset1178,dataset5317,dataset811
dataset854,dataset5073,dataset7616,dataset2388
dataset5267,dataset4825,dataset429,dataset5793
dataset417,dataset4248,dataset8101,dataset8955
dataset981,dataset9569,dataset9390,dataset2693
dataset2305,dataset3146,dataset886,dataset7711
dataset520,dataset7943,dataset5454,dataset2661
dataset4401,dataset4037,dataset6106,dataset785
dataset4738,dataset3073,dataset6324,dataset9033
dataset9990,dataset3476,dataset2296,dataset9664
dataset8917,dataset4397,dataset7444,dataset2345
dataset8340,dataset8851,dataset4681,dataset4701
dataset8699,dataset9728,dataset7251,dataset147
dataset5554,dataset3761,dataset155,dataset3349
dataset2606,dataset7950,dataset8001,dataset1018
dataset1367,dataset6164,dataset255,dataset2256
dataset4935,dataset8545,dataset360,dataset6130
dataset6064,dataset7351,dataset2207,dataset2778
dataset466,dataset9323,dataset9814,dataset49
dataset5927,dataset4326,dataset4985,dataset4786
dataset8637,dataset1562,dataset3479,dataset7234
dataset6185,dataset6899,dataset4970,dataset8729
dataset8384,dataset9328,dataset7341,dataset1399
dataset2070,dataset7286,dataset6377,dataset7530
dataset5418,dataset5734,dataset4519,dataset5690
dataset3118,dataset9881,dataset4767,dataset6942
dataset6477,dataset2229,dataset228,dataset2185
dataset1418,dataset3529,dataset8829,dataset2075
dataset738,dataset1066,dataset884,dataset1053
dataset1027,dataset8005,dataset2183,dataset4275
dataset2163,dataset4877,dataset2040,dataset10
dataset4226,dataset5661,dataset1970,dataset2866
dataset8154,dataset6322,dataset679,dataset1424
dataset8040,dataset7437,dataset9744,dataset6618
dataset564,dataset3904,dataset7862,dataset9165
dataset7268,dataset4736,dataset183,dataset6265
dataset3765,dataset5202,dataset9649,dataset8954
dataset2287,dataset7430,dataset7418,dataset9393
dataset7852,dataset3038,dataset4169,dataset3018
dataset1542,dataset9400,dataset6514,dataset9980
dataset9010,dataset6147,dataset2615,dataset7696
dataset5111,dataset31,dataset3569,dataset4240
dataset8590,dataset5426,dataset5140,dataset8470
dataset2464,dataset6744,dataset9491,dataset5523
dataset5248,dataset8135,dataset3504,dataset597
dataset2337,dataset8886,dataset3991,dataset7445
dataset4515,dataset7871,dataset3662,dataset8944
dataset893,dataset2369,dataset1673,dataset6906
dataset9092,dataset2772,dataset9894,dataset2618
dataset8066,dataset2647,dataset3634,dataset37
dataset6031,dataset5782,dataset3285,dataset9603
dataset4203,dataset7043,dataset835,dataset7533
dataset6970,dataset5062,dataset5500,dataset9158
dataset5883,dataset7416,dataset553,dataset6648
dataset1733,dataset7094,dataset197,dataset974
dataset4771,dataset3425,dataset9693,dataset1812
dataset4172,dataset7039,dataset1725,dataset9696
dataset2697,dataset4840,dataset4405,dataset7144
dataset8070,dataset4432,dataset9300,dataset5514
dataset5430,dataset1085,dataset8472,dataset5063
dataset7727,dataset612,dataset1433,dataset4350
dataset7167,dataset7569,dataset4144,dataset8575
dataset3843,dataset3014,dataset2474,dataset5253
dataset4578,dataset4695,dataset2181,dataset6350
dataset8313,dataset4366,dataset6214,dataset8991
dataset2902,dataset3976,dataset978,dataset3629
dataset6397,dataset8721,dataset2564,dataset3800
dataset1052,dataset7110,dataset8012,dataset1112
dataset6841,dataset379,dataset2757,dataset3303
dataset3317,dataset6425,dataset9708,dataset8824
dataset9633,dataset8377,dataset2794,dataset976
dataset2160,dataset5588,dataset2758,dataset7265
dataset8435,dataset87,dataset572,dataset3270
dataset1203,dataset362,dataset1341,dataset4536
dataset9136,dataset9164,dataset94,dataset6693
dataset4674,dataset3841,dataset7776,dataset4646
dataset3507,dataset7635,dataset9337,dataset3094
dataset6408,dataset7231,dataset5963,dataset810
dataset5725,dataset8720,dataset7068,dataset5015
dataset9259,dataset8755,dataset9826,dataset8897
dataset1275,dataset295,dataset4682,dataset4912
dataset3079,dataset2775,dataset3424,dataset2586
dataset6990,dataset6844,dataset2401,dataset6091
dataset5825,dataset481,dataset6066,dataset2115
dataset1029,dataset8136,dataset6631,dataset4905
dataset1660,dataset208,dataset3403,dataset7396
dataset7091,dataset4502,dataset8867,dataset5987
dataset3475,dataset3997,dataset7044,dataset3896
dataset5016,dataset2525,dataset5400,dataset1853
dataset5847,dataset5382,dataset575,dataset3131
dataset3740,dataset9242,dataset1871,dataset5272
dataset8107,dataset6854,dataset150,dataset600
dataset463,dataset8982,dataset8078,dataset9941
dataset2150,dataset6830,dataset4,dataset80
dataset9600,dataset243,dataset180,dataset8885
dataset8889,dataset1003,dataset6172,dataset9319
dataset2403,dataset656,dataset9228,dataset4644
dataset7395,dataset7783,dataset7739,dataset506
dataset988,dataset3732,dataset4449,dataset6150
dataset1634,dataset7729,dataset3755,dataset1293
dataset4952,dataset814,dataset5574,dataset6500
dataset6236,dataset3959,dataset7946,dataset6895
dataset8480,dataset9000,dataset6541,dataset1601
dataset8708,dataset3169,dataset4557,dataset4458
dataset6256,dataset140,dataset5698,dataset1931
dataset6827,dataset1179,dataset6161,dataset9663
dataset4267,dataset2466,dataset3369,dataset9620
dataset12,dataset3645,dataset2008,dataset1874
dataset1021,dataset7518,dataset6104,dataset7691
dataset4618,dataset8601,dataset643,dataset1360
dataset8992,dataset213,dataset7629,dataset9477
dataset4487,dataset4152,dataset3022,dataset1321
dataset7959,dataset9029,dataset5170,dataset1292
dataset1631,dataset827,dataset2741,dataset3426
dataset5417,dataset4337,dataset1756,dataset7084
dataset8936,dataset3518,dataset1069,dataset594
dataset9946,dataset7499,dataset4019,dataset7989
dataset9500,dataset3865,dataset2729,dataset4464
dataset2177,dataset4319,dataset7990,dataset5208
dataset5989,dataset4742,dataset9356,dataset3185
dataset1742,dataset4181,dataset4693,dataset9655
dataset5507,dataset1267,dataset1860,dataset7196
dataset9966,dataset819,dataset2025,dataset6998
dataset5958,dataset9332,dataset3777,dataset3127
dataset9907,dataset6875,dataset8793,dataset7719
dataset1769,dataset5983,dataset5869,dataset1106
dataset2227,dataset6199,dataset6079,dataset6770
dataset230,dataset8234,dataset5518,dataset9593
dataset1233,dataset552,dataset4534,dataset4400
dataset9394,dataset502,dataset9740,dataset9289
dataset8557,dataset2252,dataset2406,dataset1730
dataset2335,dataset5153,dataset6675,dataset3238
dataset8222,dataset7219,dataset4106,dataset9486
dataset2622,dataset7936,dataset6502,dataset1680
dataset493,dataset2419,dataset7283,dataset6272
dataset1569,dataset777,dataset5865,dataset7205
dataset7907,dataset7522,dataset6417,dataset4223
dataset303,dataset9110,dataset422,dataset1282
dataset9283,dataset690,dataset508,dataset4884
dataset2071,dataset772,dataset3730,dataset9530
dataset9841,dataset7903,dataset7557,dataset475
dataset3138,dataset5622,dataset4947,dataset3605
dataset6338,dataset4374,dataset5428,dataset6151
dataset3922,dataset8418,dataset2504,dataset8614
dataset3301,dataset8132,dataset7129,dataset3327
dataset5585,dataset4900,dataset8438,dataset7060
dataset2267,dataset2166,dataset2858,dataset708
dataset3202,dataset8465,dataset1528,dataset190
dataset5499,dataset6493,dataset9606,dataset1181
dataset2333,dataset158,dataset9845,dataset2434
dataset4173,dataset2613,dataset3767,dataset4832
dataset6929,dataset813,dataset8391,dataset9866
dataset8412,dataset3345,dataset8185,dataset3046
dataset3819,dataset6758,dataset8546,dataset3666
dataset3484,dataset9511,dataset3209,dataset196
dataset3401,dataset9544,dataset1373,dataset271
dataset8952,dataset461,dataset2985,dataset4517
dataset9778,dataset7709,dataset7282,dataset9496
dataset8273,dataset2759,dataset7486,dataset818
dataset1345,dataset3477,dataset4788,dataset9862
dataset7347,dataset8540,dataset3668,dataset3279
dataset3738,dataset2576,dataset8008,dataset6975
dataset8121,dataset7224,dataset7681,dataset8170
dataset9451,dataset3575,dataset6222,dataset1074
dataset7602,dataset1140,dataset9170,dataset7364
dataset3808,dataset6523,dataset1889,dataset6874
dataset5875,dataset6120,dataset2705,dataset1719
dataset1556,dataset1809,dataset5811,dataset9086
dataset1672,dataset9488,dataset8281,dataset4737
dataset6485,dataset2399,dataset4824,dataset5576
dataset4929,dataset4563,dataset7146,dataset1936
dataset7360,dataset1162,dataset3428,dataset1428
dataset2300,dataset9013,dataset8891,dataset9973
dataset8483,dataset7695,dataset8709,dataset284
dataset8805,dataset7433,dataset5321,dataset2107
dataset1516,dataset167,dataset5498,dataset1535
dataset2416,dataset9979,dataset5433,dataset721
dataset7606,dataset2936,dataset8951,dataset1523
dataset8957,dataset7098,dataset657,dataset5659
dataset5193,dataset623,dataset241,dataset8086
dataset4136,dataset9930,dataset3914,dataset4399
dataset8730,dataset7169,dataset9074,dataset917
dataset3996,dataset2642,dataset4347,dataset69
dataset301,dataset4808,dataset5239,dataset6255
dataset1911,dataset6731,dataset6767,dataset7512
dataset5159,dataset8688,dataset1182,dataset9432
dataset4049,dataset6119,dataset3898,dataset4122
dataset4310,dataset709,dataset3080,dataset6530
dataset9504,dataset8636,dataset6432,dataset5692
dataset7366,dataset9614,dataset6922,dataset4142
dataset3584,dataset7621,dataset1308,dataset2753
dataset5393,dataset1128,dataset6754,dataset1503
dataset200,dataset6002,dataset6299,dataset3367
dataset3204,dataset4910,dataset9240,dataset9656
dataset8243,dataset8993,dataset1599,dataset81
dataset1256,dataset9887,dataset2992,dataset8515
dataset7078,dataset9774,dataset6699,dataset8423
dataset510,dataset4414,dataset7358,dataset9586
dataset1232,dataset8542,dataset1686,dataset7032
dataset8785,dataset7639,dataset4415,dataset3414
dataset1450,dataset2130,dataset1919,dataset6780
dataset7488,dataset6617,dataset1280,dataset5870
dataset1796,dataset4247,dataset3610,dataset3000
dataset2384,dataset6312,dataset5013,dataset95
dataset9610,dataset2557,dataset2650,dataset7982
dataset8246,dataset3344,dataset898,dataset3164
dataset8003,dataset8766,dataset9809,dataset7732
dataset3020,dataset4647,dataset9519,dataset1722
dataset5356,dataset8093,dataset8752,dataset8478
dataset7753,dataset6082,dataset3814,dataset4373
dataset3034,dataset2695,dataset415,dataset654
dataset9464,dataset9536,dataset4552,dataset14
dataset1700,dataset3179,dataset3415,dataset6495
dataset9237,dataset7470,dataset3012,dataset4217
dataset9889,dataset1247,dataset7679,dataset3467
dataset8664,dataset6074,dataset8338,dataset7842
dataset5842,dataset7392,dataset3059,dataset250
dataset7253,dataset3379,dataset2596,dataset926
dataset1461,dataset7062,dataset1935,dataset2627
dataset6522,dataset8744,dataset9588,dataset7543
dataset1434,dataset4636,dataset9901,dataset324
dataset6717,dataset7478,dataset3045,dataset5482
dataset5621,dataset3700,dataset6439,dataset4233
dataset1750,dataset3352,dataset7166,dataset6542
dataset7896,dataset5674,dataset7913,dataset1044
dataset4282,dataset9796,dataset7188,dataset7325
dataset4424,dataset3646,dataset6211,dataset3289
dataset8024,dataset6948,dataset3433,dataset2053
dataset5630,dataset3065,dataset9118,dataset5385
dataset587,dataset788,dataset7689,dataset1201
dataset122,dataset8207,dataset3490,dataset2124
dataset3823,dataset820,dataset264,dataset495
dataset9312,dataset4480,dataset3952,dataset3516
dataset4765,dataset528,dataset2718,dataset42
dataset7626,dataset8063,dataset713,dataset3312
dataset294,dataset8816,dataset4551,dataset7295
dataset9911,dataset8116,dataset3381,dataset2482
dataset7573,dataset5228,dataset5419,dataset6850
dataset2231,dataset236,dataset1726,dataset4029
dataset1779,dataset3003,dataset6391,dataset337
dataset1851,dataset4127,dataset5036,dataset2990
dataset6932,dataset1752,dataset3951,dataset4621
dataset1359,dataset8033,dataset6524,dataset4189
dataset2709,dataset1131,dataset3826,dataset5836
dataset507,dataset3533,dataset8062,dataset4697
dataset8342,dataset774,dataset3496,dataset795
dataset7931,dataset2061,dataset8032,dataset7247
dataset1083,dataset3602,dataset3154,dataset2002
dataset6979,dataset3749,dataset2156,dataset3210
dataset9524,dataset9321,dataset3067,dataset9278
dataset3550,dataset6061,dataset752,dataset9055
dataset6486,dataset9788,dataset6443,dataset5572
dataset8352,dataset7893,dataset3194,dataset2113
dataset3027,dataset2465,dataset7550,dataset9309
dataset7126,dataset9434,dataset6712,dataset4666
dataset4753,dataset9813,dataset9762,dataset6065
dataset2433,dataset9950,dataset7782,dataset9297
dataset7031,dataset6039,dataset1289,dataset8455
dataset9639,dataset5604,dataset8252,dataset1754
dataset7214,dataset5957,dataset7807,dataset5192
dataset7798,dataset3441,dataset4170,dataset4678
dataset1394,dataset8253,dataset2251,dataset895
dataset2708,dataset1070,dataset1387,dataset9626
dataset3120,dataset7313,dataset1402,dataset381
dataset6133,dataset4070,dataset2405,dataset902
dataset9402,dataset7327,dataset965,dataset608
dataset5164,dataset3499,dataset8466,dataset8310
dataset9251,dataset6563,dataset7619,dataset4125
dataset7528,dataset903,dataset1001,dataset2457
dataset1396,dataset9146,dataset830,dataset5953
dataset5905,dataset8160,dataset2242,dataset7318
dataset9446,dataset7560,dataset8642,dataset4316
dataset9835,dataset256,dataset283,dataset4741
dataset2377,dataset1644,dataset9832,dataset1897
dataset6478,dataset7116,dataset2347,dataset2355
dataset1249,dataset8620,dataset7355,dataset8334
dataset843,dataset8415,dataset7975,dataset5053
dataset5304,dataset2493,dataset8111,dataset5165
dataset2947,dataset7978,dataset3176,dataset7459
dataset160,dataset6585,dataset5346,dataset9743
dataset7450,dataset9864,dataset4835,dataset3831
dataset3122,dataset3107,dataset2371,dataset4516
dataset3397,dataset3542,dataset3031,dataset3722
dataset8871,dataset1950,dataset1971,dataset2631
dataset6445,dataset2164,dataset9306,dataset6917
dataset6059,dataset543,dataset3247,dataset1473
dataset9048,dataset5580,dataset2095,dataset4942
dataset4968,dataset648,dataset1298,dataset8535
dataset6572,dataset4229,dataset5302,dataset8035
dataset4721,dataset4243,dataset4932,dataset1605
dataset6355,dataset4035,dataset2020,dataset9045
dataset5501,dataset1391,dataset144,dataset2969
dataset532,dataset61,dataset6154,dataset9877
