concentration,tail_gap,arm
0.4435311865993864,1.690694980604964,empirical
0.544523909953695,0.803331536526507,empirical
0.1496229914898404,7.362007257743561,empirical
0.0020378097574386403,1070.8862734966617,empirical
0.18734142402650344,4.844122960085631,empirical
0.2730196902223345,2.318136692394753,empirical
0.378710349045304,3.515465784690849,empirical
0.639323408824591,0.7092011068934436,empirical
0.5152323759809583,1.727739453397167,empirical
0.2352317984887537,0.21730487092293788,empirical
0.401879128328145,2.8684952174008624,empirical
0.3049154917546535,2.3152763721914495,empirical
0.33797875514705894,2.6357132160577494,empirical
0.1673451096089929,4.326997372894453,empirical
0.48793831139506666,1.187319219260271,empirical
0.21304521943286187,3.437388142589057,empirical
0.10247551444227662,7.843717324675532,empirical
0.37232429670971257,0.5945842542616481,empirical
0.35501235119974667,2.9088065884728858,empirical
0.4016106442577031,0.47164179104477566,empirical
0.41185762375731255,1.3732617920773327,empirical
0.1534134674601319,9.666461070978233,empirical
0.214469391489015,1.3423174113424037,empirical
0.6522876094745331,0.8953229398663698,empirical
0.2131541842912831,1.3410852713178294,empirical
0.6850795063237961,0.5073604800939228,empirical
0.682507863308125,0.2428168554494567,empirical
0.03524909095894016,16.09547533001107,empirical
0.7689263330476094,0.2722367751263741,empirical
0.23370690234398467,2.021063740848571,empirical
0.615973993839748,0.21487345647080106,empirical
0.46118879340265456,2.251590970793547,empirical
0.20688309010437214,3.003666090987793,empirical
0.04296168883505356,48.13869043427476,empirical
0.33042212518195047,1.6297640653357546,empirical
0.33258506837271073,2.4687676102128395,empirical
0.3448212682561666,1.2286742062560723,empirical
0.05625091215053718,8.318048657752069,empirical
0.15351220938023954,7.4448512379789715,empirical
0.6090355854883774,2.030092518072582,empirical
0.5683258914390987,0.34943732768497476,empirical
0.5586997345075438,1.0023404255319148,empirical
0.23816604865147456,1.3752524351054418,empirical
0.0009375959389202856,3000.7920797827005,empirical
0.26313292351241757,3.770644608147288,empirical
0.1368343257281152,8.971892866690743,empirical
0.32069296754988386,2.1698383122491682,empirical
0.305844845908608,4.544000000000001,empirical
0.5187236128330479,2.0775723766687393,empirical
0.4812018489984594,4.897959183673469,empirical
0.3079854058905539,4.391674816625916,empirical
0.5778039585296889,0.8671328671328671,empirical
0.20063310685608401,0.9137489325362932,empirical
0.19564796617634767,5.168044966577392,empirical
0.8787037037037039,0.2758620689655171,empirical
0.1925151766971422,4.131643961576354,empirical
0.0253787427639181,73.97213345769926,empirical
0.1589669138450405,2.6444671075564647,empirical
0.7128790807156602,0.30479439439158146,empirical
0.9885191373964962,0.9509313587433168,empirical
0.31278988373751093,2.3025238095238088,empirical
0.3624456464302665,2.129735261553967,empirical
0.3462351612232886,1.604438591967872,empirical
0.20236437011477004,4.343187526952338,empirical
0.5452389773990369,1.7086622688439497,empirical
0.011218749082741793,183.43573667039024,empirical
0.8397617118628654,0.47959183673469424,empirical
0.6734701896637453,0.557923128775102,empirical
0.3795905231470376,3.249928210620789,empirical
0.8622483357140932,0.7451765562431744,empirical
0.2557346208140894,8.151528357512712,empirical
0.4746249325024626,0.9840601657014834,empirical
0.6333566250105049,1.6910996327590837,empirical
0.35697097829884894,2.0623937400147367,empirical
0.2579288974960325,2.7460579254493074,empirical
0.3581598178441008,1.4842030318721495,empirical
0.7082377024038532,2.410868906093179,empirical
0.6397524506482359,5.835000000000012,empirical
0.5989091168181866,0.5165671992530944,empirical
0.3643649652641003,1.8480432568740601,empirical
0.13547813656347182,3.972960589590623,empirical
0.6469221433179883,0.5119795917216426,empirical
0.5788881791026702,1.772110162916988,empirical
0.20079862966855325,3.6377990038167947,empirical
0.11404285885310667,10.533333333333335,empirical
0.4013003901170352,1.9577836411609497,empirical
0.7654529371412067,0.3964283612397594,empirical
0.2963383232226247,0.722824576035585,empirical
0.34656610847424363,2.5823024403434056,empirical
0.18009528431924512,2.9990878431165218,empirical
0.5663937106748083,1.2465879016303418,empirical
0.002455882703558232,951.5650857439662,empirical
0.1922071844547605,0.7632156583489279,empirical
0.2914009925755295,1.4631011068808322,empirical
0.2039709440739818,0.6058036103974105,empirical
0.2247142267859781,6.148555994229422,empirical
0.1818367960813965,1.1768975458435837,empirical
0.5051813471502592,1.249249249249249,empirical
0.5119465048784666,0.7022984605249415,empirical
0.5182062822715376,1.1679001384883156,empirical
0.38342707161604805,0.4,empirical
0.4576315789473683,1.4405940594059403,empirical
0.8636363636363638,0.3999999999999993,empirical
0.17364927350106757,6.4200957468452655,empirical
0.3315284707921408,2.1083516713821657,empirical
0.5931803280733629,0.2603613653448217,empirical
0.24042981867024854,7.019054962000218,empirical
0.058075503346197585,9.865549270407165,empirical
0.2927563575055698,2.2256410256410244,empirical
0.9362414534384262,0.5861390259340507,empirical
0.3950625742918433,2.5714430746497774,empirical
0.0713147418759203,16.52573187337582,empirical
0.43653456562070203,0.8607472517129764,empirical
0.24498904157842916,5.297172771111299,empirical
0.197688938848137,8.157671128926056,empirical
0.7607009650109525,0.34265463203942625,empirical
0.5015121857608904,1.9777316474806566,empirical
0.7523163204353887,1.227892883742976,empirical
0.5525502043059922,2.9698840410444642,empirical
0.7941787941787948,0.9411764705882455,empirical
0.06471435248700612,24.20543046357616,empirical
0.25126336218577366,2.4251491873008613,empirical
0.17240928064251262,5.794612387116212,empirical
0.1474900174411703,2.5242261162456363,empirical
0.3128251424765338,1.9264083645137606,empirical
0.5796319543691186,0.8186912719256205,empirical
0.630703461554396,0.5221186663846118,empirical
0.5561483409238778,3.3697385443932952,empirical
0.7866153846153848,1.142209398186314,empirical
0.2967202572347267,2.674386545354287,empirical
0.7315840067281117,0.876082622769835,2026-09-12b
0.6224744796645706,8.194644333081635,2026-09-12b
0.7254758867784923,0.46057139006604475,2026-09-12b
0.7361749286703148,0.586595333238876,2026-09-12b
0.8694276391804853,0.9965364739977083,2026-09-12b
0.7012387496190212,1.2580611707901357,2026-09-12b
0.7661795353190527,1.3269007840115767,2026-09-12b
0.8177173313477055,0.7278446946481831,2026-09-12b
0.8522966498173579,1.049740172076266,2026-09-12b
0.8384697178476209,0.5688258876485813,2026-09-12b
0.7145922090910732,1.5699731593951707,2026-09-12b
0.8626934292300733,0.8529202945126823,2026-09-12b
0.588284147657698,2.1627757330113955,2026-09-12b
0.5936491904926194,3.599680794002346,2026-09-12b
0.6845602056067428,0.57147042825603,2026-09-12b
0.663219640412475,4.386811850834543,2026-09-12b
0.6277318148049709,2.927284809995594,2026-09-12b
0.8530076453081067,0.301344213496641,2026-09-12b
0.6295946102890295,1.5144578507662314,2026-09-12b
0.6656529093222135,4.692924059569937,2026-09-12b
0.6694962031116037,2.0675576906760362,2026-09-12b
0.6995588800380164,0.14575237457125978,2026-09-12b
0.9223199946324354,1.0190588985980662,2026-09-12b
0.8951026936973816,0.6498487382350826,2026-09-12b
0.8672368027135553,0.23284191209004151,2026-09-12b
0.5834521285031973,0.7588672755497228,2026-09-12b
0.6461636772736233,7.175436455303324,2026-09-12b
0.5693177059306963,2.231634689033465,2026-09-12b
0.677603431279161,1.9496720590499048,2026-09-12b
0.7851107893119056,0.9304271993639263,2026-09-12b
0.9819576474568323,0.4689323338136516,2026-09-12b
0.862445950107195,0.3243105484381739,2026-09-12b
0.8666947166801653,0.31863093119295305,2026-09-12b
0.7572134895181003,0.814486302211395,2026-09-12b
0.8532115969740307,0.6115432435080476,2026-09-12b
0.6680101517995087,0.6397050355244417,2026-09-12b
0.5240594302265571,3.7276852220916856,2026-09-12b
0.8612106892377023,0.25377747806291984,2026-09-12b
0.7255465705184359,1.145319591618517,2026-09-12b
0.8526434941423738,0.24541804040593254,2026-09-12b
0.8569712625179772,0.7574124661014736,2026-09-12b
0.5951886982402941,2.880554032357582,2026-09-12b
0.7470406388393532,0.6422070442300278,2026-09-12b
0.6456787517588414,0.41133965442367554,2026-09-12b
0.7078376469201969,0.7734574938681912,2026-09-12b
0.5978388056677931,2.57881084637865,2026-09-12b
0.5928415795739248,0.7677107993185466,2026-09-12b
0.9047914348966264,0.16246191346691036,2026-09-12b
0.4422000749060637,9.285424150569431,2026-09-12b
0.9945712744669534,0.4024662196187279,2026-09-12b
0.7010568463684409,2.2977230505396373,2026-09-12b
0.8068338697635163,0.7644431410005877,2026-09-12b
0.7236411223983107,0.729314506186088,2026-09-12b
0.611331208052566,27.906447993878064,2026-09-12b
0.7853793823309141,1.1211286287022306,2026-09-12b
0.641731051232572,2.5474024973350464,2026-09-12b
0.45027077670701765,3.2963818900088864,2026-09-12b
0.7941264903895674,0.9499608947225681,2026-09-12b
0.7032314290172385,0.8682339363887207,2026-09-12b
0.6511617113181165,0.2887118768959175,2026-09-12b
0.7766641476617521,0.7023673069103216,2026-09-12b
0.6350854336388514,0.1565269533558866,2026-09-12b
0.6891013874552608,1.3884986738564968,2026-09-12b
0.6750304319947632,3.78982605696466,2026-09-12b
0.7325781571155595,1.4560995717555427,2026-09-12b
0.689554943532735,0.9255871156844689,2026-09-12b
0.7815307450168085,0.712517207293563,2026-09-12b
0.9289625320746686,0.23900585750646555,2026-09-12b
0.6320060886136916,1.6863804295997704,2026-09-12b
0.8210949837943582,0.4569622218709999,2026-09-12b
0.5865559137021423,1.9473733331924572,2026-09-12b
0.6300749362213838,6.118219375870602,2026-09-12b
0.5672981932368703,1.2036396839651362,2026-09-12b
0.5052977343454155,1.921708627397802,2026-09-12b
0.4890651848586352,7.102549774630695,2026-09-12b
0.8189652388608042,0.4662368034428339,2026-09-12b
0.7732226401751446,0.8115277282251077,2026-09-12b
0.7310000144614638,0.1416592254893909,2026-09-12b
0.8687075856037941,0.32246336054418395,2026-09-12b
0.5012269599140144,3.5982154716312063,2026-09-12b
0.8165487733721882,0.38016271129074136,2026-09-12b
0.7667022941556481,1.031280904860092,2026-09-12b
0.5548028711655328,2.434908594345168,2026-09-12b
0.7493396676498058,1.2108311332951809,2026-09-12b
0.7148346254602701,0.5966268790263825,2026-09-12b
0.9489999916576182,1.1297846482120948,2026-09-12b
0.9671279749089604,0.1600193833211224,2026-09-12b
0.9495104758486941,0.6491076248636158,2026-09-12b
0.9075061577594191,0.4901132105170752,2026-09-12b
0.5424809825243562,0.4355652285162963,2026-09-12b
0.685125383441953,3.0158697017448115,2026-09-12b
0.6314400333488155,2.268595862509106,2026-09-12b
0.43769855266706725,2.6246862773486415,2026-09-12b
0.697519002197181,2.362136280454482,2026-09-12b
0.8910575368938681,0.9839838052838522,2026-09-12b
0.7785710701344236,0.9175012835593229,2026-09-12b
0.8268471629924411,0.45968559075630705,2026-09-12b
0.7154369737764903,0.32431210377562075,2026-09-12b
0.9882072245578135,0.8375327283616554,2026-09-12b
0.8805071498905934,0.5186440160805628,2026-09-12b
0.621213168264862,1.8706007439402157,2026-09-12b
0.7454512726188367,1.4860369069575419,2026-09-12b
0.4742062351882364,2.3740243851510012,2026-09-12b
0.5883648994241624,1.5774789080776326,2026-09-12b
0.5625968567298635,2.694612088026027,2026-09-12b
0.6236676261696713,15.72033677297043,2026-09-12b
0.9474517854168185,0.5488849498538223,2026-09-12b
0.6875590460318117,0.3703784461751821,2026-09-12b
0.6282532502017223,1.7124225263516428,2026-09-12b
0.6215880467292787,3.447869449946549,2026-09-12b
0.986580598436444,0.6677419446675731,2026-09-12b
0.9790596938730762,0.4412311657255014,2026-09-12b
0.6688358002257108,0.5069048923865258,2026-09-12b
0.6716023551463749,2.7800289641355898,2026-09-12b
0.8150946125615394,0.3950208526561718,2026-09-12b
0.5920563559015526,1.7758075217672438,2026-09-12b
0.9122009537963776,0.7300830471966856,2026-09-12b
0.5593636677096082,2.5317882927582804,2026-09-12b
0.7473694049620436,1.195044749725672,2026-09-12b
0.4508647946799921,15.516125376014026,2026-09-12b
0.7203839566439283,1.0279229353540902,2026-09-12b
0.7918240720501897,0.5731523416360778,2026-09-12b
0.6995572094320806,0.8731758989630294,2026-09-12b
0.6002231230527599,1.428763198750308,2026-09-12b
0.9762154190352241,0.8632210646161289,2026-09-12b
0.7335333652023818,1.3251549761301895,2026-09-12b
0.9046386561757704,0.7939898171832014,2026-09-12b
0.8347215174326192,0.23984882703425894,2026-09-12b
0.8514625876814217,1.0019530555562133,2026-09-12b
0.6823367589073358,0.8170484739282594,2026-09-12b
0.8612003467484605,0.6347536952369961,2026-09-12b
0.7482104287920364,0.19380075616997264,2026-09-12b
0.8940791773224426,0.6828262910580464,2026-09-12b
0.534117553100053,14.29423946397395,2026-09-12b
0.6874082036181388,1.8129511682333106,2026-09-12b
0.6821190340694138,3.0425445579952095,2026-09-12b
0.8086432417081312,0.5214351813041465,2026-09-12b
0.6100719714213968,0.782823226289387,2026-09-12b
0.8744123670607724,0.2663997907129938,2026-09-12b
0.6537413831723021,0.1714584867110148,2026-09-12b
0.9178775847244843,0.3647867011043733,2026-09-12b
0.7390668439826367,0.8797333824797859,2026-09-12b
0.7200628116216331,1.076263098724565,2026-09-12b
0.6699022763548318,0.7090249206048722,2026-09-12b
0.6792490732980283,0.8102036795518179,2026-09-12b
0.684557777148123,2.342150593836139,2026-09-12b
0.7472744156761104,1.6412059829926873,2026-09-12b
0.717345199190481,1.0180453360583395,2026-09-12b
0.90178836026744,0.39472477237469733,2026-09-12b
0.7953481154546044,1.1003044005999865,2026-09-12b
0.5228728912633196,2.3677610279392143,2026-09-12b
0.7726054267635089,0.8088649387563441,2026-09-12b
0.9915025510730096,0.7336796314315659,2026-09-12b
0.5215597101675912,1.6668540827664853,2026-09-12b
0.7801796152332259,0.8673352558120356,2026-09-12b
0.6913566443101065,0.6709455664608358,2026-09-12b
0.5908505209330759,2.4947642473766036,2026-09-12b
0.6645441369493863,0.8991815344679507,2026-09-12b
0.8039205372796502,1.152177234622461,2026-09-12b
0.33877549304860055,12.644489690713348,2026-09-12b
0.8437532931505567,0.5619144298500596,2026-09-12b
0.7212074347655636,1.0371367295442737,2026-09-12b
0.4443601515620271,2.0822444463630907,2026-09-12b
0.5273320404022138,4.226451362035341,2026-09-12b
0.5485987257474301,1.6810014256635615,2026-09-12b
0.8809655980673774,0.77944295467171,2026-09-12b
0.5857322415800157,1.627297072281393,2026-09-12b
0.7830112300094957,0.6063974903983773,2026-09-12b
0.814362769422602,0.6579686634499914,2026-09-12b
0.7546351771439805,0.7716133280908394,2026-09-12b
0.6629827293210417,0.5028862117905357,2026-09-12b
0.9075764429987875,0.790285726385807,2026-09-12b
0.666243477760706,0.9246669503258896,2026-09-12b
0.7847515425603457,0.9313285056684888,2026-09-12b
0.7296958851716098,1.3702000302605055,2026-09-12b
0.8086529525745341,2.2950872713952437,2026-09-12b
0.8054067781417079,0.9707112007735352,2026-09-12b
0.6737133735704772,3.5798597097087512,2026-09-12b
0.6784664115046102,2.0048059712071464,2026-09-12b
0.7837541463479558,0.671806904698046,2026-09-12b
0.9077686749171897,0.20159884000973316,2026-09-12b
0.7417112041266196,1.5291187297447566,2026-09-12b
0.6162037511249487,19.62996231505586,2026-09-12b
0.7450208110974955,1.1482273227910926,2026-09-12b
0.7653089770813821,0.644548621213276,2026-09-12b
0.7289838887113468,0.9353695614309546,2026-09-12b
0.8244940037734151,0.7859323860114728,2026-09-12b
0.9265868418657213,1.103353862262603,2026-09-12b
0.6837199956518064,0.6825666021863871,2026-09-12b
0.720548045904941,2.1118777743192623,2026-09-12b
0.9245326409832895,0.4920240214721655,2026-09-12b
0.5226481225177086,3.1012859294190176,2026-09-12b
0.8146664878155786,0.9419911199786062,2026-09-12b
0.8415734967344718,0.695019634836463,2026-09-12b
0.9685001013327753,0.7327582203853898,2026-09-12b
0.5907635215714315,1.3351356563421315,2026-09-12b
0.9922437941255117,0.46611752932461514,2026-09-12b
0.46483116125271773,2.008899521131837,2026-09-12b
0.9350591139207116,0.40982839045123864,2026-09-12b
0.7585036346939654,0.86750709572151,2026-09-12b
0.7983423308815062,0.7048367552133096,2026-09-12b
0.8263866218948147,0.43799004883775383,2026-09-12b
0.6273495289494259,0.6748440952774628,2026-09-12b
0.8129564553563517,0.9937702279284966,2026-09-12b
0.8416600158334215,0.8560395549125801,2026-09-12b
0.6362802019027193,0.9960498831154264,2026-09-12b
0.6225506632169289,0.7211000362761707,2026-09-12b
0.8217461403565897,1.1155840464883218,2026-09-12b
0.6734638796094307,2.700639020819521,2026-09-12b
0.8333121177575581,0.3854329200071718,2026-09-12b
0.7461712762339481,0.2288387765785201,2026-09-12b
0.6876588997476678,2.509251043623015,2026-09-12b
0.6987342542618327,0.5644650044180123,2026-09-12b
0.8775203331720165,0.6290760477744455,2026-09-12b
0.8588037623949821,0.4869383409681587,2026-09-12b
0.6786579857382854,2.0041237905806555,2026-09-12b
0.7088190162823981,0.8364936643219124,2026-09-12b
0.7173616928503135,0.9882165348995718,2026-09-12b
0.6740133360200566,0.4058764511116565,2026-09-12b
0.6472105234147368,2.55527086563894,2026-09-12b
0.7921338163723689,1.0165675147871904,2026-09-12b
0.9087085686392417,0.7537475792360651,2026-09-12b
0.6029723726900318,2.619081836372363,2026-09-12b
0.8369312328102819,0.39482940193960897,2026-09-12b
0.599658135845078,2.8283143684162453,2026-09-12b
0.8283234964180969,1.1818254067735416,2026-09-12b
0.4840475003963325,5.755562539206309,2026-09-12b
0.6381642725335019,8.949107514910489,2026-09-12b
0.7095552879958918,1.6165218942594413,2026-09-12b
0.7421577822383213,0.7254276945299968,2026-09-12b
0.8452819558321474,0.4638166658546654,2026-09-12b
0.906968508697425,0.7702979573300447,2026-09-12b
0.6210460743416787,3.6223592572577035,2026-09-12b
0.8742647308322645,0.8452585451811088,2026-09-12b
0.7287243898026547,1.8917690124196755,2026-09-12b
0.6389141535670843,2.5308344906832057,2026-09-12b
0.36676180773653294,2.0402224076264472,2026-09-12b
0.9506765458918207,0.7811677305721763,2026-09-12b
0.9023068205406487,0.5855107918990521,2026-09-12b
0.8102685147156534,0.815280879361157,2026-09-12b
0.6364435303795275,1.7334528428378977,2026-09-12b
0.7101507479793004,1.6529286604946642,2026-09-12b
0.7209327877368377,0.8773919576001331,2026-09-12b
0.7805181128416364,1.4265267148764305,2026-09-12b
0.769247821277366,0.5465281952385092,2026-09-12b
0.7878784416378485,0.9175754495944711,2026-09-12b
0.7838476325975338,0.28673234169364475,2026-09-12b
0.45783851138065207,2.9376728305789523,2026-09-12b
0.6330316629230699,0.6207968004670212,2026-09-12b
0.7438441627135275,0.19445313919699508,2026-09-12b
0.6158559918864698,0.9975926446986189,2026-09-12b
0.6734491070154293,0.9893569833058559,2026-09-12b
0.6543102309933032,1.4499132970904822,2026-09-12b
0.8211304541271128,0.5211823104630674,2026-09-12b
0.4035234720392288,4.197695463173491,2026-09-12b
0.6163640683719241,20.830269057190915,2026-09-12b
0.6232786414921763,1.7673341066868058,2026-09-12b
0.7777292125586776,0.937790589186288,2026-09-12b
0.6338376653340256,7.490319414090702,2026-09-12b
0.6411692564114863,1.8906727215770294,2026-09-12b
0.8461522129695205,0.3385792632656481,2026-09-12b
0.8093501463657973,0.4046037587520785,2026-09-12b
0.9171058335468417,1.7264506026412159,2026-09-12b
0.797718385677464,0.6176087147897796,2026-09-12b
0.7231065848824617,0.5395506825804001,2026-09-12b
0.7634999111251587,1.0446802947545522,2026-09-12b
0.862303318633624,0.32928759495790966,2026-09-12b
0.3759085988759549,0.4705947472251446,2026-09-12b
0.6195117559813991,1.621650425645818,2026-09-12b
0.6401723935691255,6.5897639417070355,2026-09-12b
0.6636767048521474,0.6207392948373691,2026-09-12b
0.5243577686924485,2.161827077609872,2026-09-12b
0.8787838857961537,0.4035841792782772,2026-09-12b
0.44358207200691174,2.5563854460507174,2026-09-12b
0.7761652761378872,0.7764624378333144,2026-09-12b
0.7617690686687058,0.9246725122761932,2026-09-12b
0.7974170800057063,0.8789609957450106,2026-09-12b
0.6731886621213115,1.622370624400546,2026-09-12b
0.614438305103196,25.173540903541948,2026-09-12b
0.6993863669428866,1.9217538359859774,2026-09-12b
0.8644727955419388,0.5271574898954187,2026-09-12b
0.6192941879443533,1.3797398326901467,2026-09-12b
0.54944613362878,0.9623000203405218,2026-09-12b
0.6471123407603045,6.459093770016737,2026-09-12b
0.846824708500005,0.20191627801400877,2026-09-12b
0.5960865969456891,0.5926565465719442,2026-09-12b
0.8479405537935524,0.9562154280938958,2026-09-12b
0.9460362261914317,0.10772793392855814,2026-09-12b
0.41722054140524667,4.4993999389534896,2026-09-12b
0.904369042561115,0.8001752778856354,2026-09-12b
0.7565630757350735,0.6030913130967449,2026-09-12b
0.8465163544743455,0.9047941900117874,2026-09-12b
0.8521167959750725,0.2672816802479268,2026-09-12b
0.7669734733790677,0.5953214222024211,2026-09-12b
0.7481527639689933,0.6693044146409401,2026-09-12b
0.6707754216333794,4.472872453714566,2026-09-12b
0.4113964377000419,4.091588226999574,2026-09-12b
0.8682788082923042,0.2709037636842117,2026-09-12b
0.7566623846619759,1.498272370011964,2026-09-12b
0.5835130049563957,6.227311563941728,2026-09-12b
0.8740606479985744,0.31363172587560134,2026-09-12b
0.6450584305959586,5.981370459667073,2026-09-12b
0.8308646398112487,0.6909198663488109,2026-09-12b
0.7142172915159496,1.7327875326917432,2026-09-12b
0.8648330106559238,0.3274259872664689,2026-09-12b
0.8916140272767672,0.7531759051167688,2026-09-12b
0.9051859704877094,0.6007421852299293,2026-09-12b
0.6327328909577267,10.470286494774665,2026-09-12b
0.7858447858186902,0.9873361466090932,2026-09-12b
0.5263449885624484,1.664836554087592,2026-09-12b
0.8394669601410021,0.35496497853571246,2026-09-12b
0.6285911248854432,12.842318704538645,2026-09-12b
0.6819703716368116,3.2535138874726965,2026-09-12b
0.8593431408031175,0.9595448978197256,2026-09-12b
0.8207278387320909,0.7120287027080264,2026-09-12b
0.9641683971743129,0.5306815063259851,2026-09-12b
0.7441293447757014,1.0836904546570545,2026-09-12b
0.8415505954958146,0.7456020019770094,2026-09-12b
0.6509464782424434,5.966431467010005,2026-09-12b
0.5790370490109549,2.2801214291665284,2026-09-12b
0.5794071734144589,2.696233715681185,2026-09-12b
0.8063693343126991,0.9496919899503007,2026-09-12b
0.6360168271163141,7.903013620648969,2026-09-12b
0.655957968217543,2.4426631826379883,2026-09-12b
0.7515588399004658,0.3344287987770965,2026-09-12b
0.9457549790236001,0.3468791352811644,2026-09-12b
0.7418496304247812,1.3071587553324848,2026-09-12b
0.6051076870453891,0.7379970242107181,2026-09-12b
0.7753595688371304,0.8253563805627283,2026-09-12b
0.96506799358138,2.7801472410943546,2026-09-12b
0.7820297817966583,1.03396381648577,2026-09-12b
0.4988309096801626,7.3263133574482895,2026-09-12b
0.6342367633954948,10.418627957880338,2026-09-12b
0.8310541243152806,0.3993178163189281,2026-09-12b
0.7236742994000971,2.0434378849047747,2026-09-12b
0.6577092688563727,1.304634816942162,2026-09-12b
0.8208303129776922,0.77419562149264,2026-09-12b
0.8668028265644262,0.3044084925430421,2026-09-12b
0.74683603463036,0.60296582262453,2026-09-12b
0.8354450850597285,0.6956093652589171,2026-09-12b
0.6957549599915813,0.7806951810727158,2026-09-12b
0.8607523462992248,0.5434909085739099,2026-09-12b
0.6598568466735136,0.4608441530889567,2026-09-12b
0.6651823437537165,1.7324407989641069,2026-09-12b
0.9479361718646868,0.27238462212895337,2026-09-12b
0.8343999503736111,0.9696236621317966,2026-09-12b
0.6663781892564393,0.36478101863012913,2026-09-12b
0.7362362831157762,0.420433574856723,2026-09-12b
0.8742237155018088,1.0614412112319762,2026-09-12b
0.6591252107369465,2.5376848665872713,2026-09-12b
0.8214009284871004,0.48545233670770555,2026-09-12b
0.5120021382280204,3.48065089266284,2026-09-12b
0.7042557042672168,0.5333485928117246,2026-09-12b
0.771301915984284,0.7848815692672299,2026-09-12b
0.5728211995146105,0.7213558596874665,2026-09-12b
0.623753705968925,5.480263095135663,2026-09-12b
0.7228975039813418,1.3629461909696494,2026-09-12b
0.7114879560901031,1.4504537866697604,2026-09-12b
0.9042576510077247,0.1876910301314042,2026-09-12b
0.7040320762804755,0.882781045824866,2026-09-12b
0.8913398909760556,0.10245253117898781,2026-09-12b
0.812086164089549,0.7955371502427933,2026-09-12b
0.669313882064996,1.6299095817130362,2026-09-12b
0.6098130497477003,1.2310796422142565,2026-09-12b
0.43792449829850466,1.7173473570902005,2026-09-12b
0.6429570461457911,1.2469706370870723,2026-09-12b
0.5843717888533576,1.6207687878912866,2026-09-12b
0.5778874274793322,0.34713662271229795,2026-09-12b
0.8721482350721755,0.6297190978148339,2026-09-12b
0.63241384541887,7.923312247702537,2026-09-12b
0.7878472645394015,0.9158570011764395,2026-09-12b
0.8176895920353301,0.49232521576931676,2026-09-12b
0.8742089088874614,0.7648619691394216,2026-09-12b
0.8577052984626437,0.5555547723895682,2026-09-12b
0.872865175080979,0.4483197037852611,2026-09-12b
0.7933910334442412,1.7459108394852907,2026-09-12b
0.7514290845159466,0.9459870285986502,2026-09-12b
0.7151314744644609,0.6695149189691897,2026-09-12b
0.8403486309512601,0.5385033501661654,2026-09-12b
0.5047341065708109,2.6211537714067137,2026-09-12b
0.6932999959419335,1.1586625299389413,2026-09-12b
0.8079434712504986,0.2965976729891334,2026-09-12b
0.9795314455712997,0.4166272226285026,2026-09-12b
0.6850276235060561,6.941775891890292,2026-09-12b
0.7622228106926098,1.1777834690044413,2026-09-12b
0.6077492092562825,1.2991457686375716,2026-09-12b
0.6234812963617322,0.7125272268049339,2026-09-12b
0.8361517602596078,0.3572785106498518,2026-09-12b
0.6928135108437863,2.0010702018980706,2026-09-12b
0.8901233206477177,0.26173700000374023,2026-09-12b
0.6597594849497406,0.6482511361681705,2026-09-12b
0.7606108779856334,0.46390773843704314,2026-09-12b
0.8701148757191893,0.32934441505913686,2026-09-12b
0.9444054824718962,0.7220539505048106,2026-09-12b
0.7423553480060151,0.5633788330358088,2026-09-12b
0.7383875366219796,0.38938089031372586,2026-09-12b
0.7783895167219244,0.9041724852979739,2026-09-12b
0.5444073091839432,1.1436743565533676,2026-09-12b
0.74218929028635,0.47849464073512726,2026-09-12b
0.6240423508887911,1.6710924758889376,2026-09-12b
0.9176848967434097,0.8491053705953887,2026-09-12b
0.7834280986000548,0.6383922722271546,2026-09-12b
0.7205190978390655,0.8925129983494613,2026-09-12b
0.7812887066827475,1.1407098960942825,2026-09-12b
0.7263264958568063,0.9542232920442246,2026-09-12b
0.9639735357964919,0.9399239155012639,2026-09-12b
0.810808534174663,0.34498602971429254,2026-09-12b
0.8180256893420105,0.6524057265077767,2026-09-12b
0.8641742584601423,0.6685672116797238,2026-09-12b
0.7963131257747977,0.673188264490225,2026-09-12b
0.7719829878422719,0.6844305574571227,2026-09-12b
0.8120440288809848,0.819503585328921,2026-09-12b
0.7909455656104278,1.0649227545130313,2026-09-12b
0.7743440855354324,1.1411907781911983,2026-09-12b
0.6008839440265811,1.4943645181308374,2026-09-12b
0.8436783521677114,0.8998542136937954,2026-09-12b
0.6247008891662094,5.70908034434383,2026-09-12b
0.7191633409184154,0.35706531773488465,2026-09-12b
0.3488929474458693,11.938485570943639,2026-09-12b
0.7413030936375993,0.8898435573933177,2026-09-12b
0.4826347284666102,3.0694698435972145,2026-09-12b
0.7573188683934645,0.7398455304686677,2026-09-12b
0.6478309557976225,1.6084734152726583,2026-09-12b
0.6754134841617483,2.3244837494033743,2026-09-12b
0.8442847490260427,0.6107500374629439,2026-09-12b
0.5035872778379334,1.1762205174177445,2026-09-12b
0.6770543804650033,0.7143345663288589,2026-09-12b
0.7930712292811068,0.6470912906659594,2026-09-12b
0.515413749082263,3.0359118736234314,2026-09-12b
0.7806557593632043,0.4202204310735969,2026-09-12b
0.6354727230771655,3.1835413672094193,2026-09-12b
0.6014369047246853,2.1523633918761162,2026-09-12b
0.5849130793068604,2.6410352042471628,2026-09-12b
0.6671610000082695,1.0578706744472786,2026-09-12b
0.7793834410719269,0.5410638738067709,2026-09-12b
0.872066857774718,0.39926036426219214,2026-09-12b
0.8723523155027889,0.4904125265447966,2026-09-12b
0.6395670538846746,6.2648281179791505,2026-09-12b
0.7328673326238967,0.4267782802493927,2026-09-12b
0.6541576485752456,0.7932094999320043,2026-09-12b
0.7003647763041979,0.9886590240637262,2026-09-12b
0.6634942960711001,4.70452951427029,2026-09-12b
0.7714655084804737,0.6861012006067126,2026-09-12b
0.9334012739864941,0.8347102529555995,2026-09-12b
0.5863960135339559,3.903017604792003,2026-09-12b
0.8457177879479577,0.710950384793715,2026-09-12b
0.6187031619763173,1.4659067637202785,2026-09-12b
0.8805969284774829,1.1302346581107352,2026-09-12b
0.7303668225834018,0.7212170819079227,2026-09-12b
0.8430976144523658,0.7458298711567779,2026-09-12b
0.6186799251101355,1.9613294831280768,2026-09-12b
0.6696937551254754,0.25217895248802474,2026-09-12b
0.6043840784515805,0.8568722061146806,2026-09-12b
0.6745755693781854,0.5263711053778162,2026-09-12b
0.5213978597947385,1.2016444649424534,2026-09-12b
0.9654454649448024,0.49347045679392876,2026-09-12b
0.9122769579212062,0.23183551601157074,2026-09-12b
0.8074142054247019,0.3931631097192291,2026-09-12b
0.5348356685185682,3.8746026608363158,2026-09-12b
0.8635017738051394,0.8505263114616332,2026-09-12b
0.6681412592023557,1.0488423468471737,2026-09-12b
0.9481372507897109,0.9051504074917829,2026-09-12b
0.5392827270437678,0.5675830811872759,2026-09-12b
0.8607814930604235,0.22891383909071547,2026-09-12b
0.7131249974507576,1.6534812285990732,2026-09-12b
0.5957777555531636,4.086332733851712,2026-09-12b
0.8636562658481778,0.3094349948092558,2026-09-12b
0.6512971887174672,0.9925014589149345,2026-09-12b
0.7738688294934468,0.5371940697331034,2026-09-12b
0.6779787440949413,3.919780807861141,2026-09-12b
0.7426015448154595,0.3225513969099039,2026-09-12b
0.5949081008557754,2.953587053506373,2026-09-12b
0.5989290030680983,1.4608273541702512,2026-09-12b
0.6681216767170045,1.64362284205759,2026-09-12b
0.9641132712007165,0.7447921242026904,2026-09-12b
0.7588347330770983,0.6068720637208164,2026-09-12b
0.8436096894892631,0.23734260530406007,2026-09-12b
0.9259008505668046,0.808886055093216,2026-09-12b
0.7038967603672852,0.25227960467152444,2026-09-12b
0.8390743510151337,1.8269212852349233,2026-09-12b
0.7172695373644841,0.3843764045125285,2026-09-12b
0.8901875574164037,0.2953884078072021,2026-09-12b
0.5202348754112307,1.3316075817849031,2026-09-12b
0.940324581273675,0.9167501121326306,2026-09-12b
0.6960546767999516,0.620935955640473,2026-09-12b
0.7249525544953469,1.9814718900355515,2026-09-12b
0.7148861387362765,0.7516495851431745,2026-09-12b
0.7912405080726402,2.167389073950056,2026-09-12b
0.7658247191354963,0.9309171802924436,2026-09-12b
0.7064385888250484,0.8802009917583818,2026-09-12b
0.6217080746123892,0.6349372697881772,2026-09-12b
0.6737514871915953,0.8438097527021765,2026-09-12b
0.9828816422283124,0.7360682261250806,2026-09-12b
0.9403937679407801,0.17194664360079653,2026-09-12b
0.7649825466436578,0.7870869970077701,2026-09-12b
0.5025557132648013,2.343122533796359,2026-09-12b
0.5983827138881418,0.7843309167320139,2026-09-12b
0.653555903610347,1.85879701377674,2026-09-12b
0.8914326097816276,1.4801004039102033,2026-09-12b
0.7268196904988621,1.1963093385786465,2026-09-12b
0.5566804552821359,0.9692318403022213,2026-09-12b
0.7009777503223952,1.3851468020126347,2026-09-12b
0.6557792460521905,4.878179934458666,2026-09-12b
0.9643319114949824,0.834401261669817,2026-09-12b
0.6559219833995982,5.320755603617794,2026-09-12b
0.7267054520451738,1.4550000832050192,2026-09-12b
0.764777604297674,0.5745962483931155,2026-09-12b
0.8101165664025342,0.5003250151263877,2026-09-12b
0.7406199501477944,0.7128036032489988,2026-09-12b
0.7761567797617204,0.4255631130800811,2026-09-12b
0.5197009422296934,0.3097565055107232,2026-09-12b
0.8314102159097706,0.42344186130250594,2026-09-12b
0.704157133042089,1.0173000178979545,2026-09-12b
0.7567545039309826,0.9310018478519005,2026-09-12b
0.6895535017025015,0.7474925939399352,2026-09-12b
0.6966949320070116,0.2776635215366336,2026-09-12b
0.6936001863839497,1.0131789846140087,2026-09-12b
0.749758332492186,1.2385873399785985,2026-09-12b
0.946012543878879,0.586775196923961,2026-09-12b
0.6939766732269175,1.6524594196523787,2026-09-12b
0.8054562299951163,0.559261396179311,2026-09-12b
0.6757798137548601,1.8877915375149363,2026-09-12b
0.6947100945211444,1.5919029700661058,2026-09-12b
0.7745693868838956,0.6919567183322294,2026-09-12b
0.8270985759642618,0.07289510071383663,2026-09-12b
0.7218212543854864,0.8376813956540649,2026-09-12b
0.7431043672764535,0.3417344327073012,2026-09-12b
0.9432555112196973,0.5072212526661276,2026-09-12b
0.6864425997104184,0.2372052056264854,2026-09-12b
0.8001674904146947,0.5586836484661544,2026-09-12b
0.7528082375999315,1.120189233859069,2026-09-12b
0.8123190231308394,0.987269777735781,2026-09-12b
0.874629312527944,0.43586817630496966,2026-09-12b
0.7388146576785319,0.9126513879531852,2026-09-12b
0.9301466406504636,1.1131803582033566,2026-09-12b
0.803868216058728,0.8163227278981776,2026-09-12b
0.5444420072624087,1.6574809522327807,2026-09-12b
0.6210811116669829,11.444250479065746,2026-09-12b
0.669317158868237,1.4987530199214856,2026-09-12b
0.8274850154418303,0.04923052401848223,2026-09-12b
0.7454957162646231,0.7943048281806061,2026-09-12b
0.8425384084793778,0.861544751006002,2026-09-12b
0.8013031627936981,0.7324874470485606,2026-09-12b
0.543994165126089,1.4104818921019884,2026-09-12b
0.7682081277090583,1.360965435139037,2026-09-12b
0.8083375086153052,0.8527341993399872,2026-09-12b
0.551769690278681,2.989828131204011,2026-09-12b
0.744321443968922,0.509294163398319,2026-09-12b
0.6876837511828455,3.4829779893948407,2026-09-12b
0.6151407882187457,2.0963420761901803,2026-09-12b
0.7571314112149014,0.5305599110956755,2026-09-12b
0.8145786263496237,0.21602249835125484,2026-09-12b
0.8020326814327537,0.971701097231604,2026-09-12b
0.7783907295424586,0.5115523372913308,2026-09-12b
0.8317563670570695,0.6527626392968194,2026-09-12b
0.6187345880625077,2.9285145317207952,2026-09-12b
0.6365437538861022,1.3581409087309901,2026-09-12b
0.7935298722074453,0.5950102793123302,2026-09-12b
0.7512913050086797,0.22048290821653177,2026-09-12b
0.9234784411729016,0.8023455867040109,2026-09-12b
0.6069946142410474,1.7935086930771311,2026-09-12b
0.6097511772413776,1.3339176279006966,2026-09-12b
0.922092629856007,0.30481957143391697,2026-09-12b
0.599002247555701,5.007549968950716,2026-09-12b
0.8032237721822051,0.5743137180904058,2026-09-12b
0.5875652830718266,2.3884852985529283,2026-09-12b
0.838805855030464,0.46143318996085986,2026-09-12b
0.7955824730841184,0.7036528531346586,2026-09-12b
0.6178374664395909,1.4836900277070255,2026-09-12b
0.5615509072568302,1.444832302142566,2026-09-12b
0.678573822066932,0.841888821637993,2026-09-12b
0.857647293414952,0.5664190291236653,2026-09-12b
0.842584934588035,0.6161707769746917,2026-09-12b
0.9970620111224991,0.8223377366126212,2026-09-12b
0.5124097446412373,2.2431934360188115,2026-09-12b
0.5987130661793079,2.012386614364632,2026-09-12b
0.8481982666296833,0.16582392720782066,2026-09-12b
0.8511859306336497,0.5852621152504444,2026-09-12b
0.7143985368000246,1.4319073095945059,2026-09-12b
0.8202737223459343,0.7559932275615181,2026-09-12b
0.8027690806415008,0.4529426092890154,2026-09-12b
0.8561840578867422,0.8009622492385561,2026-09-12b
0.7068039597257472,0.9226430279700101,2026-09-12b
0.6151859955299435,0.5815386644196356,2026-09-12b
0.6976510357138364,1.5959017358343628,2026-09-12b
0.8869829442439684,0.24828714486322825,2026-09-12b
0.8768567610256736,0.9507617987143203,2026-09-12b
0.7263406544302152,1.2262472408983545,2026-09-12b
0.8675283933827703,0.3420696390408492,2026-09-12b
0.5991832539016062,0.5802981649465851,2026-09-12b
0.8664030858647578,0.954948084819568,2026-09-12b
0.8549098207018563,1.1281671589593258,2026-09-12b
0.6941691168863416,1.545777192476534,2026-09-12b
0.8360716319847327,0.6720184229861829,2026-09-12b
0.6069950794046525,33.451562124211364,2026-09-12b
0.7218710226439375,1.1261401337196193,2026-09-12b
0.5738696612299463,0.8234224393319364,2026-09-12b
0.7207694928516716,1.0018675961473935,2026-09-12b
0.9004100700572443,0.3668583683274684,2026-09-12b
0.8872833985304425,0.7103505518081928,2026-09-12b
0.6815776319453979,0.6270595810283879,2026-09-12b
0.6334866023766867,0.18527105775292907,2026-09-12b
0.7282325637774751,0.49261153548059045,2026-09-12b
0.8397190994138707,0.6365694777578347,2026-09-12b
0.7483177275942619,0.9357296825985051,2026-09-12b
0.6161314273746316,0.7645809512306386,2026-09-12b
0.6686973965981379,4.702644981126201,2026-09-12b
0.4407207689656421,2.6444055283348105,2026-09-12b
0.8221389335986192,0.6342193326126024,2026-09-12b
0.8116212947737893,1.0992045522318419,2026-09-12b
0.7959850987880144,1.0650401306314143,2026-09-12b
0.8684163998205648,0.7878249178401212,2026-09-12b
0.6637780264385814,1.4508758347609993,2026-09-12b
0.6787575293640843,1.2425363173709072,2026-09-12b
0.776143105386961,0.8479583829542003,2026-09-12b
0.6472853552268665,4.741853151853913,2026-09-12b
0.5942617495867097,1.7576592016170896,2026-09-12b
0.8142158376417505,0.5966879888452538,2026-09-12b
0.7120522313392426,0.4834241481936052,2026-09-12b
0.737637632824463,0.4072529630459872,2026-09-12b
0.50785955605748,1.126623735657333,2026-09-12b
0.8861497951576481,0.7193681340303223,2026-09-12b
0.49331693628507783,0.5002042572240317,2026-09-12b
0.7057180191996703,0.7930991207615016,2026-09-12b
0.6741215273862071,0.9797168894817644,2026-09-12b
0.7885928619905577,0.6995752679971674,2026-09-12b
0.7049248651488569,0.5929911682040757,2026-09-12b
0.8368281859707006,0.3233423190339377,2026-09-12b
0.8322449572783103,0.7094714661905486,2026-09-12b
0.5674442072651087,0.8639207365294821,2026-09-12b
0.7695814725014093,1.1744375766403532,2026-09-12b
0.717032404396682,0.7451951495859788,2026-09-12b
0.5878579235454044,0.8799548153462367,2026-09-12b
0.8674293086108386,0.3155277123759255,2026-09-12b
0.7660184637630795,0.9192027819117247,2026-09-12b
0.8563693281278613,0.4575862762600707,2026-09-12b
0.6877349841439269,0.6446884862736464,2026-09-12b
0.7426537547990084,0.5902665249737256,2026-09-12b
0.9032443406295892,0.16979314338318682,2026-09-12b
0.8184674154607553,0.7297450841192576,2026-09-12b
0.6262414319349537,0.9793431827551824,2026-09-12b
0.9017205088516899,0.8431438929893625,2026-09-12b
0.7344016637132295,0.6798760717234972,2026-09-12b
0.7140748377290755,2.128622377393615,2026-09-12b
0.8947962009041495,0.48772707264194015,2026-09-12b
0.6229102566830639,0.8290307207699957,2026-09-12b
0.651229404888237,0.3784697458189569,2026-09-12b
0.6063846810109131,2.8761949315501867,2026-09-12b
0.626804381183982,3.0973074052207314,2026-09-12b
0.7281602035124501,2.003076543324759,2026-09-12b
0.6359979836864319,1.2882068179981885,2026-09-12b
0.9133635347245472,0.561454737988714,2026-09-12b
0.9212896438132935,0.43912920376020753,2026-09-12b
0.5170460704331084,2.6954318725963544,2026-09-12b
0.9093206980373776,0.4338350345245548,2026-09-12b
0.5858925384460649,0.5273802841653644,2026-09-12b
0.7121309158534483,0.7957290328757993,2026-09-12b
0.8306632870624252,0.6946662450555015,2026-09-12b
0.6914028712134215,0.807249815907607,2026-09-12b
0.9572416179420042,0.14956797381156103,2026-09-12b
0.49964784827597203,1.5039075291365913,2026-09-12b
0.779286558567698,1.1261671918025162,2026-09-12b
0.7348024918455788,0.8219187970094873,2026-09-12b
0.9524342169162987,0.21961450045001793,2026-09-12b
0.6531002990139757,4.988934025805529,2026-09-12b
0.8290206122625596,0.6079294759844872,2026-09-12b
0.5352203805038314,3.545905571542221,2026-09-12b
0.8170891552222631,0.6911631679955954,2026-09-12b
0.7175685456285731,0.2695004565455606,2026-09-12b
0.6178626152277551,9.401892283559553,2026-09-12b
0.6392077309651324,0.9586846712597472,2026-09-12b
0.7855171055943138,0.7188981024361843,2026-09-12b
0.8302800849393701,1.264675537245186,2026-09-12b
0.7723123050407608,0.4795721314899148,2026-09-12b
0.7131886023236339,0.7114703728654531,2026-09-12b
0.5336035826452104,2.9980949538094923,2026-09-12b
0.7306833402013575,1.140372318634885,2026-09-12b
0.6785795790049214,1.153692927536017,2026-09-12b
0.8697484463297231,0.3237248927003532,2026-09-12b
0.8802678051143089,0.6363359449521178,2026-09-12b
0.5787648468730333,4.042446083481412,2026-09-12b
0.7281966699908589,1.0894996917246804,2026-09-12b
0.7446434078718308,0.29055614929006496,2026-09-12b
0.7470177741770818,0.8157616637266982,2026-09-12b
0.3810651784434072,5.074227630439732,2026-09-12b
0.7895343637893637,0.30194715641396624,2026-09-12b
0.6936446782189158,0.3012277574488592,2026-09-12b
0.6964816825919486,1.4268303797902266,2026-09-12b
0.4454545501958012,2.8905267156486216,2026-09-12b
0.6560024613407811,1.4877559786474424,2026-09-12b
0.7808164095283284,0.3373150707051605,2026-09-12b
0.8312491615380366,0.7851531259225545,2026-09-12b
0.862427611340049,0.26555726005847935,2026-09-12b
0.8066284489673287,0.9482209991336988,2026-09-12b
0.4742748660430048,2.141234755546637,2026-09-12b
0.8406510337321054,0.8798338286190248,2026-09-12b
0.7078579161614164,1.5211885174352575,2026-09-12b
0.7695867938226775,0.11337277226820215,2026-09-12b
0.6989835751427061,2.5642412165061614,2026-09-12b
0.8499945120027741,0.5888266176037421,2026-09-12b
0.6351158699063407,9.265771898646944,2026-09-12b
0.8312325593349164,1.1306681230602058,2026-09-12b
0.7825706227240623,0.3549813367472992,2026-09-12b
0.6481461330263207,1.8150479661079042,2026-09-12b
0.8651269609537686,0.4996594756738206,2026-09-12b
0.87492682215071,0.9555101643975689,2026-09-12b
0.6527405098919135,5.841262645074516,2026-09-12b
0.9486893141139926,0.3236458491045813,2026-09-12b
0.6443992589722799,2.5290609115429734,2026-09-12b
0.5914097570513146,2.3810554936533213,2026-09-12b
0.8167140367395742,0.6804737740944176,2026-09-12b
0.5756642848026385,7.1469197531066575,2026-09-12b
0.7899105533272406,1.032996448465382,2026-09-12b
0.9096223500984045,0.850601096432051,2026-09-12b
0.8815185916596723,0.24197567689090202,2026-09-12b
0.7376403174498922,1.1336108940102416,2026-09-12b
0.9630054593103836,1.530307137724573,2026-09-12b
0.6812187390920355,0.761687755702032,2026-09-12b
0.4966925689148643,0.5017106701452451,2026-09-12b
0.7602416470865229,0.8436228210022007,2026-09-12b
0.6607721832551413,2.895067388580124,2026-09-12b
0.9061260769839131,0.8533177233586379,2026-09-12b
0.5831265814204604,5.0155130955000935,2026-09-12b
0.47058037638576605,0.891350129805119,2026-09-12b
0.6661434021321926,1.3503690457911792,2026-09-12b
0.8260031335302042,0.5787766479174246,2026-09-12b
0.6839700942380962,1.7592031294876211,2026-09-12b
0.7608721054706675,0.8089550175182461,2026-09-12b
0.6968809518105938,1.8105060375301787,2026-09-12b
0.6451613446445817,7.419545501837462,2026-09-12b
0.8129574491636371,0.4020183134216207,2026-09-12b
0.5693725700953278,2.9232444373507422,2026-09-12b
0.9983290390920844,0.007848910310879675,2026-09-12b
0.6092518974055106,1.6777488724891823,2026-09-12b
0.9377894645113511,0.3899926558672522,2026-09-12b
0.8097981678805731,0.1171862604543007,2026-09-12b
0.7217401448306668,0.698470378292092,2026-09-12b
0.56488777276133,2.693163070067637,2026-09-12b
0.813565798229385,0.5239683101496337,2026-09-12b
0.8820674296116827,0.33324126737783,2026-09-12b
0.7011422865616773,1.567399509947157,2026-09-12b
0.8521001237020298,0.6608650756251245,2026-09-12b
0.5849926061456998,4.280143353950165,2026-09-12b
0.6650463720210771,0.7260752338407109,2026-09-12b
0.740736150269113,0.7575107671666501,2026-09-12b
0.6336895595990807,1.7954822916066089,2026-09-12b
0.5677435018949673,1.213327225508229,2026-09-12b
0.865855918497764,0.5031622301605991,2026-09-12b
0.6819523605012454,1.9804631065687304,2026-09-12b
0.527303126277645,4.512032232333968,2026-09-12b
0.7799041163763069,0.4149844578274559,2026-09-12b
0.7264127248813459,2.129238266367441,2026-09-12b
0.7815208012533089,1.0461445246471412,2026-09-12b
0.8857624284122584,0.5420758743887383,2026-09-12b
0.7850727012228947,0.3483785891929335,2026-09-12b
0.4799925996846554,3.700053939704327,2026-09-12b
0.7999047562144714,4.194335625629496,2026-09-12b
0.623852959558259,0.5936557766080629,2026-09-12b
0.8644490650239423,0.8372438094585188,2026-09-12b
0.9500102048393574,1.763519097372541,2026-09-12b
0.6462945545609057,0.3729087653832158,2026-09-12b
0.6513757880250481,1.7431384603104259,2026-09-12b
0.6269547030041288,1.1860833919982894,2026-09-12b
0.7561170004000595,0.2896773039634997,2026-09-12b
0.5488087401747516,5.726363730717772,2026-09-12b
0.9107971872777014,0.8626193219270609,2026-09-12b
0.7922014516604996,0.43433637535856695,2026-09-12b
0.6131963021765029,1.7309151806770509,2026-09-12b
0.7050543219699977,0.6348457276484304,2026-09-12b
0.6669129300845424,4.967835907967286,2026-09-12b
0.5593442477881742,6.7742026350909,2026-09-12b
0.807471226663265,0.4179901696808515,2026-09-12b
0.7005469010100557,0.5386063232189408,2026-09-12b
0.6894661507703895,1.0454263083424324,2026-09-12b
0.7064136238609461,1.182576596315062,2026-09-12b
0.9355749844656002,0.9310501349236086,2026-09-12b
0.8415168864813924,0.42012634631661,2026-09-12b
0.7145416973066386,1.5477925282966551,2026-09-12b
0.9629451765307476,0.27474897453727287,2026-09-12b
0.7366968245234731,1.343317330388991,2026-09-12b
0.5708900994720566,1.724497285412559,2026-09-12b
0.8993341019149284,0.33977632179441397,2026-09-12b
0.5370906792501166,1.2404009763810733,2026-09-12b
0.8476599043363344,0.4218277258399013,2026-09-12b
0.4590703905789375,2.736148419220071,2026-09-12b
0.8604427775834455,0.2734541600860883,2026-09-12b
0.8429290565831704,0.4540880625857772,2026-09-12b
0.7298933272865589,0.9985812507982127,2026-09-12b
0.891420947943416,1.1757309785813095,2026-09-12b
0.5824727999057744,4.478629274290591,2026-09-12b
0.6892959898737863,1.429584451107493,2026-09-12b
0.5949476844717099,1.9899124196282274,2026-09-12b
0.7707180572471471,0.6026195106625374,2026-09-12b
0.7290996922446927,0.6749701027360065,2026-09-12b
0.6767036848584151,1.4078035477376218,2026-09-12b
0.6563388173903913,1.748023750375404,2026-09-12b
0.8581186510435006,0.5394225254183411,2026-09-12b
0.7900817223049079,0.7602339065846578,2026-09-12b
0.728253212451748,0.5526680381093062,2026-09-12b
0.6005385254835067,0.7971900281428046,2026-09-12b
0.6520766254650358,2.9576839528004837,2026-09-12b
0.4409864866599532,1.6774123375372427,2026-09-12b
0.8768586443426288,0.32082923119342893,2026-09-12b
0.7206227744484528,0.2681987357192971,2026-09-12b
0.7019743394783567,0.6688773828059412,2026-09-12b
0.8520629489884607,0.881522200803525,2026-09-12b
0.8200243260683469,0.5072306693529401,2026-09-12b
0.8100611243094028,0.6474473106414265,2026-09-12b
0.8932087779858917,0.2712996503841393,2026-09-12b
0.8935015170252754,0.9332657618935967,2026-09-12b
0.7032111560200225,0.36038997695326724,2026-09-12b
0.9145245956042923,0.9033652702410487,2026-09-12b
0.6682020485119847,0.6565734054980843,2026-09-12b
0.866208777639131,0.7277436554247901,2026-09-12b
0.8112507355763198,0.8240985587509463,2026-09-12b
0.7188601412719161,0.6962554018805781,2026-09-12b
0.890831713704519,0.4431367086715344,2026-09-12b
0.7555447840336184,0.5855036195273101,2026-09-12b
0.45606490901741603,4.92347173188734,2026-09-12b
0.637215920905485,1.4212133703617773,2026-09-12b
0.8354847494463932,0.3643322385093034,2026-09-12b
0.878785986094984,0.28692336593948714,2026-09-12b
0.95907595628087,0.37241929649833666,2026-09-12b
0.9562746759608952,0.17635947974979901,2026-09-12b
0.9336868576702827,0.6003348666150868,2026-09-12b
0.8141907045224853,0.39994719261731443,2026-09-12b
0.8041554740955934,0.48089952530491603,2026-09-12b
0.7555191819238113,0.8265271193520733,2026-09-12b
0.7457394145681432,0.7876109441288203,2026-09-12b
0.9000448504743522,0.1345509474163327,2026-09-12b
0.7099419708692292,0.25803987018480556,2026-09-12b
0.5407803761963144,2.993048033468617,2026-09-12b
0.5995506327669226,0.4526750094168414,2026-09-12b
0.7874778648797985,0.9946556734352152,2026-09-12b
0.758451854606197,0.4189578645863995,2026-09-12b
0.9185625448022812,0.22980141249950914,2026-09-12b
0.7698884353016253,0.956309792510629,2026-09-12b
0.9714776650407536,0.24477911725569382,2026-09-12b
0.7344340614998616,1.409314531675145,2026-09-12b
0.7573763665128705,0.812833232219216,2026-09-12b
0.7668393613564571,0.9192500358662791,2026-09-12b
0.598461104817476,0.43845581359207614,2026-09-12b
0.669008661871973,0.716564925803266,2026-09-12b
0.5967239637862712,1.6052977057402302,2026-09-12b
0.7483069994528537,0.5317324891070693,2026-09-12b
0.505159752852055,0.33618271021906626,2026-09-12b
0.9030211449099056,0.5642651171923493,2026-09-12b
0.821797872111489,0.49303695225072236,2026-09-12b
0.8359037852209943,0.9949962327110922,2026-09-12b
0.8043706474628719,0.8022878222853724,2026-09-12b
0.8703497043811415,0.62658382019961,2026-09-12b
0.9649049702785512,0.7150162027733142,2026-09-12b
0.6199010504465758,1.9975693840349107,2026-09-12b
0.711796491740526,0.7006885804415109,2026-09-12b
0.617041257225277,4.123680431504966,2026-09-12b
0.946806217929918,0.22303710080398736,2026-09-12b
0.6706951442061959,2.2852519820091173,2026-09-12b
0.47407666650013874,2.306701489201706,2026-09-12b
0.9381430592422696,0.42574285710234244,2026-09-12b
0.7247967097317836,0.9955014626836831,2026-09-12b
0.9337741535047915,0.6474250375568567,2026-09-12b
0.6858637082927408,1.179087897959878,2026-09-12b
0.6666599167501632,0.4074228178294511,2026-09-12b
0.7522679117959685,0.7303323499701544,2026-09-12b
0.7144547878693186,0.4843661364731605,2026-09-12b
0.6931356239926492,0.7449755324618497,2026-09-12b
0.7629476420603021,0.4267180529356616,2026-09-12b
0.6828560539267121,2.4771699630115576,2026-09-12b
0.7203312426434852,1.3579294764444059,2026-09-12b
0.9177766141118386,0.9110785090290008,2026-09-12b
0.7233066676825368,0.3613352705283322,2026-09-12b
0.8691427482799651,0.5074408182759649,2026-09-12b
0.6948595128367226,1.6377456963893855,2026-09-12b
0.8721033789338722,0.5316807168033623,2026-09-12b
0.7449019349994797,1.3547900850313037,2026-09-12b
0.6974303289240181,1.1087758939932688,2026-09-12b
0.941166814095867,0.29778101047557104,2026-09-12b
0.6720113042622173,1.3572092290523536,2026-09-12b
0.7923935208231212,0.44092274644957624,2026-09-12b
0.7444034157470953,0.7290130446297731,2026-09-12b
0.7388784242140207,1.2628385167280016,2026-09-12b
0.7826188696416034,0.9511864580065337,2026-09-12b
0.7659905601522903,0.5590888707756261,2026-09-12b
0.9078153006202354,0.7240193191642084,2026-09-12b
0.5180897097175259,1.914721314211148,2026-09-12b
0.9461410655156073,0.7687643317831874,2026-09-12b
0.8318118614851987,0.11402298789436591,2026-09-12b
0.9361255038480926,0.4311034063488691,2026-09-12b
0.9805952980481091,0.6225033508795401,2026-09-12b
0.9188272422100197,0.8331793947148151,2026-09-12b
0.66673926884229,4.96783351165537,2026-09-12b
0.9129730208360671,0.9097936612951152,2026-09-12b
0.8256296751931853,0.31337951918081314,2026-09-12b
0.740167028664613,1.1525810876715303,2026-09-12b
0.5103501633942751,1.310870421189576,2026-09-12b
0.7311125738493436,1.1290607236086188,2026-09-12b
0.9326475971800634,1.28269038176374,2026-09-12b
0.6005728100917677,3.05168614050989,2026-09-12b
0.7073624777753329,2.5312922943485288,2026-09-12b
0.9450441782731548,0.2938402350751288,2026-09-12b
0.6061954933343747,1.4958228378959435,2026-09-12b
0.6224193652837595,2.938383639720937,2026-09-12b
0.3787559085839805,1.4223908722918734,2026-09-12b
0.8088152188132637,0.9542208381062145,2026-09-12b
0.6973686810111113,0.564933552800384,2026-09-12b
0.8506090291518019,0.3958272280305391,2026-09-12b
0.4665047663567684,5.353195302143588,2026-09-12b
0.8932912995605777,1.6286701944699344,2026-09-12b
0.5342864591372992,2.0865299880929893,2026-09-12b
0.5127379106458131,0.9853814959355315,2026-09-12b
0.6667967008014126,2.438174470398164,2026-09-12b
0.6182751652358159,3.608071049483679,2026-09-12b
0.649637194923016,1.2319717473728033,2026-09-12b
0.7351158742307548,1.8037806119259847,2026-09-12b
0.8482416720085264,0.41920488826925734,2026-09-12b
0.5490646814542559,2.1435184836523056,2026-09-12b
0.7663737325665109,0.9511653113716098,2026-09-12b
0.9472661394417646,0.16692524174184858,2026-09-12b
0.8426667490656233,0.580988992263636,2026-09-12b
0.5322930480864896,15.22333186400958,2026-09-12b
0.6254400315362724,0.6518653614337466,2026-09-12b
0.8687034188516398,0.9793740720638966,2026-09-12b
0.8203863989092891,0.44118244059698386,2026-09-12b
0.6695547019534379,2.0552308712852874,2026-09-12b
0.5008703937830468,2.8062640482174057,2026-09-12b
0.9628659648303021,0.06094361095828718,2026-09-12b
0.8080528131569961,0.4951187238580558,2026-09-12b
0.7156229147202074,2.36855976218058,2026-09-12b
0.8131493160394194,0.7572986600147804,2026-09-12b
0.5473903990267601,4.356669689610354,2026-09-12b
0.7752702531465865,0.6148673144956249,2026-09-12b
0.8912901287465267,0.3225819140741574,2026-09-12b
0.6435095659863501,1.8669031611472793,2026-09-12b
0.8344496070744253,0.5928395419815639,2026-09-12b
0.7074170808552761,0.8108120456423497,2026-09-12b
0.7190777127767276,1.5059416581370322,2026-09-12b
0.6407026716893433,8.218197812748627,2026-09-12b
0.7516405265578558,1.1850658091159205,2026-09-12b
0.8091216213802231,0.6233989306462275,2026-09-12b
0.7303568346581711,1.3064700031422445,2026-09-12b
0.8500171852156554,0.451237404438763,2026-09-12b
0.6024877478268277,1.4228967306477098,2026-09-12b
0.5597092607055055,7.493814864514278,2026-09-12b
0.8772264632710776,0.4726173874972566,2026-09-12b
0.7427040915735125,0.5213516559748504,2026-09-12b
0.6826993170895793,0.7689861482675192,2026-09-12b
0.6271039815665335,2.817774789703008,2026-09-12b
0.7384971963773036,1.0200545725274974,2026-09-12b
0.7237360032080785,0.6620335841890144,2026-09-12b
0.6482345825907543,1.6095508812182227,2026-09-12b
0.9092343760837431,0.17395300307979442,2026-09-12b
0.7410053216562148,0.5223017346222909,2026-09-12b
0.9442653458667112,0.4847342240588543,2026-09-12b
0.6093123748678034,1.0719183418452491,2026-09-12b
0.8029056576746135,0.7927445265433836,2026-09-12b
0.726177195312093,0.869746778895401,2026-09-12b
0.7848971642761073,0.7389679342100861,2026-09-12b
0.9112029183273886,0.12901845668528675,2026-09-12b
0.7158456489137123,0.5077643789757281,2026-09-12b
0.9409251694634116,0.8808752161916015,2026-09-12b
0.820941103960672,0.4348422345966419,2026-09-12b
0.7233265364264886,1.776571797227759,2026-09-12b
0.7877769175475368,1.0778786888132394,2026-09-12b
0.9600868141243869,0.39119909641070005,2026-09-12b
0.7510572497551514,1.1277339857598105,2026-09-12b
0.6895193538318299,2.067609698700194,2026-09-12b
0.46746020932064725,2.1167738890632704,2026-09-12b
0.4525303260277485,1.33672660372174,2026-09-12b
0.4096357045976064,0.5248262241146526,2026-09-12b
0.5103460044355553,0.6795268397089462,2026-09-12b
0.6091697415683293,0.506564367488265,2026-09-12b
0.4864839204525868,1.7688276287363423,2026-09-12b
0.5011106285279815,1.1691560110525443,2026-09-12b
0.27251961115790424,0.7505331191955726,2026-09-12b
0.5322310280868159,0.8277498988108244,2026-09-12b
0.6313026243235373,0.41749222783486134,2026-09-12b
0.8022007904656779,0.9765942954126187,2026-09-12b
0.5997132461937152,1.038306343124175,2026-09-12b
0.607858111210816,0.19511508193156601,2026-09-12b
0.7003130852503304,0.378408880237103,2026-09-12b
0.935647286111082,0.2415643408580817,2026-09-12b
0.6503836107942536,0.5428556520520388,2026-09-12b
0.6113827414909704,0.3905855105028983,2026-09-12b
0.8342648314225284,0.410660785839351,2026-09-12b
0.7291712002238079,0.6150627045248696,2026-09-12b
0.7096217303601843,0.7506652415249904,2026-09-12b
0.727464986093562,0.5424639378623124,2026-09-12b
0.769351205036923,0.7777700402897775,2026-09-12b
0.9490823054135222,0.5658385859086275,2026-09-12b
0.5730236480803622,0.6656349246609455,2026-09-12b
0.6250850364777492,0.47142145285493725,2026-09-12b
0.4746350316171758,0.8970525250033042,2026-09-12b
0.5744589563609624,0.449964263539328,2026-09-12b
0.7366022751164671,0.4462258794974146,2026-09-12b
0.5956947666707195,0.3181875430374587,2026-09-12b
0.41781184206631167,0.5678468336467036,2026-09-12b
0.5032848862593678,0.492624067546566,2026-09-12b
0.4685209413479439,0.7299344116728382,2026-09-12b
0.3576391326999412,1.6020604874499431,2026-09-12b
0.6217601666964986,0.3001406193309533,2026-09-12b
0.38206606516086317,2.1199825720836865,2026-09-12b
0.8425487614553008,1.3562685550725855,2026-09-12b
0.37775639354810026,1.5122039678216197,2026-09-12b
0.7103773893619899,0.8980736741947836,2026-09-12b
0.4492978159998262,0.7289534031406789,2026-09-12b
0.8081062277157548,0.7700194268322177,2026-09-12b
0.3742668464360283,8.711815697772744,2026-09-12b
0.43595241244692523,0.44199342984153217,2026-09-12b
0.5139858688390553,1.2240481054624526,2026-09-12b
0.5424529139060342,0.6036607009284747,2026-09-12b
0.5205943087918048,1.1920944739826858,2026-09-12b
0.5187575640224116,1.27844447659354,2026-09-12b
0.5809286520452652,0.378073432034625,2026-09-12b
0.7755835657346014,0.4495632126524742,2026-09-12b
0.40866437428862784,0.3507092909828923,2026-09-12b
0.6478860129020058,2.1002627792981516,2026-09-12b
0.9589482574286737,0.187468986828242,2026-09-12b
0.7662001358277944,0.4883521042307193,2026-09-12b
0.5818569868093361,2.048920810286905,2026-09-12b
0.636403416348768,0.7556294613316865,2026-09-12b
0.29438987230477764,2.7864351055047747,2026-09-12b
0.364563190184141,1.5953461624848146,2026-09-12b
0.34751804577917,0.6220892268528384,2026-09-12b
0.7719691112000988,0.2851804116099273,2026-09-12b
0.434078158771133,1.066321658635306,2026-09-12b
0.814480111720981,0.22980924830221283,2026-09-12b
0.5456683395827051,1.206602054908652,2026-09-12b
0.7728704345488152,0.40324960338823224,2026-09-12b
0.9354230903063797,0.4408619101265609,2026-09-12b
0.5263827756724156,1.5064438034337075,2026-09-12b
0.5814008188592064,0.6090442474089932,2026-09-12b
0.5286690805164243,0.40463010185169307,2026-09-12b
0.6681477373992588,0.5534703483114117,2026-09-12b
0.5269200067528576,1.0443994115682609,2026-09-12b
0.6299542714890364,0.38562485849534384,2026-09-12b
0.7785884215629713,0.2749219224600965,2026-09-12b
0.6781500845771378,0.6581440856702043,2026-09-12b
0.893384694214387,0.7089376499264618,2026-09-12b
0.33443920373818836,1.9147717945005978,2026-09-12b
0.42450047849541467,0.6488770176740893,2026-09-12b
0.37193690641577354,0.5170865823949407,2026-09-12b
0.5436527379557858,0.42270935938238396,2026-09-12b
0.4176517012678587,0.7030933647847804,2026-09-12b
0.45634733824201235,0.6466326740747651,2026-09-12b
0.57939515663093,0.6958689233420705,2026-09-12b
0.46648116791607636,0.9905452216899063,2026-09-12b
0.5640125943243686,0.4049595858321929,2026-09-12b
0.46799480311875225,0.4347373050406632,2026-09-12b
0.7257628842173993,0.3487896821862797,2026-09-12b
0.428793558015365,0.4025170146672957,2026-09-12b
0.7661568413145687,1.0916969960619487,2026-09-12b
0.462937773634695,0.6797776903123894,2026-09-12b
0.8768290872954455,0.43143462856059944,2026-09-12b
0.6401347370765055,0.5306979126120694,2026-09-12b
0.3661051293094986,3.2288925587329618,2026-09-12b
0.5854538232811505,0.6970886824240679,2026-09-12b
0.22594470357638372,4.899957354432818,2026-09-12b
0.9430188105004967,0.4565269271521578,2026-09-12b
0.5612138781681105,0.749270569761957,2026-09-12b
0.29814165883560684,3.553444518064446,2026-09-12b
0.8611979126508734,0.48092863446357337,2026-09-12b
0.45411222090547404,1.139568146891571,2026-09-12b
0.4180600165879206,0.5076610803970252,2026-09-12b
0.43063403061276323,0.6278736097144889,2026-09-12b
0.5050279699266293,2.340245751030794,2026-09-12b
0.6253407513475404,0.9272989571045626,2026-09-12b
0.5632156324086959,0.4182780584674658,2026-09-12b
0.8966904141409529,0.48518402186626036,2026-09-12b
0.6588804499152643,0.5241169901313771,2026-09-12b
0.5393251943918206,0.9223531542228434,2026-09-12b
0.5676509209117301,0.4630684127028139,2026-09-12b
0.6518254558485551,5.99672922782166,2026-09-12b
0.6896933895926289,0.40882613900543074,2026-09-12b
0.4723068156826167,0.9948183244731755,2026-09-12b
0.6268065323109289,0.9495165326179152,2026-09-12b
0.566348793856665,1.3854633582137916,2026-09-12b
0.6183504745884754,1.1336983755574366,2026-09-12b
0.43102012077688306,2.3894172989579303,2026-09-12b
0.47894078213507146,0.8319112489736267,2026-09-12b
0.39516687394860056,1.8263099374425784,2026-09-12b
0.4663545956181555,0.8155923893231968,2026-09-12b
0.8117534056634438,0.4717092739388215,2026-09-12b
0.543231181518545,1.12919584692972,2026-09-12b
0.4429254108598346,1.360682629757881,2026-09-12b
0.45984536283047545,1.1364596101770919,2026-09-12b
0.5116963437069323,1.0822409079288435,2026-09-12b
0.5566756801243739,0.4501273857991998,2026-09-12b
0.8654435620913995,0.22371811396771313,2026-09-12b
0.3971247013343048,1.0579124028676028,2026-09-12b
0.6603201078215755,0.6333426336036051,2026-09-12b
0.4292730751903235,0.6146218322389889,2026-09-12b
0.42598914181900854,0.8367174878795491,2026-09-12b
0.5391987872954696,0.3894481240717264,2026-09-12b
0.49918431652932627,0.5131551619744551,2026-09-12b
0.5074622040724793,0.6031818400598186,2026-09-12b
0.35481592292892306,0.9603805080883948,2026-09-12b
0.5720256938055079,0.3878179642196818,2026-09-12b
0.6661291183322194,0.33766075610530766,2026-09-12b
0.8209301678625469,0.26633940139652573,2026-09-12b
0.39263099421145775,0.8173297650182662,2026-09-12b
0.658157552936443,0.8790162839930797,2026-09-12b
0.4157776231872789,1.7534512550860308,2026-09-12b
0.8749311855428216,0.1392150749016887,2026-09-12b
0.4940544081067385,1.2330846352582963,2026-09-12b
0.39924163658416406,1.866871867335565,2026-09-12b
0.4489160146068392,0.3241090770225916,2026-09-12b
0.5006730433156784,0.6671276359373516,2026-09-12b
0.8117948604036095,2.0361780465590895,2026-09-12b
0.7170106430843098,0.3916214641738206,2026-09-12b
0.40440828098716664,1.5346793959548142,2026-09-12b
0.6489323215264289,0.9943135688488376,2026-09-12b
0.5172121972067754,1.0620528598756946,2026-09-12b
0.5877342683881523,1.6911931491419128,2026-09-12b
0.6480469451879927,0.9590828681231868,2026-09-12b
0.4405511587040875,1.4198843521441165,2026-09-12b
0.48462277571958523,0.2679946631771529,2026-09-12b
0.6102901484505657,0.6409845194672283,2026-09-12b
0.6228164529202993,0.852882457289319,2026-09-12b
0.3153500693607739,3.430431606352124,2026-09-12b
0.6245009728438864,0.21762516661462983,2026-09-12b
0.7407775203153891,0.2006179293735748,2026-09-12b
0.5962591261108059,0.5464698856541916,2026-09-12b
0.5715129787183285,0.5866206577156762,2026-09-12b
0.3348213229677842,1.6207071806906967,2026-09-12b
0.43196606761928963,0.7460913653913986,2026-09-12b
0.5885590081730117,0.8570334388929475,2026-09-12b
0.4073901529734068,1.2471302967409579,2026-09-12b
0.3293099326218225,1.1712993157843186,2026-09-12b
0.5273285233573568,1.8355818989285337,2026-09-12b
0.4354228224273696,1.3668689751053131,2026-09-12b
0.7651047046886678,0.5319938552963875,2026-09-12b
0.6064455053589107,0.965228916781417,2026-09-12b
0.7391831120293921,0.5201734257572929,2026-09-12b
0.5722013091761088,1.0643411412080725,2026-09-12b
0.4586548390244859,0.8328499161011981,2026-09-12b
0.5331491026485012,1.8078282447116578,2026-09-12b
0.3950647328262515,2.594278493589244,2026-09-12b
0.6533932230839863,0.674037864698676,2026-09-12b
0.4102323889257495,2.3803167258148763,2026-09-12b
0.48508161598433946,0.4669742888064991,2026-09-12b
0.5138533900512908,0.7117972835005556,2026-09-12b
0.5585612990245586,1.2788612432932893,2026-09-12b
0.3329460623140703,2.0214516499920254,2026-09-12b
0.4819123290337644,1.7222777536699356,2026-09-12b
0.6554541895326947,0.7066373467464222,2026-09-12b
0.6110933523627762,0.24592625322456255,2026-09-12b
0.4995587594664161,1.4431652333138931,2026-09-12b
0.6142355818444293,0.3007984491840205,2026-09-12b
0.662241873587443,0.3904769456332628,2026-09-12b
0.5956843551476255,0.6867407358990455,2026-09-12b
0.5690892462590795,0.606123133873401,2026-09-12b
0.4998938685864351,0.3718619727490064,2026-09-12b
0.46404743315471364,0.9905151375536749,2026-09-12b
0.5229215732830685,0.4494643944290488,2026-09-12b
0.22783826550934,1.417206905032795,2026-09-12b
0.5161027444688842,0.5527548325964734,2026-09-12b
0.702444197773743,1.1870615944905047,2026-09-12b
0.5763268506005766,0.9350430043177459,2026-09-12b
0.35452124092465986,2.722789493179815,2026-09-12b
0.36874541549126494,1.519690801784858,2026-09-12b
0.5291013906571589,0.4772893664948091,2026-09-12b
0.498554778176243,0.621733192274719,2026-09-12b
0.359680083576822,0.2693774189146914,2026-09-12b
0.5872623991800532,0.4755697219440535,2026-09-12b
0.37009125437293616,0.7818989765375917,2026-09-12b
0.5847140473458053,1.076097692142755,2026-09-12b
0.40427069349170736,1.3586911826036123,2026-09-12b
0.5477049055174491,0.299834084322406,2026-09-12b
0.6039573740302355,0.26965702940585473,2026-09-12b
0.3297232953834455,4.916416390329095,2026-09-12b
0.6871632532249112,0.42707159555390384,2026-09-12b
0.8168381727203389,0.6324009965000466,2026-09-12b
0.3678602432330908,1.9832071399973694,2026-09-12b
0.45753140290729893,0.554541501446554,2026-09-12b
0.6542927995796586,0.3178327392484174,2026-09-12b
0.5424417052840635,1.143730356331239,2026-09-12b
0.7930541368053522,0.30812770392431676,2026-09-12b
0.36476726553807237,1.100758711135336,2026-09-12b
0.4838462177073551,0.09309268897633054,2026-09-12b
0.43696520906193614,1.0914432150987405,2026-09-12b
0.44979335851415814,0.5903976323406128,2026-09-12b
0.39795047294180985,0.3104638982428151,2026-09-12b
0.7058030044573118,0.38872988764019273,2026-09-12b
0.6132327727086049,0.27021091517925494,2026-09-12b
0.6862370958854742,0.11750653872168729,2026-09-12b
0.8152815856219057,0.63236595007479,2026-09-12b
0.52522980300842,0.6236362167802509,2026-09-12b
0.8057963265806155,4.236888328017217,2026-09-12b
0.5715158822957422,0.2688303727831634,2026-09-12b
0.743991734078299,2.3335633614304103,2026-09-12b
0.3972423743614847,1.3688657704540734,2026-09-12b
0.4963720910235331,0.6896868627147138,2026-09-12b
0.7152494946865638,0.355911364381265,2026-09-12b
0.5877034323937554,0.9400310611218883,2026-09-12b
0.5788927263876046,0.8269464591528969,2026-09-12b
0.4265620473218688,1.5144192796016924,2026-09-12b
0.4781554571795264,1.1948170766886934,2026-09-12b
0.5278495352660852,0.7195299220752316,2026-09-12b
0.28995908765591166,3.0514281101015612,2026-09-12b
0.43644661864509776,0.9677019018877683,2026-09-12b
0.48691065681055407,0.57730869300431,2026-09-12b
0.7502018157338826,0.3178205759233627,2026-09-12b
0.5851684942366467,0.2809929508180875,2026-09-12b
0.319285149678583,0.8179764254053177,2026-09-12b
0.5994398634882746,5.032892594857699,2026-09-12b
0.5875511164529108,0.8256014351078081,2026-09-12b
0.46623403611131203,0.8695679547279407,2026-09-12b
0.7381459364352916,0.33491249581164484,2026-09-12b
0.6984112573569654,0.37334561468179905,2026-09-12b
0.42276168977231793,1.6924766604966857,2026-09-12b
0.5594693370092766,0.5206797641215419,2026-09-12b
0.4471998888777693,1.277737866136327,2026-09-12b
0.4606089450798591,1.806418919032047,2026-09-12b
0.6589205008414268,0.3606835192344151,2026-09-12b
0.5583623398094489,0.5133325984438114,2026-09-12b
0.7078541651798526,1.1233956074669655,2026-09-12b
0.7137906524279388,0.6370878973399118,2026-09-12b
0.4118255630662658,0.5060280746021851,2026-09-12b
0.9276051719219391,0.5593427328230482,2026-09-12b
0.3534824770049044,1.0061721455302741,2026-09-12b
0.6284427039344487,0.7671890441765115,2026-09-12b
0.6672678223682789,0.4418516368267845,2026-09-12b
0.5918347832331433,2.037368181091125,2026-09-12b
0.6646687016019626,0.7768517699899063,2026-09-12b
0.4051466034707168,1.0790491463471177,2026-09-12b
0.5157930733543211,1.2115324738299496,2026-09-12b
0.4478712740144978,1.783785444684403,2026-09-12b
0.5197647853662535,1.2463271009940573,2026-09-12b
0.5225840378578522,0.4262199454088331,2026-09-12b
0.3684468874327473,1.008330373188246,2026-09-12b
0.385643345504087,1.3601098915117966,2026-09-12b
0.3913426405907123,0.27179669446863797,2026-09-12b
0.37898760453355795,1.3453462001438095,2026-09-12b
0.5461620705832216,0.6429072773770799,2026-09-12b
0.6337858165047614,0.6260056033995227,2026-09-12b
0.48002075616585105,0.2590015227135119,2026-09-12b
0.5401951203731273,0.7843728160686516,2026-09-12b
0.36403041360823096,1.5978905651030164,2026-09-12b
0.7699773735455832,1.7105155449970773,2026-09-12b
0.7792904824001352,0.5962136507417592,2026-09-12b
0.9876043893487227,0.518224626155352,2026-09-12b
0.35804917259976965,1.5735341001689536,2026-09-12b
0.7255218828342498,0.20939295218196532,2026-09-12b
0.26349985675766613,1.6783682077970534,2026-09-12b
0.3202497940788173,2.6139043478281354,2026-09-12b
0.5439858830282867,0.41497014162678475,2026-09-12b
0.7442317513073061,1.5073766785478193,2026-09-12b
0.7161477963208708,0.5052335387005545,2026-09-12b
0.379385807400072,1.1854354010610737,2026-09-12b
0.6009036475088483,0.6051562380913211,2026-09-12b
0.8591724379938231,0.3947258452729763,2026-09-12b
0.33140362428920384,1.1000923824150302,2026-09-12b
0.536656725186455,0.8026043190559734,2026-09-12b
0.6097807511504962,0.39978415592532507,2026-09-12b
0.3505694145881413,0.38118677716856375,2026-09-12b
0.6337981388436803,0.48696482483124304,2026-09-12b
0.6738723172848656,0.389126426332119,2026-09-12b
0.671912752518806,1.177942821247801,2026-09-12b
0.39853245478540356,3.1449328413021522,2026-09-12b
0.4843212539652214,2.162479124589195,2026-09-12b
0.29357373944102877,1.917474569210743,2026-09-12b
0.5242688508777446,0.4908130985114518,2026-09-12b
0.22742730896639243,1.6201863340906937,2026-09-12b
0.43698926613545636,0.866914462231514,2026-09-12b
0.5020032133813904,0.4794700489660188,2026-09-12b
0.49696475329408085,0.2969702972165397,2026-09-12b
0.41714814287005836,0.6828584811120744,2026-09-12b
0.3946108717561899,2.132620549472154,2026-09-12b
0.5954627090798731,1.6454700556045858,2026-09-12b
0.4540736895553234,0.9765959390532241,2026-09-12b
0.9262668744850321,0.13495440660693162,2026-09-12b
0.5040094580531191,0.8113567845246895,2026-09-12b
0.24642284643350254,1.4443988333707745,2026-09-12b
0.5692518789516889,0.49366424153744454,2026-09-12b
0.5978877179339455,1.0005883859174562,2026-09-12b
0.7068458006976964,0.1802655711920233,2026-09-12b
0.3857195465284101,2.025360758388274,2026-09-12b
0.42945498965602275,1.6224046907730778,2026-09-12b
0.5390997110637764,0.5698304514235429,2026-09-12b
0.3920097583915079,0.601445873202278,2026-09-12b
0.5204760599869281,1.3045485753557926,2026-09-12b
0.5492872430940299,1.815419493944681,2026-09-12b
0.4881819358523459,0.35220796938751914,2026-09-12b
0.5869783274885859,1.206517232287987,2026-09-12b
0.5723176987024438,2.9643711363347203,2026-09-12b
0.833278903923936,0.12771037840827731,2026-09-12b
0.3445037149820186,0.5470338429013837,2026-09-12b
0.5461858128832752,0.3710456905884684,2026-09-12b
0.8589060993600625,0.34397473072584245,2026-09-12b
0.8609418730056707,4.785183506326698,2026-09-12b
0.4194632617364368,0.5384558621511053,2026-09-12b
0.37818062097128985,0.780921618209991,2026-09-12b
0.3575745131060436,3.8682431216667084,2026-09-12b
0.7197230465018133,0.4991005695436308,2026-09-12b
0.41063885787264087,1.5808379299364363,2026-09-12b
0.6491593083085141,0.5537775732491647,2026-09-12b
0.48947854386582856,0.8167074979029862,2026-09-12b
0.6489144280377751,0.33839880775481906,2026-09-12b
0.28255348516186235,1.1038605498256093,2026-09-12b
0.46362218065079813,1.2879058696179533,2026-09-12b
0.3368410914589309,1.661819482674474,2026-09-12b
0.5695842069701922,1.218719347462261,2026-09-12b
0.37341979739738085,0.6576235956891436,2026-09-12b
0.3911044379719229,0.6155689667217223,2026-09-12b
0.6369093830766699,0.3427725159139015,2026-09-12b
0.44084978357157034,0.8096836091316822,2026-09-12b
0.496460793203165,1.0618498139115637,2026-09-12b
0.5092865469031241,0.5087262560587672,2026-09-12b
0.3028408341751174,0.16795649866986287,2026-09-12b
0.827105563958455,0.24310580794038658,2026-09-12b
0.6305222665175362,1.0753449069655483,2026-09-12b
0.6460335860635579,0.9613177314443386,2026-09-12b
0.6362220941257062,0.3647800580916365,2026-09-12b
0.6611309985972413,0.4716336441221956,2026-09-12b
0.6736571712991393,0.5992361291756279,2026-09-12b
0.6993070562194589,0.5993146635871818,2026-09-12b
0.6020547319644757,3.5611584194058876,2026-09-12b
0.49626859633665277,1.0904951227810928,2026-09-12b
0.7301852215875854,0.4251258965277222,2026-09-12b
0.7233876111517009,1.066667530481954,2026-09-12b
0.47231555352457505,0.8950888179361962,2026-09-12b
0.5619188802095981,0.5439599882471813,2026-09-12b
0.48541904877565784,1.230509245271992,2026-09-12b
0.6701602714994368,0.6132808457595555,2026-09-12b
0.6014164751528568,1.031944212495935,2026-09-12b
0.6910431972442053,0.497289891754082,2026-09-12b
0.3772626172692594,3.8358794509932364,2026-09-12b
0.38436582851959517,3.1211245145532005,2026-09-12b
0.36029704361742787,1.3741693727233388,2026-09-12b
0.7499005727587212,0.5625994173667589,2026-09-12b
0.5603820251758338,0.8911227175092332,2026-09-12b
0.6736379510665138,0.41946919336667965,2026-09-12b
0.4377941636971638,1.0801389873399738,2026-09-12b
0.8012810107041607,0.5377026177934757,2026-09-12b
0.46827837901774694,0.6649188882577631,2026-09-12b
0.47184361366436806,0.5155258505049648,2026-09-12b
0.6138256445726596,0.2686598528253404,2026-09-12b
0.7194780613806131,0.19505259537077646,2026-09-12b
0.4451525789291564,0.981466289526695,2026-09-12b
0.5775559332233395,0.9497954120833173,2026-09-12b
0.4941436184644748,1.2459235926589085,2026-09-12b
0.4503521138763831,1.0366734956937018,2026-09-12b
0.7441470323997275,0.5321398828317584,2026-09-12b
0.7936458151857699,0.15989016597807598,2026-09-12b
0.33861869458230337,3.012677336581249,2026-09-12b
0.5628709392996031,0.4952117347772847,2026-09-12b
0.661862473634812,0.36708521033576713,2026-09-12b
0.4792305460040052,1.0165192174223594,2026-09-12b
0.3709628816611081,0.5518837110893192,2026-09-12b
0.5668542300506042,0.2519961141924566,2026-09-12b
0.28320489883649586,2.3482788896528275,2026-09-12b
0.5227156554205069,0.645416082725939,2026-09-12b
0.398667925664953,1.0502798393736124,2026-09-12b
0.7425557901178348,1.2546480597940397,2026-09-12b
0.3917371479669378,1.471343102186654,2026-09-12b
0.6864421930760665,0.10303356951209884,2026-09-12b
0.6191701110506383,0.7401517698640634,2026-09-12b
0.6535753705480192,0.5757122502481026,2026-09-12b
0.5019787177087348,1.0347929964812133,2026-09-12b
0.5833799207143173,2.3039189453671485,2026-09-12b
0.8494356028881616,0.41311752514552263,2026-09-12b
0.42283143099547144,2.82048192494287,2026-09-12b
0.7926072051488744,2.505861359394682,2026-09-12b
0.3096483170675302,5.522514732510075,2026-09-12b
0.48047884560556314,1.2517866839442318,2026-09-12b
0.6696363469252553,0.7318041123693816,2026-09-12b
0.5256648455133861,1.0372012333408145,2026-09-12b
0.8580780913642286,0.5205985630194871,2026-09-12b
0.398054092594588,0.995507098744803,2026-09-12b
0.7534819500876703,0.6516098902117152,2026-09-12b
0.6838678204084836,0.37004083903748286,2026-09-12b
0.8218602296866879,0.21954133903185655,2026-09-12b
0.5686823227618397,0.5246519767364786,2026-09-12b
0.3600831294072986,1.3872302720109548,2026-09-12b
0.33554643747341717,2.6698640061587975,2026-09-12b
0.6331862002268374,0.18396146070066186,2026-09-12b
0.6145098453791673,1.1383139865922136,2026-09-12b
0.5147145812806039,0.34379644641152995,2026-09-12b
0.33591225219873194,4.513366446394781,2026-09-12b
0.5684434086618286,0.6509189872746114,2026-09-12b
0.5123304148980404,1.7033464703622196,2026-09-12b
0.5852535040721989,3.482071306760492,2026-09-12b
0.8331294071156811,0.3203142358057793,2026-09-12b
0.3392738323736884,1.919805943690555,2026-09-12b
0.5422602496350848,0.3621072148557151,2026-09-12b
0.3898910854409966,2.4986904409612634,2026-09-12b
0.5012901595123995,1.2162742930426353,2026-09-12b
0.7756089079977175,0.45172042760316417,2026-09-12b
0.5780033669826566,0.7029734598850024,2026-09-12b
0.3968360667541141,1.239600173394391,2026-09-12b
0.6972667053543731,0.4917941263921948,2026-09-12b
0.3900674188754342,0.7602204929959493,2026-09-12b
0.4965495212544142,1.0033577016484219,2026-09-12b
0.46672018613138166,0.9175300769972945,2026-09-12b
0.9129632867171769,0.6349005335784483,2026-09-12b
0.512949483626461,0.6172902599209736,2026-09-12b
0.5278188118344308,0.6618111114344437,2026-09-12b
0.4999904051252906,0.7553220446470434,2026-09-12b
0.8464314407406517,0.4465056602203807,2026-09-12b
0.7364100018328622,0.43415503580086273,2026-09-12b
0.49948284141576,1.0172074246388771,2026-09-12b
0.9919558371207289,1.7195514535572016,2026-09-12b
0.34285926357619056,1.5089425983510867,2026-09-12b
0.6237819253696687,0.70893969774615,2026-09-12b
0.5282982604100599,0.2965563279097345,2026-09-12b
0.5018517627104173,1.6417637921058863,2026-09-12b
0.3447844160202627,3.525683682732758,2026-09-12b
0.4584560137538929,0.6171556509153888,2026-09-12b
0.8067454968240657,0.38505058926530444,2026-09-12b
0.5591999840077864,0.8647789199655946,2026-09-12b
0.4803272956898117,0.5377563809934991,2026-09-12b
0.5300050343664163,1.07377857118977,2026-09-12b
0.3116616213408052,4.644622529597845,2026-09-12b
0.49021034601517316,1.6369128125938197,2026-09-12b
0.25620683829855656,2.3871400390519018,2026-09-12b
0.6730649447068302,1.1960651922336547,2026-09-12b
0.8091770290832416,0.21284669270031648,2026-09-12b
0.6913163068713947,0.33303888948176,2026-09-12b
0.38643857434650464,1.5868384771843482,2026-09-12b
0.4606948111712567,1.7575701706643678,2026-09-12b
0.4944278213960694,1.486172472693389,2026-09-12b
0.5429982080394175,0.2833175567611245,2026-09-12b
0.7238341523465918,0.5983550413578983,2026-09-12b
0.6248415065073353,0.3467650258287386,2026-09-12b
0.6971591054932952,1.0388208208249115,2026-09-12b
0.5665735673186282,0.7497651151915441,2026-09-12b
0.732465189152059,0.420590529482412,2026-09-12b
0.39425370858030023,1.4598649946999174,2026-09-12b
0.5554163379330573,0.4906223891811523,2026-09-12b
0.6950658704923065,0.4109123171270043,2026-09-12b
0.5965860168476836,0.5711987102614611,2026-09-12b
0.49817805199486587,1.4904118424563755,2026-09-12b
0.4504434517091428,1.0411508096351099,2026-09-12b
0.6833460895452967,0.25266073609764833,2026-09-12b
0.46754487263670713,0.2213170663091629,2026-09-12b
0.5816024167671616,0.352712704626586,2026-09-12b
0.8472369813227477,0.8008990936685129,2026-09-12b
0.5276049603148737,0.3002102998742368,2026-09-12b
0.750531995694051,0.5452317905207309,2026-09-12b
0.41362117403081,0.5019847362670626,2026-09-12b
0.46131238578078193,0.6786439280510319,2026-09-12b
0.33559289752490473,1.343042886159228,2026-09-12b
0.7821572477503518,0.5264064120372255,2026-09-12b
0.8583468690040992,1.0586950152113914,2026-09-12b
0.629116643965869,1.4164722057176764,2026-09-12b
0.4759307221793048,0.48218376502571786,2026-09-12b
0.8912987054342507,0.9009758404833242,2026-09-12b
0.49980972749368574,0.6544987838045045,2026-09-12b
0.4999841216644307,0.46215029723079,2026-09-12b
0.7308945899137763,1.108478013866159,2026-09-12b
0.7216313020388235,0.20217016114454095,2026-09-12b
0.5712908521790909,1.1085074517947326,2026-09-12b
0.6779938405207075,0.7765296407749767,2026-09-12b
0.45121380007478396,0.9599574806642176,2026-09-12b
0.5027146466176566,1.801852529499681,2026-09-12b
0.38387609896297936,2.19185917129518,2026-09-12b
0.8405207532118796,0.32020071301101977,2026-09-12b
0.7686966094380876,1.3174138728565392,2026-09-12b
0.43885488954408397,1.2149141473060086,2026-09-12b
0.6621600167522792,0.30943909986486484,2026-09-12b
0.804261850889165,1.0883742057050523,2026-09-12b
0.4149098186134403,0.7288274276243616,2026-09-12b
0.38897360948419996,1.431209564605229,2026-09-12b
0.2922694832943611,1.660373076199855,2026-09-12b
0.6189478671676675,0.5744156851047173,2026-09-12b
0.5071691940988138,0.7414145861082169,2026-09-12b
0.5342472085121472,0.687722161422986,2026-09-12b
0.39424825234329874,1.2011961530245547,2026-09-12b
0.7736727456797993,0.5088325394184856,2026-09-12b
0.4975664670695485,0.6869801084657523,2026-09-12b
0.6722649309557176,0.6144077313609215,2026-09-12b
0.5048723817432493,1.5273902764625698,2026-09-12b
0.47179331594670854,0.5477372327094829,2026-09-12b
0.3825814296832234,2.842661750786628,2026-09-12b
0.7489595228823562,0.460602837023277,2026-09-12b
0.8363145049089444,0.38837424126252074,2026-09-12b
0.6641913181672813,0.333721440108815,2026-09-12b
0.5471472676466067,0.33667424332035334,2026-09-12b
0.2998652099799232,0.5925563466502757,2026-09-12b
0.7797197541286635,1.1646623749175624,2026-09-12b
0.39789799086771854,1.1871210004367678,2026-09-12b
0.5341129306841629,0.5789631777026365,2026-09-12b
0.7191542041204114,1.7612583383697673,2026-09-12b
0.4909225343758747,2.1374292064931124,2026-09-12b
0.6610727808280743,0.6366911092836156,2026-09-12b
0.31148084558542827,2.0702284422230575,2026-09-12b
0.561943843246607,0.4989070093491463,2026-09-12b
0.6078952042711996,0.703701268434946,2026-09-12b
0.7006583742431589,0.6437724651539188,2026-09-12b
0.6844366868769315,0.9472132818192568,2026-09-12b
0.6914186406476887,1.8994843916309194,2026-09-12b
0.9202095750701562,0.4741664151909376,2026-09-12b
0.6534540805800214,1.6587573952367634,2026-09-12b
0.3706398609586986,1.1557101218514887,2026-09-12b
0.3042762447028602,1.5502019439053822,2026-09-12b
0.7690318148425569,0.27588108491825236,2026-09-12b
0.3232751848104191,0.45269495359362943,2026-09-12b
0.662550974926022,0.9205954642107153,2026-09-12b
0.5680723939374902,0.2980571266052837,2026-09-12b
0.3996862647924579,0.28569884970896825,2026-09-12b
0.5414594427406174,3.2182523327722623,2026-09-12b
0.5533747759025939,0.4976684967674787,2026-09-12b
0.4081282815015869,1.3369178239904411,2026-09-12b
0.8885081672537717,0.3458672687603423,2026-09-12b
0.5175509360813265,0.49401891485106997,2026-09-12b
0.5981587349865484,0.8163422367856971,2026-09-12b
0.441031496316197,0.7842734943810414,2026-09-12b
0.3976028861008709,0.9860260230994556,2026-09-12b
0.5228491089676378,0.9073965896241212,2026-09-12b
0.5225463560899692,0.7079798122587008,2026-09-12b
0.3928750653828645,3.282783027334185,2026-09-12b
0.5455896844361889,0.9543028436558602,2026-09-12b
0.5014589947690435,1.7980360624379956,2026-09-12b
0.612843211783327,9.775887242950198,2026-09-12b
0.6390118260832648,0.9827240430175322,2026-09-12b
0.5011378030742409,0.14862388284316214,2026-09-12b
0.6142765841300626,0.55552894453232,2026-09-12b
0.5657641619157805,0.7574003994538271,2026-09-12b
0.6455273069430282,0.7875489923881487,2026-09-12b
0.5975885193287618,1.2677859670010272,2026-09-12b
0.6435065590089124,0.6119269862832604,2026-09-12b
0.48645937637068726,0.7096442254775102,2026-09-12b
0.5064236225479251,0.9226517790838302,2026-09-12b
0.5527900458016807,0.7735783751643642,2026-09-12b
0.7661200017436924,0.5299115195324258,2026-09-12b
0.4970756883262388,1.2007296198882291,2026-09-12b
0.7434414835624059,0.6300703352879277,2026-09-12b
0.4023897272242596,2.6864786649183,2026-09-12b
0.6527723806307099,1.2784734354055518,2026-09-12b
0.40915938713196137,0.8828343540921171,2026-09-12b
0.5695977563347111,0.6009952371707326,2026-09-12b
0.46072020232537697,1.2247908768558178,2026-09-12b
0.6922041176547861,0.5406518813224371,2026-09-12b
0.7963484681710121,0.7586999612932135,2026-09-12b
0.42837076879947183,0.16542428803498818,2026-09-12b
0.7626347466204851,0.49260726421988454,2026-09-12b
0.4840222736419396,1.5538556726829071,2026-09-12b
0.3977804424029461,2.220573395578644,2026-09-12b
0.4527515309553905,0.5916379486481782,2026-09-12b
0.47567825610398645,1.4169797209486044,2026-09-12b
0.7790019714014714,0.12566012854314768,2026-09-12b
0.44666470290719124,0.2914464779367339,2026-09-12b
0.41302800725840505,2.395191808831051,2026-09-12b
0.5926165528752679,0.2820428125775483,2026-09-12b
0.44914924513323357,0.9499329198164111,2026-09-12b
0.3750731998971144,2.436536717251763,2026-09-12b
0.9363089155986584,0.40881978620477233,2026-09-12b
0.4742352467721557,1.49883814911612,2026-09-12b
0.699613971940112,0.6565333635855747,2026-09-12b
0.6442434042504149,0.3255651409483491,2026-09-12b
0.5043608120126422,0.8679402557634323,2026-09-12b
0.4246448500834117,2.046912164399552,2026-09-12b
0.5664815802585917,1.394484829674838,2026-09-12b
0.508906904825212,0.7840400337690808,2026-09-12b
0.7618929891263474,0.3422566057062347,2026-09-12b
0.5658243686010398,0.7622431791829688,2026-09-12b
0.6307108394621859,0.9136129874060882,2026-09-12b
0.45101569806853975,1.1481783698309385,2026-09-12b
0.5328779344701077,0.2683080989476005,2026-09-12b
0.5649479972753711,1.2989980545765598,2026-09-12b
0.48992364104669434,0.37381584152640124,2026-09-12b
0.5613305651939078,0.7714076221098793,2026-09-12b
0.5577497314076043,0.7568118313161962,2026-09-12b
0.6163052855734272,0.47875179621253267,2026-09-12b
0.23477590141045956,2.488660871105759,2026-09-12b
0.4836472576975807,1.2874426878585843,2026-09-12b
0.2924527719653224,1.3365218726501202,2026-09-12b
0.6180731565649245,3.351922564679951,2026-09-12b
0.8088767737719199,1.3699746849173224,2026-09-12b
0.5384953405773584,0.41939998307899706,2026-09-12b
0.3866667872367144,1.659028579895979,2026-09-12b
0.6095729806148023,0.45315560770257846,2026-09-12b
0.5878498845446706,0.25653203918177553,2026-09-12b
0.48584467925669955,0.6671089537871794,2026-09-12b
0.4567739279131585,0.697636872468866,2026-09-12b
0.3787893799340052,1.2932055764497559,2026-09-12b
0.48364672563825206,0.6080619458769891,2026-09-12b
0.5478628885771994,0.8279620404470437,2026-09-12b
0.7473097760135456,0.21476497997707664,2026-09-12b
0.4193085833840764,3.884903743809228,2026-09-12b
0.44140895482380965,0.8650889472151302,2026-09-12b
0.32545835196830253,3.5626087644874405,2026-09-12b
0.553816397890015,0.39079495386500934,2026-09-12b
0.5546795559980179,1.3881946992411816,2026-09-12b
0.5647372887241512,1.0607665752517272,2026-09-12b
0.6016572061373313,0.8737428921251037,2026-09-12b
0.46534150867480073,0.681945992191915,2026-09-12b
0.5224618536339902,0.31402170049892325,2026-09-12b
0.5298654339411208,0.3142367880865695,2026-09-12b
0.5502024685328495,0.5654106449845301,2026-09-12b
0.4951465525562787,0.6394557923885489,2026-09-12b
0.42255804522479706,0.7037668158049041,2026-09-12b
0.7785926693989409,0.45806585357830587,2026-09-12b
0.5399887588677188,0.6757081544256058,2026-09-12b
0.5423463933674293,1.1287730548136867,2026-09-12b
0.42789410790946775,1.6065500466314049,2026-09-12b
0.8758084956304799,0.8554356057058926,2026-09-12b
0.8248614793769975,0.2939604073465011,2026-09-12b
0.5226480947412344,0.8615787514434619,2026-09-12b
0.7707214344947484,0.09592303410188364,2026-09-12b
0.3678096731124184,0.9456770598395821,2026-09-12b
0.668519294433967,1.8170102469605467,2026-09-12b
0.3197368640818121,0.9811381985951761,2026-09-12b
0.9138862553630457,1.3530847841566738,2026-09-12b
0.48301464342015243,1.5406933601675392,2026-09-12b
0.7500320537484166,0.21386421247961998,2026-09-12b
0.605970714649944,0.397471146014177,2026-09-12b
0.4777355687471736,0.23963420398926594,2026-09-12b
0.6153670641022613,1.8058572603531982,2026-09-12b
0.6522991221919613,0.1858115817825708,2026-09-12b
0.5171985160325169,1.8190382683059656,2026-09-12b
0.7095952215540199,0.6672713677136719,2026-09-12b
0.41561061833610774,0.4978888935643223,2026-09-12b
0.4992656200134864,1.0123564851493254,2026-09-12b
0.31585765041405495,2.085371895565139,2026-09-12b
0.46353657334451487,1.047039865982084,2026-09-12b
0.796007518949555,0.46813523330610834,2026-09-12b
0.3197684949378903,1.0585466065761733,2026-09-12b
0.7278548409467317,0.7444618895765831,2026-09-12b
0.707942527946999,0.5303248885356425,2026-09-12b
0.5691800887753341,0.9327286848640785,2026-09-12b
0.8739361772737548,0.11725402828229556,2026-09-12b
0.3326724691291424,1.3970758538936394,2026-09-12b
0.5191992970820487,0.6162306679031156,2026-09-12b
0.7555697605973792,0.3352393580640161,2026-09-12b
0.4780964782640959,1.26810814873705,2026-09-12b
0.6572581873256316,0.42213490893065264,2026-09-12b
0.7562613051905047,0.8078013307717693,2026-09-12b
0.522755189409484,1.6462697886194084,2026-09-12b
0.6635503433206845,0.27874861889768254,2026-09-12b
0.605574828655032,0.5141349200027667,2026-09-12b
0.3451939300714681,1.7134408567175832,2026-09-12b
0.8725387976445357,1.514429271592236,2026-09-12b
0.4902976343666283,2.4015781064814066,2026-09-12b
0.7705616200765959,0.24775333233909164,2026-09-12b
0.4354175977365463,1.1710254110881175,2026-09-12b
0.42629440110144495,0.46360088297377516,2026-09-12b
0.5570913636760466,0.6142758687471417,2026-09-12b
0.38733940193287986,0.8749511025332188,2026-09-12b
0.550608174776667,0.39323883771498813,2026-09-12b
0.9231783397793872,1.9469554224596417,2026-09-12b
0.3395226172947728,0.45094545070857367,2026-09-12b
0.4371391220650452,0.7716711641689614,2026-09-12b
0.5289228088393584,1.352465836621089,2026-09-12b
0.5674009329179365,0.43207022510614335,2026-09-12b
0.48357806302402223,1.2761657081768742,2026-09-12b
0.6041073992257969,1.4421423652732217,2026-09-12b
0.3605652429651775,1.3476612125991414,2026-09-12b
0.6486939105341142,0.4058066301925599,2026-09-12b
0.40995356549423656,2.408612647856171,2026-09-12b
0.3771673490252616,2.948081492223128,2026-09-12b
0.3617782767220872,2.483605271606088,2026-09-12b
0.5862534237577018,0.6148685403566256,2026-09-12b
0.7057681880413498,0.30541330884522133,2026-09-12b
0.49320581937059715,0.7209857000973555,2026-09-12b
0.6386490046206549,1.2373197357149335,2026-09-12b
0.7158555952849036,1.3029114588605333,2026-09-12b
0.7607540675693389,1.4643876044201958,2026-09-12b
0.5509246536946544,0.6601883751005881,2026-09-12b
0.7032027427111822,0.30040109904004547,2026-09-12b
0.4953355478680675,0.8709859654340099,2026-09-12b
0.363156136965536,0.8346535791846147,2026-09-12b
0.7071029198882991,0.9002504637621432,2026-09-12b
0.40771422008673586,1.2510925153816375,2026-09-12b
0.5046416235347417,0.8158105543029682,2026-09-12b
0.4383883648334746,1.3470754439527635,2026-09-12b
0.6739460282778278,0.47980242531343625,2026-09-12b
0.2913291232129098,2.893990078625008,2026-09-12b
0.7309702323722324,0.47262076291867877,2026-09-12b
0.764048602397132,0.289719236764483,2026-09-12b
0.7862830229455997,0.43733823894325735,2026-09-12b
0.3843308277386374,0.8130196980700949,2026-09-12b
0.42762827658807584,1.127805628402021,2026-09-12b
0.46336706591406407,0.7948716055911347,2026-09-12b
0.46922951661954626,1.4583261696654026,2026-09-12b
0.5848186718377821,0.8079115129191681,2026-09-12b
0.42142291459788,2.2030768317962166,2026-09-12b
0.35846003004908134,1.405614732432394,2026-09-12b
0.674619051357018,0.4738069763238844,2026-09-12b
0.4806938046386051,5.083404961843438,2026-09-12b
0.3317810670865148,1.0770123704990993,2026-09-12b
0.4486303716519389,1.3890905010488876,2026-09-12b
0.5369123996910536,1.1299081367942203,2026-09-12b
0.6177728252096817,0.39888197189649505,2026-09-12b
0.48967892167550603,0.7382431989319201,2026-09-12b
0.9316405051756976,0.39526008698729653,2026-09-12b
0.928514018396764,0.22906666264410372,2026-09-12b
0.6685373780506348,0.4195780786768658,2026-09-12b
0.4696985820303619,0.4644057334436163,2026-09-12b
0.6331928474724534,0.7886445245824378,2026-09-12b
0.5689321985255278,1.2555616125296918,2026-09-12b
0.4788151817541861,1.9028431367666652,2026-09-12b
0.6408468844874996,0.34762037427729087,2026-09-12b
0.7548692363701649,0.3270417739093023,2026-09-12b
0.31108598657378805,2.1872633161442834,2026-09-12b
0.4969110503182066,0.9786236493513754,2026-09-12b
0.40488368064371505,2.3151635148926704,2026-09-12b
0.8481203278295607,0.4890938682821316,2026-09-12b
0.5268045623437568,1.5794884935361844,2026-09-12b
0.6495820240298648,0.5395342360433004,2026-09-12b
0.828623579915045,0.36643820720146925,2026-09-12b
0.5750028947769396,0.18829059643042287,2026-09-12b
0.9299917113386842,0.5925724577234939,2026-09-12b
0.3283410286552654,0.9401519181876505,2026-09-12b
0.41036559550180035,1.6885768647035702,2026-09-12b
0.4552114082424555,0.5389663834024732,2026-09-12b
0.5432487754190946,0.6823822098706523,2026-09-12b
0.42932153389810934,1.0718883389442422,2026-09-12b
0.5447029673514144,0.6437436247894067,2026-09-12b
0.8476669119774136,0.19748178004793687,2026-09-12b
0.7413323412907679,2.3166707428630997,2026-09-12b
0.8852592169990126,0.7844846306739353,2026-09-12b
0.5822982746507002,0.9482200683454748,2026-09-12b
0.8349403128684052,0.5623652141614672,2026-09-12b
0.5284761720453762,1.0795761039043152,2026-09-12b
0.6337330833147304,0.6847698392894648,2026-09-12b
0.4584055788171776,0.33659411060489913,2026-09-12b
0.4546518661390015,1.0055100383729416,2026-09-12b
0.2319653867007401,5.165172604202206,2026-09-12b
0.8166104772182121,0.5843916639477044,2026-09-12b
0.4852934778220601,1.0468995636154816,2026-09-12b
0.6305323590527188,1.9358923278753732,2026-09-12b
0.46763057031232835,1.1726474473775372,2026-09-12b
0.5585919992162043,0.8861350320896731,2026-09-12b
0.34735350825548483,2.560551342257104,2026-09-12b
0.555902295255329,0.6799865697294676,2026-09-12b
0.4637101838811222,0.9520952042357982,2026-09-12b
0.3355951846077999,0.46599577884357535,2026-09-12b
0.33352731543125297,2.025435178974637,2026-09-12b
0.27532603281028006,2.5291561577568706,2026-09-12b
0.5529198896588551,0.5163989283832575,2026-09-12b
0.31315251173419345,2.92193273039195,2026-09-12b
0.955768624603281,0.4002896175218611,2026-09-12b
0.5433601472209811,1.3253482352781552,2026-09-12b
0.6262922197348032,12.357507773335369,2026-09-12b
0.6296175072059732,0.31437354099852105,2026-09-12b
0.6531450582563602,0.9454462065141768,2026-09-12b
0.9810656021426903,0.004483245977301167,2026-09-12b
0.43435098553658935,1.7798368629069548,2026-09-12b
0.645893601370087,0.48832314578243363,2026-09-12b
0.5569894477160099,1.5327030423791095,2026-09-12b
0.3582137093517402,1.0323215964398353,2026-09-12b
0.5401920414533743,0.6863663263837199,2026-09-12b
0.7359353067159146,1.0195352046289015,2026-09-12b
0.5403860948889776,1.143618830844981,2026-09-12b
0.938401916636646,0.2905609980152181,2026-09-12b
0.42568527752378527,0.968366143646651,2026-09-12b
0.3653695206219173,1.5369175385550293,2026-09-12b
0.7441290906298027,0.2195167267889999,2026-09-12b
0.6911648554451073,0.6471107866129301,2026-09-12b
0.7974612080773629,0.43750514777775645,2026-09-12b
0.5527518108678882,0.49321492599564626,2026-09-12b
0.5612379846300755,0.4438266187803674,2026-09-12b
0.36469292790516483,0.42162873342925594,2026-09-12b
0.44631885316182207,0.9086427723202328,2026-09-12b
0.4543249636889657,1.4854932466165303,2026-09-12b
0.9004041334392293,0.06426547495007905,2026-09-12b
0.44750813803540934,1.6776358151844442,2026-09-12b
0.6878293519937927,0.4283412629910157,2026-09-12b
0.7142399468432747,0.44963358688839977,2026-09-12b
0.5240632591354363,0.7417635395478787,2026-09-12b
0.5736855369650257,1.5302334761136975,2026-09-12b
0.670816018950611,0.35360088639615406,2026-09-12b
0.5501571444128306,1.7963750392605013,2026-09-12b
0.7376254658442287,0.37011412499553314,2026-09-12b
0.46185724823497026,0.4555565705920298,2026-09-12b
0.9088031927602597,0.6256471569130083,2026-09-12b
0.6868232729602743,1.2687262996335038,2026-09-12b
0.9666172826267035,1.6162694803350448,2026-09-12b
0.6750640904538564,0.463496379881638,2026-09-12b
0.7310519038905263,0.31738190398878874,2026-09-12b
0.5193431333295369,1.12685902716733,2026-09-12b
0.4947122071500029,0.39339882547388816,2026-09-12b
0.5621543631165233,0.9353794995823168,2026-09-12b
0.7316333398824463,0.5691712924101844,2026-09-12b
0.42596809829820376,0.8918612922826896,2026-09-12b
0.5043393060159981,0.42988122838112686,2026-09-12b
0.9371260836603993,0.4747493992785117,2026-09-12b
0.8624374736152781,0.2784269177131493,2026-09-12b
0.4861014657740262,0.49701267469311106,2026-09-12b
0.43596055714778953,1.4628380952771372,2026-09-12b
0.5729959465956131,0.43739439164091587,2026-09-12b
0.477135624432894,0.8738577151527682,2026-09-12b
0.7048183768345664,0.13721812040326556,2026-09-12b
0.4711222628994756,0.5468967006498261,2026-09-12b
0.529894808634264,1.5658171850958598,2026-09-12b
0.4069923421823326,1.1132635204297638,2026-09-12b
0.669035711709993,0.44911254273760354,2026-09-12b
0.6507944007122679,2.133070354237117,2026-09-12b
0.9332778348102571,0.677356537651373,2026-09-12b
0.524659891373437,0.6930900263421775,2026-09-12b
0.630883154693531,0.5427544770547923,2026-09-12b
0.7439493705109768,0.6228882111722096,2026-09-12b
0.6362496764088964,0.8024716574140545,2026-09-12b
0.29251410663918326,4.033917792883733,2026-09-12b
0.49273483262847695,0.5057265613550791,2026-09-12b
0.6817118661706231,0.4772013706942328,2026-09-12b
0.7919907026698734,0.14226923574329087,2026-09-12b
0.8491503569668328,0.18136144945194319,2026-09-12b
0.5456001286818696,0.795912825492908,2026-09-12b
0.43092867344687685,1.488300656758684,2026-09-12b
0.3757878086656497,1.086545325452162,2026-09-12b
0.39892882626510057,2.754396363231718,2026-09-12b
0.4085053747087491,1.5861620217706565,2026-09-12b
0.4671471205382154,1.7185007168512942,2026-09-12b
0.43270055292782883,0.4944216594105942,2026-09-12b
0.40175096568676855,0.6254468406568925,2026-09-12b
0.5645483670051441,0.6197530629697662,2026-09-12b
0.58065750515624,0.4380713972220374,2026-09-12b
0.4208903067937317,3.414860915643287,2026-09-12b
0.8747460963302718,1.2167964080260942,2026-09-12b
0.4412945398717021,1.0991869117296384,2026-09-12b
0.6296366829982156,0.7410301324923726,2026-09-12b
0.7496634489403815,0.46414503463508366,2026-09-12b
0.36762299859329184,1.6470180433819246,2026-09-12b
0.4130703608077625,1.2789722401755954,2026-09-12b
0.7033830461907603,0.47182099171195424,2026-09-12b
0.6869018677539729,0.4092516447745506,2026-09-12b
0.8853850035254476,0.1056722525828935,2026-09-12b
0.4885347088316997,1.2699738663111697,2026-09-12b
0.7441216542920908,0.8043073618469345,2026-09-12b
0.49160875345678345,1.0755279377766653,2026-09-12b
0.5093397668170594,0.5450499458943561,2026-09-12b
0.7478572791350748,0.3077084604995022,2026-09-12b
0.5025610681861037,0.8501743490260775,2026-09-12b
0.36794751021220157,2.5248307509513577,2026-09-12b
0.3692131980313987,1.0021077120595532,2026-09-12b
0.5824850734519396,1.2888452504242796,2026-09-12b
0.5872670853996619,1.7449869774338915,2026-09-12b
0.7010840496126569,1.1459025224638206,2026-09-12b
0.7913447411735469,0.38272999859651635,2026-09-12b
0.8198401177905472,0.9604721105791341,2026-09-12b
0.7828337039107091,0.32735494126257264,2026-09-12b
0.595073265130752,0.6898394904248041,2026-09-12b
0.4694905398246164,0.6842736030444804,2026-09-12b
0.37985478445126,1.2359258653998415,2026-09-12b
0.4517795538053022,0.8914165227572696,2026-09-12b
0.5388684311371247,0.78306846367043,2026-09-12b
0.4415305091018198,1.9336870200964669,2026-09-12b
0.4095726261231359,1.172889467386284,2026-09-12b
0.5508234214214556,1.3088961546760391,2026-09-12b
0.422023124867824,1.2400862769412933,2026-09-12b
0.7522557472806599,0.5131012718663535,2026-09-12b
0.4333074253855364,1.208835552589018,2026-09-12b
0.5599041973993568,1.2159364470252183,2026-09-12b
0.8949924707757274,0.5897263417366628,2026-09-12b
0.567333698539696,1.3886993779237824,2026-09-12b
0.29356928554391765,0.5303560545186018,2026-09-12b
0.7133899985196621,0.3699603129102806,2026-09-12b
0.35432175623392204,1.078015894666506,2026-09-12b
0.5080789856479501,0.8369949049285326,2026-09-12b
0.7981337240648937,0.3332943197771437,2026-09-12b
0.3353064136373227,1.5163701229631807,2026-09-12b
0.8079706120676916,0.35435718129860816,2026-09-12b
0.5136423964264073,0.6205072456166587,2026-09-12b
0.6668938997508148,0.6578917957972412,2026-09-12b
0.749503244243095,0.6164803118052679,2026-09-12b
0.4910704313351594,0.6820340784526461,2026-09-12b
0.49662871928582797,1.1801339670996052,2026-09-12b
0.6818635178355852,0.23738135435849333,2026-09-12b
0.5063796019903524,0.9237507047224487,2026-09-12b
0.4790970807721807,0.5502907666541228,2026-09-12b
0.5933458080577471,0.9103585479320709,2026-09-12b
0.5972248458976664,1.8937137553276902,2026-09-12b
0.8152672846419688,0.6386056487372876,2026-09-12b
0.8472224491652667,0.4980139534822213,2026-09-12b
0.7294194609168213,1.014036765637328,2026-09-12b
0.5866958453789398,1.036155558415576,2026-09-12b
0.6733016953950217,0.3637755572049418,2026-09-12b
0.7511756151110466,0.414181658307456,2026-09-12b
0.5635535223761158,0.8732441540890117,2026-09-12b
0.7856853019794574,1.663776459445704,2026-09-12b
0.3636240628514959,1.7405119724150584,2026-09-12b
0.20117057806857308,3.1607080704242074,2026-09-12b
0.45037070096928244,1.6361831390911128,2026-09-12b
0.5108430784415449,0.863219037625695,2026-09-12b
0.775913164634044,0.5665675539607771,2026-09-12b
0.6894584370861331,0.6293155516736092,2026-09-12b
0.6475255647271991,0.7828871862219917,2026-09-12b
0.48095874074890765,1.0055874399466982,2026-09-12b
0.4923722298321935,0.8642494874334463,2026-09-12b
0.5771738539224032,0.310999808583242,2026-09-12b
0.8598398355578991,0.9546866402990328,2026-09-12b
0.45047717222583467,0.9990501991036815,2026-09-12b
0.8327955695645036,0.49428545240860744,2026-09-12b
0.5813686845912855,0.4138978998587803,2026-09-12b
0.871972174293624,1.64539413821248,2026-09-12b
0.4374096028770967,0.690962261224578,2026-09-12b
0.7091970777075001,0.27071614863221066,2026-09-12b
0.5438652895091117,0.8888926898268753,2026-09-12b
0.3826036555944789,1.2497226419843008,2026-09-12b
0.42653556035033985,1.7361814810391794,2026-09-12b
0.6506434602340353,0.45258702741917556,2026-09-12b
0.42277990204792254,1.448736263732987,2026-09-12b
0.41853799631093896,1.292486518903275,2026-09-12b
0.6788988640423232,1.8747651708720194,2026-09-12b
0.4327845577372856,1.3624652402709476,2026-09-12b
0.37809561774652833,0.6677790989387519,2026-09-12b
0.6382473824095066,0.6550145002065543,2026-09-12b
0.4897670538422271,1.0693717518427819,2026-09-12b
0.5787987846683621,0.35800616949843667,2026-09-12b
0.4860416626922648,1.4100621306656267,2026-09-12b
0.5301072683646038,0.29917813739130344,2026-09-12b
0.4387307681323649,1.4761284226080957,2026-09-12b
0.8764551467591327,0.40452655951730637,2026-09-12b
0.9038482432161519,0.5478448074038152,2026-09-12b
0.5972081984440865,1.0388491871435497,2026-09-12b
0.462468224413135,0.5816021015674829,2026-09-12b
0.4604243259833783,1.1865524475526659,2026-09-12b
0.7483518612528083,0.4250087956648572,2026-09-12b
0.5973587450194183,0.39901781130004316,2026-09-12b
0.7316447284866712,0.09505398947890119,2026-09-12b
0.6701867843115193,0.8999526391451317,2026-09-12b
0.33502862998052474,4.109266671246609,2026-09-12b
0.5848077447291816,0.12390310880386875,2026-09-12b
0.6634072019730325,0.5396004608130699,2026-09-12b
0.7378424600776192,1.8942722391602496,2026-09-12b
0.5908493892123053,0.3050457856817098,2026-09-12b
0.4600811334942137,1.433975055241507,2026-09-12b
0.6503396442140937,1.134400886973667,2026-09-12b
0.45242391332299864,0.8024187404554033,2026-09-12b
0.4455692855765527,1.1743058635991972,2026-09-12b
0.4511391539378308,0.9640671384334072,2026-09-12b
0.5832642128244213,0.4874924863644625,2026-09-12b
0.7589963203222281,1.3847379947909686,2026-09-12b
0.5135752937720414,1.2278094718626387,2026-09-12b
0.6715924880996507,0.6550201088634268,2026-09-12b
0.5863155264463873,1.2765610638790665,2026-09-12b
0.7011247516352042,0.34135304366456326,2026-09-12b
0.6849155455732366,0.45328087609829754,2026-09-12b
0.5328890985451125,1.1798369118894891,2026-09-12b
0.2995371694101609,3.6281319509627665,2026-09-12b
0.8234229347256857,0.3605819092809328,2026-09-12b
0.9130183181021889,0.2524652780100779,2026-09-12b
0.596028088044468,0.2478179904485709,2026-09-12b
0.4107510738588532,0.8951140250833938,2026-09-12b
0.7648023796740456,0.5976146900314377,2026-09-12b
0.46819700516950963,0.7487851257350278,2026-09-12b
0.49599999737459416,1.2427727602059495,2026-09-12b
0.366089466613869,1.2020446090647883,2026-09-12b
0.7569788174666415,0.35080009986959737,2026-09-12b
0.6251563218703426,0.2670809728927747,2026-09-12b
0.4181371213398021,2.1074896193482027,2026-09-12b
0.44832965903759847,0.8988105250309759,2026-09-12b
0.5366005883232334,0.8204313325747573,2026-09-12b
0.826961800537128,0.8351943638559249,2026-09-12b
0.49546295815372016,0.5394089100156747,2026-09-12b
0.3508290479793759,1.1904244279797622,2026-09-12b
0.5370975343770105,0.3107423192086507,2026-09-12b
0.7881070970132013,0.10251528253518871,2026-09-12b
0.4069870111117523,1.530243686900961,2026-09-12b
0.5698895650276825,0.3871458180781343,2026-09-12b
0.4460741872467117,0.6862462867888685,2026-09-12b
0.8264097474684605,0.6002303481926379,2026-09-12b
0.87933961900152,0.29847204924413767,2026-09-12b
0.5710443079319141,0.5701700227398585,2026-09-12b
0.6527597563426135,0.9108501974495999,2026-09-12b
0.73952197519381,0.5065589815197218,2026-09-12b
0.7278690054089517,0.2814695351586956,2026-09-12b
0.5394149710279426,0.7433901493640576,2026-09-12b
0.6885435944243739,0.9064397206321345,2026-09-12b
0.8280150397843177,0.30433032841827745,2026-09-12b
0.6257524248630391,0.7274674542270074,2026-09-12b
0.981773804259739,1.1842926689486635,2026-09-12b
0.5633815706009939,0.6933765305291868,2026-09-12b
0.5679182717196521,0.4687068331964531,2026-09-12b
0.2796577501574242,2.464526432270823,2026-09-12b
0.31111624317545905,1.094527624656143,2026-09-12b
0.8670392803240472,0.23515859647411316,2026-09-12b
0.4258508994197307,1.221273290699752,2026-09-12b
0.29785692531320235,1.823224742659065,2026-09-12b
0.6521220607240463,1.218988708574533,2026-09-12b
0.48970651213959,0.7001256798396783,2026-09-12b
0.4582672493610308,0.8570847766929754,2026-09-12b
0.8842878098076709,0.7583179705460719,2026-09-12b
0.548046729962195,1.0046018607629739,2026-09-12b
0.5413906794443929,0.5028299985751546,2026-09-12b
0.4732463758641663,1.2838876362544245,2026-09-12b
0.4488131254973687,1.0982152322534073,2026-09-12b
0.34361997169567743,0.9605597434752783,2026-09-12b
0.9880230987427413,0.28463585672328884,2026-09-12b
0.4408313641632921,0.634610113985464,2026-09-12b
0.67387015583957,1.5017310144359495,2026-09-12b
0.573918057451304,0.8646199455647036,2026-09-12b
0.5254615047845675,0.5107467957797994,2026-09-12b
0.8986107428232389,0.545426756800405,2026-09-12b
0.7612176824871978,0.759653934477338,2026-09-12b
0.2711459773836059,0.9933444714188424,2026-09-12b
0.6490682581247873,0.31903386679574747,2026-09-12b
0.33623656449374956,1.1345819759731992,2026-09-12b
0.49444749483749073,0.7452533707496451,2026-09-12b
0.9056856575743594,0.6576280645496964,2026-09-12b
0.7210216938257048,0.20993247897742234,2026-09-12b
0.7377280601562082,0.3576865203849879,2026-09-12b
0.5725136077232429,1.2268802456451995,2026-09-12b
0.6336765670246198,0.6678123263016331,2026-09-12b
0.6519699405949383,0.31133335422777314,2026-09-12b
0.5579681200009966,1.1294191389808186,2026-09-12b
0.552842686686202,1.273736647440716,2026-09-12b
0.5511495055187717,0.8975581282530303,2026-09-12b
0.5815097662997468,0.6251628538619055,2026-09-12b
0.46811294694806244,0.7026185671949916,2026-09-12b
0.5487299868697427,1.6454022823825039,2026-09-12b
0.8027954601749553,0.6822085970871726,2026-09-12b
0.4980982244461188,1.3891854568815263,2026-09-12b
0.44105075252022896,0.7473837939151967,2026-09-12b
0.518853547329215,0.49196508711665116,2026-09-12b
0.568892226825229,0.7203139918755231,2026-09-12b
0.4880442188536288,1.5116595907741524,2026-09-12b
0.5751952714854179,0.3080659996816035,2026-09-12b
0.424280375212829,0.12074474283703365,2026-09-12b
0.611123507517763,0.375230936698689,2026-09-12b
0.5622310560048336,1.3913487512776972,2026-09-12b
0.39732837768399,1.661643064099816,2026-09-12b
0.7420045128536097,0.12109283337866779,2026-09-12b
0.8008586327321542,0.7653375328934114,2026-09-12b
0.6805505247952464,0.49064288549791774,2026-09-12b
0.6814902534676981,0.23175849281819116,2026-09-12b
0.737354026699512,1.3459878821997902,2026-09-12b
0.35020556394867686,0.3500155414870466,2026-09-12b
0.5715936738291079,0.4783967509899152,2026-09-12b
0.4621498409825215,0.7550264121285737,2026-09-12b
0.7715977529568149,1.0287985595247424,2026-09-12b
0.41808817570859313,0.5958545518484113,2026-09-12b
0.8587925316889509,1.1204019877691995,2026-09-12b
0.3992141285290391,1.3879524614342287,2026-09-12b
0.6250784808506539,0.7015526752212987,2026-09-12b
0.8150433753108274,1.4273742165411332,2026-09-12b
0.4768082227946562,1.1558400767739099,2026-09-12b
0.5274554465566033,0.8237868027571577,2026-09-12b
0.38853315932282634,1.0479549881887413,2026-09-12b
0.6538518051312759,0.6466806442301126,2026-09-12b
0.4406494229026163,0.6162796177378007,2026-09-12b
0.30569224493163594,2.495403116867818,2026-09-12b
0.8596204457229338,0.2886888141216823,2026-09-12b
0.4501191810701559,0.416559060090035,2026-09-12b
0.3926164881279321,1.0650260844067088,2026-09-12b
0.43257005166293494,0.5982509920035305,2026-09-12b
0.6418180759157964,1.1687431989954535,2026-09-12b
0.3887187349105986,0.655296080527484,2026-09-12b
0.4479752824868465,0.3828205509936786,2026-09-12b
0.486608198886354,0.7671295107264298,2026-09-12b
0.7197544732817607,0.840765767511697,2026-09-12b
0.7455434414725371,0.4398026647713049,2026-09-12b
0.4853413045751061,1.1890411248046202,2026-09-12b
0.8256269713269326,0.6356130840757143,2026-09-12b
0.6811696105431353,0.2767455772461069,2026-09-12b
0.8114452873650518,0.24160830296510352,2026-09-12b
0.3697255690031649,2.6931697762506577,2026-09-12b
0.46647596890720905,0.32345815070007394,2026-09-12b
0.4656187319116891,0.842926689743203,2026-09-12b
0.4322857189064733,1.4389832070700241,2026-09-12b
0.8963186007264738,3.8619435304751715,2026-09-12b
0.45602783858137463,1.3380614703565183,2026-09-12b
0.6082657529716423,0.3973963899822607,2026-09-12b
0.5784351483397293,0.6047156634175586,2026-09-12b
0.9406796178640278,0.13615743896489166,2026-09-12b
0.6407557381238633,0.5992462259314474,2026-09-12b
0.6903219069226274,0.5929002899844503,2026-09-12b
0.39194663789796486,1.5714395542566308,2026-09-12b
0.6512265742603734,1.6716390658811389,2026-09-12b
0.5465092743471959,2.1102786180592723,2026-09-12b
0.46320859784915724,0.9819140618594049,2026-09-12b
0.853100298526962,0.35969704395925123,2026-09-12b
0.2406472927860089,1.388447136082301,2026-09-12b
0.38185888826141495,1.0338509536572162,2026-09-12b
0.6704162248802087,0.5881965350114878,2026-09-12b
0.7499424243862887,1.1804462857170472,2026-09-12b
0.7449870891285447,0.13619343973762277,2026-09-12b
0.5529168756892322,0.8892601389672546,2026-09-12b
0.615667319323221,0.5463354065360824,2026-09-12b
0.7437267500441814,0.4998597733014429,2026-09-12b
0.7147903904027106,0.2058883297602694,2026-09-12b
0.7025159702730495,0.2377170587333011,2026-09-12b
0.8865658042619691,0.3011755024980296,2026-09-12b
0.5023547737365118,0.48419836827367235,2026-09-12b
0.2448593842048513,3.833508887914217,2026-09-12b
0.6924727571159344,0.2912870545566609,2026-09-12b
0.7721391321996592,0.15184026414890844,2026-09-12b
0.5799315809530327,0.42994200565924817,2026-09-12b
0.7546375959087018,0.3228701959995061,2026-09-12b
0.5469371157027011,0.6347207720652156,2026-09-12b
0.5608087155680614,0.8777413513776569,2026-09-12b
0.5114162572758686,1.0964097675696995,2026-09-12b
0.41255686678460746,1.5137453076515055,2026-09-12b
0.5437553117178632,0.9500531873793633,2026-09-12b
0.5396985519593628,0.708945227584509,2026-09-12b
0.5242583380326675,0.41976611714654577,2026-09-12b
0.4788102630130815,0.8473905665146404,2026-09-12b
0.6375866126863584,0.5782877432596046,2026-09-12b
0.5836377726507322,0.7775240631305945,2026-09-12b
0.41419120045187746,1.146392020357063,2026-09-12b
0.4379847394530189,0.2807148060758194,2026-09-12b
0.6395414331281748,1.1839176688527548,2026-09-12b
0.3606934918179522,1.518428745677264,2026-09-12b
0.6700385206450892,0.4993401815136578,2026-09-12b
0.5054650829295851,0.762867925249767,2026-09-12b
0.5528071044864312,1.8127378928440085,2026-09-12b
0.5320641036037037,1.2352337823545751,2026-09-12b
0.6871638497861465,1.904216606201312,2026-09-12b
0.6021230950209899,2.2163308419651364,2026-09-12b
0.5940432853875123,0.5425360535238268,2026-09-12b
0.5139392097084878,0.7872596722143936,2026-09-12b
0.5034209277036779,1.7224172804672404,2026-09-12b
0.45013857886209685,1.1863604206524219,2026-09-12b
0.7381904817717589,0.41861023104965006,2026-09-12b
0.5297421727279789,0.405442679333592,2026-09-12b
0.37794213074923083,0.40464867848398667,2026-09-12b
0.4444280032264169,0.39420604627849076,2026-09-12b
0.5060420491281319,0.9983886166936904,2026-09-12b
0.3224168531438448,0.9256591041205781,2026-09-12b
0.7454153491418223,0.7003386742152717,2026-09-12b
0.5562878235472795,0.6939345692947748,2026-09-12b
0.4728371319765014,0.41330755757084414,2026-09-12b
0.6064434960515471,0.39474439496968405,2026-09-12b
0.5393991046719661,0.46689062922246105,2026-09-12b
0.5081740013594774,0.2493962276733565,2026-09-12b
0.4391534346263335,1.856397297503495,2026-09-12b
0.5587014176503322,1.4675025311197787,2026-09-12b
0.30028933458820056,2.385552701801186,2026-09-12b
0.5275121565816528,0.7709538603401574,2026-09-12b
0.8752358801740676,1.1211472555780886,2026-09-12b
0.5998907876724654,4.1277150642934926,2026-09-12b
0.5331665750551909,0.47918268436043365,2026-09-12b
0.6658302768167423,0.32655368319516204,2026-09-12b
0.42463986367623213,0.8682384048910978,2026-09-12b
0.9130373263583262,0.6311883172111022,2026-09-12b
0.8905473025869953,0.4834908455701789,2026-09-12b
0.4293225246431297,1.7658210298677788,2026-09-12b
0.4982832144850373,0.5841916665269824,2026-09-12b
0.5350603971913058,1.1626859360982709,2026-09-12b
0.4249586616062413,0.9455854293125713,2026-09-12b
0.7371513543787405,0.3361552041362828,2026-09-12b
0.7969482033677978,0.29791540076022427,2026-09-12b
0.6434785582588043,0.20328642569680747,2026-09-12b
0.7103560632954277,2.4350135899022836,2026-09-12b
0.45406116599405427,0.8876690785995591,2026-09-12b
0.80198287650255,0.7012067689416299,2026-09-12b
0.9350966156262587,0.6182184099943938,2026-09-12b
0.767081440574616,0.1840004549260078,2026-09-12b
0.4154233820120374,1.3416446312547983,2026-09-12b
0.6119727329762529,1.7491389478450876,2026-09-12b
0.6148110473052915,3.800817070799927,2026-09-12b
0.6711698094759752,0.23382675088628177,2026-09-12b
0.5362179942211143,0.7765322679285437,2026-09-12b
0.5952112002727767,0.5583778904922124,2026-09-12b
0.6315559307375073,0.23574052506007429,2026-09-12b
0.39634628031480695,1.0376897240779928,2026-09-12b
0.4721887035189092,0.6458932637444944,2026-09-12b
0.33258141541875136,1.0614941421734496,2026-09-12b
0.6894373722381686,0.46487346814976516,2026-09-12b
0.5669082319003348,0.3938453929211382,2026-09-12b
0.6422002371996679,0.23659060173154983,2026-09-12b
0.41914679952522615,0.4337391069475722,2026-09-12b
0.5631720506711427,0.5079729214856185,2026-09-12b
0.5030144993697465,2.012082114268557,2026-09-12b
0.7660974155007401,0.16079334561637235,2026-09-12b
0.4183666451075913,1.2743250133085513,2026-09-12b
0.5466839986920728,0.591010624884205,2026-09-12b
0.6317219677512356,0.173977215651951,2026-09-12b
0.5835985996296021,0.4299962163208088,2026-09-12b
0.415587915697704,0.6058077325262636,2026-09-12b
0.3063252728330924,1.76843887959471,2026-09-12b
0.6219397758912518,0.6401361021555794,2026-09-12b
0.6030267787895761,0.36964229138769733,2026-09-12b
0.39315949224992197,1.238892669636636,2026-09-12b
0.47532552079846635,0.7092358794960194,2026-09-12b
0.5629362334260835,0.5403218118667924,2026-09-12b
0.7030606541844786,0.3496626678154533,2026-09-12b
0.8121779875312997,0.3579687735599864,2026-09-12b
0.6013838966205457,0.2955161061236376,2026-09-12b
0.7315847331536909,0.5492322942057277,2026-09-12b
0.4592666556388698,0.8746235578319665,2026-09-12b
0.5396710477005981,1.5575970450577712,2026-09-12b
0.7444345229553773,0.24300910508878432,2026-09-12b
0.3934284445955842,2.2414821019664575,2026-09-12b
0.5959388379882805,0.9964471960678137,2026-09-12b
0.4991500644442688,0.4703036020330899,2026-09-12b
0.416241837451431,1.3842567671151285,2026-09-12b
0.5625540405363076,1.1337320108712126,2026-09-12b
0.8135373542242031,0.09153641309080902,2026-09-12b
0.5091636269240033,1.2096651264972582,2026-09-12b
0.4547795959649033,1.0686127783569104,2026-09-12b
0.7071023072100165,0.6151709452034665,2026-09-12b
0.45770153817518944,0.7271014328555647,2026-09-12b
0.5870475183185745,0.8491045366585602,2026-09-12b
0.7303951358267119,0.40763454082085265,2026-09-12b
0.7965939236352646,0.2243329625917571,2026-09-12b
0.8016776687627047,0.1827233604651336,2026-09-12b
0.5319733030290562,0.5448540607040283,2026-09-12b
0.5632144582799232,1.3659328048668573,2026-09-12b
0.8056831341722972,0.3284180698151898,2026-09-12b
0.5053786401802485,0.8342453778082644,2026-09-12b
0.47852406937092934,1.0014207945603246,2026-09-12b
0.34608220911250515,2.9392292074990727,2026-09-12b
0.6648036459413011,0.24372510116027557,2026-09-12b
0.7166922555400708,0.1306707748864133,2026-09-12b
0.4804983192163081,1.1975637824768475,2026-09-12b
0.3161517089771207,1.0288244451660975,2026-09-12b
0.560399877238818,0.4570169818551464,2026-09-12b
0.5326247570902239,1.0098608350747673,2026-09-12b
0.5316063775059497,1.0129059794629547,2026-09-12b
0.5026840331002898,1.4795160914152448,2026-09-12b
0.5113982723098763,0.7914332338142636,2026-09-12b
0.3929798763322982,1.7921331337154498,2026-09-12b
0.718395136635773,0.9617112478600618,2026-09-12b
0.7471510607644033,0.8352173025146084,2026-09-12b
0.5830939766214155,1.4225665351513295,2026-09-12b
0.4897603835875803,0.6029070289966748,2026-09-12b
0.28706606437471366,3.81591703687284,2026-09-12b
0.5645054557314275,1.0527856400676738,2026-09-12b
0.5091646613296068,0.8072536266316522,2026-09-12b
0.4189746715170138,1.0812741873378973,2026-09-12b
0.7538455597766099,0.47607812457454757,2026-09-12b
0.4929529563799664,0.9394220195812438,2026-09-12b
0.48909710164351555,1.4766420776542584,2026-09-12b
0.7916770630352052,0.5246698308320499,2026-09-12b
0.537321876875046,1.0151970917638657,2026-09-12b
0.768772706085314,0.39093062928783273,2026-09-12b
0.6695600942807068,0.4865826209130454,2026-09-12b
0.42270919415675695,1.5438786393429063,2026-09-12b
0.7495496778402352,0.49626755988460336,2026-09-12b
0.7588266371793776,0.5503309400497909,2026-09-12b
0.5912984800811597,1.0276560550455676,2026-09-12b
0.5430618514344263,0.26696429078827166,2026-09-12b
0.6801941198129602,0.5691415349479658,2026-09-12b
0.5811151405284479,0.8217242769156726,2026-09-12b
0.8630755020651274,1.3118857992313624,2026-09-12b
0.6058479858039225,0.8189973841052525,2026-09-12b
0.511917268962329,0.5975466166114395,2026-09-12b
0.479335650619448,2.43613471484326,2026-09-12b
0.4724509990096623,0.49765685581625,2026-09-12b
0.28628639000016337,0.8090743105581084,2026-09-12b
0.46456076236497745,0.32190363866836474,2026-09-12b
0.7329692314309023,0.42024802904636266,2026-09-12b
0.7518322754402784,0.4952999988390785,2026-09-12b
0.8056847504122154,0.1983252500187561,2026-09-12b
0.5250407068442484,1.128349819504534,2026-09-12b
0.6992254686466465,0.8236876234827443,2026-09-12b
0.6254825876480989,2.805099717961424,2026-09-12b
0.6036511504386222,0.37234178273152946,2026-09-12b
0.4612100379994436,0.9123503782654478,2026-09-12b
0.5297002778817976,1.2882111851476936,2026-09-12b
0.43634744649036095,1.7855885010797052,2026-09-12b
0.9248274427691743,0.6127590450374422,2026-09-12b
0.8640227120035051,1.0556417961067066,2026-09-12b
0.3656243633229118,1.5257453428239691,2026-09-12b
0.5519684125411108,1.1095695606659937,2026-09-12b
0.5317641018328132,1.8197472460133524,2026-09-12b
0.5881537634532117,0.46564386292003357,2026-09-12b
0.4166721737513321,0.9134657559072797,2026-09-12b
0.524043231529596,0.4658409476663034,2026-09-12b
0.32817236438218,1.0995038629863934,2026-09-12b
0.4516572981050031,0.37872585151414095,2026-09-12b
0.5587623298857216,0.9966381334923642,2026-09-12b
0.48488387192954713,0.4511985069461576,2026-09-12b
0.4388246466070512,1.0018070466704776,2026-09-12b
0.5054555677377592,1.4651914769155603,2026-09-12b
0.35507683126228495,1.3518608325110912,2026-09-12b
0.4678833038706604,1.7655538994836482,2026-09-12b
0.41022737945064885,3.5327200278432667,2026-09-12b
0.7321716795050107,0.35434920645994356,2026-09-12b
0.4935526102652144,0.7943004676328852,2026-09-12b
0.5341966670889314,0.6942400594992216,2026-09-12b
0.6113145787991144,0.5262709642961916,2026-09-12b
0.4389748791202875,0.7327255871432988,2026-09-12b
0.3813622705388631,0.7057744454087029,2026-09-12b
0.42502287883411594,2.089081373449845,2026-09-12b
0.5321663652648954,0.6032443496483672,2026-09-12b
0.5769831694333533,0.7501241275698034,2026-09-12b
0.694768159979248,1.2396283053303443,2026-09-12b
0.5871133829752669,0.5492821582250041,2026-09-12b
0.5558368339155543,0.8429392860518057,2026-09-12b
0.4525480427598524,1.1109172380064274,2026-09-12b
0.7723531842151017,2.3618655385488703,2026-09-12b
0.5099366118438817,0.34091639128545775,2026-09-12b
0.6635824510494284,0.5463542557093439,2026-09-12b
0.4919703248658205,1.0512779726042722,2026-09-12b
0.3561210706190769,0.5940970490845096,2026-09-12b
0.7850602983054407,0.6609073452699761,2026-09-12b
0.7195880928481543,0.45872879976731273,2026-09-12b
0.5975370158892017,0.8588289313583678,2026-09-12b
0.48255607709640247,0.5947152590248937,2026-09-12b
0.343765456949122,1.6631944009056452,2026-09-12b
0.8704181808537168,0.3871843604404475,2026-09-12b
0.4851644053841939,0.6699071013979473,2026-09-12b
0.5097075338684662,1.0475425896660806,2026-09-12b
0.3749468134013768,1.0215839387062864,2026-09-12b
0.8316584800400231,0.547629035183637,2026-09-12b
0.6435226378182087,0.9958734554493957,2026-09-12b
0.9810825122145137,0.6665155463829918,2026-09-12b
0.4676000210606719,1.227642622442435,2026-09-12b
0.6153048493307207,0.840899270459387,2026-09-12b
0.7678351939110446,0.34152242486162643,2026-09-12b
0.5577021401531135,1.24050409887024,2026-09-12b
0.39124353090111536,1.1886674693138208,2026-09-12b
0.5576009217977608,1.335826508956683,2026-09-12b
0.8352488096752512,0.3455861744032807,2026-09-12b
0.49479981225081354,0.5986277354542839,2026-09-12b
0.6951290419736362,0.3819719682043805,2026-09-12b
0.9781102988807275,0.6514093362475893,2026-09-12b
0.4858628972059769,0.5734650817731719,2026-09-12b
0.6649811327468644,0.5285186319884356,2026-09-12b
0.6175806540447848,0.9004009254903822,2026-09-12b
0.5963161044870859,0.7107761915470823,2026-09-12b
0.6268930379735147,0.7084088570742477,2026-09-12b
0.5547940179169788,0.7191739425964516,2026-09-12b
0.6615755055865162,0.431599143718376,2026-09-12b
0.6995177611671048,3.0546393706728394,2026-09-12b
0.5580570108248398,0.54629256740087,2026-09-12b
0.5393379334192752,0.41500461468702793,2026-09-12b
0.6871127796733176,3.3171753359953455,2026-09-12b
0.5135175359394986,0.7852486083423599,2026-09-12b
0.39906652238698176,1.1241972884018359,2026-09-12b
0.6447089116349727,0.47821485458261836,2026-09-12b
0.5699146060743213,0.32691896400116155,2026-09-12b
0.5487553138300263,0.6002313796610762,2026-09-12b
0.708859871267635,0.39834747056785486,2026-09-12b
0.5157149341566827,0.9503676655250849,2026-09-12b
0.8547829146875044,0.8414771277583678,2026-09-12b
0.629639410663177,0.4705356682860931,2026-09-12b
0.4503287923627034,0.6401162594936197,2026-09-12b
0.7149661742017124,0.34053382500195634,2026-09-12b
0.3994285972095165,0.7484235357837006,2026-09-12b
0.5573782834808836,0.720526866407722,2026-09-12b
0.539042048012481,1.3221235714141517,2026-09-12b
0.5231453448177957,1.0752721243650238,2026-09-12b
0.46782444424239095,0.918432634485166,2026-09-12b
0.36426764827191316,1.0822379888388711,2026-09-12b
0.7629754098037667,0.3720631074168831,2026-09-12b
0.5727740451597829,0.961406004370717,2026-09-12b
0.6849526021634222,0.15640052352439535,2026-09-12b
0.6691469604399827,0.7839498854373453,2026-09-12b
0.2712937056027354,7.814826329812029,2026-09-12b
0.5785025716845992,1.3794943051025845,2026-09-12b
0.7629212524881822,0.4094128188102526,2026-09-12b
0.7311201041450747,0.49180788561138233,2026-09-12b
0.6439006987280262,0.6066685238325704,2026-09-12b
0.5427626594484262,0.8291023533726174,2026-09-12b
0.4560233312485998,0.23489323724447583,2026-09-12b
0.6773431088799028,0.3323045886219819,2026-09-12b
0.5147261598113487,0.6658645019219204,2026-09-12b
0.4583998498608541,0.9003248892702556,2026-09-12b
0.6663057168782842,4.584446922614412,2026-09-12b
0.5749994028834179,1.1618717968328542,2026-09-12b
0.8374026743773835,0.47596325204051426,2026-09-12b
0.7261032186321638,0.5880315754288856,2026-09-12b
0.6232544085749392,0.7302430949322108,2026-09-12b
0.6967487134156272,0.8128794772326643,2026-09-12b
0.6065360565562464,0.70761679618918,2026-09-12b
0.35002300273071285,1.773175845633388,2026-09-12b
0.3401128975031457,1.4982968268377015,2026-09-12b
0.26872022952429836,2.1593006958190792,2026-09-12b
0.42562987502613275,0.9293094567475598,2026-09-12b
0.8241712012021917,1.6619926279891644,2026-09-12b
0.5799022779368306,1.3390374953141246,2026-09-12b
0.42278091221805336,0.48183327917825275,2026-09-12b
0.4900647243601272,1.9902013763188515,2026-09-12b
0.4775798039471728,2.040194168302211,2026-09-12b
0.6143054945198635,1.307396139688749,2026-09-12b
0.5074472114738051,0.6967794256527187,2026-09-12b
0.6431778270097971,0.6982774550446034,2026-09-12b
0.3586946903142992,2.9054428122427436,2026-09-12b
0.5706256232450381,0.6399665899031319,2026-09-12b
0.49352210217916587,0.32731213480076804,2026-09-12b
0.6250980083252801,0.33940531783708655,2026-09-12b
0.5555018998968323,0.5083382522336235,2026-09-12b
0.6303865980484687,0.377039415414783,2026-09-12b
0.5742627220640127,0.6862410120757733,2026-09-12b
0.8452396384864209,0.4927400265978981,2026-09-12b
0.4277824520010821,0.5205214317183585,2026-09-12b
0.5151511175733537,0.66373830715016,2026-09-12b
0.6164033806271397,0.7586339891030232,2026-09-12b
0.6024447173948695,0.4951278213716272,2026-09-12b
0.6881661040526564,0.39968903098968306,2026-09-12b
0.6088775835308508,0.633146503554207,2026-09-12b
0.6630531105638393,1.5115142436685454,2026-09-12b
0.5191967058274127,0.7715209818205181,2026-09-12b
0.578860443665551,0.6516504368822642,2026-09-12b
0.48437605653918814,1.2143635009768274,2026-09-12b
0.7084234715092721,0.23542293028424047,2026-09-12b
0.39077034404816785,2.1559395354660738,2026-09-12b
0.6167565307982106,0.46368581357725386,2026-09-12b
0.42276109967347275,0.82257963068421,2026-09-12b
0.3324598439436885,3.8712459275712257,2026-09-12b
0.3842772783307301,0.9544176971515372,2026-09-12b
0.32600372896192253,1.4466579143981162,2026-09-12b
0.44222350562897444,1.710224773016265,2026-09-12b
0.439690322745328,0.9113546878813631,2026-09-12b
0.36833326469066324,1.0233497434317655,2026-09-12b
0.38711509189395105,0.8329004129719211,2026-09-12b
0.5613512811343118,0.3083547847268764,2026-09-12b
0.6622062372260819,0.6877388699785794,2026-09-12b
0.467218831380276,1.4685786023898142,2026-09-12b
0.416560869633591,0.9649750739517207,2026-09-12b
0.8454658463931463,0.6472759093374579,2026-09-12b
0.873473230539314,0.41037645135549355,2026-09-12b
0.4875053255033105,1.753445200953142,2026-09-12b
0.4915375236320764,1.2975893269401615,2026-09-12b
0.5709587885522497,1.06048384386016,2026-09-12b
0.8156425820689672,0.5098451374616808,2026-09-12b
0.6813652934707682,0.5513218569104895,2026-09-12b
0.70728696906824,0.32627989620459713,2026-09-12b
0.5253502210831866,0.2469045223226436,2026-09-12b
0.4501490269060664,1.669776133735082,2026-09-12b
0.4444792716074656,1.3665485433135587,2026-09-12b
0.5530993797724125,0.9662074431003292,2026-09-12b
0.8723241642506453,0.778513803898776,2026-09-12b
0.776038300757072,0.614382469107228,2026-09-12b
0.6034732207402278,0.27232392859194693,2026-09-12b
0.5598606691801479,0.33460071550500564,2026-09-12b
0.4065439481261736,0.4089635809903714,2026-09-12b
0.6894753257610969,0.12814745211751863,2026-09-12b
0.4531711018804408,0.7697016132764658,2026-09-12b
0.41660052190897545,1.7514971228570275,2026-09-12b
0.7541691621938196,0.23681863497029082,2026-09-12b
0.5986686644204839,0.9298959668868254,2026-09-12b
0.4300106028482561,1.8794694064941735,2026-09-12b
0.4507627094162141,0.9266955712230964,2026-09-12b
0.40574874366662605,3.095388474483162,2026-09-12b
0.5101094753072877,1.1655046123174508,2026-09-12b
0.4647020869358076,1.9934543229249457,2026-09-12b
0.7764374359145093,1.285171101413213,2026-09-12b
0.49186316736018326,1.76785446958917,2026-09-12b
0.5162620974051211,0.7409098409851084,2026-09-12b
0.6101494461856485,1.6505737914232348,2026-09-12b
0.6694147310981389,0.6830849701502845,2026-09-12b
0.4587306331178147,0.8255841238870956,2026-09-12b
0.5355573655592833,1.444146642353227,2026-09-12b
0.6718225339729427,0.17041904212048065,2026-09-12b
0.4299120787038609,0.7371353288803176,2026-09-12b
0.46410066016274687,0.5758986219668597,2026-09-12b
0.4126318266202356,0.7945372325422182,2026-09-12b
0.27964009085355446,0.8889762233421619,2026-09-12b
0.5516138962778079,0.6660204777412851,2026-09-12b
0.6930117733129414,0.32971814633563634,2026-09-12b
0.6104635488095888,0.6728749536498003,2026-09-12b
0.4178300944190056,0.774316019158487,2026-09-12b
0.4145701772285527,1.1539687602245876,2026-09-12b
0.7665131011775631,0.5216668806109005,2026-09-12b
0.8177657853249075,0.7297258878338824,2026-09-12b
0.7321469149317185,0.39532649271328735,2026-09-12b
0.5997745019890685,0.5295690216806103,2026-09-12b
0.5973366855593242,0.8036944154548176,2026-09-12b
0.6744105628238773,0.6200414911342306,2026-09-12b
0.46249506360569875,0.647177777923991,2026-09-12b
0.42320066196998074,0.5623811217722426,2026-09-12b
0.6571738115249335,0.628185607487239,2026-09-12b
0.6922087982674379,0.4366988733858975,2026-09-12b
0.5978234792456742,6.429079599993569,2026-09-12b
0.4559445350067141,1.6834176293123095,2026-09-12b
0.6301703278815486,2.8974380341579002,2026-09-12b
0.7060342700135515,0.055806252385765004,2026-09-12b
0.6790373126707752,0.3958409576081142,2026-09-12b
0.6995061616356951,0.1990730951389317,2026-09-12b
0.5309270602353849,0.5614193079271095,2026-09-12b
0.738189431823523,0.6896476944695582,2026-09-12b
0.7068897810317231,0.2995608497876619,2026-09-12b
0.5622897716063201,0.6964899695784562,2026-09-12b
0.5500881546203744,0.6224960337367705,2026-09-12b
0.512277075021842,0.5609501218609719,2026-09-12b
0.3326750107856298,3.3739700762958056,2026-09-12b
0.298359048921642,1.011277606721101,2026-09-12b
0.7012791025465652,0.46353890864058367,2026-09-12b
0.37123110559754824,2.6343099675635906,2026-09-12b
0.4413184297384465,0.8881392785581727,2026-09-12b
0.4594108133872585,1.3379060847968764,2026-09-12b
0.5883123420216366,0.5871772949670038,2026-09-12b
0.5163375910898937,1.27421751622908,2026-09-12b
0.6064629848776355,1.3952809668302888,2026-09-12b
0.6665435397738316,0.6791645986766368,2026-09-12b
0.48816172388102536,0.6831604728441072,2026-09-12b
0.6054478618062504,0.1117006617454414,2026-09-12b
0.8260719006051483,1.1122566116055899,2026-09-12b
0.7393471365808312,0.4619695271971452,2026-09-12b
0.5444947599157803,0.6645479122445455,2026-09-12b
0.4909237269726457,0.32567790085957055,2026-09-12b
0.4059416363246665,0.6332705617524934,2026-09-12b
0.38052416866047956,3.2911131914538543,2026-09-12b
0.4450736231474232,1.0145706735164641,2026-09-12b
0.49722439091241033,2.3798217312625343,2026-09-12b
0.4856549408722026,0.720437310624603,2026-09-12b
0.6301800477018175,1.162044038615594,2026-09-12b
0.4064792383569516,1.313519831970907,2026-09-12b
0.6415724928115318,1.1558907318543987,2026-09-12b
0.5758320733160446,1.4893374650341504,2026-09-12b
0.7069731131773103,0.2745800106837858,2026-09-12b
0.43137887562992094,1.3911196112970872,2026-09-12b
0.5158571904103335,1.6022055942811675,2026-09-12b
0.5490356714054748,1.1403257446663284,2026-09-12b
0.7529663835118061,1.8579123485843967,2026-09-12b
0.3516842805873123,1.2685531102246352,2026-09-12b
0.5953346214672469,0.2553769030740248,2026-09-12b
0.7732544793978259,0.4686859455141986,2026-09-12b
0.8210064960945797,0.680775071825341,2026-09-12b
0.28062812087479205,4.027639352956387,2026-09-12b
0.5292613439007231,1.3798951977787426,2026-09-12b
0.4777499746164324,2.5328640692344746,2026-09-12b
0.4474707706129537,1.6379069620222102,2026-09-12b
0.6538864093210015,0.5961691681653017,2026-09-12b
0.4816575620683919,0.6491547673077473,2026-09-12b
0.6713603057985008,0.421673849794017,2026-09-12b
0.7614495314019293,1.7330144484082424,2026-09-12b
0.47258211885560913,0.7310013787846819,2026-09-12b
0.76689588692016,2.145546853051187,2026-09-12b
0.6848950264309414,2.3030431432811382,2026-09-12b
0.6060289638085902,0.4927172015204791,2026-09-12b
0.542873180208043,0.39217977641468826,2026-09-12b
0.4634802376732751,0.8489919906152703,2026-09-12b
0.5190505359518285,1.067226291679166,2026-09-12b
0.568255566378062,0.625759023026388,2026-09-12b
0.6060708149798677,1.005000617034215,2026-09-12b
0.5415803053942364,0.6865836043853708,2026-09-12b
0.46654664733912415,0.8849143819801408,2026-09-12b
0.3004988447438824,1.9950268120090138,2026-09-12b
0.5038066027547391,0.7186039143820778,2026-09-12b
0.8311165720324764,0.22135720890096738,2026-09-12b
0.6927866200365203,0.2723075652102375,2026-09-12b
0.44160862924640276,2.1736284272827318,2026-09-12b
0.5303427669682872,0.3830149246470345,2026-09-12b
0.7086886117598734,0.7908238073620857,2026-09-12b
0.9203417918421741,0.3774588127416923,2026-09-12b
0.6336161495618404,0.5220426822230725,2026-09-12b
0.5784834247755611,0.23129966484398523,2026-09-12b
0.7805423733091493,0.3688824830838521,2026-09-12b
0.663631295858951,0.1622310339684365,2026-09-12b
0.769818048219507,0.3082290238937905,2026-09-12b
0.4564306286348491,0.5824162761235249,2026-09-12b
0.4801516500128424,1.5442603860062383,2026-09-12b
0.5007975020205312,0.8438979320192095,2026-09-12b
0.8234386253823166,1.3803588853970465,2026-09-12b
0.6436805216858502,0.8178551385261126,2026-09-12b
0.5535637958885693,1.3177607266772577,2026-09-12b
0.9586815484292682,0.7360596559694121,2026-09-12b
0.7194642302037912,3.8490864581774025,2026-09-12b
0.8037942648410125,0.23329723347888398,2026-09-12b
0.677204474746279,0.5815763205192617,2026-09-12b
0.7667953420718296,1.3099853132906367,2026-09-12b
0.7160783142377596,0.2845207004916548,2026-09-12b
0.5215952161017567,0.40737496256577044,2026-09-12b
0.5305942391233269,0.587566444459262,2026-09-12b
0.6297921478997406,0.8828395536795206,2026-09-12b
0.7762612404604312,1.3944126588317765,2026-09-12b
0.5588973912118821,1.1703676458517325,2026-09-12b
0.8725366441197158,0.3384557415109611,2026-09-12b
0.599635019832325,0.5963733216256616,2026-09-12b
0.41988343975623715,0.46052243890023337,2026-09-12b
0.42159452083321886,0.6059591556989746,2026-09-12b
0.7961685000670612,0.3114200981455239,2026-09-12b
0.3669103755729023,0.5206503805882843,2026-09-12b
0.7191440599021999,0.28253452803594425,2026-09-12b
0.9124643818143553,0.6219896068904318,2026-09-12b
0.6040703228952504,1.1733554073225754,2026-09-12b
0.5166453916257008,1.2862217258563418,2026-09-12b
0.6776572689391945,0.2718110481197174,2026-09-12b
0.26266521931549275,6.604017270155155,2026-09-12b
0.6685692286793327,0.9492958006462544,2026-09-12b
0.6687914741152211,0.366461890964925,2026-09-12b
0.5714929621476513,1.1104107480438203,2026-09-12b
0.6937973232465267,0.467812915521972,2026-09-12b
0.519164402344791,0.5359664733446331,2026-09-12b
0.613260940380239,1.4566985623465802,2026-09-12b
0.4257706990645432,0.7139904481963022,2026-09-12b
0.9149878116051393,0.18025196344313793,2026-09-12b
0.44098423040250145,0.8474986614181279,2026-09-12b
0.8687197831445371,0.3801051941209567,2026-09-12b
0.6054779990636359,0.4997013659605719,2026-09-12b
0.7276572658663857,0.2907472001366706,2026-09-12b
0.44986832976084745,2.072451378394676,2026-09-12b
0.4405875193351918,1.3122940112044341,2026-09-12b
0.7369730182038867,0.6317329962942272,2026-09-12b
0.32897415370063193,2.8868384198680714,2026-09-12b
0.7439766443619134,0.4957535076404461,2026-09-12b
0.390400405247776,1.2772539210295288,2026-09-12b
0.4420132295305479,2.072229509634305,2026-09-12b
0.5528334512178067,0.12438600938022813,2026-09-12b
0.5583049095213667,1.1797462151160227,2026-09-12b
0.40540918708172946,1.4404629523398673,2026-09-12b
0.5231190674263203,0.33340288395177264,2026-09-12b
0.7836581297941707,1.4569878150182447,2026-09-12b
0.6349842824141934,0.4989633789359989,2026-09-12b
0.6019685332245892,2.621415418229154,2026-09-12b
0.28187876321283495,6.797374840031286,2026-09-12b
0.31652085711535527,2.7174089572991513,2026-09-12b
0.721955114894923,0.8274859721591932,2026-09-12b
0.3436083291354605,1.0714026553039258,2026-09-12b
0.36217368350628026,1.5013217349592543,2026-09-12b
0.5765571170618894,0.66639588592665,2026-09-12b
0.4633899672371182,1.296642479511459,2026-09-12b
0.4289632053160514,1.0935226245710368,2026-09-12b
0.32914573445104933,1.1103712059356043,2026-09-12b
0.459864675590334,0.9449948577525039,2026-09-12b
0.3946737413666967,0.707677084539243,2026-09-12b
0.2836798071623098,4.903601480752523,2026-09-12b
0.38529207989074055,0.9014435665844589,2026-09-12b
0.5019389993659176,1.0110917390238576,2026-09-12b
0.8097151371820652,0.6524859894207433,2026-09-12b
0.6816750362536386,0.8268283380051699,2026-09-12b
0.6238807333002497,0.6646737195397564,2026-09-12b
0.3103339182155704,1.0421549800079264,2026-09-12b
0.7315561715817056,0.3618374099748888,2026-09-12b
0.406207560297268,1.1724455151954445,2026-09-12b
0.9051321091192834,1.1803391482450873,2026-09-12b
0.5828789274268393,0.8387372688593898,2026-09-12b
0.532680805535625,0.49082951970772787,2026-09-12b
0.6318857060947195,0.6042655576150704,2026-09-12b
0.7174987713210971,0.2767527278609106,2026-09-12b
0.3207847231787335,0.3958851535270023,2026-09-12b
0.616202566066701,0.810249997912172,2026-09-12b
0.6654844938185361,0.2641950007146799,2026-09-12b
0.6177311976006268,0.5267253126673169,2026-09-12b
0.48842675352356746,0.3447265015616276,2026-09-12b
0.624250843331054,1.1903381678445966,2026-09-12b
0.9294098878207243,1.0640451135746325,2026-09-12b
0.4409447604433222,1.291531576830222,2026-09-12b
0.7280249822710398,0.19694981977126383,2026-09-12b
0.4168882026431858,1.973688922881855,2026-09-12b
0.6212952980239946,0.7063143320924665,2026-09-12b
0.5646963593320704,0.3251981831267243,2026-09-12b
0.4749406622492818,0.6559320551368788,2026-09-12b
0.3222157403344735,3.013102282075167,2026-09-12b
0.40101196589277305,0.886948698890256,2026-09-12b
0.8177362298490332,0.3551190068126977,2026-09-12b
0.5205679733147475,0.46475734129351987,2026-09-12b
0.3258781957857861,0.693190041497911,2026-09-12b
0.6914051074970355,0.17503597104733953,2026-09-12b
0.5983348717087947,0.9601054391275012,2026-09-12b
0.5164880513654051,0.6189345459659323,2026-09-12b
0.8809689568649486,1.464166558788841,2026-09-12b
0.7199409189911068,0.38213334451694964,2026-09-12b
0.5283386402759452,2.6365409320839146,2026-09-12b
0.4196034568810471,1.119671576434766,2026-09-12b
0.5820890537149807,0.27464182635872664,2026-09-12b
0.5770111918927674,0.8354858892081046,2026-09-12b
0.8853715587201613,0.29575235660956,2026-09-12b
0.5778532137368246,0.6414195733688242,2026-09-12b
0.49211314003030765,0.5356993789566609,2026-09-12b
0.6848640325406188,1.0219437929194695,2026-09-12b
0.7904924197250741,1.978452094179505,2026-09-12b
0.5219795922115933,0.45645265627163106,2026-09-12b
0.5521230858279642,0.25895070938663634,2026-09-12b
0.5962439401010816,0.5773567157382833,2026-09-12b
0.7138933079361893,0.6170841769230174,2026-09-12b
0.8241853802697056,0.7789141088938213,2026-09-12b
0.6672787402920648,0.7586399898761624,2026-09-12b
0.6322969566805139,0.4964136197586656,2026-09-12b
0.5164190326163764,0.8380263578246105,2026-09-12b
0.6284290552778928,0.4735458348079906,2026-09-12b
0.5473227124465658,1.8845983913814999,2026-09-12b
0.45348577706727733,1.162157424855457,2026-09-12b
0.4176499446294249,1.9553819103368477,2026-09-12b
0.4435744258157539,0.7974076880073564,2026-09-12b
0.4960470402871582,0.36579047488570204,2026-09-12b
0.8455469182149578,1.0435556986776797,2026-09-12b
0.5840259837841424,1.2373505327011258,2026-09-12b
0.9011564483582231,0.8327497802130389,2026-09-12b
0.8193813292882883,0.5297359383676081,2026-09-12b
0.44339125954110287,1.1667185236254403,2026-09-12b
0.5562485713761771,0.6164077804058934,2026-09-12b
0.3987182817792847,2.0772536484869843,2026-09-12b
0.597973023362298,0.8573454725298614,2026-09-12b
0.4552907879947015,0.6434662750128275,2026-09-12b
0.33708595651803974,1.4677384107531795,2026-09-12b
0.4692996793143601,1.6859296106419808,2026-09-12b
0.4470958287130155,1.9444106686188019,2026-09-12b
0.5780791210513508,0.39234752748081764,2026-09-12b
0.5959053004951049,1.74291559626612,2026-09-12b
0.8627778121921986,0.1822105923434588,2026-09-12b
0.6619025136396509,0.28930430109865585,2026-09-12b
0.6748806703814954,0.8966582114841822,2026-09-12b
0.4066967400061525,0.48530508086734225,2026-09-12b
0.5440830654668731,0.4656337240335935,2026-09-12b
0.5031786926928111,1.0918833066789027,2026-09-12b
0.7151735075901304,0.5935422030388704,2026-09-12b
0.44195994327544097,0.6583586293422818,2026-09-12b
0.5378353605733447,0.3061717739580902,2026-09-12b
0.466505250716188,0.24303516575459927,2026-09-12b
0.7481073233490585,0.29160244958595843,2026-09-12b
0.8984076812967332,1.0652760466914404,2026-09-12b
0.4490410097518502,2.667554017014364,2026-09-12b
0.4841097673242408,0.4969273652031042,2026-09-12b
0.5488330049433267,0.7711083927979131,2026-09-12b
0.6365045525989788,0.31345849206187826,2026-09-12b
0.623264349199256,0.40340103786718845,2026-09-12b
0.12739457140537955,12.642748648113065,2026-09-12b
0.4157146173995946,0.6829407491561158,2026-09-12b
0.45250420597172053,0.6135699208967366,2026-09-12b
0.4205876281323655,1.87505516473758,2026-09-12b
0.39744098922350785,0.1933892001889883,2026-09-12b
0.5214983214229888,0.3803886432814031,2026-09-12b
0.40718303793072175,1.1413948575486228,2026-09-12b
0.4734211997938403,0.784509728377385,2026-09-12b
0.5176570729558441,1.3884234850590993,2026-09-12b
0.5442210337149216,0.39183594400136484,2026-09-12b
0.518789765125001,0.15294140505660156,2026-09-12b
0.5697733573307392,0.2427934237621084,2026-09-12b
0.7219374978891459,0.44424442186655416,2026-09-12b
0.6200456500489292,0.7218645028214333,2026-09-12b
0.430711351717734,0.43265336114046526,2026-09-12b
0.6646875460368025,1.119369019093199,2026-09-12b
0.5200674563668385,0.1839598726432461,2026-09-12b
0.623373283813578,0.6137743826601101,2026-09-12b
0.6454786825480565,0.500008958171874,2026-09-12b
0.3596334245239547,0.18283257572233633,2026-09-12b
0.32510560552834317,1.7809010748101237,2026-09-12b
0.5175137311907401,1.7165247210034005,2026-09-12b
0.42666775687104264,0.8151727090103981,2026-09-12b
0.5066547973462805,0.7520818217714349,2026-09-12b
0.409129892033211,1.4263355679816845,2026-09-12b
0.5882180104122322,1.1392159167272864,2026-09-12b
0.8065286924995638,0.3102098009876307,2026-09-12b
0.5732008569917454,0.4945389046149519,2026-09-12b
0.6010501535992767,0.7138310473986839,2026-09-12b
0.4360259956862158,1.5532550500856028,2026-09-12b
0.7428421875681459,1.2163092827549222,2026-09-12b
0.41943745790294107,2.0445366192835897,2026-09-12b
0.5772888503729711,6.148169393412574,2026-09-12b
0.4308212353989538,0.6206054148604679,2026-09-12b
0.602162723967201,0.5855434142571805,2026-09-12b
0.6611952561834636,0.8783014485991985,2026-09-12b
0.8897466255854838,0.1743422251414568,2026-09-12b
0.604416301895794,0.7759665168211244,2026-09-12b
0.6604998462964216,0.30412104804103457,2026-09-12b
0.5911843630264016,0.7314762407844843,2026-09-12b
0.49736524492242645,0.9895719221737187,2026-09-12b
0.7962821920790084,0.211972171594352,2026-09-12b
0.3487167983161934,0.4690933131626664,2026-09-12b
0.9262954436381495,0.8706629587686584,2026-09-12b
0.7820495756246838,0.2849011603196391,2026-09-12b
0.3135424242535984,3.246601671754973,2026-09-12b
0.3658948057355654,1.640610039419658,2026-09-12b
0.3417744483051341,2.3043706520452356,2026-09-12b
0.6871922146587912,0.26506957427467226,2026-09-12b
0.649141156845405,4.953796818141136,2026-09-12b
0.6794800641341895,0.6643613074136214,2026-09-12b
0.43770888788656176,0.5237114336818499,2026-09-12b
0.9094936946746103,0.6228371674344384,2026-09-12b
0.6809349143250202,0.5204825667957668,2026-09-12b
0.3400688801209303,1.764939890125,2026-09-12b
0.3927423368371778,1.201811338159962,2026-09-12b
0.7299266712718233,0.6638949684502025,2026-09-12b
0.36869126885089565,1.4250399087575083,2026-09-12b
0.49550067619447574,1.409447295117242,2026-09-12b
0.5895839853917112,0.4363944269635877,2026-09-12b
0.6933036720562842,0.5756872618615839,2026-09-12b
0.5685553592662813,0.35518565375399813,2026-09-12b
0.4892806886123313,1.3155652974530316,2026-09-12b
0.4396768584087602,1.4437752703787958,2026-09-12b
0.5923740245502118,0.6489687131870537,2026-09-12b
0.4958738010564355,0.9459265517180742,2026-09-12b
0.6805514813069421,0.3264891755886292,2026-09-12b
0.6017504738948566,1.1520171037036708,2026-09-12b
0.8695242250453948,2.106966865213547,2026-09-12b
0.5464317644016163,0.3086568516475505,2026-09-12b
0.4796151480335321,0.6699083211579943,2026-09-12b
0.45252217146797696,0.6052740023793541,2026-09-12b
0.4932059088255589,1.1454198025329105,2026-09-12b
0.43552076674357654,0.5827140852716026,2026-09-12b
0.7694784720822874,0.40568106668615267,2026-09-12b
0.44434505041466815,2.0175025332933547,2026-09-12b
0.4924938593195359,0.7267173297490892,2026-09-12b
0.7685556322270275,1.0156639502296494,2026-09-12b
0.8392667181547135,0.5584570078510074,2026-09-12b
0.3626454947162351,1.1872153493552358,2026-09-12b
0.6901390234028606,1.0435974238016816,2026-09-12b
0.34113126950198946,1.4840555336068282,2026-09-12b
0.5154519092240767,0.6601021919543094,2026-09-12b
0.6786860304159009,0.34534577561309954,2026-09-12b
0.7576169494509106,1.0768110870305219,2026-09-12b
0.33221853279325925,2.389034303281399,2026-09-12b
0.8214144190938973,0.5241383671874825,2026-09-12b
0.5083757905712111,1.1373545115319708,2026-09-12b
0.8429458393070236,0.7745364062439332,2026-09-12b
0.7713643908497565,1.0312361029432557,2026-09-12b
0.45463455255373547,1.7962451478511365,2026-09-12b
0.4498133000902982,0.7439377436426301,2026-09-12b
0.6022124853986028,0.916074980225647,2026-09-12b
0.564265433511949,1.0228938276468844,2026-09-12b
0.5948058500684401,0.8383387142770151,2026-09-12b
0.47144559217794074,0.559854440452625,2026-09-12b
0.7718552959032439,0.3290263704971979,2026-09-12b
0.9422234386692309,1.385548873478382,2026-09-12b
0.5066479377587402,1.31222657826161,2026-09-12b
0.5410786886552177,1.307516043750639,2026-09-12b
0.4565409236036954,1.1533123172346933,2026-09-12b
0.6085761386411038,0.8439486798711394,2026-09-12b
0.7437850249583441,0.415454696867466,2026-09-12b
0.6790634545315294,0.716376434978119,2026-09-12b
0.6260734673952472,0.8986449349855286,2026-09-12b
0.5766555287882135,1.4074377661230415,2026-09-12b
0.6816548005876619,0.2368327170990516,2026-09-12b
0.7793173751612993,0.4500473156748956,2026-09-12b
0.33945587431077917,1.2877033547676477,2026-09-12b
0.391146731769148,1.0483633889108426,2026-09-12b
0.5784174254139075,0.940095913701098,2026-09-12b
0.31666692592050116,2.3417458099990944,2026-09-12b
0.6516739508505919,0.5068088179331139,2026-09-12b
0.7609658244293153,0.23754649195697036,2026-09-12b
0.6477613101854268,1.1400508406707368,2026-09-12b
0.5061130106545453,0.4612820527534451,2026-09-12b
0.40256123467218846,1.027768735270374,2026-09-12b
0.543810087905214,1.1640932284731202,2026-09-12b
0.3344224927541625,1.2776236519983335,2026-09-12b
0.383290127308903,2.6793535138474254,2026-09-12b
0.4014537936076543,0.8504119106292394,2026-09-12b
0.7228678649330169,0.6342961515581974,2026-09-12b
0.41702424233864344,0.848705904480974,2026-09-12b
0.571112613249226,0.4608516331527222,2026-09-12b
0.3330705468443381,2.2414702571009637,2026-09-12b
0.5040408776030313,0.3647869551607933,2026-09-12b
0.5497892912587679,0.4550946794907421,2026-09-12b
0.5678701270377701,0.8236935885241068,2026-09-12b
0.5490187546478201,1.2145731055324926,2026-09-12b
0.5627596131792029,1.3717940799495656,2026-09-12b
0.8709935359592762,1.1220540535299994,2026-09-12b
0.4838545720147177,1.0092966250567628,2026-09-12b
0.6115508859369636,0.45206847287220947,2026-09-12b
0.6141846886812248,0.5801519684579453,2026-09-12b
0.41553783006209527,1.3315723222908429,2026-09-12b
0.7405519317381755,0.4810867204576217,2026-09-12b
0.9182804022325839,0.17473774672556236,2026-09-12b
0.44655276641890557,1.0389492123104942,2026-09-12b
0.7004053793002974,0.688522408240611,2026-09-12b
0.7279713396474328,0.5205598677279483,2026-09-12b
0.7126037182958188,0.12872440475676644,2026-09-12b
0.5632559976157712,3.044753724839916,2026-09-12b
0.19409527048287747,4.760106990219407,2026-09-12b
0.885618595936116,2.328022223843296,2026-09-12b
0.7837662862326374,0.6885799811753999,2026-09-12b
0.5557579237314808,0.8796680377023897,2026-09-12b
0.3750569119510273,0.11247290598053422,2026-09-12b
0.35770340209382684,0.5142802243322148,2026-09-12b
0.7895503716466783,0.6764308989176736,2026-09-12b
0.3905032439410457,1.304831576328054,2026-09-12b
0.5419837244437463,0.3239158190572789,2026-09-12b
0.5975734943384702,2.0593775668036316,2026-09-12b
0.3634827456704187,0.6121561221754147,2026-09-12b
0.6856736797952181,0.3424119957993121,2026-09-12b
0.7964689736416165,0.5674658174443192,2026-09-12b
0.454946170969216,0.4181978719406712,2026-09-12b
0.3739012880318513,1.6204981669071339,2026-09-12b
0.46185435485492765,1.6776536415615169,2026-09-12b
0.42110396017606816,2.1255700263045076,2026-09-12b
0.5124411516233058,0.5565838693537215,2026-09-12b
0.3755139299064284,1.4469661653267716,2026-09-12b
0.45191173755731134,0.9349550585857878,2026-09-12b
0.7562159878583716,0.20357841224010628,2026-09-12b
0.4790574443906573,0.5296823051233356,2026-09-12b
0.6616603435983643,0.48654439499813196,2026-09-12b
0.4499000781700181,1.028221154541799,2026-09-12b
0.3841664150760257,0.877441284887321,2026-09-12b
0.5563247835331011,1.2293437453345895,2026-09-12b
0.41489147777479346,1.8204351744494545,2026-09-12b
0.8253382731199247,0.5391118848751081,2026-09-12b
0.47818703594330697,0.6092521781912255,2026-09-12b
0.6627448784164703,0.6620805940768874,2026-09-12b
0.41654500136124767,1.207147571750129,2026-09-12b
0.9786553348506892,0.9331476641610205,2026-09-12b
0.9895793266294284,0.9436851759583494,2026-09-12b
0.42499523325064376,1.3966848611585259,2026-09-12b
0.7891158232687391,2.630051088382782,2026-09-12b
0.4937925830853557,0.664792739420682,2026-09-12b
0.2777154279175858,3.9634673022054208,2026-09-12b
0.38473894255742513,0.7212326612515522,2026-09-12b
0.5668752952329706,0.7870932562924713,2026-09-12b
0.4538426102155541,0.7972502741893039,2026-09-12b
0.5421287593532771,0.5470684493856925,2026-09-12b
0.7187596100291831,1.3476948052894788,2026-09-12b
0.4998701913269395,0.5500548897204228,2026-09-12b
0.95948909640933,0.6780905404362931,2026-09-12b
0.9351588945941953,0.2805399380595958,2026-09-12b
0.6542663816681725,0.39983089637770974,2026-09-12b
0.4642226126844974,0.91399679508602,2026-09-12b
0.4613702437467856,0.9036498172511216,2026-09-12b
0.4377528251437503,1.561809750359694,2026-09-12b
0.6151573925282546,0.5059037160057411,2026-09-12b
0.42385155247766,0.8348378020097563,2026-09-12b
0.5607083225674867,0.6713520597522222,2026-09-12b
0.43782993996014175,2.31759466869348,2026-09-12b
0.5892524507756761,0.4967126598093614,2026-09-12b
0.6210759000634751,0.4781091670044394,2026-09-12b
0.4740951845701666,1.0550506894483844,2026-09-12b
0.49787482667259486,0.7524744826466155,2026-09-12b
0.8831572919329979,0.2175690043746474,2026-09-12b
0.6594093500174579,0.3264303094075664,2026-09-12b
0.4129144821505425,1.085293249045764,2026-09-12b
0.5114141159444132,0.7023022203674352,2026-09-12b
0.4445999406524121,0.3968364624078745,2026-09-12b
0.5393536310330396,0.7263986628053716,2026-09-12b
0.9335098168438566,1.506274540209966,2026-09-12b
0.36461001024400586,1.3797192665399767,2026-09-12b
0.3875695762026645,0.5154558041892945,2026-09-12b
0.7318214402568426,0.4767045528564991,2026-09-12b
0.34273720331489876,2.4747589216033754,2026-09-12b
0.7970189119874483,1.188606459332009,2026-09-12b
0.6594502288870338,0.41387530607133,2026-09-12b
0.3706340991185897,0.8677523529620397,2026-09-12b
0.49840435776480513,0.4994829037840201,2026-09-12b
0.5291194899411259,0.43851720936537364,2026-09-12b
0.47156755744595846,1.2443041054211486,2026-09-12b
0.8679675954870387,0.2852073134772654,2026-09-12b
0.5576599442833231,0.2575367941082278,2026-09-12b
0.5299352363112174,1.0458058260064127,2026-09-12b
0.7777322988869942,0.3017025839123124,2026-09-12b
0.7102812381925161,0.4987190217928914,2026-09-12b
0.472336730428892,3.3764379379988507,2026-09-12b
0.6087202370086015,1.2352771087355936,2026-09-12b
0.2996837106912515,4.245032039725207,2026-09-12b
0.3824521346358511,1.4446228297490065,2026-09-12b
0.574261004776922,0.25774010178045687,2026-09-12b
0.4306574193752672,1.1313546335998994,2026-09-12b
0.6827340727966984,1.8775297917402591,2026-09-12b
0.24734389897345072,5.285568146601574,2026-09-12b
0.45608676578675655,1.0238111022239096,2026-09-12b
0.830836847571529,0.29725699724569893,2026-09-12b
0.675848244548805,3.5844127307291327,2026-09-12b
0.39783149272853496,0.6416901552555816,2026-09-12b
0.6564475793966076,0.6202661453528072,2026-09-12b
0.7638975519571634,0.4289417615688458,2026-09-12b
0.9309113756926637,0.36112613161740975,2026-09-12b
0.3136818846138217,2.20181573492965,2026-09-12b
0.5226248009652199,0.6217926332759509,2026-09-12b
0.6815463996464548,0.5982325925022915,2026-09-12b
0.8142178547159175,0.15829397150167346,2026-09-12b
0.44586388815073447,1.7127463093824071,2026-09-12b
0.4450400255024608,1.3249296971132427,2026-09-12b
0.42973906458874866,0.4282828503272515,2026-09-12b
0.4855224342139906,0.7912353666383055,2026-09-12b
0.5598615647826743,0.4247314511913581,2026-09-12b
0.47433530713273625,0.4398238565221602,2026-09-12b
0.8484241193365716,0.2502132331287484,2026-09-12b
0.3624933451531529,0.7159428527757002,2026-09-12b
0.7617389482202958,0.4849099815391869,2026-09-12b
0.6898836993128372,0.1735856660943827,2026-09-12b
0.44345456202869077,0.8041092422022202,2026-09-12b
0.9023468998003885,1.0532064751112653,2026-09-12b
0.4970213878174768,0.5245673945943449,2026-09-12b
0.3848269266245977,2.165294843676471,2026-09-12b
0.5942149194900161,0.28288794155123126,2026-09-12b
0.8287106960539168,0.5490257785231842,2026-09-12b
0.4310889789793471,1.343508626057159,2026-09-12b
0.24123036978901694,0.5428833501360057,2026-09-12b
0.6382859277508697,0.5157350503074106,2026-09-12b
0.4326521345891527,1.086380527249758,2026-09-12b
0.35402850732131086,1.8728735603465327,2026-09-12b
0.3896281991442156,0.7925674214963105,2026-09-12b
0.6381338619502728,0.41910582131472573,2026-09-12b
0.5105712950125999,1.3125813535055884,2026-09-12b
0.6761418870112431,0.611058777817231,2026-09-12b
0.45132973716697605,0.8218144491167637,2026-09-12b
0.8266610073282874,0.3535398051844929,2026-09-12b
0.5316065800831402,1.9153586975405235,2026-09-12b
0.7484450484657412,1.4128409628114018,2026-09-12b
0.7808103445430048,0.2696655337604195,2026-09-12b
0.707468256964836,1.6233539686499237,2026-09-12b
0.5124651707812613,1.1051399188771802,2026-09-12b
0.6661618918218871,0.38661413233280634,2026-09-12b
0.5815194969475024,0.5295542818084751,2026-09-12b
0.7412901102626073,0.34686777185413775,2026-09-12b
0.4061522030682348,1.1760477980430248,2026-09-12b
0.36632672734618454,3.3008358273324063,2026-09-12b
0.5437671366589717,0.3429954290456562,2026-09-12b
0.4547728784964555,1.0843829564242604,2026-09-12b
0.5820899537568829,0.9842851408536369,2026-09-12b
0.6101160984395608,0.3611482714830067,2026-09-12b
0.43823169415538343,2.3320994846603935,2026-09-12b
0.49067833403583294,1.056203599749419,2026-09-12b
0.48450919456855274,1.2830155949151192,2026-09-12b
0.5726909829879273,0.8904851324714099,2026-09-12b
0.4031921206759775,1.2313911166093816,2026-09-12b
0.6037751703793701,0.7924455691401343,2026-09-12b
0.7959618179786175,0.49151054335575917,2026-09-12b
0.9441302127476325,0.7928072159365145,2026-09-12b
0.5622823418750494,0.7550350365541191,2026-09-12b
0.657456819766741,1.213789667986393,2026-09-12b
0.6523736834003903,0.39617700555736163,2026-09-12b
0.3342085306332473,1.6282827585151334,2026-09-12b
0.6275891576532363,0.6753583405322965,2026-09-12b
0.3318753982269726,2.220514776114359,2026-09-12b
0.38709540527810243,2.9660968849405682,2026-09-12b
0.5960608876568682,1.905680652262849,2026-09-12b
0.583718813712556,0.6210444943136036,2026-09-12b
0.5014719551805246,1.283693159537487,2026-09-12b
0.8304449394313428,0.3148409883090101,2026-09-12b
0.7063346566109225,0.24833417144475856,2026-09-12b
0.7209716385058613,0.8004118019781667,2026-09-12b
0.6863202783266639,0.5384031704732763,2026-09-12b
0.49303938864226815,1.062166220198043,2026-09-12b
0.5481068047944997,0.39986272181823773,2026-09-12b
0.5450143627872626,1.5519714402330091,2026-09-12b
0.8651656509067968,5.072868062870748,2026-09-12b
0.5952253489368543,0.44268577738800136,2026-09-12b
0.48399704046299796,0.9253984254725521,2026-09-12b
0.6725786512408457,0.19403413887402268,2026-09-12b
0.6724978059580624,0.9371636550294065,2026-09-12b
0.36817279968577854,0.4851435967703207,2026-09-12b
0.8528669939900116,0.47039513343913847,2026-09-12b
0.37600639176035505,1.687213285397752,2026-09-12b
0.8482406414246202,0.7747088199285189,2026-09-12b
0.613399999104042,0.4519832408278528,2026-09-12b
0.851081021935129,0.4328194480743617,2026-09-12b
0.5652077041289694,0.5390354459961897,2026-09-12b
0.41381316736909385,1.0628319292090713,2026-09-12b
0.5044963366807017,2.221786676699421,2026-09-12b
0.7016620120289696,0.8367934573871871,2026-09-12b
0.7642716600553188,0.677301263124224,2026-09-12b
0.5171284758384967,0.6426707166250537,2026-09-12b
0.8861636677906491,0.7358913166542314,2026-09-12b
0.7062778981517029,0.30355670866213086,2026-09-12b
0.6285219484309315,1.1201306085032057,2026-09-12b
0.6080519316296854,1.4026266365772246,2026-09-12b
0.7819017022822411,0.24695212902632657,2026-09-12b
0.5844694106263486,1.030669654717976,2026-09-12b
0.8118349681023541,0.21823013457536072,2026-09-12b
0.7326091340691596,0.28811685903146034,2026-09-12b
0.666426084232051,0.7058623667097856,2026-09-12b
0.5363359071303535,0.3316605588818937,2026-09-12b
0.5632739346852478,0.4804986399713932,2026-09-12b
0.5272589630780911,0.4441755785534827,2026-09-12b
0.3868322019137309,1.6496392559785777,2026-09-12b
0.8479484042769353,0.23385875699225914,2026-09-12b
0.43150757539702134,1.1495196199687991,2026-09-12b
0.5139473814364011,0.5689171712604532,2026-09-12b
0.5379445621573505,0.5908366602359822,2026-09-12b
0.7046938492771294,0.25275470421503426,2026-09-12b
0.43994737644850845,1.413525967998013,2026-09-12b
0.37933154578437317,2.1871624644161614,2026-09-12b
0.5453969370639782,0.988069713882295,2026-09-12b
0.6770247213035466,0.5319694932332868,2026-09-12b
0.8128878639114174,0.42674128754576446,2026-09-12b
0.5710053318571642,1.7543316816011794,2026-09-12b
0.6374406374049052,0.1974120384414239,2026-09-12b
0.7006898962457434,0.44688472227396786,2026-09-12b
0.6870560946514089,0.4893405893465149,2026-09-12b
0.6898931938544275,0.4086620078057369,2026-09-12b
0.6356545177351933,0.6483809448731241,2026-09-12b
0.6992877630933061,0.20184310997543697,2026-09-12b
0.6440776185596777,0.8513871748364304,2026-09-12b
0.6765392254702833,0.9517489225878378,2026-09-12b
0.4408124136231565,0.9642608380419521,2026-09-12b
0.48883408661385697,0.7801038184312119,2026-09-12b
0.32316274898599046,1.2024164732645546,2026-09-12b
0.4760732031649249,0.9174568448039007,2026-09-12b
0.8709237522407085,0.2624789987365574,2026-09-12b
0.35743755016988343,3.081134766411482,2026-09-12b
0.7701846674502613,0.5367890120972172,2026-09-12b
0.5362802802634002,1.0038235929455959,2026-09-12b
0.6124232034156686,0.2743147867302107,2026-09-12b
0.5360792273430852,0.8157571605401855,2026-09-12b
0.7390233272795363,0.13748841806357504,2026-09-12b
0.5948619893256542,0.5863516784066822,2026-09-12b
0.5451830620583339,1.6453071156414978,2026-09-12b
0.6423287518258706,0.8017726443003954,2026-09-12b
0.5170699913726613,0.5691120708466363,2026-09-12b
0.4589382104643843,1.9507182584869427,2026-09-12b
0.3733805726537369,3.087000640198669,2026-09-12b
0.6065140654637966,0.8410536579705816,2026-09-12b
0.4124878734769257,2.027406487862952,2026-09-12b
0.34135228225219827,1.1380358835894648,2026-09-12b
0.7339983901639909,0.3900499009136419,2026-09-12b
0.8452642015823635,0.9535537507011448,2026-09-12b
0.3947395749313599,0.8128809141895382,2026-09-12b
0.3723581641999939,3.064857553793647,2026-09-12b
0.6033365251375443,0.31286451470176124,2026-09-12b
0.6720487032896858,2.970476801189602,2026-09-12b
0.641474817070754,0.7912769471034204,2026-09-12b
0.6528881666573559,0.25320181835404004,2026-09-12b
0.721410280355782,0.3881068007288669,2026-09-12b
0.6641437484804241,0.4278365444014971,2026-09-12b
0.4586938155306076,0.39232894818966074,2026-09-12b
0.4785857389248643,0.4594829254194889,2026-09-12b
0.5876129490858933,0.5158221281986572,2026-09-12b
0.7496641061616356,0.6790716671604735,2026-09-12b
0.5166324772919936,0.5007759509127682,2026-09-12b
0.7622727330924286,0.6072333841782742,2026-09-12b
0.42719853240997374,0.2854340938754505,2026-09-12b
0.6245557751816593,0.7824419427614767,2026-09-12b
0.4812003314541346,0.5545704244869814,2026-09-12b
0.8976827589541224,0.3040465563943977,2026-09-12b
0.763734280507231,0.4318813937401941,2026-09-12b
0.482326239614458,1.4009532477574824,2026-09-12b
0.5430351452165302,0.3882584084519606,2026-09-12b
0.5838479377691812,0.5926161014671637,2026-09-12b
0.5374826364581657,0.7289177302379272,2026-09-12b
0.2996261649747695,1.3886311823002322,2026-09-12b
0.8327661502676188,1.0022293311208719,2026-09-12b
0.7912012817094104,0.2932216169513319,2026-09-12b
0.6378056331340244,0.7720657341147716,2026-09-12b
0.7447455373826307,0.5508542439095817,2026-09-12b
0.592452784164524,0.6198641158904147,2026-09-12b
0.37622671868446794,1.0171022023614051,2026-09-12b
0.5732312754348817,0.5488858304767421,2026-09-12b
0.684645728049832,1.9154096481737897,2026-09-12b
0.8041294222609774,0.6693731871450218,2026-09-12b
0.6349329861325962,0.9103177581370739,2026-09-12b
0.598279568813952,1.380413671737179,2026-09-12b
0.6586684582744694,0.46501129903931443,2026-09-12b
0.5431202591293578,0.5679500482726991,2026-09-12b
0.7341879416862584,0.35005322410896395,2026-09-12b
0.5446914067355099,0.35671563613105456,2026-09-12b
0.6491238930461756,0.7997991844559595,2026-09-12b
0.31323176732914565,2.852233032539331,2026-09-12b
0.4628223155986474,1.1825907708108077,2026-09-12b
0.5650064444420824,1.0678844317168668,2026-09-12b
0.3845232777217786,2.0788425804109476,2026-09-12b
0.5647353223738025,0.7149268697260639,2026-09-12b
0.42800362288893823,1.357989438592216,2026-09-12b
0.8761304675318125,0.14131229102115075,2026-09-12b
0.6094045067859075,1.1093910318047022,2026-09-12b
0.6798613706954784,0.44906996387423387,2026-09-12b
0.7380290870635992,0.2448031755773528,2026-09-12b
0.6689047735178085,0.9378667019898685,2026-09-12b
0.5868013699986222,0.32260660493122706,2026-09-12b
0.5106658748850418,1.5294425205169344,2026-09-12b
0.559736664207456,2.694964706107539,2026-09-12b
0.5966200200421887,0.7518194818774241,2026-09-12b
0.4247248537687029,0.9219646162603368,2026-09-12b
0.6975873660063768,0.9719572723840093,2026-09-12b
0.4462043799558396,0.5797021804770608,2026-09-12b
0.45213348990796653,1.2398893224229959,2026-09-12b
0.3902726832012477,1.744817547921918,2026-09-12b
0.5059986274549314,0.9184182355928624,2026-09-12b
0.5652111787942187,0.35787575371252894,2026-09-12b
0.6282918142204192,0.5425874429262475,2026-09-12b
0.4811055682857319,0.6325893378505836,2026-09-12b
0.6055250603302272,0.7082707924686931,2026-09-12b
0.6343843731025987,1.0220790799552861,2026-09-12b
0.5787791265459966,0.5976566740639074,2026-09-12b
0.5503143942699701,1.8187163106710476,2026-09-12b
0.49851097666386723,0.6891725204910167,2026-09-12b
0.483106028364632,1.718667651189295,2026-09-12b
0.5317933530977451,1.042632470560055,2026-09-12b
0.39011818587992914,0.16519422193330022,2026-09-12b
0.7895002013129051,0.8084783855336877,2026-09-12b
0.8259068819660332,0.10716012026268364,2026-09-12b
0.6753260648621114,1.6102359034090505,2026-09-12b
0.5429209959002206,1.102100657747307,2026-09-12b
0.42657414634270785,1.1024884178651428,2026-09-12b
0.7468165124723724,0.2571155643029264,2026-09-12b
0.6234315237348953,0.5751003800138175,2026-09-12b
0.49001795094603295,1.8609147197045628,2026-09-12b
0.5163332444361495,0.5892321603649439,2026-09-12b
0.5098229819730127,1.128889198791239,2026-09-12b
0.5984377222184696,0.45894439228490963,2026-09-12b
0.5792603135299351,1.5088283019759796,2026-09-12b
0.8930796854470137,1.4504629531829818,2026-09-12b
0.45880805370697175,0.6701919581434403,2026-09-12b
0.4681332062243536,1.4079397356436703,2026-09-12b
0.34377408269494003,3.043571016156536,2026-09-12b
0.6509071309138387,0.9235657643037435,2026-09-12b
0.44554951077471533,1.5800679399179383,2026-09-12b
0.4425913318553556,1.0852745364466763,2026-09-12b
0.5177145185338362,1.6181240922088942,2026-09-12b
0.5736941715526094,0.31378666368387254,2026-09-12b
0.4991112726232749,1.7269502299024724,2026-09-12b
0.44675303413670114,3.029996048060446,2026-09-12b
0.6289984850440069,0.2576082007895606,2026-09-12b
0.758237357093714,0.546955091010862,2026-09-12b
0.7476565911254611,0.39452987270213047,2026-09-12b
0.4260731936080665,0.9150984915530594,2026-09-12b
0.7850337427698523,0.46913332577447653,2026-09-12b
0.38502865897692157,0.5356667067303656,2026-09-12b
0.537609373971632,0.5085770767766304,2026-09-12b
0.4871012158803468,0.8261298324980333,2026-09-12b
0.7300455860464216,0.2471432950688887,2026-09-12b
0.6011680859026862,0.6039352262438131,2026-09-12b
0.6693658601021291,1.9480113317231054,2026-09-12b
0.7014983035139539,0.5757604584435503,2026-09-12b
0.2884982497512301,1.75720991041198,2026-09-12b
0.49736980214126775,1.3074220197150594,2026-09-12b
0.51042425776157,1.8715759588351146,2026-09-12b
0.5701137347565898,0.6130227919531497,2026-09-12b
0.531397871193042,3.3537098250467063,2026-09-12b
0.4774378741228468,1.042553633750614,2026-09-12b
0.5105772776534292,0.8011907079409979,2026-09-12b
0.6312003991209506,0.6924798879457252,2026-09-12b
0.6286423288759623,0.7486168471828094,2026-09-12b
0.8433705710387036,0.8100305210398384,2026-09-12b
0.6137450020450199,0.7139814942530891,2026-09-12b
0.4042638128309086,0.8417927943959279,2026-09-12b
0.5675951802653696,0.6726341561835324,2026-09-12b
0.4058569684059684,0.7064223288457802,2026-09-12b
0.5865982552928892,0.42143636280456126,2026-09-12b
0.40465196214581856,0.9920023116206851,2026-09-12b
0.5561011504942888,0.680131931338088,2026-09-12b
0.5433949978186065,1.333784304863493,2026-09-12b
0.39493847292293927,1.2799395275049756,2026-09-12b
0.6079339677419847,0.25208198484611216,2026-09-12b
0.9413931160693987,0.16604102798246198,2026-09-12b
0.5104817789551598,0.6660348745659342,2026-09-12b
0.36600373439626593,2.1726496744163426,2026-09-12b
0.3443448504452297,1.526215634322362,2026-09-12b
0.7732904736648495,0.5035343806646102,2026-09-12b
0.7801969798514222,0.8226453501021099,2026-09-12b
0.47382054246388644,0.5208546980645844,2026-09-12b
0.8099746543444685,0.6718388182575004,2026-09-12b
0.6090002403701332,1.2706027103553597,2026-09-12b
0.4518398796932635,2.1191416760529,2026-09-12b
0.42745214305046403,1.4501362552117263,2026-09-12b
0.708326923550692,0.9996953317575035,2026-09-12b
0.5131553761032586,0.8022784573055063,2026-09-12b
0.47762645897504585,0.6392239870085411,2026-09-12b
0.4475989314846653,0.8038007668460043,2026-09-12b
0.7261639658367112,0.1619565148488346,2026-09-12b
0.5054155616168032,0.9850174531614301,2026-09-12b
0.4087956941416309,0.842178972671175,2026-09-12b
0.45538891625531086,0.9495802888121124,2026-09-12b
0.5230950023380401,0.7428197021160565,2026-09-12b
0.6992448091457382,1.178564448567655,2026-09-12b
0.48472878658620117,1.0550829210581216,2026-09-12b
0.447656478369228,0.5459589054351766,2026-09-12b
0.6920530357452652,0.4202424800225571,2026-09-12b
0.5705806242746131,0.5002428845717269,2026-09-12b
0.6459024628109786,1.0734597453401808,2026-09-12b
0.3970183307451544,1.1457212435803286,2026-09-12b
0.4166710722095956,1.5383608917891898,2026-09-12b
0.6467329976714855,0.6295156963684101,2026-09-12b
0.604390566136444,0.42292814961755837,2026-09-12b
0.34979160135457327,1.9088382390996061,2026-09-12b
0.608732078976888,0.6361696692488332,2026-09-12b
0.8003394997552539,1.388657427359836,2026-09-12b
0.6337360030416447,0.3494391466527797,2026-09-12b
0.45096116350723925,0.868503745732986,2026-09-12b
0.5775422186579919,0.4901754581999769,2026-09-12b
0.38608026026874837,1.3589394590737238,2026-09-12b
0.8198971666715315,0.5304348189806776,2026-09-12b
0.5970050483174951,0.5578947060892089,2026-09-12b
0.41490097721076563,1.1497583855255336,2026-09-12b
0.6139954534120956,0.7778974504776903,2026-09-12b
0.9260946126940196,0.43013601934720813,2026-09-12b
0.883872957889331,0.3532982897340068,2026-09-12b
0.5674064773654083,0.8812250724397467,2026-09-12b
0.4195795113666491,1.8341878509770346,2026-09-12b
0.817058941985269,1.0777779028081071,2026-09-12b
0.5538085108313648,0.9089021089353979,2026-09-12b
0.6200400688057,0.26379465694078597,2026-09-12b
0.5775811556167579,1.0234603635395905,2026-09-12b
0.9105993309903762,0.5271502673095492,2026-09-12b
0.6313386121291669,0.3852337706175972,2026-09-12b
0.7001583209262576,1.0833750804436773,2026-09-12b
0.7691741080803027,0.39423322209429884,2026-09-12b
0.68154069901992,1.146977209556289,2026-09-12b
0.7544517704393925,0.9484412320051531,2026-09-12b
0.545397410776886,0.759867963791273,2026-09-12b
0.6069369880014964,0.7880206883616035,2026-09-12b
0.7911908912568726,0.4067222676321392,2026-09-12b
0.5339537339785,1.2996166613339937,2026-09-12b
0.3485659572215777,0.8502610541054508,2026-09-12b
0.30207060523042323,0.6421922976636649,2026-09-12b
0.544030141257531,1.1682696446311422,2026-09-12b
0.8428316611405677,0.4402992900206726,2026-09-12b
0.576523497924306,0.638555111814375,2026-09-12b
0.9033790044115364,0.42798050706570656,2026-09-12b
0.6330388806143293,0.5258884092103956,2026-09-12b
0.3494059306462511,1.0120774429144914,2026-09-12b
0.8446270085977619,0.765915218990601,2026-09-12b
0.38455912403681025,3.4877702367583465,2026-09-12b
0.6843118494439245,0.6417492334602737,2026-09-12b
0.5954561894834018,0.26999009326592227,2026-09-12b
0.4818193197986795,0.618843059543527,2026-09-12b
0.7791641025619559,0.41188848708504217,2026-09-12b
0.3386185374269276,2.5680134034356286,2026-09-12b
0.5766449791899906,0.2999691019895721,2026-09-12b
0.6411521425729344,3.0384774648169217,2026-09-12b
0.556097840115713,0.26685665143266224,2026-09-12b
0.5300080524244352,0.3829421780320043,2026-09-12b
0.4553850443134516,1.9952371910967974,2026-09-12b
0.6993180214852845,0.8069243953913324,2026-09-12b
0.4968077912929275,1.5086589992216943,2026-09-12b
0.5084600384177527,0.3603817630847188,2026-09-12b
0.42805489344000697,1.4894863636860451,2026-09-12b
0.5331472448085903,1.0498424036382115,2026-09-12b
0.31658056620206304,1.0982995106487743,2026-09-12b
0.41841747514648875,1.85288636769276,2026-09-12b
0.8265996253038385,0.1914000246820995,2026-09-12b
0.7901937188251036,0.5028536521658584,2026-09-12b
0.5971158050261175,0.8865707928810759,2026-09-12b
0.33940188667962007,2.9730885635659994,2026-09-12b
0.6372747076160508,0.7883928809621215,2026-09-12b
0.5409521256992194,0.5498942355512716,2026-09-12b
0.5444765827712742,1.2751298849144437,2026-09-12b
0.6063041676652946,1.0303830475838567,2026-09-12b
0.595371534967636,0.7251700310823154,2026-09-12b
0.7305027632836039,0.7705316287947793,2026-09-12b
0.3376219854248662,1.637707103031391,2026-09-12b
0.5242557904414523,0.8084821660255552,2026-09-12b
0.8621487179748807,0.3250138112633852,2026-09-12b
0.42148605620710233,1.1447153222589237,2026-09-12b
0.47595845941366766,0.7479052847591312,2026-09-12b
0.43848731235580257,1.5628513857549897,2026-09-12b
0.8180475257090946,0.3789365978826993,2026-09-12b
0.6760336567715367,0.48287790604391395,2026-09-12b
0.5239204596928275,0.30621482109803094,2026-09-12b
0.5316901290746674,0.610538087096358,2026-09-12b
0.5060839891219449,0.6276203091410284,2026-09-12b
0.7196709595067495,0.6377330357386015,2026-09-12b
0.695525680032272,1.317034628841654,2026-09-12b
0.6706345004749957,1.2111873045341612,2026-09-12b
0.38239982496705077,0.7829259557254041,2026-09-12b
0.40861278304732007,0.8549259085188733,2026-09-12b
0.6499571679564637,0.9245921991040075,2026-09-12b
0.28746458454046236,2.5370910201163905,2026-09-12b
0.42786814695856906,0.8731470200529118,2026-09-12b
0.5082445502740743,2.354281517791485,2026-09-12b
0.6217366461566314,0.13992521878534336,2026-09-12b
0.409727870517249,1.050451065730335,2026-09-12b
0.4254484461521574,1.743151913551311,2026-09-12b
0.729346318003854,0.4141016815578559,2026-09-12b
0.4534169698889864,1.5284117492658333,2026-09-12b
0.595431566059861,0.29507654788015003,2026-09-12b
0.26651939880495784,2.2869099763363967,2026-09-12b
0.6786781892562244,0.4692431415561379,2026-09-12b
0.6126982653870666,0.573699671687855,2026-09-12b
0.3263712341050821,2.499894865288243,2026-09-12b
0.7313136892608028,0.4428411098184939,2026-09-12b
0.565517412420741,0.4631261849508623,2026-09-12b
0.7411981875021023,0.8346925562673461,2026-09-12b
0.4583932229663897,0.8697145708384046,2026-09-12b
0.46080591306220026,1.5209948697235978,2026-09-12b
0.4043421942077531,0.953659654377154,2026-09-12b
0.5836394608808725,0.5561322325182843,2026-09-12b
0.5467509958253575,0.2660333008776826,2026-09-12b
0.8093105486289777,1.0146966839525626,2026-09-12b
0.4753707817149952,1.0671634736411268,2026-09-12b
0.39572686125838796,0.9283241163007507,2026-09-12b
0.37413069528237025,2.107648973564847,2026-09-12b
0.6787410430994946,0.5841770001025037,2026-09-12b
0.908881841651184,2.132917271878422,2026-09-12b
0.5854887022639856,0.8036004621737526,2026-09-12b
0.5205503726295051,1.795819195110489,2026-09-12b
0.45535188143840577,1.1503468082065536,2026-09-12b
0.7721168630072814,0.4911082811492502,2026-09-12b
0.7327587188018383,2.4626754739163688,2026-09-12b
0.28052860660241824,1.7220792204402666,2026-09-12b
0.6985730959120211,1.2012713508936665,2026-09-12b
0.30309040462381376,1.7266555014824492,2026-09-12b
0.6152240981064835,0.26965176212835984,2026-09-12b
0.5462774349603008,1.3434223425426663,2026-09-12b
0.5241332685832909,0.3361387224353132,2026-09-12b
0.48741586955025357,0.7284000251350908,2026-09-12b
0.7665006702953334,0.4695889939853803,2026-09-12b
0.3548966834204389,1.6944014427564391,2026-09-12b
0.5204481910905651,0.5447780462152371,2026-09-12b
0.7583391082562728,0.4113063243445848,2026-09-12b
0.8613505678425679,0.6908311007916641,2026-09-12b
0.5443097024416371,0.8872477089284154,2026-09-12b
0.5685100517781309,0.9928229838713821,2026-09-12b
0.47871687849783484,1.1135764112998905,2026-09-12b
0.6853692271209095,0.4645428681845992,2026-09-12b
0.5037597104981844,0.8735620569787442,2026-09-12b
0.7598111733233985,0.4049929361382704,2026-09-12b
0.5174575830703411,2.2921375514542546,2026-09-12b
0.6537044136576806,0.6154106156801074,2026-09-12b
0.5306229418920896,0.6806824344925938,2026-09-12b
0.5447066956686298,0.6682457119226103,2026-09-12b
0.49719419669635895,0.993421441503967,2026-09-12b
0.3539187869845912,2.1550703779674762,2026-09-12b
0.6500071793199127,0.30245493323943284,2026-09-12b
0.42513349521822663,2.0404913736958594,2026-09-12b
0.7288720344222647,0.44837298938592196,2026-09-12b
0.4109448791988118,0.5257052307168958,2026-09-12b
0.4553483022241666,0.7419243096976204,2026-09-12b
0.39047996495972054,1.3168840873263308,2026-09-12b
0.74450079067073,0.26318421627207356,2026-09-12b
0.6591928010540594,0.3988746218917036,2026-09-12b
0.9773152855109523,2.106514333623669,2026-09-12b
0.510435355450723,0.18118093095820773,2026-09-12b
0.8075721326762396,0.511850285930333,2026-09-12b
0.4993599687905736,1.087139857466078,2026-09-12b
0.2949664106378179,0.6639074343072319,2026-09-12b
0.41003572164957663,0.8501870282724292,2026-09-12b
0.7778223854437942,0.23993483568503068,2026-09-12b
0.5581373524388659,1.7642883930830746,2026-09-12b
0.6485370246811711,0.3077982235766571,2026-09-12b
0.4201254270842021,0.2426746423206578,2026-09-12b
0.6886115472552201,0.5163224781104196,2026-09-12b
0.8153529517984109,0.3165129243632613,2026-09-12b
0.3365602442176798,0.8252584684304205,2026-09-12b
0.778953338726879,0.7151120448271912,2026-09-12b
0.536621691865676,0.3215035536557346,2026-09-12b
0.6712517437308447,0.9165006625609572,2026-09-12b
0.3709105327520075,3.6197908735558806,2026-09-12b
0.7021675275502202,0.5846602632289155,2026-09-12b
0.4778522060102574,1.327890331068911,2026-09-12b
0.5881385940561297,1.5050526745881632,2026-09-12b
0.33773326689330585,2.2906694920929804,2026-09-12b
0.8140728531994518,0.36318488364923834,2026-09-12b
0.5333740138264706,1.4506870825768392,2026-09-12b
0.45883028143113463,1.7231301241131032,2026-09-12b
0.7488570346782041,0.9759380098238428,2026-09-12b
0.7940518052984588,0.5274245236817614,2026-09-12b
0.6162710225736224,1.0622143892495994,2026-09-12b
0.4658081930052471,0.5003727087469199,2026-09-12b
0.5022045904866644,1.3423373361380093,2026-09-12b
0.3675701634411017,1.471644450564326,2026-09-12b
0.5430971399801646,1.0536661876362872,2026-09-12b
0.35285876020092716,2.2210595279864247,2026-09-12b
0.43488208514268956,0.5999199629373486,2026-09-12b
0.7281335822957163,1.9522182998541393,2026-09-12b
0.48781870945938133,0.9486393012739901,2026-09-12b
0.4218881873768455,0.7970322811824709,2026-09-12b
0.842141983029705,0.48300197816451357,2026-09-12b
0.6995632548631469,0.43797280682839534,2026-09-12b
0.3606823772590265,0.6974819787650838,2026-09-12b
0.4888857703712236,2.037704168648234,2026-09-12b
0.33613936047906673,2.6632080696533507,2026-09-12b
0.3478807392739042,2.3975880373375795,2026-09-12b
0.6336124622691186,0.40575668920942254,2026-09-12b
0.4675684457674789,0.5484180325318356,2026-09-12b
0.604832330951715,0.27643265502908554,2026-09-12b
0.5496940004118247,7.180525627715299,2026-09-12b
0.5591194749539606,2.7909312037020744,2026-09-12b
0.5444398359085133,0.9807400421257121,2026-09-12b
0.7314252121108586,0.9282612195531756,2026-09-12b
0.7427567958475934,0.41770342759926066,2026-09-12b
0.40975749567654046,0.9107136342902766,2026-09-12b
0.4619708151617986,0.44553924036044834,2026-09-12b
0.6729184865557322,1.1700449599188234,2026-09-12b
0.43229012888880847,1.0609956846886284,2026-09-12b
0.7332762210686556,0.23333934381435303,2026-09-12b
0.674515694834459,0.3870795951994831,2026-09-12b
0.5204791275601427,0.6825812631616248,2026-09-12b
0.5864974672868006,0.9939119426768905,2026-09-12b
0.47578367422490203,0.30047678312954323,2026-09-12b
0.36943657329328544,1.4195251389061894,2026-09-12b
0.38676750471489707,2.5302181029444846,2026-09-12b
0.5789195233839186,0.7557900636798518,2026-09-12b
0.801852563598956,0.5893572381112961,2026-09-12b
0.48070786817378175,1.9810938121676256,2026-09-12b
0.6823595467422284,0.7544580318344842,2026-09-12b
0.38796663896367634,1.8511322520119626,2026-09-12b
0.7488840643983373,0.746854893346083,2026-09-12b
0.6337532375622321,0.250876051866218,2026-09-12b
0.5315869734252968,1.2741469630064415,2026-09-12b
0.44328939723393607,0.8873984780999028,2026-09-12b
0.4650059493667103,1.97267053632741,2026-09-12b
0.6993018264962767,0.1747782078699723,2026-09-12b
0.5574946927652595,0.8370002242042176,2026-09-12b
0.7483508133554445,0.7524902105576786,2026-09-12b
0.5316083253427561,0.64792511984767,2026-09-12b
0.5516756851923053,0.5537799487905881,2026-09-12b
0.6772469643845092,0.16903711920790312,2026-09-12b
0.4558512799317758,1.5850002670100343,2026-09-12b
0.6021969117176457,0.34950158055280034,2026-09-12b
0.43113858147335377,0.9226858746719191,2026-09-12b
0.46333598971222745,0.901473982133707,2026-09-12b
0.6899009712788841,0.43890662163322397,2026-09-12b
0.44370643482106836,0.7335196719622886,2026-09-12b
0.6871889518831564,0.8263115633665402,2026-09-12b
0.31928067153685424,6.117782465468205,2026-09-12b
0.7465670346764034,1.7525792059218708,2026-09-12b
0.5639964354715614,1.9154723534826534,2026-09-12b
0.6172127026632137,0.3146484322648925,2026-09-12b
0.6741868476313543,1.4124999347887286,2026-09-12b
0.5808994678076973,0.15061611831715824,2026-09-12b
0.7744945384164981,0.38817956753603816,2026-09-12b
0.6738399879575375,0.9285592833234065,2026-09-12b
0.7921079151527701,0.3851976158260908,2026-09-12b
0.9611263269183046,0.26138328065545996,2026-09-12b
0.5950333085244786,0.4467034415826319,2026-09-12b
0.9036635509513022,0.20643255987831308,2026-09-12b
0.31046941765937663,1.0209399913872776,2026-09-12b
0.5568492628181415,1.4548663896642469,2026-09-12b
0.4152061015382671,0.9208887264547556,2026-09-12b
0.6973043849384722,0.3093226889087835,2026-09-12b
0.35567217516320543,2.7651052177256976,2026-09-12b
0.7101887071082128,0.46142269390536444,2026-09-12b
0.39756843140225345,1.0025765526477521,2026-09-12b
0.39807110009435787,4.858545891295829,2026-09-12b
0.671160592516383,0.3921562428946836,2026-09-12b
0.8957412408565588,0.9114290232960737,2026-09-12b
0.561496686343597,0.5723671683001033,2026-09-12b
0.8804102256884708,0.4304533834512509,2026-09-12b
0.6556624784134744,0.6583866362286879,2026-09-12b
0.5443550708706733,0.5790527682711875,2026-09-12b
0.6012245523024823,0.41401427059815027,2026-09-12b
0.6422503029424126,0.35906669854646617,2026-09-12b
0.6922283358685819,0.28067428349108203,2026-09-12b
0.5045187058181339,0.725280316614878,2026-09-12b
0.46874800300029423,2.425734191806468,2026-09-12b
0.7358640002608873,0.4435007825597133,2026-09-12b
0.6765880314439182,0.5295203052614855,2026-09-12b
0.6198194122503048,0.3411554802239504,2026-09-12b
0.44305094430808023,0.6709266774002457,2026-09-12b
0.6317474646560073,0.7667600418244397,2026-09-12b
0.3247311634340566,1.8487412586057619,2026-09-12b
0.49408212061983037,1.3130925047537967,2026-09-12b
0.5359728224568694,0.4498084061807739,2026-09-12b
0.4614077914130996,1.6036984913595536,2026-09-12b
0.7350447034477278,0.35939979092316665,2026-09-12b
0.654550274045579,0.2921572058139999,2026-09-12b
0.45963188387337184,2.1481615444417077,2026-09-12b
0.5006300414247579,1.8971830875996936,2026-09-12b
0.7940153792247431,0.8134892113412845,2026-09-12b
0.7283713320932702,0.9997155789210505,2026-09-12b
0.6110609308376103,0.2759714673899195,2026-09-12b
0.7446668933633344,0.34117613714230877,2026-09-12b
0.7476984601425293,0.3920885910410901,2026-09-12b
0.5107781830453144,0.7160271085275897,2026-09-12b
0.6887358286030513,0.17420790087639193,2026-09-12b
0.3406018667405196,4.517486962881814,2026-09-12b
0.4244389243261879,1.2366632133558217,2026-09-12b
0.5501218652125651,1.2154849802273864,2026-09-12b
0.5934861709422865,0.7271763701459484,2026-09-12b
0.7211687334015061,0.7722199823946239,2026-09-12b
0.7316430193109824,0.655195038578879,2026-09-12b
0.9764545087081106,0.16939908613706245,2026-09-12b
0.8467577182033749,0.16106471098501493,2026-09-12b
0.46568273071072863,2.8063127950027305,2026-09-12b
0.4682554665170901,1.4769566181214506,2026-09-12b
0.5925167489526888,0.9171252642621774,2026-09-12b
0.5789193135835936,0.2701287908596566,2026-09-12b
0.4948016385280573,0.325374050501586,2026-09-12b
0.5739502589831598,0.42096037256983426,2026-09-12b
0.4956267772958893,0.5543700282103281,2026-09-12b
0.7167189674052904,0.798619642176717,2026-09-12b
0.6510549893198844,0.5027992892598824,2026-09-12b
0.749480647675492,0.5819632379617244,2026-09-12b
0.40320207021763343,1.924070655159128,2026-09-12b
0.5217875903026878,0.5314230436411781,2026-09-12b
0.5797435382886981,0.6091620473956059,2026-09-12b
0.4751608445689415,0.45964973833001344,2026-09-12b
0.5459864024903706,0.4303601379090862,2026-09-12b
0.686003991320307,0.5164529898466275,2026-09-12b
0.5118457202976902,0.5734664970415078,2026-09-12b
0.6755235448279303,0.42952410317342055,2026-09-12b
0.6626873701185041,0.47041561721860303,2026-09-12b
0.7492290231676075,0.6011884884544125,2026-09-12b
0.3009285620373983,5.378877091774656,2026-09-12b
0.4638598022592012,0.9111675751916819,2026-09-12b
0.5202601769954829,0.41395675748846483,2026-09-12b
0.6752986510348046,0.8638593278607043,2026-09-12b
0.41868963361335215,0.6400894081931096,2026-09-12b
0.6826130251704134,0.15208397538461293,2026-09-12b
0.4765690876944207,1.0958737661087754,2026-09-12b
0.3550937087891419,1.4158325978862292,2026-09-12b
0.5901138782549762,1.0728684149283894,2026-09-12b
0.922471639242493,0.8315060876464857,2026-09-12b
0.4280978234427758,1.174682385475783,2026-09-12b
0.2535860129074991,4.0902867695857585,2026-09-12b
0.743368330557865,0.2624419973206471,2026-09-12b
0.38300509351663387,0.9783125118781253,2026-09-12b
0.7551547042525508,0.34052740083728333,2026-09-12b
0.5160229601646996,1.3646873938604178,2026-09-12b
0.5142252256315188,0.9934160545493091,2026-09-12b
0.5788754604476766,0.723837825868807,2026-09-12b
0.2998961459042924,1.2982898225671966,2026-09-12b
0.5413997079883521,0.3419970153479505,2026-09-12b
0.5329424010725149,0.8554840662352434,2026-09-12b
0.5361266285015461,0.716021463724445,2026-09-12b
0.40976801194970414,0.6015481630914651,2026-09-12b
0.8487095463169583,1.756138830329817,2026-09-12b
0.6102573396428077,0.37725657294222437,2026-09-12b
0.27247301269009994,3.9608013766531522,2026-09-12b
0.5373801479419745,1.706402742106647,2026-09-12b
0.4793341424537188,0.7839062740653413,2026-09-12b
0.5778572499470921,0.44101076139669154,2026-09-12b
0.5870052788238304,1.588038299027926,2026-09-12b
0.9412400992306089,0.5574517047683424,2026-09-12b
0.37896183683302276,0.9422827047919197,2026-09-12b
0.8819565944611605,2.3246302023784278,2026-09-12b
0.3076598604166675,1.8259783026707288,2026-09-12b
0.3847040852302665,1.5985422974400272,2026-09-12b
0.6962571660916186,0.3684077304877683,2026-09-12b
0.38160000398328275,0.7790401944510665,2026-09-12b
0.6169746665521422,0.6520340061227888,2026-09-12b
0.5832000709784024,0.33938396479274796,2026-09-12b
0.49891044612439084,0.21032446161012272,2026-09-12b
0.439087642976576,0.9867297112404995,2026-09-12b
0.8984130377712717,0.6144486339405628,2026-09-12b
0.6246089711256303,0.9419287928382105,2026-09-12b
0.42829847699173546,0.9632124548003161,2026-09-12b
0.3501808349269272,2.643445587408133,2026-09-12b
0.7814435918740414,0.24184324889371442,2026-09-12b
0.5050441612914544,1.431015130171316,2026-09-12b
0.403304064346096,1.271613467934343,2026-09-12b
0.5406947299821353,0.4527951154749937,2026-09-12b
0.7153233479135077,1.9947069371592394,2026-09-12b
0.4249033051666074,1.2590540554531255,2026-09-12b
0.231824866506813,3.06333813192045,2026-09-12b
0.8645123009499153,0.58171839868714,2026-09-12b
0.5628681464268137,0.6370450123512046,2026-09-12b
0.8672235681547579,0.6606997491543043,2026-09-12b
0.6539200326216592,0.4215302686861872,2026-09-12b
0.5539939332014929,0.6381787541209074,2026-09-12b
0.8138188046289692,0.923675581706786,2026-09-12b
0.8128809059335096,0.5916538591638986,2026-09-12b
0.5317983798974525,1.3108596926540175,2026-09-12b
0.6384196081122577,0.9343913012737338,2026-09-12b
0.48506288512814544,3.8991787193971796,2026-09-12b
0.5237737545101409,0.5078312996809755,2026-09-12b
0.6042391048741156,3.192294683030173,2026-09-12b
0.7097543001036043,0.3747174945372696,2026-09-12b
0.971847851464153,0.6910320130515518,2026-09-12b
0.6725574645797336,0.5052854942198847,2026-09-12b
0.49959106104516654,0.3559550706534666,2026-09-12b
0.7316750146815206,0.44675623408225723,2026-09-12b
0.4726637893845418,1.1859153545566812,2026-09-12b
0.42353167449457374,1.846805206927047,2026-09-12b
0.39056685433217153,3.1367059121520633,2026-09-12b
0.431730553180151,1.7114078195971072,2026-09-12b
0.31881574132340085,1.4002046837254432,2026-09-12b
0.3463336902796981,0.5418543629555536,2026-09-12b
0.8640968584262446,0.3356048096498887,2026-09-12b
0.7234805026984374,1.37855324405949,2026-09-12b
0.45327304372346056,1.775737290873137,2026-09-12b
0.5498031220930708,0.6058921963553667,2026-09-12b
0.7861439642234156,0.22629590554708062,2026-09-12b
0.46984094331889953,0.8301381136306121,2026-09-12b
0.5628402256569616,0.8163799145820002,2026-09-12b
0.4259640338318565,0.6648446639724404,2026-09-12b
0.5379263172130775,2.189068054502502,2026-09-12b
0.7869841438412972,1.1036723225158276,2026-09-12b
0.9312348573702536,0.2753889997939833,2026-09-12b
0.5731996893726984,0.3421536351107905,2026-09-12b
0.48339844000733906,0.9776822456003535,2026-09-12b
0.6448532835110193,0.5296306159841504,2026-09-12b
0.6240134602359377,0.6351876179210139,2026-09-12b
0.6467210061339088,1.1202431135309086,2026-09-12b
0.6163608628999809,0.5181910224180389,2026-09-12b
0.7013438322001038,0.6759264769119935,2026-09-12b
0.6419519433928826,0.9530206492940893,2026-09-12b
0.6924243533261881,0.5274834055327294,2026-09-12b
0.40812238206366036,3.6645215044139294,2026-09-12b
0.6712325230513373,0.8544107539983865,2026-09-12b
0.4033152323583608,0.6213403216093631,2026-09-12b
0.28611908446415457,0.3825351293259063,2026-09-12b
0.36209122908319585,0.6893022200771146,2026-09-12b
0.6066802562902669,0.2250941798510157,2026-09-12b
0.46586034057109554,0.7224452503330429,2026-09-12b
0.3280031589881734,0.20421796943266013,2026-09-12b
0.3840031574717253,0.2776831392086312,2026-09-12b
0.2877411114498734,0.30924304397361946,2026-09-12b
0.38217590627875603,0.48663109461895393,2026-09-12b
0.4454726427638668,0.49199156319998405,2026-09-12b
0.5236059927260441,2.6781363750085045,2026-09-12b
0.4827530317801269,0.2508524811870034,2026-09-12b
0.42741084406565716,0.17618045487796125,2026-09-12b
0.3819776146955783,0.5035457976932722,2026-09-12b
0.43796245833848796,0.29521499650971056,2026-09-12b
0.30647960340021396,0.44226556078745993,2026-09-12b
0.406851316028126,0.9510602300588381,2026-09-12b
0.43664107715209566,0.30635334432574884,2026-09-12b
0.3688136266106669,0.4548108086811677,2026-09-12b
0.6340802904173489,0.32350816552603484,2026-09-12b
0.4572305322925092,0.31986493798420185,2026-09-12b
0.5471932563432348,2.050916533924387,2026-09-12b
0.376869674128383,0.3307840477335726,2026-09-12b
0.4358260761754756,0.35187639645612717,2026-09-12b
0.39365398836415766,0.2522610270050502,2026-09-12b
0.43463906945913156,0.7465773219502375,2026-09-12b
0.436135320151089,0.33908471948569296,2026-09-12b
0.427746604481236,0.24149106688546287,2026-09-12b
0.45878642793924945,0.33112740887678516,2026-09-12b
0.4741035922638891,0.23812814084161968,2026-09-12b
0.41510765856515286,0.41009011545998325,2026-09-12b
0.5475435862834923,0.590613471323319,2026-09-12b
0.7006546624727584,1.173840885712577,2026-09-12b
0.34120948404420465,1.6521797334698842,2026-09-12b
0.32759853387424753,0.4483976774761205,2026-09-12b
0.561688898223531,0.39005893277236997,2026-09-12b
0.41401786672348767,0.7026353572716331,2026-09-12b
0.4124899291681968,0.3013088684593362,2026-09-12b
0.4838142500307159,0.5977355769056738,2026-09-12b
0.35789186237778187,0.3168198034242771,2026-09-12b
0.40953877395721966,0.4644477831607615,2026-09-12b
0.38626163713613415,0.4236752540008622,2026-09-12b
0.3977036046056596,0.3757261704091049,2026-09-12b
0.8056135157665472,0.5388654825263187,2026-09-12b
0.445683904085891,0.42635087550127304,2026-09-12b
0.5908076858674483,0.24031565019931786,2026-09-12b
0.4081851019527703,0.7632226652799383,2026-09-12b
0.2840223579556637,0.554372218905138,2026-09-12b
0.37167214017614175,0.4342481616502495,2026-09-12b
0.4865435459400904,0.15206612930120877,2026-09-12b
0.44351550151653296,0.38679061887017746,2026-09-12b
0.3192614978449608,0.14220029141572632,2026-09-12b
0.2735603741823262,0.8522868827359485,2026-09-12b
0.33897321148976894,0.29231488620928336,2026-09-12b
0.4773677879252619,7.491501148428093,2026-09-12b
0.4155138115007844,0.539816554063972,2026-09-12b
0.3356382731728422,0.6768998573419611,2026-09-12b
0.8069265600528588,0.4270257453756044,2026-09-12b
0.47149292741169774,0.3971346736240341,2026-09-12b
0.39605843532963453,0.48911641395903954,2026-09-12b
0.4249558718205933,0.5564017404648619,2026-09-12b
0.3542613735693703,0.3419592603463032,2026-09-12b
0.5802122464514761,0.29266003286781234,2026-09-12b
0.40044913587629677,0.2543824412387729,2026-09-12b
0.4604344366188113,0.514190457233991,2026-09-12b
0.42030455781288073,0.6371833838144622,2026-09-12b
0.44112177586152596,0.6501797159964666,2026-09-12b
0.45858840243015014,0.28060612255774686,2026-09-12b
0.4457849406474628,0.4619442130771112,2026-09-12b
0.4436637239334995,0.1689886025070722,2026-09-12b
0.4114476483321052,0.6344631248833944,2026-09-12b
0.3530762325576726,0.25162582558732804,2026-09-12b
0.42654734553868395,0.4862583872563884,2026-09-12b
0.4748939211028606,0.7421654842925606,2026-09-12b
0.3888689128244681,0.22915686473421978,2026-09-12b
0.940659134511404,0.7080291557008621,2026-09-12b
0.5148315312965702,0.57829891441622,2026-09-12b
0.39705524230058936,0.4044494113791385,2026-09-12b
0.3348070835303625,0.9411923900026611,2026-09-12b
0.39253451266380107,0.5260157821764827,2026-09-12b
0.415893091326394,0.338181012817055,2026-09-12b
0.47550080783374954,0.25444580861237126,2026-09-12b
0.5836926688327224,0.23176142108729078,2026-09-12b
0.4424050231874962,1.0378688304915458,2026-09-12b
0.3969393718102651,0.802510159534,2026-09-12b
0.37834157831120924,0.2725261011738502,2026-09-12b
0.8729179624697888,0.8829212429978844,2026-09-12b
0.6525309328376441,0.2274767662453149,2026-09-12b
0.47329662763664465,0.3280908409439107,2026-09-12b
0.5309071590998059,0.20311693049826157,2026-09-12b
0.45143329260934895,0.9157722649399057,2026-09-12b
0.38307371389175615,0.2730342421228451,2026-09-12b
0.26391892750452806,1.7291108848749552,2026-09-12b
0.39614950100010987,0.35398596913026026,2026-09-12b
0.5896082947160313,0.23345916352321827,2026-09-12b
0.5510758419150229,0.11898163874975573,2026-09-12b
0.3119598919607947,0.923365545708963,2026-09-12b
0.3994065558767389,0.974935529194302,2026-09-12b
0.5624221398871401,0.18707367020385574,2026-09-12b
0.3907413471219678,0.5115014650558688,2026-09-12b
0.448710088785128,0.6354151923004191,2026-09-12b
0.402767595659531,0.25358702251685433,2026-09-12b
0.4482060027597293,0.6056311662626571,2026-09-12b
0.45910394392838005,0.29177036124129935,2026-09-12b
0.4139093892100321,0.41389277121194595,2026-09-12b
0.3955617565728341,0.29892603833604153,2026-09-12b
0.3285517824084469,0.20442724121865552,2026-09-12b
0.48561567557738,0.31860129732515535,2026-09-12b
0.30220172198077455,0.7133798507600508,2026-09-12b
0.5053234517892324,0.6127215229799987,2026-09-12b
0.3818932790007892,0.23701777136113902,2026-09-12b
0.32597689034586086,0.9887930991086519,2026-09-12b
0.3952638594667998,0.460580106066798,2026-09-12b
0.4886861788456377,0.633207095722624,2026-09-12b
0.4792225832114196,0.42008832144171165,2026-09-12b
0.47124693508730686,0.6545391788560391,2026-09-12b
0.4187281870219359,0.1898939781073539,2026-09-12b
0.5447180933474154,4.184515506531856,2026-09-12b
0.42285606374387535,0.5637191556399972,2026-09-12b
0.4133519863226677,0.331997186757334,2026-09-12b
0.40466224390179023,0.19031875651449554,2026-09-12b
0.4022480278049221,0.24168705770942095,2026-09-12b
0.38667583042207576,0.9413159115419666,2026-09-12b
0.3424963091069583,1.0078849713874751,2026-09-12b
0.784982649013892,0.1342880954265979,2026-09-12b
0.3763237429650452,0.3617189049336599,2026-09-12b
0.5778122850922551,0.27382831342998804,2026-09-12b
0.38587101329654244,0.2569392901541537,2026-09-12b
0.3698162729146222,0.19794258968058373,2026-09-12b
0.37694853786571386,0.35763230501259574,2026-09-12b
0.44291649339487316,0.5096011210758912,2026-09-12b
0.38085214666816203,0.6782597146844982,2026-09-12b
0.40826147617926745,0.434449002975819,2026-09-12b
0.45674243559595407,0.648096764239026,2026-09-12b
0.4867331201439601,0.30746949900281956,2026-09-12b
0.46859731776633096,0.39101554135023947,2026-09-12b
0.3934056864053189,0.19349708879925215,2026-09-12b
0.31782302695941494,0.30095327595728866,2026-09-12b
0.36978349393527227,0.401961010990727,2026-09-12b
0.35918310482694993,0.6329582826258446,2026-09-12b
0.2969572263680876,0.44405299648691066,2026-09-12b
0.40198406163088224,0.33017187507302276,2026-09-12b
0.3293473151273289,0.7690413246566382,2026-09-12b
0.3944649816200917,0.3593725060925738,2026-09-12b
0.7022856894345799,1.0189446471242292,2026-09-12b
0.3248328160557889,0.7803846791437221,2026-09-12b
0.492887344645809,0.7754755755827817,2026-09-12b
0.437190777569428,0.1741944656710361,2026-09-12b
0.44531939612809085,0.42385521610096966,2026-09-12b
0.3952562631791592,0.32055359518898013,2026-09-12b
0.2876802616784301,0.34748592469487116,2026-09-12b
0.39200274393021894,0.3650302830421495,2026-09-12b
0.3794109846665119,0.627108504939114,2026-09-12b
0.38009422891810163,0.5572033053509033,2026-09-12b
0.32018732080462053,0.7074290189016631,2026-09-12b
0.32614022922037805,0.8498490960414837,2026-09-12b
0.3040036891858218,0.4879403348624586,2026-09-12b
0.48738022112562146,0.8803812817108865,2026-09-12b
0.5258574290331935,0.22239070871064678,2026-09-12b
0.5421325296415883,0.2921442714204963,2026-09-12b
0.4784798027538579,0.32137469776107996,2026-09-12b
0.4162519508240689,0.42924207283140425,2026-09-12b
0.4208517634354701,0.8185802145154868,2026-09-12b
0.49000819796212264,0.9371979270993486,2026-09-12b
0.42087059121246917,0.4982819448487881,2026-09-12b
0.4385253292126755,0.40972861424397633,2026-09-12b
0.4606766801781899,0.32174608795723225,2026-09-12b
0.38032987055818485,0.19687927971463154,2026-09-12b
0.3579442496232,0.2029049444049381,2026-09-12b
0.3074473138477311,0.2703007340852019,2026-09-12b
0.5133478814080431,0.5385018163592685,2026-09-12b
0.39864484883405454,0.7715965613201221,2026-09-12b
0.37900329940498073,0.2254141586700829,2026-09-12b
0.39273169696057325,0.24325424349344904,2026-09-12b
0.36426569623338717,1.1070213417066634,2026-09-12b
0.4239190510817831,0.2497133358621844,2026-09-12b
0.8597986560691464,0.11698546670180182,2026-09-12b
0.33573212016417225,0.8858037603196294,2026-09-12b
0.7755213026260245,0.885709536676399,2026-09-12b
0.37227756241831933,0.8362145821473486,2026-09-12b
0.34238478562250285,0.415863028251704,2026-09-12b
0.4368815523809682,0.3785845756305334,2026-09-12b
0.3879381734048692,1.206531349731746,2026-09-12b
0.58575074594693,0.22137051804699587,2026-09-12b
0.48747650766061346,0.6684977558501243,2026-09-12b
0.5826395809357892,0.24348290081941856,2026-09-12b
0.5869182452774698,0.03142748968132182,2026-09-12b
0.3984136434794274,0.4149819256691061,2026-09-12b
0.6090746391351146,0.11274619615164361,2026-09-12b
0.31705762443201,0.8241214876635923,2026-09-12b
0.45064061409465955,0.5121013948146518,2026-09-12b
0.24556490895063027,0.7239098898412158,2026-09-12b
0.35639982849952667,0.31997320571016813,2026-09-12b
0.3246372914299488,0.6214338894950087,2026-09-12b
0.4150735719997827,0.24317670157907562,2026-09-12b
0.4362485784007216,0.45249059973741634,2026-09-12b
0.4694924196479349,0.34444397723537273,2026-09-12b
0.39159884987672106,0.30629244172960646,2026-09-12b
0.41413305123971816,0.500454740549174,2026-09-12b
0.7068853254096642,0.6775894957039422,2026-09-12b
0.39920849791027285,0.6212707994193464,2026-09-12b
0.3658276537967409,0.3522962705396943,2026-09-12b
0.39241121714660443,0.9592869007874791,2026-09-12b
0.2980419764721375,0.7407165447597048,2026-09-12b
0.4510807666075292,0.22030501539011593,2026-09-12b
0.4095457544021241,0.15790578008589706,2026-09-12b
0.3138304338319597,1.4619380077662707,2026-09-12b
0.6403617341691342,0.20956324954126496,2026-09-12b
0.4226315097765542,0.2631763979210034,2026-09-12b
0.40470407396440244,0.547386092433339,2026-09-12b
0.5491203500265995,3.8707231478590787,2026-09-12b
0.8326145861472167,1.5130028986769661,2026-09-12b
0.4049603519580258,0.5444661650583816,2026-09-12b
0.3844482511742971,0.8136890353282522,2026-09-12b
0.48014482464149866,0.5922698000568902,2026-09-12b
0.28051041624731604,0.8710843943962606,2026-09-12b
0.39227412180613813,0.6028757978471119,2026-09-12b
0.42324377914669953,0.4237792346232031,2026-09-12b
0.5802193494579583,0.5176453840769082,2026-09-12b
0.35441433219390034,0.16970847646248263,2026-09-12b
0.563763049799061,0.44449690998512936,2026-09-12b
0.509353454347038,0.4192519408534139,2026-09-12b
0.27077463334929247,0.4760407367889213,2026-09-12b
0.31410789315762566,1.3275778038169894,2026-09-12b
0.38893362341823323,0.15557156571131184,2026-09-12b
0.4427762399162362,0.23180156333855992,2026-09-12b
0.4180562733642241,0.9974682157894976,2026-09-12b
0.47947892809338344,0.21312727503345089,2026-09-12b
0.37315046603789553,0.35718724289124243,2026-09-12b
0.34855579225052274,1.0954844231162102,2026-09-12b
0.3971443553673188,0.5586651345243422,2026-09-12b
0.4289480015293314,1.0690168077003,2026-09-12b
0.4075500165848951,0.5379215412875386,2026-09-12b
0.472656858587353,0.24965751477732503,2026-09-12b
0.41686214347206885,0.62527537863957,2026-09-12b
0.3365084237378909,1.3236618782279956,2026-09-12b
0.5172763669178994,0.9864498595619751,2026-09-12b
0.4176728131067671,0.6875827575110676,2026-09-12b
0.4491060611306141,0.27181263167712033,2026-09-12b
0.5390151574182068,0.6531458861405597,2026-09-12b
0.46469098524645813,0.4330695504792916,2026-09-12b
0.40914429982579575,0.3206677433064695,2026-09-12b
0.6496515252672719,0.18519531117134586,2026-09-12b
0.38268515994426333,0.3114661090948406,2026-09-12b
0.4302097903391705,0.2643696891561193,2026-09-12b
0.7561429320679419,0.27080957350308127,2026-09-12b
0.39790946849639164,0.36157794961618134,2026-09-12b
0.4454827738535115,0.3003691051011563,2026-09-12b
0.3635250763354848,0.6716122675708719,2026-09-12b
0.31848265984448887,0.5864948929453566,2026-09-12b
0.5034963832682156,0.8122749308808341,2026-09-12b
0.4003292095221122,0.578033493481327,2026-09-12b
0.4268026058162443,0.3406863705107576,2026-09-12b
0.38790198209550064,0.291357996224674,2026-09-12b
0.5710298628196514,0.27618386256001437,2026-09-12b
0.3644777795900212,0.28451646830166044,2026-09-12b
0.3848327675646675,0.5977113088449615,2026-09-12b
0.41829099852410917,0.5093618909513999,2026-09-12b
0.41457666699372986,0.4664214803816479,2026-09-12b
0.33147543732080476,0.6374460279750833,2026-09-12b
0.43908780402995123,0.35287240804763725,2026-09-12b
0.5585111110361713,0.4155385199809078,2026-09-12b
0.3830202766453205,0.5425660490055118,2026-09-12b
0.4003317846764364,0.562491923039719,2026-09-12b
0.4179180706479811,0.6913440069695695,2026-09-12b
0.3722410431407395,1.4122525309624614,2026-09-12b
0.31410553534881847,0.11362811114270327,2026-09-12b
0.39958839553849734,0.6037933214160532,2026-09-12b
0.2947110313329984,0.37987750601612874,2026-09-12b
0.3271615427136133,0.2654321068746967,2026-09-12b
0.4457250347063451,0.5402309631270119,2026-09-12b
0.35296730912400487,0.5287797897934428,2026-09-12b
0.5193600488821554,0.2894092762366712,2026-09-12b
0.6503821766674043,2.3216933045619204,2026-09-12b
0.45833232174501803,0.29182984575450405,2026-09-12b
0.4055243234024528,0.5000683005071968,2026-09-12b
0.4208531919525705,0.38096991079138764,2026-09-12b
0.35276400049337203,0.18413323850607216,2026-09-12b
0.7576584463501087,0.05492051096564385,2026-09-12b
0.5828543429589373,0.5019915746694038,2026-09-12b
0.26709208364161047,0.5100005880957128,2026-09-12b
0.48199056490948966,0.16313088399763712,2026-09-12b
0.3344886810279573,0.15096047204961008,2026-09-12b
0.44772836821424505,0.3270892791924889,2026-09-12b
0.5213050233955041,1.5641198062749848,2026-09-12b
0.4045808225006583,0.17156635219692015,2026-09-12b
0.3653501608865348,0.24805789684240648,2026-09-12b
0.41576170323112843,0.24788972207363852,2026-09-12b
0.7139338833683005,0.011074121993851316,2026-09-12b
0.49972715424060854,0.3965776048162975,2026-09-12b
0.688323480701807,0.08300088666578397,2026-09-12b
0.40631840193022284,0.298927526384452,2026-09-12b
0.29169740960091695,0.26990784837077014,2026-09-12b
0.46006350938251755,0.16069142786616,2026-09-12b
0.4073377666850662,0.45306205487332507,2026-09-12b
0.5843258926881819,3.340509062877097,2026-09-12b
0.3578592118730264,0.34994924632069674,2026-09-12b
0.5785482377268318,0.2731425412381091,2026-09-12b
0.3481816007219701,0.16758472184949297,2026-09-12b
0.3278589730676911,0.5741228008426676,2026-09-12b
0.406192121540178,0.7526717474975778,2026-09-12b
0.505711001362194,0.38770411246751196,2026-09-12b
0.5838916365594283,0.20787113675130306,2026-09-12b
0.41804696920590834,0.388621668374482,2026-09-12b
0.35593190387273865,0.38002806821989615,2026-09-12b
0.3493540331941724,0.2984393245046616,2026-09-12b
0.5128166819143499,0.28929830851969673,2026-09-12b
0.38662651483691013,0.2375682270699546,2026-09-12b
0.522469354597524,0.21971321284432174,2026-09-12b
0.39263032288281396,0.5292570681888362,2026-09-12b
0.45268644246296524,0.19571782992245287,2026-09-12b
0.37924753861487925,0.35715445191786743,2026-09-12b
0.47030161555768824,0.1401030324397016,2026-09-12b
0.5152130780528635,0.3800994885444067,2026-09-12b
0.5122119421656901,0.33262570875748515,2026-09-12b
0.505001433350464,0.3185926351674408,2026-09-12b
0.8802586634942879,0.4454785987531969,2026-09-12b
0.8862045476343009,0.34707756295134157,2026-09-12b
0.4253765562538152,0.8081681574769571,2026-09-12b
0.3991411744169181,0.31466903232098653,2026-09-12b
0.3288692970269612,0.19322083028515738,2026-09-12b
0.40964015628158634,0.255595074861097,2026-09-12b
0.4940057715579621,0.4291160739611564,2026-09-12b
0.3534336947803509,0.5918512719818037,2026-09-12b
0.3547767300729656,0.31621811635742225,2026-09-12b
0.42679114380565386,0.4385806804801118,2026-09-12b
0.45575610386622256,0.4501552801621963,2026-09-12b
0.4344143846625586,0.6657652003775385,2026-09-12b
0.5676312900075351,2.6406319032529737,2026-09-12b
0.49247408663168846,0.28558837976988155,2026-09-12b
0.28792745252123053,1.16637726306502,2026-09-12b
0.44166988233116633,0.9346857147908985,2026-09-12b
0.506795046700336,0.2003305460138615,2026-09-12b
0.45989211456612916,0.41170188317837575,2026-09-12b
0.27864891363027955,0.8711233417894759,2026-09-12b
0.47493947066966935,0.6613288452924094,2026-09-12b
0.2537360542988574,0.4153947870339735,2026-09-12b
0.3651622206271394,0.49211382218752814,2026-09-12b
0.4244935415374102,0.45755186242756374,2026-09-12b
0.5462718838047589,0.5463146835782237,2026-09-12b
0.42812929830514945,0.3767958882929394,2026-09-12b
0.3803587985861816,0.37967041539706103,2026-09-12b
0.4044508342462199,0.6849273039519648,2026-09-12b
0.4000265888675715,1.1642256721396422,2026-09-12b
0.46977690949147793,0.8137603431297398,2026-09-12b
0.3867563309147365,0.544238411783468,2026-09-12b
0.4792290560840322,0.23493585594712388,2026-09-12b
0.3809179407163859,0.4778907852670156,2026-09-12b
0.40610215553715606,0.5482903632001981,2026-09-12b
0.6294523390984857,2.6020956804182953,2026-09-12b
0.4040996540537244,0.18632104780226658,2026-09-12b
0.27831799321793876,0.4494376882576568,2026-09-12b
0.41061872859152404,0.7990569704661462,2026-09-12b
0.36682470797027655,0.5228541033240257,2026-09-12b
0.34409538460829237,0.5771198890913133,2026-09-12b
0.43194580003532673,0.24495490907908588,2026-09-12b
0.38025145583434405,0.6046043361741861,2026-09-12b
0.29592646286401947,1.3142048839212483,2026-09-12b
0.41070295728947076,0.5006068857951657,2026-09-12b
0.5446426435315398,0.5980267612322715,2026-09-12b
0.4177587466715109,1.1222404184539232,2026-09-12b
0.5238177530788048,0.30379162075623134,2026-09-12b
0.4630734676438486,0.18708510955044255,2026-09-12b
0.2968819207964211,0.6591131772443212,2026-09-12b
0.3481601672898922,0.6589442621439964,2026-09-12b
0.381118102950379,0.6097221600749272,2026-09-12b
0.30056785699080685,0.1669851913204262,2026-09-12b
0.3953312485384504,0.35129170202830595,2026-09-12b
0.25813408766384943,0.958541363115932,2026-09-12b
0.36647407266400983,0.8558329471596411,2026-09-12b
0.5063759927980159,0.10881933969583246,2026-09-12b
0.31392026177991267,0.25248527535815185,2026-09-12b
0.36748446189529116,0.35563957629993426,2026-09-12b
0.40751680695740083,0.5925132834081884,2026-09-12b
0.5234194355526692,0.11290747122494309,2026-09-12b
0.39593338249437815,0.44772923085134564,2026-09-12b
0.3147539385458963,0.5601844506628566,2026-09-12b
0.3271997250417057,0.9115241244716817,2026-09-12b
0.4369904545161686,0.5910233818685054,2026-09-12b
0.38503335083901946,0.28453361578652325,2026-09-12b
0.8360797501594577,0.722081377976564,2026-09-12b
0.3415180507520139,0.4624415249234987,2026-09-12b
0.38348054431834316,1.2514740693001445,2026-09-12b
0.44792018967260533,0.4742618093213997,2026-09-12b
0.37725599169467705,0.5710138280434817,2026-09-12b
0.4541556794455244,0.14433076149160248,2026-09-12b
0.39545998107759645,0.27461818484054934,2026-09-12b
0.4596929796210131,0.34682618656094893,2026-09-12b
0.47292530294298774,0.18055395232814023,2026-09-12b
0.41372842608777327,0.2381664781003044,2026-09-12b
0.48031684079508774,0.3426618900305523,2026-09-12b
0.5123107705841511,0.6673552942353975,2026-09-12b
0.4116568155134253,0.15938295319770843,2026-09-12b
0.5046131093121483,0.4385266041492938,2026-09-12b
0.40316816154514484,0.25364100512719445,2026-09-12b
0.502300789698044,0.223341675391913,2026-09-12b
0.3903474412184013,0.7473776905926386,2026-09-12b
0.44147015761005165,0.46253810193666667,2026-09-12b
0.42762588528786694,0.3087326583779737,2026-09-12b
0.48815113606805666,0.33724354550983043,2026-09-12b
0.3383877829775949,0.19406662139530179,2026-09-12b
0.47353560350096396,0.68471587560194,2026-09-12b
0.32651008806282017,0.486415582985276,2026-09-12b
0.3411850511702176,0.45597083672354893,2026-09-12b
0.35485167288386604,0.6499761780216858,2026-09-12b
0.4157992615372126,0.3750197832764727,2026-09-12b
0.3971224350022585,0.3135890973981246,2026-09-12b
0.3247956850098619,0.8197905990352183,2026-09-12b
0.46464432707405307,0.5713429253688346,2026-09-12b
0.3464026147963875,0.32853297236306583,2026-09-12b
0.7045720880641448,0.07825161099692295,2026-09-12b
0.6764232867775722,2.978726563440546,2026-09-12b
0.40886029101686694,0.9317329152869056,2026-09-12b
0.46202205615129516,0.3160342797402057,2026-09-12b
0.5506436313027473,0.16890694437125664,2026-09-12b
0.3170620751577947,1.4104294750361428,2026-09-12b
0.39696853660813686,0.2353889357189196,2026-09-12b
0.390022277108452,0.8973596004830727,2026-09-12b
0.53187840017786,0.2750855797805252,2026-09-12b
0.5008539130505263,0.4876084559775274,2026-09-12b
0.42958606643553543,1.2197639519683625,2026-09-12b
0.3472335548180095,1.0428886845452299,2026-09-12b
0.7767916529143907,0.4182073222571504,2026-09-12b
0.9751582770874443,0.4226642825176671,2026-09-12b
0.450097767751288,0.27704468482633576,2026-09-12b
0.43327724250938476,1.1553839433896989,2026-09-12b
0.33978454694426174,0.2515254656910668,2026-09-12b
0.36689119144305166,1.2305160862868152,2026-09-12b
0.42377620344769,0.6839025207888589,2026-09-12b
0.439202378580369,0.26492584956258364,2026-09-12b
0.34643189262402496,0.5888576515323897,2026-09-12b
0.3616604263825854,0.9032774317911851,2026-09-12b
0.5340150415584277,0.34746845494019607,2026-09-12b
0.3762926592956303,0.2875531989028575,2026-09-12b
0.750408669244516,0.807055540324439,2026-09-12b
0.3538736235808326,0.6784397387138114,2026-09-12b
0.49899004917334144,0.23509645654179312,2026-09-12b
0.5587534989852785,0.253790001039016,2026-09-12b
0.3961927123067776,0.8896562164906558,2026-09-12b
0.3527176533808111,0.8609616349900986,2026-09-12b
0.5048192484546555,0.21588960093826717,2026-09-12b
0.5838371476637882,0.7587114897642709,2026-09-12b
0.40518916084307793,0.24200614668958337,2026-09-12b
0.4823389021457529,0.31616337489580193,2026-09-12b
0.5195665681953894,0.38346051198422615,2026-09-12b
0.3800343386702756,9.327898493533803,2026-09-12b
0.46497398148577984,0.29608725162771615,2026-09-12b
0.3529981133229248,0.18841697629034507,2026-09-12b
0.4544134229808262,0.11781154480754433,2026-09-12b
0.3787045566757984,0.8307472648631031,2026-09-12b
0.41475434707520853,0.7512521528290298,2026-09-12b
0.4456442389441345,0.335346875891053,2026-09-12b
0.4397475746343068,0.1679605106086195,2026-09-12b
0.46864930514103414,0.24152625262323574,2026-09-12b
0.3967357978975017,0.1513869860072481,2026-09-12b
0.3335829516403764,0.39114008564285635,2026-09-12b
0.4831288327758993,2.665809943164171,2026-09-12b
0.39250608914056423,0.512177686036118,2026-09-12b
0.3869740436099074,0.31775271099562435,2026-09-12b
0.32638037732513764,0.5059723655289132,2026-09-12b
0.3325084812696297,1.2973709239358402,2026-09-12b
0.3530034181195038,0.23059875838988728,2026-09-12b
0.3759081421732649,1.5888777321008423,2026-09-12b
0.3217148235778615,0.3116605822459927,2026-09-12b
0.3859419218294455,1.3083004104995644,2026-09-12b
0.30093416722589483,0.17483460414508953,2026-09-12b
0.42109996331541144,0.4105424699251386,2026-09-12b
0.594223485715388,0.23379614750450997,2026-09-12b
0.4588578384079837,0.17799031549748526,2026-09-12b
0.35220161067055533,0.25036880659897626,2026-09-12b
0.3836362794402056,0.5608156657813793,2026-09-12b
0.36121345167891883,0.45686001819710503,2026-09-12b
0.45730610079140704,0.5341280599784565,2026-09-12b
0.4150783438914968,0.7496044088943757,2026-09-12b
0.42936153619562273,0.4400734408205185,2026-09-12b
0.433111903232775,0.5725747282956208,2026-09-12b
0.4289162280697676,0.6027292694809082,2026-09-12b
0.6828392780493994,1.871486047608785,2026-09-12b
0.4724292882123774,0.4713703489079715,2026-09-12b
0.48141391684720775,0.3495870242139785,2026-09-12b
0.43127208495741026,0.32184312301698154,2026-09-12b
0.5423173281554318,0.2738550404112533,2026-09-12b
0.41523909956491495,0.37438111082014786,2026-09-12b
0.2901539935780156,0.3974102924455491,2026-09-12b
0.43387922155766395,0.4468187770652405,2026-09-12b
0.42851201662676913,0.3585415014299091,2026-09-12b
0.4552781020066544,0.4498738626193452,2026-09-12b
0.34702377192511275,0.6563186817563642,2026-09-12b
0.3549534101077783,0.4272790370973125,2026-09-12b
0.48163832551955066,0.40981040756191833,2026-09-12b
0.43015476822248727,0.7099099949212585,2026-09-12b
0.23834340855992564,0.5373549193680749,2026-09-12b
0.5742494131331579,0.37397320579156135,2026-09-12b
0.3821424359084423,0.23691040078672612,2026-09-12b
0.4380736640669753,0.2724518655539347,2026-09-12b
0.4567327828628587,0.7586148489294592,2026-09-12b
0.42527498972607203,0.4306604736030072,2026-09-12b
0.40103766450277956,0.9404354729666182,2026-09-12b
0.34294597239236424,0.7262282805403498,2026-09-12b
0.3510621531858661,0.6636558255204605,2026-09-12b
0.36041365242346407,0.18909537451358052,2026-09-12b
0.5393122559998764,0.4795839379946848,2026-09-12b
0.4572571581469764,0.26738920873355665,2026-09-12b
0.48927004770980503,0.5602662702021414,2026-09-12b
0.43489691607075365,0.5137692204543539,2026-09-12b
0.4456564943632554,0.6550717148049736,2026-09-12b
0.43734671516036316,0.23023417975067703,2026-09-12b
0.3515198406338353,0.14557498589715764,2026-09-12b
0.6046481580622364,3.0568653104389907,2026-09-12b
0.4577698755538858,0.7114769117351941,2026-09-12b
0.40935020797330557,1.156618897217013,2026-09-12b
0.46871348737448854,0.41515263868381974,2026-09-12b
0.5150417510400366,0.31888228757931186,2026-09-12b
0.2947944258065317,0.30161694520691074,2026-09-12b
0.32638984428344175,0.8215907807459134,2026-09-12b
0.44750526066879925,0.2786484823050694,2026-09-12b
0.529017759268956,0.5672978324296412,2026-09-12b
0.4732643707405642,0.4311974903743255,2026-09-12b
0.5090766210987185,0.36323395564122346,2026-09-12b
0.7207901502757847,1.2421711562692603,2026-09-12b
0.3627337251581476,0.7676016007833222,2026-09-12b
0.36170965266491084,0.6232713772721692,2026-09-12b
0.4058857894302533,0.7351693527799757,2026-09-12b
0.3133015324650133,1.096921970856156,2026-09-12b
0.41903526709157796,0.2801364556307496,2026-09-12b
0.48221803914357403,0.6350982929432023,2026-09-12b
0.36946611691851594,0.5717315039081547,2026-09-12b
0.32413728850697127,0.5793644474315891,2026-09-12b
0.5400176629466698,0.27620249412689213,2026-09-12b
0.4254833665626287,0.5659909242249823,2026-09-12b
0.5578461608251618,3.372791855512064,2026-09-12b
0.7933095397877561,0.7687139106186042,2026-09-12b
0.42393458027378356,0.8302327417678074,2026-09-12b
0.45504428339640823,0.196375185004921,2026-09-12b
0.4728517651611045,0.5036933874652234,2026-09-12b
0.31599941015712013,0.3477700902318281,2026-09-12b
0.4711725320703844,0.29600732748522113,2026-09-12b
0.44424266644570726,0.577368288085569,2026-09-12b
0.5493049703549828,0.3207365106939209,2026-09-12b
0.4296283851292216,0.3920991866300736,2026-09-12b
0.4068353096818035,0.3137657845270196,2026-09-12b
0.45868123659208776,0.3336572256029373,2026-09-12b
0.5268586728686002,0.2739566949489343,2026-09-12b
0.5987749217287653,0.2272083994156797,2026-09-12b
0.3644698722220548,0.43591650584037184,2026-09-12b
0.41335238739027835,0.5805013869157036,2026-09-12b
0.22253751215365258,2.245036114509535,2026-09-12b
0.3927610648760919,0.21405403901144707,2026-09-12b
0.6361903569632604,0.35457313025128573,2026-09-12b
0.3159549732685976,1.337405730949018,2026-09-12b
0.5309695821516499,0.3919743313271046,2026-09-12b
0.3338364439890034,0.9646243618008405,2026-09-12b
0.3811286466403429,0.37833652483278946,2026-09-12b
0.3654391245259455,0.610698839099631,2026-09-12b
0.3480788253093521,0.6007602428661674,2026-09-12b
0.3896076360989374,0.36154416123686356,2026-09-12b
0.4948117315723754,0.3079435600138363,2026-09-12b
0.3334855982295648,0.1786173122369438,2026-09-12b
0.34312146588502535,0.527450742536067,2026-09-12b
0.49072471752375735,0.700177832214478,2026-09-12b
0.3895667090740442,0.2063610414345308,2026-09-12b
0.37907104093895266,0.46109868603915183,2026-09-12b
0.7377827367520835,0.5942669934519349,2026-09-12b
0.3321942715993501,2.3360979541768088,2026-09-12b
0.31996546510437746,0.35050235544521435,2026-09-12b
0.38286717770204665,0.47564828946282606,2026-09-12b
0.41430281363598365,0.4278951542328005,2026-09-12b
0.3601043216851797,0.6115659198404816,2026-09-12b
0.42050510902303945,0.26809613534825233,2026-09-12b
0.33593311583432867,0.8716269032425035,2026-09-12b
0.46907376782877047,0.3884648425134681,2026-09-12b
0.39506422217256376,1.1618574147830936,2026-09-12b
0.40190633089698313,0.5342125019789687,2026-09-12b
0.42436216290669443,0.21951099068708083,2026-09-12b
0.43538402323249736,0.3129397866079699,2026-09-12b
0.3941766021778691,0.41600216539055457,2026-09-12b
0.5463279046348969,0.23406098907759526,2026-09-12b
0.35704784780547705,0.3807568640319819,2026-09-12b
0.35969546322287965,0.3573946266719076,2026-09-12b
0.45066649600719416,0.1556047600396542,2026-09-12b
0.374593299769833,0.3079528338051641,2026-09-12b
0.4486918551309955,0.3543519657352975,2026-09-12b
0.4405409039000332,0.6371124706187848,2026-09-12b
0.4522770088456661,0.6546762354541266,2026-09-12b
0.27729987360047953,1.0785915380992173,2026-09-12b
0.4498458155800694,0.6702256760581587,2026-09-12b
0.4359486534296612,0.9048836074545592,2026-09-12b
0.3859009084379727,0.3821642139265174,2026-09-12b
0.4138065324469414,0.15563835825149974,2026-09-12b
0.44524847742997586,0.46247990172751824,2026-09-12b
0.524635178420203,0.38762631265506237,2026-09-12b
0.43039901016429194,0.34392299697037276,2026-09-12b
0.5210611205605249,0.3574720864187411,2026-09-12b
0.3675972834769369,0.38071979941052,2026-09-12b
0.48440222907660735,0.24776097115650833,2026-09-12b
0.5317402028494859,0.4078684538092847,2026-09-12b
0.40127026378234326,0.6416831343087651,2026-09-12b
0.3583663249697115,0.420744640949618,2026-09-12b
0.49730686827472603,0.35361780123570613,2026-09-12b
0.4253014496536243,0.3073418172046144,2026-09-12b
0.4587845727311857,0.2696514211555413,2026-09-12b
0.339986658043608,0.8092659793940755,2026-09-12b
0.3735875606865246,0.5161065157938749,2026-09-12b
0.7215953197877382,2.218987923018201,2026-09-12b
0.3603360587499125,0.9205123351818695,2026-09-12b
0.36163712887668115,1.3905534396086126,2026-09-12b
0.4623503321686173,0.28733637651415,2026-09-12b
0.5077354673275524,0.4531708731369947,2026-09-12b
0.3744125974970693,0.8681209607956607,2026-09-12b
0.46915359931727785,0.3263164726601027,2026-09-12b
0.3478725558362982,0.5666820431201248,2026-09-12b
0.4107546067990212,0.21845197179629047,2026-09-12b
0.5656150675321978,0.08393082543241627,2026-09-12b
0.4263584590990481,0.2846788855162351,2026-09-12b
0.6152737216754172,4.235010579346247,2026-09-12b
0.329222430898108,0.22249247456330526,2026-09-12b
0.3934593569055588,0.33270022282688444,2026-09-12b
0.5601879765842792,0.5943343728026057,2026-09-12b
0.42173765649257794,0.3270621753391747,2026-09-12b
0.4113123336969547,0.24341842397916827,2026-09-12b
0.43768931134531813,0.1659237618969411,2026-09-12b
0.3503823571250784,0.6808914522678946,2026-09-12b
0.41440455315529046,0.4010226757685191,2026-09-12b
0.4522768252561952,0.4502602940324325,2026-09-12b
0.36088024846724537,0.4554190990678486,2026-09-12b
0.6200489256207645,15.251991675179614,2026-09-12b
0.4772153975848047,0.42486611807593044,2026-09-12b
0.3851562748011663,0.31700779856897315,2026-09-12b
0.4908805832224561,0.46392429579119576,2026-09-12b
0.5608304753301768,0.44947384187296974,2026-09-12b
0.32024663462733105,0.4348475175161675,2026-09-12b
0.4027962218369323,0.339087360882818,2026-09-12b
0.39819522746995706,0.22219664499501626,2026-09-12b
0.38810873313048444,0.29691424314034337,2026-09-12b
0.4625623541777268,0.4125888052916387,2026-09-12b
0.4031737965299949,0.3378488528279149,2026-09-12b
0.6560340408845466,5.184133273667465,2026-09-12b
0.44474540967076504,0.2899807618812088,2026-09-12b
0.46613514231865355,0.6584469696724461,2026-09-12b
0.42130906471551455,0.36849059733181105,2026-09-12b
0.5201586035585639,0.13615090581144687,2026-09-12b
0.4567475190395869,0.3242373540533287,2026-09-12b
0.4092207051537737,0.2872893214655924,2026-09-12b
0.44050454663064786,0.5855668411137502,2026-09-12b
0.6799670957448058,0.25632766129291096,2026-09-12b
0.49382004031511856,0.42205254979660733,2026-09-12b
0.4271035574670063,0.2735560182884467,2026-09-12b
0.42628068020733806,1.4890621695280901,2026-09-12b
0.3553039030948025,0.21914897751885243,2026-09-12b
0.5332031605110142,0.33682441205178165,2026-09-12b
0.34242586797682856,1.2822487748828149,2026-09-12b
0.35239946734107086,1.236176105561565,2026-09-12b
0.39739440471696746,1.0323049785837402,2026-09-12b
0.43028348505549585,0.4078989860844156,2026-09-12b
0.2722536020131497,0.579326795929967,2026-09-12b
0.36021106306784073,0.29959702635730456,2026-09-12b
0.38304910308689405,0.5879325382582569,2026-09-12b
0.7202388032930181,1.2217513149049228,2026-09-12b
0.3416466483868227,1.0662230034428282,2026-09-12b
0.3181421385070584,1.0499390295013804,2026-09-12b
0.3371127805820071,0.16715275538752428,2026-09-12b
0.40886807384318724,0.16985059453577903,2026-09-12b
0.42028631305551395,1.119691816811253,2026-09-12b
0.3179171999935587,0.7492316230326259,2026-09-12b
0.4322675653248215,0.3009827688922261,2026-09-12b
0.3552620049452146,0.2720353663448009,2026-09-12b
0.5516371008858486,0.42405257820112163,2026-09-12b
0.4038976442197954,0.39780738908495183,2026-09-12b
0.783837802223473,1.1921739153892754,2026-09-12b
0.3531262239848952,0.5375145246659292,2026-09-12b
0.36943707050805685,0.8453752447797952,2026-09-12b
0.49232560274375214,0.4028394473827368,2026-09-12b
0.5339938504984456,0.5706838270296118,2026-09-12b
0.4587512488815367,0.8162144004224726,2026-09-12b
0.42251178949263046,0.3223296529693031,2026-09-12b
0.3414409916660813,0.507193856551181,2026-09-12b
0.4295076561449968,0.277816525544393,2026-09-12b
0.4100907788300821,2.0389480336541066,2026-09-12b
0.41583712479544355,0.5209776607425638,2026-09-12b
0.6998479079592562,1.0920426594890205,2026-09-12b
0.5025004869587429,0.4194669656997683,2026-09-12b
0.31886473699085766,0.19248536614885015,2026-09-12b
0.33080740205515324,0.189548019156805,2026-09-12b
0.4839747135168938,0.23805849356529554,2026-09-12b
0.4732758498325445,0.13237437107269648,2026-09-12b
0.3243158056068237,0.7411071776675446,2026-09-12b
0.31847410666438747,0.5045349996293751,2026-09-12b
0.328017265229679,2.0603465054917782,2026-09-12b
0.33452929833956196,0.49235855982356996,2026-09-12b
0.45984168323409835,0.7285261215033385,2026-09-12b
0.9314216822577207,1.117603505630251,2026-09-12b
0.35257747681549606,0.25375189752104,2026-09-12b
0.4410779457192898,0.5541466968943973,2026-09-12b
0.41077967973769797,0.46724014683431553,2026-09-12b
0.37236281229037566,0.6608420225686465,2026-09-12b
0.4898144019108002,0.22172812539548514,2026-09-12b
0.3784849269613606,0.9821079242969113,2026-09-12b
0.4020958284618329,0.11756388258273444,2026-09-12b
0.3196175430357659,0.4196502290878308,2026-09-12b
0.3757474708778524,0.6729671167126626,2026-09-12b
0.43105277541529213,0.26891409691194,2026-09-12b
0.7426031960582418,0.7787272634030223,2026-09-12b
0.38298179344225614,0.915473705634852,2026-09-12b
0.3432875422790291,1.8815064217457829,2026-09-12b
0.42112032038893743,0.4545643944849426,2026-09-12b
0.4368498711558797,0.6501343554495621,2026-09-12b
0.4016137485595035,0.5091711520698664,2026-09-12b
0.43865445307597095,0.32261258143965554,2026-09-12b
0.42750977161144,0.41267512067866574,2026-09-12b
0.4939434447643767,0.28285152795915314,2026-09-12b
0.42917563370522344,0.43067455862934767,2026-09-12b
0.3254727715492858,0.5095033131052472,2026-09-12b
0.3570891020285979,0.4971087446186311,2026-09-12b
0.2936047944413099,0.657800744890581,2026-09-12b
0.44388143074805614,0.532143055354368,2026-09-12b
0.670809359873972,0.1285165031035351,2026-09-12b
0.3950158626355219,0.6653545827636403,2026-09-12b
0.3941800650230103,0.4129299001508531,2026-09-12b
0.4740766713303292,0.7077219861922753,2026-09-12b
0.42338481342921813,0.27235772564928656,2026-09-12b
0.3841637301208982,0.25493643750924033,2026-09-12b
0.4555785215254015,0.6825159395834473,2026-09-12b
0.4214836909710201,0.3399519401371591,2026-09-12b
0.5385193725953068,0.24367357123043476,2026-09-12b
0.508788798102041,0.4178114765487656,2026-09-12b
0.36676005928214395,0.749822764105759,2026-09-12b
0.5345492101630148,0.5397873120634914,2026-09-12b
0.3991538682452031,1.0373460530897363,2026-09-12b
0.37323979568006055,0.5636387392703585,2026-09-12b
0.46042884680597507,0.8270647537182524,2026-09-12b
0.3935200421480746,0.12157528599872254,2026-09-12b
0.45636471619461566,0.15910476530013426,2026-09-12b
0.6815403988300253,0.5613057172219715,2026-09-12b
0.35626561635155335,0.3943675137417933,2026-09-12b
0.47124628105412264,0.6686484982666312,2026-09-12b
0.37322927986507776,0.36079781135740413,2026-09-12b
0.47289618357981167,0.4728528932013086,2026-09-12b
0.38504214232881345,0.27077795159704016,2026-09-12b
0.34646994183793745,0.3181977415435213,2026-09-12b
0.3761852381842082,0.8128690292762091,2026-09-12b
0.33092835978449825,0.18071198625662005,2026-09-12b
0.439738419089757,0.20685771656398172,2026-09-12b
0.3702038082322344,0.6011629425496826,2026-09-12b
0.810839581091432,0.36247702748724187,2026-09-12b
0.28179177768417596,0.5910223620197529,2026-09-12b
0.4651687948638087,1.0136397130263084,2026-09-12b
0.41641272782612726,0.7683971080544568,2026-09-12b
0.41246451865686784,0.2650387780131527,2026-09-12b
0.3814683879484609,0.20973284190066524,2026-09-12b
0.4643314939057928,0.5131297064740479,2026-09-12b
0.3574001392913548,0.5368673412817052,2026-09-12b
0.4314996649288234,0.32906605782936943,2026-09-12b
0.3668651752437225,1.1297801277256254,2026-09-12b
0.4135421151079388,0.4257241647240939,2026-09-12b
0.8842105437100071,0.2603649657395185,2026-09-12b
0.48899719757549875,0.18943991836338142,2026-09-12b
0.45539971200148327,0.4939793090424123,2026-09-12b
0.33740656283590076,0.19701345435403705,2026-09-12b
0.3592335074125571,0.5430742155369902,2026-09-12b
0.698225880945441,0.13508102665239927,2026-09-12b
0.37635215770009234,0.28852999984812117,2026-09-12b
0.3981132259053303,0.25092711886793184,2026-09-12b
0.33772563919073056,0.2758663345964756,2026-09-12b
0.4712350977445533,0.8011172913498884,2026-09-12b
0.4472328130950078,1.2039289832141122,2026-09-12b
0.7006206094614417,1.9121931679402526,2026-09-12b
0.40735484886321477,0.13148690395465548,2026-09-12b
0.5105152541482288,0.19926628941562063,2026-09-12b
0.3833900780944229,0.28222819271314326,2026-09-12b
0.43931390355958083,0.16226036097740018,2026-09-12b
0.39111996054147236,0.4938904750234058,2026-09-12b
0.41958956684390725,0.21408958649069598,2026-09-12b
0.43793153334141305,0.5868125796915912,2026-09-12b
0.5774472187203591,0.24118593036483113,2026-09-12b
0.36097959422356307,0.32353509363620664,2026-09-12b
0.42200539915690344,0.7876109220305028,2026-09-12b
0.8013637050243464,0.5341528213759879,2026-09-12b
0.33988664242583755,0.583852483054277,2026-09-12b
0.31393489064890717,0.15033003996016925,2026-09-12b
0.40478405169523457,0.3028158835630932,2026-09-12b
0.30872461851076316,0.2793324793433405,2026-09-12b
0.7165826008210117,0.08669724069791293,2026-09-12b
0.5151300333746399,0.24528561050248177,2026-09-12b
0.4147366375586492,0.3693089667671231,2026-09-12b
0.42426523906957375,0.35929439211048625,2026-09-12b
0.3237787868192085,0.24559436585940178,2026-09-12b
0.42758062213023496,0.5488428647795851,2026-09-12b
0.9427467071963727,0.4324572830086985,2026-09-12b
0.36528272876745016,0.5965753328830873,2026-09-12b
0.3606881008331329,0.3190787072624784,2026-09-12b
0.3093614813773129,0.374872054914872,2026-09-12b
0.4333549032184077,0.28181589430545995,2026-09-12b
0.37951147730835777,0.2107860011525044,2026-09-12b
0.5151848045796029,0.3715165640408917,2026-09-12b
0.49270800017998057,0.24796368180673645,2026-09-12b
0.41072358901408496,0.28509433853940375,2026-09-12b
0.41263935758501497,0.42432977977645353,2026-09-12b
0.3836925807047903,0.19316568567415296,2026-09-12b
0.7953416630737903,0.6781300043964651,2026-09-12b
0.4088040325957008,0.85324395970595,2026-09-12b
0.3916887604215782,0.3555368204272104,2026-09-12b
0.4035691056685111,0.18755421309744047,2026-09-12b
0.4118383354252738,0.31820677664859476,2026-09-12b
0.5322340773662145,0.3691716908189261,2026-09-12b
0.3477657007066004,0.3320299578772701,2026-09-12b
0.3394244950097299,0.41449887911040334,2026-09-12b
0.47701458069934577,0.25369642868813763,2026-09-12b
0.41130045398310405,0.792311380480697,2026-09-12b
0.4058346651144473,1.020943842701493,2026-09-12b
0.6166629356463091,0.3304824614460321,2026-09-12b
0.34292289736203313,0.6331693366209677,2026-09-12b
0.44930222113546625,0.13250036634049425,2026-09-12b
0.42729962279661815,0.23856470612867436,2026-09-12b
0.3996944602893912,0.3282498574332048,2026-09-12b
0.46312044129211416,0.49858214920112687,2026-09-12b
0.4333575713953778,0.4286175360092127,2026-09-12b
0.7213270927149984,0.0417167791563491,2026-09-12b
0.34591865965991275,0.2101816195925908,2026-09-12b
0.4512811915203697,0.7045562034680848,2026-09-12b
0.489112916857463,0.16450041874976368,2026-09-12b
0.8269825681964446,1.171442954603514,2026-09-12b
0.4050412370113763,0.2195224958800701,2026-09-12b
0.24152652433962507,0.25024221458618295,2026-09-12b
0.4653553581191574,0.8267502760871541,2026-09-12b
0.5050661705878521,0.6365677196548293,2026-09-12b
0.41147560260290467,0.61141171875872,2026-09-12b
0.5863090014223513,0.5958129508490387,2026-09-12b
0.3303989607187033,0.9256464593344594,2026-09-12b
0.46003327728600396,0.3064948860254882,2026-09-12b
0.37311612334709543,0.2348338778935378,2026-09-12b
0.5191391993867941,0.42628055571754836,2026-09-12b
0.47171731128527256,5.680956419833062,2026-09-12b
0.3734495938112385,0.2378521305509555,2026-09-12b
0.3969758239057192,0.2408158298446087,2026-09-12b
0.3733354684740806,0.269792623366875,2026-09-12b
0.2766318752608814,0.26939379473369784,2026-09-12b
0.5417256088599383,0.20824236044034972,2026-09-12b
0.21046292677234044,1.87246748354121,2026-09-12b
0.5919500565596121,0.18876938926603792,2026-09-12b
0.42674872344671444,0.251257323917763,2026-09-12b
0.34855681612465717,0.3192313563852552,2026-09-12b
0.7076305633157478,0.21055368481304756,2026-09-12b
0.3817276220182287,0.15438705647485712,2026-09-12b
0.3155187520468573,0.5537321056996052,2026-09-12b
0.3784593614018557,0.6957287968293028,2026-09-12b
0.4883805407763916,0.8204137949178141,2026-09-12b
0.7119901109698441,0.021228089374370276,2026-09-12b
0.33571682444726536,0.2663476773549279,2026-09-12b
0.6888918635551053,0.029609948116163187,2026-09-12b
0.3860412576789827,0.10908407817074987,2026-09-12b
0.4233591285931252,0.2884058751560845,2026-09-12b
0.6643920573664102,0.08344391549987432,2026-09-12b
0.6437899385400886,5.954388555291933,2026-09-12b
0.33811416134298233,0.3185550494516762,2026-09-12b
0.3506995462991317,0.44877659209320014,2026-09-12b
0.4771297589899101,0.25602781622289034,2026-09-12b
0.48328473805457567,0.5486471150956475,2026-09-12b
0.43544497188479697,0.35224454426567875,2026-09-12b
0.4267768059433021,0.5285940268914044,2026-09-12b
0.388398461387543,0.4944700212061066,2026-09-12b
0.35876557122171737,0.7806469608029868,2026-09-12b
0.4933381898073909,0.43369574660464566,2026-09-12b
0.36334645718003744,0.41121896875088726,2026-09-12b
0.9232531269220823,0.3992564039756464,2026-09-12b
0.33030027984939536,0.4872808946739291,2026-09-12b
0.4698433437814955,0.6732986107783159,2026-09-12b
0.49400794733270526,0.30492409728151404,2026-09-12b
0.3508858693838152,0.32739704588063806,2026-09-12b
0.3073587952434977,1.007157619968511,2026-09-12b
0.41493830389496883,0.34827726404124226,2026-09-12b
0.44151180378907623,0.45103789939204725,2026-09-12b
0.3404346274951774,0.3769545531855553,2026-09-12b
0.5380244519338698,0.3370793907065164,2026-09-12b
0.44441569143091136,0.4610843331665031,2026-09-12b
0.39564870301574717,0.3047270278836654,2026-09-12b
0.359874744948547,0.2768595256040942,2026-09-12b
0.47098107843692844,0.18064987489064352,2026-09-12b
0.5440840962494871,0.41794381179286977,2026-09-12b
0.3091226848471106,0.4660632384678835,2026-09-12b
0.3744218478976269,1.4896699141031855,2026-09-12b
0.2561249781735966,0.3737987966251232,2026-09-12b
0.36099680931728223,0.9704984331202691,2026-09-12b
0.42638154878962936,0.2875439477780919,2026-09-12b
0.3696526192598067,0.26846271584827713,2026-09-12b
0.46423659463421457,0.560973696754863,2026-09-12b
0.6646035527115451,0.04707250770807254,2026-09-12b
0.39934650470351096,0.3722941555501317,2026-09-12b
0.44988143369623645,0.27366161668528505,2026-09-12b
0.5385162519299161,0.27346370594967684,2026-09-12b
0.4031747679031475,0.7801471396306905,2026-09-12b
0.43886213701077487,0.3511277506395083,2026-09-12b
0.41776397243106983,0.3219010435771556,2026-09-12b
0.280979593974086,0.8195825122163991,2026-09-12b
0.49100092400353096,0.4262085835687739,2026-09-12b
0.6563046026953585,1.1550385956675038,2026-09-12b
0.3720627101726775,0.49079488462363774,2026-09-12b
0.5089534809617853,0.30056106312027725,2026-09-12b
0.31471009666446575,0.8552999301495219,2026-09-12b
0.37234602039763753,0.24580189504756483,2026-09-12b
0.5153716580329272,0.2710482110213299,2026-09-12b
0.35478636524072193,0.515864745021612,2026-09-12b
0.3680309186604457,0.7806238112388809,2026-09-12b
0.36650496108575403,0.4934582151290964,2026-09-12b
0.34946676985835484,0.8956906887655278,2026-09-12b
0.29772245363410327,0.7660437978093098,2026-09-12b
0.8048795189125111,1.024242198040774,2026-09-12b
0.35527367814821936,0.3339532110491278,2026-09-12b
0.3942940189034265,0.22023014874436764,2026-09-12b
0.4490735142999733,0.9516391475956112,2026-09-12b
0.4745932425197424,0.33548470435496036,2026-09-12b
0.4336734735142819,0.9709290721294429,2026-09-12b
0.40727949535394725,0.253506638777335,2026-09-12b
0.42291366473688435,0.2793590969300183,2026-09-12b
0.4938020301059467,0.2483932681477368,2026-09-12b
0.4424666010250881,0.5053171176026557,2026-09-12b
0.44347005056824185,0.7330328956572757,2026-09-12b
0.41844717922221286,0.42534368469610057,2026-09-12b
0.4811412952615422,0.8700415543787626,2026-09-12b
0.36334693629317516,0.3829021220915981,2026-09-12b
0.2611985977244409,0.9998655637643808,2026-09-12b
0.45819952027981165,0.2604143268529956,2026-09-12b
0.44245815440286584,0.4482600889953788,2026-09-12b
0.3879705360899815,0.36271346693768525,2026-09-12b
0.4803363684016345,0.2560195744056754,2026-09-12b
0.4842033530904154,0.6115891595793992,2026-09-12b
0.4885302815923189,0.42550641806249573,2026-09-12b
0.3684237501536125,0.7370970134738203,2026-09-12b
0.4160694957421881,0.5103236889016752,2026-09-12b
0.3616704401668666,0.6765235690782441,2026-09-12b
0.4469305305269646,0.6657471242233187,2026-09-12b
0.456451096976731,0.17950330972804973,2026-09-12b
0.3513672782810424,0.32283160442960424,2026-09-12b
0.3882824712412272,0.3214138495507541,2026-09-12b
0.509855285110947,0.20250253457155545,2026-09-12b
0.4448939789172561,0.2213424826861418,2026-09-12b
0.5141892829748316,0.48035497616374073,2026-09-12b
0.3185425551627583,0.5969939080479724,2026-09-12b
0.4818494906859451,0.5248082630304972,2026-09-12b
0.4054199786896665,0.28017622311927415,2026-09-12b
0.3567748007967618,0.3976967828257625,2026-09-12b
0.27608921910326045,0.4055143475902827,2026-09-12b
0.4230659934367283,0.599232200288384,2026-09-12b
0.49767960145529355,0.5670120052688881,2026-09-12b
0.37917940118418003,1.2669024115121805,2026-09-12b
0.3934474401144185,0.2618903387509587,2026-09-12b
0.4424292293301892,0.8298499703294269,2026-09-12b
0.3433236984035859,0.33545358071658415,2026-09-12b
0.5534398873655234,1.6097301482471311,2026-09-12b
0.329220469399652,0.9165582245382239,2026-09-12b
0.4288042658295089,0.36929002331583977,2026-09-12b
0.41209158668844126,0.8679802819070335,2026-09-12b
0.3942142193724225,0.28236634657939613,2026-09-12b
0.37083778856627686,0.4625923619452692,2026-09-12b
0.3417164635152551,0.5906238277754543,2026-09-12b
0.39226089532759,0.47915417483035727,2026-09-12b
0.6377947585267255,0.3408197210165622,2026-09-12b
0.9633990623853605,0.103667003646192,2026-09-12b
0.32501873058166125,0.3019256835223624,2026-09-12b
0.4824732884943481,0.38984570650894745,2026-09-12b
0.4881322253135207,0.5426940584956264,2026-09-12b
0.31631722813900753,0.2369792827842274,2026-09-12b
0.41788487471103397,0.39367473613912296,2026-09-12b
0.34303323594189855,0.7730008039597549,2026-09-12b
0.3654726030371809,0.3401158805992059,2026-09-12b
0.3778754793675184,0.5061881995138947,2026-09-12b
0.4433628818747562,1.024376064772945,2026-09-12b
0.44011993198418675,0.6040593396366564,2026-09-12b
0.871250361620257,0.6968608259191524,2026-09-12b
0.4228445660057833,0.16424233189739643,2026-09-12b
0.5196449361909808,0.5706801287252895,2026-09-12b
0.37878982048800525,0.36187081616957945,2026-09-12b
0.6733628118239621,0.08154157563704757,2026-09-12b
0.643231918241492,0.16271553294821103,2026-09-12b
0.41517608333444234,0.45847029523573063,2026-09-12b
0.5264250991579495,0.0997378569248525,2026-09-12b
0.574843067091517,0.29696251317899575,2026-09-12b
0.39342931452137186,0.2411815289441743,2026-09-12b
0.4404208153425912,0.5008803056953993,2026-09-12b
0.44102664239149775,0.34076897520205596,2026-09-12b
0.43971838273447383,0.9424472245592855,2026-09-12b
0.37581744837967795,0.23771085443036147,2026-09-12b
0.37124337600334784,1.0591128343556904,2026-09-12b
0.45457534341603467,0.41956013342716364,2026-09-12b
0.36555299663242313,1.2257054261559428,2026-09-12b
0.4350824104422261,0.3683257402782165,2026-09-12b
0.44696462101567264,0.3177658258028836,2026-09-12b
0.42949074625893746,0.3744241356740218,2026-09-12b
0.478848473113439,0.971274375100148,2026-09-12b
0.7847991257381839,0.8547638564945842,2026-09-12b
0.3353672586562775,0.16246503976517426,2026-09-12b
0.4359725316573878,0.8112754068292385,2026-09-12b
0.3166368841783994,0.7989605433312864,2026-09-12b
0.3325901621409242,0.5850054099146405,2026-09-12b
0.42179557078371444,0.56997365063702,2026-09-12b
0.4258109647929539,0.30901950729598904,2026-09-12b
0.599240292674661,0.17773050222519482,2026-09-12b
0.4064718174985014,0.4656462072893566,2026-09-12b
0.39056805621974355,0.3354946429324613,2026-09-12b
0.36717777766386606,0.46417984734477813,2026-09-12b
0.3814717624844688,0.21876473227429996,2026-09-12b
0.42128848957640797,0.4206312862898849,2026-09-12b
0.42454678750694963,0.5313278780417839,2026-09-12b
0.43931891349688523,0.1545209661996384,2026-09-12b
0.47245313574971765,0.5502668659019432,2026-09-12b
0.5402159741628703,0.5360319337264206,2026-09-12b
0.44883877999428407,1.0130032908484319,2026-09-12b
0.42916792830670036,0.25148858874200175,2026-09-12b
0.4604751737790318,0.34935659165688315,2026-09-12b
0.3671783998931746,0.3976467150295496,2026-09-12b
0.370084355986563,0.6453054989659267,2026-09-12b
0.34252225765108313,1.045390672633881,2026-09-12b
0.38087043932365316,1.0066038802502097,2026-09-12b
0.5369963256730315,0.9380645862243816,2026-09-12b
0.4494926210144193,0.17163219715871386,2026-09-12b
0.38770452809569117,0.466231983215972,2026-09-12b
0.3886593791888844,0.6562340167490953,2026-09-12b
0.4194246699253405,0.7438258089288121,2026-09-12b
0.377599331748061,0.48778912565045274,2026-09-12b
0.42248064585607353,1.1501137457941009,2026-09-12b
0.7561399275943278,0.3828237488719568,2026-09-12b
0.3579989589132841,0.4027871795549858,2026-09-12b
0.48147235444334785,0.5183273835396135,2026-09-12b
0.39977193104792696,0.48342591718075006,2026-09-12b
0.4477659671110949,0.6870390224001636,2026-09-12b
0.44938415701953116,0.3705869838437853,2026-09-12b
0.35015683588471247,0.6196971595026061,2026-09-12b
0.4027753503610184,0.22552371400604346,2026-09-12b
0.5549188643561782,0.2580549326748731,2026-09-12b
0.4483162005651904,0.391169323333178,2026-09-12b
0.3353155291417081,0.3831496564880678,2026-09-12b
0.561958892522617,4.539187468259791,2026-09-12b
0.472593212465135,0.3896199517561867,2026-09-12b
0.34663200889844137,0.5573552995324265,2026-09-12b
0.4493262843129547,0.359154290581503,2026-09-12b
0.3580170670365927,0.11697329003267745,2026-09-12b
0.3862847450774584,0.3525610367470307,2026-09-12b
0.48673951355720096,0.7281664661042171,2026-09-12b
0.418860924817996,0.31425106647194295,2026-09-12b
0.3446514627594726,1.058343653143615,2026-09-12b
0.3962608787909441,0.9514072615338195,2026-09-12b
0.452161849154626,0.3258156824101644,2026-09-12b
0.8556513199907123,0.3264853691015371,2026-09-12b
0.4627537708568099,0.42613097201406785,2026-09-12b
0.5000806253719177,0.4192307885214517,2026-09-12b
0.38844817573685264,0.24648880187849231,2026-09-12b
0.6777789816984543,0.1186253983182883,2026-09-12b
0.45592293580614235,0.3441239969385908,2026-09-12b
0.44900655857390787,0.5413713874519395,2026-09-12b
0.5043259655336453,0.2706647026981627,2026-09-12b
0.39620809426891646,0.43372353805116964,2026-09-12b
0.3424175770890241,0.428116866676461,2026-09-12b
0.36688234914657053,0.4783504646564032,2026-09-12b
0.6305889623299399,2.6832880136693067,2026-09-12b
0.5944372748645781,0.2196604168247152,2026-09-12b
0.4292893384533993,0.19485351633318804,2026-09-12b
0.4129178793321342,0.3700742143554,2026-09-12b
0.40419371243066543,0.2669672984314636,2026-09-12b
0.5589679273904399,0.19270756604715283,2026-09-12b
0.447488787578543,0.28765266412054413,2026-09-12b
0.34092324095752125,0.3874507413275548,2026-09-12b
0.2834960732933138,0.788158919333262,2026-09-12b
0.31008758463006986,0.2800074715099632,2026-09-12b
0.2991773715598873,0.8178644631223395,2026-09-12b
0.8020932819979206,1.3255146664951043,2026-09-12b
0.890533331634507,0.6739010036288879,2026-09-12b
0.7737131634426099,1.2850751995666059,2026-09-12b
0.3280099517859838,1.0415559283248292,2026-09-12b
0.4370804187370842,0.609369884526094,2026-09-12b
0.6654859149660047,0.1280383305832253,2026-09-12b
0.5257937372084822,0.31478294926243244,2026-09-12b
0.6160964318727159,0.047870016302644175,2026-09-12b
0.33605551409024204,0.663851332525129,2026-09-12b
0.5589844217903285,0.21186997504811347,2026-09-12b
0.4729538293238924,0.008841745348590628,2026-09-12b
0.3532275074317604,0.3426325430617615,2026-09-12b
0.29098733991083664,0.3168442542726405,2026-09-12b
0.8566082989774526,0.34393394410365646,2026-09-12b
0.34157285927006664,0.42086871288738,2026-09-12b
0.3774965309717736,0.5324735265209141,2026-09-12b
0.40306530916446376,0.991465368420422,2026-09-12b
0.42685378905148197,0.41528885426627143,2026-09-12b
0.5303211306620452,0.292281608861242,2026-09-12b
0.6099820972883585,0.23059377471189946,2026-09-12b
0.48654690434361453,0.48073597803821083,2026-09-12b
0.38705739486323787,0.19743103375688117,2026-09-12b
0.4110012907258586,0.5201016535338157,2026-09-12b
0.4378367751968658,0.1855276395662348,2026-09-12b
0.9372264155793956,0.6581197108362636,2026-09-12b
0.5088193180015178,0.20041216950724955,2026-09-12b
0.39062184941520445,0.25603867160646016,2026-09-12b
0.49553089515592696,0.7937751643891718,2026-09-12b
0.4383852392142332,0.22666739910803507,2026-09-12b
0.5912763033890297,0.16190931703564426,2026-09-12b
0.33474825765582106,0.1970280642165678,2026-09-12b
0.42202526470281926,0.38034831465228375,2026-09-12b
0.4605339756881043,0.7779160794221184,2026-09-12b
0.3072280564317882,0.25560073326110777,2026-09-12b
0.4401688793662151,0.3724301899522438,2026-09-12b
0.7292596391505839,1.0759265976988956,2026-09-12b
0.4456410584070874,0.7716447373257771,2026-09-12b
0.4617452131111057,0.662925121844876,2026-09-12b
0.38048419517791593,1.3911422681000516,2026-09-12b
0.48833947847322223,0.5846559479468564,2026-09-12b
0.42105937902659063,0.17635836587178036,2026-09-12b
0.39198277339669624,0.14841551852258067,2026-09-12b
0.3969562367334926,0.23201909325393216,2026-09-12b
0.26969618652161387,1.6501330498780018,2026-09-12b
0.43656617373175793,0.5730452677506501,2026-09-12b
0.42426152335353473,0.45654125045053373,2026-09-12b
0.5337716321461151,1.5588008536441316,2026-09-12b
0.4006625676814163,0.5715665930714127,2026-09-12b
0.37198632943494603,0.2568863194816011,2026-09-12b
0.41673432601533855,0.6696392027562285,2026-09-12b
0.261885323389101,0.6411819406077399,2026-09-12b
0.4675538575654083,0.3253437181261742,2026-09-12b
0.40015582757649887,0.5723133523972546,2026-09-12b
0.39422480265996884,0.374507838334445,2026-09-12b
0.6174204826533458,0.2771149969855109,2026-09-12b
0.6084077329030735,0.6880143526511634,2026-09-12b
0.3660400275505632,0.355628621592613,2026-09-12b
0.5391843779100058,4.121857203565762,2026-09-12b
0.3585175650032579,0.2630359254103378,2026-09-12b
0.38223462509782524,0.5558753191317644,2026-09-12b
0.4482436024077517,0.22192034920476533,2026-09-12b
0.3996156829330576,0.3180637959880865,2026-09-12b
0.4869666160127909,0.4159507728182245,2026-09-12b
0.3610946122288633,0.35258283924634914,2026-09-12b
0.3540228369617529,1.1011953856849304,2026-09-12b
0.4927476382145507,0.172431346991672,2026-09-12b
0.40345001108035716,0.40100534566226187,2026-09-12b
0.3156285326403152,1.0488533908894677,2026-09-12b
0.7144912047212552,0.7484478971165486,2026-09-12b
0.40432806114968656,0.9590787108704897,2026-09-12b
0.41626588380900964,0.5055469448109948,2026-09-12b
0.53613288113706,0.29219348892642627,2026-09-12b
0.2910396685338155,1.9981713178063918,2026-09-12b
0.5113647402176511,0.6219311641941043,2026-09-12b
0.39782036017962186,0.29562133242861116,2026-09-12b
0.48443875925060664,0.2503938491193724,2026-09-12b
0.43063106352079467,0.42578874229872005,2026-09-12b
0.3646054710678345,0.8917354965870059,2026-09-12b
0.4206743874150767,0.5397231333393347,2026-09-12b
0.4211949312612809,0.19946887555090773,2026-09-12b
0.46255158923944617,0.41483219524145587,2026-09-12b
0.4600550398202714,0.5759042885497074,2026-09-12b
0.42336647215823,0.5227920415265498,2026-09-12b
0.33312769096698824,0.4092172114633023,2026-09-12b
0.3564511598859505,0.48342106339236424,2026-09-12b
0.4107043477131073,0.4155092103848534,2026-09-12b
0.3950323749789741,1.123134958764418,2026-09-12b
0.6083919783745867,0.5356029461670577,2026-09-12b
0.38482915686429126,0.2840302965048307,2026-09-12b
0.7093846412390383,1.078217578332023,2026-09-12b
0.5465247664754151,0.333630473910657,2026-09-12b
0.5469203503112958,0.31931771723926117,2026-09-12b
0.34086434560887335,0.6467123337220794,2026-09-12b
0.447083700630625,0.5589517650053629,2026-09-12b
0.461821568947987,1.012576299569852,2026-09-12b
0.4272397688792394,0.1533714265457552,2026-09-12b
0.38501490388792986,0.4684038985607839,2026-09-12b
0.37137577733284144,1.2421306883568297,2026-09-12b
0.39596473939814314,0.3668952670024027,2026-09-12b
0.4229130968608375,0.39699607149224075,2026-09-12b
0.7771878911364776,1.1118109933589597,2026-09-12b
0.30055396615059954,0.9869909447933,2026-09-12b
0.4558246833647267,0.5295990264468915,2026-09-12b
0.43620150945184005,0.48747167193156127,2026-09-12b
0.388148296706042,0.24452172652014115,2026-09-12b
0.3459635954311822,0.7439257873226405,2026-09-12b
0.47368041420977763,0.3645391501259316,2026-09-12b
0.4737009314072562,0.36606377589462635,2026-09-12b
0.411709934419954,0.3846727090886772,2026-09-12b
0.4277628034864437,0.31927531190363706,2026-09-12b
0.49250289886046666,0.5618875470295495,2026-09-12b
0.7633289737484373,1.42062791921073,2026-09-12b
0.8257188136839804,0.9563835050898657,2026-09-12b
0.38025785810729246,0.49661925265783724,2026-09-12b
0.42737423704430344,0.608267624135848,2026-09-12b
0.43683687765298296,0.22802384847906898,2026-09-12b
0.38210073185800364,0.23080093280988656,2026-09-12b
0.42301462299902853,0.5204984480301795,2026-09-12b
0.5775539698688588,0.25180704904278667,2026-09-12b
0.4415574611231197,0.20932721900919854,2026-09-12b
0.5300817714776689,0.3292104273071019,2026-09-12b
0.3730864673749997,0.37001622065830253,2026-09-12b
0.36907309982464936,0.9147762642820585,2026-09-12b
0.7634786837943024,0.527590679375117,2026-09-12b
0.3664781032833951,0.8785924685608724,2026-09-12b
0.45596719021415344,0.7341569221463046,2026-09-12b
0.4004365865220989,0.6391457321381648,2026-09-12b
0.3600259869960869,0.49369638244854847,2026-09-12b
0.41552805608829657,0.45178403914857646,2026-09-12b
0.4139026531233091,0.1981079171144965,2026-09-12b
0.4608754959374315,0.42366843548684097,2026-09-12b
0.550830983196989,0.4164902841774247,2026-09-12b
0.45893745699987326,0.17086066355919416,2026-09-12b
0.5138409578049042,0.38499498683144096,2026-09-12b
0.8362066940968358,2.2195120800130153,2026-09-12b
0.502496533933928,0.5153120550889404,2026-09-12b
0.4090311269166267,0.9770196670114344,2026-09-12b
0.47972705595739984,0.6617565238020978,2026-09-12b
0.36156771733019294,0.8495864879987316,2026-09-12b
0.41492687746600637,1.0594650572538595,2026-09-12b
0.3104891748524785,0.3319239304063962,2026-09-12b
0.4247766602772231,0.7415138283207183,2026-09-12b
0.41048561943375433,0.8651277190559553,2026-09-12b
0.4033310280396912,0.6504105840338972,2026-09-12b
0.34236980976414905,1.2142583187868208,2026-09-12b
0.6778540680108751,1.5620261400084432,2026-09-12b
0.4625155050539771,0.3634096990132613,2026-09-12b
0.49110926304602126,0.3284842044471721,2026-09-12b
0.5264164030874948,0.1828703753067463,2026-09-12b
0.4270668942294083,0.4112500780297331,2026-09-12b
0.3844423578046991,0.6681525552819241,2026-09-12b
0.31965709898061634,0.431843356948439,2026-09-12b
0.29836753023542045,0.3779800236604016,2026-09-12b
0.3721280316228015,0.9438226497994657,2026-09-12b
0.4349934605966415,1.1236537518116188,2026-09-12b
0.3779076511839556,0.5066255903998059,2026-09-12b
0.32061664400179485,1.015597169458575,2026-09-12b
0.5385731910443755,0.5318876365865166,2026-09-12b
0.3310594091997622,1.2117630953298266,2026-09-12b
0.5035633916701866,0.17603520566266062,2026-09-12b
0.29833895606385114,0.2799405749593309,2026-09-12b
0.3775654949272645,0.5922587423819045,2026-09-12b
0.34846040857047245,0.2107616001371024,2026-09-12b
0.3950124464841373,0.2329931645437217,2026-09-12b
0.4692043100921722,0.21728710868823267,2026-09-12b
0.32003282907000274,1.0382567235096727,2026-09-12b
0.8496037658325737,0.808461459969913,2026-09-12b
0.406196536285378,0.3558290788493004,2026-09-12b
0.4240823283694727,0.18636233610402936,2026-09-12b
0.41727065548377545,0.7511430381564982,2026-09-12b
0.39923135657394715,0.43093309244770045,2026-09-12b
0.42891203384765364,0.3976130360533839,2026-09-12b
0.5238114599354562,0.2910504610039843,2026-09-12b
0.3892600371516044,0.25204162800957425,2026-09-12b
0.45664061420937885,0.836087766192217,2026-09-12b
0.5814028411340709,0.5477982805146178,2026-09-12b
0.4277686222842445,0.1979777003576112,2026-09-12b
0.5970239104091322,2.9606606424674267,2026-09-12b
0.40725948341888346,0.25713041498999095,2026-09-12b
0.41203023737954586,0.2483664189677242,2026-09-12b
0.5173276579106343,0.16102339610468416,2026-09-12b
0.2997953692960764,0.2399837261586251,2026-09-12b
0.43119552948817574,0.31267083473319945,2026-09-12b
0.37298519634769245,0.8966994032580751,2026-09-12b
0.3867709058068575,0.28216567771261003,2026-09-12b
0.38849026237330464,0.5472336623531993,2026-09-12b
0.48935786396105163,0.3124913098538112,2026-09-12b
0.44433456614528766,0.19754922258990024,2026-09-12b
0.4370162458978557,0.14192483785575813,2026-09-12b
0.45854158501078024,0.2996829375037761,2026-09-12b
0.4173118439890737,0.3745725467085606,2026-09-12b
0.4516321061983157,0.4038310052680396,2026-09-12b
0.22878950947997403,2.272836080516045,2026-09-12b
0.41673665804182514,0.16273275184245792,2026-09-12b
0.29268085643556874,0.3447746581326177,2026-09-12b
0.4486316647542262,0.7743879830446958,2026-09-12b
0.4907714847679921,0.28803227826540906,2026-09-12b
0.5226151303458406,0.20385183223205483,2026-09-12b
0.3993842713074398,0.8036092913984073,2026-09-12b
0.41933209972293456,0.22669211716836893,2026-09-12b
0.30607744145088017,1.02207890220845,2026-09-12b
0.4042988409047362,0.5937216579051069,2026-09-12b
0.398802823268265,0.5107959069782861,2026-09-12b
0.42999127121019165,0.4326588232558566,2026-09-12b
0.3032896517474745,0.16927956684493375,2026-09-12b
0.4774479205862507,0.4969513053694359,2026-09-12b
0.38201674242550715,0.7181704372823478,2026-09-12b
0.35666108402241326,1.221450381866359,2026-09-12b
0.41543675681785663,0.20232434247332612,2026-09-12b
0.4606066470017662,0.40491409297662523,2026-09-12b
0.33722911524109056,0.3017665610427684,2026-09-12b
0.4242531679636326,0.5986603875159718,2026-09-12b
0.35456878788868174,1.6655152669622653,2026-09-12b
0.33862034235350524,0.29136734337825293,2026-09-12b
0.2741291257993583,0.18448160285766216,2026-09-12b
0.6005026847794118,0.4001384245238924,2026-09-12b
0.3871695533117336,0.7981109165259452,2026-09-12b
0.3974873031489448,0.2629772886648546,2026-09-12b
0.7747057364916273,1.234297727831063,2026-09-12b
0.7320367971704503,0.7628701287991998,2026-09-12b
0.4220340426053284,0.7261980594930103,2026-09-12b
0.4494057940939164,0.5293849298763715,2026-09-12b
0.3546567956351324,0.7340704440634938,2026-09-12b
0.97329026457981,16.854864570223434,2026-09-12b
0.5620898311623455,0.38371102966399323,2026-09-12b
0.7647593219000213,0.019561403695706938,2026-09-12b
0.38266223448520015,0.6363296248452578,2026-09-12b
0.3724876131537664,0.3150781942302913,2026-09-12b
0.3963957205777087,0.7503043586219166,2026-09-12b
0.4389384329051379,0.2515236161292115,2026-09-12b
0.7797865999375876,0.9445006196560439,2026-09-12b
0.6142537808731272,0.5362593654575551,2026-09-12b
0.3364322211529255,0.3902221353295597,2026-09-12b
0.309813455744819,0.4499447748871906,2026-09-12b
0.47412762737794495,0.28216618678418287,2026-09-12b
0.569591397215105,0.4800808354143549,2026-09-12b
0.44577141154741645,0.49776110744757857,2026-09-12b
0.28567285043615337,0.492552674515433,2026-09-12b
0.2761934952179449,0.4900463335002004,2026-09-12b
0.39118871565469027,1.3994412457064442,2026-09-12b
0.3390362092580998,0.4761160559219878,2026-09-12b
0.7074570364738056,0.8708194728033187,2026-09-12b
0.41390260221152075,0.28834331574149347,2026-09-12b
0.3942169550193232,0.7334416331095416,2026-09-12b
0.48592266450328436,0.4364057452830162,2026-09-12b
0.2788101775410134,0.565784077624882,2026-09-12b
0.4156624409060879,0.2972363608976734,2026-09-12b
0.39325829510315513,0.6095766841402607,2026-09-12b
0.4015083631427681,0.4621838030997811,2026-09-12b
0.43080719646663196,0.5617207388928961,2026-09-12b
0.443776074357018,0.3609505391699213,2026-09-12b
0.2936141685144498,0.7994222319358626,2026-09-12b
0.6444515045247542,0.6612430244918189,2026-09-12b
0.326919225778781,0.24261778407600693,2026-09-12b
0.4231339390982976,0.11211235219221338,2026-09-12b
0.37173375604532444,0.3851442038051647,2026-09-12b
0.5866718149473054,0.21271568598528973,2026-09-12b
0.5676068613396357,0.35631417759056394,2026-09-12b
0.3951041371021242,1.020044106159169,2026-09-12b
0.432884093006353,0.566561780876971,2026-09-12b
0.4830658019440254,0.516007720216581,2026-09-12b
0.4013304024253381,0.2664992274278155,2026-09-12b
0.39854788898983246,0.5020959036842025,2026-09-12b
0.6636499373800413,0.9004287544556615,2026-09-12b
0.3598972550416065,0.4054605621539312,2026-09-12b
0.36279885640075016,1.0177498569543484,2026-09-12b
0.3691661531076013,0.6614908031737673,2026-09-12b
0.4168548920546945,0.17974566094590586,2026-09-12b
0.4087736116469135,0.801165786917096,2026-09-12b
0.480786844534124,0.540596299989018,2026-09-12b
0.48996341547848765,0.13262220132051938,2026-09-12b
0.4230621482987712,0.25767742804528343,2026-09-12b
0.4352133031747688,0.42940544659657653,2026-09-12b
0.4513189328390585,0.3258677578212807,2026-09-12b
0.43948036466167867,0.29000638820935654,2026-09-12b
0.39276637123053476,0.8754526422725325,2026-09-12b
0.37561361430580675,0.33952290194707657,2026-09-12b
0.5201486662607677,0.3527488824511735,2026-09-12b
0.43620605826955056,0.17931614636923335,2026-09-12b
0.3431299216030894,0.3804740673232606,2026-09-12b
0.3994729485907469,0.3718866792737269,2026-09-12b
0.44964167318526743,1.072217037359648,2026-09-12b
0.5119693961531089,0.5148778226778562,2026-09-12b
0.3834940642217447,0.8309062695954609,2026-09-12b
0.9163097780017719,0.30917842240002436,2026-09-12b
0.3739193173297199,0.24216196831535533,2026-09-12b
0.5982869751812964,0.21605098159799668,2026-09-12b
0.7391503896665633,0.1987153542536886,2026-09-12b
0.4965266227036618,0.2738350228760236,2026-09-12b
0.41959072041362216,0.45083920183978243,2026-09-12b
0.513461332042585,0.7081517402561945,2026-09-12b
0.4205981504374626,0.7391609739680849,2026-09-12b
0.414703569056515,0.16086004599001358,2026-09-12b
0.48668235321101455,0.35739364282615627,2026-09-12b
0.3761308874486836,0.8667033368008878,2026-09-12b
0.33810924739891013,0.6857050379972603,2026-09-12b
0.4088539683547944,0.23558535622806104,2026-09-12b
0.47286383882625427,0.32692676369071055,2026-09-12b
0.4723558637584205,0.6941423427734782,2026-09-12b
0.467700216876629,0.5532142697708039,2026-09-12b
0.4807650405104034,0.29204150973466997,2026-09-12b
0.3429663967525494,0.4473656627560001,2026-09-12b
0.36807746101464883,0.533280915708329,2026-09-12b
0.2825365689556277,0.7760266398257527,2026-09-12b
0.49399260767413766,0.45812171630239884,2026-09-12b
0.730390880035005,0.994062554363783,2026-09-12b
0.43827439280146213,0.19287023679904888,2026-09-12b
0.518046842944041,0.2531304373744353,2026-09-12b
0.4176800990707369,0.47510350216532216,2026-09-12b
0.4201774218083218,0.6898458353047755,2026-09-12b
0.27940242697940393,0.9907722547229004,2026-09-12b
0.45087377648960036,0.9360021774604458,2026-09-12b
0.3965045203453665,0.3706013964614994,2026-09-12b
0.3745157499599162,0.32204956440752475,2026-09-12b
0.5821028974823819,0.36993144238506215,2026-09-12b
0.3751896085579935,0.32733230133974206,2026-09-12b
0.596221220577576,0.6244147893084115,2026-09-12b
0.43322533659578466,0.27362352290047925,2026-09-12b
0.39738005308838664,0.1776330549287793,2026-09-12b
0.4548389765678322,0.32097312810367057,2026-09-12b
0.4114962565621378,0.14190818275770672,2026-09-12b
0.46357080140658496,0.5278907557664931,2026-09-12b
0.45554732880377763,0.19344998569307859,2026-09-12b
0.39442730651673247,0.5260872978164256,2026-09-12b
0.30264873126252256,0.2595805703731502,2026-09-12b
0.4812708908985907,0.48736041494987775,2026-09-12b
0.45798746114662714,0.23504952490005368,2026-09-12b
0.6725398736154934,1.9407540600190836,2026-09-12b
0.8587626205154214,0.1955925404212945,2026-09-12b
0.33936909694003303,1.9735400600049076,2026-09-12b
0.5051525415212327,0.5743735641976601,2026-09-12b
0.3351624169133057,0.29359940071775487,2026-09-12b
0.4205371673484288,0.7704423203180396,2026-09-12b
0.4911173249892722,0.1748863601312686,2026-09-12b
0.6277690018521725,0.21101395700096579,2026-09-12b
0.4063092311698432,0.3135997016799146,2026-09-12b
0.34080578696664443,0.1877408854132184,2026-09-12b
0.48291008297370597,0.4903169453097373,2026-09-12b
0.3823585408046665,0.2375846494182802,2026-09-12b
0.649487373811998,1.8059331363631574,2026-09-12b
0.44152844183071105,1.0981556011745441,2026-09-12b
0.34675162876185983,0.16168131570847763,2026-09-12b
0.3726002852978472,0.1727547353258647,2026-09-12b
0.34368674321018117,1.3350232589070579,2026-09-12b
0.5419270859012777,0.11944761076691615,2026-09-12b
0.45685811887143074,0.4934877969613412,2026-09-12b
0.42281166610895077,0.31447170235219973,2026-09-12b
0.4288245136399996,0.27447763169734385,2026-09-12b
0.38140637831554397,0.398244009189085,2026-09-12b
0.40723467981020056,0.7060327730964631,2026-09-12b
0.553566661542866,0.4257910654803177,2026-09-12b
0.3755477925038008,0.4091735482855266,2026-09-12b
0.42880092430006156,0.1990120551924615,2026-09-12b
0.40699034624139063,0.7314613997987583,2026-09-12b
0.30773341269420623,0.6816581215408908,2026-09-12b
0.4056461454436861,0.34426465162925907,2026-09-12b
0.320466246616562,0.17167209078737908,2026-09-12b
0.35713730269300975,0.5378343958652568,2026-09-12b
0.3799531535992164,0.6522908003042297,2026-09-12b
0.3700924677702749,0.8913600621014677,2026-09-12b
0.445102476343537,0.35083743246357113,2026-09-12b
0.3911032201093831,0.35291989340248564,2026-09-12b
0.39269785117146816,0.7456061869174841,2026-09-12b
0.32430720528202994,0.5858720662046221,2026-09-12b
0.43430243628773946,0.2899703509652323,2026-09-12b
0.2950827122490275,0.6374650065849358,2026-09-12b
0.4777330260372746,0.26548484489315555,2026-09-12b
0.3554321159685243,0.4638849223707151,2026-09-12b
0.4570498879567946,0.3881829801380626,2026-09-12b
0.41363728049126003,0.2255364802896845,2026-09-12b
0.4368089541774863,0.13967071235795805,2026-09-12b
0.35412065499910395,0.1636720644757449,2026-09-12b
0.4474530004708957,0.22022929932763446,2026-09-12b
0.38688119509819313,1.0129362791761862,2026-09-12b
0.37915467286410687,0.2815958603255982,2026-09-12b
0.45012094440470846,0.3818725653920532,2026-09-12b
0.32935378654144926,0.4107870317281976,2026-09-12b
0.3351787774436425,0.24637700581946587,2026-09-12b
0.4498861509789546,0.47230311152295584,2026-09-12b
0.429685611797392,0.3157831708268572,2026-09-12b
0.43033586042753647,0.2988615572302516,2026-09-12b
0.3521863522491224,0.8202978711156755,2026-09-12b
0.350734863901517,0.24838330642902706,2026-09-12b
0.4358510064605695,0.3928614481449721,2026-09-12b
0.379049784735242,0.33561189612052367,2026-09-12b
0.3923399787344924,0.7792366327500848,2026-09-12b
0.4211758514079475,0.6196923713454183,2026-09-12b
0.315525936023929,0.1543745424325848,2026-09-12b
0.40428798862829746,0.36189167583415943,2026-09-12b
0.4020208520275043,0.2596380049805033,2026-09-12b
0.6726851482928368,0.38567944125964787,2026-09-12b
0.409261260736735,0.6768337634568373,2026-09-12b
0.5324415709810132,0.1935134429086828,2026-09-12b
0.47842796301958895,0.23880895284712483,2026-09-12b
0.5373180832961706,0.32090907909323435,2026-09-12b
0.42635818111912194,0.36408844017404013,2026-09-12b
0.45548192898208834,0.6655853556216537,2026-09-12b
0.3991903970873941,0.4088028217313057,2026-09-12b
0.42365779528237135,0.6674323578620097,2026-09-12b
0.3951469741233235,0.47912028184208566,2026-09-12b
0.38376957290617814,0.26459305166277897,2026-09-12b
0.7402659359476653,1.3226438195839267,2026-09-12b
0.36740613220784907,0.461976029536041,2026-09-12b
0.5235872698809737,0.7793725221256097,2026-09-12b
0.3161588962717429,0.5091521407718345,2026-09-12b
0.34208202688757433,0.37477793806387116,2026-09-12b
0.37925671842600245,0.9681107285267971,2026-09-12b
0.5767867523671718,0.2812277819793608,2026-09-12b
0.4366468420754207,0.40074908297603307,2026-09-12b
0.3688891248099536,0.25092458173334603,2026-09-12b
0.438449042379394,0.6861274504373206,2026-09-12b
0.3970715348492709,0.5778927238161098,2026-09-12b
0.8212142634197299,0.6254353313859382,2026-09-12b
0.4263031891267854,0.23232215378087298,2026-09-12b
0.37593885809503697,0.4165069533654893,2026-09-12b
0.46673921143781466,0.3549489581719925,2026-09-12b
0.4063483947272475,0.18786946329156845,2026-09-12b
0.49256247224576355,0.45105924896214067,2026-09-12b
0.38244378201410195,0.42522796197557083,2026-09-12b
0.38155083220401215,0.3222072080417114,2026-09-12b
0.6012305911115997,0.4565638075740382,2026-09-12b
0.3780992446578623,0.15053842083160843,2026-09-12b
0.44829800031888967,0.5933897923999917,2026-09-12b
0.8496659791427027,0.9242627843636291,2026-09-12b
0.398528871208399,0.674777361377634,2026-09-12b
0.4109238743763007,0.25794462954904396,2026-09-12b
0.5339890252608752,0.3612737226651991,2026-09-12b
0.5189213227731366,0.7525230596597973,2026-09-12b
0.3505228957369953,0.21697659970056993,2026-09-12b
0.37224483527497726,0.47887734869043475,2026-09-12b
0.37858136317082813,0.6990969177698247,2026-09-12b
0.2956009662933719,0.38140510597571875,2026-09-12b
0.4235374207767319,0.2734915486734259,2026-09-12b
0.5395288328790764,0.27640921581345135,2026-09-12b
0.8562056103554867,0.9496331463071942,2026-09-12b
0.5228826365108361,6.067096000419328,2026-09-12b
0.6086178860686247,0.18402442855361284,2026-09-12b
0.4849481883173674,0.37135122403312026,2026-09-12b
0.4893044046287744,0.8218967733796175,2026-09-12b
0.4574439320443459,0.424300860994473,2026-09-12b
0.38143188202851674,1.507006508471559,2026-09-12b
0.46789168280604976,0.22221532527608132,2026-09-12b
0.4251827113291873,0.26708090317516836,2026-09-12b
0.3853623468557065,0.6520469691067103,2026-09-12b
0.3743982485220205,0.5126314080805487,2026-09-12b
0.36671589785460235,1.001818540107267,2026-09-12b
0.6218659648279529,2.6960090835073203,2026-09-12b
0.5237245866515494,0.379502950074404,2026-09-12b
0.46788720774170856,0.16565701301720898,2026-09-12b
0.3906665337643562,0.40325010370058273,2026-09-12b
0.3618152105213401,0.2035866413571039,2026-09-12b
0.37064253112335116,0.6860959607594944,2026-09-12b
0.6033746374328047,0.49510312849585136,2026-09-12b
0.44283025102639423,0.37024109540751565,2026-09-12b
0.40609029100777655,0.6874804644715484,2026-09-12b
0.34034094675232207,0.5401449796160002,2026-09-12b
0.4417177808702978,0.3279892466737378,2026-09-12b
0.3819168147091887,0.5496230512531488,2026-09-12b
0.36422706859720877,0.573328868256901,2026-09-12b
0.45268830831129464,0.2192248836731253,2026-09-12b
0.4171958320784862,0.45967401241316985,2026-09-12b
0.5524394565661271,0.3034588617788331,2026-09-12b
0.3778711182188054,1.023013900755414,2026-09-12b
0.40922056027940096,0.8885879829030382,2026-09-12b
0.36937865870003456,0.36534804770688034,2026-09-12b
0.3436408352062825,0.7249870572609529,2026-09-12b
0.25527033488599693,0.7118995846913423,2026-09-12b
0.3611001947172788,0.8791359392012031,2026-09-12b
0.39065861501111077,1.541780902871608,2026-09-12b
0.5077906034310052,0.640307417264173,2026-09-12b
0.4123656523844744,0.19996983161864654,2026-09-12b
0.32809645990289166,0.6390785324933219,2026-09-12b
0.34227133877216753,0.6362142118671451,2026-09-12b
0.38017051160481613,0.4992729948573457,2026-09-12b
0.3461974011232199,1.081791832386378,2026-09-12b
0.4394365121695013,0.2845671566760051,2026-09-12b
0.4007941279962567,0.642205927393081,2026-09-12b
0.8123063933823454,0.7987370055533628,2026-09-12b
0.4233409459336809,0.8168877259720078,2026-09-12b
0.24216261325018595,0.36886054225435305,2026-09-12b
0.3206668048893705,0.6461229429995368,2026-09-12b
0.3980672076505855,0.33059985551269966,2026-09-12b
0.43209471795476895,0.3762555150818608,2026-09-12b
0.4143091437859713,0.629553884712687,2026-09-12b
0.5060971894631121,0.23213234147388434,2026-09-12b
0.3007279446871061,0.6880876517758082,2026-09-12b
0.31444137751525963,0.28374225501055966,2026-09-12b
0.4356326185911393,0.23456968256373392,2026-09-12b
0.7501746408393635,0.5767160117982194,2026-09-12b
0.47502529611556826,0.4349567135090786,2026-09-12b
0.35421976995201504,0.5779316419132242,2026-09-12b
0.35858534374323836,0.5437898022062057,2026-09-12b
0.35285008174274435,0.4125117028444979,2026-09-12b
0.4762862372127335,0.2803094084584161,2026-09-12b
0.641752717724319,0.015015133818047815,2026-09-12b
0.35459264613739183,0.7777553792010491,2026-09-12b
0.3198242486050687,0.3925308849625237,2026-09-12b
0.3377015192135866,0.5356725723549182,2026-09-12b
0.47148532952339894,0.2602430161972623,2026-09-12b
0.42028219736364986,0.43253817317586496,2026-09-12b
0.49762296405743917,0.35199143020971424,2026-09-12b
0.4289805135822063,0.45002444786756973,2026-09-12b
0.4420741977819795,0.9766198951181269,2026-09-12b
0.3693933995646994,0.5014379118033674,2026-09-12b
0.4468599470587062,0.6889293662994758,2026-09-12b
0.48817335401108125,0.5254892560832918,2026-09-12b
0.3861133501736868,0.39753168157772156,2026-09-12b
0.33548494255117584,0.2702160488707759,2026-09-12b
0.31449529077609856,0.23582943097154355,2026-09-12b
0.8447804007232934,0.3688814221413219,2026-09-12b
0.3744302815067609,0.4371653742955319,2026-09-12b
0.47860614332044044,0.22422361857682688,2026-09-12b
0.44764456263910024,0.1683333210795482,2026-09-12b
0.45168440414092187,0.43717669315903773,2026-09-12b
0.8000785842046189,0.1328123315839849,2026-09-12b
0.38186222180918344,1.3455167534478605,2026-09-12b
0.5301809816192478,0.4964282746749574,2026-09-12b
0.4067183873289531,0.7870270269188052,2026-09-12b
0.4949586325327322,0.3893646947346931,2026-09-12b
0.46019643726444037,0.40550457559341163,2026-09-12b
0.8764030544497634,0.45030550442046424,2026-09-12b
0.4205119286986234,0.15421659584395292,2026-09-12b
0.45366110903760604,0.46471647032510016,2026-09-12b
0.42807844817509805,0.2703375425161684,2026-09-12b
0.39756631432567,0.258395255720193,2026-09-12b
0.3520304945864617,0.5930260530180492,2026-09-12b
0.4413331631997581,0.22374394017516674,2026-09-12b
0.64935339222911,0.047778492896918684,2026-09-12b
0.2962015640975836,0.5897011602132808,2026-09-12b
0.4219938644211973,0.5786030432151951,2026-09-12b
0.38488489897981637,0.23291428501558012,2026-09-12b
0.46085181951330134,0.6490237764863696,2026-09-12b
0.3119366661040652,0.44787952559906785,2026-09-12b
0.2893951788061329,0.5567605401725706,2026-09-12b
0.35369679997731823,0.7127391061201516,2026-09-12b
0.39587365673680946,0.38258304878414445,2026-09-12b
0.4305876244295901,0.6192454592413149,2026-09-12b
0.39207012769697647,0.2244876946626691,2026-09-12b
0.5354786454909511,0.3147864825556396,2026-09-12b
0.40459033231281993,0.6742491359733577,2026-09-12b
0.33420091845773536,0.2118951961860332,2026-09-12b
0.9242986009664735,0.2573324029562149,2026-09-12b
0.48536611031676585,0.11031046460913425,2026-09-12b
0.4336318146768732,0.6028250862009679,2026-09-12b
0.37741906638291495,0.9047890677294792,2026-09-12b
0.4411398991863239,0.15992479881941155,2026-09-12b
0.3660819601657266,0.30544067011257553,2026-09-12b
0.5133260941629813,0.5596183484710269,2026-09-12b
0.42095292737398576,0.23240765461112028,2026-09-12b
0.4049793720348318,0.7836258253792296,2026-09-12b
0.35962372597096537,0.2367188142237393,2026-09-12b
0.30409338204625164,0.22328088228130985,2026-09-12b
0.862161507745168,0.43219641004620407,2026-09-12b
0.4069310156074174,0.6036290437699602,2026-09-12b
0.4446287214607409,0.8820029322088179,2026-09-12b
0.409297737529335,0.6126490564801386,2026-09-12b
0.2855032986698922,0.3924389904246786,2026-09-12b
0.4233664356107639,0.5208166852850031,2026-09-12b
0.34823980154620254,0.44195745881917575,2026-09-12b
0.5532807044468016,0.6245790801003094,2026-09-12b
0.3234241063307036,0.3139969623202422,2026-09-12b
0.48520180084317605,0.3851533216154152,2026-09-12b
0.5048992587055099,0.2588235214422452,2026-09-12b
0.6980786510970368,0.7836971513226266,2026-09-12b
0.31774328731534857,0.23554696839466904,2026-09-12b
0.38791181388481877,0.5582408480700991,2026-09-12b
0.5642169746133437,0.2046801764743066,2026-09-12b
0.31749599578621396,1.4269645955641634,2026-09-12b
0.43872015795142133,0.8395247821932528,2026-09-12b
0.3290048218244608,0.4840262367604744,2026-09-12b
0.42898975168326453,0.4035235299576714,2026-09-12b
0.38464455371604517,0.49077644361964634,2026-09-12b
0.3494002014468307,0.5116476051532799,2026-09-12b
0.3708605528117734,0.8163472576735483,2026-09-12b
0.41417259060186074,0.42628181952793737,2026-09-12b
0.3694301194766653,0.2625787347714093,2026-09-12b
0.31007243187908407,0.32069242144321713,2026-09-12b
0.3459477566309059,2.022132529918714,2026-09-12b
0.39696087635236715,0.343549353562041,2026-09-12b
0.4189533409564514,1.3488415810219667,2026-09-12b
0.6335641049309393,0.6082012126050216,2026-09-12b
0.3993863809269585,0.5003820393363028,2026-09-12b
0.34277534954599387,0.44572654022441677,2026-09-12b
0.2939729109118906,0.35570102532059317,2026-09-12b
0.5884979887399802,1.2540925380316228,2026-09-12b
0.4128489386554635,0.2978881761402199,2026-09-12b
0.4319718638732374,0.6790049060746631,2026-09-12b
0.3606726795336786,0.2668394247997567,2026-09-12b
0.4390948664544017,0.39865120963950956,2026-09-12b
0.3490092642993416,0.7879968064475114,2026-09-12b
0.4266859121015821,0.21240369117355126,2026-09-12b
0.462894790230932,0.4853994507483333,2026-09-12b
0.38395522711806535,0.41172076911117095,2026-09-12b
0.4443885212216173,0.37845547509595945,2026-09-12b
0.5656936835109189,0.33625589213166523,2026-09-12b
0.44309838130979,0.15197393009887336,2026-09-12b
0.4142583169239726,1.0020408161350427,2026-09-12b
0.3120673316589909,0.2942861157820239,2026-09-12b
0.37746877417311003,0.8723715331407448,2026-09-12b
0.4523714165661854,0.6073855135193488,2026-09-12b
0.5104911668479543,0.42175854759693127,2026-09-12b
0.3223268154993131,0.2770383651532321,2026-09-12b
0.43648416719244626,0.6268588239285681,2026-09-12b
0.4419606126954278,0.32825306912078295,2026-09-12b
0.46648837663950943,0.35419297501976127,2026-09-12b
0.8648044095234892,1.4592257120669845,2026-09-12b
0.3930212304599963,0.3012200058169956,2026-09-12b
0.40185438115093364,1.0554974598698657,2026-09-12b
0.32774886573588,2.239148802511297,2026-09-12b
0.35737873980808305,0.31284728838774795,2026-09-12b
0.34727390588232177,0.34684338897282924,2026-09-12b
0.44937342163178945,0.22506056069479535,2026-09-12b
0.37272082355760083,0.7060624238034362,2026-09-12b
0.4298079234291784,0.4442295562375163,2026-09-12b
0.4342300375534675,0.7228117151884021,2026-09-12b
0.38442621784616016,0.3783307126709012,2026-09-12b
0.40756867703288663,0.3350654843988639,2026-09-12b
0.7536982198544836,0.01328494050656384,2026-09-12b
0.5052968962919323,0.3393448649326192,2026-09-12b
0.41404069304721886,0.7496557606963219,2026-09-12b
0.6761715536691141,0.153050633828559,2026-09-12b
0.3570825148670408,0.26491087971727256,2026-09-12b
0.35752218697675997,0.45901772574168387,2026-09-12b
0.4491064471391551,0.24211821307277476,2026-09-12b
0.41881590969474547,0.2073523652981815,2026-09-12b
0.40297782281887273,0.19473772839772446,2026-09-12b
0.6723145040485226,2.0592717525333164,2026-09-12b
0.34285304958830887,0.2182547016556305,2026-09-12b
0.4409522801538267,0.22132336062289043,2026-09-12b
0.4333622136017334,0.8399450811692023,2026-09-12b
0.4095410539409305,0.3711067266203914,2026-09-12b
0.38717054035820336,0.5717476240474793,2026-09-12b
0.4915930942783133,0.6785050351149744,2026-09-12b
0.6337136130423638,0.3196113412087206,2026-09-12b
0.3045652343206243,0.1913249355969863,2026-09-12b
0.28383544065591193,0.1980015357417919,2026-09-12b
0.4039953905930943,0.35193751330497625,2026-09-12b
0.485457745305703,0.7371767674399723,2026-09-12b
0.3621570071371879,0.3782313477849624,2026-09-12b
0.4023470096370766,0.4852435870186029,2026-09-12b
0.4150883282690594,0.30851593102027797,2026-09-12b
0.34706897918279034,0.17939453493231197,2026-09-12b
0.5140826452418543,0.3153491947929895,2026-09-12b
0.4242993677144871,0.6007021635635814,2026-09-12b
0.514341145226256,0.1804786479029076,2026-09-12b
0.5686886011482309,0.24582176956716434,2026-09-12b
0.39388772886070644,0.3152959532696507,2026-09-12b
0.6563245352113134,6.049985929488438,2026-09-12b
0.42400581862871634,1.21283505941086,2026-09-12b
0.4634160954781685,0.3571458159712718,2026-09-12b
0.37447363904434106,0.2801803841660679,2026-09-12b
0.45618537159786143,0.7092777950748473,2026-09-12b
0.31584498504270336,0.5822997864127879,2026-09-12b
0.4202066797029581,1.2330084286656686,2026-09-12b
0.43057951981263076,0.20530445768605296,2026-09-12b
0.5526537375088062,0.8553260715160441,2026-09-12b
0.5345729846336668,0.41270490381086516,2026-09-12b
0.39182114274245095,1.4564273841963846,2026-09-12b
0.7357183065044852,0.9792302635653525,2026-09-12b
0.5253942252104167,0.13413597497077231,2026-09-12b
0.4664074173060739,0.5040846297415014,2026-09-12b
0.5513375241619677,0.35153888306497466,2026-09-12b
0.4883004955067874,0.8477875489359638,2026-09-12b
0.3062360056913738,0.16048636615735778,2026-09-12b
0.40833706189523444,1.1002251887164953,2026-09-12b
0.551212821784022,0.3526982630397416,2026-09-12b
0.30172953185049683,0.20749519492973886,2026-09-12b
0.2738602573786383,0.6073748390512114,2026-09-12b
0.4122215756917689,0.5688635517174274,2026-09-12b
0.4286380511832883,0.2868633076185311,2026-09-12b
0.5003028465932835,0.42202890574399465,2026-09-12b
0.3919604471575393,0.7771023118302758,2026-09-12b
0.4684710962227805,0.34906181697488425,2026-09-12b
0.5236183438777073,0.3710581877381621,2026-09-12b
0.45409392670927284,0.2790457460735555,2026-09-12b
0.4861745627845206,0.44764878379278794,2026-09-12b
0.3664011725134402,0.39260126702999437,2026-09-12b
0.4255491717403288,0.37338819665644407,2026-09-12b
0.35423224993832114,0.31611024746077854,2026-09-12b
0.3894754178697439,0.1211663380763156,2026-09-12b
0.3398979234679989,1.017022574548171,2026-09-12b
0.40171810384429674,0.37910866823709044,2026-09-12b
0.36796540390483895,0.4090843141204123,2026-09-12b
0.40591644699369234,0.39987087403130284,2026-09-12b
0.4903738439249999,0.41556420880538825,2026-09-12b
0.4663555540694083,0.7131430586620912,2026-09-12b
0.3811538457604623,0.34123229489831697,2026-09-12b
0.4313763640948012,0.2753599656308022,2026-09-12b
0.4738540862473943,0.3675682540501277,2026-09-12b
0.5026027230452801,0.5733576891215133,2026-09-12b
0.41189698631683824,0.3971798307399534,2026-09-12b
0.543130855287524,0.6342790515085999,2026-09-12b
0.3122479170366528,0.6172446733134034,2026-09-12b
0.36740625324150344,0.22134777776099254,2026-09-12b
0.4044797157639838,0.6771855879595766,2026-09-12b
0.408076598763292,0.5059062410618118,2026-09-12b
0.4058883550013213,0.6325151936649565,2026-09-12b
0.3157570516210597,0.2833410431242839,2026-09-12b
0.4260077146584103,0.2713966577804913,2026-09-12b
0.6856552492014272,1.3313602005447396,2026-09-12b
0.3238802745415461,0.2360183095474745,2026-09-12b
0.4063047087811099,0.22640556499381975,2026-09-12b
0.43944642855058214,0.2601750367952317,2026-09-12b
0.41233957948637623,0.494893951102152,2026-09-12b
0.4521050307269088,0.3043391672661339,2026-09-12b
0.4730024695747914,0.7664005421867908,2026-09-12b
0.4581480956810581,0.3114853540779084,2026-09-12b
0.36159888841429194,0.16011418401705102,2026-09-12b
0.41657079247745754,0.38643385382550305,2026-09-12b
0.4837797973246049,0.35078045719601614,2026-09-12b
0.7797876619516032,0.8944549492982173,2026-09-12b
0.416661310220698,0.671411812705583,2026-09-12b
0.32468157158339284,0.2920629986430563,2026-09-12b
0.27415368521662725,0.7249913750888659,2026-09-12b
0.37638533587234696,0.23982626601844928,2026-09-12b
0.3905354801264088,0.494228322130946,2026-09-12b
0.3673310077135595,0.6488777188847508,2026-09-12b
0.40360639225770156,0.3444421955100562,2026-09-12b
0.4214050271292123,0.25752443099353617,2026-09-12b
0.44843909137077403,0.7674257691451858,2026-09-12b
0.47583755328067273,0.22060134833347958,2026-09-12b
0.9186244138618008,0.4763900401714348,2026-09-12b
0.4416652280253713,0.33385204574934485,2026-09-12b
0.4003625990550575,0.873509542575205,2026-09-12b
0.39536665193516896,0.2348551687113615,2026-09-12b
0.43324472402755015,0.6578661959627294,2026-09-12b
0.38203917775376905,0.46413428843635685,2026-09-12b
0.5554890712948665,0.3235531614437308,2026-09-12b
0.3440759531155464,0.8866119242937275,2026-09-12b
0.37981345913957243,0.30796735554187044,2026-09-12b
0.30881234255092527,0.7242856020369416,2026-09-12b
0.31636719388477125,1.663071152247929,2026-09-12b
0.4956447239778326,0.18203202648812172,2026-09-12b
0.44293039882447177,0.18422734198291013,2026-09-12b
0.370092669440805,0.572250713648428,2026-09-12b
0.47585964231836975,0.1611283204903231,2026-09-12b
0.4431681668966492,0.6090506169984651,2026-09-12b
0.27491083328983607,1.9764049498507414,2026-09-12b
0.29430881048052515,0.1703130858555727,2026-09-12b
0.37301207179071283,0.22581221655863867,2026-09-12b
0.4640705873170018,0.3235331364646282,2026-09-12b
0.7022009602370487,0.017571222810239137,2026-09-12b
0.5006091478405724,0.18562548692398065,2026-09-12b
0.45408068697298243,0.3402853950041596,2026-09-12b
0.4233398040680028,0.14696352595217585,2026-09-12b
0.33711629046140434,0.26393616531638914,2026-09-12b
0.42273396171002053,0.25108171822793546,2026-09-12b
0.5052195597697139,0.42432116338604997,2026-09-12b
0.43477126629592194,0.34041676251030956,2026-09-12b
0.6031382972005654,0.23344435438528646,2026-09-12b
0.43844760732693405,0.2620929982679783,2026-09-12b
0.7071019701663921,1.5633085877934227,2026-09-12b
0.5259019988155723,0.37737898203871345,2026-09-12b
0.4170489967001352,0.21675094023266617,2026-09-12b
0.3635570923184035,0.9175615773143247,2026-09-12b
0.44693260258174244,0.6698171786789452,2026-09-12b
0.3535943626009974,0.656344706272992,2026-09-12b
0.38895850517526087,0.7489601839692586,2026-09-12b
0.3713482768830927,0.4503468730743634,2026-09-12b
0.44315077418657894,0.44211090090195776,2026-09-12b
0.39075576730239314,0.2539278324003056,2026-09-12b
0.4262998254519149,0.46217954455031524,2026-09-12b
0.7605412145983246,1.2724053640545867,2026-09-12b
0.5712261389862657,0.19550285789089417,2026-09-12b
0.3315864941257561,0.19436738116313615,2026-09-12b
0.362432587716863,0.6342013529820592,2026-09-12b
0.3708947945424363,0.5477008425189789,2026-09-12b
0.3409605424128788,0.4418894301727475,2026-09-12b
0.40067341116052424,0.3415234387464783,2026-09-12b
0.4034922595732708,0.38524172425850534,2026-09-12b
0.482809429634565,0.29269732990196184,2026-09-12b
0.4466943722835039,0.2679481637487697,2026-09-12b
0.5506159758843003,0.13889882663718545,2026-09-12b
0.4662153915018897,3.60907345092041,2026-09-12b
0.45476335763835585,0.35531530914301124,2026-09-12b
0.4464921442146509,0.5530965750481193,2026-09-12b
0.3703952960545825,0.5714044611769822,2026-09-12b
0.584501517143737,0.9263199246240015,2026-09-12b
0.3452171649647478,0.44376119226068517,2026-09-12b
0.3673550437618982,0.5156272924815691,2026-09-12b
0.37099307502197026,1.2497862088810585,2026-09-12b
0.4544351562391066,0.3656613288882857,2026-09-12b
0.2672781854495592,0.9220630164859653,2026-09-12b
0.47288266273376245,0.32785474914771096,2026-09-12b
0.7032721875019778,0.786192441702998,2026-09-12b
0.4142008772944089,0.34105507869191914,2026-09-12b
0.34384616108711286,0.3961560189621173,2026-09-12b
0.4103799245529752,0.3041533301595838,2026-09-12b
0.3549492317378162,0.3900524996906521,2026-09-12b
0.5653226979818826,0.21728560213387388,2026-09-12b
0.5394283543951534,0.0841229322366415,2026-09-12b
0.4652674153363529,0.4987248904014478,2026-09-12b
0.4820775658273378,0.30423301106666906,2026-09-12b
0.46999045829686176,0.24689832335200795,2026-09-12b
0.4461931216712542,0.4326645502604378,2026-09-12b
0.9117092252940177,0.650311241120492,2026-09-12b
0.4935582453570698,0.3171719979755805,2026-09-12b
0.44359718765190137,0.24177206593157952,2026-09-12b
0.5123281329655385,0.6163049590809551,2026-09-12b
0.4864389357065022,0.7019146975398,2026-09-12b
0.5348986912626005,0.3443707408330377,2026-09-12b
0.39241608308898646,0.37084181456523285,2026-09-12b
0.4790387292406317,0.1928320135667821,2026-09-12b
0.4293423662722841,0.35559550105188714,2026-09-12b
0.4360192169172537,0.4332091793891153,2026-09-12b
0.42767698486217987,0.32872220767536714,2026-09-12b
0.31880071433190504,0.36397495127809704,2026-09-12b
0.34027666145844315,1.6602279998667653,2026-09-12b
0.40231281124513063,0.23201898836052298,2026-09-12b
0.28827918216136716,0.29148051589805585,2026-09-12b
0.49692474374526563,0.3213075401315128,2026-09-12b
0.5152117810513422,0.6265499541343886,2026-09-12b
0.3942633929685419,0.20599223197552816,2026-09-12b
0.3377992337565074,0.22659419563997868,2026-09-12b
0.5492793756977858,0.18359253771728948,2026-09-12b
0.4227929767731607,0.70975095870167,2026-09-12b
0.509052883071802,1.27960029987915,2026-09-12b
0.5666557869922099,0.35941287371599157,2026-09-12b
0.37203727932299824,0.40206615409629737,2026-09-12b
0.4698516799250883,0.15026720646148495,2026-09-12b
0.4284252905315236,0.16075695144575922,2026-09-12b
0.42106451463840466,0.8351034532764585,2026-09-12b
0.4125700785560408,0.3316407585077548,2026-09-12b
0.42426115675330656,0.17631779904729764,2026-09-12b
0.43054284318222763,0.33949031267913937,2026-09-12b
0.4484986297026255,0.15317768067713336,2026-09-12b
0.3946308298261402,0.6462635710775793,2026-09-12b
0.8485254413396386,0.8870843305784936,2026-09-12b
0.48883581969077844,0.38101745876453663,2026-09-12b
0.3846379055674186,0.35520265844741905,2026-09-12b
0.4895436579496138,0.36420808369293983,2026-09-12b
0.42070558391006124,0.23227900062763202,2026-09-12b
0.48100232480939814,0.4277514428118353,2026-09-12b
0.4327695089141394,1.0604532268865483,2026-09-12b
0.38867398143514675,0.5167448085225753,2026-09-12b
0.3595626238370935,0.7334674047232694,2026-09-12b
0.43242947424808614,0.3425065381769176,2026-09-12b
0.3687730576925009,0.9214400845992234,2026-09-12b
0.2975298374835318,1.5699948193032458,2026-09-12b
0.44593694737723905,0.4119425527449261,2026-09-12b
0.4626259215108774,0.014832550189790343,2026-09-12b
0.35754563936362227,1.041220248552667,2026-09-12b
0.3007361678253907,0.503001266969715,2026-09-12b
0.37408282550035066,0.660474230381928,2026-09-12b
0.38274030195155484,0.38483335472753394,2026-09-12b
0.3456845381467154,0.21327716678046968,2026-09-12b
0.360686531799173,0.4506860681539302,2026-09-12b
0.3517121262482248,0.24316083300769262,2026-09-12b
0.4223922793736253,0.8281040149418938,2026-09-12b
0.3963088243060144,0.5596211039071926,2026-09-12b
0.38426017382042654,0.2726166418047321,2026-09-12b
0.21776569512988503,1.7722984189885012,2026-09-12b
0.38250147132703144,0.2558361012139591,2026-09-12b
0.418378719052183,0.529756095183402,2026-09-12b
0.3805496148838108,0.8601962775461686,2026-09-12b
0.32974654081800525,0.7057366831663296,2026-09-12b
0.431550420692136,0.40607433867720777,2026-09-12b
0.503491190743145,0.6784219123270038,2026-09-12b
0.4005158413566912,0.4656706112504216,2026-09-12b
0.4840985444044965,0.23321163198583872,2026-09-12b
0.3003481553647402,1.2037714943848925,2026-09-12b
0.3419274969661728,0.41924833390831107,2026-09-12b
0.34516357580112383,0.29685413208834066,2026-09-12b
0.4210272935295963,0.19281378069053656,2026-09-12b
0.347458345151698,0.2809745089966038,2026-09-12b
0.3297860532655941,0.17511133447674213,2026-09-12b
0.34606401637721307,0.9258928394547521,2026-09-12b
0.3745714463424579,0.37332484004075367,2026-09-12b
0.45440589036203455,0.24030723092593118,2026-09-12b
0.5224097266815074,0.22681494527330087,2026-09-12b
0.5549659189191875,0.2443130358034243,2026-09-12b
0.37141634940494617,1.4195192531291616,2026-09-12b
0.45340449793956655,0.7265112426804087,2026-09-12b
0.40506954198085887,1.1205617511848978,2026-09-12b
0.3176699764529402,0.5942388341346869,2026-09-12b
0.5201885576809144,0.7276166692574386,2026-09-12b
0.34029602748039545,0.4305996280560415,2026-09-12b
0.5957818661811851,0.12341785348776849,2026-09-12b
0.3766177988421431,0.4501733647916616,2026-09-12b
0.435110593569547,0.2745109820817564,2026-09-12b
0.4166836318957781,0.5670681789490203,2026-09-12b
0.32309474816262584,0.5026372230538663,2026-09-12b
0.4110841734313128,0.6069512326976367,2026-09-12b
0.2942363831406338,0.36034619532770756,2026-09-12b
0.393583015702249,0.9167341175582029,2026-09-12b
0.31701323467890125,0.2341869230345383,2026-09-12b
0.24699813744639124,1.1035037322607066,2026-09-12b
0.4040261959803159,0.6578672548194253,2026-09-12b
0.8798361473281288,0.7030661247571266,2026-09-12b
0.4454914008953636,0.36977470742616964,2026-09-12b
0.3932407128488722,0.277809047585613,2026-09-12b
0.5069055995665903,0.43987834895421335,2026-09-12b
0.46701016125549366,0.15258589329062755,2026-09-12b
0.5561210357627876,0.19925854076129879,2026-09-12b
0.408431701689821,0.9569267548195642,2026-09-12b
0.47535224341749993,0.586484048065909,2026-09-12b
0.33870301623075316,0.3410556626271389,2026-09-12b
0.4086018288687589,0.15319269579798253,2026-09-12b
0.3515189177061939,0.19019734016453343,2026-09-12b
0.8294566656895619,0.38236827968212034,2026-09-12b
0.46771211844457916,0.2768039272802732,2026-09-12b
0.4655168835439479,0.2546013599745682,2026-09-12b
0.3443301421141745,0.40766813197659185,2026-09-12b
0.3489103254087493,0.6878225545455495,2026-09-12b
0.4643936845399946,0.3077380952280295,2026-09-12b
0.5670544657351702,0.1817921138647713,2026-09-12b
0.3908898448725703,0.6564632241297207,2026-09-12b
0.4715092433790359,0.404634964137943,2026-09-12b
0.4030255361970123,0.5723109406148884,2026-09-12b
0.3961738412321206,0.270958747662172,2026-09-12b
0.4275209211183738,0.5117331743078384,2026-09-12b
0.42717675438382585,0.43523270148065785,2026-09-12b
0.42862375149037735,0.05803066805843282,2026-09-12b
0.4166168915012837,0.9140299101194723,2026-09-12b
0.2698241665575056,2.108938254380797,2026-09-12b
0.5852816147522543,0.5135442994157804,2026-09-12b
0.42043038748526446,0.5473378929324934,2026-09-12b
0.5686592800277528,0.3859186107637292,2026-09-12b
0.46147560678115085,0.32833040381087125,2026-09-12b
0.6053462239834481,0.4581187040637582,2026-09-12b
0.41366814863220785,0.38449465536964844,2026-09-12b
0.3356316552076461,0.3281289331579545,2026-09-12b
0.4635962103114977,0.26225087582856127,2026-09-12b
0.4459581153195035,0.4035198065767441,2026-09-12b
0.43339275509699,0.3629587327803019,2026-09-12b
0.3251029920428194,0.6592260150588568,2026-09-12b
0.3740936382691524,0.5231877496057565,2026-09-12b
0.46621678354431617,0.8203151246703074,2026-09-12b
0.391335997252898,0.20302711109435786,2026-09-12b
0.41869305990368866,0.5843107624724118,2026-09-12b
0.9967464206016634,0.6520873905188583,2026-09-12b
0.33342312667731216,0.5441014685496111,2026-09-12b
0.43507957501774414,0.916526478342404,2026-09-12b
0.45726563312376994,0.7542447672606569,2026-09-12b
0.359184506582868,0.7076189208576802,2026-09-12b
0.3825000413566083,1.6887072940893186,2026-09-12b
0.3729706478183879,0.36663005429260387,2026-09-12b
0.42075241495984744,0.8346431273207554,2026-09-12b
0.3896050330420751,0.44988679144546656,2026-09-12b
0.4713276664704603,0.4080064925849544,2026-09-12b
0.3473104256352016,0.714964231043701,2026-09-12b
0.5673831541771072,1.4581668700393056,2026-09-12b
0.5107041687628078,0.7331136466238057,2026-09-12b
0.3379373503982106,1.090923863871938,2026-09-12b
0.5650490643740904,0.17986388712335744,2026-09-12b
0.3602233493747846,1.0193830018263497,2026-09-12b
0.35551720566542633,0.3707700372493447,2026-09-12b
0.318475428113661,0.1323898199191075,2026-09-12b
0.4722588100963758,0.7800231701645877,2026-09-12b
0.4583397512550608,0.3685672640366813,2026-09-12b
0.40407923201854035,0.2019295873386758,2026-09-12b
0.39015494255862765,0.4390679884742792,2026-09-12b
0.9655391459525785,0.9254325162135241,2026-09-12b
0.41365225672881206,0.27039833792399964,2026-09-12b
0.41587385029588053,0.30960132988739936,2026-09-12b
0.4547446890941562,0.8867265169134603,2026-09-12b
0.4259562351061167,0.642607766830163,2026-09-12b
0.48165236540115125,0.7691994937216258,2026-09-12b
0.6557131817849982,0.21279934846861018,2026-09-12b
0.3076893927881928,0.24672047072339676,2026-09-12b
0.4641246036967057,0.5727473516468377,2026-09-12b
0.46178375744581635,0.27121258219082284,2026-09-12b
0.4414243944389999,0.20844989955320203,2026-09-12b
0.8457649385537213,0.34536814635741536,2026-09-12b
0.4389802156854883,0.37371408129155087,2026-09-12b
0.35752216914904095,0.2736035238771309,2026-09-12b
0.3956010808469164,0.3402072754896513,2026-09-12b
0.47727056249813027,0.49889142134074044,2026-09-12b
0.42815516061182507,0.567262882138492,2026-09-12b
0.3559028081574963,0.27088837172399327,2026-09-12b
0.4831939909858621,0.24360619388084437,2026-09-12b
0.4123188091982406,0.2070577880691908,2026-09-12b
0.4033779473907403,0.24197157442335387,2026-09-12b
0.3957220857001831,0.18863839863835058,2026-09-12b
0.7715959083569851,0.5482989210038205,2026-09-12b
0.46333534215763716,0.39685526306262436,2026-09-12b
0.4385589917904278,0.27570195513268114,2026-09-12b
0.46437589970001,0.2306625204135922,2026-09-12b
0.4756031539962927,0.1460304714468031,2026-09-12b
0.39175042475500865,0.37262173058693177,2026-09-12b
0.36318104524385525,0.21420861746125522,2026-09-12b
0.39804434833020563,0.5949787176579283,2026-09-12b
0.4426895926355358,0.557647921035539,2026-09-12b
0.4660019497550526,0.5421769406659516,2026-09-12b
0.4549932825252535,0.4334783420948261,2026-09-12b
0.27848920403375527,0.18982282952311602,2026-09-12b
0.32412961738253254,0.17798031717594945,2026-09-12b
0.6263077924832372,0.4850652003142883,2026-09-12b
0.7707655464753552,0.730179354447223,2026-09-12b
0.4748668629797589,0.48020017034239615,2026-09-12b
0.41021920403470064,0.37203317736929553,2026-09-12b
0.6179626112645809,0.29127183538978896,2026-09-12b
0.4024845100017612,0.22703534505459239,2026-09-12b
0.3342649989879133,0.3560732369366542,2026-09-12b
0.44572734461070906,0.16428200191949088,2026-09-12b
0.40284871693806673,0.6960964444027425,2026-09-12b
0.20351312197234006,2.1469435966680623,2026-09-12b
0.39825239018403413,0.5173166701823897,2026-09-12b
0.45065058621385606,0.19967450386447216,2026-09-12b
0.45283473413757147,0.5313041269124547,2026-09-12b
0.461094450379449,0.21060441933231822,2026-09-12b
0.4183386357093351,0.26192848939354046,2026-09-12b
0.4216928598446068,0.34182750050360516,2026-09-12b
0.528760488003996,0.5323670922541686,2026-09-12b
0.34325020217345076,0.3891163994564412,2026-09-12b
0.8556329685306345,0.164625685016159,2026-09-12b
0.38198044963078215,0.3226886518362784,2026-09-12b
0.40707229320736416,0.48093252144670084,2026-09-12b
0.37612113821869714,0.2697616172932546,2026-09-12b
0.4011679679330435,0.2185139751151521,2026-09-12b
0.4596450303038671,0.37877617537247255,2026-09-12b
0.2852925978716443,0.23084938228486443,2026-09-12b
0.28721407416686645,0.7008227383529474,2026-09-12b
0.32499154755140636,0.3162311897162962,2026-09-12b
0.3361754616199088,0.37385853389234963,2026-09-12b
0.3309440834478709,0.41654064494239107,2026-09-12b
0.8854284715487323,0.9187963331167984,2026-09-12b
0.4066407146004477,0.2494363790429024,2026-09-12b
0.42167883088205943,0.27038320592368065,2026-09-12b
0.5790109297853403,0.3939947311822235,2026-09-12b
0.42116319458207585,0.17011693164758465,2026-09-12b
0.3177988199862058,1.732598355390146,2026-09-12b
0.3314080020013175,0.7834778067462483,2026-09-12b
0.39530602535572656,0.8196194318737738,2026-09-12b
0.4256150151391245,0.35179193987179946,2026-09-12b
0.44342262776375346,0.22167570317602944,2026-09-12b
0.34669746432120196,0.2040260793167866,2026-09-12b
0.6508765847649309,0.796074560735353,2026-09-12b
0.4757971522107,0.3183210786624992,2026-09-12b
0.395527120386173,1.3827241752199761,2026-09-12b
0.3087977617863398,0.3942457724675947,2026-09-12b
0.37610291644610694,0.7363692821044245,2026-09-12b
0.2557627113310584,0.682933511061338,2026-09-12b
0.3852848651886223,0.9272245403405607,2026-09-12b
0.5559260632459011,0.1368902678171469,2026-09-12b
0.3886556669287802,0.44548589132108346,2026-09-12b
0.3391341909244606,0.7589953810578941,2026-09-12b
0.3261361274534885,0.36982404105101024,2026-09-12b
0.611014527209001,1.4104386661737809,2026-09-12b
0.2739137641735506,0.22761827253005204,2026-09-12b
0.4020369875609077,0.2899381751707728,2026-09-12b
0.4135661107817207,0.4561837583241801,2026-09-12b
0.3785875885963673,0.14191470261040745,2026-09-12b
0.5091475451145087,0.3208818269125686,2026-09-12b
0.34303738242283166,1.2151901657594943,2026-09-12b
0.4361546205904724,0.4485674222715498,2026-09-12b
0.5248229464971613,0.40255087976884163,2026-09-12b
0.6449294070297257,0.29064270487535776,2026-09-12b
0.4285701744951181,0.5543824516092652,2026-09-12b
0.8168077383985177,0.4023332727022279,2026-09-12b
0.47529344149523534,0.17549097652905268,2026-09-12b
0.36992807726816407,0.16857743905040895,2026-09-12b
0.40727120075157425,1.2489609263948913,2026-09-12b
0.28735024673865334,0.30160116054234104,2026-09-12b
0.5695385065397685,0.36781793784081046,2026-09-12b
0.4490153787738522,0.18788238191647766,2026-09-12b
0.3483281753236241,0.29514396381658375,2026-09-12b
0.3708674414442323,0.6267896413677829,2026-09-12b
0.7477943043187467,0.20528388444429505,2026-09-12b
0.47744327105218365,0.5504976151059424,2026-09-12b
0.45522557769218114,0.6975206180446262,2026-09-12b
0.3521085915816465,0.8362746656187179,2026-09-12b
0.40872076484878045,0.2481117546961884,2026-09-12b
0.495601219608223,0.4988272058204806,2026-09-12b
0.5364158748417285,0.25770771837595063,2026-09-12b
0.3751632977350172,0.44686804784232986,2026-09-12b
0.37964455122797913,0.3044915828228159,2026-09-12b
0.3927772051818306,0.740772751624514,2026-09-12b
0.3221759456732647,0.31912117528496176,2026-09-12b
0.40036731252496377,0.23439838145972253,2026-09-12b
0.729497040422301,0.7583921634172808,2026-09-12b
0.5169668109835122,0.3527620092910585,2026-09-12b
0.4450745083798629,0.2842813601352334,2026-09-12b
0.43230498886177465,0.49422368840319936,2026-09-12b
0.306078658872708,0.5252596238615623,2026-09-12b
0.2810589474489073,0.3443292157217059,2026-09-12b
0.332776611562983,0.4478591121926556,2026-09-12b
0.3051294317355627,0.6949713245225627,2026-09-12b
0.48738162887978576,0.3431823584152794,2026-09-12b
0.4542779956172911,0.7332348420772516,2026-09-12b
0.4534089636460877,0.3266774977007078,2026-09-12b
0.5193450429701562,0.21200479950053894,2026-09-12b
0.38832550891685236,0.20266221210231816,2026-09-12b
0.31075557473552595,1.1601177609743503,2026-09-12b
0.3574966927170364,0.206776553139597,2026-09-12b
0.42908631350159027,0.38554195474120057,2026-09-12b
0.4139416858219869,0.18305331862968655,2026-09-12b
0.37184489190624237,0.5086541469718494,2026-09-12b
0.415193425879139,0.46251260023413404,2026-09-12b
0.5494605138769509,0.6239274079493156,2026-09-12b
0.34962281679582,1.0319669784994423,2026-09-12b
0.3725893337804259,0.28672734035493236,2026-09-12b
0.39611946468495735,0.4126988293420511,2026-09-12b
0.8906180913495662,0.11630174766301822,2026-09-12b
0.36014809972835093,0.9688366376938704,2026-09-12b
0.48644806756783326,0.5594063585283987,2026-09-12b
0.36707501820190264,0.25199117133843346,2026-09-12b
0.4333196449745547,0.3751896540717512,2026-09-12b
0.4938366288164141,0.513804436540115,2026-09-12b
0.3586931666559081,0.6767004702988791,2026-09-12b
0.2304455005636874,0.5787705769222492,2026-09-12b
0.7789169740639647,0.5588633000148585,2026-09-12b
0.3231103595300173,1.2119546305748305,2026-09-12b
0.31597714508654084,0.7145252943341339,2026-09-12b
0.4103712724765017,0.7342385077710086,2026-09-12b
0.48834044110411196,0.7922644540201579,2026-09-12b
0.5630025348202563,0.2638524827837389,2026-09-12b
0.4510618139681496,0.2540730239677755,2026-09-12b
0.3563235181291441,1.955760702611025,2026-09-12b
0.401245026487004,0.3756297477879044,2026-09-12b
0.3631906312936419,0.5911337795977887,2026-09-12b
0.3634688361402495,0.32303645260802705,2026-09-12b
0.5187573705465931,0.1598049972804917,2026-09-12b
0.36020776651241126,0.6025466283540643,2026-09-12b
0.4969618143265884,0.6154356530524207,2026-09-12b
0.3911387950417609,0.6839527719795742,2026-09-12b
0.4213879959766154,0.2081752632690255,2026-09-12b
0.41730963063870674,0.3678749590631696,2026-09-12b
0.440973827757458,0.7850708347430465,2026-09-12b
0.3354918470570549,0.6482643221210648,2026-09-12b
0.34249281378079816,0.6710113913090778,2026-09-12b
0.5170228133166357,0.28391158307135855,2026-09-12b
0.6907859724644511,0.17126443695128232,2026-09-12b
0.3369580961902973,0.28603426739728516,2026-09-12b
0.4247481721295395,0.3195025884053944,2026-09-12b
0.5000279330916685,0.47660949287937204,2026-09-12b
0.4278807297462993,0.5064846746461694,2026-09-12b
0.2925867918908782,1.0487753756927358,2026-09-12b
0.43384447376871516,0.6603499247942269,2026-09-12b
0.4647032270963741,0.1445657253299291,2026-09-12b
0.5743605669626011,0.6610281093758331,2026-09-12b
0.4173418528931554,0.7330857414898405,2026-09-12b
0.5359902784108365,0.20628734791052783,2026-09-12b
0.9288347522330364,0.17902360571465106,2026-09-12b
0.48799813220314103,0.5497683245756011,2026-09-12b
0.39580005781950633,0.9566972976016014,2026-09-12b
0.3964549086176146,0.7617300040136544,2026-09-12b
0.32322036150791766,0.7029714685740822,2026-09-12b
0.4033016498114834,0.3075887072813179,2026-09-12b
0.4652624381851715,0.30191684724537593,2026-09-12b
0.41361668418466885,0.46727015180733134,2026-09-12b
0.32992893550784963,0.6592209043686771,2026-09-12b
0.390764150585776,0.5329304462234306,2026-09-12b
0.3793999607499859,0.6507242175130815,2026-09-12b
0.7503679051707511,0.7635122786986355,2026-09-12b
0.4514598888525075,0.5522292977309563,2026-09-12b
0.4400112033565926,0.4330294112433676,2026-09-12b
0.45006721727302046,0.8041826075314459,2026-09-12b
0.5173992411246047,0.334024513353827,2026-09-12b
0.4125074952452358,0.4409966193806069,2026-09-12b
0.4259424534140162,0.2885013246193655,2026-09-12b
0.4584301236868981,0.3251324268066887,2026-09-12b
0.35594946014986545,0.2869635412805377,2026-09-12b
0.6027312565255709,0.28013323341031854,2026-09-12b
0.41756227815416613,0.2738157205962864,2026-09-12b
0.757593954098273,0.2565441456955181,2026-09-12b
0.400253490301483,0.33504814079092626,2026-09-12b
0.4161651070810088,0.21926127157375003,2026-09-12b
0.41548229570159784,0.1993921673954681,2026-09-12b
0.40866765540269706,0.6728979142521698,2026-09-12b
0.3916171436631211,0.16052137386939347,2026-09-12b
0.3632264915398452,1.9246438352551487,2026-09-12b
0.4148662211703376,0.47462731944706643,2026-09-12b
0.4445802153303915,0.872774813560332,2026-09-12b
0.5560649490844894,0.2855176604671555,2026-09-12b
0.3775534123161629,1.3504000134535976,2026-09-12b
0.6719701530674935,1.2179818867275,2026-09-12b
0.4606446978674124,0.25057245467282585,2026-09-12b
0.4206922752151665,0.3133571490397887,2026-09-12b
0.4611040629673013,0.19662984562363758,2026-09-12b
0.4042571687489539,0.5791300624563238,2026-09-12b
0.403560615415995,0.4413509239719556,2026-09-12b
0.4570911345075327,0.5350992573160177,2026-09-12b
0.3855016112707276,0.4998505361130709,2026-09-12b
0.4835055388097177,0.6355588672426632,2026-09-12b
0.35124777471431834,0.921411096345852,2026-09-12b
0.5529431723698203,0.4734249022610257,2026-09-12b
0.5556785344799829,0.8018088108581232,2026-09-12b
0.3674284204760118,0.838687885298372,2026-09-12b
0.5863555040824714,0.32948784129240855,2026-09-12b
0.35668935404344065,1.1742325832666147,2026-09-12b
0.5127620238562216,0.2908740649105832,2026-09-12b
0.5049816496407714,0.4345710788713385,2026-09-12b
0.4006798048824628,1.6961086231187723,2026-09-12b
0.41807510145200394,0.29806786466394547,2026-09-12b
0.3985629920374598,0.7439650302147232,2026-09-12b
0.3477714770460269,0.6524479735513492,2026-09-12b
0.4270128930852207,0.992464978119494,2026-09-12b
0.6044515508922965,2.6470768970780565,2026-09-12b
0.4321956008441077,0.17265748342752224,2026-09-12b
0.4556357652183489,0.4068789871753391,2026-09-12b
0.35288752807794055,0.35189320320659306,2026-09-12b
0.39931259345965464,0.3063026296603288,2026-09-12b
0.4086287281307505,0.2514468006481834,2026-09-12b
0.44859583691252175,0.10895658793983407,2026-09-12b
0.36298900802010436,0.4184568470148255,2026-09-12b
0.3244476661629591,0.2344849320873565,2026-09-12b
0.5915485844859186,0.22304355225921435,2026-09-12b
0.35039267813999186,0.5176767733701667,2026-09-12b
0.7467112592773912,0.4535414945062517,2026-09-12b
0.4373148201046489,0.44808327249678853,2026-09-12b
0.5172459212586316,0.3091033181609947,2026-09-12b
0.4130085555884242,0.38283594396394943,2026-09-12b
0.42560968644812386,0.22991573894441067,2026-09-12b
0.3574071142108802,0.5990739189003895,2026-09-12b
0.45584072861597835,0.19319359405142345,2026-09-12b
0.4513706364231087,0.4938854728102097,2026-09-12b
0.4060435848385717,1.1538810828626374,2026-09-12b
0.5475583169612382,0.2083312983955286,2026-09-12b
0.4610839128592503,0.5110650575200671,2026-09-12b
0.7968430413944145,0.7986282146381934,2026-09-12b
0.2907899172595414,1.2582486484764375,2026-09-12b
0.44216591379706893,0.3920368395980029,2026-09-12b
0.46560095184678946,0.9069253336002887,2026-09-12b
0.4260164167634421,0.13907224636491766,2026-09-12b
0.24223138298354377,0.5989562282577563,2026-09-12b
0.4461000545373221,0.3165977258611686,2026-09-12b
0.4020094746910229,1.1390355741418268,2026-09-12b
0.35178843478256205,0.7649826239475592,2026-09-12b
0.4329334876119687,0.3993708413440775,2026-09-12b
0.43925797025705954,1.2741759139160398,2026-09-12b
0.6017491146485634,1.4436091064205159,2026-09-12b
0.3616211805585425,0.3894877538227624,2026-09-12b
0.39418825989012085,0.27537286260368704,2026-09-12b
0.42663453643338295,0.23952126670773266,2026-09-12b
0.43029645481365664,0.8284034911307677,2026-09-12b
0.445372388749611,0.1789363780433589,2026-09-12b
0.4377329589897956,0.26635773457705664,2026-09-12b
0.40877068364221547,0.5862262098401356,2026-09-12b
0.39076608153331693,0.3403075488684571,2026-09-12b
0.4496006975066318,0.45087804247947777,2026-09-12b
0.4354613986247342,0.4857131139093864,2026-09-12b
0.4159837557081457,0.36679527216455343,2026-09-12b
0.32864219320662186,0.21075635579040772,2026-09-12b
0.37820608272490447,0.1776522676295727,2026-09-12b
0.40409142566467615,0.6226354613180742,2026-09-12b
0.3675492914145474,0.34585081781649074,2026-09-12b
0.4633849659395835,0.19959875838492872,2026-09-12b
0.36195234602720666,0.21824364185816655,2026-09-12b
0.4121493839647637,0.18651766223168006,2026-09-12b
0.4557986119383099,0.3792067341799765,2026-09-12b
0.5281853408754783,0.4316027895680658,2026-09-12b
0.7458716040715476,1.4794226349726989,2026-09-12b
0.30784330968245466,0.5606669003835878,2026-09-12b
0.4005934130762689,0.5534970190382175,2026-09-12b
0.42640322313697343,0.17925605774507639,2026-09-12b
0.3727769633345836,0.21811479802348713,2026-09-12b
0.4679546582648999,0.14678741613494573,2026-09-12b
0.375579890257423,1.1741727049569712,2026-09-12b
0.49770002937896207,0.20399200840156612,2026-09-12b
0.37610946774561993,0.9124178219336683,2026-09-12b
0.4378460631040892,0.3738292986888179,2026-09-12b
0.5328096444592073,0.4445267435855525,2026-09-12b
0.44988153017464677,0.3506033411040857,2026-09-12b
0.4466241716486061,0.236157117820153,2026-09-12b
0.4559759023198177,0.16761185300334455,2026-09-12b
0.4831703141382664,0.18059828065260447,2026-09-12b
0.421418134159343,0.9151562077568753,2026-09-12b
0.4939697947077626,0.5530962230584959,2026-09-12b
0.4628718413882428,0.42074910227002815,2026-09-12b
0.3749456401992564,0.17038618490394591,2026-09-12b
0.490398740756493,0.1777717076419486,2026-09-12b
0.43508570579175493,0.3961064511336763,2026-09-12b
0.5833074258761737,2.4339882024353745,2026-09-12b
0.45581530167481543,0.356566643454658,2026-09-12b
0.44014436992753236,0.2552016904838893,2026-09-12b
0.44475672249782533,0.38092488598104685,2026-09-12b
0.42864574881676426,0.5944236624415536,2026-09-12b
0.38109624306346945,1.0516916826736769,2026-09-12b
0.40336239000241525,0.6846709052609177,2026-09-12b
0.41319456120608,0.343613573750817,2026-09-12b
0.4545484162551845,0.30224757107471706,2026-09-12b
0.3456601389980258,0.9552601041237802,2026-09-12b
0.3633134782003185,0.1766041606520334,2026-09-12b
0.5567947678086205,2.696014994702272,2026-09-12b
0.3273273518556927,0.5926986765823923,2026-09-12b
0.5671261069392739,0.22101460914431,2026-09-12b
0.5261181650794513,0.479788512477672,2026-09-12b
0.4696926148903012,0.2156572782563428,2026-09-12b
0.399252199920445,0.5596974894042929,2026-09-12b
0.3186676792814635,0.2069410966314175,2026-09-12b
0.4395087838627346,0.6043308999657505,2026-09-12b
0.44950228613331644,0.15700131383126628,2026-09-12b
0.37642073372719564,0.7101237476492831,2026-09-12b
0.4697724820143215,0.5906673699053856,2026-09-12b
0.5238747581834717,3.494768966879519,2026-09-12b
0.7080003006401173,2.2312446165329436,2026-09-12b
0.38043542630196653,0.47645774390590195,2026-09-12b
0.5745624401790499,0.25946187363193013,2026-09-12b
0.4333811763760163,0.4688409308670842,2026-09-12b
0.33081699626784067,0.21167466225167766,2026-09-12b
0.5911916572439914,0.25117700098905704,2026-09-12b
0.42592962746955104,0.3684756982792362,2026-09-12b
0.350279950601784,0.33576958862711564,2026-09-12b
0.45337668210131193,0.732592442382474,2026-09-12b
0.4934486955245497,0.6007645110887341,2026-09-12b
0.3275707770030645,0.5026224993611482,2026-09-12b
0.899901866313598,0.5097171208012576,2026-09-12b
0.4227099902767246,0.2781346096044437,2026-09-12b
0.46814827390112185,0.3093804299929877,2026-09-12b
0.4558830417336377,0.40653401246312587,2026-09-12b
0.279003061031241,0.7400265633534466,2026-09-12b
0.8025090215552906,0.1327564475117569,2026-09-12b
0.33039616667933963,0.6194492167064616,2026-09-12b
0.43156903033582367,0.40133400250234375,2026-09-12b
0.44364580495435907,0.2258742037813307,2026-09-12b
0.33735388909769726,0.5358682700315711,2026-09-12b
0.5016292863961499,0.2531147545125678,2026-09-12b
0.4455063084007482,0.8924603872970575,2026-09-12b
0.3686812450197229,0.8321479701379972,2026-09-12b
0.4273980102707685,0.8139679235116709,2026-09-12b
0.36567094018810087,0.4457633545404478,2026-09-12b
0.4395477474294643,0.23390706474070372,2026-09-12b
0.5121442396489697,0.5565855818545274,2026-09-12b
0.35421635308396476,1.7371458405881375,2026-09-12b
0.4166861394497177,0.5046375757690519,2026-09-12b
0.5008386121594307,0.715459197528403,2026-09-12b
0.41735688342361826,0.2702236602379075,2026-09-12b
0.6366825870752274,0.5642333084610228,2026-09-12b
0.4187121328850786,0.37582345723232974,2026-09-12b
0.6161899632209163,0.05870359762715529,2026-09-12b
0.2538253595417742,1.4143435850597705,2026-09-12b
0.4834418318074454,0.270074156406068,2026-09-12b
0.39144829800079467,0.16368717169641792,2026-09-12b
0.41242692681796617,0.4369343230127928,2026-09-12b
0.4499210262342788,0.353428745787158,2026-09-12b
0.3813583869259327,0.7638833842163825,2026-09-12b
0.4473221975421271,0.23706008974547355,2026-09-12b
0.2723847650340979,0.22892607971051354,2026-09-12b
0.08939247883403852,7.098663467733987,2026-09-12b
0.42913271052917706,0.4165699178501032,2026-09-12b
0.42033826234544824,0.23042072039354394,2026-09-12b
0.3300414706920444,0.3393571507853166,2026-09-12b
0.4496274704975325,0.1415753234829956,2026-09-12b
0.4112004699177137,0.5525729938539763,2026-09-12b
0.41628576173918486,0.3608271730992479,2026-09-12b
0.46417200374820267,0.3664888708975615,2026-09-12b
0.39827582393619043,0.43096741660720234,2026-09-12b
0.3771268833634176,0.553175766883729,2026-09-12b
0.38284309121098725,0.3687534108857651,2026-09-12b
0.37342671220131624,0.9294867468698162,2026-09-12b
0.30876982258961616,0.4746984968581346,2026-09-12b
0.3884502337921284,0.31511549589238497,2026-09-12b
0.4740414564626136,0.24261762782759125,2026-09-12b
0.3619335880192531,0.3506333696110942,2026-09-12b
0.4683904097129531,0.23345072823303237,2026-09-12b
0.381587374068211,0.7676571720413723,2026-09-12b
0.4598677217293844,0.25988887651211057,2026-09-12b
0.45273041595308017,0.8156647134102201,2026-09-12b
0.4170545723643332,0.3026485190032912,2026-09-12b
0.36003423495786496,0.20181802794839118,2026-09-12b
0.32445777371289974,1.1051271998333896,2026-09-12b
0.5473049474088114,0.2765588306866073,2026-09-12b
0.3722343808069654,0.5034538369557905,2026-09-12b
0.38136279995725464,0.5900292726159135,2026-09-12b
0.5922226109778717,0.16464851514769271,2026-09-12b
0.3909113422114477,0.43848367701305735,2026-09-12b
0.502696333984942,0.16479034288343555,2026-09-12b
0.37661387010872704,0.826333517174855,2026-09-12b
0.4440986098943402,0.17637221248007873,2026-09-12b
0.39528418768763285,0.20166005512491098,2026-09-12b
0.4613327280686553,0.6623392311728922,2026-09-12b
0.4371675684415678,0.46096852262099236,2026-09-12b
0.4450509267303947,0.33251335502599955,2026-09-12b
0.501788355883293,0.2138162250394808,2026-09-12b
0.5415312114184333,0.34099783201622286,2026-09-12b
0.6121952934902807,0.2064031643725768,2026-09-12b
0.45111236943011646,0.24281447767648404,2026-09-12b
0.4262727386917099,0.29347346866798574,2026-09-12b
0.9001909069158559,0.22720046525818205,2026-09-12b
0.38327842749812313,0.7518411700517748,2026-09-12b
0.377211546089807,0.6252768615017145,2026-09-12b
0.37902773247239124,0.5498830961603473,2026-09-12b
0.6130570759862348,0.4395128114738238,2026-09-12b
0.4284259725484788,0.2730495018103881,2026-09-12b
0.46725959559317226,0.2137193820773748,2026-09-12b
0.33061059584182745,0.7661464692569199,2026-09-12b
0.8064780323529255,0.16957657107093024,2026-09-12b
0.4075645548716857,0.3133312326986106,2026-09-12b
0.5252640486292162,0.5296727308350708,2026-09-12b
0.6776170852116059,2.0607177002154797,2026-09-12b
0.4108962067654268,0.32412401102877575,2026-09-12b
0.4009275618743746,1.2379136614152406,2026-09-12b
0.38510605462000624,0.7108454935849099,2026-09-12b
0.5289309278031704,0.5627938304376604,2026-09-12b
0.383025509583563,0.49254477547037706,2026-09-12b
0.4048921489344411,0.1494158762798331,2026-09-12b
0.39206022930241824,0.2800873902765196,2026-09-12b
0.47491535457210937,0.599517853062491,2026-09-12b
0.5294084566102921,0.1581913676019622,2026-09-12b
0.34551397198365597,0.7703512859346637,2026-09-12b
0.3535596697668366,0.7324430481932755,2026-09-12b
0.41146390739622807,0.7359657995874611,2026-09-12b
0.40824906421075624,0.25239642373143406,2026-09-12b
0.5322049569431271,0.8746890060650455,2026-09-12b
0.360238696337923,0.38632063048972315,2026-09-12b
0.4740463818200797,0.39950356633359074,2026-09-12b
0.6765153840277237,0.24573087738131702,2026-09-12b
0.3471808674681254,0.49721560854712976,2026-09-12b
0.3871990303867728,0.8500094783957614,2026-09-12b
0.32469103933204774,0.2905182184451963,2026-09-12b
0.4624387612932187,0.5741681776950035,2026-09-12b
0.3787933890145436,0.4974897793406593,2026-09-12b
0.44909326653229575,0.3497196163167264,2026-09-12b
0.43299993863788305,0.26437615502555206,2026-09-12b
0.42474547111461985,1.3202043036784026,2026-09-12b
0.3882150142269061,0.45190840247694075,2026-09-12b
0.4176982122820195,0.24164088436220013,2026-09-12b
0.4005086254795241,0.257674975959812,2026-09-12b
0.42017535921927024,0.5114765293936657,2026-09-12b
0.3716367104399569,0.5389648932277058,2026-09-12b
0.3532437077312661,1.3383364179617439,2026-09-12b
0.4804237799789551,0.37430089625117485,2026-09-12b
0.32427719259804133,0.5705456846949372,2026-09-12b
0.34404332376917507,0.39102921760992293,2026-09-12b
0.4919968771060936,0.2410880949646608,2026-09-12b
0.4779586182348099,0.4594378049947606,2026-09-12b
0.48439070771177484,0.15378061140320803,2026-09-12b
0.4128141420662367,0.3785295090880086,2026-09-12b
0.36436961041734967,0.18751644415282095,2026-09-12b
0.44525343856448457,0.5432808889163516,2026-09-12b
0.5026785735753234,0.3774059811417289,2026-09-12b
0.39307666998913415,0.26105181303245506,2026-09-12b
0.6104195398595091,0.2757263101473356,2026-09-12b
0.42664153782419256,0.47001754930951223,2026-09-12b
0.6461905885087913,0.6267489774136025,2026-09-12b
0.33875156749348834,0.21228985744031742,2026-09-12b
0.25884083006498465,0.9604962672413001,2026-09-12b
0.40285474821895756,0.2219845325066052,2026-09-12b
0.5055445138832022,0.43402187386355756,2026-09-12b
0.4219102020076206,0.27101709632375537,2026-09-12b
0.41977252203960297,0.4029043752726474,2026-09-12b
0.3983876726900785,0.6854433806725511,2026-09-12b
0.45595046180803717,0.18194897456682085,2026-09-12b
0.3607893204803651,0.6348945058629423,2026-09-12b
0.35473702246324285,0.5662468264853121,2026-09-12b
0.4217211730668527,0.3691328029438196,2026-09-12b
0.35561589205637784,0.4591034818475125,2026-09-12b
0.3886495952233817,0.9186847305885392,2026-09-12b
0.4377377101665506,0.5681013326940925,2026-09-12b
0.5042705919479474,0.3924780837075139,2026-09-12b
0.8733431832898202,0.5285283396477825,2026-09-12b
0.5323607294357592,0.6327387243679874,2026-09-12b
0.3484389254969126,0.7226936041023193,2026-09-12b
0.4257553201987553,0.2550087865397603,2026-09-12b
0.3959433491062466,0.3883712130793835,2026-09-12b
0.44186949905202344,0.3171867807851736,2026-09-12b
0.46757985449380896,0.710291045747904,2026-09-12b
0.4159765990438802,0.21944687800319176,2026-09-12b
0.31764730389311907,1.1561420574684491,2026-09-12b
0.5556141057594476,0.8109007230482165,2026-09-12b
0.4968474079484556,0.24881753384268013,2026-09-12b
0.3983785539482684,0.8315193263546496,2026-09-12b
0.36564349510656113,0.33978246377148563,2026-09-12b
0.36854057066822515,0.21634831328396983,2026-09-12b
0.3018125870775269,0.18797553433923012,2026-09-12b
0.5781152127946135,0.2514113863274317,2026-09-12b
0.6092450200449937,0.3100837530454114,2026-09-12b
0.5329325027892297,0.4403137321931394,2026-09-12b
0.4197740624053183,0.40161438056342863,2026-09-12b
0.4017675660938707,0.632274137502691,2026-09-12b
0.47162542850246464,0.14840952655734735,2026-09-12b
0.3833859443015908,0.2661973574799975,2026-09-12b
0.4694250260282847,0.2956646390440034,2026-09-12b
0.31303239635342067,0.4795643773811189,2026-09-12b
0.36677850836579984,0.6215587729799967,2026-09-12b
0.48697098983302023,0.39237712671129754,2026-09-12b
0.49233232966656304,0.6335779943147123,2026-09-12b
0.38528096763418407,0.5507498313783078,2026-09-12b
0.4194132738703906,0.35604858656675353,2026-09-12b
0.4375355405070987,0.4755115531846884,2026-09-12b
0.45793682958215337,0.37009543710688075,2026-09-12b
0.4352062440566812,1.222385883290786,2026-09-12b
0.3481841750749234,0.6002250371462879,2026-09-12b
0.4270935001502773,0.18552126009927358,2026-09-12b
0.5581159968018462,0.30034288933959036,2026-09-12b
0.2704898455150697,0.5588704139811912,2026-09-12b
0.41115669767068325,0.2393791747974511,2026-09-12b
0.7201867387961566,0.01861050961691103,2026-09-12b
0.5747397177205269,0.6737533888192936,2026-09-12b
0.47816454861306745,0.6821288947020591,2026-09-12b
0.43979003483879103,0.718207254119012,2026-09-12b
0.4972316334898937,0.5785230676015233,2026-09-12b
0.42599089706319004,0.7674357755066628,2026-09-12b
0.40618400206000893,0.48831946274912286,2026-09-12b
0.39759518744207345,0.8331846254452483,2026-09-12b
0.387553442483416,0.29735697003468087,2026-09-12b
0.3992582947012345,0.4073110412123556,2026-09-12b
0.4141801707058283,0.8759421488023297,2026-09-12b
0.41943628599015975,0.20608325241797534,2026-09-12b
0.4402091113094442,0.17112412302209465,2026-09-12b
0.4006231860840052,0.36327234590103097,2026-09-12b
0.41899187210617833,0.6413757245477826,2026-09-12b
0.44872724814726883,0.5192448750785041,2026-09-12b
0.5134955956389913,0.507266666574335,2026-09-12b
0.40803558920014904,0.6012065419642952,2026-09-12b
0.32175563669883905,0.3840860078626891,2026-09-12b
0.4070406625753846,0.888740025370867,2026-09-12b
0.4324980481309813,0.24104725171150487,2026-09-12b
0.3192278781783821,0.43822273066137285,2026-09-12b
0.39532721084292477,0.3760294424586811,2026-09-12b
0.35723147509529696,1.2537054603935491,2026-09-12b
0.32776036467048625,0.3679971934719612,2026-09-12b
0.34510253250696954,0.9820800456551588,2026-09-12b
0.3007479176192805,1.632527002135125,2026-09-12b
0.3497867994329,0.28647164782804685,2026-09-12b
0.7388261733288869,0.5982482229319631,2026-09-12b
0.44477856316340747,0.6566349001343789,2026-09-12b
0.37559579124742687,0.9577314101547675,2026-09-12b
0.4161298374985484,0.17544556313151816,2026-09-12b
0.5157917961142996,0.21114597371555752,2026-09-12b
0.522676345666798,0.47081255643730907,2026-09-12b
0.8527372824863125,0.43530883243023066,2026-09-12b
0.4497827431538674,0.3621964143101313,2026-09-12b
0.41439721738780205,0.7204654803829021,2026-09-12b
0.3460019396553858,1.031788829407175,2026-09-12b
0.41275081881034215,0.4629600775011481,2026-09-12b
0.5005892784601634,0.18036179565253493,2026-09-12b
0.5357545862009514,0.21818805256041673,2026-09-12b
0.42185133432262745,0.17902404565112426,2026-09-12b
0.4589964450305161,0.48757031752968644,2026-09-12b
0.29591464558202446,0.2863126666011358,2026-09-12b
0.41210949119801205,0.39485517615157556,2026-09-12b
0.4075362838220524,0.2994857572644921,2026-09-12b
0.38241514822814027,0.26687592426377266,2026-09-12b
0.41788643756804666,0.2541972387150437,2026-09-12b
0.42675590781737527,1.3125455376306956,2026-09-12b
0.4062522355012328,0.8957748567765326,2026-09-12b
0.37535284533197955,0.6339137341970138,2026-09-12b
0.5072731727525913,0.9262970677311132,2026-09-12b
0.4176680308155516,0.5844608809329381,2026-09-12b
0.4954939599733794,0.8016941775205428,2026-09-12b
0.3904599418982183,0.3917599079888145,2026-09-12b
0.7150701828707704,2.4127732903534764,2026-09-12b
0.40076980536318607,0.27779716758085526,2026-09-12b
0.3609835320109085,0.16296632269385306,2026-09-12b
0.45305419214666415,0.2991393237489021,2026-09-12b
0.3341361556882686,0.5719791350094283,2026-09-12b
0.5802466597872701,0.5340482041983245,2026-09-12b
0.31379797721098773,0.332116250604908,2026-09-12b
0.5043294710851318,0.14153583646209258,2026-09-12b
0.3922946543752286,1.1913626313893577,2026-09-12b
0.323729948975313,0.3405569253783734,2026-09-12b
0.3542498333632766,0.41098563857143705,2026-09-12b
0.8840034089397415,0.31032365289936625,2026-09-12b
0.33214490145203235,0.6381019829816522,2026-09-12b
0.557882961135986,0.3396843456583124,2026-09-12b
0.43103140236095133,0.33203943150742965,2026-09-12b
0.35081293944696007,0.50190330552272,2026-09-12b
0.37573615306133323,0.3043215858479748,2026-09-12b
0.2802410945255389,0.40419444523541875,2026-09-12b
0.35618945422408516,0.20611321814734965,2026-09-12b
0.30386429753743577,0.3932657643723342,2026-09-12b
0.4960080524820583,1.3874723633157344,2026-09-12b
0.4158061978113455,0.3222825798029717,2026-09-12b
0.5021043652575887,0.5282707285014699,2026-09-12b
0.369619187721983,0.43391607316217645,2026-09-12b
0.44469847935394746,0.2571016722202823,2026-09-12b
0.5465408864973553,0.2874675427737181,2026-09-12b
0.6819627788719816,0.38275283684784034,2026-09-12b
0.41360354767019714,0.9755535154896432,2026-09-12b
0.4887844038637147,0.4030830024145955,2026-09-12b
0.4637242433231341,0.569381274717093,2026-09-12b
0.402564153862968,0.149152937419703,2026-09-12b
0.49454776794074456,0.3590123429260015,2026-09-12b
0.6464538851765675,0.9994551042670231,2026-09-12b
0.5013337082034856,0.6384854370941755,2026-09-12b
0.42916794085375654,0.5882328911035298,2026-09-12b
0.3516090490783426,0.5067897225443752,2026-09-12b
0.5515574844430254,0.2909520367075101,2026-09-12b
0.35276601792390866,0.6351751197357404,2026-09-12b
0.3543641643622703,0.2819899692303989,2026-09-12b
0.3938388182549159,0.29490088992443325,2026-09-12b
0.41923593614839405,0.66604586496782,2026-09-12b
0.4548951508129448,0.997947470031197,2026-09-12b
0.4040060404461807,0.26824340796704793,2026-09-12b
0.8470271247438611,0.7610148130313968,2026-09-12b
0.4685712877557462,0.3591978393611074,2026-09-12b
0.4057617898821381,0.49604530357716553,2026-09-12b
0.37328110901482925,0.46841171637035806,2026-09-12b
0.34562072746964745,0.24572104486980403,2026-09-12b
0.5063387098119974,0.375179739463922,2026-09-12b
0.3894281345491172,0.3798552995609652,2026-09-12b
0.2957827634722671,0.4155678828315046,2026-09-12b
0.45494108732020705,0.8050913432843574,2026-09-12b
0.4519290123430188,1.0093276544296232,2026-09-12b
0.47660975462879096,1.507162326663646,2026-09-12b
0.9259703232763488,0.5126680760290185,2026-09-12b
0.2771958749029791,0.4519183176609401,2026-09-12b
0.4400798859511439,0.1325153575736123,2026-09-12b
0.30711644257312615,1.9338556572027568,2026-09-12b
0.5061499189371582,0.6842709481101822,2026-09-12b
0.3331545879803577,0.36022693859335303,2026-09-12b
0.6224395083399241,0.22136853438041754,2026-09-12b
0.49307965771797774,0.49445672056230927,2026-09-12b
0.3350317967197998,0.7328374616219796,2026-09-12b
0.464820462312523,0.22016889220266997,2026-09-12b
0.4038593064449334,0.5171816530646838,2026-09-12b
0.4152690880415225,0.1242336234238995,2026-09-12b
0.28268525445652837,0.1280495251341928,2026-09-12b
0.3506158660792935,0.3329991440195417,2026-09-12b
0.3825512054504133,0.22064591623540702,2026-09-12b
0.3814719297491135,0.07206503116328672,2026-09-12b
0.34176794840162306,0.0958984494046184,2026-09-12b
0.3780216590044978,0.06877397541249468,2026-09-12b
0.4514958130709189,0.03389359172814766,2026-09-12b
0.4294311106984345,0.04392539084110089,2026-09-12b
0.2803126058814809,0.05257323359115923,2026-09-12b
0.4023612856459327,0.08028363630181037,2026-09-12b
0.5064068698235487,0.25999748962228497,2026-09-12b
0.40489405056086314,0.22278200370723017,2026-09-12b
0.40393205704896407,0.07881446657998221,2026-09-12b
0.4499926080677883,0.058388797826688474,2026-09-12b
0.46087717158752967,0.06278069537414546,2026-09-12b
0.4448620670069603,0.08430271980327549,2026-09-12b
0.41406558475286925,0.06062136930477651,2026-09-12b
0.44627043097044183,0.09789378648965574,2026-09-12b
0.35473835902642686,0.609988259250342,2026-09-12b
0.40887441119502266,0.19498557696346444,2026-09-12b
0.4570457834633189,0.11128566959841472,2026-09-12b
0.2762206312467927,0.1453826181725433,2026-09-12b
0.35563494400259865,0.8895298625621882,2026-09-12b
0.47542420903810617,0.14995872810726532,2026-09-12b
0.37136668970927506,0.13029354231557985,2026-09-12b
0.45193707163398383,0.031147163026730644,2026-09-12b
0.4292641574854688,0.038239531275181,2026-09-12b
0.4639343766707905,0.09139790056156895,2026-09-12b
0.3235920264111668,0.3088448414720139,2026-09-12b
0.7788129742608891,0.7065723521829586,2026-09-12b
0.3530376842871044,0.36599760514610624,2026-09-12b
0.4816701156171377,0.1185855285661083,2026-09-12b
0.3493601834200872,0.8516866611551936,2026-09-12b
0.3528379983047645,0.501336832028592,2026-09-12b
0.3391397277185336,0.06522556890837307,2026-09-12b
0.3026646485666861,0.11887263212858824,2026-09-12b
0.6902270521752057,0.0038867664668918605,2026-09-12b
0.31230565140977634,0.08365686656617352,2026-09-12b
0.4204621111521762,0.13435603616909578,2026-09-12b
0.3511872109304128,0.12643878690843596,2026-09-12b
0.70733101489503,1.1273839059193878,2026-09-12b
0.35168519689355227,0.11878574475393196,2026-09-12b
0.41156079392428274,0.3661147359226745,2026-09-12b
0.4474927311178327,0.05165689706391088,2026-09-12b
0.4610256856011976,0.021500884170344,2026-09-12b
0.4725971646362484,0.0477366120141467,2026-09-12b
0.4440065802316383,0.09984981197760011,2026-09-12b
0.29536011583544186,0.32703107031310785,2026-09-12b
0.28081967790214196,0.2433492894697563,2026-09-12b
0.4740527003174033,0.14813662640712,2026-09-12b
0.6197683856536915,0.08668532507578636,2026-09-12b
0.42847040803489667,0.041308681273007575,2026-09-12b
0.25465294438298874,0.16295601984035044,2026-09-12b
0.42370245107897125,0.1418694586427243,2026-09-12b
0.38057178995617047,0.1611806526529376,2026-09-12b
0.4041473461380506,0.23577039347463843,2026-09-12b
0.4257405263353052,0.048509353952991816,2026-09-12b
0.26273240299423534,0.6332111881957716,2026-09-12b
0.4322805591262296,0.1078394576161851,2026-09-12b
0.32351176604054765,0.15002368140744324,2026-09-12b
0.46415136358165393,0.03658106335673453,2026-09-12b
0.4490748441892602,0.03629814775771265,2026-09-12b
0.3281481877684416,0.24763054725425745,2026-09-12b
0.38017788464472757,0.09452368373454656,2026-09-12b
0.4755941160050648,0.06772426104632702,2026-09-12b
0.4182304848443333,0.15040310422314415,2026-09-12b
0.43856768204276614,0.03086258057717563,2026-09-12b
0.45088979126208967,0.1875194888719009,2026-09-12b
0.46698516334973644,0.07256995083961591,2026-09-12b
0.41120235523081555,0.03976930883268741,2026-09-12b
0.32258617226190867,0.0402520321290688,2026-09-12b
0.7432509114871282,0.9594180493868973,2026-09-12b
0.5422451808078961,0.03436388792957816,2026-09-12b
0.3836836321562656,0.046743253309346075,2026-09-12b
0.24456180597052024,0.3301360459823448,2026-09-12b
0.3629063415529512,0.21772822330979355,2026-09-12b
0.7232580114201298,0.009757508027202148,2026-09-12b
0.4151362896188306,0.03802518188577245,2026-09-12b
0.38860991743093326,0.059468993978084195,2026-09-12b
0.4271267881207336,0.16294784445233532,2026-09-12b
0.4081467777513568,0.1498611061526425,2026-09-12b
0.41467688539477654,0.04475244455060474,2026-09-12b
0.31722557022463943,0.11231825746277815,2026-09-12b
0.3270929846151185,0.05347817595433047,2026-09-12b
0.2960284400742782,0.3468650352113096,2026-09-12b
0.393557138605182,0.07407680268719861,2026-09-12b
0.4021313094381947,0.17867040997001185,2026-09-12b
0.3207318515710033,0.13813993200743976,2026-09-12b
0.4520722507634653,0.09116821551978398,2026-09-12b
0.3781787685759445,0.05283241245826655,2026-09-12b
0.3602541679908011,0.6926153749142793,2026-09-12b
0.68497344559334,0.011566518008344547,2026-09-12b
0.8290404391983293,0.5619696396623871,2026-09-12b
0.4027017444413968,0.28635393494482797,2026-09-12b
0.3733016992243663,0.0793409940888301,2026-09-12b
0.3853347313138556,0.040881094283132455,2026-09-12b
0.3548000647796727,0.22004950944761126,2026-09-12b
0.4434388137864825,0.13584498854002539,2026-09-12b
0.3536760121814214,0.07172612660248913,2026-09-12b
0.2850416310507051,0.5409838758251999,2026-09-12b
0.39396676051667473,0.08706031039126216,2026-09-12b
0.4045895181185935,0.1749322038956589,2026-09-12b
0.35534299680188997,0.10654712074418589,2026-09-12b
0.7468553682141952,0.32496123853227593,2026-09-12b
0.30686846139788454,0.2641770726021123,2026-09-12b
0.45713252592714304,0.033338202718527235,2026-09-12b
0.4405527443157842,0.0308963386793089,2026-09-12b
0.4085387646899169,0.12386217240557891,2026-09-12b
0.4190243305909185,0.05889593036910114,2026-09-12b
0.46425912407528636,0.025272310185039587,2026-09-12b
0.4289394299553692,0.04203423895767007,2026-09-12b
0.33983482404755105,0.32147116278532073,2026-09-12b
0.29871205954256513,0.15196909622606383,2026-09-12b
0.2996313169886544,0.0692697174145903,2026-09-12b
0.4097970169603878,0.06627414385858912,2026-09-12b
0.36685670745792004,0.08180546797946175,2026-09-12b
0.43379980009221353,0.07732979620574469,2026-09-12b
0.4269095760454767,0.3461126388216352,2026-09-12b
0.5714427631071411,0.044774731525636415,2026-09-12b
0.4430597231962179,0.05362932992217431,2026-09-12b
0.5281655207869554,0.054663456524255145,2026-09-12b
0.36970561051246836,0.12187581170952239,2026-09-12b
0.4235337505388385,0.0896803498193081,2026-09-12b
0.41498453093714865,0.0481534754340887,2026-09-12b
0.4368818842704076,0.06191839887714358,2026-09-12b
0.37899628670716556,0.0673751333708257,2026-09-12b
0.4821468257750727,0.14111201100242868,2026-09-12b
0.3441112636574299,0.22657197844114846,2026-09-12b
0.4266570637864641,0.09084377545618376,2026-09-12b
0.3014641705410677,0.19577584539444895,2026-09-12b
0.38011709546855504,0.10799229848588922,2026-09-12b
0.39335967536569966,0.11882597294100009,2026-09-12b
0.39361707890583586,0.3365077427737102,2026-09-12b
0.6548906231514814,0.0016177971943990876,2026-09-12b
0.489494586558534,0.20392352383521314,2026-09-12b
0.3003141651578145,0.28789404151718406,2026-09-12b
0.37589261663168383,0.049630862931073674,2026-09-12b
0.3354927073453592,0.11894735372541933,2026-09-12b
0.3672315371549698,1.1717237670402438,2026-09-12b
0.4122319565075636,0.4250448085022403,2026-09-12b
0.3557819270844214,0.10399610833431083,2026-09-12b
0.39391422452396013,0.04867839404982345,2026-09-12b
0.33981477043267927,0.10826838652236725,2026-09-12b
0.35905562698519994,0.4471840876728001,2026-09-12b
0.776984570808755,0.41837924451513814,2026-09-12b
0.4847430493432447,0.11481030032387571,2026-09-12b
0.29762767319881867,0.15182193309102235,2026-09-12b
0.4153848312240672,0.12992250376016107,2026-09-12b
0.4122364813606059,0.04384753346076008,2026-09-12b
0.37264028956196427,0.17263716522931596,2026-09-12b
0.2578958560711761,0.5322579709282931,2026-09-12b
0.3415943165140877,0.17083322886446592,2026-09-12b
0.40629008647380493,0.10903486945832937,2026-09-12b
0.3018957850946227,0.30458123583835983,2026-09-12b
0.3566424731267927,0.07833881692284594,2026-09-12b
0.3131859688137143,0.04239101727114523,2026-09-12b
0.3106991463345178,0.14315202825989176,2026-09-12b
0.3723370868202829,0.3079724686032627,2026-09-12b
0.49685156923995194,0.3999913768620704,2026-09-12b
0.3560978862952228,0.2541829884736147,2026-09-12b
0.40042806440451745,0.05451822009644724,2026-09-12b
0.43020939881739384,0.0662114929688646,2026-09-12b
0.24575342758156904,0.17335152591389805,2026-09-12b
0.4744791226436559,0.6711207366745158,2026-09-12b
0.2488937581821888,0.348235154575551,2026-09-12b
0.3817323946275555,0.13527638491518904,2026-09-12b
0.27026850546033804,0.02457552418592218,2026-09-12b
0.3682348427374259,0.8417789931448764,2026-09-12b
0.36578736490087965,0.04797408826061685,2026-09-12b
0.4156214888056515,0.17672494302018815,2026-09-12b
0.5229317915728308,0.03776684525247483,2026-09-12b
0.3972254156225687,0.06213833242749182,2026-09-12b
0.34889816119399025,0.11647089569956717,2026-09-12b
0.3199430092395164,0.07989781752370942,2026-09-12b
0.4057459427827353,0.12691607478987094,2026-09-12b
0.4127261271687852,0.07125022009496224,2026-09-12b
0.27719131916572803,0.41500378741734206,2026-09-12b
0.4260534568283071,0.03577308557538653,2026-09-12b
0.4098636291393763,0.2314691672372818,2026-09-12b
0.40723094393704373,0.61652382113011,2026-09-12b
0.3700121110331972,0.06081290733349494,2026-09-12b
0.3828136696466263,0.20964694271654838,2026-09-12b
0.4168137879856138,0.049161707927529635,2026-09-12b
0.345932382868355,0.04866106684827499,2026-09-12b
0.26076356074963086,0.1368282155676171,2026-09-12b
0.3578610552330282,0.11331226727705591,2026-09-12b
0.35484782216307814,0.30182418366479125,2026-09-12b
0.3159528637593605,0.2625757282164635,2026-09-12b
0.4570045462342829,0.054648388509624904,2026-09-12b
0.31284781140556606,0.3233062013864463,2026-09-12b
0.34051765635069586,0.13991505762056353,2026-09-12b
0.45377389871734386,0.06745582470739472,2026-09-12b
0.38295473597650487,0.08338524319063838,2026-09-12b
0.38959324510470267,0.1574041261897971,2026-09-12b
0.2983150794783833,0.22897347450989014,2026-09-12b
0.8594275379168942,0.5898156562054263,2026-09-12b
0.26606219213093085,0.39110936166641835,2026-09-12b
0.39860087148940304,0.11750552857315226,2026-09-12b
0.4246606991028047,0.07787789450268953,2026-09-12b
0.4082111676243559,0.18708252284177093,2026-09-12b
0.4178772767499991,0.09213445272977276,2026-09-12b
0.3862071431739137,0.11662769785014739,2026-09-12b
0.39033735007589293,0.11102655256538993,2026-09-12b
0.38190580131643836,0.090017452398791,2026-09-12b
0.333501116925904,0.1733218791051663,2026-09-12b
0.3816222639114315,0.2705529586217443,2026-09-12b
0.7984958758868956,0.7211372661109524,2026-09-12b
0.42835525981520134,0.12371259495981406,2026-09-12b
0.4184096227188133,0.10325303304595794,2026-09-12b
0.5172687865958664,0.04920868269875841,2026-09-12b
0.3894208976801491,0.12633338103287356,2026-09-12b
0.4368311551508547,0.09930322758431911,2026-09-12b
0.30972434026725576,0.20824651520942344,2026-09-12b
0.5445389636992354,0.07953938783554329,2026-09-12b
0.4458832278326706,0.10527287098725993,2026-09-12b
0.40392450009782616,0.17510483778940295,2026-09-12b
0.38078486224484354,0.057448852176708795,2026-09-12b
0.9055265205186221,0.11635372738460059,2026-09-12b
0.33887289968939016,0.2518469257314573,2026-09-12b
0.4446503845363816,0.03911724630969334,2026-09-12b
0.3502668503799089,0.05538898319953106,2026-09-12b
0.35269651718878775,0.4233561683887016,2026-09-12b
0.33489030982454243,0.34691057718123136,2026-09-12b
0.4579737138271913,0.20030507865279656,2026-09-12b
0.46677035017454543,0.061637701423654725,2026-09-12b
0.4069271726565827,0.0476821681842462,2026-09-12b
0.47187419174405254,0.03207148792354788,2026-09-12b
0.2950822118947612,0.08550925000691015,2026-09-12b
0.8729263217115938,0.9734559117142589,2026-09-12b
0.44079014875578837,0.1492339009774853,2026-09-12b
0.6573913251027892,0.041279203908155364,2026-09-12b
0.306389706802568,0.6341836672995557,2026-09-12b
0.3771790181134263,0.14256230384966034,2026-09-12b
0.4324007898223996,0.02973815736391965,2026-09-12b
0.324389224733073,0.08655729635729671,2026-09-12b
0.43573807302274936,0.1430203289876165,2026-09-12b
0.3974401961305138,0.10000153105142666,2026-09-12b
0.36702535477415044,0.11968120062651773,2026-09-12b
0.3390425178337714,0.257938512829198,2026-09-12b
0.7384754089927659,0.6089994564684709,2026-09-12b
0.4047386429443185,0.07826829173216428,2026-09-12b
0.400537188769306,0.11447998503613321,2026-09-12b
0.3466948520403284,0.16531829582672364,2026-09-12b
0.4305080784523682,0.18929827644512986,2026-09-12b
0.6669662157301842,0.08716113395856626,2026-09-12b
0.36313297926792537,0.18233720263356418,2026-09-12b
0.3784914439533856,0.27230875015686673,2026-09-12b
0.4398748225831202,0.08310753505538857,2026-09-12b
0.2765391635940781,0.23818325237520735,2026-09-12b
0.4431559966769644,0.08681675800017682,2026-09-12b
0.4228649137757833,0.0768771116056335,2026-09-12b
0.38278538818767943,0.09287088981448144,2026-09-12b
0.4726680563955618,0.05026276880589431,2026-09-12b
0.41422301076164747,0.034949200447490836,2026-09-12b
0.43774424340455503,0.03310564333626048,2026-09-12b
0.32023903108033414,0.06795167272166737,2026-09-12b
0.27422244866375406,0.13450338672050816,2026-09-12b
0.44942583427102367,0.04401853524079132,2026-09-12b
0.30243646611087044,0.1505045076211367,2026-09-12b
0.4036301453299368,0.03175558107174096,2026-09-12b
0.7333273737792381,0.2681831245630484,2026-09-12b
0.3478530232289415,0.2857535180914897,2026-09-12b
0.3773407691775109,0.14666448807806043,2026-09-12b
0.40165725553882775,0.05884183026243333,2026-09-12b
0.3894211317693389,0.04879504203998011,2026-09-12b
0.3594309241168586,0.07655051874177982,2026-09-12b
0.3877438178758654,0.0689391524747811,2026-09-12b
0.39446167726566184,0.1877219041638631,2026-09-12b
0.4785294516312715,0.18883679659516994,2026-09-12b
0.4043793309079473,0.10684599238201745,2026-09-12b
0.44884543987173403,0.07962798703456131,2026-09-12b
0.7543133098422431,0.6510295754400063,2026-09-12b
0.2557137004381694,0.20542514651909455,2026-09-12b
0.39462290866058286,0.046180646678889214,2026-09-12b
0.508173586964101,0.06728713036145012,2026-09-12b
0.4228425640327839,0.08943139896302559,2026-09-12b
0.46728909008076996,0.06153182138807448,2026-09-12b
0.44604028326211315,0.19064366328748736,2026-09-12b
0.4042068022852404,0.06941882401746513,2026-09-12b
0.3550829903607735,0.12412141787181051,2026-09-12b
0.4080940815368153,0.03297215390908368,2026-09-12b
0.41582112233748936,0.05801230502288278,2026-09-12b
0.552954174011849,0.14453405892563775,2026-09-12b
0.35268615996927205,0.1290870047769114,2026-09-12b
0.45390841038327273,0.10142466719337076,2026-09-12b
0.4129785369334345,0.03837203072871362,2026-09-12b
0.3145545723428598,0.1672007803572917,2026-09-12b
0.4318437496882629,0.09469060311243542,2026-09-12b
0.4539431037835818,0.12437450767656709,2026-09-12b
0.4344199894882443,0.024362550553686666,2026-09-12b
0.4116861116185722,0.243040347036377,2026-09-12b
0.3458990091378287,0.055652225860518774,2026-09-12b
0.8059981406368009,0.5341643647050183,2026-09-12b
0.36843755710458204,0.061582440164224164,2026-09-12b
0.34375821243024157,0.2783243550629888,2026-09-12b
0.4061041423068921,0.16237519450889415,2026-09-12b
0.4438896017933745,0.40426874576341904,2026-09-12b
0.385841337488133,0.3304339623848209,2026-09-12b
0.4204121919236624,0.0333908206496819,2026-09-12b
0.4579325837779948,0.03971478537726016,2026-09-12b
0.37517026992393804,0.14304212254114967,2026-09-12b
0.47450851594494,0.0489427608507718,2026-09-12b
0.40078596363660424,0.33693077717565995,2026-09-12b
0.9583868692290558,0.6345487291342664,2026-09-12b
0.40025935141868985,0.07939435062547055,2026-09-12b
0.3155392207932507,0.09473801739167412,2026-09-12b
0.35477883397804166,0.14561671389750744,2026-09-12b
0.32509214232556277,0.283332924517197,2026-09-12b
0.4188537012167626,0.04560423546697743,2026-09-12b
0.4218622972461811,0.09321829960614134,2026-09-12b
0.36515708393403146,0.3827954286768299,2026-09-12b
0.3379096681694444,0.195314483190409,2026-09-12b
0.42218820549858604,0.07897823049202997,2026-09-12b
0.33232846122489823,0.3448174169917891,2026-09-12b
0.750859961325405,0.16349147930467725,2026-09-12b
0.4081228160718649,0.22743922443801493,2026-09-12b
0.5430295145896112,0.029918730483471004,2026-09-12b
0.4179068647583172,0.14026889832400047,2026-09-12b
0.40225706009478457,0.08245998192511592,2026-09-12b
0.3545681639058384,0.15669350571219498,2026-09-12b
0.4288718860031431,0.06840720780585714,2026-09-12b
0.34096868275964526,0.04565021998427305,2026-09-12b
0.4009756360641682,0.12789148012038465,2026-09-12b
0.49451714788944356,0.024745259423930865,2026-09-12b
0.36994390811342026,0.21900324754381698,2026-09-12b
0.7762174904268759,0.3472950022316525,2026-09-12b
0.3806803552571153,0.17776771864324675,2026-09-12b
0.4297737513292287,0.10968006368319781,2026-09-12b
0.30473719050443976,0.0926659908667122,2026-09-12b
0.308811715650145,0.17753574802447913,2026-09-12b
0.40513714692420943,0.14000838419080197,2026-09-12b
0.32360651538477386,0.2149208784033561,2026-09-12b
0.43694249926671946,0.05285449100205093,2026-09-12b
0.3646865370057462,0.07384456920558669,2026-09-12b
0.4666878166133791,0.032540636379491165,2026-09-12b
0.4210031981238895,0.11239702347065175,2026-09-12b
0.7324165664190416,1.0387925078401363,2026-09-12b
0.4596001872435791,0.1381668358047986,2026-09-12b
0.35746237618964477,0.35820678722817495,2026-09-12b
0.44691422179122015,0.13518983696439654,2026-09-12b
0.32759652123769717,0.08325621740840906,2026-09-12b
0.3531942089522052,0.02849240086825109,2026-09-12b
0.3765366609778192,0.32100848875999416,2026-09-12b
0.26399227992596824,0.09573077688651208,2026-09-12b
0.2993495064345339,0.12461705848272728,2026-09-12b
0.36853597957965406,0.02153390792376998,2026-09-12b
0.38742418581202404,0.3160791119139148,2026-09-12b
0.7424380374379881,1.0066207397806073,2026-09-12b
0.3624902620499825,0.03678150053633557,2026-09-12b
0.2975954398234783,0.04689658278181737,2026-09-12b
0.29201752522313124,0.30011720935969366,2026-09-12b
0.4354504296797519,0.029470265672476986,2026-09-12b
0.5178486982148709,0.07420014142606654,2026-09-12b
0.283238113410122,0.48849222386089935,2026-09-12b
0.37328071327752554,0.18751004791607387,2026-09-12b
0.4198148509064805,0.0807724835041732,2026-09-12b
0.3923994374584226,0.03775722932249218,2026-09-12b
0.3699329894156718,0.34483009305041623,2026-09-12b
0.530215997744268,1.1373028747393812,2026-09-12b
0.2985340431198634,0.037295235261067865,2026-09-12b
0.33461937014945203,0.1160849617632043,2026-09-12b
0.419716174147511,0.38552978814739897,2026-09-12b
0.44085584311306836,0.15825476778271375,2026-09-12b
0.40385673002357764,0.2494157364916489,2026-09-12b
0.3487847563081746,0.13911056316713497,2026-09-12b
0.30708495079021125,0.3363015712253725,2026-09-12b
0.35186482664947494,0.28396672775047993,2026-09-12b
0.4579419718260658,0.11592986670276123,2026-09-12b
0.40079164774433185,0.039299453628933854,2026-09-12b
0.42082663537666093,0.0495463358986688,2026-09-12b
0.3738277168064608,0.054629997003671604,2026-09-12b
0.34592550816479434,0.08153724611930696,2026-09-12b
0.31962183767872404,0.11143225428759512,2026-09-12b
0.4682265697109186,0.0802841284981672,2026-09-12b
0.3070783738278103,0.02628552650869468,2026-09-12b
0.3588364124826365,0.1460272540301941,2026-09-12b
0.38660725001389085,0.1479440346595006,2026-09-12b
0.4229633251338933,0.09587532004789413,2026-09-12b
0.4632440330631126,0.07071200403154515,2026-09-12b
0.5908124405684418,1.2638415167971442,2026-09-12b
0.3234183161916384,0.06246376316627296,2026-09-12b
0.38198123864805755,0.186708986898976,2026-09-12b
0.36091024220534446,0.19415318039059745,2026-09-12b
0.2681351183265421,0.11749792897920044,2026-09-12b
0.42273164018513004,0.08465813309366041,2026-09-12b
0.4368030130295394,0.07761288539690714,2026-09-12b
0.5109579483141389,0.14420292470032184,2026-09-12b
0.4132722926469443,0.1223463984840568,2026-09-12b
0.4219328895626004,0.09584276404797312,2026-09-12b
0.4297173043085493,0.07845815106265082,2026-09-12b
0.4167156028755266,0.22325491965711133,2026-09-12b
0.3902480357616424,0.2556785316039331,2026-09-12b
0.3234662397292264,0.13715323306238505,2026-09-12b
0.33672811396566293,0.12878179867521794,2026-09-12b
0.41030550290185513,0.07329411434852016,2026-09-12b
0.24735318913122162,0.6385891727055258,2026-09-12b
0.47649415994395433,0.0514521820690031,2026-09-12b
0.3856774132447315,0.1096516235402733,2026-09-12b
0.4198888350365373,0.0310331377249857,2026-09-12b
0.42660489439408117,0.050510977658940394,2026-09-12b
0.9505159811519416,0.6192549387847173,2026-09-12b
0.3903100290879091,0.1218829422999997,2026-09-12b
0.4037648062737103,0.1988167533093621,2026-09-12b
0.4953513950275855,0.37953923022597014,2026-09-12b
0.42253177041269463,0.06424445545078919,2026-09-12b
0.2699569694962997,0.20716077692263782,2026-09-12b
0.40311318846326144,0.14157990800804413,2026-09-12b
0.4308831305967371,0.21610294111938652,2026-09-12b
0.42309741246235166,0.14149528549386423,2026-09-12b
0.4428678110828925,0.0639046789880911,2026-09-12b
0.15884029559192883,0.4007058933157049,2026-09-12b
0.8192087138417287,1.0806592611092611,2026-09-12b
0.39301471584469233,0.080414479185887,2026-09-12b
0.364301882852239,0.026435880145835134,2026-09-12b
0.4357245746299077,0.40365236593522263,2026-09-12b
0.29985473370908966,0.32674615272643087,2026-09-12b
0.3643882397124422,0.21588380774205826,2026-09-12b
0.44725422839620615,0.0523320898481366,2026-09-12b
0.26054555773515126,0.0811558339709549,2026-09-12b
0.3576265744089506,0.5298428430705396,2026-09-12b
0.3354411567507896,0.028516236104740196,2026-09-12b
0.3718101670477493,0.2789634562402702,2026-09-12b
0.9289474957640269,0.316508531490387,2026-09-12b
0.35745085514800534,0.0758144298594264,2026-09-12b
0.516663726817851,0.11596793424729374,2026-09-12b
0.4228526137790561,0.036348046524055835,2026-09-12b
0.3926185565775676,0.06265771282363135,2026-09-12b
0.40090663497612444,0.05970363302372917,2026-09-12b
0.4176081564754542,0.2213426068197492,2026-09-12b
0.39997300342255343,0.08784508286484391,2026-09-12b
0.43970840046280396,0.032340123189332305,2026-09-12b
0.4321180132373288,0.09269229812169645,2026-09-12b
0.3357620971920459,0.24759832141419202,2026-09-12b
0.43600989319866096,0.04476823101746177,2026-09-12b
0.4482967143453849,0.12395191645667654,2026-09-12b
0.23758529163427144,0.1630654118506706,2026-09-12b
0.31522066835613616,0.41268444129880055,2026-09-12b
0.40843233791644074,0.0451741421957909,2026-09-12b
0.35654029503143253,0.08940236095708583,2026-09-12b
0.3876238473552444,0.03681011793532836,2026-09-12b
0.5148280952196858,0.10733761414872298,2026-09-12b
0.40526924081697463,0.11611587840672458,2026-09-12b
0.3875913734255139,0.12447547551182508,2026-09-12b
0.3741806714706704,0.11532745398201442,2026-09-12b
0.2852176597694706,0.1486104494356833,2026-09-12b
0.3329946308368445,0.1949838060863548,2026-09-12b
0.37738031731327604,0.1954684327412615,2026-09-12b
0.4288738656762745,0.03856780727383033,2026-09-12b
0.27622348313316425,0.17975394576650242,2026-09-12b
0.4407203415715004,0.24470845647316522,2026-09-12b
0.3006356587103717,0.22051624294299596,2026-09-12b
0.39346677541466835,0.2847991931750805,2026-09-12b
0.326787087856592,0.08041109708652239,2026-09-12b
0.3169266523825408,0.2578159213085995,2026-09-12b
0.409407590554226,0.04910088411320002,2026-09-12b
0.34622273335030285,0.23193619544992528,2026-09-12b
0.48893315358705075,0.17094901924136852,2026-09-12b
0.2703551010550745,0.30002856249505905,2026-09-12b
0.4212504944450961,0.14219114821116483,2026-09-12b
0.21148802475986261,0.26881326687365115,2026-09-12b
0.4334195684517423,0.17808276312123822,2026-09-12b
0.31872570522605215,0.18342925315419908,2026-09-12b
0.4060396788628405,0.04727126119587441,2026-09-12b
0.41779243360027457,0.20231243824036696,2026-09-12b
0.36690862572382044,0.2276181696842099,2026-09-12b
0.41035440463681466,0.07916307355986904,2026-09-12b
0.44313491141664024,0.11579433689373149,2026-09-12b
0.4414780233101393,0.051228653039265756,2026-09-12b
0.40433086565880455,0.1447565907828451,2026-09-12b
0.3506056121959261,0.020278346961506537,2026-09-12b
0.4191996855371996,0.07993365333106306,2026-09-12b
0.4331633980255592,0.13448090081695255,2026-09-12b
0.3397281922700273,0.15529458849872155,2026-09-12b
0.4206871124611627,0.05852627992263159,2026-09-12b
0.35359429615405685,0.11206835603087169,2026-09-12b
0.3977543432946983,0.03750033712837293,2026-09-12b
0.32918165424584356,0.35247160858423005,2026-09-12b
0.3137580736209607,0.11342179935503544,2026-09-12b
0.368603033269265,0.10962537919327939,2026-09-12b
0.3275242482649193,0.06916264403965658,2026-09-12b
0.29916714712569087,0.0975202412186018,2026-09-12b
0.36509779316282875,0.2702660983296465,2026-09-12b
0.2871396571152555,0.11778832587679584,2026-09-12b
0.35495357755888873,0.19301375104034757,2026-09-12b
0.4405299065468192,0.09412095554335542,2026-09-12b
0.6258703532515989,0.04698275065286202,2026-09-12b
0.45672394859309234,0.05133666853296189,2026-09-12b
0.3706671554786938,0.10044653959994715,2026-09-12b
0.39266398777570766,0.0544893004212182,2026-09-12b
0.342515422906842,0.07154155950368686,2026-09-12b
0.48325760232543186,0.03815359849344882,2026-09-12b
0.342178012051035,0.43378474405628936,2026-09-12b
0.30992464455664775,0.17095032925784598,2026-09-12b
0.29088823885066034,0.10995587710900556,2026-09-12b
0.2664118428277384,0.10744889031477588,2026-09-12b
0.3531024922655937,0.0803812213684426,2026-09-12b
0.38455659233594847,0.22904788770615747,2026-09-12b
0.4601502236338009,0.032112095126297965,2026-09-12b
0.3494733792699516,0.09084619675054618,2026-09-12b
0.4078399643039698,0.12997061259958023,2026-09-12b
0.38045617861138115,0.05762301106648559,2026-09-12b
0.40012586147239226,0.05794134964977401,2026-09-12b
0.37813600242800827,0.12313344176946973,2026-09-12b
0.9420740572683012,1.7406224322659132,2026-09-12b
0.4256332145380103,0.09334107163967842,2026-09-12b
0.4350091327123979,0.04164933971777928,2026-09-12b
0.37042327946501463,0.0435964890411057,2026-09-12b
0.38987826773249257,0.04572673870029386,2026-09-12b
0.3613508625496425,0.22251798377544635,2026-09-12b
0.3121047135503577,0.25547188226870116,2026-09-12b
0.36554237213385876,0.06613077991375702,2026-09-12b
0.3371876571017499,0.028303773479337553,2026-09-12b
0.4053227914070375,0.06181616028024164,2026-09-12b
0.3010519971292177,0.1273402141704413,2026-09-12b
0.6673496282102445,1.4598916861229165,2026-09-12b
0.36500227860705076,0.3237520135199809,2026-09-12b
0.34392444849364756,0.06005459132220592,2026-09-12b
0.3044974134296023,0.18172710573053305,2026-09-12b
0.38505476547884454,0.048569533401677856,2026-09-12b
0.35506125899791124,0.45157256090554526,2026-09-12b
0.440054653914008,0.07045229519646334,2026-09-12b
0.2944322996411199,0.1945873016657366,2026-09-12b
0.332640517063687,0.7290362010223405,2026-09-12b
0.39791539840015117,0.1407589106710076,2026-09-12b
0.3885431446416356,0.05837297222123128,2026-09-12b
0.8563025513247754,1.0968490465207381,2026-09-12b
0.8887987756794252,0.6638009108792466,2026-09-12b
0.4216988496291786,0.11073963586956635,2026-09-12b
0.40897702491563137,0.048258599199866165,2026-09-12b
0.41852256382024033,0.1995726215422016,2026-09-12b
0.4216601175886311,0.1573669999541859,2026-09-12b
0.3083803625931582,0.39912577897774115,2026-09-12b
0.406615393028113,0.032655571989495986,2026-09-12b
0.3273731311874333,0.15178265020464926,2026-09-12b
0.35736135412740605,0.03786246134587564,2026-09-12b
0.42969848108921715,0.06441141629139693,2026-09-12b
0.4212389418324339,0.11272596149932411,2026-09-12b
0.425809895864506,0.031485291552661644,2026-09-12b
0.27232693110483375,0.053875952151916,2026-09-12b
0.38657609354529066,0.09222165538288009,2026-09-12b
0.38455623639103836,0.2452239019339113,2026-09-12b
0.4242696731256084,0.24252093671223598,2026-09-12b
0.3037074471173881,0.2358932895111589,2026-09-12b
0.43586584920232585,0.0368586072263044,2026-09-12b
0.40929173955206744,0.05710477562015737,2026-09-12b
0.3822692707140539,0.20515715351039007,2026-09-12b
0.3766760241057553,0.17418125414352245,2026-09-12b
0.5349276581715349,3.1858630821849165,2026-09-12b
0.3861896285247509,0.08711597280956612,2026-09-12b
0.4079315200288071,0.11866787298702736,2026-09-12b
0.3445899440218685,0.4965954491602515,2026-09-12b
0.40968770095032425,0.07547402285109049,2026-09-12b
0.3415232607319255,0.14829511071593113,2026-09-12b
0.3600364244779167,0.38838259433853967,2026-09-12b
0.3898212564157797,0.16626317754263406,2026-09-12b
0.30611223813639354,0.058471593788533255,2026-09-12b
0.3817747993024067,0.049615218013074426,2026-09-12b
0.38293304515835375,0.12802515057331657,2026-09-12b
0.923857672241877,0.6389567547525727,2026-09-12b
0.3109053347725472,0.07261359632993648,2026-09-12b
0.4743717744511131,0.10006091601998797,2026-09-12b
0.2565069582538554,0.08008029995305344,2026-09-12b
0.40919577081414193,0.2740937138089354,2026-09-12b
0.4123027995704033,0.15815457161451496,2026-09-12b
0.3490110339620724,0.34964379836921244,2026-09-12b
0.4422375905359046,0.1378301757154727,2026-09-12b
0.47199891642512176,0.054719876581300744,2026-09-12b
0.5432362995062233,0.09497476013619188,2026-09-12b
0.35504069208107303,0.18160424175689874,2026-09-12b
0.46400269344864176,0.0890197086046074,2026-09-12b
0.4080665328350223,0.0938358497594206,2026-09-12b
0.3757721126991947,0.09636676895845601,2026-09-12b
0.3095031178700086,1.0807784946017778,2026-09-12b
0.3553380992040204,0.2849987393595249,2026-09-12b
0.30826905953372646,0.11218225686338028,2026-09-12b
0.2953537963429254,0.06622467884495238,2026-09-12b
0.42135823647202336,0.03672421040065379,2026-09-12b
0.43160135585498416,0.0705254434970024,2026-09-12b
0.3861260609752245,0.062931510095317,2026-09-12b
0.3889610514853733,0.1133311650876739,2026-09-12b
0.3294683849625848,0.0791302290863951,2026-09-12b
0.4089349994014105,0.058210043110547824,2026-09-12b
0.3890003453301228,0.07708355872959936,2026-09-12b
0.2889336388848859,0.11360734368477468,2026-09-12b
0.4525883960936866,0.08673111609934275,2026-09-12b
0.24194919138206408,0.06550789147549407,2026-09-12b
0.314201025025374,0.16389300965303044,2026-09-12b
0.3504953007264691,0.12843259579635152,2026-09-12b
0.4182633084495961,0.03193556561792751,2026-09-12b
0.8311975930187667,0.32713040635690416,2026-09-12b
0.42389453122417614,0.07327217864619516,2026-09-12b
0.47804924642309127,0.36670939421060733,2026-09-12b
0.41557157551627166,0.05875946354603947,2026-09-12b
0.39506680141419087,0.09155200145878238,2026-09-12b
0.36410859621575226,0.0695830130706153,2026-09-12b
0.4709598538204961,0.13974556343514444,2026-09-12b
0.3947959961672162,0.13985270177625675,2026-09-12b
0.3262568919910208,0.1697791272195987,2026-09-12b
0.42602355666624014,0.16434542375346095,2026-09-12b
0.4308596087122861,0.029427017694493768,2026-09-12b
0.2670975378792791,0.45709611804819544,2026-09-12b
0.3905510974383031,0.12757487391639338,2026-09-12b
0.3388414931314694,0.3531515525986361,2026-09-12b
0.3017874386554623,0.10081242412196445,2026-09-12b
0.39728535040582585,0.05135640811418839,2026-09-12b
0.5135401044994973,0.047311532121212925,2026-09-12b
0.33542754002911096,0.2681550910055526,2026-09-12b
0.3570710958773147,0.1281591186884672,2026-09-12b
0.30352455956885355,0.028867213756890806,2026-09-12b
0.23934628441835887,0.05306498375134814,2026-09-12b
0.7606693372261968,0.4041180783775344,2026-09-12b
0.42267513981836136,0.08921289782664923,2026-09-12b
0.39571688448445813,0.13283002494182738,2026-09-12b
0.33284354861809556,0.3950305023250557,2026-09-12b
0.3903826415043055,0.12043084071458693,2026-09-12b
0.7030606991739722,1.102694883701831,2026-09-12b
0.40478017553437484,0.09928957451764805,2026-09-12b
0.4018065827057679,0.033354707804135096,2026-09-12b
0.3553749430575532,0.17065244070257843,2026-09-12b
0.44356942878675726,0.06701831520805863,2026-09-12b
0.4410600091468971,0.1313163255010677,2026-09-12b
0.7528243807965019,0.48157074392103516,2026-09-12b
0.3252939775686517,0.29118907547415157,2026-09-12b
0.4620846968370217,0.11911904603521795,2026-09-12b
0.38351715201343356,0.1285866125419533,2026-09-12b
0.40151098284645154,0.042916327592562115,2026-09-12b
0.32731826525217117,0.13472668623578704,2026-09-12b
0.3507405775787311,0.0308171786135831,2026-09-12b
0.39176186514724787,0.24921342499943852,2026-09-12b
0.3716682571845969,0.17055560739657602,2026-09-12b
0.3341957653200367,0.09629972090146628,2026-09-12b
0.2830485967290681,0.028250058671218724,2026-09-12b
0.4132144821058673,0.2232915319521883,2026-09-12b
0.45818455003305536,0.15767195789897143,2026-09-12b
0.3979256343791944,0.06114639467145166,2026-09-12b
0.37865758640061187,0.09659332954316473,2026-09-12b
0.36457168997152345,0.05446242788954334,2026-09-12b
0.38451492128905845,0.12321153679058522,2026-09-12b
0.3838078117098434,0.196526804230969,2026-09-12b
0.49594280774684907,0.023521014930230233,2026-09-12b
0.3907693992831615,0.05573764910643357,2026-09-12b
0.30480804216414703,0.06907901272730495,2026-09-12b
0.39562573279079216,0.13850312128290168,2026-09-12b
0.3629463723185299,0.13302642981236604,2026-09-12b
0.43161999001661805,0.04785256132690031,2026-09-12b
0.3704866527362843,0.29844169687368843,2026-09-12b
0.4232161182021181,0.16561219034540958,2026-09-12b
0.40399771639264576,0.13436152861763648,2026-09-12b
0.3676193911125931,0.21237533633761846,2026-09-12b
0.3705510133528206,0.11961852423013143,2026-09-12b
0.3677238622693401,0.3284527197589442,2026-09-12b
0.425305316518611,0.054071728626872026,2026-09-12b
0.7149470945404243,2.6384023151834364,2026-09-12b
0.44672989051946416,0.09328719423128165,2026-09-12b
0.3580832923297544,0.08897867651378298,2026-09-12b
0.4028924287953431,0.05324834536823141,2026-09-12b
0.3499137174357011,0.10811940204981876,2026-09-12b
0.34422155993295267,0.037838992381094526,2026-09-12b
0.3974277415009028,0.20960350614038434,2026-09-12b
0.44103167578478125,0.11420730391449682,2026-09-12b
0.2734044333511121,0.08822990622107288,2026-09-12b
0.479157854176134,0.03146242553044252,2026-09-12b
0.5462989915694476,0.0661362378575074,2026-09-12b
0.6691465726015047,1.7851135656444512,2026-09-12b
0.2910172540292985,0.13309044850711693,2026-09-12b
0.263713926684603,0.2843958904405126,2026-09-12b
0.40141743747361686,0.0592964336696662,2026-09-12b
0.43376239684744206,0.03379692550765493,2026-09-12b
0.459597751822526,0.11084498389084864,2026-09-12b
0.43917065513639186,0.1291231500905997,2026-09-12b
0.36992738664057956,0.05652949653197034,2026-09-12b
0.3523645948730429,0.5743944121075083,2026-09-12b
0.21378699684504562,0.2313997871983793,2026-09-12b
0.3675593940197847,0.1513904643361759,2026-09-12b
0.3245351359765887,0.27226106096124464,2026-09-12b
0.4080988750737836,0.0976512074661868,2026-09-12b
0.24274781888555336,0.4445878885649015,2026-09-12b
0.43032434933640007,0.0825457058253556,2026-09-12b
0.3394822029562124,0.10014736257025131,2026-09-12b
0.4224047618619567,0.061196700847288475,2026-09-12b
0.28765039917948204,0.09208908755598613,2026-09-12b
0.3092595869023611,0.2495218930409789,2026-09-12b
0.3834182427922199,0.041725573230819595,2026-09-12b
0.37066300741778824,0.13884493408467277,2026-09-12b
0.5116944196815782,0.8318575988911312,2026-09-12b
0.2691468434174208,0.1495754912503719,2026-09-12b
0.37978902557851046,0.0995037665775354,2026-09-12b
0.39769542912313693,0.10746074080348841,2026-09-12b
0.30146570718930166,0.031455749108725464,2026-09-12b
0.31802106067476993,0.0673163963229233,2026-09-12b
0.4973469175189935,0.3899775907478849,2026-09-12b
0.3569854335723934,0.20148393950223184,2026-09-12b
0.3910792739032966,0.16368659887437723,2026-09-12b
0.43746996051868325,0.13057380102179295,2026-09-12b
0.31637611433930823,0.0835260832360768,2026-09-12b
0.7680178175713877,0.8572007117652993,2026-09-12b
0.34751993585547214,0.09871939305815045,2026-09-12b
0.4370487527423221,0.04949874407449151,2026-09-12b
0.4092250449605703,0.26616469330975734,2026-09-12b
0.4176430684320745,0.17214012395107917,2026-09-12b
0.39278412608834967,0.09899253011854847,2026-09-12b
0.41552291658481955,0.06983951115143364,2026-09-12b
0.49078726040128035,0.09714941601617325,2026-09-12b
0.27801652572893415,0.08472974673820587,2026-09-12b
0.4372691317778326,0.1559352296858553,2026-09-12b
0.37917392216045587,0.13643547171320689,2026-09-12b
0.7232081528873824,1.9819358451324287,2026-09-12b
0.33657776090634633,0.06694809541789082,2026-09-12b
0.4124570410579054,0.06228344311861072,2026-09-12b
0.31613132383902554,0.06457228605730106,2026-09-12b
0.319531158933332,0.15382071046814172,2026-09-12b
0.39121479069988746,0.3011810330624681,2026-09-12b
0.3838835238167574,0.052358866615206126,2026-09-12b
0.42684252028997977,0.06506182593457828,2026-09-12b
0.39954013078311884,0.062391394659797574,2026-09-12b
0.40767662378208536,0.06210127623032426,2026-09-12b
0.3453406023018904,0.09128624915540227,2026-09-12b
0.6244003839640466,2.1364861728618103,2026-09-12b
0.35553453147284364,0.3363367671262486,2026-09-12b
0.3229124411261827,0.19277433366320396,2026-09-12b
0.4317849310014829,0.07346595636965592,2026-09-12b
0.4116679352229023,0.1372123438869135,2026-09-12b
0.41392612269292733,0.18452363979627884,2026-09-12b
0.42216709229029964,0.045450076587711476,2026-09-12b
0.479766097860886,0.12120932529234986,2026-09-12b
0.39374521606771595,0.17285203176989472,2026-09-12b
0.5210238054509175,0.029595900214029348,2026-09-12b
0.35677800229498263,0.10623644576493292,2026-09-12b
0.42176711333351374,0.059646661957937414,2026-09-12b
0.4023835061841477,0.040719197914954354,2026-09-12b
0.5388641605242467,0.09253880091443675,2026-09-12b
0.33558594480814624,0.07541910572531657,2026-09-12b
0.4629606815856922,0.04135160016649256,2026-09-12b
0.48299375233504416,0.16590101327774948,2026-09-12b
0.2893621470643442,0.10601821680689849,2026-09-12b
0.4209708396621157,0.26368907568954036,2026-09-12b
0.45354145256023537,0.06447646343057842,2026-09-12b
0.3074834827482639,0.11273596055695564,2026-09-12b
0.776328849924553,0.907198033027745,2026-09-12b
0.42701894567927257,0.45139205137347277,2026-09-12b
0.3627234051159194,0.1487155363638338,2026-09-12b
0.40255060031738554,0.14384237450309934,2026-09-12b
0.2778823553375232,0.12097554189792717,2026-09-12b
0.32966169168492193,0.6167386136994741,2026-09-12b
0.30925993546603536,0.10215446909794061,2026-09-12b
0.4447090803812212,0.10865188465035437,2026-09-12b
0.5307629428741687,0.06513050047911648,2026-09-12b
0.4781446646824243,0.0567629954922434,2026-09-12b
0.3932467112171543,0.04630321323521055,2026-09-12b
0.7881976321609269,0.6969312501095292,2026-09-12b
0.42481206359072754,0.09728890654860729,2026-09-12b
0.35608921638236024,0.05477978250418137,2026-09-12b
0.3571605713269929,0.08284164887862612,2026-09-12b
0.42098748232509725,0.2074706677088687,2026-09-12b
0.41657393303058243,0.12162047826053421,2026-09-12b
0.2948075881583593,0.3434958182384237,2026-09-12b
0.4567801889477428,0.04400542237197873,2026-09-12b
0.47628573268726376,0.06995229133882083,2026-09-12b
0.44338763671999126,0.32971988148448017,2026-09-12b
0.23134476059474798,0.2503404921591307,2026-09-12b
0.34356414019745785,0.18932733557539191,2026-09-12b
0.35206308730361013,0.12001869035988975,2026-09-12b
0.40925230721591316,0.05659571528456944,2026-09-12b
0.31742606024170666,0.04770877855929288,2026-09-12b
0.44409892265018674,0.10042738973305362,2026-09-12b
0.3992708876986705,0.15394091361773563,2026-09-12b
0.3809153869395922,0.0841033141743011,2026-09-12b
0.35611866807867737,0.38226675568964874,2026-09-12b
0.32882698482425815,0.05795994686687868,2026-09-12b
0.43447801539961006,0.07518404906421525,2026-09-12b
0.772806184509086,0.8073529169602857,2026-09-12b
0.24336777573027654,0.13114087161154986,2026-09-12b
0.306975665706684,0.20071897554384438,2026-09-12b
0.3749962528736084,0.09689616559110638,2026-09-12b
0.40020804426272194,0.06057589551558247,2026-09-12b
0.311355049555997,0.040532626554352136,2026-09-12b
0.4211818388273011,0.19109397394093594,2026-09-12b
0.3988679698089545,0.03761306065983335,2026-09-12b
0.4452693835204893,0.049855455528239945,2026-09-12b
0.4286978251153997,0.06629046458298228,2026-09-12b
0.47129600561019874,0.062776225124967,2026-09-12b
0.8802550222571945,0.46870170311464565,2026-09-12b
0.3784289221516573,0.4882674343288769,2026-09-12b
0.43711753033498835,0.04052983957567144,2026-09-12b
0.36318096990373494,0.07769447358299028,2026-09-12b
0.3433006498701341,0.3193198021419472,2026-09-12b
0.3738796495534535,0.02507359741955372,2026-09-12b
0.3962905416514379,0.1517630435556684,2026-09-12b
0.30106480034748867,0.2672080937301517,2026-09-12b
0.452628984392726,0.08496111957986581,2026-09-12b
0.4179082389408523,0.08390966960014756,2026-09-12b
0.3759698848284388,0.3550917152292299,2026-09-12b
0.3430761733139976,0.08855946377980059,2026-09-12b
0.4213947096323753,0.2644464294539291,2026-09-12b
0.42956931300529816,0.05048125672492875,2026-09-12b
0.41123047870883345,0.03557887041852331,2026-09-12b
0.3582119961519397,0.13483033466140976,2026-09-12b
0.39149151119838,0.35225487759241497,2026-09-12b
0.4017597086131611,0.07335530894265534,2026-09-12b
0.4166199194712438,0.1380238607808074,2026-09-12b
0.31073316582211846,0.08640643308557744,2026-09-12b
0.3573506436425746,0.3465335650587786,2026-09-12b
0.557532834696721,8.881771046088746,2026-09-12b
0.4114276699242159,0.16973782450329142,2026-09-12b
0.41047079404567083,0.20518280808922973,2026-09-12b
0.3881523315516946,0.08233082890746751,2026-09-12b
0.4413628978850613,0.025277740348238455,2026-09-12b
0.3100100595029608,0.15417793446661415,2026-09-12b
0.41716960377417667,0.04881778409118531,2026-09-12b
0.3922016186160449,0.046963293447054334,2026-09-12b
0.42590610609476737,0.15075975840804315,2026-09-12b
0.4272501574492961,0.06541858859037819,2026-09-12b
0.4545651763746286,0.05609870918168096,2026-09-12b
0.40888306024914356,0.1267232435603286,2026-09-12b
0.41406500353678394,0.10843094321407004,2026-09-12b
0.30915568049141146,0.03058775099734451,2026-09-12b
0.41303111933032277,0.07668785347587428,2026-09-12b
0.4246838183878192,0.4647115637073044,2026-09-12b
0.42206952505788303,0.09487586840346567,2026-09-12b
0.354258950349452,0.10468414896741693,2026-09-12b
0.4335806626944647,0.0339281066308391,2026-09-12b
0.4219422976960529,0.042069769693121914,2026-09-12b
0.3760611662389998,0.0773530704028801,2026-09-12b
0.7972881233692511,0.6632991187588432,2026-09-12b
0.7907022959222182,0.09586937422324536,2026-09-12b
0.5030714666484599,0.053855238724889655,2026-09-12b
0.4189426783070528,0.1612530164478309,2026-09-12b
0.40796714867779715,0.08239030540065816,2026-09-12b
0.378181697119166,0.23263567822181183,2026-09-12b
0.3818673326792397,0.32310287318042713,2026-09-12b
0.3980517774778327,0.07085186159242259,2026-09-12b
0.3996745112081564,0.0560046669546044,2026-09-12b
0.6294289129802426,0.06336869387816102,2026-09-12b
0.40155956037798385,0.14234854009644132,2026-09-12b
0.36531352502180103,0.13416381726876778,2026-09-12b
0.3707355015900277,0.018724928651144092,2026-09-12b
0.3801593891959289,0.09559221344752651,2026-09-12b
0.5194686040852,0.13533567415393932,2026-09-12b
0.398717392153046,0.06090571765162492,2026-09-12b
0.3895908256274089,0.4304535721467265,2026-09-12b
0.4174927017702156,0.050303523262703605,2026-09-12b
0.3477927493797724,1.145987965091397,2026-09-12b
0.29098574565269625,0.2478572424018676,2026-09-12b
0.3656616449655031,0.11828985413086025,2026-09-12b
0.7101287740946383,1.4767167881132433,2026-09-12b
0.36246193678971567,0.049803546663727216,2026-09-12b
0.46299954180242053,0.15262358941773693,2026-09-12b
0.3655302803710069,0.2328124460594349,2026-09-12b
0.32063071162847623,0.1332005054451523,2026-09-12b
0.37190130032472213,0.05319527918961894,2026-09-12b
0.38610421468524564,0.27867282659099024,2026-09-12b
0.39227907429265935,0.07165318992856981,2026-09-12b
0.43843472566388353,0.04361487183646252,2026-09-12b
0.3806699273242301,0.12679449105706056,2026-09-12b
0.3189728120582444,0.020622874284827012,2026-09-12b
0.6465670587601716,6.055910443345011,2026-09-12b
0.37573892007010123,0.06483106031240897,2026-09-12b
0.34073779008329685,0.1977505810098479,2026-09-12b
0.3828980999294298,0.36156038344157887,2026-09-12b
0.42542291175314556,0.1715345125753677,2026-09-12b
0.38097123142686423,0.3075208676735863,2026-09-12b
0.2959831715751832,0.5757945774215241,2026-09-12b
0.4216845830429659,0.021899942700014212,2026-09-12b
0.33213982719320456,0.22586313933448937,2026-09-12b
0.4355784632447203,0.11375576772963507,2026-09-12b
0.3891995952423896,0.09178693672078561,2026-09-12b
0.42342168114699147,0.2293862020091561,2026-09-12b
0.4262704982772135,0.07404076187652574,2026-09-12b
0.40886773016037853,0.33732337601034396,2026-09-12b
0.34421487315484783,0.03759527237374563,2026-09-12b
0.3475672151724916,0.034364387322871406,2026-09-12b
0.33859068884504234,0.15029020416565075,2026-09-12b
0.3488496064380401,0.05763410561747244,2026-09-12b
0.3739199642284284,0.07363214424568532,2026-09-12b
0.3619241380125833,0.03817366350134961,2026-09-12b
0.40127702045116853,0.08900213769971439,2026-09-12b
0.9461485960124435,0.30811546257855577,2026-09-12b
0.2604094272024933,0.22182127149663175,2026-09-12b
0.2658762167665533,0.09511988686425214,2026-09-12b
0.4050555174324807,0.16337423560428835,2026-09-12b
0.39947237142113545,0.14543470845216905,2026-09-12b
0.42346301640443623,0.27056541282986124,2026-09-12b
0.43032167143368066,0.04983017254052339,2026-09-12b
0.4054565712659929,0.06052537444818985,2026-09-12b
0.3097336758696936,0.2959492097887286,2026-09-12b
0.3837404673858915,0.1117608256521909,2026-09-12b
0.2773288613108963,0.22124880533654676,2026-09-12b
0.9505302321355811,1.2586835428683498,2026-09-12b
0.4289288274627872,0.12192431647093536,2026-09-12b
0.4067734881316333,0.15283988720061037,2026-09-12b
0.3701552732256566,0.03857660285930074,2026-09-12b
0.4139770081553059,0.09959382441537708,2026-09-12b
0.4672476774217371,0.04162164982892371,2026-09-12b
0.39892960310121306,0.10498074022369928,2026-09-12b
0.3929583764284388,0.0880474331407715,2026-09-12b
0.37478831367708987,0.20023444707437138,2026-09-12b
0.9367673182765299,0.0135418084225201,2026-09-12b
0.4424427871558151,0.21790095953854635,2026-09-12b
0.8828769352658511,0.7380447784606162,2026-09-12b
0.26580824901205735,0.0646979121187821,2026-09-12b
0.42318623036389563,0.06501922251336185,2026-09-12b
0.3541660395389361,0.23911704129455869,2026-09-12b
0.30072423581509355,0.2097285228771542,2026-09-12b
0.3668608051991084,0.1150207935871011,2026-09-12b
0.30122460127105655,0.05613586595809238,2026-09-12b
0.2727407082252383,0.16559620149845342,2026-09-12b
0.3319124183485368,0.23562170237621793,2026-09-12b
0.3324218522179633,0.04667116956819136,2026-09-12b
0.4469576886257162,0.08300628885497739,2026-09-12b
0.8822713401994393,0.6188635287199922,2026-09-12b
0.43619044904664567,0.1129841219079226,2026-09-12b
0.3139080164788993,0.08703530942621836,2026-09-12b
0.41896085576728953,0.054829826776639515,2026-09-12b
0.3127121568633158,0.15275290642688005,2026-09-12b
0.3147414878224382,0.06641615845127448,2026-09-12b
0.3612313201095402,0.02144337215563613,2026-09-12b
0.393216441943784,0.16321563916273557,2026-09-12b
0.5087911242374462,0.04202327023912871,2026-09-12b
0.47430322384337065,0.13712228146401353,2026-09-12b
0.45140094016264354,0.19048513911215875,2026-09-12b
0.9789504601045506,0.31980004089565195,2026-09-12b
0.4480194940118279,0.04489342715108166,2026-09-12b
0.39105879246406455,0.13971570658097013,2026-09-12b
0.3171305265597831,0.24141621139365096,2026-09-12b
0.3379137574559458,0.18075709334335188,2026-09-12b
0.3546399605287573,0.3758628580285613,2026-09-12b
0.4264455332473088,0.08076413387299317,2026-09-12b
0.3033637577577416,0.0598646875643303,2026-09-12b
0.35798447251914906,0.03502181796026532,2026-09-12b
0.4368183513041882,0.10303979213400212,2026-09-12b
0.3116055621753369,0.6737577236111583,2026-09-12b
0.3671504817524349,0.22368299321298066,2026-09-12b
0.42506991705560065,0.04486395569944538,2026-09-12b
0.3902980605468559,0.23472854524222642,2026-09-12b
0.32860064860587274,0.15121703738560927,2026-09-12b
0.5360308064763298,0.2476877354886672,2026-09-12b
0.3638516798304763,0.5592045712077103,2026-09-12b
0.38174639327261306,0.04760552230631416,2026-09-12b
0.3621875403762804,0.24158442720367665,2026-09-12b
0.4145285187741746,0.09574338434579081,2026-09-12b
0.4942367238716913,0.09614548748939117,2026-09-12b
0.6477598077572398,7.042459667172224,2026-09-12b
0.3369599101894627,0.07011817657948077,2026-09-12b
0.439689858121673,0.14188233756436056,2026-09-12b
0.5041427196259133,0.2328987754182453,2026-09-12b
0.4225440247792981,0.062445990381995775,2026-09-12b
0.31776955061180856,0.45929223728263185,2026-09-12b
0.4796551054388807,0.05890114310655456,2026-09-12b
0.3212116347760161,0.10276368401006337,2026-09-12b
0.3726861548226483,0.07841752148776192,2026-09-12b
0.38196648110537645,0.01790481939764101,2026-09-12b
0.4279944232601247,0.0611337110761189,2026-09-12b
0.7316506422250809,0.06465487434514208,2026-09-12b
0.4133163980176667,0.09431250213380968,2026-09-12b
0.3745709022687076,0.34630299722138275,2026-09-12b
0.33291259589373934,0.16386421002365087,2026-09-12b
0.4430765721171245,0.035641003594220934,2026-09-12b
0.4240591756939783,0.08394490636237834,2026-09-12b
0.4410493115073258,0.1322676331537428,2026-09-12b
0.4524850399241932,0.04898960888319187,2026-09-12b
0.4012453671018566,0.10568052597790578,2026-09-12b
0.2978785602243248,0.15850891747759457,2026-09-12b
0.6689254340429853,1.2441042655975256,2026-09-12b
0.3540323709097568,0.09198945190899631,2026-09-12b
0.3958466706597597,0.12924578015153743,2026-09-12b
0.4417898567635773,0.09577731763463565,2026-09-12b
0.3319681372354031,0.1161655227493651,2026-09-12b
0.3245507394461152,0.4709491732711547,2026-09-12b
0.48056596099689713,0.03137300853832463,2026-09-12b
0.4077678445374947,0.046828481139276346,2026-09-12b
0.4047467138272977,0.09789350826365269,2026-09-12b
0.3327847176560223,0.9549960840928472,2026-09-12b
0.4265527448786406,0.22793735193279074,2026-09-12b
0.6368876117567718,5.809208234302287,2026-09-12b
0.3717101273405725,0.2067759751819268,2026-09-12b
0.40031949806806977,0.05096161088097348,2026-09-12b
0.43479955267054116,0.07469942590093914,2026-09-12b
0.3388589216313005,0.03657519412342778,2026-09-12b
0.30198368219575855,0.1519544640499912,2026-09-12b
0.26195001128603357,0.1322877956159708,2026-09-12b
0.45638121006517124,0.06779407813859256,2026-09-12b
0.6452512747560004,0.06874236659678952,2026-09-12b
0.3632505903758686,0.06142606376556136,2026-09-12b
0.38988247306365026,0.09647376517158124,2026-09-12b
0.2862115978144687,0.313155141282846,2026-09-12b
0.4052982970038578,0.1648649728118205,2026-09-12b
0.3567786837331999,0.04176236690391648,2026-09-12b
0.38635332956709284,0.058618155551084815,2026-09-12b
0.37408052770641365,0.14754410374793084,2026-09-12b
0.28069672892856884,0.03838806464999603,2026-09-12b
0.42473175944181635,0.0827723821309681,2026-09-12b
0.42762803566876423,0.09247037728177955,2026-09-12b
0.39772728072866115,0.0382679823293553,2026-09-12b
0.394591911955617,0.1348055801688342,2026-09-12b
0.47168837807432434,0.04426263703375125,2026-09-12b
0.4216956207335127,0.10546846078988124,2026-09-12b
0.3030065683667722,0.07815181846914866,2026-09-12b
0.4078541053869923,0.10877446993531985,2026-09-12b
0.36629782469566685,0.05410091179607049,2026-09-12b
0.31910810054780553,0.1689162645968668,2026-09-12b
0.4455154027932258,0.08616196010518189,2026-09-12b
0.47151399936054467,0.3837042160866419,2026-09-12b
0.4552919953378981,0.3012706050767725,2026-09-12b
0.45509219275332113,0.029048737834770938,2026-09-12b
0.9610306630919261,0.6256263818371399,2026-09-12b
0.40293060715587653,0.024751059663742133,2026-09-12b
0.4273558371541232,0.15900244389349016,2026-09-12b
0.43678936318935097,0.2783351052025408,2026-09-12b
0.4611251742915655,0.016140849154238662,2026-09-12b
0.4195154370070293,0.08912420293225448,2026-09-12b
0.5070096939312922,0.1225704674336823,2026-09-12b
0.39064399114124737,0.054332892481924557,2026-09-12b
0.32730662261641463,0.03352907246138375,2026-09-12b
0.41828198154792795,0.15353118526997345,2026-09-12b
0.38799682928283047,0.10439663832466065,2026-09-12b
0.3153764802599577,0.03719025225510794,2026-09-12b
0.30950886056630555,0.05877788387874853,2026-09-12b
0.2157484159438196,0.29942906138269293,2026-09-12b
0.30911988926028183,0.06592426012770664,2026-09-12b
0.4600352519631262,0.048533313783421676,2026-09-12b
0.2769609258650479,0.0882679106284512,2026-09-12b
0.37541272685202004,0.22589608051663637,2026-09-12b
0.40739902025048763,0.08337170610713988,2026-09-12b
0.3460248271064477,0.10216207838358152,2026-09-12b
0.3809673723192747,0.16675614826875887,2026-09-12b
0.7034592640787198,1.237450328311126,2026-09-12b
0.4667017272100833,0.08516937687695939,2026-09-12b
0.4524419396567617,0.061254204007181554,2026-09-12b
0.2533638104676585,0.12593926904170283,2026-09-12b
0.3689728376783944,0.12994075891927612,2026-09-12b
0.36516403653760576,0.706004903118296,2026-09-12b
0.33407256309241623,0.13425131418155903,2026-09-12b
0.385911949621089,0.1060032919977881,2026-09-12b
0.33264068540666974,0.13735824693025822,2026-09-12b
0.40919488414908484,0.16064285410315945,2026-09-12b
0.3133947987181876,0.05980034050170298,2026-09-12b
0.46120465350151935,0.16595249166776974,2026-09-12b
0.37569853253241253,0.19977225893501846,2026-09-12b
0.2852678143700764,0.13437497633313633,2026-09-12b
0.32680594248568806,0.12077095561044249,2026-09-12b
0.2768115217212289,0.05494754607550754,2026-09-12b
0.4598010861952909,0.05775813159981746,2026-09-12b
0.3753021070496169,0.07955469414369908,2026-09-12b
0.3961580745418149,0.1749673627314983,2026-09-12b
0.40114606311529494,0.0704466910441306,2026-09-12b
0.39173399329456743,0.05148354995857875,2026-09-12b
0.6902331891689631,0.5809874830072262,2026-09-12b
0.37491427742252925,0.34667663923644043,2026-09-12b
0.5120227986051109,0.23421255595155038,2026-09-12b
0.38992598850032023,0.14776888642841823,2026-09-12b
0.42800185569581317,0.04480275834498668,2026-09-12b
0.42310603518026946,0.06931880002209988,2026-09-12b
0.4243401321983336,0.08405795877837385,2026-09-12b
0.4816900664025613,0.0742479601870554,2026-09-12b
0.47390085052354164,0.024054036232874214,2026-09-12b
0.34192193334412146,0.05135751996248748,2026-09-12b
0.45633056702024816,0.15558611479078482,2026-09-12b
0.42774786888806704,0.1734207184387002,2026-09-12b
0.40766300474734585,0.11606232452409439,2026-09-12b
0.38781850871202295,0.18715506736950127,2026-09-12b
0.4296005571785322,0.08850861098288279,2026-09-12b
0.4817281033952849,0.037103053943849267,2026-09-12b
0.3860261602159402,0.11025470732510341,2026-09-12b
0.2980022446853224,0.3182300275782816,2026-09-12b
0.40463899279310617,0.18435718688893388,2026-09-12b
0.3035423972855199,0.045045606404569775,2026-09-12b
0.4534095007585291,0.15442131119409405,2026-09-12b
0.4228070849525571,0.08660809620853127,2026-09-12b
0.30655820133248973,0.08307487084627606,2026-09-12b
0.4229320281324286,0.10638571556036458,2026-09-12b
0.3658374871168569,0.030927887550225668,2026-09-12b
0.8733188628569818,0.06319924674019764,2026-09-12b
0.2835553113964014,0.1467211396299611,2026-09-12b
0.3243496353119803,0.03374720848467417,2026-09-12b
0.43058723850862995,0.13359818540736862,2026-09-12b
0.30920215222951697,0.16060706173029052,2026-09-12b
0.49444905651943977,0.14565195098378098,2026-09-12b
0.8445864204866622,2.495689971412912,2026-09-12b
0.2110830683676348,0.38042345879764405,2026-09-12b
0.29824548995891664,0.2274816986956247,2026-09-12b
0.4234125216568627,0.02939495745010799,2026-09-12b
0.31686934332896044,0.31749394932180514,2026-09-12b
0.4334448979278279,0.10479629471191342,2026-09-12b
0.24395219975428575,0.12624483343019188,2026-09-12b
0.430491462316978,0.059946747626031555,2026-09-12b
0.310698940990362,0.13562906363005534,2026-09-12b
0.40729093459452004,0.07016886550365073,2026-09-12b
0.4305827636169832,0.21933013656090616,2026-09-12b
0.34618807814698993,3.339390217592268,2026-09-12b
0.4567219199213165,0.0894059864500303,2026-09-12b
0.42208813229655706,0.14454026196490657,2026-09-12b
0.38811340928076404,0.1147455536889981,2026-09-12b
0.35610017386426535,0.0732919984023832,2026-09-12b
0.36328513661935646,0.10580821995205049,2026-09-12b
0.37828027783657386,0.24271716464403142,2026-09-12b
0.46239316132048813,0.14844456357083124,2026-09-12b
0.44872106229923675,0.021900024909997377,2026-09-12b
0.40278130061287526,0.3765077698221692,2026-09-12b
0.4140866588917871,0.10780005056163379,2026-09-12b
0.3166113300580458,0.15011465764441206,2026-09-12b
0.3370774334878418,0.15974651648653604,2026-09-12b
0.39528030570818623,0.1308083793556841,2026-09-12b
0.41462529974050805,0.039619500197391855,2026-09-12b
0.42385346953276865,0.13501342962827537,2026-09-12b
0.36105683375275627,0.12437057678305234,2026-09-12b
0.4251500984188706,0.06799271019226519,2026-09-12b
0.3502753637680107,0.055147641342132805,2026-09-12b
0.24939429560930562,0.2344126944964588,2026-09-12b
0.3161642377513477,0.04948797370999088,2026-09-12b
0.6976869133053336,2.4685405313459303,2026-09-12b
0.35941494094210824,0.2644549029291146,2026-09-12b
0.428977361154693,0.06123257584926679,2026-09-12b
0.3802624217789639,0.1795430541901632,2026-09-12b
0.43452322215607936,0.08777385203506738,2026-09-12b
0.42484240806685375,0.04724895813389918,2026-09-12b
0.31599992296397467,0.2659238194175692,2026-09-12b
0.34089711551761565,0.17706169281358772,2026-09-12b
0.4102126800346664,0.08613946556051728,2026-09-12b
0.3981417910578858,0.07360800128616811,2026-09-12b
0.43631705869835996,0.061807956360575345,2026-09-12b
0.8536285830488062,0.7845929371557082,2026-09-12b
0.3163033113312784,0.14338461242366612,2026-09-12b
0.338727722230884,0.17041471229137267,2026-09-12b
0.4091284894782692,0.069840663059806,2026-09-12b
0.6344975126898978,0.08341749449276596,2026-09-12b
0.36227464564231165,0.07215494516100936,2026-09-12b
0.6438664924267707,0.0027743279471736187,2026-09-12b
0.4061976469251462,0.05588459462916688,2026-09-12b
0.41896034264331017,0.059278052085735916,2026-09-12b
0.38490206570570823,0.13654300658286467,2026-09-12b
0.41134689436670513,0.05096963728265205,2026-09-12b
0.6245624608766854,1.6489492475878933,2026-09-12b
0.3240019465383631,0.062199410508102834,2026-09-12b
0.41056710782564193,0.028685100619974833,2026-09-12b
0.30689589672954276,0.06250075652204563,2026-09-12b
0.3392802824864622,0.06397027933500762,2026-09-12b
0.43708333562766616,0.02140708498021206,2026-09-12b
0.41291049675637337,0.18544060724319028,2026-09-12b
0.26411990479966047,0.28494454178569223,2026-09-12b
0.41535874995215116,0.14657636806412913,2026-09-12b
0.3880711617483767,0.10934117551255944,2026-09-12b
0.30527770858156544,0.3264294370930687,2026-09-12b
0.5087346083080759,0.10908817086798597,2026-09-12b
0.34831759738686063,0.23354464629456081,2026-09-12b
0.5556932123175956,0.03810521321296047,2026-09-12b
0.5056703742015237,0.1469702240271769,2026-09-12b
0.4089017688908688,0.049239945129781755,2026-09-12b
0.4460332456113252,0.07001216158261604,2026-09-12b
0.367899900206791,0.12871512671537552,2026-09-12b
0.48297002438393066,0.4678212166568659,2026-09-12b
0.41918022084593415,0.07002558485940714,2026-09-12b
0.34486941523192305,0.1310363944726399,2026-09-12b
0.9180783157098982,0.5026825766027058,2026-09-12b
0.3015669547882595,0.08365750752824067,2026-09-12b
0.27639666992565515,0.4378190295912095,2026-09-12b
0.3089654091470222,0.05056162402618035,2026-09-12b
0.4732627498879426,0.07342057700841503,2026-09-12b
0.364729399457607,0.29643163239318504,2026-09-12b
0.4010480257266726,0.05864803232442994,2026-09-12b
0.41935030009482044,0.02586121744153667,2026-09-12b
0.4975319602172008,0.032959741312055965,2026-09-12b
0.3760009169846489,0.13489413805987466,2026-09-12b
0.43903174357547997,0.10501414050600416,2026-09-12b
0.6152488395210866,1.2237659003817565,2026-09-12b
0.7769579600287385,0.5339659405674585,2026-09-12b
0.45210502740031344,0.08080244846189301,2026-09-12b
0.36044045629553506,0.2254638059715681,2026-09-12b
0.45710295844106663,0.44895283565474187,2026-09-12b
0.45011462933194213,0.03111984179639916,2026-09-12b
0.37214756877002997,0.07125255319290176,2026-09-12b
0.4146135068342577,0.0914164623058553,2026-09-12b
0.29359877481863733,0.10757880089089455,2026-09-12b
0.33172510663093363,0.08322631023278386,2026-09-12b
0.373312317544597,0.13999206045732693,2026-09-12b
0.34778253790533575,0.9148267296403203,2026-09-12b
0.8073658117916572,0.6822836936268947,2026-09-12b
0.46445286575914463,0.16566245943959226,2026-09-12b
0.33922846499663944,0.0481765802391207,2026-09-12b
0.30111230751683044,0.13883716062688087,2026-09-12b
0.3827548221194154,0.11828601587445438,2026-09-12b
0.43472883773487375,0.16046094671053834,2026-09-12b
0.3782414323185545,0.08390966915471598,2026-09-12b
0.4032125969745161,0.09728935909931641,2026-09-12b
0.3335168949022961,0.058745358081853806,2026-09-12b
0.4450442386089709,0.1239781353499098,2026-09-12b
0.4761726070258351,0.033153553919475935,2026-09-12b
0.9003052650189549,0.4192415063563713,2026-09-12b
0.4290601106000284,0.0643595457338935,2026-09-12b
0.2925537665251046,0.1406207606506219,2026-09-12b
0.36496280441823525,0.47268401569631996,2026-09-12b
0.42409810688503186,0.3366172031962652,2026-09-12b
0.3589844368297111,0.16560982378917471,2026-09-12b
0.3682552692638824,0.10116493702006918,2026-09-12b
0.44621883484860503,0.1167311222703811,2026-09-12b
0.4214843857903635,0.053703497676637894,2026-09-12b
0.4307327065741874,0.07603009761766204,2026-09-12b
0.3864934800641387,0.07881950717656931,2026-09-12b
0.7707204637829914,0.7716018631894214,2026-09-12b
0.41976228055388776,0.07187064592963929,2026-09-12b
0.39985396064168677,0.1718412072646739,2026-09-12b
0.3726200847261852,0.26321792964855256,2026-09-12b
0.4091551506220533,0.0981379976463167,2026-09-12b
0.380145661096763,0.368943089880298,2026-09-12b
0.4252693419913566,0.08092280356737157,2026-09-12b
0.2868018759640074,0.09244007290115697,2026-09-12b
0.4085116582427463,0.07592511041324919,2026-09-12b
0.2612106702670751,0.04678499386804485,2026-09-12b
0.4136425763650917,0.24638171174320664,2026-09-12b
0.4160964845610626,0.1624795701401673,2026-09-12b
0.36339977911970317,0.15853579303482487,2026-09-12b
0.4030821034014035,0.2722686649829143,2026-09-12b
0.39895481677129857,0.050360615542589825,2026-09-12b
0.34707284786169657,0.10091842673168423,2026-09-12b
0.3185310978865994,0.13295392934118377,2026-09-12b
0.3737000157325204,0.23385149099689517,2026-09-12b
0.3209832663962548,0.47271016764532586,2026-09-12b
0.44248426976189736,0.0673080737506554,2026-09-12b
0.3857639795971273,0.18231048304222,2026-09-12b
0.7170981659265362,0.9174951426882355,2026-09-12b
0.2507710256364386,0.15884135372398953,2026-09-12b
0.4011512775490789,0.05435860704598717,2026-09-12b
0.3568354337933093,0.08422974391193061,2026-09-12b
0.34543448202889254,0.1841575250781049,2026-09-12b
0.3220621105706689,0.08277409651525644,2026-09-12b
0.3346358859394932,0.23543257384613764,2026-09-12b
0.4137789258499754,0.1566293118179039,2026-09-12b
0.43193891119937844,0.09907174237512699,2026-09-12b
0.3381665873326784,0.06710014851978142,2026-09-12b
0.4102598498947377,0.26763620104045993,2026-09-12b
0.657911935280197,1.858917276740902,2026-09-12b
0.4438926808092129,0.10905063613547446,2026-09-12b
0.3596292980864016,0.3311268344418386,2026-09-12b
0.4084547077976234,0.036241888638626894,2026-09-12b
0.3392656373463421,0.04987770520423079,2026-09-12b
0.426209971672595,0.15486319105054797,2026-09-12b
0.45627264228595016,0.05279565056432081,2026-09-12b
0.25460225499011907,0.11311792878843695,2026-09-12b
0.3373397794014213,0.1878140860757352,2026-09-12b
0.31609184979334803,0.07965022381053208,2026-09-12b
0.3206551767777866,0.16625451599686966,2026-09-12b
0.8247850545317483,0.4346938795080198,2026-09-12b
0.46486442121841787,0.11136694340232121,2026-09-12b
0.47447063402509876,0.1343245692391856,2026-09-12b
0.41855051951883215,0.06471639165835781,2026-09-12b
0.4266054139001023,0.1546001625997611,2026-09-12b
0.6631816154066388,0.03315094374024089,2026-09-12b
0.4010793857302586,0.06320178218106381,2026-09-12b
0.4073628493668802,0.05607836250255401,2026-09-12b
0.3339254989666335,0.44852119627177234,2026-09-12b
0.49673542006086263,0.03723153023893357,2026-09-12b
0.35433340028052834,0.1780518861293552,2026-09-12b
0.48147423169889353,0.4225778913646596,2026-09-12b
0.3675735045689099,0.33346011340273296,2026-09-12b
0.3268639704565401,0.05982351410287369,2026-09-12b
0.2718573668654128,0.08469720861646413,2026-09-12b
0.41503914366605205,0.10901237177187909,2026-09-12b
0.26196612452541007,0.24874403236708928,2026-09-12b
0.44168760750811237,0.04260929646038676,2026-09-12b
0.39801779132936344,0.1265217248547237,2026-09-12b
0.39996400005238836,0.2168108452206369,2026-09-12b
0.23085662933122644,0.2025461236491375,2026-09-12b
0.4610060786013927,0.05905814615688736,2026-09-12b
0.3708895844284661,0.31154514716070014,2026-09-12b
0.43322988460626666,0.17561240196621059,2026-09-12b
0.3796651270635586,0.16821349175744751,2026-09-12b
0.4248349139332945,0.05704185718316136,2026-09-12b
0.3345356912968476,0.7405880417606187,2026-09-12b
0.4161220150553216,0.14063389632558324,2026-09-12b
0.4209223640812065,0.1872269316480635,2026-09-12b
0.42595635780607577,0.09436096543265728,2026-09-12b
0.37167108877625965,0.17317454194323664,2026-09-12b
0.7881509923047513,0.6800844509043841,2026-09-12b
0.6981058415802894,0.8195814616111953,2026-09-12b
0.45480098576197514,0.08784982600531088,2026-09-12b
0.2750284669414954,0.1753980761700931,2026-09-12b
0.4126284411513744,0.13638650075244194,2026-09-12b
0.4544686484599952,0.1555614892071368,2026-09-12b
0.4376448457023174,0.10145242049258682,2026-09-12b
0.3947338678991446,0.13190672280311086,2026-09-12b
0.37954544609267205,0.19063747564915118,2026-09-12b
0.4437176739005711,0.1532490985198926,2026-09-12b
0.4463180306851413,0.21829659026267195,2026-09-12b
0.41903001999271067,0.08657853024915403,2026-09-12b
0.3142655716571235,0.10905716271550422,2026-09-12b
0.4107198752294695,0.15087255278384928,2026-09-12b
0.3785412237243597,0.07541346386775775,2026-09-12b
0.38524520743422086,0.06775806367937572,2026-09-12b
0.3986657543825882,0.1629127111924467,2026-09-12b
0.34195272343284905,0.22685007215484693,2026-09-12b
0.4036057519217044,0.14405105856127123,2026-09-12b
0.36668375019344157,0.3735310246851871,2026-09-12b
0.40471344127815156,0.06861646204198912,2026-09-12b
0.29352149067686717,0.21475178316394922,2026-09-12b
0.5251931414713544,2.0186956427097082,2026-09-12b
0.4275329365671576,0.05205295798697691,2026-09-12b
0.2963398852994536,0.1779401044093996,2026-09-12b
0.30007145004271557,0.07549859710556722,2026-09-12b
0.3028792745188307,0.07805344041921655,2026-09-12b
0.37252745657406955,0.09944776317691414,2026-09-12b
0.40345321047427685,0.07803951665902195,2026-09-12b
0.3833635806306944,0.15026802477061801,2026-09-12b
0.4121154969044545,0.13963231998071027,2026-09-12b
0.44501252459385876,0.19266403330196166,2026-09-12b
0.35799835023733445,0.10879902846294603,2026-09-12b
0.4272734988078783,0.20402265161217722,2026-09-12b
0.34002924266930357,0.11479555869038464,2026-09-12b
0.3370533121408854,0.10762958315454818,2026-09-12b
0.4412416627626226,0.09313126624340864,2026-09-12b
0.3898767680714362,0.08195588634081338,2026-09-12b
0.267423845047261,0.09527636093772149,2026-09-12b
0.412708484547353,0.11699350622204448,2026-09-12b
0.4249169434439574,0.1744864559590398,2026-09-12b
0.34621562452074933,0.054305436360233945,2026-09-12b
0.5137307512419271,0.26319405998901557,2026-09-12b
0.5382196430572598,1.2292731314236227,2026-09-12b
0.6806629150932086,0.19250333780463186,2026-09-12b
0.3134856702557955,0.07003449295705443,2026-09-12b
0.4532834994731672,0.1713595128987096,2026-09-12b
0.3700888773032311,0.11696652033226596,2026-09-12b
0.3079719459066959,0.09350991057090914,2026-09-12b
0.38807236005805334,0.11787914780688545,2026-09-12b
0.33880995295004823,0.07458079559441201,2026-09-12b
0.2587378951017982,0.1992653245242411,2026-09-12b
0.30821642759760914,0.16763687600874802,2026-09-12b
0.3782409301314137,0.15692899254256687,2026-09-12b
0.92534413904601,0.43391826612560824,2026-09-12b
0.34201086864783287,0.13146308078146923,2026-09-12b
0.3880751714748676,0.13494220824340128,2026-09-12b
0.34367388576775926,0.1325032117778338,2026-09-12b
0.4474718477331523,0.0265925566542297,2026-09-12b
0.35578376277627144,0.18494592579762295,2026-09-12b
0.37311401878515127,0.14251204389941644,2026-09-12b
0.2354924377724286,0.4453579979654798,2026-09-12b
0.36764338085677867,0.29006549484034533,2026-09-12b
0.3802020905181233,0.23548435537854362,2026-09-12b
0.3921371166053338,0.1339596142242503,2026-09-12b
0.29356405721914963,0.09184541026226749,2026-09-12b
0.3867057060071918,0.3360558544699612,2026-09-12b
0.3963502174139581,0.14293961961318527,2026-09-12b
0.30279147406240525,0.13467037485363154,2026-09-12b
0.2612670409479426,0.07305135879939613,2026-09-12b
0.315754999367595,0.08323952348037533,2026-09-12b
0.26545480890827855,0.08620931085015915,2026-09-12b
0.4387960301858074,0.04157687484177449,2026-09-12b
0.4663395844742841,0.08001478352128567,2026-09-12b
0.41836062842101,0.3010883117719533,2026-09-12b
0.4497312670531702,0.11676174718731523,2026-09-12b
0.43566248684493913,0.04978006729668718,2026-09-12b
0.41104313114903174,0.038084502815048264,2026-09-12b
0.40635329107988744,0.0331947510480799,2026-09-12b
0.5410498743422123,0.035258581352898596,2026-09-12b
0.43450070379508327,0.13963449954748008,2026-09-12b
0.4083176867494436,0.14139048039320443,2026-09-12b
0.39349523852828366,0.061863504098010474,2026-09-12b
0.4737076571923461,0.04493938374196829,2026-09-12b
0.3944952762590376,0.14465193798850737,2026-09-12b
0.6098397703930146,1.0960315365954878,2026-09-12b
0.3448624147160207,0.2470766960921412,2026-09-12b
0.39306183896701785,0.22118793538287726,2026-09-12b
0.269009756502293,0.039523930556935115,2026-09-12b
0.42861677993794944,0.15178150585451908,2026-09-12b
0.3362421307053645,0.05480965916634385,2026-09-12b
0.4221306849438125,0.12977364157605586,2026-09-12b
0.43403662994274683,0.14667353848333825,2026-09-12b
0.5020983402401517,0.02792284883866879,2026-09-12b
0.40993256212807405,0.1326500907554203,2026-09-12b
0.3987802317981743,0.07179659869618563,2026-09-12b
0.8812524817632511,0.5293086211365502,2026-09-12b
0.37191959066764513,0.03590228117465728,2026-09-12b
0.33056646398459166,0.2494478992243331,2026-09-12b
0.4611821860935271,0.10192030515084105,2026-09-12b
0.4317630782884217,0.04215718476668873,2026-09-12b
0.36532335787419323,0.11477924908633697,2026-09-12b
0.4218756116803442,0.1573429967995891,2026-09-12b
0.4060380889925695,0.09216518827415811,2026-09-12b
0.32483890037165203,0.8690089960232849,2026-09-12b
0.38748142788369233,0.19065436899415517,2026-09-12b
0.42421492699993024,0.12252786454506007,2026-09-12b
0.340106537976856,0.11158401449626242,2026-09-12b
0.4715763064744234,0.07727686909161317,2026-09-12b
0.3633131591980361,0.7316529457956467,2026-09-12b
0.2924621282869383,0.10118216247101246,2026-09-12b
0.3599917123795853,0.08655575842594967,2026-09-12b
0.3971856493819294,0.04290977772310815,2026-09-12b
0.4078358257594761,0.18539131907052311,2026-09-12b
0.37090761157925595,0.036447610783397505,2026-09-12b
0.38553867871887376,0.10880646702263004,2026-09-12b
0.379808359880986,0.10002255123678062,2026-09-12b
0.8193185814077615,1.2169162433613596,2026-09-12b
0.31234966217013904,0.030800070377764895,2026-09-12b
0.4050551012798174,0.04310204860750766,2026-09-12b
0.35840305789550897,0.06825438838707815,2026-09-12b
0.3949645727088949,0.06213229950963121,2026-09-12b
0.35634216624200304,0.03872666850893656,2026-09-12b
0.2416660773086747,0.30590641635255555,2026-09-12b
0.3423043159869474,0.10357200529266657,2026-09-12b
0.4712308513685208,0.05761377639292162,2026-09-12b
0.31920693797386424,0.056754406889317606,2026-09-12b
0.3576886190936495,0.026633942123596755,2026-09-12b
0.7551835580537399,0.20630607454032845,2026-09-12b
0.2728466880894132,0.19296181527366316,2026-09-12b
0.24127608796830421,0.1646375159599808,2026-09-12b
0.4156735217543534,0.08359441559915232,2026-09-12b
0.3365170559468948,0.2378324770956408,2026-09-12b
0.4075374629096018,0.05128844894482346,2026-09-12b
0.44481643464816234,0.03127583435618379,2026-09-12b
0.3593567505999793,0.039593409917073816,2026-09-12b
0.35968850009908465,0.13230129782159006,2026-09-12b
0.42198239913425795,0.10970313145798204,2026-09-12b
0.35630080471094544,0.07548857264837101,2026-09-12b
0.8051534747046294,0.8087931879707395,2026-09-12b
0.3514510624720523,1.0361737231612216,2026-09-12b
0.37346795419021706,0.1182593373716414,2026-09-12b
0.3789622393332829,0.38171358705521624,2026-09-12b
0.428414337652766,0.09341044375656406,2026-09-12b
0.40675045636849677,0.2509887895193187,2026-09-12b
0.6046613601616935,0.09600395213766187,2026-09-12b
0.5212915865445229,0.053824702805119536,2026-09-12b
0.42671801814757193,0.13672852844536965,2026-09-12b
0.4795867681414439,0.10981175016450634,2026-09-12b
0.3966865892262344,0.07106538581472881,2026-09-12b
0.3332605648212931,0.37134124135326974,2026-09-12b
0.4151246447239609,0.12269590290524136,2026-09-12b
0.3104758058603363,0.18883306719945636,2026-09-12b
0.4241253237624454,0.07201047192415197,2026-09-12b
0.45349775197653275,0.0338019655935776,2026-09-12b
0.3400519971661781,0.05810980043251436,2026-09-12b
0.3098529618367571,0.08137198710309367,2026-09-12b
0.45779166379538205,0.05551299974626484,2026-09-12b
0.33814950359484597,0.23189223704095688,2026-09-12b
0.4254729505507045,0.028611393090809276,2026-09-12b
0.3818617566673232,0.08150689340065952,2026-09-12b
0.3564620234963161,0.3892755701566798,2026-09-12b
0.399314336097177,0.17373105995282054,2026-09-12b
0.38629829967886614,0.29649995753633496,2026-09-12b
0.3484663414584061,0.08601899256657838,2026-09-12b
0.40548965485541855,0.12157432046734014,2026-09-12b
0.46594118150992575,0.03183522714843999,2026-09-12b
0.3732602361845122,0.06918019661129922,2026-09-12b
0.3831611432086812,0.1377733843410458,2026-09-12b
0.39128631007136705,0.18039183581769774,2026-09-12b
0.3070154142205209,0.11896175392489693,2026-09-12b
0.36475530409692875,0.2634312499509624,2026-09-12b
0.4350665523026468,0.03566229272987228,2026-09-12b
0.39583170935013146,0.08879120781346142,2026-09-12b
0.46015762030237684,0.29594367974081376,2026-09-12b
0.39771569542073054,0.12648447901971488,2026-09-12b
0.37166450199261114,0.24505039169637036,2026-09-12b
0.29970507592979234,0.15225990789092197,2026-09-12b
0.2849821524527225,0.17125840507311477,2026-09-12b
0.34765043732673784,0.10067417888282904,2026-09-12b
0.4416425685487198,0.09168576566491098,2026-09-12b
0.4319380286236591,0.04431899546081663,2026-09-12b
0.3569295572857513,0.15129216512671564,2026-09-12b
0.29035697845338293,0.08411099657762963,2026-09-12b
0.36695168279924245,0.21151196005874415,2026-09-12b
0.3178413169205593,0.36080430851675105,2026-09-12b
0.35865509995206846,0.0334129616010494,2026-09-12b
0.33113230872596894,0.2948172480635148,2026-09-12b
0.3468514825013099,0.1075519431133728,2026-09-12b
0.41105488198494206,0.09333854249090766,2026-09-12b
0.3983202327865056,0.044961304480617845,2026-09-12b
0.3359246985997995,0.09052196874101301,2026-09-12b
0.30533268267135755,0.20709382696840584,2026-09-12b
0.37570245836707705,0.3312157950201046,2026-09-12b
0.4259073620398464,0.15007609226930602,2026-09-12b
0.4736269324438146,0.14320215496699187,2026-09-12b
0.3988069747907443,0.15714063225599445,2026-09-12b
0.4170121986842278,0.07809994708451601,2026-09-12b
0.31846761644318317,0.0490718336896008,2026-09-12b
0.26634298549550967,0.7762723037302572,2026-09-12b
0.6079310461756322,2.0556134287280545,2026-09-12b
0.3681049130706669,0.05293885585397812,2026-09-12b
0.3383376380440401,0.13338168200567094,2026-09-12b
0.28649372327239314,0.062157550967304215,2026-09-12b
0.5013301181632341,0.41100285001134984,2026-09-12b
0.4176083828433551,0.15081579765772016,2026-09-12b
0.3184035381446329,0.25268533672083215,2026-09-12b
0.37793830528553485,0.2536690868959948,2026-09-12b
0.44215288730007624,0.1251277604133362,2026-09-12b
0.39725757845493903,0.11560512471843683,2026-09-12b
0.5491258129770228,0.15846279728051968,2026-09-12b
0.6857671991515772,3.089030265333019,2026-09-12b
0.4281646394856033,0.19093151390445967,2026-09-12b
0.3631173881290777,0.0357240529654956,2026-09-12b
0.3500801701280272,0.05980863201865819,2026-09-12b
0.44801478169090536,0.13381089721288583,2026-09-12b
0.4865162645693464,0.17336548700504145,2026-09-12b
0.4069786806188977,0.12806330493061935,2026-09-12b
0.7410507803044329,0.03677278892596615,2026-09-12b
0.4024084688159819,0.08593569579090393,2026-09-12b
0.3190999121695296,0.13760045470350843,2026-09-12b
0.4172699741974299,0.61532995201002,2026-09-12b
0.7447172044248475,0.502615606676272,2026-09-12b
0.40788606047402454,0.07426714237232218,2026-09-12b
0.38633275772246106,0.09978095535417043,2026-09-12b
0.40204764987440816,0.08398506661315613,2026-09-12b
0.4355444249131088,0.0925719035057061,2026-09-12b
0.2874101749406548,0.15555482528201922,2026-09-12b
0.3093169132736974,0.11722992880945964,2026-09-12b
0.3835172600751882,0.14159795992834392,2026-09-12b
0.41963262398698703,0.12878713365571057,2026-09-12b
0.310455560481228,0.09902068479076738,2026-09-12b
0.30331223204628927,0.05753796990121522,2026-09-12b
0.37595977095576955,0.11012547866907575,2026-09-12b
0.35250721146422687,0.17273819131280307,2026-09-12b
0.3049121124959916,0.24160857596367116,2026-09-12b
0.40104236311936564,0.15563053251088035,2026-09-12b
0.38888981019446667,0.10829321260003295,2026-09-12b
0.4178714798727177,0.09034804477303711,2026-09-12b
0.41779156279123986,0.06248960700198346,2026-09-12b
0.3956344408872655,0.0801409659508037,2026-09-12b
0.3524965872819784,0.2709114583001395,2026-09-12b
0.392419752935776,0.19124219566215583,2026-09-12b
0.6423496075667067,0.0024293645725050814,2026-09-12b
0.41040198687841645,0.14603452789519691,2026-09-12b
0.4843301049984484,0.34000994602518,2026-09-12b
0.43398356001006755,0.025459536642751402,2026-09-12b
0.4289197689891673,0.03539325706941229,2026-09-12b
0.41201737454276083,0.0369515751896924,2026-09-12b
0.35944137476593424,0.14911312585440298,2026-09-12b
0.448231269332568,0.18046266994577298,2026-09-12b
0.3860525999379738,0.1842262262113031,2026-09-12b
0.29621365962505936,0.12063187771381698,2026-09-12b
0.7045044291471841,0.22753988984330417,2026-09-12b
0.4138946634969323,0.1856189180173684,2026-09-12b
0.4254897104917493,0.1922171048985901,2026-09-12b
0.45825015180277373,0.14823086526076643,2026-09-12b
0.3200123308398495,0.13196343075923658,2026-09-12b
0.40591767014980895,0.07791502051936057,2026-09-12b
0.4277024675591865,0.05709843181837706,2026-09-12b
0.31677707417794787,0.19518486957682907,2026-09-12b
0.4254357523254154,0.04631472227581373,2026-09-12b
0.3939943683501536,0.12251023672262154,2026-09-12b
0.3893644337625303,0.17165360728047574,2026-09-12b
0.8052290738091882,1.6755256411814887,2026-09-12b
0.46265540568635,0.18120872480887473,2026-09-12b
0.8378648458253574,0.018007558406585605,2026-09-12b
0.3994710414409159,0.14057778205077384,2026-09-12b
0.43178873513979665,0.026010678110288288,2026-09-12b
0.4612344409192595,0.06283599655484359,2026-09-12b
0.3914316910642015,0.18121707267376524,2026-09-12b
0.35762559650579123,0.05120377102039169,2026-09-12b
0.4243591206278234,0.10301638719821123,2026-09-12b
0.43452878616256,0.23546430914057145,2026-09-12b
0.40504814623832697,0.12720702631138237,2026-09-12b
0.3416440347739105,0.1459319997399628,2026-09-12b
0.3680088469588258,0.16265381508032511,2026-09-12b
0.45675972925646346,0.04701812427379289,2026-09-12b
0.3282406814492796,0.20244871843353754,2026-09-12b
0.35763215434069046,0.512419304590865,2026-09-12b
0.5175682890511497,0.33736056970800704,2026-09-12b
0.37507021412420893,0.14658324567754571,2026-09-12b
0.46391953883116743,0.06380562120614554,2026-09-12b
0.3726008433256657,0.13956052407260738,2026-09-12b
0.359472037616608,0.08045307638215483,2026-09-12b
0.43615284684386924,0.02675292350828923,2026-09-12b
0.35738609219020073,0.15206709112561798,2026-09-12b
0.5080448030786773,0.13972805020959,2026-09-12b
0.4886528537624398,0.08965888590785126,2026-09-12b
0.40215142956044214,0.14583560826327915,2026-09-12b
0.31421590512288355,0.24384633337665923,2026-09-12b
0.3380583595077291,0.15213762373525394,2026-09-12b
0.423399813152807,0.052712003678237744,2026-09-12b
0.4554818798651247,0.055783917746606404,2026-09-12b
0.44596848887720353,0.08355860970239537,2026-09-12b
0.37360210126502214,0.0861767673791999,2026-09-12b
0.4233554132034267,0.06838618306926157,2026-09-12b
0.3143204823234783,0.30202410924777356,2026-09-12b
0.42555510118749085,0.07146279920822533,2026-09-12b
0.3120095923527222,0.06146140897533936,2026-09-12b
0.3970513126106367,0.051408020837015005,2026-09-12b
0.36711685539459055,0.1298988088863673,2026-09-12b
0.3497946992517879,0.03739126367801513,2026-09-12b
0.3944729271119855,0.4392163070272419,2026-09-12b
0.3611864942008503,0.09074292107090377,2026-09-12b
0.8336384327499888,0.3808200856547696,2026-09-12b
0.6011911878809467,0.06633897777618997,2026-09-12b
0.5183167360950971,0.14282634572172545,2026-09-12b
0.3431988074228607,0.3123606860232891,2026-09-12b
0.3413792047997511,0.2950099681237547,2026-09-12b
0.4216879246156019,0.13420285999341802,2026-09-12b
0.39907519984851886,0.04827144796391668,2026-09-12b
0.4023087390727571,0.05582380018703951,2026-09-12b
0.3675677526011874,0.3545000150877979,2026-09-12b
0.40699579807949016,0.04428488825343127,2026-09-12b
0.9136803713782551,0.20025939971815032,2026-09-12b
0.7955205912370877,0.5559809487206402,2026-09-12b
0.7802922847108498,0.9777907710997357,2026-09-12b
0.42226128796969065,0.03792101330766229,2026-09-12b
0.4099531843945538,0.08949561600574606,2026-09-12b
0.4595672016094767,0.059311459244300514,2026-09-12b
0.3867195334080721,0.31168256219757595,2026-09-12b
0.3333398706752773,0.46880178463816996,2026-09-12b
0.366294790067344,0.12380184677684354,2026-09-12b
0.540508996939146,0.16069365279929354,2026-09-12b
0.3043215996065067,0.06893239342256226,2026-09-12b
0.3266645406841476,0.08529173459231586,2026-09-12b
0.36579350792360427,0.27211502361674705,2026-09-12b
0.39223165009056465,0.11056085056610912,2026-09-12b
0.42291127318302696,0.060349293842434946,2026-09-12b
0.3749300560504485,0.12490721232967016,2026-09-12b
0.44320421451321373,0.09777589138767492,2026-09-12b
0.4501533518296253,0.0399043874012689,2026-09-12b
0.39004872734709983,0.02417181584257003,2026-09-12b
0.3497268283444822,0.09198026226421752,2026-09-12b
0.2784756387148964,0.1528244938353688,2026-09-12b
0.475074020821208,0.03167179542572234,2026-09-12b
0.3852713315947109,0.06947822079563179,2026-09-12b
0.40725601492554736,0.1782230924407688,2026-09-12b
0.4710251008284256,0.14838397537536047,2026-09-12b
0.3479794372716686,0.040558975204326886,2026-09-12b
0.45271825212654176,0.07874948623360671,2026-09-12b
0.3737644551722646,0.08569888616677139,2026-09-12b
0.3913240965015146,0.06591431899224666,2026-09-12b
0.4137654640002882,0.07313811291938785,2026-09-12b
0.31585485673833597,0.0585061110057134,2026-09-12b
0.3773653584738586,0.15882378156113586,2026-09-12b
0.4283981293926969,0.22200378167738313,2026-09-12b
0.8338489438301083,0.6551644626370293,2026-09-12b
0.37436551781766864,0.2085038698760408,2026-09-12b
0.4358842297182764,0.05892287414185638,2026-09-12b
0.31062252089027576,0.11817502544081931,2026-09-12b
0.3770881332912847,0.09080781275785328,2026-09-12b
0.44942145668254924,0.0705080643000865,2026-09-12b
0.44280659962471286,0.16303215846229438,2026-09-12b
0.4093892856176468,0.07209468178378402,2026-09-12b
0.29625474778264876,0.07918887173353735,2026-09-12b
0.36720908463638513,0.187789264243315,2026-09-12b
0.5199745472219681,0.10099364702371914,2026-09-12b
0.9754849781696149,1.266749041172853,2026-09-12b
0.3296568713466567,0.13840807533695068,2026-09-12b
0.372639433291198,0.305904710051406,2026-09-12b
0.38160337834011376,0.23232008308482424,2026-09-12b
0.29000279309531357,0.09870803196074049,2026-09-12b
0.39212490623242496,0.06777062609847878,2026-09-12b
0.4361087173525768,0.15843970357851941,2026-09-12b
0.4240566611905218,0.12801802479231827,2026-09-12b
0.5007646311455293,0.061659055407379613,2026-09-12b
0.29841067834511087,0.15107740693682978,2026-09-12b
0.28907617421493575,0.11342052150438801,2026-09-12b
0.7735143965759584,0.8434227282897845,2026-09-12b
0.43532989916803333,0.1663874789606067,2026-09-12b
0.33281006828532156,0.11419280975855198,2026-09-12b
0.4704046919827848,0.04774919479765853,2026-09-12b
0.42385994361665713,0.05157883102882104,2026-09-12b
0.4374682332119569,0.06650379512368204,2026-09-12b
0.3236249472574973,1.1302232381292008,2026-09-12b
0.39318622498021477,0.09326811642916474,2026-09-12b
0.34621024959624647,0.028661954999665822,2026-09-12b
0.2980669683845513,0.26723595580628084,2026-09-12b
0.37524982791374595,0.0912276708744478,2026-09-12b
0.631254897988233,11.28007969395121,2026-09-12b
0.3429417218732523,0.0767047902536135,2026-09-12b
0.344832250811659,0.054721188895444535,2026-09-12b
0.30752095569281207,0.08747841471505118,2026-09-12b
0.44641692845716696,0.03149594478896916,2026-09-12b
0.4120306405931659,0.21389049429545803,2026-09-12b
0.30329777079837805,0.11485836226789085,2026-09-12b
0.30297057038936887,0.15518676582562194,2026-09-12b
0.4194605752014814,0.11250748537536921,2026-09-12b
0.4033016159537228,0.20696372480527414,2026-09-12b
0.4334015621081893,0.08644514667769365,2026-09-12b
0.325521386029752,0.09454321842211319,2026-09-12b
0.37955969263928646,0.11136431851564862,2026-09-12b
0.35849412926451707,0.11558320430841294,2026-09-12b
0.39832062321334544,0.1295143492578146,2026-09-12b
0.4217574507999521,0.05194548868380349,2026-09-12b
0.4522435918894996,0.13594972733245303,2026-09-12b
0.4296390960760276,0.051030089258578624,2026-09-12b
0.41164896415079405,0.05907403148657295,2026-09-12b
0.36549371871621894,0.1619341251925723,2026-09-12b
0.39371749949661894,0.14701499352201472,2026-09-12b
0.47803056712419917,0.05229964517935288,2026-09-12b
0.41013546244855337,0.12678238946877418,2026-09-12b
0.4457067330701031,0.13547247645553825,2026-09-12b
0.28852578017710534,0.16224358182740975,2026-09-12b
0.47853262312480455,0.24573531444102648,2026-09-12b
0.37005108164422873,0.16451439296787998,2026-09-12b
0.33673937482078475,0.11842058161620327,2026-09-12b
0.4854501456947994,0.04207171803802926,2026-09-12b
0.37798971080522437,0.1660226882647348,2026-09-12b
0.45857648720057737,0.08382092880280749,2026-09-12b
0.4075907721658156,0.3969623149147251,2026-09-12b
0.2441434810315927,0.15579606310000385,2026-09-12b
0.4773119374655794,0.12017441103431603,2026-09-12b
0.35290734211142677,0.30262384501246237,2026-09-12b
0.36987268416854513,0.24243632014266736,2026-09-12b
0.41624711842135836,0.08168121250734467,2026-09-12b
0.3485052125933609,0.16629847049473442,2026-09-12b
0.4265293797572107,0.11945055778140419,2026-09-12b
0.36504537870368314,0.17933812068597266,2026-09-12b
0.37592563419821917,0.07248277212763225,2026-09-12b
0.6402972922745506,2.8160491460064656,2026-09-12b
0.553230219987406,2.760944525813369,2026-09-12b
0.33526419226130677,0.25477435146564315,2026-09-12b
0.45633936942023917,0.1231158961683571,2026-09-12b
0.4357899331291112,0.06364716247772141,2026-09-12b
0.3527036160751162,0.1605502764153903,2026-09-12b
0.38035063894410787,0.0338422307134469,2026-09-12b
0.3007655753212468,0.06836823554840327,2026-09-12b
0.40179260747001344,0.15814759496682224,2026-09-12b
0.4353057723701981,0.08651441464188608,2026-09-12b
0.34689043792900454,0.27546544172926907,2026-09-12b
0.3862767205369556,0.08650205336663581,2026-09-12b
0.5691580213610345,2.5526296296685915,2026-09-12b
0.36378630199822526,0.024552230315046688,2026-09-12b
0.3981665532687528,0.10209657012264176,2026-09-12b
0.39901968115206066,0.14516802706660278,2026-09-12b
0.3918203473079742,0.14465851240770838,2026-09-12b
0.38615742778243045,0.07164028817271514,2026-09-12b
0.4478975034965553,0.047547994516179394,2026-09-12b
0.3823568167844312,0.15241564090660728,2026-09-12b
0.4034375432094732,0.050783857802159854,2026-09-12b
0.45956722804836136,0.02891905953352299,2026-09-12b
0.25562291864709197,0.27009436371061857,2026-09-12b
0.7336766400848476,0.6288872568712579,2026-09-12b
0.3634664126615987,0.04994605718207144,2026-09-12b
0.32650262636728333,0.21235315236352909,2026-09-12b
0.42609824686813547,0.04122805910662517,2026-09-12b
0.3371478591055775,0.12191223535596597,2026-09-12b
0.4203970480031068,0.0410112816230439,2026-09-12b
0.41156797454178323,0.026177409510759926,2026-09-12b
0.38079344911360374,0.1361218552629547,2026-09-12b
0.39314946299973585,0.12227838640511039,2026-09-12b
0.37816193335751846,0.15312298044769093,2026-09-12b
0.4102480017357775,0.12235255078004227,2026-09-12b
0.7108069162756306,1.0106635500229149,2026-09-12b
0.42303650158424205,0.3411050673614582,2026-09-12b
0.46976627844897395,0.06128809082519771,2026-09-12b
0.39091424886161175,0.07000600459245016,2026-09-12b
0.46203281635975046,0.38968547162485795,2026-09-12b
0.3197136562837046,0.08797672827373529,2026-09-12b
0.48136247161424095,0.05801967187618693,2026-09-12b
0.3033614114743501,0.10107444075649517,2026-09-12b
0.3905908543796613,0.049246167451834,2026-09-12b
0.38296859891562873,0.5327066145955047,2026-09-12b
0.29682126978103845,0.4269935373486242,2026-09-12b
0.788311759423335,2.0257593672542047,2026-09-12b
0.3776970554459638,0.183114044525885,2026-09-12b
0.3055136825291203,0.03310154213821457,2026-09-12b
0.39719867579157825,0.11034473726946095,2026-09-12b
0.4263112946607892,0.06821983420927337,2026-09-12b
0.38375492739811917,0.16923616221231927,2026-09-12b
0.46229917815280763,0.35165033208418023,2026-09-12b
0.3334853719751714,0.26423967545518995,2026-09-12b
0.4147091320063375,0.24302836050354706,2026-09-12b
0.3078061371970535,0.19532743522429252,2026-09-12b
0.3674289343546789,0.09981269248539315,2026-09-12b
0.7666529989113795,1.8486264065764022,2026-09-12b
0.30838134122960653,0.19132971894905343,2026-09-12b
0.42313940536063166,0.09580780034503643,2026-09-12b
0.35021881320297193,0.05273634228484013,2026-09-12b
0.3887400141362163,0.05382401109760602,2026-09-12b
0.29120462855895085,0.1277341682067061,2026-09-12b
0.4713279672014767,0.024285815544358987,2026-09-12b
0.34205050213335647,0.09569349097253917,2026-09-12b
0.35451241717526927,0.15962045966173716,2026-09-12b
0.3398698286175711,0.15113738488347625,2026-09-12b
0.450263584844823,0.06794859312319092,2026-09-12b
0.3968846967816654,0.17211755143311086,2026-09-12b
0.4275529675547401,0.03889192210299899,2026-09-12b
0.3847203039062607,0.04441576656061414,2026-09-12b
0.4343918195786949,0.07123287872431969,2026-09-12b
0.4171998576917832,0.0671251747433982,2026-09-12b
0.417106959716345,0.1411040484270449,2026-09-12b
0.3414595062064035,0.06428834059056736,2026-09-12b
0.38653328900216133,0.29072262881815997,2026-09-12b
0.36895748423124525,0.2928640176426242,2026-09-12b
0.28509064636778997,0.23211331631171433,2026-09-12b
0.4002022798531514,0.103750130047542,2026-09-12b
0.31728735440732597,0.0739189955353184,2026-09-12b
0.41543372255587285,0.11829941346851594,2026-09-12b
0.46148514738321533,0.09747772738350832,2026-09-12b
0.3302793055728245,0.11285411906099649,2026-09-12b
0.4414186446585102,0.022640327969978974,2026-09-12b
0.39721149059274913,0.08272184708294322,2026-09-12b
0.341997593519907,0.19970032056496104,2026-09-12b
0.270290709603643,0.05811883250238639,2026-09-12b
0.4767452349385503,0.1460023459256278,2026-09-12b
0.4010580287981095,0.07306807663329998,2026-09-12b
0.36049446047128847,0.13771083351607924,2026-09-12b
0.3570888704785829,0.08622371326592837,2026-09-12b
0.339055219354503,0.13112355879398532,2026-09-12b
0.325282402480682,0.04615428104010772,2026-09-12b
0.5325692160176136,0.019531700619662015,2026-09-12b
0.4017392208243496,0.12766874881331777,2026-09-12b
0.38912619114832414,0.06660358413497879,2026-09-12b
0.33298959071352585,0.0685296471597709,2026-09-12b
0.41136850014905046,0.09848506287565217,2026-09-12b
0.9318606291201577,0.5133119316243653,2026-09-12b
0.33900828498029584,0.08324171006296639,2026-09-12b
0.4280327939714312,0.12215725450434592,2026-09-12b
0.452541271876076,0.050601045484965274,2026-09-12b
0.39012242963671856,0.06712454727408972,2026-09-12b
0.4143127659941914,0.10501184620744346,2026-09-12b
0.42656012320927666,0.18111749222753176,2026-09-12b
0.32820925836261305,0.14767073590958146,2026-09-12b
0.3542400030302414,0.3204602201426054,2026-09-12b
0.38276084657841236,0.14575634596696757,2026-09-12b
0.43906652082594133,0.08748798634616056,2026-09-12b
0.704003506571329,2.827695156805761,2026-09-12b
0.49971976799225654,0.11012212194729751,2026-09-12b
0.35354676691371356,0.04415321560727216,2026-09-12b
0.42990296963451197,0.049778093885223196,2026-09-12b
0.38080579244471885,0.2008051804741931,2026-09-12b
0.3578468045825848,0.8434520857980774,2026-09-12b
0.42152362497789964,0.09589030864160727,2026-09-12b
0.32477535291360454,0.13035169449629802,2026-09-12b
0.4185892862854747,0.1887355128875785,2026-09-12b
0.4213624940967062,0.1754800307978163,2026-09-12b
0.47321294891451854,0.031463966568211446,2026-09-12b
0.5517489635367356,2.786950903708774,2026-09-12b
0.30206642885742113,0.05642009403145415,2026-09-12b
0.4051154988181166,0.22488124029763087,2026-09-12b
0.44477483696970643,0.23070148310819963,2026-09-12b
0.4224677464598584,0.2365001452508962,2026-09-12b
0.3324766325368557,0.15620024618093403,2026-09-12b
0.3699819044700491,0.17461330468460298,2026-09-12b
0.39645300607369066,0.03899792649350922,2026-09-12b
0.3378804502911523,0.02784872586170796,2026-09-12b
0.29052287561992324,0.05181741274869221,2026-09-12b
0.2955975275838357,0.24243529757246357,2026-09-12b
0.6049132532618882,4.804415240448599,2026-09-12b
0.23915330631869286,0.08464785928326447,2026-09-12b
0.4418695548164542,0.0861984550496754,2026-09-12b
0.2842643794224938,0.274965355190749,2026-09-12b
0.49367322122627755,0.07764246310693518,2026-09-12b
0.42614293431016664,0.33491288193846147,2026-09-12b
0.4543878453087778,0.0690365167569798,2026-09-12b
0.41992236878936107,0.024247595186777476,2026-09-12b
0.4302479678884886,0.034552586084803404,2026-09-12b
0.3809644891184875,0.06623505720621943,2026-09-12b
0.3608639930199815,0.1354618180408461,2026-09-12b
0.6837405829065567,3.673035056451836,2026-09-12b
0.3915875248008592,0.23702716303999072,2026-09-12b
0.24213559118170863,0.14598672626463916,2026-09-12b
0.35701680860776797,0.09566641654982179,2026-09-12b
0.4640612201487614,0.02506478715212261,2026-09-12b
0.4041087755247099,0.2864358499708958,2026-09-12b
0.45399915060405793,0.11308659046450135,2026-09-12b
0.48368000677500084,0.08727090567338233,2026-09-12b
0.3306097093624978,0.06803912220931478,2026-09-12b
0.42116692051075966,0.04122692873826273,2026-09-12b
0.27060082099375177,0.029036317286829396,2026-09-12b
0.2832377913924599,0.25056429985637224,2026-09-12b
0.44544359095528124,0.07965966511503397,2026-09-12b
0.39020067611584575,0.19321768543780823,2026-09-12b
0.4633527083839961,0.10323096673343275,2026-09-12b
0.4359024996958371,0.36370437170437303,2026-09-12b
0.4492592006723428,0.043874854148979285,2026-09-12b
0.40477495741070835,0.16614982697169495,2026-09-12b
0.4571818675663417,0.2287895598895594,2026-09-12b
0.3893161705875031,0.09030193702506879,2026-09-12b
0.392442812804731,0.1218261307656368,2026-09-12b
0.38621744807257985,0.12760316116643694,2026-09-12b
0.3800195025698423,0.06641598621504269,2026-09-12b
0.38509619958757907,0.08986312246603313,2026-09-12b
0.3419640586867977,0.08064759903079838,2026-09-12b
0.43626836457861307,0.0406368525982341,2026-09-12b
0.4381475749916076,0.13733247868076737,2026-09-12b
0.4043436136512193,0.09290229704601255,2026-09-12b
0.35981262610029957,0.09732406837320164,2026-09-12b
0.5484048130292546,0.05691472593556332,2026-09-12b
0.5109958754892475,0.10537503577754599,2026-09-12b
0.4426845206636696,0.04363534363337499,2026-09-12b
0.3898277572580224,0.1035127004699402,2026-09-12b
0.32912387676002336,0.10096745849321187,2026-09-12b
0.4614320335837154,0.0365435616861779,2026-09-12b
0.3447169664406868,0.2878183584475641,2026-09-12b
0.4191591420786749,0.0751401994697858,2026-09-12b
0.3400035183762126,0.1464149560944896,2026-09-12b
0.44659122676952256,0.041471509793049956,2026-09-12b
0.3913608931479649,0.3624746627575106,2026-09-12b
0.6510183942090222,0.018968584958570612,2026-09-12b
0.7065568355167022,0.8276446106691291,2026-09-12b
0.4870333628890121,0.18454959768231424,2026-09-12b
0.28968857558649097,0.06887679463589277,2026-09-12b
0.436422345461897,0.0311938019330913,2026-09-12b
0.43598621848927754,0.04837938838041683,2026-09-12b
0.2678544847262779,0.08822139293428602,2026-09-12b
0.42718214296394075,0.13164032749062976,2026-09-12b
0.38776583771550294,0.04210767969328252,2026-09-12b
0.37374648708159514,0.11405395642839712,2026-09-12b
0.43165396860496275,0.1101779895866839,2026-09-12b
0.32664670034858,0.028544458324062924,2026-09-12b
0.7214297630961946,1.291891731572702,2026-09-12b
0.4644653093124904,0.03185951725620813,2026-09-12b
0.22226685736308976,0.0620494960505019,2026-09-12b
0.4278972291627631,0.09026951216767336,2026-09-12b
0.35244011819025245,0.16185865577526895,2026-09-12b
0.4279860290312208,0.07977461897652341,2026-09-12b
0.49859167797457793,0.12374893161873157,2026-09-12b
0.3817951508570619,0.07433511099431171,2026-09-12b
0.4450137102498047,0.06372437240120574,2026-09-12b
0.3094577001834799,0.1167678945365871,2026-09-12b
0.39416986109526647,0.3772074944525434,2026-09-12b
0.6395294358158418,2.1907593833829275,2026-09-12b
0.3072660839655184,0.3058001467063989,2026-09-12b
0.3820375054873679,0.07847885020024685,2026-09-12b
0.4305665716169245,0.058869893982377054,2026-09-12b
0.42893001481341164,0.10863741810925737,2026-09-12b
0.4478108467687226,0.1922896757096255,2026-09-12b
0.3710078757649203,0.1030459907871427,2026-09-12b
0.3774215103178337,0.41949787407987593,2026-09-12b
0.41287287117595745,0.028681397952601967,2026-09-12b
0.43453490901200603,0.03649358259229813,2026-09-12b
0.41370807523606673,0.4358301004174706,2026-09-12b
0.40843383056128385,0.0437039891477708,2026-09-12b
0.48229570981294007,0.1086757884554816,2026-09-12b
0.42186916406946434,0.30914526227203154,2026-09-12b
0.38081509847771555,0.11397355473859146,2026-09-12b
0.3359485907189104,0.23182651610131202,2026-09-12b
0.43618273358571596,0.07125080749591389,2026-09-12b
0.26118760321278267,0.07005490632277386,2026-09-12b
0.34674583640613,0.036455552757789576,2026-09-12b
0.3626820362824439,0.1445886806017636,2026-09-12b
0.3204218888311495,0.28257263628188806,2026-09-12b
0.43406550728750803,0.11124863145054632,2026-09-12b
0.29312266422473454,0.11012396920530085,2026-09-12b
0.3488843282817119,0.09559897838211616,2026-09-12b
0.2990087827560152,0.11321535602533522,2026-09-12b
0.41224479538862513,0.17072694510403483,2026-09-12b
0.44310787130326623,0.03152835752450965,2026-09-12b
0.32377177313492833,0.16052810711976925,2026-09-12b
0.38476669788063933,0.07322408393179981,2026-09-12b
0.294164900255447,0.16643122857373216,2026-09-12b
0.483884043802422,0.3266655087798102,2026-09-12b
0.43255081609660523,0.03902446125899946,2026-09-12b
0.4481839315296424,0.11415566159404886,2026-09-12b
0.408925622135164,0.1449883878897938,2026-09-12b
0.5310448980111196,0.10526621521316497,2026-09-12b
0.3367348028341603,0.06656086328632997,2026-09-12b
0.3987922342557736,0.10929145811409316,2026-09-12b
0.36406660026430054,0.15258364183962117,2026-09-12b
0.4303852005914146,0.4343032786592064,2026-09-12b
0.3933547289765671,0.40449287109385196,2026-09-12b
0.36238913697723113,0.25060282656204513,2026-09-12b
0.7021570160952034,1.3260254155393472,2026-09-12b
0.34776283080361114,0.08537598370130385,2026-09-12b
0.6313934672215537,0.37370633348011206,2026-09-12b
0.3217812427049858,0.0841347650977154,2026-09-12b
0.27370587947356567,0.0770085717432206,2026-09-12b
0.37857569233778565,0.10136176324403551,2026-09-12b
0.3335843837494396,0.4925819689133062,2026-09-12b
0.3026327049802105,0.1930092469061796,2026-09-12b
0.30444968246428683,0.1913655711298707,2026-09-12b
0.3351818692872459,0.0763340030226965,2026-09-12b
0.4964141766922358,0.0636559678481886,2026-09-12b
0.7789246524105404,0.6562790159053166,2026-09-12b
0.4368416341585703,0.15501297083406676,2026-09-12b
0.39349165344829584,0.8215655926240891,2026-09-12b
0.4008540139966669,0.09226722764161047,2026-09-12b
0.44186012243672207,0.18368613132142636,2026-09-12b
0.42514295927422535,0.1045930458745058,2026-09-12b
0.34386420619393016,0.34873112048835464,2026-09-12b
0.35306024287206006,0.6226234708490364,2026-09-12b
0.455029276390291,0.042998774477790325,2026-09-12b
0.39773715923725744,0.06604916177017893,2026-09-12b
0.4735800444775987,0.1511887861539614,2026-09-12b
0.4178158112912369,0.04300271471961227,2026-09-12b
0.4244532626330034,0.1495017967724344,2026-09-12b
0.38896572061178847,0.1786961101409887,2026-09-12b
0.41451921980808676,0.06188724988487545,2026-09-12b
0.4945149460374206,0.05803858444486113,2026-09-12b
0.43574448582816394,0.240112363949472,2026-09-12b
0.4627961897016307,0.03511347140561348,2026-09-12b
0.44233716898642694,0.07703624588192981,2026-09-12b
0.3902453980700663,0.06816241751071828,2026-09-12b
0.32313072962244804,0.24522002073940913,2026-09-12b
0.6362778161346972,0.5157865126412838,2026-09-12b
0.39171425115445546,0.10812018648012627,2026-09-12b
0.36694572919155594,0.14668287377524863,2026-09-12b
0.3910393397508095,0.14709194657507194,2026-09-12b
0.3596778241681804,0.06689964548128505,2026-09-12b
0.3629780876483031,0.07434708578984822,2026-09-12b
0.40712069976836207,0.4906815889753735,2026-09-12b
0.3194188720706197,0.15688139168191126,2026-09-12b
0.35192180439130943,0.27786486121265347,2026-09-12b
0.25863978779951197,0.055970793524942115,2026-09-12b
0.392319812402289,0.095151627883478,2026-09-12b
0.3111145040986927,0.05782383038185427,2026-09-12b
0.38882983065432747,0.15468298900105984,2026-09-12b
0.35612136629372027,0.034411910195037594,2026-09-12b
0.399172466267915,0.12073734186579992,2026-09-12b
0.45773442326759267,0.04598339275421364,2026-09-12b
0.5238754783668422,0.11235107693270159,2026-09-12b
0.2692369146656774,0.04719617007837971,2026-09-12b
0.44105804574129504,0.2160108387183531,2026-09-12b
0.45949893336738795,0.21027595599179555,2026-09-12b
0.42819257977075725,0.1578767264790405,2026-09-12b
0.8823361974025946,0.1301667967457188,2026-09-12b
0.28219324933954976,0.17041636824242323,2026-09-12b
0.2084648948933455,0.361036628952145,2026-09-12b
0.22970295643705296,0.375609442666863,2026-09-12b
0.43266384835221355,0.0575081453436739,2026-09-12b
0.35029918132056165,0.05374457590068093,2026-09-12b
0.3509087201648032,0.0882590469987419,2026-09-12b
0.3513067652607385,0.03766993654557857,2026-09-12b
0.3795956113443814,0.18430966563132103,2026-09-12b
0.4794693582214779,0.0839366358586712,2026-09-12b
0.39814452427689884,0.22026556426282062,2026-09-12b
0.34496686335690063,0.06304788114199808,2026-09-12b
0.316938446691983,0.04049395867282669,2026-09-12b
0.4409063794306624,0.07205065657036973,2026-09-12b
0.3568025322507422,0.16156548249915928,2026-09-12b
0.39917473852699054,0.07662334410804116,2026-09-12b
0.3997871920862279,0.17166428883274654,2026-09-12b
0.9342345335148324,0.06250990697433943,2026-09-12b
0.31267741403819516,0.03938967860614825,2026-09-12b
0.38347097726463425,0.05694978778476114,2026-09-12b
0.3951814053507271,0.12627812640549854,2026-09-12b
0.399810567088464,0.09996432388911364,2026-09-12b
0.3869388457114945,0.1351946496943619,2026-09-12b
0.36512021786858384,0.11182269657245851,2026-09-12b
0.4250756872853986,0.08804556895189433,2026-09-12b
0.4525917524540467,0.08812121826524297,2026-09-12b
0.2748175539694553,0.32903693395988864,2026-09-12b
0.7293617916917445,0.004220320245811221,2026-09-12b
0.4221055062587924,0.28315794676064243,2026-09-12b
0.3127876169329716,0.08139213006305465,2026-09-12b
0.3199728708391908,0.08983001983054893,2026-09-12b
0.4100725602851746,12.803218724730684,2026-09-12b
0.3452313956035274,0.39035070519284687,2026-09-12b
0.3597837858092883,0.3121332174709006,2026-09-12b
0.44685816248056526,0.09784526933673872,2026-09-12b
0.4005638313842873,0.052773664952072766,2026-09-12b
0.3320845062793288,0.03224834894927114,2026-09-12b
0.3050747342858108,0.5856139897352987,2026-09-12b
0.4276501565761064,0.17290388388182507,2026-09-12b
0.39287232081097356,0.06445123344516633,2026-09-12b
0.39819875866877924,0.06207137508085124,2026-09-12b
0.3667251619074147,0.07850973359428184,2026-09-12b
0.36347876919415056,0.47818424345307836,2026-09-12b
0.46665986459757863,0.15663297069950183,2026-09-12b
0.4418252225518879,0.06466037934423459,2026-09-12b
0.4403378835366538,0.11139185955960046,2026-09-12b
0.39246981907561146,0.08181927099434502,2026-09-12b
0.3989682417329737,0.026708650506877724,2026-09-12b
0.3907221957790164,0.18360382448407753,2026-09-12b
0.35062496477211186,0.1606428978933252,2026-09-12b
0.39633563226143464,0.9837153786570789,2026-09-12b
0.43656502825158877,0.034481796315982804,2026-09-12b
0.4148648552192924,0.07799823909340882,2026-09-12b
0.47687581143481045,0.07637754104446305,2026-09-12b
0.455620196754696,0.03634229009019837,2026-09-12b
0.46723093270231,0.08356146665543923,2026-09-12b
0.34438765867322074,0.046309292328239667,2026-09-12b
0.3189318641758483,0.04069848927965262,2026-09-12b
0.42086645996607464,0.10690589961396803,2026-09-12b
0.46544207567123835,0.0564470092812145,2026-09-12b
0.3363368881153913,0.16393351062051503,2026-09-12b
0.42375442723373585,0.38706978346850923,2026-09-12b
0.692689585875905,1.962234205076773,2026-09-12b
0.4404830222966915,0.043127746450577986,2026-09-12b
0.3572253735688813,0.1391896010819884,2026-09-12b
0.28862414787119817,0.13689411084933492,2026-09-12b
0.44228035019506146,0.11192990716090516,2026-09-12b
0.3634704694412413,0.0846433043703364,2026-09-12b
0.3894363450937201,0.16935743546124388,2026-09-12b
0.3080199279609041,0.098071327017049,2026-09-12b
0.34415413419099666,0.15387591021291816,2026-09-12b
0.4234036936293791,0.18659172897702794,2026-09-12b
0.30803205224762026,0.13727701797989494,2026-09-12b
0.3846632161696925,0.060309997803481966,2026-09-12b
0.2965982963379935,0.12353290046261053,2026-09-12b
0.4385056058910836,0.05360082122920861,2026-09-12b
0.3106882372142703,0.05391132122694115,2026-09-12b
0.35818694249085203,0.08828015631188214,2026-09-12b
0.4575645256864381,0.1308846619779631,2026-09-12b
0.5736524732985946,0.13435853457872257,2026-09-12b
0.3818863483799722,0.39775492521305217,2026-09-12b
0.3769582787997198,0.1354288788072696,2026-09-12b
0.4329149077724403,0.03764007269154096,2026-09-12b
0.6079561491685344,2.3556348974652357,2026-09-12b
0.3125686148450676,0.16307591798256343,2026-09-12b
0.48217905304764686,0.21522935787821737,2026-09-12b
0.4063820141180018,0.08926082173470469,2026-09-12b
0.3700262249200647,0.2043530078841994,2026-09-12b
0.3145286652429997,0.34530677627657363,2026-09-12b
0.3965940413781086,0.12758445393456125,2026-09-12b
0.36665837398220014,0.1151580024707227,2026-09-12b
0.31866411462082317,0.1531386705320087,2026-09-12b
0.6771730449999083,0.0071343763189810495,2026-09-12b
0.3317171572422793,0.08906792880466848,2026-09-12b
0.5763961410143977,1.6189127718911447,2026-09-12b
0.40978740561536403,0.05220477892230668,2026-09-12b
0.3863473775387332,0.24939450552298145,2026-09-12b
0.27994240072458415,0.26769093490100543,2026-09-12b
0.3159346015786496,0.4873238824108772,2026-09-12b
0.3186354499964299,0.20507817833315997,2026-09-12b
0.30869362260323924,0.12912026748872227,2026-09-12b
0.4295071452096669,0.14505546400333313,2026-09-12b
0.3072197358410055,0.36921581926207897,2026-09-12b
0.4316323851740349,0.10112583908385928,2026-09-12b
0.30451803937911176,0.16361134181309855,2026-09-12b
0.5016927321592766,1.049664867057571,2026-09-12b
0.4393139393155657,0.026444001151906187,2026-09-12b
0.3999180953108479,0.09723198772378457,2026-09-12b
0.35468355345367164,0.048659784734159384,2026-09-12b
0.3979987627914259,0.05620077149522801,2026-09-12b
0.4648568724056603,0.057143647082179096,2026-09-12b
0.3700014559383431,0.3870158850374155,2026-09-12b
0.40328007290048523,0.07480146200334896,2026-09-12b
0.4303049524651541,0.0742665975438877,2026-09-12b
0.2824640316494649,0.07166096970852238,2026-09-12b
0.3362906793795392,0.2882273250343082,2026-09-12b
0.43326161249922723,0.21348601498192507,2026-09-12b
0.38099981881971623,0.0759769109310854,2026-09-12b
0.335247437420256,0.052143540136044005,2026-09-12b
0.39468961439543365,0.3558736882779063,2026-09-12b
0.4108680957382098,0.3708604207418661,2026-09-12b
0.3472485733700403,0.3741553743660936,2026-09-12b
0.336106773133837,0.30477422356453165,2026-09-12b
0.32443082020759656,0.37216332392082574,2026-09-12b
0.32740895116245783,0.03327927361507189,2026-09-12b
0.3538995669227299,0.308563191078485,2026-09-12b
0.6310914326186173,2.9671832860078267,2026-09-12b
0.8230256839443552,0.31099466893458994,2026-09-12b
0.3812525146961733,0.0838145265343847,2026-09-12b
0.4656994107360138,0.051410536722283524,2026-09-12b
0.42598488033609627,0.07552747589914767,2026-09-12b
0.43814633952181636,0.09506447242242579,2026-09-12b
0.30594870875153124,0.19162813237309673,2026-09-12b
0.41599325168345824,0.13639684831747403,2026-09-12b
0.4420939991720786,0.047640415052251445,2026-09-12b
0.3205487107756133,0.15483060902184972,2026-09-12b
0.3826599050511074,0.09654593982363431,2026-09-12b
0.3115009794541084,0.39722884294354394,2026-09-12b
0.39120400284514006,0.15969289646119728,2026-09-12b
0.38395432505679417,0.19822041233385787,2026-09-12b
0.41103779487001413,0.14156080201894183,2026-09-12b
0.43355988756458197,0.06063242359632075,2026-09-12b
0.43362885882439783,0.1507208114937489,2026-09-12b
0.3677653233434989,0.03389912643699691,2026-09-12b
0.3589765243292425,0.15685377744802903,2026-09-12b
0.3599458140380086,0.2684062381294544,2026-09-12b
0.28757988560681674,0.2331439694035,2026-09-12b
0.35313597866086655,0.07695003101408812,2026-09-12b
0.3038685582199647,0.06561390520723974,2026-09-12b
0.3503108791925799,0.12155078907030081,2026-09-12b
0.48027863657029096,0.121608231795176,2026-09-12b
0.4119593372311985,0.061851059364051525,2026-09-12b
0.34915813553822694,0.7387138677091696,2026-09-12b
0.42703595338004086,0.06810344915330002,2026-09-12b
0.3553269106165212,0.11524650649843016,2026-09-12b
0.24485282170431683,0.7448020988139034,2026-09-12b
0.31181905511105473,0.06784359034482146,2026-09-12b
0.42050318595081615,0.14036802030495318,2026-09-12b
0.42309738997630486,0.06673521901793354,2026-09-12b
0.269680207542893,0.2409009266307453,2026-09-12b
0.448278517951852,0.04673944336913959,2026-09-12b
0.45895540493442516,0.0563235695713344,2026-09-12b
0.40060252267454705,0.08131100716077233,2026-09-12b
0.3951065320061578,0.23733170525552108,2026-09-12b
0.3622646436010361,0.10946343773189854,2026-09-12b
0.36622230733002664,0.5645705282438026,2026-09-12b
0.4665398896906203,0.05057886464248551,2026-09-12b
0.3531871118209045,0.15092812589441262,2026-09-12b
0.583943941845216,1.0660407530005878,2026-09-12b
0.3809576755468795,0.11363425887086194,2026-09-12b
0.3254759677365961,0.028982352935225615,2026-09-12b
0.4179396145720642,0.06911073161622332,2026-09-12b
0.43971868092031985,0.04449902536081429,2026-09-12b
0.4328305006106476,0.06611667359339639,2026-09-12b
0.3516178261902039,0.10098837141715097,2026-09-12b
0.4428713239559463,0.059574848844592576,2026-09-12b
0.5003776360583106,0.21095946382034797,2026-09-12b
0.36390735376452166,0.11921861958537998,2026-09-12b
0.3974002032432178,0.19172905114917232,2026-09-12b
0.45554897590191823,3.996518870148847,2026-09-12b
0.4601920892404724,0.029341844052419297,2026-09-12b
0.3892649892129395,0.4272491668478373,2026-09-12b
0.3931943892124715,0.147016389640965,2026-09-12b
0.29984670007890313,0.18724442316853468,2026-09-12b
0.27293188982826483,0.22458084414280174,2026-09-12b
0.28151691679832563,0.31482760747171584,2026-09-12b
0.44554591869581567,0.12095920713578974,2026-09-12b
0.4464062215403337,0.037162938673141,2026-09-12b
0.40466841949602267,0.09808110600780637,2026-09-12b
0.2975814994598966,0.1640115466879923,2026-09-12b
0.9533894131641811,1.1040269808507563,2026-09-12b
0.37467646768945034,0.10730099234020878,2026-09-12b
0.3452822110066606,0.14794563513211323,2026-09-12b
0.3950079554303734,0.20592610196812597,2026-09-12b
0.343616473398572,0.1874580801833686,2026-09-12b
0.4000437513111805,0.11164498314046764,2026-09-12b
0.33976899101210833,0.09759060926203794,2026-09-12b
0.39353932413559917,0.4622823653143187,2026-09-12b
0.39440414771925714,0.07205119550905097,2026-09-12b
0.41897141222612805,0.10993433974898524,2026-09-12b
0.2974637613857637,0.36056613458471704,2026-09-12b
0.8454730048007937,0.8400175603355194,2026-09-12b
0.4156257603158799,0.306021987431532,2026-09-12b
0.3309307065473697,0.15448729524111718,2026-09-12b
0.4310055300088844,0.06686092009094582,2026-09-12b
0.3137770999195496,0.04363004716400233,2026-09-12b
0.4318555375497427,0.11881250492049067,2026-09-12b
0.38284249519288516,0.08319149399253473,2026-09-12b
0.39837952587233194,0.1650938469740315,2026-09-12b
0.3440368183172082,0.28943830286866146,2026-09-12b
0.3737277325080678,0.14451284533454106,2026-09-12b
0.38307808348337097,0.21269951740769374,2026-09-12b
0.8509199144837973,0.24604137491518674,2026-09-12b
0.2541893861042569,0.25571889329396935,2026-09-12b
0.42865213286417003,0.2129371170222136,2026-09-12b
0.42074282828450654,0.25532265307575525,2026-09-12b
0.3141190123368508,0.08665288400667778,2026-09-12b
0.4534192265354527,0.0017394592519391259,2026-09-12b
0.4353071069941644,0.03972833243028022,2026-09-12b
0.37626810911264835,0.3401627338924532,2026-09-12b
0.31013795356608886,0.15698242325876982,2026-09-12b
0.4127163449517063,0.05712750527760366,2026-09-12b
0.40492427539526943,0.19444688452206518,2026-09-12b
0.7047938490764133,0.7801729736738792,2026-09-12b
0.38511436173674674,0.07788297881739707,2026-09-12b
0.24970042840664977,0.7285925119600029,2026-09-12b
0.38057453498029453,0.06811009179271883,2026-09-12b
0.4985324739335822,0.09575366946447074,2026-09-12b
0.3438208202951407,0.11763712616873705,2026-09-12b
0.4082301648070103,0.10614163995492702,2026-09-12b
0.3762404675385979,0.22470940403119372,2026-09-12b
0.4649897084267566,0.07354368387998494,2026-09-12b
0.23472469360049952,0.3190366306787913,2026-09-12b
0.3646904992233986,0.11936556305585726,2026-09-12b
0.628487607040273,9.863797793095488,2026-09-12b
0.32131729769015094,0.1508358443898435,2026-09-12b
0.4141998918321698,0.20067650243785523,2026-09-12b
0.34696455640033497,0.1910733444264386,2026-09-12b
0.3660740626623678,0.06837345967554188,2026-09-12b
0.36208511651873043,0.1798165588021035,2026-09-12b
0.700780477542822,0.23632770916396914,2026-09-12b
0.36784126954847035,0.12519203715129457,2026-09-12b
0.35067128475354625,0.2577811859777458,2026-09-12b
0.32359310394542523,0.033422811599314345,2026-09-12b
0.49350779284589147,0.06204507472438217,2026-09-12b
0.8205781498911676,0.5062147838750329,2026-09-12b
0.3254214476450635,0.05586682804304083,2026-09-12b
0.3894148807325929,0.07045265607303708,2026-09-12b
0.3733883120918106,0.05717218924264956,2026-09-12b
0.5548739619203225,0.07586626121494945,2026-09-12b
0.44651760537417734,0.503041951185881,2026-09-12b
0.421922010115433,0.06732662077409272,2026-09-12b
0.30821277655729223,0.2312861376021135,2026-09-12b
0.5111494882523516,0.17974324668490105,2026-09-12b
0.38755964226752526,0.10493515847816545,2026-09-12b
0.2907745897662135,0.20660166726107793,2026-09-12b
0.29448064511621597,0.23355909743429917,2026-09-12b
0.284500396958904,0.04201049002407574,2026-09-12b
0.321165290665508,0.10823220125737185,2026-09-12b
0.40655287959759207,0.06485561876627234,2026-09-12b
0.37982137184974596,0.07085922599804789,2026-09-12b
0.35010859277628215,0.11050178450650504,2026-09-12b
0.2880361667749153,0.10209541482951026,2026-09-12b
0.3614060414239753,0.33516544588910896,2026-09-12b
0.33890109256823303,0.029697878520133423,2026-09-12b
0.42543383629870074,0.07308925024276366,2026-09-12b
0.4457269922844501,0.043030193600307846,2026-09-12b
0.3343652059079918,0.05069346411909412,2026-09-12b
0.37291281130953896,0.1712827018097511,2026-09-12b
0.37603382281958997,0.24330600152379106,2026-09-12b
0.39577156144081704,0.04403796768106976,2026-09-12b
0.47530361074108957,0.3142970943771796,2026-09-12b
0.42746255665233995,0.08802694375830776,2026-09-12b
0.35459168212803416,0.07736394051124641,2026-09-12b
0.38815794204244936,0.06516108983130618,2026-09-12b
0.37126468120132006,0.37420031401093623,2026-09-12b
0.6676448929354922,1.5983419053570054,2026-09-12b
0.43166104476822775,0.06699754660915312,2026-09-12b
0.3549819323073762,0.1866259129497273,2026-09-12b
0.46219097322987357,0.09821204490874995,2026-09-12b
0.3560500427467383,0.4280011829290798,2026-09-12b
0.3870443578716617,0.030474129620735743,2026-09-12b
0.5252625269269815,0.024195607400763798,2026-09-12b
0.38355615662550324,0.2914517850606317,2026-09-12b
0.4410656857460788,0.05260362613887146,2026-09-12b
0.1990138710330169,1.315905990342971,2026-09-12b
0.360235337919705,0.141456952724789,2026-09-12b
0.6351527302095966,7.454011350410291,2026-09-12b
0.44500657007917327,0.03223225893427716,2026-09-12b
0.321301986151711,0.03997272193848615,2026-09-12b
0.408411484636829,0.20219243334815415,2026-09-12b
0.418020326929776,0.07591846843060253,2026-09-12b
0.4209369450965509,0.04421753934231504,2026-09-12b
0.4134258256736531,0.05513808280152865,2026-09-12b
0.35682686991457196,0.22844507036646747,2026-09-12b
0.37748509943854364,0.14422833875492713,2026-09-12b
0.3462197352455027,0.052970495746692825,2026-09-12b
0.45243618215408843,0.04662858869746001,2026-09-12b
0.5998987936071053,0.46354837488733097,2026-09-12b
0.429951148895234,0.05601616915912457,2026-09-12b
0.4191598741727545,0.06066715765482586,2026-09-12b
0.41280510167057544,0.21561598829350972,2026-09-12b
0.3022106286246085,0.05485515738978641,2026-09-12b
0.6877153373633186,0.008077572497735485,2026-09-12b
0.4174986416542885,0.08346995758400584,2026-09-12b
0.37641144974808755,0.04437216441892321,2026-09-12b
0.3463318447956763,0.20712326529938274,2026-09-12b
0.44771942734513304,0.04671481535370106,2026-09-12b
0.41474463575484993,0.03430537968099464,2026-09-12b
0.2893360850416474,0.3175095233972387,2026-09-12b
0.42704597717406456,0.04454199402887381,2026-09-12b
0.3141854670946047,0.03210050141408042,2026-09-12b
0.4210876622726614,0.08527957399524058,2026-09-12b
0.4335719312624254,0.07368588699175195,2026-09-12b
0.2867414079302533,0.18953295720714303,2026-09-12b
0.19364918625727826,0.0849671961165862,2026-09-12b
0.5447557082561805,0.0638750320791882,2026-09-12b
0.3476359915081774,0.09727067396531162,2026-09-12b
0.2994075931947672,0.13004303577328147,2026-09-12b
0.7895598159467031,0.9575672102050012,2026-09-12b
0.41142760606669343,0.04029162323044035,2026-09-12b
0.40718037880212704,0.2667274391619947,2026-09-12b
0.39908606226268345,0.06266590544944853,2026-09-12b
0.3079120571967049,0.13985381794372054,2026-09-12b
0.3723544180828424,0.16459272840329145,2026-09-12b
0.3881728175296149,0.2481570892531668,2026-09-12b
0.3867290777428213,0.054548335609842395,2026-09-12b
0.4383926654602453,0.031731484658356915,2026-09-12b
0.4309242259453484,0.31157664487013714,2026-09-12b
0.33753089649759044,0.5811786003219133,2026-09-12b
0.37637544263113343,0.23408018793725968,2026-09-12b
0.4157798632446151,0.1370303852265238,2026-09-12b
0.30360844223919636,0.1954519015763765,2026-09-12b
0.3497525672641434,0.315443126289015,2026-09-12b
0.33737530291621126,0.09917515901168038,2026-09-12b
0.4347975137305531,0.06908828179476394,2026-09-12b
0.41962308158568545,0.12556365826884547,2026-09-12b
0.4687927778640799,0.07616857561709914,2026-09-12b
0.38570838096571797,0.2927292073235505,2026-09-12b
0.557244382192554,0.09739028449341713,2026-09-12b
0.410525383475245,0.22383814370358868,2026-09-12b
0.336502882498535,0.21488127729548825,2026-09-12b
0.38031969028981844,0.029167771718442842,2026-09-12b
0.4318922144896525,0.09507878912136054,2026-09-12b
0.3324310597010567,0.16070446196792168,2026-09-12b
0.32780448103856125,0.1560623142980638,2026-09-12b
0.2768620676386653,0.050156622669802274,2026-09-12b
0.3810488123565043,0.045687868520324186,2026-09-12b
0.3750566674442534,0.05265590208310721,2026-09-12b
0.43105967648730653,0.19239332126481187,2026-09-12b
0.34150558555084054,0.05609381403637808,2026-09-12b
0.3837287114112958,0.14548307745204087,2026-09-12b
0.3026955131045901,0.12555501868789695,2026-09-12b
0.7011756115616139,0.0014907178497076793,2026-09-12b
0.39477483596627977,0.2560896147384187,2026-09-12b
0.3803041771091783,0.05898649284162346,2026-09-12b
0.34247964077891746,0.1463662432858856,2026-09-12b
0.29979417905835715,0.5139492341072219,2026-09-12b
0.41735691275270304,0.038516252834394374,2026-09-12b
0.4544046189928206,0.24242646879189503,2026-09-12b
0.44940582728911566,0.0868252653347412,2026-09-12b
0.31244801752103746,0.1936613637781707,2026-09-12b
0.3753580922934179,0.16159415225519122,2026-09-12b
0.4667291429892252,0.07129302251956189,2026-09-12b
0.4616690846995626,0.04233744379835244,2026-09-12b
0.41442833360599035,0.04874931775496149,2026-09-12b
0.55399052539395,0.13790305270546843,2026-09-12b
0.4286656476557061,0.13229238565251908,2026-09-12b
0.42648305940946746,0.1067238504955251,2026-09-12b
0.45344961427816666,0.09430581040376083,2026-09-12b
0.5417457158561148,1.7499115882821796,2026-09-12b
0.40195583801186435,0.14133286259739308,2026-09-12b
0.3935072431715757,0.11794068168933694,2026-09-12b
0.38862887081211067,0.03877681826067514,2026-09-12b
0.4511736454204376,0.1084729730987131,2026-09-12b
0.37902810198800585,0.25079832442022626,2026-09-12b
0.39182257764782547,0.08930083647758097,2026-09-12b
0.3456089785723852,0.15971299016436105,2026-09-12b
0.35006775300285653,0.1965248834234967,2026-09-12b
0.37486288652483796,0.08522886776336078,2026-09-12b
0.40568682696658714,0.12469392236810703,2026-09-12b
0.4128706388366004,0.06875467428356327,2026-09-12b
0.42831656423178366,0.01528299517317887,2026-09-12b
0.3333908456618216,0.06589663031289798,2026-09-12b
0.4397243869472044,0.03888605520456685,2026-09-12b
0.40259897663347316,0.048762370349950304,2026-09-12b
0.41091162732741865,0.06375027429395455,2026-09-12b
0.18221202157128835,0.4555929925169681,2026-09-12b
0.3321475602041543,0.06711715372022635,2026-09-12b
0.3920818118893474,0.07764031323026185,2026-09-12b
0.33787355297314087,0.5024850242905826,2026-09-12b
0.7846558772932366,0.7200122640550899,2026-09-12b
0.3983754171314351,0.07180539411648584,2026-09-12b
0.38895524785994645,0.06171835208759119,2026-09-12b
0.3863743675901666,0.26197743395566697,2026-09-12b
0.2837998637951233,1.4058611073532419,2026-09-12b
0.36414982020624426,0.1389600799451403,2026-09-12b
0.27556939960911486,0.12878585952026092,2026-09-12b
0.423607957572958,0.0994848259156172,2026-09-12b
0.46287316758104424,0.07467255044683568,2026-09-12b
0.36510631774684676,0.2414761652781357,2026-09-12b
0.41875429037797884,0.09204909665612138,2026-09-12b
0.9738021212122867,0.5371673149456416,2026-09-12b
0.4828594041747943,0.023454161514423057,2026-09-12b
0.4276326742249261,0.20969339969269046,2026-09-12b
0.40789938553763216,0.0423654418673263,2026-09-12b
0.3813874503952416,0.13549108988704567,2026-09-12b
0.41039594149743264,0.09996034547971222,2026-09-12b
0.4559487514895877,0.05811178138069436,2026-09-12b
0.5004613009420013,0.13515882250077282,2026-09-12b
0.3729432119266978,0.15345141939881415,2026-09-12b
0.3010937416189005,0.19411168498593526,2026-09-12b
0.3939138867690729,0.23398791366269703,2026-09-12b
0.45116266566192087,0.17304246437555074,2026-09-12b
0.38760670364542243,0.10145451206092095,2026-09-12b
0.4368258681303515,0.037378782470196305,2026-09-12b
0.44548237371414434,0.04142115702749023,2026-09-12b
0.3101901558125827,0.056341042988940784,2026-09-12b
0.41906997765043724,0.14882773766931717,2026-09-12b
0.4225396405845147,0.14476046670216935,2026-09-12b
0.4199612903329394,0.36562284071423945,2026-09-12b
0.37813310993954796,0.15338083255864943,2026-09-12b
0.3763933089945825,0.10016978325298581,2026-09-12b
0.7009329620802166,0.09987777125412896,2026-09-12b
0.26570191748318894,0.21301759904009127,2026-09-12b
0.34187156599160545,0.2397030187989996,2026-09-12b
0.421010416248824,0.07933016335861204,2026-09-12b
0.3751019950181182,0.890184512280443,2026-09-12b
0.4609963559176859,0.0879762666842161,2026-09-12b
0.43761831510831806,0.08237274703986837,2026-09-12b
0.29641782494198055,0.33602559194420784,2026-09-12b
0.2741242903061489,0.16720848038497158,2026-09-12b
0.4729717872618733,0.07701980705983402,2026-09-12b
0.4137833716230384,0.06324692347979417,2026-09-12b
0.4277185324156135,0.24039778799202338,2026-09-12b
0.37824511786206844,0.271903869879684,2026-09-12b
0.42999477051922,0.12756518223986663,2026-09-12b
0.4935874572374903,0.12170046937107813,2026-09-12b
0.33600840077857147,0.1336240994491163,2026-09-12b
0.45863676978409224,0.05296563147684115,2026-09-12b
0.37313209447571116,0.28816304907825274,2026-09-12b
0.39354281644932565,0.1600046090641587,2026-09-12b
0.5368251402259414,0.184772606483342,2026-09-12b
0.42997424381956184,0.059936735300751616,2026-09-12b
0.4983906423012718,1.3246929011589594,2026-09-12b
0.4132431747921797,0.24937963453797238,2026-09-12b
0.39147022440093887,0.1106381595872728,2026-09-12b
0.40112787970244285,0.17858809198328393,2026-09-12b
0.4266953641391618,0.05880148714083204,2026-09-12b
0.41594397473461714,0.2968596416821281,2026-09-12b
0.44888259317673174,0.04088268723001202,2026-09-12b
0.3506801200152903,0.2244864221185565,2026-09-12b
0.4003337937221721,0.6166948356764852,2026-09-12b
0.3636267087790412,0.3285202351368302,2026-09-12b
0.4173034666631886,0.07500562905763174,2026-09-12b
0.7974266302325845,0.7604466316702928,2026-09-12b
0.29782110623328345,0.3019900441179248,2026-09-12b
0.4052879928106338,0.24884176315998555,2026-09-12b
0.4312856850816895,0.07265888482793491,2026-09-12b
0.3481287407764789,0.4946708858321808,2026-09-12b
0.3474782511558975,0.04561436801521853,2026-09-12b
0.5074622603939702,0.08091415148159392,2026-09-12b
0.3377960842076007,0.3005817866006184,2026-09-12b
0.43002299780396436,0.20704227613043463,2026-09-12b
0.3434488464683826,0.3499439915013553,2026-09-12b
0.34924096527527737,0.10679229372731512,2026-09-12b
0.5377435992691257,2.8395184144576753,2026-09-12b
0.4547967560334794,0.060470095126465805,2026-09-12b
0.28064642807584156,0.08948052590481852,2026-09-12b
0.45172507244625687,0.07272216017661777,2026-09-12b
0.3281415556105394,0.4903050727909468,2026-09-12b
0.3561207423621167,0.2113445238771704,2026-09-12b
0.2951295101462878,0.13291381861702187,2026-09-12b
0.4150187720402291,0.044478101743971786,2026-09-12b
0.37139480920459184,0.19758001510405038,2026-09-12b
0.40849002781517085,0.15178788999100803,2026-09-12b
0.41559531525418486,0.08050184926456766,2026-09-12b
0.6659436756288676,4.990462965014571,2026-09-12b
0.3165486763704185,0.8093539461569876,2026-09-12b
0.35338447437594045,0.2518517549321492,2026-09-12b
0.3106578455057108,0.08607724519234886,2026-09-12b
0.3628386249706831,0.13176447958698426,2026-09-12b
0.3511165604113913,0.07147288195669288,2026-09-12b
0.38392115094927576,0.4699131997386612,2026-09-12b
0.3572062062555915,0.4503055738661359,2026-09-12b
0.3843856185101347,0.1833915191392368,2026-09-12b
0.3394021149090516,0.1840295553021667,2026-09-12b
0.4080572750933016,0.042454975298675715,2026-09-12b
0.4188762229343792,0.04731027724643554,2026-09-12b
0.3647297277215374,0.2538976619177788,2026-09-12b
0.538454687426038,0.07303543292675638,2026-09-12b
0.32222495322271266,0.11312509161657822,2026-09-12b
0.28982395991595106,0.11532153710811852,2026-09-12b
0.44849751884523387,0.061935511644862405,2026-09-12b
0.45110972680169675,0.07208194367281932,2026-09-12b
0.4500271647354359,0.12299571624802261,2026-09-12b
0.2929922368582624,0.1207432184317478,2026-09-12b
0.39483951951079826,0.3265896625460927,2026-09-12b
0.4683736826316087,2.256201156147252,2026-09-12b
0.40450256561966935,0.19861911967730128,2026-09-12b
0.3068229601877408,0.054620673297145025,2026-09-12b
0.3283337170955188,0.0989597419888476,2026-09-12b
0.4339664845412819,0.13198397502259301,2026-09-12b
0.2826553381845299,0.49172342659645035,2026-09-12b
0.3687514809054095,0.1134022515200471,2026-09-12b
0.3522200437324144,0.14554270025334778,2026-09-12b
0.39941849025751575,0.08895333736986102,2026-09-12b
0.4417049980779463,0.060147968270211606,2026-09-12b
0.31026129539015485,0.0878580281931463,2026-09-12b
0.3558326622977372,0.25188892846439576,2026-09-12b
0.47181881758077604,0.04040589235576101,2026-09-12b
0.3668220104847883,0.39829040888237877,2026-09-12b
0.4434281454586065,0.03643590579958096,2026-09-12b
0.4290349471468469,0.14771764966487425,2026-09-12b
0.5105955920590961,0.061778740817037506,2026-09-12b
0.3244036892261222,0.2782462729473258,2026-09-12b
0.4050152970441982,0.062184634384517615,2026-09-12b
0.36893393219855847,0.3064084307197053,2026-09-12b
0.42324406486354893,0.044537270706763395,2026-09-12b
0.35136883996375484,0.21421904648426246,2026-09-12b
0.29518683252026334,0.045958975785563794,2026-09-12b
0.30686589362338623,0.055769907398773466,2026-09-12b
0.3428428040530942,0.12140155121259423,2026-09-12b
0.4529160388187729,0.1709340764146132,2026-09-12b
0.3542632306100723,0.15259668984326918,2026-09-12b
0.38908546523330984,0.12504717468837084,2026-09-12b
0.40466840814680904,0.040023985883522295,2026-09-12b
0.4097755669948095,0.13139955177190674,2026-09-12b
0.2904580357629443,0.32783956549341914,2026-09-12b
0.423081744800062,0.13820433337046784,2026-09-12b
0.4097147179329068,0.22807279188845925,2026-09-12b
0.36063981262854283,0.07839969007961939,2026-09-12b
0.35554683762610834,0.1970035953865139,2026-09-12b
0.38314989262920796,0.11769958003132167,2026-09-12b
0.37422648363093153,0.05730663924324454,2026-09-12b
0.35433012443942763,0.03510386531866224,2026-09-12b
0.31630929798279717,0.04277590095290685,2026-09-12b
0.4042420585113805,0.30619272138642767,2026-09-12b
0.3328541720669336,0.05329747119190368,2026-09-12b
0.727353428656361,0.8462472971675908,2026-09-12b
0.391328475492838,0.03365232177509219,2026-09-12b
0.3170181924275069,0.07362661467253913,2026-09-12b
0.44806088349976525,0.2780672861714242,2026-09-12b
0.373339744326418,0.03721192004601693,2026-09-12b
0.3719714508910643,0.20819443451859995,2026-09-12b
0.41145219771671426,0.045856440748252396,2026-09-12b
0.4045701227066057,0.1479646855781102,2026-09-12b
0.4176295975729994,0.09201191980991116,2026-09-12b
0.380272610233592,0.16398980588275294,2026-09-12b
0.44292115299148854,0.0174145960393409,2026-09-12b
0.5867364360689538,0.8487231450273147,2026-09-12b
0.9211056335599356,0.2573309481998078,2026-09-12b
0.419467108929775,0.3327254071321388,2026-09-12b
0.3046954740012141,0.19780059449833343,2026-09-12b
0.4982199148370437,0.03819466132691117,2026-09-12b
0.4226622697354367,0.14565830346136768,2026-09-12b
0.42271466415135256,0.0740060569177292,2026-09-12b
0.41682260798977794,0.06310675411262119,2026-09-12b
0.5184777916748707,0.05158240558091715,2026-09-12b
0.3693518739665928,0.10480900377927622,2026-09-12b
0.4514747496835841,0.09131739236234196,2026-09-12b
0.30212504470555057,0.11538414717517863,2026-09-12b
0.7921306609421062,0.5884337197581303,2026-09-12b
0.3703269495236231,0.1636473284515637,2026-09-12b
0.38371722757945276,0.05723036122821589,2026-09-12b
0.38695795433947217,0.10166675539400268,2026-09-12b
0.3335463462860223,0.10252672945523074,2026-09-12b
0.42386360851758165,0.13432109178643015,2026-09-12b
0.5159154399746133,0.061366031196595415,2026-09-12b
0.3483118578085381,0.1380822121692959,2026-09-12b
0.23428007591337735,0.5729822195324825,2026-09-12b
0.38614519272437137,0.2588093099190966,2026-09-12b
0.27553152852859214,0.06278694337550854,2026-09-12b
0.640684856374233,1.6562316056837367,2026-09-12b
0.48077338816052184,0.11600663790057478,2026-09-12b
0.3445784934248805,0.10127350156116306,2026-09-12b
0.2903046145585037,0.08591250227345427,2026-09-12b
0.36076899571567056,0.15241839968138943,2026-09-12b
0.3530763758549633,0.29931671018515654,2026-09-12b
0.3896393183594809,0.047305786644590654,2026-09-12b
0.4347468195248333,0.050054817741620114,2026-09-12b
0.5464686303893683,0.07990575806661217,2026-09-12b
0.4490322948565458,0.062356992215515064,2026-09-12b
0.28586508292426427,0.11881689221845017,2026-09-12b
0.44366090982289497,0.14600634002468132,2026-09-12b
0.4304092057099697,0.07142009310253487,2026-09-12b
0.40711765331740507,0.08784323345208174,2026-09-12b
0.3710151414347167,0.23595116478697675,2026-09-12b
0.3065915150305805,0.0386489188256852,2026-09-12b
0.37238808451721883,0.09013094020678207,2026-09-12b
0.3216945788974068,0.08963606786421925,2026-09-12b
0.38296252417710513,0.13160266349057376,2026-09-12b
0.33840485991756475,0.10955445661091079,2026-09-12b
0.4317659896440593,0.06232321100826628,2026-09-12b
0.9151519996860068,0.12347232807591275,2026-09-12b
0.3386923505951155,0.026496226674382246,2026-09-12b
0.3407483233006021,0.4078583217911222,2026-09-12b
0.4183822776359961,0.05087932424244888,2026-09-12b
0.325873032478802,0.10022050757072103,2026-09-12b
0.4167344747716378,0.11665267439110331,2026-09-12b
0.25181104662331544,0.3697542020853341,2026-09-12b
0.34876963088677154,0.06757781972013058,2026-09-12b
0.4000351500834718,0.243068624826471,2026-09-12b
0.38357757723550406,0.04978289662833437,2026-09-12b
0.36304923381517995,0.07999042264988968,2026-09-12b
0.8011396559999104,0.9252495108494295,2026-09-12b
0.327518137475754,0.19972913289654226,2026-09-12b
0.3820120011460717,0.04509958937006761,2026-09-12b
0.3466848852675012,0.0757091387406275,2026-09-12b
0.40343877225632085,0.11406245075704437,2026-09-12b
0.3006282436112894,0.13964377027968541,2026-09-12b
0.3399804780728379,0.082019661810666,2026-09-12b
0.35658666762969715,0.061894634622648666,2026-09-12b
0.318477432912732,0.14252112937945535,2026-09-12b
0.3697917814291345,0.15621516382601275,2026-09-12b
0.3354321035076065,0.2642094872067498,2026-09-12b
0.9956221134117782,0.43193651873712025,2026-09-12b
0.44501529285796704,0.08138290241812471,2026-09-12b
0.44813479845094834,0.08608369708531534,2026-09-12b
0.4031320040436885,0.13581279456493073,2026-09-12b
0.3874484526102498,0.06191261096283249,2026-09-12b
0.4027396631222957,0.277795649342272,2026-09-12b
0.25337592744350607,0.27152666579979334,2026-09-12b
0.37511926736670875,0.07823093437759168,2026-09-12b
0.4295116119822572,0.05409394712894202,2026-09-12b
0.5224284522653374,0.12234581416229984,2026-09-12b
0.2816977170904879,0.06593871639698172,2026-09-12b
0.4035452086380095,0.03831564106379755,2026-09-12b
0.5192310873681324,0.2140157065241132,2026-09-12b
0.3812147463830075,0.03389580979767031,2026-09-12b
0.399520992978851,0.11056693071941644,2026-09-12b
0.39339502948347377,0.062350479212227194,2026-09-12b
0.35438231693652666,0.2353760788512328,2026-09-12b
0.3602816012531943,0.060596237604241404,2026-09-12b
0.24235374559382997,0.09131063790606761,2026-09-12b
0.39349616910793733,0.3263192712710256,2026-09-12b
0.3894702458771274,0.15547279045979479,2026-09-12b
0.8401932086554829,0.24811636133240267,2026-09-12b
0.5106787854333116,0.2766276379919509,2026-09-12b
0.3084154998147944,0.3537157796591121,2026-09-12b
0.34429060666713385,0.033998887540093496,2026-09-12b
0.36153240194374625,0.06831255777493246,2026-09-12b
0.3677676716950147,0.1342228686282014,2026-09-12b
0.3869283754428621,0.0523607700071086,2026-09-12b
0.42093901405094125,0.039292973721736506,2026-09-12b
0.33091116106260177,0.1717178108465081,2026-09-12b
0.3278313684764819,0.16934475229207757,2026-09-12b
0.40845367869196003,0.10936027396650899,2026-09-12b
0.40379011946352444,0.12130430991891275,2026-09-12b
0.46328491767141716,0.3326598974996657,2026-09-12b
0.3932035201662801,0.29585909559387125,2026-09-12b
0.3287191242123993,0.9326991755810815,2026-09-12b
0.3771160605030593,0.21966033838261653,2026-09-12b
0.45826864049957644,0.05916091092047852,2026-09-12b
0.2631805421662578,0.23992003696690944,2026-09-12b
0.30301468917150054,0.22744688327630086,2026-09-12b
0.3396117130708551,0.10856707419080659,2026-09-12b
0.3259234351250427,0.2625779558579587,2026-09-12b
0.8336475515555388,0.5524254481054709,2026-09-12c
0.6247316246895438,9.560895188341888,2026-09-12c
0.6044190929562846,2.2778509836485132,2026-09-12c
0.6093927436720146,26.43262519196761,2026-09-12c
0.7845808914219562,0.9381060321224229,2026-09-12c
0.6483435187484553,0.9900297163138311,2026-09-12c
0.4960768253944047,9.358754760193847,2026-09-12c
0.7180353535356782,1.0889084421640935,2026-09-12c
0.8504832185959101,0.14418561438465102,2026-09-12c
0.5465179465880848,12.074274588297689,2026-09-12c
0.922263085241766,0.03590948332153959,2026-09-12c
0.6541056921944741,6.313574889832274,2026-09-12c
0.8665609236456363,0.2809512091627056,2026-09-12c
0.874036034401821,0.16356680484829492,2026-09-12c
0.9514342127407012,0.4109546488821673,2026-09-12c
0.7719499099747703,0.2058785955740225,2026-09-12c
0.8623367286348045,0.6323040866673695,2026-09-12c
0.5395863765494482,4.992010499966486,2026-09-12c
0.9989099119072876,69.8465763314463,2026-09-12c
0.6663979086993788,4.023711523734364,2026-09-12c
0.8057276142155616,0.6694325205032715,2026-09-12c
0.746297646093521,1.062382277161779,2026-09-12c
0.4476562522009809,18.644146249122823,2026-09-12c
0.6930471692446171,1.2224055542121794,2026-09-12c
0.7592458870861507,0.9236032439266386,2026-09-12c
0.7381798088645616,0.5240181651738579,2026-09-12c
0.8028641815365691,0.24446761268473438,2026-09-12c
0.71667932761962,1.6592309608113873,2026-09-12c
0.8068731065467706,0.06690519595140292,2026-09-12c
0.9976480314666805,0.0032385518043082577,2026-09-12c
0.4231201285155751,1.6365519469293495,2026-09-12c
0.5904193373765655,0.2105215215590646,2026-09-12c
0.9680900733644687,1.2026722370072964,2026-09-12c
0.9032080622791749,1.2631241417971635,2026-09-12c
0.5707392340862247,4.53761675510602,2026-09-12c
0.6863887507946058,0.9983966632087454,2026-09-12c
0.5703643041446216,3.2450448927943754,2026-09-12c
0.992925288511148,1.2368575863984115,2026-09-12c
0.7508068841162482,1.028074615550035,2026-09-12c
0.7806935462961178,0.7853448746434677,2026-09-12c
0.6244970569183893,0.4700053579625737,2026-09-12c
0.7455765819891216,0.779168871861691,2026-09-12c
0.9349993584311928,0.011276800203080499,2026-09-12c
0.9198477712172726,0.41100033157107513,2026-09-12c
0.8771325109195371,0.3442525449961613,2026-09-12c
0.6797618695710675,1.9951009931441106,2026-09-12c
0.6072506209218739,1.321265455165526,2026-09-12c
0.6485790606043739,3.0508782022480583,2026-09-12c
0.7581671439050808,0.8869626464398687,2026-09-12c
0.8376845726878615,0.7769380335008109,2026-09-12c
0.6120990735363292,31.74463641392481,2026-09-12c
0.9998508222036464,0.00021568740251990746,2026-09-12c
0.6886503078631286,1.1053992756118511,2026-09-12c
0.6980795542467698,1.8036250780867045,2026-09-12c
0.9390754581594152,0.6529821450743555,2026-09-12c
0.7570846823980308,0.9917566608265305,2026-09-12c
0.5772145573678019,1.9747991961076639,2026-09-12c
0.7965534933031186,0.23571776628889435,2026-09-12c
0.4707723638451075,5.130379592885432,2026-09-12c
0.9964565734131955,2.365240435428971,2026-09-12c
0.9029425197122641,0.20659806312024653,2026-09-12c
0.5377166151392834,5.213928159778283,2026-09-12c
0.5849408910265284,1.5409588242539294,2026-09-12c
0.9720465729678377,0.16587407332660772,2026-09-12c
0.8843214995605646,0.36558584869265254,2026-09-12c
0.9959173633635334,0.9961383043924049,2026-09-12c
0.8780787684510211,0.7434340555769507,2026-09-12c
0.9810688586769233,0.003206246472791576,2026-09-12c
0.8705279451201109,1.8969687768300383,2026-09-12c
0.7647032847520066,1.061802470854976,2026-09-12c
0.847972725820977,0.5638242152361265,2026-09-12c
0.6565885653905112,6.0515600034356085,2026-09-12c
0.6781547491382491,0.9051424324338045,2026-09-12c
0.8372963171243685,0.21460726800907307,2026-09-12c
0.9871950362422267,1.1696824199239864,2026-09-12c
0.7439046294031266,1.2751650102249532,2026-09-12c
0.6575000792441,1.8134280661811042,2026-09-12c
0.41327048441687797,4.202527474701271,2026-09-12c
0.4308959858178141,1.0988525041730732,2026-09-12c
0.8662493061679197,0.044454598073285084,2026-09-12c
0.9554687347113231,0.9652448845322354,2026-09-12c
0.5046332919822653,104.77295337674009,2026-09-12c
0.9685735101416966,1.2447414594457913,2026-09-12c
0.863297357731617,0.35146430090297137,2026-09-12c
0.9515348103547562,0.9962938713754094,2026-09-12c
0.6609922323556684,2.3646183236369267,2026-09-12c
0.8370473617441245,0.3413537733277936,2026-09-12c
0.6086171409401173,0.8696318197929781,2026-09-12c
0.6345555905377607,3.439815112805884,2026-09-12c
0.5302525596527824,7.40321858245779,2026-09-12c
0.6868406699171078,3.5204283006774952,2026-09-12c
0.8950975640004091,1.2328548241154258,2026-09-12c
0.999931406442366,0.9976787807995133,2026-09-12c
0.8679258261719123,0.0016429690275411707,2026-09-12c
0.947427900016134,0.938364921983951,2026-09-12c
0.9826486154246055,1.2483746731084797,2026-09-12c
0.8821446675891027,0.291070400840638,2026-09-12c
0.9860471808345834,0.5702667106169289,2026-09-12c
0.5113319415953099,3.4787215682929538,2026-09-12c
0.781695038506563,0.9096663117131399,2026-09-12c
0.6604332147296663,0.5112980255654699,2026-09-12c
0.9318228340912758,0.695530566830721,2026-09-12c
0.3003676844144912,2650.1366347019416,2026-09-12c
0.8794389833603717,0.15684114956767842,2026-09-12c
0.8663710911777541,1.8060945468716152,2026-09-12c
0.7500888039471285,1.4054570747576314,2026-09-12c
0.9429983768801421,0.995698665733298,2026-09-12c
0.5743622654236918,3.569988834493925,2026-09-12c
0.5207635133328402,2.414094820348757,2026-09-12c
0.7481833790330809,0.5875038863304437,2026-09-12c
0.7890766679428317,0.4665186458809493,2026-09-12c
0.6899994981881931,1.0483074194735156,2026-09-12c
0.566635343700665,2.705677146633267,2026-09-12c
0.6596332528940536,5.546498833403163,2026-09-12c
0.6127888102581674,0.2980143352568282,2026-09-12c
0.6002517043763999,0.6617491804259135,2026-09-12c
0.5340465697086278,2.5296370310364416,2026-09-12c
0.9593924618057382,1.7869472096558912,2026-09-12c
0.8777261636057725,0.8243970863097322,2026-09-12c
0.6425817227520365,0.41542365274955745,2026-09-12c
0.6150395738988251,25.358614012074177,2026-09-12c
0.9150593669731795,0.16655544292132513,2026-09-12c
0.6139991670968655,0.6200601675638965,2026-09-12c
0.482693282625233,4.257829581501064,2026-09-12c
0.2024057918543736,511.00585598318077,2026-09-12c
0.9955468632589747,0.00875708567250385,2026-09-12c
0.7877225775172455,0.4077277690641548,2026-09-12c
0.6001803595605371,0.506362217959567,2026-09-12c
0.9994408540691008,0.008474687715811599,2026-09-12c
0.9128771456770539,5.381581715738262,2026-09-12c
0.46015654226837166,3.0619520142199828,2026-09-12c
0.821313148968751,0.6988546925579479,2026-09-12c
0.8131928365781623,0.8027389484076185,2026-09-12c
0.6979707412782418,1.7420112544912705,2026-09-12c
0.7142445943746959,0.6619608050314664,2026-09-12c
0.7084967431007061,0.4577155913809773,2026-09-12c
0.6384143727374194,9.327976167249227,2026-09-12c
0.510475062992434,0.3444059667828965,2026-09-12c
0.6270542998512594,0.7096744823057961,2026-09-12c
0.8036907687056166,0.30081927056799196,2026-09-12c
0.8230489151981142,0.3320688428373189,2026-09-12c
0.5191005201037218,30.267852231482575,2026-09-12c
0.7663481858374395,0.8480971822967487,2026-09-12c
0.7197540769355317,1.2900932238709284,2026-09-12c
0.8460540537945257,0.6210612834017838,2026-09-12c
0.7576773571321103,1.3242574737677226,2026-09-12c
0.6549451784496454,2.1015227074120473,2026-09-12c
0.634104758590286,3.174020342396685,2026-09-12c
0.9992983643216604,0.9951263332797833,2026-09-12c
0.8822059560543261,0.9351647243458215,2026-09-12c
0.8253636020761111,0.008510729031516139,2026-09-12c
0.9704813352824947,0.10509354951831855,2026-09-12c
0.6371732332404543,9.753732611778194,2026-09-12c
0.6404070450561149,1.337358570767679,2026-09-12c
0.9986527740839347,0.000549150232598497,2026-09-12c
0.5202057837586731,28.81672159754653,2026-09-12c
0.8263821230200041,1.6078231320078047,2026-09-12c
0.5529346637330351,10.445834950727434,2026-09-12c
0.7772667284964154,0.7557046501949535,2026-09-12c
0.7194462152592374,0.6905989779887981,2026-09-12c
0.7793178512049026,0.9161529238535817,2026-09-12c
0.8734397427414329,0.40863982871738214,2026-09-12c
0.8436635350521592,0.5456638471525314,2026-09-12c
0.5079578900654512,5.652976940408793,2026-09-12c
0.8783069141368404,1.0526050761925727,2026-09-12c
0.747206555560344,0.11491111216698137,2026-09-12c
0.40392109863264464,1.1996028983521032,2026-09-12c
0.8691595546212121,0.9764856897802618,2026-09-12c
0.947044263004434,1.120845243638881,2026-09-12c
0.9643619472475201,0.99014813980859,2026-09-12c
0.8300464363400518,0.32905043436413917,2026-09-12c
0.7938324420760513,0.8033060665662295,2026-09-12c
0.8247132110247151,0.988769987094457,2026-09-12c
0.7656096836920067,0.3156753378648888,2026-09-12c
0.8258495917001716,0.5093090723576078,2026-09-12c
0.7953580463609451,0.37814593143117453,2026-09-12c
0.7634812038917186,0.3508492232916405,2026-09-12c
0.6769883416285019,0.8171650047160625,2026-09-12c
0.8286627879833551,0.19784902661494924,2026-09-12c
0.9917973177551128,0.9640770951589972,2026-09-12c
0.928703152339928,0.9619395681049676,2026-09-12c
0.7616444083009128,1.109010038387182,2026-09-12c
0.7138840903523918,1.1906992311629228,2026-09-12c
0.9999201186706499,1.9532144526773272e-05,2026-09-12c
0.7420637036624552,0.8912642141731884,2026-09-12c
0.9745823242063759,0.5143695582670649,2026-09-12c
0.6674539617625047,4.892762108379071,2026-09-12c
0.8522329250846332,0.562087278888328,2026-09-12c
0.6952107506658942,0.6894980231696635,2026-09-12c
0.7874312745791162,1.100047109276703,2026-09-12c
0.9645177501311877,0.05072288158695849,2026-09-12c
0.811918561264547,0.23257192297782564,2026-09-12c
0.6790516380670183,0.7318697947630415,2026-09-12c
0.5925795717613097,5.613049841463932,2026-09-12c
0.5161982304708804,34.853859726751445,2026-09-12c
0.6061236278720649,7.393283443319425,2026-09-12c
0.9127895648358468,0.030031762526546206,2026-09-12c
0.8786334833125382,0.9668894823844019,2026-09-12c
0.8904836790017406,0.31097200049678586,2026-09-12c
0.9762319842574727,0.9786003546944781,2026-09-12c
0.9994835822950615,0.7485493461876117,2026-09-12c
0.6098065757012383,0.25339705545651314,2026-09-12c
0.9638797514379798,2.120455128828685,2026-09-12c
0.7326473581608132,1.0945594416824656,2026-09-12c
0.9095367361074067,0.8923829473746167,2026-09-12c
0.9993496950792302,0.9996794856781634,2026-09-12c
0.5130130795763553,1.1844182725693255,2026-09-12c
0.9985574565747257,0.0017381925313044264,2026-09-12c
0.8328717783248384,0.5373396150330302,2026-09-12c
0.6401922347021527,0.698701373093356,2026-09-12c
0.6447839218899054,0.9537866226214144,2026-09-12c
0.7160864192867644,0.2472684555082458,2026-09-12c
0.5469271790751606,1.4018084186030542,2026-09-12c
0.5881825849659129,0.6227126841553621,2026-09-12c
0.884351335981445,2.1978173546026194,2026-09-12c
0.6365516250444201,2.439732021152029,2026-09-12c
0.4468080787338643,4.238929350018113,2026-09-12c
0.6195870574738023,1.7384618119789226,2026-09-12c
0.86567667403955,0.45747892647339744,2026-09-12c
0.7342951653832644,0.6723092650393501,2026-09-12c
0.8508482338117594,0.8086318017770322,2026-09-12c
0.9592372990381578,0.9708113287546186,2026-09-12c
0.746029079976594,0.532163137233063,2026-09-12c
0.6162543612319996,18.003794869959144,2026-09-12c
0.7984423986506676,1.2109989214470411,2026-09-12c
0.999870844041996,0.9997805846542501,2026-09-12c
0.9998615915913055,0.001040932575326398,2026-09-12c
0.6107167137557318,34.175689751017046,2026-09-12c
0.7406686811523436,1.720593161985969,2026-09-12c
0.9283649589478649,0.035013796671490204,2026-09-12c
0.734280433156669,2.3743931421668414,2026-09-12c
0.9102861549271789,0.8096817083456548,2026-09-12c
0.6888246738241139,1.3856015822149468,2026-09-12c
0.6613112036516989,4.835549217392383,2026-09-12c
0.6016267939149995,242.94274778699378,2026-09-12c
0.64205373764017,6.312636475414007,2026-09-12c
0.8989438464058915,0.23391655374845202,2026-09-12c
0.6837460732742733,0.6415876111300793,2026-09-12c
0.5028640810645618,1.1479549399350428,2026-09-12c
0.9996196283300527,0.0019305290077463694,2026-09-12c
0.9515859019293977,0.5494128206644566,2026-09-12c
0.6688257041145423,0.24431755001837463,2026-09-12c
0.9680732928702643,0.9456201441949722,2026-09-12c
0.6627358790655186,1.4922631351365543,2026-09-12c
0.755497465567171,1.5339919789561678,2026-09-12c
0.9969468076193326,0.0073775514769631794,2026-09-12c
0.3732327490033273,3.571892500072326,2026-09-12c
0.7020874270598826,0.1238211240852742,2026-09-12c
0.8136320706576592,0.43470677246620915,2026-09-12c
0.3988059170827647,2.613160800470107,2026-09-12c
0.9049341360934838,0.7010148346068893,2026-09-12c
0.9964686374669388,3.6433953271211847,2026-09-12c
0.8145749956060092,1.2691678839210603,2026-09-12c
0.9649772804915742,0.9405421256734607,2026-09-12c
0.6876964754388479,0.1285609895747466,2026-09-12c
0.7647556570927474,0.43989368550482105,2026-09-12c
0.9403125921224816,0.1249573402854663,2026-09-12c
0.70613543790683,2.170939678541032,2026-09-12c
0.7416355375830167,1.6161626844935508,2026-09-12c
0.8555158086970401,0.2885339850100988,2026-09-12c
0.6635696738124655,0.49528074140930095,2026-09-12c
0.6823552867428163,1.1755305828968694,2026-09-12c
0.9675794968960213,0.6363106552337869,2026-09-12c
0.801418125125311,0.9802768238588028,2026-09-12c
0.9078139772706744,0.03506855094496953,2026-09-12c
0.9994695411898835,5.515107510010141,2026-09-12c
0.9505696571376071,0.3350057670595847,2026-09-12c
0.9057586872989646,0.4833822219794069,2026-09-12c
0.7222718808940495,1.0363585227202883,2026-09-12c
0.7701558107121756,0.9578766200909461,2026-09-12c
0.9541523903560959,0.7975377525628425,2026-09-12c
0.7309832124572313,0.891783068285994,2026-09-12c
0.8879986672427963,3.1923273696735137,2026-09-12c
0.6628788937283508,0.2521879252962987,2026-09-12c
0.7712445076948463,1.2320902679853245,2026-09-12c
0.799901901167498,0.90938626455052,2026-09-12c
0.9834244270457925,0.001245986326797495,2026-09-12c
0.9467751546120455,1.7669430805154784,2026-09-12c
0.8931285867765663,0.9601915852672976,2026-09-12c
0.7140437389337908,1.93580773021596,2026-09-12c
0.7979588693585273,0.517150919798425,2026-09-12c
0.8859875497310032,0.32919563127673807,2026-09-12c
0.49809287317868284,1.6869357242874057,2026-09-12c
0.8236552445068542,0.14637261598118245,2026-09-12c
0.6442892922738149,0.4360290409671155,2026-09-12c
0.8325905383439338,0.23219320952012074,2026-09-12c
0.9951386830007533,0.0015719211406405712,2026-09-12c
0.6664370053259543,3.109526958140975,2026-09-12c
0.39882735320602675,1.1718840666063395,2026-09-12c
0.7581789969430461,1.5263538755480268,2026-09-12c
0.8666320384350921,0.15091188257972848,2026-09-12c
0.794694812886392,0.6355823261062916,2026-09-12c
0.8168772113439077,0.318769561710039,2026-09-12c
0.81558034907548,0.9277453794078309,2026-09-12c
0.7767482376945887,0.44964813913255297,2026-09-12c
0.727296075449277,0.454858738905825,2026-09-12c
0.7887379607212465,0.5939745689775915,2026-09-12c
0.9161192820510105,0.5315188735766294,2026-09-12c
0.9290406729090352,0.7466315309297683,2026-09-12c
0.8261928894101727,0.6856497472039614,2026-09-12c
0.7288635166780993,0.7375509988124961,2026-09-12c
0.9407019142416785,0.9958938250191988,2026-09-12c
0.9603321775052477,0.3392923006472986,2026-09-12c
0.8279137987946709,0.702559270504488,2026-09-12c
0.9986920854303682,0.800531857348662,2026-09-12c
0.9593707117599961,0.30892828809740674,2026-09-12c
0.7971327352953219,0.8606062842435022,2026-09-12c
0.6910877653592999,2.766829822247018,2026-09-12c
0.6511376358383204,6.598982393443134,2026-09-12c
0.8300558992363667,0.976048515283559,2026-09-12c
0.6617207854960385,5.0772756148187925,2026-09-12c
0.6668209249940285,0.4793786074350296,2026-09-12c
0.9489880975104235,0.9912366327221699,2026-09-12c
0.8145378279654233,0.4546614969377224,2026-09-12c
0.7979167492308341,0.33697119274241105,2026-09-12c
0.6936283648454553,0.9865161123367153,2026-09-12c
0.6930004877743986,3.277395226964181,2026-09-12c
0.7232241339844214,0.2508854132021605,2026-09-12c
0.6995093132191701,3.0015786325769778,2026-09-12c
0.989495133491295,0.7831250339696036,2026-09-12c
0.669423960231978,0.8840226405998248,2026-09-12c
0.7408579551901621,0.910152684391585,2026-09-12c
0.6037204105392406,106.37773592961095,2026-09-12c
0.937060891372267,1.2219845329976406,2026-09-12c
0.894755049199145,0.6671524449245573,2026-09-12c
0.5337502644819997,2.0131600980495774,2026-09-12c
0.972806544811085,0.007354790622477791,2026-09-12c
0.9950031907061716,0.24094537389208193,2026-09-12c
0.7667163197644709,0.22768650184963055,2026-09-12c
0.2035397709585689,735.3893932531739,2026-09-12c
0.8193973786360026,0.7257949494870282,2026-09-12c
0.512053572993957,5.224109543198451,2026-09-12c
0.8145652524259158,0.4242425330131891,2026-09-12c
0.9958827144072786,0.07061682078645785,2026-09-12c
0.8593240374550362,0.4998960784292329,2026-09-12c
0.636006728757481,1.8341635777095715,2026-09-12c
0.8796191705798757,0.10043733293257487,2026-09-12c
0.9997369559720496,0.0005228181546631749,2026-09-12c
0.9737515445843772,1.9534920650343202,2026-09-12c
0.8028578904986488,1.768251937937698,2026-09-12c
0.8890464539764203,0.5975350833912005,2026-09-12c
0.9367187386069729,0.9885057492887843,2026-09-12c
0.7127863275574797,0.9208329673637703,2026-09-12c
0.8695668996137154,0.42440327869269456,2026-09-12c
0.5961008307221298,0.9742082553655532,2026-09-12c
0.7468878939814843,0.7601210583149772,2026-09-12c
0.8852530515209245,0.9347054947377136,2026-09-12c
0.6197217975206548,17.927582864938586,2026-09-12c
0.45087669845044503,11.530370059365074,2026-09-12c
0.9795663565886963,0.044419927899074556,2026-09-12c
0.6781155871781935,0.5761777419719687,2026-09-12c
0.6032076514599191,1.6152774463454507,2026-09-12c
0.7252542809605651,0.458182929153129,2026-09-12c
0.8135658710203233,0.5600995640010974,2026-09-12c
0.4119482949429011,5.128290839542126,2026-09-12c
0.7567745017484289,1.012178406268778,2026-09-12c
0.9828758217645972,0.5428078037223725,2026-09-12c
0.9492683110337979,1.2972783729803945,2026-09-12c
0.865295019724567,0.7315454976978057,2026-09-12c
0.8277117553052605,0.324901273327756,2026-09-12c
0.4698529308250033,2.8586167883389604,2026-09-12c
0.9385854803963253,0.9845374719240413,2026-09-12c
0.6206575140306317,1.0203352641180752,2026-09-12c
0.8199016844825762,0.29914295259118817,2026-09-12c
0.8696900886941841,0.09020231424054442,2026-09-12c
0.875325896650095,0.22062426875961239,2026-09-12c
0.5978558602464104,2.3928427610151606,2026-09-12c
0.841590467381327,0.6327240399204463,2026-09-12c
0.7100421453141696,1.4371174248590008,2026-09-12c
0.80381940563499,0.3347200270438289,2026-09-12c
0.7692947887178887,0.8179121119643991,2026-09-12c
0.9972704688512732,0.9762128858237927,2026-09-12c
0.8744788084257213,0.35023610046054315,2026-09-12c
0.9982372689505304,0.006146835058274682,2026-09-12c
0.8285782906053855,0.7182463614663421,2026-09-12c
0.9512975163089338,0.7976633151059939,2026-09-12c
0.7788374681793572,0.5518146493458367,2026-09-12c
0.917166380976712,1.1757600758830165,2026-09-12c
0.39721094804584256,0.6117267597453713,2026-09-12c
0.5533393733030999,1.0436642175081856,2026-09-12c
0.8242521459578972,0.5996924673831578,2026-09-12c
0.870736056047067,0.5329662537728975,2026-09-12c
0.7200918960328734,0.27953291010835307,2026-09-12c
0.5210340415107755,2.175097870525329,2026-09-12c
0.8577955799148208,0.43233010441710984,2026-09-12c
0.6183633966371226,0.5001896888565084,2026-09-12c
0.9951020950056791,0.0032990093756437343,2026-09-12c
0.6096442399759177,1.1506397514590487,2026-09-12c
0.8289424272777904,0.5022800299916612,2026-09-12c
0.493036341667756,9.56620583810422,2026-09-12c
0.9440252596403698,0.048264400076792655,2026-09-12c
0.7776103677511136,1.6851225453570629,2026-09-12c
0.9816851822361268,0.030504721710825165,2026-09-12c
0.9060625661423205,0.3256177720260299,2026-09-12c
0.49311002843519836,3.823701955691673,2026-09-12c
0.842117409579074,0.28634109809381775,2026-09-12c
0.7099664728890537,0.6906552731014356,2026-09-12c
0.980184010113158,0.9734213109750508,2026-09-12c
0.7463450518837157,0.31307644812131136,2026-09-12c
0.854207041362968,0.9594975671957793,2026-09-12c
0.5416154132930651,1.9921260703950083,2026-09-12c
0.866464196920418,0.8817820033479112,2026-09-12c
0.9181703092465984,0.23024560720464388,2026-09-12c
0.7797828183969006,1.0098504282319762,2026-09-12c
0.9583595838060948,0.2211202399783829,2026-09-12c
0.8833245417892949,0.9023319739795174,2026-09-12c
0.8162303507704483,0.37532969279378336,2026-09-12c
0.6079482128881792,1.6290817720123858,2026-09-12c
0.9022130525630375,0.315191537446098,2026-09-12c
0.9018117653630173,0.2637907445973485,2026-09-12c
0.760015370393142,0.9058124751102736,2026-09-12c
0.9427379603182323,2.5055057205070743,2026-09-12c
0.9841952615155474,0.9791837520505409,2026-09-12c
0.6885607336666528,2.2273830758928903,2026-09-12c
0.9882942063435453,1.655436904023925,2026-09-12c
0.9438057409339018,0.03681264492055776,2026-09-12c
0.810808534174663,0.34498602971429254,2026-09-12c
0.5535613149626789,3.158479768844961,2026-09-12c
0.7807346360563879,0.19754488556662525,2026-09-12c
0.7849324485089141,0.4492151174159644,2026-09-12c
0.783208174901484,1.8154890978222404,2026-09-12c
0.9954498837982894,2.3701731004431794,2026-09-12c
0.8732749508296984,0.27080452906315433,2026-09-12c
0.655836415877791,2.1830250766622354,2026-09-12c
0.696615742092951,0.8832754243799223,2026-09-12c
0.3506094753655115,9.184388465233587,2026-09-12c
0.6537901154209869,1.1497544852209955,2026-09-12c
0.9977262793463875,3.8594453435609584,2026-09-12c
0.458479222578004,5.161338007846247,2026-09-12c
0.8716188957629514,0.3863121635297117,2026-09-12c
0.798562614867311,0.404238487123675,2026-09-12c
0.4011797662530133,666.8333832272994,2026-09-12c
0.8496441712412649,1.2698937332579303,2026-09-12c
0.8983242529962152,0.13632978297150694,2026-09-12c
0.4188678945070483,61.05473385298589,2026-09-12c
0.9929651755304507,0.0023508579299137662,2026-09-12c
0.7794389548268755,0.25459672222709434,2026-09-12c
0.7428268804833724,1.2798665079285538,2026-09-12c
0.8701859081874683,0.47081620886483994,2026-09-12c
0.882170007136091,0.1368102365884519,2026-09-12c
0.6987734392349149,1.3446540527005666,2026-09-12c
0.6179565664054302,3.968097566667919,2026-09-12c
0.7600672165575528,0.9818530722771086,2026-09-12c
0.6533180702932199,0.8853375465431849,2026-09-12c
0.5903015636022816,1.339933126773848,2026-09-12c
0.6319236605925765,3.150635297816464,2026-09-12c
0.882938282939291,0.4735201011821328,2026-09-12c
0.7880726039658781,0.28995590430879314,2026-09-12c
0.9985432218657521,0.0006223041041301208,2026-09-12c
0.7703653703508624,0.22780108153650952,2026-09-12c
0.5237845199435618,3.432168588331791,2026-09-12c
0.4800275936869864,4.490832027697677,2026-09-12c
0.6149528921899502,0.756256231787742,2026-09-12c
0.9998119829792509,0.9280334160909499,2026-09-12c
0.5282482030956885,3.097894496531474,2026-09-12c
0.8607883462418504,0.26929847785522343,2026-09-12c
0.881192439538598,0.4222274562828908,2026-09-12c
0.9989670076564668,0.9907616523712275,2026-09-12c
0.9922505398156425,3.5507964755003765,2026-09-12c
0.7232178485937409,1.997847547323416,2026-09-12c
0.7600643691913502,0.20886746458291944,2026-09-12c
0.5699507697273231,1.1512138748851761,2026-09-12c
0.9558133428387932,0.12612653176297925,2026-09-12c
0.7319614244118002,1.1897477465834498,2026-09-12c
0.6519437727504448,2.136109730334049,2026-09-12c
0.7582596926184608,1.240900996428528,2026-09-12c
0.8630447886776864,0.9754628469109916,2026-09-12c
0.9939440762258299,0.9997729334430427,2026-09-12c
0.6551119538829724,6.257856636163365,2026-09-12c
0.7029818398151377,2.880296070326327,2026-09-12c
0.7993725392845964,0.22332216177031922,2026-09-12c
0.3527454744169783,13.144990939280767,2026-09-12c
0.8162047054684006,0.563113821936257,2026-09-12c
0.7904199298132364,1.1792780988905525,2026-09-12c
0.7502556826981145,0.48957941464772264,2026-09-12c
0.5096953219304553,4.644214013533407,2026-09-12c
0.5636229180528094,2.081507467093308,2026-09-12c
0.6633440915527509,5.232167840552778,2026-09-12c
0.5811001389981494,2.213929931883753,2026-09-12c
0.721049973368124,127.74290436913418,2026-09-12c
0.4001760812669618,5459.798369505537,2026-09-12c
0.6041547929457564,1.072020993042991,2026-09-12c
0.978210462604851,1.7354940235386251,2026-09-12c
0.8544626486234546,0.25199822619853074,2026-09-12c
0.6114119669603191,33.09860489698568,2026-09-12c
0.6168966507955314,20.680001787605853,2026-09-12c
0.9077388234712436,0.4802978309877588,2026-09-12c
0.43191737806029457,4.509934418216772,2026-09-12c
0.996070441425233,0.7023961947180271,2026-09-12c
0.812113180435601,0.568812606609992,2026-09-12c
0.8788223597494277,0.6079466334679592,2026-09-12c
0.6728120741993165,0.8770374660823166,2026-09-12c
0.766821821667496,0.32675859420503545,2026-09-12c
0.994950000094625,0.9947764086589089,2026-09-12c
0.5566552596589727,2.724330983392415,2026-09-12c
0.8782470004419548,0.3833779289420119,2026-09-12c
0.7599112325053551,0.306068301122286,2026-09-12c
0.635301712910476,1.0936637905319566,2026-09-12c
0.8474102939979435,1.0078423041069828,2026-09-12c
0.6760048542989968,0.3240725188314131,2026-09-12c
0.9924210937658551,0.00878504681709423,2026-09-12c
0.7788153750218274,0.04457968133331493,2026-09-12c
0.8207550734347534,0.7454955722395532,2026-09-12c
0.5530283929241078,3.299331724863551,2026-09-12c
0.9643000358150188,0.8887826174732462,2026-09-12c
0.6315455801368769,6.32323777705162,2026-09-12c
0.644364509992193,1.177455766770999,2026-09-12c
0.7131670588301456,0.6521152528554727,2026-09-12c
0.9062072406446943,0.7479144709031275,2026-09-12c
0.5655299282684679,6.23223929702003,2026-09-12c
0.9988119035480549,0.9974131755717784,2026-09-12c
0.999926983810403,7.701157435794216e-05,2026-09-12c
0.43127115023374485,19.116677463564187,2026-09-12c
0.9871340412520477,1.299199653194866,2026-09-12c
0.9113907705970055,0.9251081000645272,2026-09-12c
0.8377724065422145,0.4993352473550696,2026-09-12c
0.6577608415318833,4.655532153120993,2026-09-12c
0.7768678828842074,0.908814212204372,2026-09-12c
0.7248860448050547,1.8775669321241366,2026-09-12c
0.7882372169597612,1.0711123747690132,2026-09-12c
0.5113721101455652,53.041256428846815,2026-09-12c
0.6604549132496425,2.5505498292052615,2026-09-12c
0.7998109621892472,1.3262902250566788,2026-09-12c
0.6866545428670049,1.8980531940488887,2026-09-12c
0.832787168848161,1.3130643416079106,2026-09-12c
0.8635138501775942,0.8850367992868209,2026-09-12c
0.9846723347693539,0.7731133576130313,2026-09-12c
0.9921392866176632,0.9870182628104546,2026-09-12c
0.999911622634078,1.9992430580328402,2026-09-12c
0.9556717746533235,0.8998497824837768,2026-09-12c
0.9562639947630207,0.2547893783760856,2026-09-12c
0.6895992407274856,0.8467836992778501,2026-09-12c
0.6622939758168134,5.2630141453942665,2026-09-12c
0.8532375113355245,0.2686515489668192,2026-09-12c
0.6558550370057677,0.401341336966907,2026-09-12c
0.6907207694351096,1.923697437061381,2026-09-12c
0.5555167212569516,3.172965569142524,2026-09-12c
0.6678462721552656,4.842954265255501,2026-09-12c
0.6931562163358319,1.6678933864340224,2026-09-12c
0.9322760457076806,0.41627171805773366,2026-09-12c
0.910740172115293,0.33412997377535436,2026-09-12c
0.963854379324456,0.21524172489259086,2026-09-12c
0.8510819486573895,0.2720576116191842,2026-09-12c
0.992359555474767,0.14452835644541542,2026-09-12c
0.9913199086585417,0.8847902037481251,2026-09-12c
0.9491282537789816,0.8209876539022876,2026-09-12c
0.3328051714723634,8.874673719096895,2026-09-12c
0.816308331666987,0.6853019974513657,2026-09-12c
0.6286332938352063,12.967022941632036,2026-09-12c
0.5582633715063147,3.2881729079818602,2026-09-12c
0.724059566907509,0.9506815528259104,2026-09-12c
0.5049424110849924,2.41529072686277,2026-09-12c
0.7082084705669514,0.7396053348518913,2026-09-12c
0.827372163014536,0.4455535711234502,2026-09-12c
0.9957093063534599,0.6412835266768165,2026-09-12c
0.9095107080049664,0.051287678362104676,2026-09-12c
0.6970721498429429,1.0538801153745911,2026-09-12c
0.7260729649017437,1.038252196646711,2026-09-12c
0.6726988477713421,0.9727852443902781,2026-09-12c
0.9897938021155904,0.9985799725348118,2026-09-12c
0.953973701984961,0.9076574558373739,2026-09-12c
0.8366520090690706,3.2359253093320444,2026-09-12c
0.9597441534795793,25.355380607005088,2026-09-12c
0.6172860897837781,1.6909922384622822,2026-09-12c
0.6578298231251829,0.8956099599756424,2026-09-12c
0.9296030333285825,0.9022922781177257,2026-09-12c
0.6285118486464406,11.627863987116083,2026-09-12c
0.6610558527586406,2.8023792999705552,2026-09-12c
0.4765354093402974,1.1037542094229884,2026-09-12c
0.5557504356849915,0.8841662694558259,2026-09-12c
0.8890754744432265,0.9604664059298884,2026-09-12c
0.9890827306955975,1.6217682801524023,2026-09-12c
0.7975256594742423,0.20677050288578688,2026-09-12c
0.8721041470489842,0.28009387807266917,2026-09-12c
0.8664095743351523,0.7816314654708686,2026-09-12c
0.4017839765931064,0.9654023575270986,2026-09-12c
0.6854017251714452,1.4200793395886544,2026-09-12c
0.930857180985439,0.9475347994871776,2026-09-12c
0.6093774691649403,37.73916368658535,2026-09-12c
0.8297391650060113,0.8297225059580225,2026-09-12c
0.7096127552731012,0.9897861513250268,2026-09-12c
0.5656545159412804,7.254430285245459,2026-09-12c
0.8636205051344042,0.38626571391877185,2026-09-12c
0.9996169886851282,0.42652852390265134,2026-09-12c
0.796284395459227,0.9820019788719159,2026-09-12c
0.8290636117915836,0.39722216226790646,2026-09-12c
0.7254203254804314,0.9234837775987711,2026-09-12c
0.887403042566988,0.20266250215698212,2026-09-12c
0.9879010265913581,0.0228229816293011,2026-09-12c
0.999577830743796,1698.8595605974824,2026-09-12c
0.9605924814775323,0.7036009099989832,2026-09-12c
0.803181128745667,1.896931439221735,2026-09-12c
0.6053483951699427,3.4850354325488193,2026-09-12c
0.838356072043058,0.32326067016110516,2026-09-12c
0.8683979299869746,0.05045775141722926,2026-09-12c
0.8061905936340145,0.909838750700296,2026-09-12c
0.9989998089299968,0.015740961245019464,2026-09-12c
0.5801143939465415,1.2607224597856865,2026-09-12c
0.8785349188796714,0.19268776636052465,2026-09-12c
0.9605710943902868,1.2475150262989478,2026-09-12c
0.8465146349533769,0.7305962470298849,2026-09-12c
0.5328289512887255,14.839496251810026,2026-09-12c
0.7670011474589838,0.963056967805033,2026-09-12c
0.6425747451040699,3.6012007487232456,2026-09-12c
0.9295791173397812,0.15798292231174932,2026-09-12c
0.9593743766820201,0.03251268214337745,2026-09-12c
0.7726056161065951,0.9796336663381918,2026-09-12c
0.9264688452326973,0.037803801647457,2026-09-12c
0.9987667402944453,1.3290027031301026,2026-09-12c
0.7119373942296371,0.010508970769901574,2026-09-12c
0.70633663661477,1.3347187695001055,2026-09-12c
0.5965569822932677,0.3070235528302366,2026-09-12c
0.6744013593437564,1.1897958483176743,2026-09-12c
0.731052040158567,1.8914509447178496,2026-09-12c
0.7885874071185378,0.16134957729867472,2026-09-12c
0.7555873586324668,0.8415206507977836,2026-09-12c
0.8069986231529966,0.3452698411682365,2026-09-12c
0.9663901354198571,0.3207992246508346,2026-09-12c
0.9442725900676358,0.9500907419842503,2026-09-12c
0.5556413164572749,0.5693938009080097,2026-09-12c
0.7360483744582387,0.6053578974780356,2026-09-12c
0.9349048904818117,0.9821604069697615,2026-09-12c
0.760489817176689,0.2176392887177867,2026-09-12c
0.8674305003910309,0.18944157519790145,2026-09-12c
0.5988864107672,0.7604857332316292,2026-09-12c
0.6466893056329553,5.5834949002194465,2026-09-12c
0.9703016951224248,0.09734070594204985,2026-09-12c
0.7484423874085097,0.8622583042960846,2026-09-12c
0.9803497441292879,0.033018899767663375,2026-09-12c
0.546985414798725,8.377002802360785,2026-09-12c
0.6039574398321023,69.6445836213916,2026-09-12c
0.9981913672560577,0.21218223635296904,2026-09-12c
0.7958318656368079,0.9802323593240508,2026-09-12c
0.8322015283177068,0.8584372971085046,2026-09-12c
0.6470264101786897,5.760421273108311,2026-09-12c
0.6154347873507997,15.163632936398447,2026-09-12c
0.6339643005871994,1.029334362144132,2026-09-12c
0.7961909218071945,0.32588494561832054,2026-09-12c
0.7897099705049941,0.21114502644116173,2026-09-12c
0.6720496307080255,4.491186150021098,2026-09-12c
0.892587030842966,0.11234634059257025,2026-09-12c
0.5066827747139162,5.04362686236383,2026-09-12c
0.9291834473065665,0.3810510921873257,2026-09-12c
0.967536438279379,0.9014604270443097,2026-09-12c
0.9923918507969636,1.2949373061731675,2026-09-12c
0.8727064346798091,1.503807161684779,2026-09-12c
0.9833599091742895,0.02119519325212009,2026-09-12c
0.7555693391476894,0.3905728704567597,2026-09-12c
0.5091398986943068,66.65622659410273,2026-09-12c
0.9996323540346542,0.9985262635171951,2026-09-12c
0.6732519279614962,0.5891733553577385,2026-09-12c
0.6085608176888514,1.5273115287267094,2026-09-12c
0.611324067826532,32.387975072932065,2026-09-12c
0.45399373729084325,4.527202643632945,2026-09-12c
0.975916140285715,0.10708099102340221,2026-09-12c
0.7443256443563414,0.8157711808342184,2026-09-12c
0.9770347488184387,0.03251911807628776,2026-09-12c
0.9101650673224133,0.8191916435352908,2026-09-12c
0.9181402783492127,0.17170954285200715,2026-09-12c
0.8504934591647308,0.7204510626371662,2026-09-12c
0.8800871630023168,0.02040964175504252,2026-09-12c
0.767707470619249,1.316242728677903,2026-09-12c
0.755117769515681,0.7758825088843202,2026-09-12c
0.9985138701659938,0.9932430613521155,2026-09-12c
0.9046030932439348,0.3376998726129941,2026-09-12c
0.6069199249810875,0.25874968853173413,2026-09-12c
0.8463297163116312,0.10502614355427443,2026-09-12c
0.6042983132863433,91.84972101293876,2026-09-12c
0.6086423250958464,2.7217099109808234,2026-09-12c
0.9995777739661037,0.9744053630709113,2026-09-12c
0.8177847707678282,0.6451757004094466,2026-09-12c
0.6834277959237984,2.3219466803829163,2026-09-12c
0.6382786996328248,0.16666700656842953,2026-09-12c
0.9676263708618239,0.6870829992472719,2026-09-12c
0.5971786327434334,1.398629468658299,2026-09-12c
0.976574272248726,10.444710749723642,2026-09-12c
0.9510268770356994,1.2921430216858891,2026-09-12c
0.9902210578114172,0.623521108704046,2026-09-12c
0.40070367155941417,1141.4536752174286,2026-09-12c
0.513305266955083,4.036635427255029,2026-09-12c
0.4161543640421442,4.736424880449137,2026-09-12c
0.8248765126613408,1.2767765766019907,2026-09-12c
0.6869464144975458,1.0680474157306625,2026-09-12c
0.7405204130663021,0.2467406149947323,2026-09-12c
0.9955607896500261,0.004750332684675954,2026-09-12c
0.6130837862133084,4.296875317534169,2026-09-12c
0.8248837502006535,0.26015082923957916,2026-09-12c
0.9514552284009062,0.6598313536438103,2026-09-12c
0.9991375743369184,6.35406369615205,2026-09-12c
0.6022991983519781,172.96071348409387,2026-09-12c
0.5485785687944775,2.1274097504692833,2026-09-12c
0.6849875463289351,1.1854165431433392,2026-09-12c
0.8822477049926707,0.3602659467516018,2026-09-12c
0.643090204076485,7.842758438158435,2026-09-12c
0.4603383100125941,3.235377709239344,2026-09-12c
0.8209844415035426,0.8243230830343283,2026-09-12c
0.692662229557824,1.9408019312768137,2026-09-12c
0.9661228191236919,0.5197732587248346,2026-09-12c
0.9327548049625225,0.0603155368401681,2026-09-12c
0.6104369959750778,1.3842531463546912,2026-09-12c
0.8154693408599512,0.5095433603563351,2026-09-12c
0.968321251011427,0.831880236302262,2026-09-12c
0.8374843628770329,0.5293771770676142,2026-09-12c
0.6116475702348569,4.344253893858169,2026-09-12c
0.5785656308957433,3.553001882087922,2026-09-12c
0.6659934093418755,3.828344998615936,2026-09-12c
0.9593479854376589,0.017742830928478948,2026-09-12c
0.8687067281902836,0.16570935572178805,2026-09-12c
0.8504589196643362,0.6942107707005675,2026-09-12c
0.9697906051702501,0.04466396534571986,2026-09-12c
0.8584011635327504,0.5125867687654684,2026-09-12c
0.5695233958660443,7.016720568147974,2026-09-12c
0.8476087626066396,0.8911250733239172,2026-09-12c
0.7604861275564976,0.8778756798708901,2026-09-12c
0.984199802909108,0.9361210472722163,2026-09-12c
0.9795796977840365,0.016560514723745902,2026-09-12c
0.9336490460469281,0.12232861738881914,2026-09-12c
0.598768735904391,1.3628247734741687,2026-09-12c
0.370032324617824,6.837144893809712,2026-09-12c
0.999161608671697,1.332760443606908,2026-09-12c
0.9350429847537818,0.13523497363511197,2026-09-12c
0.7569458843619197,1.4781546815095172,2026-09-12c
0.7434654165093684,0.990415031934455,2026-09-12c
0.98693339525166,0.4524564021047531,2026-09-12c
0.811061493971088,0.2542346234767627,2026-09-12c
0.5269063150784976,4.102920641316362,2026-09-12c
0.9984365069232085,0.0017791976693958564,2026-09-12c
0.9083620489355533,0.26773167660305475,2026-09-12c
0.8128113631038938,0.5717780762961224,2026-09-12c
0.7569348275434888,0.9471300564646915,2026-09-12c
0.5878589593855071,2.7828587888374012,2026-09-12c
0.9492175415033317,0.09669508996692934,2026-09-12c
0.9366436211037481,0.2596298264345189,2026-09-12c
0.7465837364402992,0.8202665313465429,2026-09-12c
0.628096488293028,0.9898101167221137,2026-09-12c
0.6166789632027999,0.4606655517275679,2026-09-12c
0.9075297719733442,0.829479006207489,2026-09-12c
0.9833953674023314,0.43310735916639764,2026-09-12c
0.8169465975933807,0.143004477338514,2026-09-12c
0.8261562055678856,0.2643344808815393,2026-09-12c
0.9964190698825071,1.9767647863617481,2026-09-12c
0.8560348738196116,0.6550453036847865,2026-09-12c
0.8777507538742615,0.0888572706398447,2026-09-12c
0.7342276089958332,1.2399763077728492,2026-09-12c
0.9726558986878105,0.8206551895647891,2026-09-12c
0.7604913262656215,1.0311874502859344,2026-09-12c
0.8239585797196893,0.4817027541866487,2026-09-12c
0.6010204133579856,390.734986218093,2026-09-12c
0.7466470533196616,1.3455241410365997,2026-09-12c
0.66709834195464,1.4208799096269855,2026-09-12c
0.7458036689472168,0.21859144046638238,2026-09-12c
0.9965222623121267,0.0059014582754033425,2026-09-12c
0.9526055452532555,0.15554886500508605,2026-09-12c
0.8733106321045163,0.08572763921178639,2026-09-12c
0.6243950711087556,14.666870753659895,2026-09-12c
0.5585309711442895,1.7322924339459165,2026-09-12c
0.46583435704647314,2.039534590087901,2026-09-12c
0.9495660368199018,0.44124793001072427,2026-09-12c
0.8088493207951372,1.5012787621165546,2026-09-12c
0.6667838458920972,0.9480809952404102,2026-09-12c
0.34066578254453733,23.841203680285115,2026-09-12c
0.6364087634984571,6.933342894427498,2026-09-12c
0.8217287220243997,2.333277714648099,2026-09-12c
0.5552716468264469,5.829115138315076,2026-09-12c
0.9578117513924956,0.674073512320197,2026-09-12c
0.8729492933784356,0.9550340513076917,2026-09-12c
0.552768155937161,4.181925033143085,2026-09-12c
0.9969709165586722,0.0046361659792854585,2026-09-12c
0.9011091651875663,0.8722133865512296,2026-09-12c
0.9970507708108395,0.016107934025422117,2026-09-12c
0.8088726834808264,0.4039050673643399,2026-09-12c
0.7824958853751223,0.5188506668281126,2026-09-12c
0.8623594600162561,1.4552040224661784,2026-09-12c
0.9752977689810445,0.9076254311525515,2026-09-12c
0.9865335708120218,0.2790253424071226,2026-09-12c
0.9661699245235583,0.8319031053991206,2026-09-12c
0.6844229582885384,3.2873196192134646,2026-09-12c
0.8104296575007779,0.997725462110895,2026-09-12c
0.8063883433400126,0.5405828834744905,2026-09-12c
0.7433493493797482,1.208690204055574,2026-09-12c
0.4524279173912294,1.5274627394237301,2026-09-12c
0.6820526999140967,3.8744910604962493,2026-09-12c
0.8011999119329819,0.7220347020084562,2026-09-12c
0.23124280472548758,41.5895600370017,2026-09-12c
0.7522210418949888,2.1419239699197874,2026-09-12c
0.6443481418494905,2.6353835639032765,2026-09-12c
0.9807153235157973,0.12364204774165116,2026-09-12c
0.6840355206907845,0.8233726623482704,2026-09-12c
0.6618810041268728,0.21007930777938374,2026-09-12c
0.5485579828292948,9.167371370607535,2026-09-12c
0.6424237230266211,1.37262323949768,2026-09-12c
0.6191817210213915,1.2853835309149775,2026-09-12c
0.8101260225281884,0.18230133454791977,2026-09-12c
0.5737952690324207,2.0167099936040853,2026-09-12c
0.9130095650787746,2.4488885140130288,2026-09-12c
0.9889099069250539,0.9999849881700029,2026-09-12c
0.8683382890078599,1.323665415700668,2026-09-12c
0.9915788141258981,0.24108337513594325,2026-09-12c
0.9463492027174665,0.9410374189710045,2026-09-12c
0.9189575090741938,0.3367014532354159,2026-09-12c
0.574895373407049,6.9669458397729,2026-09-12c
0.44521119378013574,2.852304856800334,2026-09-12c
0.6194846388396136,15.633047633337267,2026-09-12c
0.4805472166674478,0.6749571003488801,2026-09-12c
0.4983066808650228,1.0657721464569867,2026-09-12c
0.958747307978358,0.03651213437998068,2026-09-12c
0.5975976259935875,2.602136032544272,2026-09-12c
0.9576977999546974,0.2413862298385951,2026-09-12c
0.7592907917546212,1.1232161958227593,2026-09-12c
0.7656145573354377,0.7001971810017976,2026-09-12c
0.7104066326714272,1.2539786428289763,2026-09-12c
0.7948751000029328,0.6280116078593659,2026-09-12c
0.9850792481038254,0.014193204633195497,2026-09-12c
0.9237936993643071,0.2716222081341886,2026-09-12c
0.9998173569508386,0.6653491381399352,2026-09-12c
0.9747275492451326,1.29555500742915,2026-09-12c
0.5774173407652682,0.5050575154403328,2026-09-12c
0.979156898065961,0.9730922912528233,2026-09-12c
0.5684845938630005,1.9107969671017222,2026-09-12c
0.30372684970831904,602.161387523126,2026-09-12c
0.7748123528011316,0.6105645452497245,2026-09-12c
0.8610703340318502,0.7573969752927769,2026-09-12c
0.7257028482708506,1.3524067807567282,2026-09-12c
0.9492450487758373,0.12766243924388676,2026-09-12c
0.7273307334178182,0.8293591116076005,2026-09-12c
0.9463783186972786,1.2247498730417417,2026-09-12c
0.759522176430853,0.4932946227470774,2026-09-12c
0.5770442695828389,0.8350536359498933,2026-09-12c
0.9667772174118514,0.34885962471772125,2026-09-12c
0.5149906669642911,42.003710136933556,2026-09-12c
0.8233893875544002,0.6473343421672864,2026-09-12c
0.6107720590210758,0.4220299131950574,2026-09-12c
0.6058500020594801,0.4543977798735033,2026-09-12c
0.8502900068369919,0.3604758870317,2026-09-12c
0.562925805684599,5.300685839884925,2026-09-12c
0.9980099498962733,0.0008355585495511003,2026-09-12c
0.998167597209036,0.991033938064319,2026-09-12c
0.8129470544508673,0.5460943722835591,2026-09-12c
0.6602163977561922,4.147003176528305,2026-09-12c
0.8414452559363311,0.8846861167525996,2026-09-12c
0.6469258970276925,0.14158475274160778,2026-09-12c
0.6801060111911432,0.8577345541301472,2026-09-12c
0.8820858574548217,0.42141492633940514,2026-09-12c
0.8914948324270197,1.3779851276550432,2026-09-12c
0.8813583662194128,0.8266584995834488,2026-09-12c
0.9149811459362435,0.8660375691040978,2026-09-12c
0.734509374962995,0.25921461342739127,2026-09-12c
0.8981692120890475,0.10247099340618772,2026-09-12c
0.7880837497915268,0.926760469555336,2026-09-12c
0.9304556926179424,0.11024853959855895,2026-09-12c
0.9511130633104241,0.4903501802480095,2026-09-12c
0.6470318573833651,1.3766611631906398,2026-09-12c
0.9647258093127292,0.7811884529734252,2026-09-12c
0.8467571609795724,0.6932182870133088,2026-09-12c
0.8753030558456217,0.16686321706046367,2026-09-12c
0.9993520236748332,1.588196100660295,2026-09-12c
0.9115748875827527,0.19785716749107976,2026-09-12c
0.9910781563615092,0.9886041477489401,2026-09-12c
0.9923731105302841,0.9997565252563813,2026-09-12c
0.6542089185208083,0.3009156583486974,2026-09-12c
0.417660391913874,0.883101700835787,2026-09-12c
0.456768909962322,4.973575294146667,2026-09-12c
0.8298023415975867,1.0477428769977115,2026-09-12c
0.9338762996561099,0.08342259408001095,2026-09-12c
0.6740365209519935,0.8553028469734031,2026-09-12c
0.6004203693232933,924.9341177556672,2026-09-12c
0.9977512608855906,1.950592160863112,2026-09-12c
0.7854601633984443,1.001212234404777,2026-09-12c
0.9406266240162606,0.11515950619079504,2026-09-12c
0.7997698711463415,0.5260446499227498,2026-09-12c
0.7390116034383627,1.8026817034290858,2026-09-12c
0.9992405020149948,2.802017709447374,2026-09-12c
0.7059699162887456,2.067902816178915,2026-09-12c
0.6127029306209689,1.3439321085708362,2026-09-12c
0.8736357225132061,0.7588554402041214,2026-09-12c
0.8239808684839685,0.7734290902001327,2026-09-12c
0.8681394207905799,0.45448450344761754,2026-09-12c
0.9999126548082427,0.4301463655952115,2026-09-12c
0.9020979164476627,0.12849908329223952,2026-09-12c
0.958493613200811,0.12480562345103662,2026-09-12c
0.7244318585461028,0.6182295961326288,2026-09-12c
0.8929943083807613,0.2032933046272646,2026-09-12c
0.8175513646416929,1.9755342403738796,2026-09-12c
0.7729511089619938,0.9559284853502011,2026-09-12c
0.678982595524479,0.5306448710279891,2026-09-12c
0.9900809158173947,0.0041030626084177175,2026-09-12c
0.7918585631049891,0.5513943061495389,2026-09-12c
0.44564216495362585,16.782425949337632,2026-09-12c
0.6373403213523339,0.006570601124215549,2026-09-12c
0.9639069119009834,0.8254412192667909,2026-09-12c
0.7951695959032067,0.8434102295462147,2026-09-12c
0.9168386201842262,0.9310945376476478,2026-09-12c
0.6795187752619795,0.9714924495059251,2026-09-12c
0.8240276019991184,0.45729199330006626,2026-09-12c
0.5515077670555255,0.35708578614485015,2026-09-12c
0.8336471715282817,0.27744519503822923,2026-09-12c
0.9193029137965553,0.1000823625546737,2026-09-12c
0.9832942408320284,1.4266284844511294,2026-09-12c
0.6898785711877464,3.409248278306603,2026-09-12c
0.7676778297941721,0.5457289045941761,2026-09-12c
0.5518508378823265,1.261566525707513,2026-09-12c
0.9451847068140902,0.9125169213249597,2026-09-12c
0.9725101008438334,0.39534819728919907,2026-09-12c
0.7228697796889096,0.41754961750858116,2026-09-12c
0.7966891818661456,0.8573790508597543,2026-09-12c
0.9179626225798342,0.910086417219398,2026-09-12c
0.8279316377087104,0.2289385000249904,2026-09-12c
0.6266254765813651,2.1555246519069686,2026-09-12c
0.7518344292851414,0.5604391446632688,2026-09-12c
0.7416040156388488,0.251721050256864,2026-09-12c
0.9400044608830335,1.2783709625585535,2026-09-12c
0.6856809025883284,1.0974891026732259,2026-09-12c
0.9998787701311452,1.9399685314800532,2026-09-12c
0.81763670872272,0.38744693531209057,2026-09-12c
0.5702136372014268,2.095230769338344,2026-09-12c
0.8730310103093686,0.6147847452393845,2026-09-12c
0.6990890277976203,1.697830147719555,2026-09-12c
0.6893206949055747,1.7342719285907566,2026-09-12c
0.46560755198263365,4.505411588117646,2026-09-12c
0.9383527920178111,0.027198466914665615,2026-09-12c
0.9158297311307914,0.9755547325380424,2026-09-12c
0.6539747517651002,4.883033213777678,2026-09-12c
0.8905403670754394,0.4434476627457497,2026-09-12c
0.758059553991885,0.9513402293553007,2026-09-12c
0.9221604610734835,0.901700651747998,2026-09-12c
0.8576744120486002,0.49423617209456544,2026-09-12c
0.7320790761123815,0.7911874607100774,2026-09-12c
0.6404064720122642,7.476957922128496,2026-09-12c
0.9915583597230267,1.233122311833969,2026-09-12c
0.9416247192451968,1.0687303642323172,2026-09-12c
0.9992681920312974,0.9571583320023733,2026-09-12c
0.8552789228795556,0.18757013555975766,2026-09-12c
0.5850971630713676,1.8244225746562328,2026-09-12c
0.5296901533234123,2.102946768359665,2026-09-12c
0.6121705708014935,0.808393435712679,2026-09-12c
0.9748069270968264,0.19971107734014382,2026-09-12c
0.7278734423917842,1.2497874250376855,2026-09-12c
0.68410222593048,1.399305872053769,2026-09-12c
0.7895249547105291,0.717499041919605,2026-09-12c
0.8304799101346463,0.8416209343221993,2026-09-12c
0.9275439167739112,0.8392271898966436,2026-09-12c
0.5149480935012932,42.99884573586437,2026-09-12c
0.7889789861950741,0.5776097381615032,2026-09-12c
0.6431203584097149,2.628109685091689,2026-09-12c
0.8039613053306769,0.49005896693487944,2026-09-12c
0.753754027148387,0.7962106557540183,2026-09-12c
0.6280336593220514,0.41632950095342286,2026-09-12c
0.7318888357532213,1.9323318487849683,2026-09-12c
0.8885380017988571,0.5977093556711427,2026-09-12c
0.7855198131155845,1.2022124796737907,2026-09-12c
0.8984107498272526,0.04420883426981648,2026-09-12c
0.9239136971495248,0.06931997292719512,2026-09-12c
0.8204412616470947,0.7486761656276231,2026-09-12c
0.8769605112387072,0.7224052714782192,2026-09-12c
0.9027375614321564,0.2209758140346085,2026-09-12c
0.7727099693603959,0.8786440219901348,2026-09-12c
0.5373335270750614,0.6762955133887938,2026-09-12c
0.6002182670414701,0.5100842428422265,2026-09-12c
0.9651960483325419,66.07116621651566,2026-09-12c
0.6666800400098583,1.0311433391510827,2026-09-12c
0.8299940374093273,0.15287318395066715,2026-09-12c
0.8516039364139548,0.5474450137553082,2026-09-12c
0.8007864311559291,0.03448794587572442,2026-09-12c
0.5601204151574917,1.6915688442127643,2026-09-12c
0.8393315605113902,0.9914666539993704,2026-09-12c
0.7130452801407358,0.5218911295269946,2026-09-12c
0.3376547994592356,3.730109893629543,2026-09-12c
0.554238712881119,0.5877250567793393,2026-09-12c
0.5842465706014592,0.33024462272195737,2026-09-12c
0.4060214715554358,2.4177044320436107,2026-09-12c
0.9765791164308122,0.6833781176882568,2026-09-12c
0.40432462332243835,1.9929424258828494,2026-09-12c
0.3609147416939491,0.6008413923396271,2026-09-12c
0.714873285966118,0.24188990301547594,2026-09-12c
0.5469378490940666,0.701318944560083,2026-09-12c
0.6958374445325988,0.4141306308602797,2026-09-12c
0.6207752836123264,0.727754001060978,2026-09-12c
0.8412952371539626,0.057350064705870785,2026-09-12c
0.6947586802791151,1.5647015036202336,2026-09-12c
0.7486838151601316,0.37734590936091916,2026-09-12c
0.8392122292192248,0.32111786543796106,2026-09-12c
0.33332690272762483,3.5338067188673996,2026-09-12c
0.5214921129205742,0.6110449999605563,2026-09-12c
0.9256487922214611,0.0902137898356994,2026-09-12c
0.5878459153365959,0.5582613691143642,2026-09-12c
0.8970322416238891,0.38060484746237266,2026-09-12c
0.996527025592838,98.90029347732249,2026-09-12c
0.7161868003043534,0.8102634497433995,2026-09-12c
0.9185431881787226,7.723097258600735,2026-09-12c
0.4547000503804963,0.8892119384365523,2026-09-12c
0.6147518289374084,0.09785918435914048,2026-09-12c
0.5203278169488476,0.1740472292777421,2026-09-12c
0.47045148643611673,0.569410166544012,2026-09-12c
0.9055439149333727,0.3968504700055952,2026-09-12c
0.4590536392364147,0.9490192084400644,2026-09-12c
0.1845916695949875,3.6709498470227855,2026-09-12c
0.356130445064466,1.428836702918684,2026-09-12c
0.44230702024591767,1.0588319103654384,2026-09-12c
0.6826832576191675,1.2821602593218837,2026-09-12c
0.994065451978943,97.17486738979731,2026-09-12c
0.8928522653155981,0.5057726232777288,2026-09-12c
0.35874686187392907,1.1467761755851118,2026-09-12c
0.9350754653206641,0.7949767888330299,2026-09-12c
0.6369280078128481,0.44660177157505676,2026-09-12c
0.3733895463679374,1.7518327957699182,2026-09-12c
0.5672986559415855,0.43616538724665427,2026-09-12c
0.30596231721529876,4.841139574133399,2026-09-12c
0.9987319566280985,0.943034394031131,2026-09-12c
0.35650573532941865,1.062970919352737,2026-09-12c
0.466185104885429,1.9439127335577822,2026-09-12c
0.9990704027551127,0.0018716920141346436,2026-09-12c
0.9924237322303975,0.8286549604210518,2026-09-12c
0.602090252534788,0.4535715622395057,2026-09-12c
0.6553636276138661,0.56357769855785,2026-09-12c
0.9965182001163173,0.9945203899008694,2026-09-12c
0.7306009370830282,0.5060327507347326,2026-09-12c
0.8948025247988394,0.6390076557634182,2026-09-12c
0.7476086414300983,0.9000074470217078,2026-09-12c
0.9661187237996577,0.9383820714789237,2026-09-12c
0.49841078021898655,0.8557872791477816,2026-09-12c
0.819061408050413,0.3050989560038134,2026-09-12c
0.5204329346958836,0.8098118857946547,2026-09-12c
0.7171742874940514,0.06706486057795648,2026-09-12c
0.9711298517169865,0.10925968264760938,2026-09-12c
0.5409678613531352,0.8351560858702365,2026-09-12c
0.714171968355005,2.3197038729657264,2026-09-12c
0.7537351972632444,0.4316317175692984,2026-09-12c
0.999190315626857,8.871485389352618,2026-09-12c
0.742603527730176,0.5667805072262201,2026-09-12c
0.9285383181332099,0.2712801693164556,2026-09-12c
0.8966254464009615,0.2930255893096966,2026-09-12c
0.7312825932625434,0.22264952585870862,2026-09-12c
0.9606692702149736,0.11569134556419215,2026-09-12c
0.9469675267007766,0.8559371338156339,2026-09-12c
0.44607142809280076,0.6878696297548328,2026-09-12c
0.4078763225625649,0.7390013006354934,2026-09-12c
0.867125752386845,0.05886430016909923,2026-09-12c
0.7741081684947843,0.9597218910327096,2026-09-12c
0.9863522822943468,0.7251994134172419,2026-09-12c
0.5676828846664418,0.414175856451284,2026-09-12c
0.9416225856146069,1.2083434675777802,2026-09-12c
0.59223556268335,0.5217791147066598,2026-09-12c
0.5460030996711056,0.7944529215316151,2026-09-12c
0.9849804883789847,0.9374007295309116,2026-09-12c
0.7262834550012911,0.13654342381611165,2026-09-12c
0.58225105301998,0.5984985078032853,2026-09-12c
0.4417757586074403,1.0062543834617463,2026-09-12c
0.9927042200763412,0.045529854126729656,2026-09-12c
0.8221406874293044,0.36663299286048456,2026-09-12c
0.5281675742302966,0.6797818146014566,2026-09-12c
0.9895713129030644,0.1417356030850857,2026-09-12c
0.8271671669464399,0.05613854985904828,2026-09-12c
0.9473336664564406,1.60405128915656,2026-09-12c
0.8402087568929285,0.7588457950339391,2026-09-12c
0.8526051245553857,0.3674957656808794,2026-09-12c
0.5909889926354795,0.4366624141817753,2026-09-12c
0.5134687138295548,0.6092662592652957,2026-09-12c
0.4271829254958755,0.8124623787508487,2026-09-12c
0.12014563293943768,8.508088006205519,2026-09-12c
0.6811681090048426,0.24602903722067845,2026-09-12c
0.884362596748962,0.6231348667405519,2026-09-12c
0.6929767619469518,0.30028163552741266,2026-09-12c
0.4149219049499425,1.3901581769677513,2026-09-12c
0.4316535746935096,1.4743478242155432,2026-09-12c
0.7835548708769504,0.20972152982440936,2026-09-12c
0.998890022666104,0.9216163540637747,2026-09-12c
0.37536004935118106,0.8651090994605566,2026-09-12c
0.6765587823098901,0.9701155720344253,2026-09-12c
0.9045808087013176,0.24992162440457813,2026-09-12c
0.9469207660963326,0.1931169447327562,2026-09-12c
0.7489703995820111,0.6660433744102948,2026-09-12c
0.9363889855306159,0.11474115527677489,2026-09-12c
0.6409001469908941,0.6171095633823739,2026-09-12c
0.5371935141889946,0.28308187320618144,2026-09-12c
0.9502839064198009,0.3957615205007185,2026-09-12c
0.7109485754832008,0.7275413378999455,2026-09-12c
0.47713630005920876,2.6881388281921588,2026-09-12c
0.7718975728806382,0.4201936714366925,2026-09-12c
0.7845650849016846,0.046183334463139866,2026-09-12c
0.8137583183752717,0.6177103020705411,2026-09-12c
0.3439089294321467,1.640255157536369,2026-09-12c
0.6072012452609022,1.8339892584881,2026-09-12c
0.3393928462139749,17.2070402414962,2026-09-12c
0.9639829212915594,4.426361403982989,2026-09-12c
0.49037026267608824,0.48908855706774407,2026-09-12c
0.5557727195533039,0.21949602435808704,2026-09-12c
0.4886738274282784,0.8624579697556372,2026-09-12c
0.9053002958871886,0.9246999283494869,2026-09-12c
0.9844823981967581,0.03924261344411875,2026-09-12c
0.5851130786575398,0.7954085461234632,2026-09-12c
0.7232369746900901,0.44029712894376893,2026-09-12c
0.3795715050814431,1.1716134401987068,2026-09-12c
0.405004677700473,0.6334859050406939,2026-09-12c
0.9911906133638956,2.636594277696753,2026-09-12c
0.39260128542732203,1.3465586389802098,2026-09-12c
0.6322107285244271,0.734595068909015,2026-09-12c
0.5589266577816995,0.32829783291581066,2026-09-12c
0.8778946177253971,0.703109407075633,2026-09-12c
0.49001560640715175,1.2625907074650642,2026-09-12c
0.9672908275672245,0.9344476981247161,2026-09-12c
0.9388049511142545,0.08049535602477814,2026-09-12c
0.4983673326294898,0.7316774518304063,2026-09-12c
0.8641882530699831,0.16764339818194698,2026-09-12c
0.7223028878624881,0.4256987150039725,2026-09-12c
0.9691904944905902,0.8344533332474029,2026-09-12c
0.27005855833692866,1.477572586289138,2026-09-12c
0.5877152425099251,0.5056673539187907,2026-09-12c
0.9998856761923177,0.9987773473687191,2026-09-12c
0.4807057638933029,1.118533566752861,2026-09-12c
0.7072689230427307,0.669526985469621,2026-09-12c
0.6118939399845503,0.865721556744941,2026-09-12c
0.9998685546852315,1.3487723899693815,2026-09-12c
0.9086313822663828,1.072602690892113,2026-09-12c
0.9428747226382289,0.011659667777979025,2026-09-12c
0.8012436428036511,0.2566308395332147,2026-09-12c
0.8155161843125075,0.4946037086524774,2026-09-12c
0.47519530073290583,1.1855530557088794,2026-09-12c
0.9097020162231583,0.2419040779573236,2026-09-12c
0.5419721934486526,0.5831557839696967,2026-09-12c
0.4458859483209903,0.8381011291618635,2026-09-12c
0.7016448124180227,0.028802829286604072,2026-09-12c
0.9266026647984223,0.04760131359239944,2026-09-12c
0.4083230007818311,1.8611215870622482,2026-09-12c
0.9990858894448847,1.2775311481032647,2026-09-12c
0.4825683296440086,0.6867669763318025,2026-09-12c
0.6875546265309742,0.44085068193161703,2026-09-12c
0.3184417061542092,1.7955304322731669,2026-09-12c
0.8726220018546538,0.4431227200224943,2026-09-12c
0.9971127093125918,0.7353096507791985,2026-09-12c
0.7459168642702559,0.8295419022659354,2026-09-12c
0.8078778031605958,0.3827748545628958,2026-09-12c
0.9905480607362915,0.9238470859313843,2026-09-12c
0.48054097578752225,1.4334315693995523,2026-09-12c
0.8212229496563427,0.5974310863073428,2026-09-12c
0.9114436318620266,1.026927353607432,2026-09-12c
0.9844171324929382,0.9789301323358538,2026-09-12c
0.48246626332031756,1.166740344345285,2026-09-12c
0.8905023597577115,0.4686856112253531,2026-09-12c
0.9855664392381468,0.8431144191272791,2026-09-12c
0.9088244783676224,16.533200498854907,2026-09-12c
0.5620235241755401,0.4857007644831318,2026-09-12c
0.9950577652741606,0.549865386151009,2026-09-12c
0.6431784027560544,0.38493745244916944,2026-09-12c
0.914670567869983,1.0454227704627268,2026-09-12c
0.9968244402966797,0.9900533098089702,2026-09-12c
0.6191703764291231,0.34959053137622237,2026-09-12c
0.9988144086606355,0.9969427559789321,2026-09-12c
0.9413783881381541,0.053422310111222074,2026-09-12c
0.6603429409654389,0.35962907232056357,2026-09-12c
0.6430740545545515,0.4416974112663805,2026-09-12c
0.5355343070757346,1.0198742135708532,2026-09-12c
0.7917729233485311,0.13518003172519175,2026-09-12c
0.6901164057510223,0.30299231767261064,2026-09-12c
0.3818079004106311,1.0047557168697774,2026-09-12c
0.4033171103858697,0.9958938910243788,2026-09-12c
0.35775364858924324,0.773210604254382,2026-09-12c
0.8951952478546704,1.4970554216774852,2026-09-12c
0.5610253549566057,0.4515835859735427,2026-09-12c
0.5304167156698245,0.9097139745892624,2026-09-12c
0.48006169511994884,0.7268873123952111,2026-09-12c
0.8541174983992316,0.22709846538049544,2026-09-12c
0.9057627299271835,0.5129847868318933,2026-09-12c
0.8041256139171647,0.6534088071152618,2026-09-12c
0.6398318638302697,0.7716831134387355,2026-09-12c
0.8067149687478602,0.1738566255326568,2026-09-12c
0.9661099860472344,0.2101146478206703,2026-09-12c
0.45542448324128226,0.948379864110811,2026-09-12c
0.8097134532613162,0.08421786708675864,2026-09-12c
0.6828752735163671,0.10147904464882536,2026-09-12c
0.32261913085272903,3.685266857335039,2026-09-12c
0.48457717831884134,0.8238900189207354,2026-09-12c
0.49182459173035714,0.2474309733228209,2026-09-12c
0.23826740300953972,1.819773551674575,2026-09-12c
0.859113622510424,0.18226394328322557,2026-09-12c
0.46966662175720586,0.9265925168026841,2026-09-12c
0.8994748880972401,0.10161524405724444,2026-09-12c
0.9484809090938146,0.8318560304289514,2026-09-12c
0.8152360674935459,0.952330449733973,2026-09-12c
0.8194839892614176,0.6369098822009209,2026-09-12c
0.9398285414627037,0.22175343747808843,2026-09-12c
0.3157974620770087,1.9582304475259737,2026-09-12c
0.505847940443927,1.1649512920573097,2026-09-12c
0.9487407015296291,0.846353178102596,2026-09-12c
0.7657822285024919,0.7902958731195736,2026-09-12c
0.3743215910878865,1.0857973195720518,2026-09-12c
0.6491291210667904,0.42761574421348014,2026-09-12c
0.86490362181051,0.9701127366530601,2026-09-12c
0.7120575954956959,0.6349513378221934,2026-09-12c
0.3694554144404299,1.6529493624447964,2026-09-12c
0.5238143059957535,1.1084121028463394,2026-09-12c
0.6075591945659511,0.48729281185219386,2026-09-12c
0.8400705291460853,0.322880704112451,2026-09-12c
0.7303684334626664,0.8789550285888587,2026-09-12c
0.6962598106611407,0.28089604472576873,2026-09-12c
0.4956720246885601,0.8827755930589496,2026-09-12c
0.9335311270859777,0.2746755399370299,2026-09-12c
0.7046293514688775,0.3470303877821087,2026-09-12c
0.6142726782369639,0.5834904322070822,2026-09-12c
0.6803038175240362,0.5414628103378498,2026-09-12c
0.9300150020444818,0.42499150419075943,2026-09-12c
0.6948004983803577,0.5394894338821847,2026-09-12c
0.8410825658826767,0.7081051552259563,2026-09-12c
0.5671979086426394,0.7426541100514001,2026-09-12c
0.9581337920835397,0.9285796426858947,2026-09-12c
0.9850222912757114,0.06883290465289574,2026-09-12c
0.9241026019470229,0.5350368842226212,2026-09-12c
0.9954391058484244,0.981023803248386,2026-09-12c
0.6032770708137127,0.15704414951145323,2026-09-12c
0.3196241077754453,2.4425798834072947,2026-09-12c
0.6555366075892107,0.7130223732142371,2026-09-12c
0.5555041120700338,0.4943801603628361,2026-09-12c
0.9634954578573539,1.3182535282877883,2026-09-12c
0.6725323713628932,0.7472673042121352,2026-09-12c
0.5619330927406354,0.4675650530381886,2026-09-12c
0.9957531027712477,0.9064178143306313,2026-09-12c
0.8498953798732665,0.8098548289934986,2026-09-12c
0.4790112449331115,2.273192648542458,2026-09-12c
0.3885409329820846,1.1258428141368544,2026-09-12c
0.8553769807449341,0.1923137230627632,2026-09-12c
0.5173802264669525,0.7653994015147328,2026-09-12c
0.505736115766175,0.9821675330644075,2026-09-12c
0.9997170159522722,0.8830078652355576,2026-09-12c
0.25584940166710296,5.77614632189085,2026-09-12c
0.6273555449275068,0.691820312575321,2026-09-12c
0.8657070448499371,0.26753780134096977,2026-09-12c
0.8045625098345598,0.7466658255831515,2026-09-12c
0.5852047640633948,0.709501698881531,2026-09-12c
0.5032626136049609,0.9624701698543502,2026-09-12c
0.7686504059173214,0.437435335912221,2026-09-12c
0.9559779481988924,0.643781291544504,2026-09-12c
0.487985892959447,0.7123558919281303,2026-09-12c
0.7045518851744106,0.31211813719637044,2026-09-12c
0.9515074956634175,0.12518542276391845,2026-09-12c
0.9871247396282855,0.288737860527335,2026-09-12c
0.6217988773067037,0.49178877957685235,2026-09-12c
0.8775575354982371,0.41991231789089845,2026-09-12c
0.5019348381965776,1.0158027971005272,2026-09-12c
0.5909630399319338,0.3598180653468168,2026-09-12c
0.4089351988335691,2.878485863343869,2026-09-12c
0.4757454787271177,0.5154077303997217,2026-09-12c
0.9923735602156951,0.7953312404101314,2026-09-12c
0.9464209337964383,0.9211279773476152,2026-09-12c
0.47772958171733493,0.8089891596692321,2026-09-12c
0.5931521007916936,0.6618152685913908,2026-09-12c
0.959834726383474,0.9446603023717494,2026-09-12c
0.60538204356758,0.28606975226242043,2026-09-12c
0.8469333315542442,0.9680492450017912,2026-09-12c
0.6672876891306314,0.3166759650704662,2026-09-12c
0.5153358942453472,0.5525697412479417,2026-09-12c
0.7917315772277611,0.10108909678905512,2026-09-12c
0.882593234216553,0.8520934741311387,2026-09-12c
0.9989511214318215,1.4313161087979012,2026-09-12c
0.6550273626607254,0.6186791668390749,2026-09-12c
0.9775797019537285,1.5178220591029712,2026-09-12c
0.6436642608149123,0.6373688457593403,2026-09-12c
0.6777354020445882,0.5136560196616903,2026-09-12c
0.6251766773011607,0.743199236596745,2026-09-12c
0.4322907166176852,2.0870514446467787,2026-09-12c
0.725242583802695,1.356658491123509,2026-09-12c
0.6639449163977176,1.0116184793149388,2026-09-12c
0.527591889051561,1.4270360989144688,2026-09-12c
0.5061662300165262,1.4914635403735532,2026-09-12c
0.8529854275637963,1.0844300071080402,2026-09-12c
0.9055098945732953,0.024188292945346905,2026-09-12c
0.8843616068997506,0.4023062198303888,2026-09-12c
0.738025527691301,0.4409941462347677,2026-09-12c
0.5263939413324175,1.3795861542457868,2026-09-12c
0.8029906890542212,0.03981847396869547,2026-09-12c
0.9662479259351626,0.6329495431515504,2026-09-12c
0.7014361579134938,0.334564067365332,2026-09-12c
0.019391379863638272,136.81014954707518,2026-09-12c
0.966458015124924,0.0491881917421851,2026-09-12c
0.45701540412482655,0.3332415195861675,2026-09-12c
0.8167570741420094,0.49219804481018553,2026-09-12c
0.7943411573165305,0.17292982745409763,2026-09-12c
0.5456766217327677,1.2114721602765897,2026-09-12c
0.5294592114796294,1.161662380798131,2026-09-12c
0.5084172409923248,0.9900397735230947,2026-09-12c
0.6065703687220568,0.29194072241344105,2026-09-12c
0.5530694772272341,0.566491618421074,2026-09-12c
0.9734699100782732,0.15046119870526428,2026-09-12c
0.2794854795401898,3.96284284600832,2026-09-12c
0.9357489635245837,2.204492013815589,2026-09-12c
0.902554461044904,0.7877762390099213,2026-09-12c
0.9811127119667792,0.9342316709026787,2026-09-12c
0.9263331793701314,0.1408130003229053,2026-09-12c
0.7081861611782821,0.2396445480132574,2026-09-12c
0.8699063311241403,0.36109308147348973,2026-09-12c
0.5066017746110093,1.8482078890620623,2026-09-12c
0.5774857483135236,1.1065059449145087,2026-09-12c
0.6719547221455229,0.11201591562231288,2026-09-12c
0.9385595017971566,0.06156113722566119,2026-09-12c
0.7112403902490563,0.48144337518207214,2026-09-12c
0.6144068318068926,0.9194533146722788,2026-09-12c
0.9979180714454402,1509.063574655027,2026-09-12c
0.6200328424802862,0.6860626206118927,2026-09-12c
0.9547928216768888,0.5672243079339475,2026-09-12c
0.6489144280377753,0.338398807754818,2026-09-12c
0.7823710898144609,1.8022480946225277,2026-09-12c
0.46362218065079774,1.2879058696179577,2026-09-12c
0.3368410914589309,1.661819482674474,2026-09-12c
0.7825991381766793,0.3701825347418155,2026-09-12c
0.38502157211723614,1.4321411140919589,2026-09-12c
0.41743904128793213,0.674884529534436,2026-09-12c
0.6171158362125988,0.8233984123539555,2026-09-12c
0.44084978357157034,0.8096836091316822,2026-09-12c
0.9342557399579161,0.023702811929269908,2026-09-12c
0.5092865469031241,0.5087262560587672,2026-09-12c
0.9639004287629658,0.9842262535289267,2026-09-12c
0.9891919798999115,0.9210283684606513,2026-09-12c
0.7494216501435013,0.3274930122481066,2026-09-12c
0.9999624649562574,0.27904389594855816,2026-09-12c
0.24997827668216754,0.3191021903713785,2026-09-12c
0.4838391646190541,1.1945959379733055,2026-09-12c
0.6935645757879977,0.5858103046973324,2026-09-12c
0.9255380017125132,0.03880658080311611,2026-09-12c
0.9572313149365417,0.31942992504545126,2026-09-12c
0.49626859633665277,1.0904951227810928,2026-09-12c
0.743856030035552,0.4072846629619013,2026-09-12c
0.8771871476814881,0.575400370146207,2026-09-12c
0.5467649354995994,0.6726436611020699,2026-09-12c
0.9989143925670204,0.7712740239607648,2026-09-12c
0.6138184445908221,0.5061923123885254,2026-09-12c
0.6701602714994368,0.6132808457595555,2026-09-12c
0.9962529108312895,0.6688584784592931,2026-09-12c
0.6910431972442053,0.497289891754082,2026-09-12c
0.7721916825657476,0.9789287874055663,2026-09-12c
0.38436582851959517,3.1211245145532005,2026-09-12c
0.49887978136692096,0.5407379839050347,2026-09-12c
0.6996640987645375,0.13718015179228132,2026-09-12c
0.60780203098233,0.2327399883428509,2026-09-12c
0.911130782428512,0.8856418731999206,2026-09-12c
0.4377941636971638,1.0801389873399738,2026-09-12c
0.6202084496078896,0.41326604338779893,2026-09-12c
0.3821964833500709,1.5536804900651235,2026-09-12c
0.4709373927418089,0.537113544211969,2026-09-12c
0.43537796215389063,0.32895796332983945,2026-09-12c
0.9618868908931134,0.7241086861713415,2026-09-12c
0.5426597100230601,1.189954120259964,2026-09-12c
0.6410645913758735,0.4932747211967366,2026-09-12c
0.4941436184644748,1.2459235926589085,2026-09-12c
0.4503521138763831,1.0366734956937018,2026-09-12c
0.7441470323997275,0.5321398828317584,2026-09-12c
0.8061501813103478,0.04031955421723024,2026-09-12c
0.7431749172734377,0.9486900935526459,2026-09-12c
0.8759213062367168,0.25087227150043884,2026-09-12c
0.9942582805312569,0.5836027872240653,2026-09-12c
0.9945035315564192,0.024733356534222865,2026-09-12c
0.3709628816611081,0.5518837110893182,2026-09-12c
0.8971883447071282,0.04872283778189666,2026-09-12c
0.8441291761062454,1.479049752789602,2026-09-12c
0.5227156554205069,0.645416082725939,2026-09-12c
0.5614645105063923,1.9252167324614122,2026-09-12c
0.9665299738087072,0.8599585475593304,2026-09-12c
0.9157058647897361,0.7128883690178779,2026-09-12c
0.7005946166390996,0.10587959188129731,2026-09-12c
0.9977643643149837,0.0009314532337012974,2026-09-12c
0.97718138263622,0.35512856021453787,2026-09-12c
0.9973190095164431,1.0398497703682543,2026-09-12c
0.5833799207143175,2.3039189453671485,2026-09-12c
0.6604655186760895,0.46913168602501437,2026-09-12c
0.8763574118670042,0.9304838832183105,2026-09-12c
0.5035094463840414,1.1786184041711707,2026-09-12c
0.9850657192469437,7.299256631874665,2026-09-12c
0.6167174293001761,1.1030742957329136,2026-09-12c
0.8943854912261858,0.05244650110748032,2026-09-12c
0.5256648455133869,1.037201233340813,2026-09-12c
0.8247887156513678,0.6424599202195582,2026-09-12c
0.3858257875493952,1.1368530999175224,2026-09-12c
0.9925824100600737,0.024770832487411427,2026-09-12c
0.8890380741003713,1.1013274262183939,2026-09-12c
0.9532756779687309,0.827423644693601,2026-09-12c
0.7824589861356746,0.07405481183620927,2026-09-12c
0.3600831294072986,1.3872302720109548,2026-09-12c
0.3355464374734172,2.6698640061588006,2026-09-12c
0.6821766009064408,0.1943584883147718,2026-09-12c
0.9810085242443493,0.9879548524116061,2026-09-12c
0.9995835662346696,0.9904766833992232,2026-09-12c
0.33591225219873194,4.513366446394781,2026-09-12c
0.5727150893065137,0.8590087983294531,2026-09-12c
0.7634691825775604,1.0286422488179514,2026-09-12c
0.6004801196951675,4.871629248429053,2026-09-12c
0.6697585730689706,0.870912549181743,2026-09-12c
0.3392738323736881,1.9198059436905577,2026-09-12c
0.5422602496350848,0.3621072148557151,2026-09-12c
0.3898910854409966,2.4986904409612634,2026-09-12c
0.3699320573984072,1.9559551140271785,2026-09-12c
0.9997084692267754,0.0033452041293344135,2026-09-12c
0.9549808915901545,0.9152476376303547,2026-09-12c
0.954044109267244,1.4360686822456026,2026-09-12c
0.7179699351426773,0.50415730028059,2026-09-12c
0.4270553702200766,0.5436710226100967,2026-09-12c
0.6156122648054334,1.1317067553059814,2026-09-12c
0.47555736794063375,0.9561746814527959,2026-09-12c
0.6544685564924433,1.3234061910025579,2026-09-12c
0.9981596878549579,1.1746728246477818,2026-09-12c
0.5964472843061132,0.7982462608264774,2026-09-12c
0.5211866539279412,0.43696997971238627,2026-09-12c
0.370739506220993,1.93119807618747,2026-09-12c
0.4349468402176178,1.5064066674842218,2026-09-12c
0.6097333397687464,0.564915443681607,2026-09-12c
0.979447031264891,0.6040279548593552,2026-09-12c
0.3769761495915418,1.8046895133058718,2026-09-12c
0.9998738955971257,0.0001587384556478349,2026-09-12c
0.5503531834775569,0.4231226211671723,2026-09-12c
0.8156392047904013,0.33548526974662374,2026-09-12c
0.8831137896066057,0.714713747253807,2026-09-12c
0.6167286410980627,0.5397317063521601,2026-09-12c
0.6018309585907622,0.849076662357829,2026-09-12c
0.9207142979312324,0.6394118969156162,2026-09-12c
0.4587223140285203,1.5430376898983948,2026-09-12c
0.3073244362512743,0.10180080877841191,2026-09-12c
0.4885621340885681,0.9727142417794065,2026-09-12c
0.9902864059755828,0.8278403587479004,2026-09-12c
0.9968421195699467,0.9957381619617053,2026-09-12c
0.8159420721735672,0.2962510111845404,2026-09-12c
0.9754096348268921,0.025179812442946377,2026-09-12c
0.4653955688000333,1.1020141601143654,2026-09-12c
0.5223497971272244,0.7654551804995556,2026-09-12c
0.7706433603364047,0.8788046598566653,2026-09-12c
0.5976903789731693,1.3023302611158285,2026-09-12c
0.9344215148749703,0.12296063876215045,2026-09-12c
0.48653373222609153,1.0393079160701209,2026-09-12c
0.7536521055479017,0.5424950279977567,2026-09-12c
0.9068112170849384,0.15343347731775228,2026-09-12c
0.9374518964063346,0.018036869244009716,2026-09-12c
0.4484679802369696,1.872451552255571,2026-09-12c
0.6015650495176802,0.1741943359782054,2026-09-12c
0.604418688741037,2.6318292952021154,2026-09-12c
0.4915118021983354,1.510157280724318,2026-09-12c
0.9087721381316198,0.3909546645491438,2026-09-12c
0.8720525210693499,0.18489174611528783,2026-09-12c
0.9890833066710415,0.9744016338632266,2026-09-12c
0.9241130143152166,0.320603837966843,2026-09-12c
0.98986719546678,1.22224401726411,2026-09-12c
0.7789100419505017,0.5509593465051953,2026-09-12c
0.8473138288335351,0.8026599943223937,2026-09-12c
0.8885599953476887,0.36383715045047826,2026-09-12c
0.3658274016316598,3.2989997270774087,2026-09-12c
0.41362117403081,0.5019847362670626,2026-09-12c
0.4363985706980521,0.7004115287043452,2026-09-12c
0.33559289752490473,1.343042886159228,2026-09-12c
0.8885639576518869,0.8116347679228599,2026-09-12c
0.8510587261252126,0.5424001293631994,2026-09-12c
0.7615832055995997,0.7373300036799986,2026-09-12c
0.4759307221793048,0.48218376502571786,2026-09-12c
0.4038577338477518,4.576865123560576,2026-09-12c
0.8221178549220394,0.504025582101161,2026-09-12c
0.6120098392725218,0.49333119161158323,2026-09-12c
0.6274800273047564,0.9227497238832842,2026-09-12c
0.6801805570402046,0.20745077649702068,2026-09-12c
0.6843068606612648,0.13997649411156274,2026-09-12c
0.5396207720198203,0.38044254050496273,2026-09-12c
0.46758224690743955,0.9382569748616966,2026-09-12c
0.6718920202146842,0.5393503466147337,2026-09-12c
0.38387609896297936,2.19185917129518,2026-09-12c
0.8405207532118796,0.32020071301101977,2026-09-12c
0.7412223830136558,0.8860883940418716,2026-09-12c
0.7842025220715356,0.22505992548097625,2026-09-12c
0.9489853181810806,0.025557555146257977,2026-09-12c
0.9999747089140562,0.5270915714113007,2026-09-12c
0.19677113612843908,1.7679637608099161,2026-09-12c
0.43126189110242696,0.58165805382881,2026-09-12c
0.3884261892194908,1.5587004629038719,2026-09-12c
0.5003194813253707,0.7408862760293929,2026-09-12c
0.8057651396618427,0.12636566963290496,2026-09-12c
0.9672477455027134,0.029662829177807177,2026-09-12c
0.3942482523432989,1.2011961530245556,2026-09-12c
0.6080675412762834,2.7625539200103915,2026-09-12c
0.7880850492428235,0.7409021243876498,2026-09-12c
0.9604494525935939,4.042352741156768,2026-09-12c
0.5050764448744777,1.5325439661895013,2026-09-12c
0.49339050332430695,0.5911183996086724,2026-09-12c
0.8134722449767668,1.0284408820955304,2026-09-12c
0.7123950676962529,0.3490953026875727,2026-09-12c
0.9156668985712372,0.14783882357929715,2026-09-12c
0.7476983802894217,0.2133486593391266,2026-09-12c
0.9882488715887001,0.9745801292326438,2026-09-12c
0.3469809599301258,0.6095676472185018,2026-09-12c
0.988708437230033,1.249210736506471,2026-09-12c
0.9908953245473155,0.973465434294296,2026-09-12c
0.5341129306841629,0.5789631777026365,2026-09-12c
0.7191542041204114,1.7612583383697673,2026-09-12c
0.4909225343758745,2.1374292064931097,2026-09-12c
0.6610727808280743,0.6366911092836156,2026-09-12c
0.3315618933927137,2.0731081196184387,2026-09-12c
0.5642187434579099,0.5101026301922097,2026-09-12c
0.6138768310621132,1.1541621279742615,2026-09-12c
0.6159323490863723,0.560076284316724,2026-09-12c
0.6844366868769315,0.9472132818192568,2026-09-12c
0.5360418076994948,15.39209677879894,2026-09-12c
0.9202095750701581,0.4741664151909376,2026-09-12c
0.7529486443066818,0.29910536757596073,2026-09-12c
0.3706398609586985,1.15571012185149,2026-09-12c
0.3042762447028605,1.5502019439053893,2026-09-12c
0.4408515440366242,0.21448653704287662,2026-09-12c
0.993983858509679,0.9380739912670881,2026-09-12c
0.8236672192010317,3.3105459477183894,2026-09-12c
0.5680723939374902,0.2980571266052837,2026-09-12c
0.3996862647924582,0.2856988497089535,2026-09-12c
0.9947287134238562,3.491155726766692,2026-09-12c
0.5533747759025944,0.49766849676747554,2026-09-12c
0.8133092934154953,0.1719645384133627,2026-09-12c
0.999546319623293,0.5827424741652862,2026-09-12c
0.9988267736637156,1.0794589211102514,2026-09-12c
0.5649523649419973,0.55697213308353,2026-09-12c
0.9496643102711153,0.8140554868082487,2026-09-12c
0.3722123962973226,0.8450339663702044,2026-09-12c
0.9194121754897155,0.04638918520645351,2026-09-12c
0.5225463560899692,0.7079798122587008,2026-09-12c
0.7512138190655556,0.31991710311107524,2026-09-12c
0.7813125939810872,0.3673983832490104,2026-09-12c
0.9748599770069408,0.6316571820109449,2026-09-12c
0.6501247670454271,6.1635299804439185,2026-09-12c
0.8008572346276651,0.25260685165194424,2026-09-12c
0.5637952856079315,2.1434207975281754,2026-09-12c
0.5509500476177819,0.6682768451258185,2026-09-12c
0.9525788285297626,0.6224069678270947,2026-09-12c
0.34953433097952374,0.6622344653746425,2026-09-12c
0.5550303135216081,0.9352538509583856,2026-09-12c
0.68295431923608,0.3707181388410279,2026-09-12c
0.7287155885279342,0.1941870790591805,2026-09-12c
0.9933144180089154,1.5275624082452834,2026-09-12c
0.5527900458016803,0.7735783751643637,2026-09-12c
0.8219830465844645,0.8426368962695834,2026-09-12c
0.49707568832623966,1.2007296198882123,2026-09-12c
0.6781725864981636,0.8482957909086569,2026-09-12c
0.7878596607262937,0.2690131430386751,2026-09-12c
0.5813535083385811,1.6647306104759676,2026-09-12c
0.7840574997028176,0.0932441229900867,2026-09-12c
0.5314938203806981,0.861890823457437,2026-09-12c
0.605043301038832,0.2466228369418406,2026-09-12c
0.9651929616211714,0.021601212059245648,2026-09-12c
0.7181037744539731,0.6939112743047489,2026-09-12c
0.5782138780722712,1.7749660807720842,2026-09-12c
0.6529396817438615,0.5575271284723062,2026-09-12c
0.9259116979902833,0.8850435132766992,2026-09-12c
0.41789357392059806,0.7356325224595452,2026-09-12c
0.4469986240558741,1.0488851569602653,2026-09-12c
0.9952743348731867,0.9359826465845497,2026-09-12c
0.9976299957680468,0.992088940226644,2026-09-12c
0.5761080174991561,0.2810115478338626,2026-09-12c
0.9538984393013344,0.8385703478500129,2026-09-12c
0.30089431094479013,1.085805026610124,2026-09-12c
0.5006855547234931,0.25820294920597536,2026-09-12c
0.5637300986649408,1.3464625080093358,2026-09-12c
0.949980832706096,0.10072774731168638,2026-09-12c
0.45969095809716937,0.7069352944094471,2026-09-12c
0.460503602856112,2.262553643487246,2026-09-12c
0.9166028886247424,0.5253280311001592,2026-09-12c
0.5118164370861094,0.30676197781622905,2026-09-12c
0.5114924364076794,1.0085019298357356,2026-09-12c
0.5181284612406875,0.6268007728196894,2026-09-12c
0.5720632841166708,0.6031728551249479,2026-09-12c
0.9937703559625451,0.16790010993863286,2026-09-12c
0.9136842822847794,0.7591142667613209,2026-09-12c
0.98736133088386,0.007701003610023444,2026-09-12c
0.9978236261903315,0.26251132199534966,2026-09-12c
0.8348860105749814,0.2888142234079953,2026-09-12c
0.9450282806152438,0.14148952077294102,2026-09-12c
0.4081012126937761,0.8219805611988766,2026-09-12c
0.8829035489551378,0.1453481453406589,2026-09-12c
0.9720673358804012,0.9712215393595771,2026-09-12c
0.5949408519753371,0.9161111605750688,2026-09-12c
0.5500739095916681,1.6033594150328287,2026-09-12c
0.7526244636479902,0.061455915091602045,2026-09-12c
0.9989982135660106,3.9659984819577843,2026-09-12c
0.7344146325352162,0.4446332816217063,2026-09-12c
0.12265121601647336,74.66979553352826,2026-09-12c
0.5807147330978657,0.4785446629013229,2026-09-12c
0.9762723491569404,0.9355488186298918,2026-09-12c
0.653162746226922,0.1957916257486474,2026-09-12c
0.8354093933848243,0.48915185953424456,2026-09-12c
0.4340901378713301,0.49109274302185774,2026-09-12c
0.40145580470806796,2.6653517533224265,2026-09-12c
0.34275558486782326,2.996857569039841,2026-09-12c
0.9494013772659626,0.8383439050013021,2026-09-12c
0.9136745040957642,0.6271949000442056,2026-09-12c
0.6408496721768275,0.8567572410834511,2026-09-12c
0.5227739952263784,1.9611918576493472,2026-09-12c
0.6480686587608876,0.5636625963510983,2026-09-12c
0.9218725495152905,0.5546154762796538,2026-09-12c
0.48537560336820823,0.4692619629158513,2026-09-12c
0.7826275757418644,0.29744531078475844,2026-09-12c
0.46653431134010176,1.3355006293681058,2026-09-12c
0.4708507728988717,1.265616007030856,2026-09-12c
0.6794361614189723,0.9795094409328324,2026-09-12c
0.22987887839219537,3.856787302662583,2026-09-12c
0.40340749475973947,1.5969663123840474,2026-09-12c
0.8705905297690427,0.7594474903726842,2026-09-12c
0.9720373345588629,0.9834152674850691,2026-09-12c
0.4999756841051461,0.8254766278756297,2026-09-12c
0.999894725926621,3.725896962579849e-05,2026-09-12c
0.5844517044214215,0.6281769224257571,2026-09-12c
0.8517859523866309,0.15465329813477185,2026-09-12c
0.471560058658803,0.40719113305124843,2026-09-12c
0.8161648338842746,0.231756270095251,2026-09-12c
0.7976337948612969,0.37666672640382265,2026-09-12c
0.5307688058077701,0.9029068618755052,2026-09-12c
0.7268904442251204,1.7406313123788286,2026-09-12c
0.5702199692955108,0.3741466114595917,2026-09-12c
0.9927370335769217,0.9495824124863596,2026-09-12c
0.9996348143671555,13.6947624267123,2026-09-12c
0.989348774732139,0.7881341125011814,2026-09-12c
0.994730844029601,1.5252496094675532,2026-09-12c
0.7078721590629145,1.0023238799302692,2026-09-12c
0.8009278062555775,0.7375887427888068,2026-09-12c
0.46125249242710087,0.8044981332077699,2026-09-12c
0.73829545663226,0.21801922651931632,2026-09-12c
0.47558282894309867,0.3440193031426058,2026-09-12c
0.50526496382616,0.5253027509492062,2026-09-12c
0.6581086633899091,0.7958121469637431,2026-09-12c
0.9988004298154395,0.6108384358611321,2026-09-12c
0.3464895173648682,1.404797729381276,2026-09-12c
0.6700196871678504,0.37294363457066254,2026-09-12c
0.6600150345154787,0.3505716115100653,2026-09-12c
0.8323709289124837,738.8203021180988,2026-09-12c
0.5988626385903251,0.09093439888392349,2026-09-12c
0.9700281800268871,0.005391891119941461,2026-09-12c
0.6607655345860781,0.5159635048455177,2026-09-12c
0.6339908178507524,0.2221063484691038,2026-09-12c
0.6878242971978824,0.4642048120111426,2026-09-12c
0.9701377821504807,0.06512082336832506,2026-09-12c
0.663229322937124,0.6021889497371445,2026-09-12c
0.7161012081519523,1.790103094437693,2026-09-12c
0.8255720921889489,0.3725080999021188,2026-09-12c
0.40539802802967706,1.1638493695348398,2026-09-12c
0.9454279617130612,0.08379968678093237,2026-09-12c
0.9059852247904906,0.7825964255204751,2026-09-12c
0.6094548778459906,0.11342282789363557,2026-09-12c
0.507537889547656,1.4339841704419451,2026-09-12c
0.9984554620376592,0.9910579489002266,2026-09-12c
0.7496730035493863,0.4766592402073599,2026-09-12c
0.979394804556914,1.387100633100149,2026-09-12c
0.5916726549053145,0.642962806756106,2026-09-12c
0.534637353426709,0.9201099273628542,2026-09-12c
0.5304260827743491,1.2411538146704908,2026-09-12c
0.967720160188139,1.892640261023937,2026-09-12c
0.997766513665655,0.986636962960943,2026-09-12c
0.9013339483500036,0.4768558106662097,2026-09-12c
0.4991309090865035,0.7880980968156155,2026-09-12c
0.7484585437343512,0.9674932339120672,2026-09-12c
0.9966316441553105,0.7875644689750997,2026-09-12c
0.737970387574797,1.4265269272825374,2026-09-12c
0.5164730802932006,0.471096675034815,2026-09-12c
0.42677892127884487,1.4764391711986167,2026-09-12c
0.4360148013695442,1.2220479089484153,2026-09-12c
0.9611204814888871,0.436046603704803,2026-09-12c
0.9991432894250442,0.9939698049821732,2026-09-12c
0.39179964575570453,2.170753719388556,2026-09-12c
0.9508540877306022,0.15415322150207159,2026-09-12c
0.43442366017540424,0.724578492533783,2026-09-12c
0.6065678418470644,0.44400663529603174,2026-09-12c
0.8503044670084262,0.4955377614918529,2026-09-12c
0.5692932413879767,1.6476872854065185,2026-09-12c
0.6990043149059196,0.593334526005691,2026-09-12c
0.7345727682228012,0.828954627301405,2026-09-12c
0.8203811338596939,0.09360132449949023,2026-09-12c
0.5918013195730306,1.3697118234314798,2026-09-12c
0.9014640543251096,8.330550224072619,2026-09-12c
0.6222206632105832,0.6787759627422835,2026-09-12c
0.9497399910910163,0.8886487076565106,2026-09-12c
0.7322555043089906,0.43124820360271404,2026-09-12c
0.9181717348614902,7.885535721456401,2026-09-12c
0.9573546269230409,0.8824165961724346,2026-09-12c
0.7784944771704341,0.3118077679200071,2026-09-12c
0.7269587439943633,0.48803367391556096,2026-09-12c
0.5932938347976283,0.8738508522519304,2026-09-12c
0.8852903240643619,0.23688298248872228,2026-09-12c
0.9834391793427848,2.569141009955391,2026-09-12c
0.9991716558448702,1.3265124251240568,2026-09-12c
0.2935634983493187,0.6339940059234167,2026-09-12c
0.5384859229180372,0.47908674880904334,2026-09-12c
0.4726098584961902,0.7141750825828309,2026-09-12c
0.8480700373182869,0.7648459780102613,2026-09-12c
0.979159571827737,0.8447601936166448,2026-09-12c
0.9757572872610187,0.5898800909996467,2026-09-12c
0.9184616139507511,0.9049903972658998,2026-09-12c
0.6631954807045052,0.43699641025046315,2026-09-12c
0.9990797130479803,1.1855340871966997,2026-09-12c
0.6379945553816497,0.9452144630516319,2026-09-12c
0.9609097455717579,0.2407377241447942,2026-09-12c
0.8638977742168554,0.8243648751381069,2026-09-12c
0.9921303540747504,110.64913423791822,2026-09-12c
0.46229762893191334,2.505964016703802,2026-09-12c
0.49704655894823974,1.2705159692972352,2026-09-12c
0.9729528330815193,0.6279424904599031,2026-09-12c
0.5223481007894629,0.6980332820901777,2026-09-12c
0.4545824372273062,0.8992431858338908,2026-09-12c
0.7382995612451243,0.8115581913817875,2026-09-12c
0.8311698905098658,2.0815041483404313,2026-09-12c
0.4592514634971953,2.4996716858169483,2026-09-12c
0.533060271703941,1.9704307033900477,2026-09-12c
0.8762066440017034,1.2198973880079953,2026-09-12c
0.5764531368304173,0.7413865352414015,2026-09-12c
0.6624932912628287,0.42420303055897335,2026-09-12c
0.42309979532355935,1.3646933912104837,2026-09-12c
0.48007555723007855,1.3258233220498195,2026-09-12c
0.676527685596291,1.0450940807221907,2026-09-12c
0.4299689562727572,1.5022881971989375,2026-09-12c
0.38777946193719137,6.003892924689034,2026-09-12c
0.4990221765617454,0.9720531198597556,2026-09-12c
0.9996464965523473,269.6902247023515,2026-09-12c
0.9956847700847912,0.003916221108527012,2026-09-12c
0.7099310117022863,0.1879757697065104,2026-09-12c
0.581715846247394,1.0027999213910073,2026-09-12c
0.9684410448601009,0.9459579104398965,2026-09-12c
0.6845156925769758,0.2331615419331022,2026-09-12c
0.44729532199772076,1.0767700584646764,2026-09-12c
0.43745768848255145,1.9218943740522418,2026-09-12c
0.9688132617930675,0.006750615985644896,2026-09-12c
0.7825577047828574,0.37315724735088324,2026-09-12c
0.5132986491160679,0.9306802724337965,2026-09-12c
0.7264784959813895,1.0864122988878153,2026-09-12c
0.49365373976017696,1.1619006748685332,2026-09-12c
0.9105053511112845,0.4239748545469391,2026-09-12c
0.7762127131667059,0.5465006593620019,2026-09-12c
0.8877544192286542,0.04370057962482245,2026-09-12c
0.9865022864747023,0.7663768269780254,2026-09-12c
0.9995378466185075,0.8222077583905273,2026-09-12c
0.37875858292409603,2.6649356123871675,2026-09-12c
0.9995571140645495,69.1245934310856,2026-09-12c
0.9401364972889654,0.9092186665115014,2026-09-12c
0.7031370720631659,1.0884272411248086,2026-09-12c
0.9640812453839613,0.6930325279593212,2026-09-12c
0.8577576998058357,0.6199393628355356,2026-09-12c
0.9772445383489508,0.8747335452959556,2026-09-12c
0.760123977614763,0.17701110205033926,2026-09-12c
0.8772054066357337,0.8602360836971624,2026-09-12c
0.7125426148071755,0.2679570930553664,2026-09-12c
0.9839674526417417,0.975411923139067,2026-09-12c
0.6372683780283335,2.2282152213820043,2026-09-12c
0.954456557232832,0.6065103036828771,2026-09-12c
0.926821291724918,0.44006488136223854,2026-09-12c
0.8516701983935204,0.6513681796722083,2026-09-12c
0.5753249312962329,1.0071118157005223,2026-09-12c
0.9773677208184494,0.0011529370070800507,2026-09-12c
0.9997493053734177,1.5030008728491862,2026-09-12c
0.9997180425317075,0.9994874804314247,2026-09-12c
0.9838470165990485,0.9671291606552462,2026-09-12c
0.8231854874287494,4.085081614803256,2026-09-12c
0.5554807567268645,0.8270561521102436,2026-09-12c
0.8804695855544546,0.08457954187988756,2026-09-12c
0.6297241587810906,0.37942237532363554,2026-09-12c
0.7277387311322867,0.27838629983533186,2026-09-12c
0.7150196288568463,1.007516774180307,2026-09-12c
0.46347354812038355,0.8481345909179165,2026-09-12c
0.5403899476601508,0.4885486140453185,2026-09-12c
0.6610858641377623,0.23835716814134683,2026-09-12c
0.8342718211773682,1.0309497524489155,2026-09-12c
0.9451474165301487,0.041988154686125705,2026-09-12c
0.7314412492873813,0.9094502207760327,2026-09-12c
0.6984283370261658,0.12452608484728621,2026-09-12c
0.2727395667146013,1.982698071021254,2026-09-12c
0.9678924625053023,0.12855004983258736,2026-09-12c
0.6577918494757466,0.3315729048079695,2026-09-12c
0.6759771745120751,0.07493188865916821,2026-09-12c
0.9526391581211501,0.8974520104186233,2026-09-12c
0.9990201282591318,1.9913096794804117,2026-09-12c
0.9981285925803964,0.9782913403113151,2026-09-12c
0.8085609269091624,0.7233737529090231,2026-09-12c
0.6498294889836189,0.8921732642852463,2026-09-12c
0.8340065692916196,9.203261042396214,2026-09-12c
0.998079854684433,2.3730826498052067,2026-09-12c
0.8080154076106197,1.209675573910365,2026-09-12c
0.9912142413341495,0.9447970408691388,2026-09-12c
0.9550767919134114,0.8415490845021907,2026-09-12c
0.5458937180169071,3.7813636748556294,2026-09-12c
0.627610327059714,0.5441563169157345,2026-09-12c
0.7298586753275667,0.16405941724397774,2026-09-12c
0.8007041992892407,0.5640058784913359,2026-09-12c
0.6951178155852675,0.3857500180749104,2026-09-12c
0.7203804298643549,0.5499495946649599,2026-09-12c
0.43049217141830665,1.5893101823805789,2026-09-12c
0.9313208060749711,0.5713619079952245,2026-09-12c
0.38160004802002123,1.5567461065808004,2026-09-12c
0.3291125863867666,0.7762379346545665,2026-09-12c
0.46293529115299065,1.7331854268695692,2026-09-12c
0.6776455547755502,0.6339497382190524,2026-09-12c
0.9994929781482754,34.76979046648274,2026-09-12c
0.7441429702500918,0.1967937462860962,2026-09-12c
0.9994249577490558,0.6359898784757562,2026-09-12c
0.435131060277999,1.2163476985600077,2026-09-12c
0.9614376691415455,0.7530570406776476,2026-09-12c
0.5567597379968605,0.5450828705289592,2026-09-12c
0.9990988318698165,9.034584831600764,2026-09-12c
0.9987777162940434,154.50148810768596,2026-09-12c
0.9978401497766006,0.6073810002563375,2026-09-12c
0.3302407937096585,3.393003846482988,2026-09-12c
0.683929243645296,1.833976921642193,2026-09-12c
0.9358990126823987,1.8373509799914851,2026-09-12c
0.49953876926024326,1.1194596057984427,2026-09-12c
0.9897314986825533,0.3158461358813143,2026-09-12c
0.557810033468214,2.461795364678266,2026-09-12c
0.9963643719468047,0.993149195239971,2026-09-12c
0.9105171669101192,0.29570130822839663,2026-09-12c
0.9713008359794303,0.7347695939012521,2026-09-12c
0.8480120915975782,0.09612537192597399,2026-09-12c
0.9374565230976816,0.4728145295487365,2026-09-12c
0.9851793134787955,0.9313023348691436,2026-09-12c
0.9536646215677649,0.8756878082228512,2026-09-12c
0.9977630466557842,0.9980769255382315,2026-09-12c
0.7058660144426726,1.8058950289141789,2026-09-12c
0.8698148870204906,0.18193323654993104,2026-09-12c
0.6337084119568462,0.4653401962668251,2026-09-12c
0.981883769590148,0.8859316926814641,2026-09-12c
0.44969390233445244,1.2874294419826262,2026-09-12c
0.796818880018149,1.191612007212696,2026-09-12c
0.8038431803161058,0.4945849497096746,2026-09-12c
0.9226270742906261,0.045465676181271904,2026-09-12c
0.9550300017017591,0.07145114505814881,2026-09-12c
0.47861901656154016,0.5119986971610991,2026-09-12c
0.8299190482246149,0.18129374653108923,2026-09-12c
0.5112098498515724,3.663675453082506,2026-09-12c
0.3341897842994426,0.49300281146352387,2026-09-12c
0.8748972909236469,0.9145796565011695,2026-09-12c
0.999166914103752,0.9766859508059392,2026-09-12c
0.9351072692267057,0.19421709396814035,2026-09-12c
0.8250152019074389,0.2644052557349621,2026-09-12c
0.9992193295054745,271.4079143318942,2026-09-12c
0.6642973991440208,0.3566381366393863,2026-09-12c
0.6504341237173865,0.21200920293521053,2026-09-12c
0.44517593206457007,1.0718810890272146,2026-09-12c
0.8887328871921621,0.2868827170721819,2026-09-12c
0.8165814659280647,0.5056713029522347,2026-09-12c
0.8912780010575316,0.25508329897527776,2026-09-12c
0.826649797716383,0.27085051356313133,2026-09-12c
0.5196383832222322,0.949379073533024,2026-09-12c
0.477443957289279,1.4136066451041769,2026-09-12c
0.9866010974140538,0.02141228508152711,2026-09-12c
0.8425685723016776,0.3182914776065442,2026-09-12c
0.7048373220295483,1.2542848110901028,2026-09-12c
0.7970838603540839,0.23980915555935858,2026-09-12c
0.6533631437981455,0.4935130194692841,2026-09-12c
0.6914615972867443,0.23062258089101534,2026-09-12c
0.3689141729930993,0.5921145911259279,2026-09-12c
0.24886136589118182,3.5452490587896794,2026-09-12c
0.42308636800500005,0.536420561519878,2026-09-12c
0.6249636188790808,0.40537602828256586,2026-09-12c
0.5979374859670956,0.5511931812271417,2026-09-12c
0.8852214015214679,27.943962898557285,2026-09-12c
0.7742754802157551,0.3972976009671321,2026-09-12c
0.6003549833787718,1.6051286926126487,2026-09-12c
0.9093938381856039,1.1161300179385283,2026-09-12c
0.9439877460730479,0.062057955550463284,2026-09-12c
0.973483898812339,0.1543383664001229,2026-09-12c
0.5612532815111559,1.2423557472220972,2026-09-12c
0.8264936393557382,0.23917681875777452,2026-09-12c
0.9994081182456919,0.00016863355654008535,2026-09-12c
0.8375822477897442,0.03730207847234242,2026-09-12c
0.3755776271739376,0.8249455304357423,2026-09-12c
0.8615811497028693,0.4515053586768336,2026-09-12c
0.9893579587169277,0.7246782991632632,2026-09-12c
0.8747433402083653,1.2700176968153873,2026-09-12c
0.5484012434870658,0.8502619533787792,2026-09-12c
0.9929146039331174,0.007072783514068967,2026-09-12c
0.8211056351651806,2.1688619199629553,2026-09-12c
0.7410354220332249,0.6448923220382715,2026-09-12c
0.5013282815916965,1.4307798543322077,2026-09-12c
0.6285585105016728,0.40332792980013665,2026-09-12c
0.5990966599067594,0.5147152241402057,2026-09-12c
0.34869745972653754,1.1896491580473991,2026-09-12c
0.9981196736598015,0.634145186409693,2026-09-12c
0.9949593837084775,0.0002228715002889079,2026-09-12c
0.9143276617319748,9.376725093130121,2026-09-12c
0.5950684220066758,0.7132581245814203,2026-09-12c
0.7153072302766826,0.991636063446773,2026-09-12c
0.8828039168226194,0.6985007043891912,2026-09-12c
0.4919077218629702,1.0875149133258182,2026-09-12c
0.6768211236634423,0.5130261561022161,2026-09-12c
0.47232392356632047,1.1233097667669938,2026-09-12c
0.3567174550606655,2.1697490612757067,2026-09-12c
0.6214595119075285,0.9550562230098575,2026-09-12c
0.7761657958130508,0.21070716795015976,2026-09-12c
0.5458386974344762,0.28298530850861725,2026-09-12c
0.5411207439757441,0.6773922904718858,2026-09-12c
0.9896609577918315,0.9369672006426587,2026-09-12c
0.42235683215700165,1.161123301078287,2026-09-12c
0.6759186311420925,0.5489296980807151,2026-09-12c
0.8048423825831,0.28416777976806873,2026-09-12c
0.7116171206567921,0.2145507858948906,2026-09-12c
0.9928841131730893,1.5390049577445026,2026-09-12c
0.9511427130824806,2.333092281767618,2026-09-12c
0.9612275478731492,1.7181050373746405,2026-09-12c
0.6877472718738019,0.811251645033891,2026-09-12c
0.9939857022968263,0.9033458605523011,2026-09-12c
0.426295156843013,2.5411084432052276,2026-09-12c
0.8213362735802019,0.8188507840605196,2026-09-12c
0.7710687228674118,0.2370893160516645,2026-09-12c
0.8085973875836159,0.3586498655118656,2026-09-12c
0.9767182985489322,0.24036925012261398,2026-09-12c
0.9676293916369839,0.4232107184542002,2026-09-12c
0.7671582108356727,0.3522428100948056,2026-09-12c
0.37795673218171305,2.5905826510641257,2026-09-12c
0.43907471083171534,0.9876238632990526,2026-09-12c
0.5882380100143388,0.5343607376946835,2026-09-12c
0.984204748768439,0.9778657358978254,2026-09-12c
0.2916266299507625,1.1244492974933396,2026-09-12c
0.5687873625940182,0.27971058810307353,2026-09-12c
0.8047671973534726,0.9398242613077982,2026-09-12c
0.5313183461852661,0.9080984297754052,2026-09-12c
0.5164612004986787,0.5762137708023516,2026-09-12c
0.25895012393659755,1.2723299030693196,2026-09-12c
0.8767490500662862,0.11694238918400356,2026-09-12c
0.5279512899618165,1.6415916801005213,2026-09-12c
0.9538694632797815,0.5767453505144019,2026-09-12c
0.3502755194181158,2.235006600472673,2026-09-12c
0.8405616051833992,0.047128134460156866,2026-09-12c
0.5714982497474481,0.5252075530525199,2026-09-12c
0.9665876828956208,0.027458276893860243,2026-09-12c
0.510609765537026,0.43721708852627866,2026-09-12c
0.843120516461468,0.9714586856446159,2026-09-12c
0.6640453651102658,0.7239467093801952,2026-09-12c
0.9989164977107182,0.8263286381508579,2026-09-12c
0.490553084608337,0.5132115416593714,2026-09-12c
0.3901894646959814,1.2114547332097767,2026-09-12c
0.6775235156389553,4.159439212334483,2026-09-12c
0.9253010576853045,0.9921718332584974,2026-09-12c
0.9846411414519368,8.92542418790563,2026-09-12c
0.4695323940756,1.4294133487417877,2026-09-12c
0.49510461219135193,0.8009655016941205,2026-09-12c
0.6467703675502172,0.33250126554167636,2026-09-12c
0.996735834148754,0.6618050397804784,2026-09-12c
0.5313384442976192,1.159705247447688,2026-09-12c
0.8744158321517296,0.8073285630661865,2026-09-12c
0.9259410907968596,0.041553494114152247,2026-09-12c
0.7450348834085768,0.9273555468528298,2026-09-12c
0.9952055100291413,0.8804438738155851,2026-09-12c
0.3994220318093599,1.2360866009718683,2026-09-12c
0.6740825925265602,0.8302120877605303,2026-09-12c
0.9966223305487389,0.9441456044752449,2026-09-12c
0.9994937946113027,0.997797553094934,2026-09-12c
0.9859728183936377,2.816474434900823,2026-09-12c
0.9200752548485747,0.6007635885390078,2026-09-12c
0.8333545875141615,0.07656382637620067,2026-09-12c
0.5932125191954725,0.5295046548529954,2026-09-12c
0.512239722402591,1.4088795265360654,2026-09-12c
0.6104987083058724,0.26810187742424774,2026-09-12c
0.9995550809857103,0.9996811509590454,2026-09-12c
0.7169929069956463,0.20108974035025254,2026-09-12c
0.9138887857117358,0.7292650832842198,2026-09-12c
0.8173919012074474,0.053747788117609184,2026-09-12c
0.6028820839468066,0.9144004208490794,2026-09-12c
0.41713278616769534,1.9701256326082461,2026-09-12c
0.9978080908683745,0.9520052179005196,2026-09-12c
0.7045095601592661,0.3675108386889884,2026-09-12c
0.43336462926691194,1.0886316697925096,2026-09-12c
0.38767051979303113,0.5720885611319202,2026-09-12c
0.5199152056817647,0.6153842747525557,2026-09-12c
0.7333398302187721,1.4660609520606867,2026-09-12c
0.771790723473436,0.5756423254798153,2026-09-12c
0.5629356868809796,0.6185953813100231,2026-09-12c
0.49580613366290166,0.3740028175029112,2026-09-12c
0.7611093436702773,0.42850367379643617,2026-09-12c
0.7201086235344287,1.1318246827062295,2026-09-12c
0.5725781867949543,0.3740311194315955,2026-09-12c
0.9386284366984803,0.059617224444920215,2026-09-12c
0.8047909707682931,0.6401050712986461,2026-09-12c
0.9431480582396574,1.2413092623449316,2026-09-12c
0.6250254566416672,0.1773712070249548,2026-09-12c
0.8983065632030661,0.6817572020040441,2026-09-12c
0.60092529172791,0.6833917260506293,2026-09-12c
0.965538193461653,1.2364353102060508,2026-09-12c
0.9998362094894697,13542.706418791198,2026-09-12c
0.8267386571745818,0.2411331400731707,2026-09-12c
0.3439549738815534,0.9180519261072952,2026-09-12c
0.6288178607371604,0.5396082636184617,2026-09-12c
0.8245737749015268,0.16484091161605824,2026-09-12c
0.9736712864272902,0.9093491312856118,2026-09-12c
0.8763320779691807,0.3108745225489655,2026-09-12c
0.39530726477812705,1.218341571544104,2026-09-12c
0.9113962017157148,0.293894077166512,2026-09-12c
0.98027956487587,0.7247588749103681,2026-09-12c
0.99742130141379,0.9006887520742628,2026-09-12c
0.17508683523175445,0.6183751703384547,2026-09-12c
0.8300415743031131,1.422128650567952,2026-09-12c
0.3775822065477393,1.148932505739995,2026-09-12c
0.9942836557646549,0.9963030241471775,2026-09-12c
0.41973507062642623,0.8472176741366508,2026-09-12c
0.3797031316665692,0.899301409614211,2026-09-12c
0.9997328433910075,7265.32527102042,2026-09-12c
0.7875036124616439,0.07263175803046876,2026-09-12c
0.7389687429115396,0.35461531803779944,2026-09-12c
0.9988609870596395,0.7329216792460729,2026-09-12c
0.9722654763829797,0.729994130999295,2026-09-12c
0.35274811598073524,1.6770385553147522,2026-09-12c
0.45847376328832457,0.7184319169928537,2026-09-12c
0.8749109788774501,0.10622894044365665,2026-09-12c
0.5247411418754083,0.6253272754689303,2026-09-12c
0.9126845225838536,0.0937476040413872,2026-09-12c
0.5877718480343326,0.45979511859900146,2026-09-12c
0.5475425411385506,2.6045317261801206,2026-09-12c
0.3903480183563923,0.7877694889586419,2026-09-12c
0.710809221083315,0.19205037420981597,2026-09-12c
0.9928286066285582,1.9576218853280132,2026-09-12c
0.9973182908812925,0.9902608790016255,2026-09-12c
0.6806967298184105,0.4709334435974208,2026-09-12c
0.6773779147670135,0.4689427985133292,2026-09-12c
0.49843501504839094,1.161892270302704,2026-09-12c
0.42424911435860196,1.8181847851216846,2026-09-12c
0.4279200527266128,0.5946709072141183,2026-09-12c
0.4544411790573987,0.7017402176109793,2026-09-12c
0.6688367385862626,0.42593044558803733,2026-09-12c
0.9775242907710189,0.011155879692199127,2026-09-12c
0.9998610996470287,1.9570844336528768,2026-09-12c
0.9812775887192116,0.9156529992687904,2026-09-12c
0.4592607010156652,0.4268962987367786,2026-09-12c
0.900740801371323,0.023788610738238247,2026-09-12c
0.46388245197451444,1.2521566612128654,2026-09-12c
0.9736013090845149,0.302036907229912,2026-09-12c
0.44678578098987604,1.1837862456477504,2026-09-12c
0.46595252733654097,0.540830357190405,2026-09-12c
0.8283535965169588,0.19556930930900385,2026-09-12c
0.9998212832235792,0.9943325873214538,2026-09-12c
0.6277467213276682,0.40603473533084566,2026-09-12c
0.9691520900699482,0.47793172230032205,2026-09-12c
0.4406708557391294,0.8911205938221287,2026-09-12c
0.782090444598558,0.27644404341813317,2026-09-12c
0.3704256595528731,4.299953819494766,2026-09-12c
0.7199857953750279,0.3833359736021417,2026-09-12c
0.9951187483888205,0.7891310196453332,2026-09-12c
0.5935563400468999,0.7847150357880981,2026-09-12c
0.577799543571294,0.5275280432652699,2026-09-12c
0.5490536976147159,0.4669582823147516,2026-09-12c
0.9011858083942267,1.0741784477857121,2026-09-12c
0.7406713141912903,0.09941553366024967,2026-09-12c
0.9157007583902922,0.013562452899082563,2026-09-12c
0.5431812934141248,2.3098210836048456,2026-09-12c
0.7869833963801335,0.9229985821748389,2026-09-12c
0.458177252703811,0.912495927041267,2026-09-12c
0.5043815785284346,0.8726449234578869,2026-09-12c
0.9498983623123686,0.7191912704908905,2026-09-12c
0.42233675813227634,1.2144000327705813,2026-09-12c
0.5330891900162507,0.4717652259727719,2026-09-12c
0.9453595187826394,1.136996529743498,2026-09-12c
0.3916105345417938,1.444525148229583,2026-09-12c
0.7832710980118782,0.2167680484375623,2026-09-12c
0.9983225553421572,0.9983346736712017,2026-09-12c
0.9950891910997434,2.015821527967171,2026-09-12c
0.5353833484683077,0.1652086720679212,2026-09-12c
0.5029072823443609,2.1440513853677188,2026-09-12c
0.39001255283859,1.0893315983623564,2026-09-12c
0.2639184849172776,3.9021481165836702,2026-09-12c
0.5151830132438088,0.9987854702618878,2026-09-12c
0.5548464887688352,0.4179294140155903,2026-09-12c
0.7357145278759044,1.2708659980265766,2026-09-12c
0.9994052382951227,0.9981390735337599,2026-09-12c
0.5134937069586375,2.3405648719623664,2026-09-12c
0.8994609498281513,324.8264129597756,2026-09-12c
0.9002130784937121,0.7419184390350348,2026-09-12c
0.6724152483734493,0.4701730850523035,2026-09-12c
0.8385940594416633,0.1068169859074298,2026-09-12c
0.8813639643633111,1.8527664617916242,2026-09-12c
0.7859848549719222,0.16966019295337972,2026-09-12c
0.5380721007056266,0.4053237795751696,2026-09-12c
0.710331933551989,0.29540322881688236,2026-09-12c
0.977637582889048,0.00543683119332158,2026-09-12c
0.9999665837183755,0.2884224827537715,2026-09-12c
0.8661873432554308,2.250853699348437,2026-09-12c
0.9992369197617081,0.9833959876188039,2026-09-12c
0.5816089403647402,4.338862812916526,2026-09-12c
0.9939747799799263,47.76950727104855,2026-09-12c
0.9745257773701671,0.7125336890822312,2026-09-12c
0.9395253446959458,2.6049446396075617,2026-09-12c
0.9925256139006317,0.9742223955289172,2026-09-12c
0.5208415407731949,1.1639131491965335,2026-09-12c
0.9709505575928243,4.450577814476802,2026-09-12c
0.7037581404266853,2.6521628387267935,2026-09-12c
0.3733515864012709,1.011848920056086,2026-09-12c
0.9742840426845542,0.5071075730429795,2026-09-12c
0.7505507891775293,0.1472477842058506,2026-09-12c
0.6749256768745444,0.8767269887310163,2026-09-12c
0.587343649326435,0.7921526811760983,2026-09-12c
0.919952404430148,1.1958547010811995,2026-09-12c
0.7484352025269833,0.5987415702729509,2026-09-12c
0.9915653343075264,0.9813189661482262,2026-09-12c
0.29751119851208696,3.8700326516128776,2026-09-12c
0.753023452463444,0.08588644167941367,2026-09-12c
0.6817450390866535,2.9315804305501967,2026-09-12c
0.5341879933956533,0.8121172074051262,2026-09-12c
0.6250783715140747,0.7945318245697498,2026-09-12c
0.6448213179795442,0.7053478363384809,2026-09-12c
0.5009994733749513,1.332079187551923,2026-09-12c
0.9655551093217634,0.37030341644186254,2026-09-12c
0.34780208220503334,1.801430052609557,2026-09-12c
0.3499712264854822,0.7152503887650542,2026-09-12c
0.4629471672818844,1.5473535097835511,2026-09-12c
0.4110665567696505,0.9769404988864531,2026-09-12c
0.8371523950479557,0.5525409373325946,2026-09-12c
0.8822245790884012,0.46181991659795624,2026-09-12c
0.49362153247404333,0.09477293144005632,2026-09-12c
0.9994701853180513,3.548283174714249,2026-09-12c
0.5002884187868375,0.48157163595332114,2026-09-12c
0.7334228873367862,0.7959709226221942,2026-09-12c
0.5053373670598559,0.5975535105950418,2026-09-12c
0.5786092980007249,0.24297479066312755,2026-09-12c
0.6233009013015383,0.17318127057451033,2026-09-12c
0.9991086455024518,0.9329110567618593,2026-09-12c
0.44476571030940515,0.6645642365882661,2026-09-12c
0.454883492343642,1.3028854670997176,2026-09-12c
0.9924988521089981,0.1897043622288952,2026-09-12c
0.45403503883282015,0.7168185914586004,2026-09-12c
0.8243224174237275,0.24744712551800727,2026-09-12c
0.5865053361830451,1.487053742846243,2026-09-12c
0.6214892324410706,0.5071350491457451,2026-09-12c
0.995150972280304,0.21442500579500873,2026-09-12c
0.5702973083418095,0.6489045324421734,2026-09-12c
0.9902225155590098,0.9859986089733646,2026-09-12c
0.9230178669138825,0.5665269096237088,2026-09-12c
0.6131858837748123,0.2643759762449966,2026-09-12c
0.9998781070763116,1.3416326852962923,2026-09-12c
0.8164651730058574,0.8636084525872832,2026-09-12c
0.8010726109930091,0.15000547143118043,2026-09-12c
0.7135848827546072,0.051962631267012414,2026-09-12c
0.9989059883809381,0.2815622210728901,2026-09-12c
0.9888304534020478,3.7582841666968907,2026-09-12c
0.8999257537332958,2.6797223514846533,2026-09-12c
0.4297803493446946,0.5389213737252655,2026-09-12c
0.7338394109072763,0.3501459004701334,2026-09-12c
0.5741577678051729,0.1426348291827205,2026-09-12c
0.8168729206443144,0.9318232371888371,2026-09-12c
0.6493652889164496,0.530422962791074,2026-09-12c
0.7592616717339375,0.7922659435565981,2026-09-12c
0.35044422297106126,1.8268909317136452,2026-09-12c
0.6276508813141882,1.2344330356168736,2026-09-12c
0.86344452726779,0.6169948490356155,2026-09-12c
0.36984819893901183,7.012892605831124,2026-09-12c
0.9983492055824564,0.9994203034176432,2026-09-12c
0.7855550795291296,0.386311604728,2026-09-12c
0.4667300762106409,0.6852808367600802,2026-09-12c
0.9599199986700518,0.0022639728893027343,2026-09-12c
0.47609222187582745,0.5660346097558056,2026-09-12c
0.6697393108817005,0.4852918562222242,2026-09-12c
0.9646092256146184,17.003307807928287,2026-09-12c
0.8688942061341991,0.4196626613298298,2026-09-12c
0.9162236304070769,0.038909459970587444,2026-09-12c
0.9675108537525644,0.949244147130758,2026-09-12c
0.3059340527130537,3.8804301746993852,2026-09-12c
0.79178381801618,0.4511571145395196,2026-09-12c
0.9997556257054259,0.14160287026481538,2026-09-12c
0.5028456992160719,1.943784305859275,2026-09-12c
0.9102945329625793,0.09333716529606483,2026-09-12c
0.8959013113318941,0.9965049076743987,2026-09-12c
0.9968692143363387,62.51561034715134,2026-09-12c
0.9175562988888153,0.8621469990105843,2026-09-12c
0.44142487624383503,1.4660700129313855,2026-09-12c
0.3392503490201604,1.7567859237424537,2026-09-12c
0.38473541959607477,0.7585097471953622,2026-09-12c
0.36887591619360216,1.5732457860283793,2026-09-12c
0.658711501009917,0.2702825966896236,2026-09-12c
0.7642223516909236,0.91699084417422,2026-09-12c
0.7667789355418289,0.3192923893740205,2026-09-12c
0.9354806368346177,0.03081759144515845,2026-09-12c
0.5680107527178697,0.28406990126299364,2026-09-12c
0.9221548585842978,0.029169966790102538,2026-09-12c
0.8044912701576141,0.08833605871779772,2026-09-12c
0.9895051178198925,0.9592109570816229,2026-09-12c
0.4817994630145933,1.3075883898998373,2026-09-12c
0.6360865433239843,0.5872959663577134,2026-09-12c
0.8101003628907787,0.6178979534747122,2026-09-12c
0.4366910849569566,0.7518738667073209,2026-09-12c
0.5593119507304615,0.7264522972083441,2026-09-12c
0.4592892768963182,2.194595848291365,2026-09-12c
0.46278396429766105,1.721454149658251,2026-09-12c
0.8090534239429078,0.6711625138252346,2026-09-12c
0.9834125136519912,2.172232424693763,2026-09-12c
0.3689727546093067,2.212743384401856,2026-09-12c
0.3577741053317937,2.394640571501391,2026-09-12c
0.9922723063620676,1.2683636764505495,2026-09-12c
0.5761391518074286,1.3879775350450736,2026-09-12c
0.7014107652168502,0.1508944480822189,2026-09-12c
0.9097368525973822,0.21588199004008393,2026-09-12c
0.9680747237520744,0.8295146181943907,2026-09-12c
0.7538572553519893,0.514155701087838,2026-09-12c
0.7680119929344862,0.8388028994504266,2026-09-12c
0.9285852228038912,0.07423203496928979,2026-09-12c
0.983951688105317,0.8895946763274278,2026-09-12c
0.4806224348635269,0.8110037526592828,2026-09-12c
0.6933492679000675,0.607220121330964,2026-09-12c
0.9898962158625547,0.9084952045626901,2026-09-12c
0.9896740713002159,0.8144611122752992,2026-09-12c
0.9324044818881455,0.6680444155088627,2026-09-12c
0.5057721543457071,1.16841337726932,2026-09-12c
0.7138200781103679,0.5463068699465982,2026-09-12c
0.7202082565915611,0.30304648366439685,2026-09-12c
0.6880662611116117,1.3793896159516383,2026-09-12c
0.6710367947024499,0.23570451359104544,2026-09-12c
0.3012938804778283,2.997808364115479,2026-09-12c
0.6827975027838419,0.6958568776254558,2026-09-12c
0.9487080260901712,0.8299163476898765,2026-09-12c
0.7197045613293527,0.49814057758018015,2026-09-12c
0.30497205862531473,4.169330347537461,2026-09-12c
0.5267744416104664,0.8280630921571229,2026-09-12c
0.9992658614666248,0.9459321501014468,2026-09-12c
0.41502432475307716,1.633674456513393,2026-09-12c
0.9989877638866543,0.003651415965812934,2026-09-12c
0.692263881778871,0.6267729491033093,2026-09-12c
0.7031770910901699,0.9669934573722117,2026-09-12c
0.4436973944728642,0.6287245347861686,2026-09-12c
0.5190956817692804,0.4043192353785842,2026-09-12c
0.35246144584967437,3.147015326091864,2026-09-12c
0.8732165406432192,0.4606155154713576,2026-09-12c
0.6187637002971077,0.5314112420276748,2026-09-12c
0.8742209055165696,0.18003899786727162,2026-09-12c
0.5270247813835961,2.2029539624174364,2026-09-12c
0.7952223751879589,0.5829466329667115,2026-09-12c
0.6112205561546311,4.127962903065294,2026-09-12c
0.9657663935710878,1.147356371664781,2026-09-12c
0.5844162524758068,0.9736213389478987,2026-09-12c
0.8100065737303781,0.2329037211199023,2026-09-12c
0.47982435466405743,1.529672648645715,2026-09-12c
0.9476255309155415,0.0051583217662233075,2026-09-12c
0.8786245298351428,0.06865671469261946,2026-09-12c
0.7296525719592545,0.3988061060406466,2026-09-12c
0.4233131635777627,2.004643148083988,2026-09-12c
0.9590968327461054,0.03999258027477013,2026-09-12c
0.9366166433172615,0.45352622653231117,2026-09-12c
0.9988743871436506,45.674780309473434,2026-09-12c
0.7477252660525419,0.12667994817155406,2026-09-12c
0.8645299432092602,2.7747399328537,2026-09-12c
0.8395652025235222,0.28174827207620523,2026-09-12c
0.4190143086792517,1.0738462476016168,2026-09-12c
0.2918985938770273,4.413953729788906,2026-09-12c
0.85713940671702,0.3349982071209296,2026-09-12c
0.5721119989000885,2.597026590633282,2026-09-12c
0.9857711707671245,0.9481813900332227,2026-09-12c
0.5268544780643548,0.9644528418443772,2026-09-12c
0.579680463384323,1.9788538456940337,2026-09-12c
0.6338033585797495,0.8556464288409584,2026-09-12c
0.4578760219076019,1.244099329229136,2026-09-12c
0.403724861528907,1.8810090268776742,2026-09-12c
0.522904508321213,7.085382620679702,2026-09-12c
0.48934908280553174,0.979393676587402,2026-09-12c
0.9096416229489825,0.8330679482987156,2026-09-12c
0.4749119669337757,0.5814352181297823,2026-09-12c
0.9259138071327074,0.7469046137739138,2026-09-12c
0.582612539617766,1.7607706294367416,2026-09-12c
0.5252550238737754,0.7178792097876789,2026-09-12c
0.7813435038359802,0.9483431804025964,2026-09-12c
0.9254861363833734,0.273707508656097,2026-09-12c
0.5106653219006254,0.5418363447781741,2026-09-12c
0.9957776717183241,0.6381975883950638,2026-09-12c
0.9967530643252077,83.18692725355845,2026-09-12c
0.5261654224201892,0.8906936083304863,2026-09-12c
0.7976037386926381,1.105795895582292,2026-09-12c
0.4268757462249923,2.7726958712528087,2026-09-12c
0.9375875874707427,0.049040144258889216,2026-09-12c
0.9579737931956822,0.9468239841605638,2026-09-12c
0.9966212393973242,0.9909164456589578,2026-09-12c
0.5277226291111847,1.1402082155122786,2026-09-12c
0.798634391891784,0.4484573541642775,2026-09-12c
0.9897897589915571,0.9829494568558185,2026-09-12c
0.9901405457121423,0.7550418718841125,2026-09-12c
0.7045681545645848,0.22177296237741984,2026-09-12c
0.9998091858238677,2.2883982278062143,2026-09-12c
0.457348688146585,0.8951967653093112,2026-09-12c
0.759091231663524,0.1149738043232146,2026-09-12c
0.4843454491974685,0.9562673138602792,2026-09-12c
0.4287327427783767,0.40821623953460334,2026-09-12c
0.7386636942302026,0.1415621637473937,2026-09-12c
0.48691232245131544,0.40148734388473417,2026-09-12c
0.675896281459372,0.21981186420902238,2026-09-12c
0.8430869899413019,0.33398669673464876,2026-09-12c
0.8168715666705834,0.19172894094395673,2026-09-12c
0.41284075826463784,1.028388436908148,2026-09-12c
0.48265150063966217,1.2180728384109418,2026-09-12c
0.5386331662878462,0.5876637028874633,2026-09-12c
0.643810656202542,0.4180666507248486,2026-09-12c
0.987348806061938,0.5494776294520397,2026-09-12c
0.6691343358986392,0.24423173686921604,2026-09-12c
0.858925520865133,0.14650644528152207,2026-09-12c
0.5683317752320421,0.2972752313467294,2026-09-12c
0.8836243067564404,0.6737080268940927,2026-09-12c
0.9523419763587947,0.025522989624568844,2026-09-12c
0.8115682355772198,0.492499534791275,2026-09-12c
0.9832484257328007,0.8741475308580526,2026-09-12c
0.46366453778079075,1.6236789027617533,2026-09-12c
0.8446495903826494,0.4519827642365663,2026-09-12c
0.48729484447449767,0.33129512280721746,2026-09-12c
0.8316550058194631,0.16778680090806472,2026-09-12c
0.6102312259918014,0.7240473412066644,2026-09-12c
0.6507569378607819,0.5726399599449438,2026-09-12c
0.526298205319805,0.08750746792417456,2026-09-12c
0.6448500900223826,0.7397673823672491,2026-09-12c
0.2932218026720092,2.410354976117269,2026-09-12c
0.48583271006629736,0.9768597465454384,2026-09-12c
0.9457989806211242,0.9444377294822546,2026-09-12c
0.46108687274076665,0.5935021332285749,2026-09-12c
0.4535166235554767,2.498668152362516,2026-09-12c
0.7047338186837968,2.1007488661061084,2026-09-12c
0.48913826107851666,3.694513478423212,2026-09-12c
0.9680488065084581,0.9311388958921755,2026-09-12c
0.8653487551779536,0.44553938430701745,2026-09-12c
0.4896419679886535,0.7863106945056726,2026-09-12c
0.8499284442411228,0.5636184836939312,2026-09-12c
0.6844150693803339,0.34222458170712716,2026-09-12c
0.5102615974101361,1.4913753507561245,2026-09-12c
0.7903632493126272,0.44786558741818855,2026-09-12c
0.7203236652300608,0.2649620776246286,2026-09-12c
0.5132688991986759,1.1093903863448664,2026-09-12c
0.9054696370823367,0.4826345099414764,2026-09-12c
0.420674349966599,0.6744389148995495,2026-09-12c
0.9926356088142444,0.16137405359890328,2026-09-12c
0.9867580500950521,0.9927475105296764,2026-09-12c
0.4600224986554165,1.1467391709258814,2026-09-12c
0.8964187684296171,0.8623380861773496,2026-09-12c
0.6110000490331529,0.39801255474272523,2026-09-12c
0.6849667024821929,0.7236978295235004,2026-09-12c
0.5728511344837597,1.0842816327779894,2026-09-12c
0.7496672489654144,0.7631554960344464,2026-09-12c
0.7756715996035739,0.14689168681159848,2026-09-12c
0.634446340800723,10.34611193929186,2026-09-12c
0.9150027439280206,0.10537655374093938,2026-09-12c
0.9162811877263884,0.022816867701460783,2026-09-12c
0.9822339096807289,0.8909202021277164,2026-09-12c
0.541202375229926,0.8059235071190217,2026-09-12c
0.41777746017674655,0.880675619509292,2026-09-12c
0.9941341544856529,0.005180494142281843,2026-09-12c
0.6818944599268486,0.7075250492996327,2026-09-12c
0.9500295061470749,0.3703837260436617,2026-09-12c
0.9967898718971756,0.985857580124942,2026-09-12c
0.4274502153924732,0.7582529046854667,2026-09-12c
0.8168397426363312,0.1201251233154267,2026-09-12c
0.607121065119043,0.29776085753150217,2026-09-12c
0.4675496651854933,1.019373875937416,2026-09-12c
0.8838384728971604,0.530653758244349,2026-09-12c
0.41737574803947686,1.3996791092896057,2026-09-12c
0.6022626404019111,0.32852419609699957,2026-09-12c
0.48531630314882396,0.6751791835692278,2026-09-12c
0.2787594250396895,1.8668955175763533,2026-09-12c
0.941696012671095,1.049989974891845,2026-09-12c
0.9459200447834085,0.8253077935765433,2026-09-12c
0.9987250376271234,0.9997699482410681,2026-09-12c
0.9863812294475189,0.7103893941132768,2026-09-12c
0.8073624318700375,0.825417723487551,2026-09-12c
0.9665138792231813,0.2420479126926211,2026-09-12c
0.8454734290730895,0.1912090849297648,2026-09-12c
0.4197955475778354,1.238358688556457,2026-09-12c
0.6079908239597539,0.41082855032377785,2026-09-12c
0.46026839135631065,1.1554476120599193,2026-09-12c
0.7841986992607054,0.020673207353426978,2026-09-12c
0.9992602873032921,10.586235238451865,2026-09-12c
0.9528795742478021,0.021109143095705368,2026-09-12c
0.9503181461092167,0.16371249775128957,2026-09-12c
0.8306830680185571,0.7076949782058795,2026-09-12c
0.8462255081856812,0.35509715420512417,2026-09-12c
0.7368127623091448,0.23898244914690786,2026-09-12c
0.5262629071152711,1.1148082771777148,2026-09-12c
0.9843261625551791,1.4447758630382694,2026-09-12c
0.6194391594331242,0.7771478824532801,2026-09-12c
0.9973728191840502,2.2647035103315636,2026-09-12c
0.9188694849869115,0.9795443309657307,2026-09-12c
0.8415173396905359,1.5788314767855027,2026-09-12c
0.5443338434139113,0.8202373458859371,2026-09-12c
0.8592983525957127,0.2949539887033413,2026-09-12c
0.998070737223364,0.9342945928664409,2026-09-12c
0.5484663737397572,1.037144694008326,2026-09-12c
0.527111789000855,0.9636802616822712,2026-09-12c
0.8319969456972583,0.2526760403659706,2026-09-12c
0.7533654168686452,0.35024543718342005,2026-09-12c
0.999320234995184,0.9983459028269305,2026-09-12c
0.9986651430768498,0.9983910754772252,2026-09-12c
0.4104416112630382,0.5567043771866229,2026-09-12c
0.3015164418671477,1.3602083306732176,2026-09-12c
0.5365912625032142,0.3229972167298879,2026-09-12c
0.5619274533733009,2.3880087597620805,2026-09-12c
0.7801475679259262,0.1436457016045971,2026-09-12c
0.9281430841083411,0.7322213286617546,2026-09-12c
0.8865948800019531,0.699697804096854,2026-09-12c
0.9406352719255934,0.49796070228187483,2026-09-12c
0.36864210288965293,1.0569803458314635,2026-09-12c
0.5162379373148136,0.8641312136047885,2026-09-12c
0.8677698949249711,0.10887350710708778,2026-09-12c
0.5769253099247592,0.7572782121291871,2026-09-12c
0.5055242116209948,0.12911904349055925,2026-09-12c
0.6726381262260753,0.14102119113639366,2026-09-12c
0.6487715392675162,5.567652546674471,2026-09-12c
0.4418074757831629,1.2285947865832554,2026-09-12c
0.5780700851786398,0.574401299834021,2026-09-12c
0.7306054600607677,0.19684705261876256,2026-09-12c
0.8198251987891715,0.5627718418660909,2026-09-12c
0.45954626680543187,1.0992582610694728,2026-09-12c
0.5837260463633702,0.7720910202152889,2026-09-12c
0.44818318259713497,0.6629960006854372,2026-09-12c
0.8650030355939886,0.2782998914720727,2026-09-12c
0.569558649100844,0.13575822240508173,2026-09-12c
0.4352858626062977,1.4247506530511056,2026-09-12c
0.7608695251965091,0.6324081987339802,2026-09-12c
0.529768763928756,0.7318174706243022,2026-09-12c
0.8855880965906746,0.031014848336395458,2026-09-12c
0.4206181926565525,1.1051080019868642,2026-09-12c
0.40095002993994955,0.753549036510659,2026-09-12c
0.998960798026326,0.9991244146473118,2026-09-12c
0.41186094903251136,1.5394938412614716,2026-09-12c
0.7978630146840783,1.447010092482316,2026-09-12c
0.4582587216232749,1.9065504813437788,2026-09-12c
0.6402052967136244,0.6759944243512375,2026-09-12c
0.8588499309479988,0.7599121124327649,2026-09-12c
0.583302996019485,0.48129711184918045,2026-09-12c
0.8381880036514304,0.6481588687589328,2026-09-12c
0.5496640334156254,0.8299625789902071,2026-09-12c
0.933038351910281,0.7079866038165066,2026-09-12c
0.680843028968683,0.7023481327741002,2026-09-12c
0.6154178731595024,1.2500810549818806,2026-09-12c
0.4736688966460284,0.21335450362240144,2026-09-12c
0.63850492197466,0.6243992303918178,2026-09-12c
0.46583314104143736,0.8480821153745419,2026-09-12c
0.9841073867046974,0.9782631378040206,2026-09-12c
0.6458905776716825,1.4421338667946622,2026-09-12c
0.5609717107907173,1.3139199608344363,2026-09-12c
0.9985298570356579,108.80843776658142,2026-09-12c
0.9990355085039662,0.8137425709844357,2026-09-12c
0.9055189064662266,0.6454224308997545,2026-09-12c
0.37729807633930224,0.4055639147154442,2026-09-12c
0.9917175977968223,11.995655670652067,2026-09-12c
0.6992895925475008,0.43969341510979004,2026-09-12c
0.6707147489991031,0.6225801308889689,2026-09-12c
0.930836261109744,0.46188494728123075,2026-09-12c
0.5814551133028348,0.8999999083702661,2026-09-12c
0.690200473598636,0.2883933411596613,2026-09-12c
0.6346329882081372,0.22402936649461924,2026-09-12c
0.7718794042390368,0.4172185304338336,2026-09-12c
0.9494122323298527,0.12237452042503884,2026-09-12c
0.9280271007796914,0.07874160881018098,2026-09-12c
0.8579792378805559,2.102210945266554,2026-09-12c
0.912517254390402,0.7239915126663725,2026-09-12c
0.7331061456200932,0.0764576037244234,2026-09-12c
0.713221837450643,0.2081286738441399,2026-09-12c
0.916714373098987,0.0757684436564697,2026-09-12c
0.9726965124238822,0.8204019911743152,2026-09-12c
0.9433599147502316,0.12424857427631372,2026-09-12c
0.6107540060098501,0.3714795446090101,2026-09-12c
0.44907541496689823,0.8560001992902037,2026-09-12c
0.5895777015575161,0.5031382599293481,2026-09-12c
0.6208263026173212,0.27796201283750316,2026-09-12c
0.969103403207872,0.8829010554964967,2026-09-12c
0.3275767658819824,0.5396824415956122,2026-09-12c
0.9979997450895911,0.6192957855006282,2026-09-12c
0.4361579754708076,0.7803666224303172,2026-09-12c
0.6793084101791047,1.2352107755326769,2026-09-12c
0.8306673500578409,0.42645659803334607,2026-09-12c
0.693703740484349,0.5742006026366584,2026-09-12c
0.6025375608164659,0.6401853715696174,2026-09-12c
0.4393491629959047,1.5763116195898255,2026-09-12c
0.6683369905132135,1.1409587967170791,2026-09-12c
0.3901385617810618,1.5358651270962898,2026-09-12c
0.89342395660341,5.748731431505845,2026-09-12c
0.30285524461820873,3.126813966665275,2026-09-12c
0.44601971620014275,0.5126116842118595,2026-09-12c
0.49756871144559894,0.7901606491628106,2026-09-12c
0.38311196446610085,0.6822983561389234,2026-09-12c
0.9980846058076123,1.3218853869665614,2026-09-12c
0.7885411717468075,0.7486046179161016,2026-09-12c
0.5372102345301187,1.318162998222096,2026-09-12c
0.4923157296647268,0.2267659013571696,2026-09-12c
0.9965243771800393,1.202525333214245,2026-09-12c
0.968864062139596,0.32568951210824776,2026-09-12c
0.0002653941659565499,14002.699358248068,2026-09-12c
0.6128035977314731,0.6796512961719806,2026-09-12c
0.338090134973136,1.5620821947607824,2026-09-12c
0.39384080401109633,0.7993963537646411,2026-09-12c
0.4118158490370458,1.6975367228053346,2026-09-12c
0.8658169521623612,0.6212579559099694,2026-09-12c
0.9490283244799904,0.10178509648730324,2026-09-12c
0.9945272205101041,5.752339255458202,2026-09-12c
0.320751056428707,1.250356678547438,2026-09-12c
0.44380521390387484,1.9959758855912064,2026-09-12c
0.9898458861727256,0.4508960192626352,2026-09-12c
0.6362245073035775,0.12224690052655965,2026-09-12c
0.4642333631889649,0.6881155484445591,2026-09-12c
0.8967447170486516,0.1701553467622788,2026-09-12c
0.800888043227703,0.35544383680393143,2026-09-12c
0.9194529626457074,0.11564059966206824,2026-09-12c
0.7843356356314628,0.8453828792329007,2026-09-12c
0.9485266843033099,1.2398520085258826,2026-09-12c
0.5384281606996686,4.028798508434863,2026-09-12c
0.6055049929460254,1.033913290309204,2026-09-12c
0.5801592271904703,0.6328937492158078,2026-09-12c
0.7692348908825146,0.5199324195673041,2026-09-12c
0.6296755499004992,1.4201373157883554,2026-09-12c
0.7071595332009101,0.22495619993853247,2026-09-12c
0.9794046362941732,4.792699042308938,2026-09-12c
0.9691554371443749,0.02116097785268263,2026-09-12c
0.9523815835826431,0.6949486706195361,2026-09-12c
0.9882174718897296,0.005197978355222451,2026-09-12c
0.7996677934230291,1972.1182286259466,2026-09-12c
0.9586135694612627,0.13833454827890249,2026-09-12c
0.9170238051449514,0.8565492481309664,2026-09-12c
0.853864198942543,0.3876600359013239,2026-09-12c
0.26574582846953626,4.748913171518204,2026-09-12c
0.9997041233869416,0.9777131456928314,2026-09-12c
0.6055305603580133,1.629568215863246,2026-09-12c
0.9042457890590521,0.7348477922586398,2026-09-12c
0.9992466122872856,1.9755997752291146,2026-09-12c
0.7367947009941288,0.7533252740048428,2026-09-12c
0.40880622381473164,1.0365287401734564,2026-09-12c
0.537733968690594,1.199693876544811,2026-09-12c
0.8020047808803021,0.6698215315854652,2026-09-12c
0.9220882775646395,0.07944744861865718,2026-09-12c
0.39736633073484107,2.478958968876205,2026-09-12c
0.5743365543250589,0.8216810215573436,2026-09-12c
0.7532064141658087,2.31926851527776,2026-09-12c
0.5645747254982231,0.9129925958757792,2026-09-12c
0.5143718631913723,0.767112243310309,2026-09-12c
0.7957449886680807,0.41067732655152805,2026-09-12c
0.6432889112786956,8.19967376293915,2026-09-12c
0.9572022787906814,0.4733080525508184,2026-09-12c
0.7748830160857237,0.5260110993021164,2026-09-12c
0.5522039682742972,0.1016654384821139,2026-09-12c
0.9295726970201069,0.5698417708217294,2026-09-12c
0.8486629771814211,0.418867430657406,2026-09-12c
0.8777491945485021,0.17466752009989894,2026-09-12c
0.4206448480666408,0.6315973842367408,2026-09-12c
0.5059061420318722,1.144212765238868,2026-09-12c
0.9977641708904361,0.996723364323083,2026-09-12c
0.9214262213801062,0.18601585883358976,2026-09-12c
0.7427962852536331,0.4783862350351509,2026-09-12c
0.9998432443313796,0.9989717771119834,2026-09-12c
0.6916680230694731,0.6052818411487114,2026-09-12c
0.5034331134785918,0.9458902119394675,2026-09-12c
0.9997304439235206,1.3310240585775923,2026-09-12c
0.8817184306103609,0.5205532978953625,2026-09-12c
0.5175873680399126,0.972319892658378,2026-09-12c
0.5438683918345542,0.9968786646827483,2026-09-12c
0.9923583446850127,0.001665027176496214,2026-09-12c
0.7512579019961002,0.5913118709079943,2026-09-12c
0.645895737790895,1.8000220641405904,2026-09-12c
0.9623616772244038,2.5557154718186292,2026-09-12c
0.6210668938031875,0.20877638786660715,2026-09-12c
0.8204621579355309,0.450055319628823,2026-09-12c
0.751772474004512,0.6931774285888224,2026-09-12c
0.9869076145472994,0.8543497128831465,2026-09-12c
0.48847734002903476,0.9537581047661274,2026-09-12c
0.7243716009362539,0.5028632926605302,2026-09-12c
0.5861728218013749,0.8980840031741252,2026-09-12c
0.8133004555033925,0.2910387553629738,2026-09-12c
0.6127823648526294,1.2528196606722317,2026-09-12c
0.6773643650710779,3.7541095860676337,2026-09-12c
0.9421749180640184,0.10295943852551565,2026-09-12c
0.999025603505246,1.9827282401273443,2026-09-12c
0.6874725332727482,0.8201418182597908,2026-09-12c
0.6725926855445375,1.2020393665239355,2026-09-12c
0.9062177603425917,0.6224372522248625,2026-09-12c
0.999675968026646,0.9634686749439444,2026-09-12c
0.8556905172777478,0.09909676113156854,2026-09-12c
0.461869701964149,1.359586221039691,2026-09-12c
0.999639630976678,1.5700905703460106,2026-09-12c
0.842523815302408,0.019945953624415876,2026-09-12c
0.7480259592885554,0.7232059478864797,2026-09-12c
0.9671218526480704,0.558534310887868,2026-09-12c
0.3679877056242119,1.4000124365340674,2026-09-12c
0.9941649317084859,0.5025819280384833,2026-09-12c
0.9189736640160425,2.667499840888298,2026-09-12c
0.7127750135163087,1.070119232319108,2026-09-12c
0.9997312633245573,0.0002846144617635192,2026-09-12c
0.5180334686736103,0.5960504054005974,2026-09-12c
0.7328930836181088,0.17149193543105914,2026-09-12c
0.7220388930560646,0.46980234318501307,2026-09-12c
0.41109216864749437,2.3337948733067924,2026-09-12c
0.6937973232465267,0.467812915521972,2026-09-12c
0.7834252960647282,1.033614081932335,2026-09-12c
0.4513531442218634,1.2317036367608887,2026-09-12c
0.999152944755474,0.9932232221240527,2026-09-12c
0.885853386166324,0.08443244958516102,2026-09-12c
0.4339178510473814,2.063196405935531,2026-09-12c
0.34185970504949853,4.101599314877976,2026-09-12c
0.7471480497613884,0.6438214620242775,2026-09-12c
0.5700408612021914,0.9188678556436944,2026-09-12c
0.5749255796488083,1.1961293183206436,2026-09-12c
0.3888487841717417,2.237833153010095,2026-09-12c
0.8238270852716478,0.944411409257859,2026-09-12c
0.4664106941818597,1.4316344748193492,2026-09-12c
0.9818122803257822,0.9423865150727002,2026-09-12c
0.3498291180350009,0.9453920091569579,2026-09-12c
0.9511611485908015,12.422115213404489,2026-09-12c
0.48188649625860125,0.6400137291210467,2026-09-12c
0.9991197762145845,0.7562831019474925,2026-09-12c
0.7626755248507877,0.5830124852868259,2026-09-12c
0.3539775460425187,1.9336885322102153,2026-09-12c
0.3953652268335953,2.449537074634526,2026-09-12c
0.5390895918646724,0.41746044604608656,2026-09-12c
0.925479635760536,0.20995277884499988,2026-09-12c
0.6618046332488577,0.43858054440509486,2026-09-12c
0.7336183421147695,1.1194755588110012,2026-09-12c
0.5564165292612654,1.5915964883842066,2026-09-12c
0.9946084309579427,2.7182196959121994,2026-09-12c
0.5211674589476986,0.6749346412181315,2026-09-12c
0.9965820430098792,1.8207020034621795,2026-09-12c
0.4794490487830913,0.949567768855883,2026-09-12c
0.47216190104350847,0.7125026916424315,2026-09-12c
0.5783065460999471,1.342527497254783,2026-09-12c
0.9374228845668507,0.2845920400553188,2026-09-12c
0.5733932947048336,0.012747970575871582,2026-09-12c
0.6778422096091806,0.34684694945520217,2026-09-12c
0.5516504644787196,0.4550228806571383,2026-09-12c
0.9784286410307298,1.0234436556319646,2026-09-12c
0.969532738510641,0.2672907576462684,2026-09-12c
0.5916667568660797,0.5885977630959419,2026-09-12c
0.9571517773838202,1.4301990949809655,2026-09-12c
0.42772133879473856,1.4408928488832116,2026-09-12c
0.6537469636881761,0.31793557476739176,2026-09-12c
0.8922908202401246,0.0347067587469159,2026-09-12c
0.47808512957425414,4.137575242443484,2026-09-12c
0.5242898222384126,0.49719143220641726,2026-09-12c
0.9853237156238384,0.7245594889079378,2026-09-12c
0.993619215689541,0.9463797273885618,2026-09-12c
0.9992347813354598,0.9143292593418846,2026-09-12c
0.8373392896705382,0.09615928316511418,2026-09-12c
0.9986150201050094,0.7298811015657329,2026-09-12c
0.9874412894568404,0.9072181170640087,2026-09-12c
0.6628452183976136,0.8464158852429529,2026-09-12c
0.5016302798383386,1.6339901562934314,2026-09-12c
0.6483972965451704,0.3786240903248151,2026-09-12c
0.8863875624967221,0.6205359081385919,2026-09-12c
0.43779280935668036,0.6577166732226322,2026-09-12c
0.9917335837153446,0.693480795318163,2026-09-12c
0.723255953711727,0.4131879913544359,2026-09-12c
0.2837508401217627,1.882589582036719,2026-09-12c
0.3783936429495488,0.709655503539214,2026-09-12c
0.5900836198944954,0.47946640580438743,2026-09-12c
0.8826918792907006,0.4656618184370163,2026-09-12c
0.6133086012402216,0.08735898997325978,2026-09-12c
0.9779584509708433,0.6407700975865658,2026-09-12c
0.9997320033780284,2.096291637035202,2026-09-12c
0.6229976827012008,0.35398052482119874,2026-09-12c
0.6041021926244479,0.48873485779295656,2026-09-12c
0.9906404784996137,1.2691400507218933,2026-09-12c
0.9748554174387958,1.515167288436901,2026-09-12c
0.9251400939645565,0.6706215839735605,2026-09-12c
0.6213036662218742,0.3511908263733662,2026-09-12c
0.9874400484113559,0.9823559058730029,2026-09-12c
0.46489362443300036,0.8891915438395893,2026-09-12c
0.3855929400141648,0.5106336361412079,2026-09-12c
0.8168240866486534,0.54753614472784,2026-09-12c
0.5172140690140113,2.9918962208431292,2026-09-12c
0.4129139655271506,1.0094241763567473,2026-09-12c
0.5310517532874203,0.5667277329323964,2026-09-12c
0.8390505157886626,1.0014061438638469,2026-09-12c
0.7906802252301796,0.26008715983047626,2026-09-12c
0.9321600389011605,0.7706548955047997,2026-09-12c
0.6645197855620942,1.6112229626913295,2026-09-12c
0.8041926525071303,0.32894488869361593,2026-09-12c
0.6938583601487864,0.31779164753684025,2026-09-12c
0.9172922532697856,1.165871164969655,2026-09-12c
0.7241935357218579,0.9468150506115355,2026-09-12c
0.6759303979480145,0.4813363200439941,2026-09-12c
0.5864792874118014,1.1212943124542618,2026-09-12c
0.8865700929698408,0.2765548708581211,2026-09-12c
0.9978326540387668,3.656112750116988,2026-09-12c
0.5789869397270925,0.7650020334523597,2026-09-12c
0.4071760527010715,1.1182002117732566,2026-09-12c
0.9128746585437699,0.04940149821681475,2026-09-12c
0.5651602940661203,1.9715172342288354,2026-09-12c
0.9795010353505799,0.946879725160335,2026-09-12c
0.9960784210753311,0.6591630470897556,2026-09-12c
0.7378702315604392,0.5102599982568071,2026-09-12c
0.763972495028896,0.2602323617459342,2026-09-12c
0.9974047125598294,0.9950537499694372,2026-09-12c
0.6870573290101607,0.12920164542134743,2026-09-12c
0.8808516911711471,0.11642068248683196,2026-09-12c
0.6995598358938889,0.7988914725840018,2026-09-12c
0.7683715884759624,0.8270291756724603,2026-09-12c
0.37120665405592135,1.0200801204353425,2026-09-12c
0.9843789602054982,0.8983087216925485,2026-09-12c
0.5085823231710938,0.8557011488236792,2026-09-12c
0.5125396326880924,0.5311776549459672,2026-09-12c
0.9561769705725169,0.9615434716223212,2026-09-12c
0.6973297870392773,1.660502065756731,2026-09-12c
0.8213438736740734,0.1806792679973988,2026-09-12c
0.9672838448761623,0.7396910178122658,2026-09-12c
0.5683831361064802,0.5296596833745286,2026-09-12c
0.5048458923254178,2.232011435242334,2026-09-12c
0.9627899549876787,0.5528294456100942,2026-09-12c
0.8231312136859142,0.6705723018080443,2026-09-12c
0.9763059321933271,0.8062380824405048,2026-09-12c
0.49252644498665155,0.7238681296174476,2026-09-12c
0.538413344158252,0.4764317992871634,2026-09-12c
0.8608678309009618,2.226342449900409,2026-09-12c
0.798374321417754,0.571077050807894,2026-09-12c
0.9998938532371985,0.9998462693366676,2026-09-12c
0.8582069382234871,2.5577368026642255,2026-09-12c
0.3455561930408335,2.0652251620236597,2026-09-12c
0.826366002276873,0.18146955178119425,2026-09-12c
0.6253421828724333,0.6505811782248387,2026-09-12c
0.9964530535563194,65.59364150573049,2026-09-12c
0.9615483515986175,0.02085246613594114,2026-09-12c
0.7939764746532835,0.11647701526834862,2026-09-12c
0.9984039996332299,0.18007520825357545,2026-09-12c
0.6389281707235897,0.7446970395103951,2026-09-12c
0.9691141549290285,2.2507545142608913,2026-09-12c
0.7283017254533874,0.27875044127924503,2026-09-12c
0.6038094337343157,0.36932698989813106,2026-09-12c
0.7758986634846957,0.5187658728710635,2026-09-12c
0.45660084108260185,1.1776721020261363,2026-09-12c
0.988566038514683,0.09709620894342869,2026-09-12c
0.6295470600529269,0.5876012545542244,2026-09-12c
0.759019365927583,0.27606310966243114,2026-09-12c
0.900834915173894,0.03846434602667749,2026-09-12c
0.7607643526898,0.13623218133342732,2026-09-12c
0.4704232710040573,1.9399994905066085,2026-09-12c
0.8989261093725391,0.05970350742879355,2026-09-12c
0.7703222439301217,0.20888225545957242,2026-09-12c
0.9510676585588722,0.9523929342380338,2026-09-12c
0.6547338084950297,0.28544935723398773,2026-09-12c
0.5712316435308222,0.9316716001754839,2026-09-12c
0.8761710899095893,1.7641264731723683,2026-09-12c
0.6392868372933421,0.10369696387341211,2026-09-12c
0.3914170825491825,2.024429347825106,2026-09-12c
0.6639474436698171,0.9529858823442331,2026-09-12c
0.6049047198799499,6.7919487706516035,2026-09-12c
0.5219783172002013,1.296138520782779,2026-09-12c
0.43730282290707995,1.4318821041617489,2026-09-12c
0.9426847906250378,0.5373516610140732,2026-09-12c
0.9373059272095613,0.15795954046523672,2026-09-12c
0.9998473217951263,0.9994662043980642,2026-09-12c
0.9900235745735418,0.9021129477446493,2026-09-12c
0.9996095009169748,0.00018357423675818645,2026-09-12c
0.6264169937257168,0.5564026643217695,2026-09-12c
0.5217885827646183,0.5341444898790505,2026-09-12c
0.8927430207824311,0.32501257491705565,2026-09-12c
0.7674405827860357,0.5341642202341512,2026-09-12c
0.5429437901385827,0.5924984745267804,2026-09-12c
0.6567120827995284,0.5232859455279273,2026-09-12c
0.9948063714132516,0.42926926479498345,2026-09-12c
0.8875869690047089,0.462284228627588,2026-09-12c
0.9675245949053985,22.592000377098877,2026-09-12c
0.9544324035873576,0.9416112406373434,2026-09-12c
0.7084510492025653,0.7653184591880704,2026-09-12c
0.43205938146070216,0.9032827051980875,2026-09-12c
0.531957917227848,0.3799810205078969,2026-09-12c
0.9750255878803503,0.5405871240908,2026-09-12c
0.7199004145115473,0.46915493533052954,2026-09-12c
0.4116990561031113,1.1539057979043088,2026-09-12c
0.7711281031963004,0.47388311360245755,2026-09-12c
0.7181835778265953,0.3374438604647307,2026-09-12c
0.791501991088312,0.4720010443605801,2026-09-12c
0.8879706017937887,0.20359930773531065,2026-09-12c
0.7391627811411288,0.4190179359110506,2026-09-12c
0.5714491418396176,0.7999683139483178,2026-09-12c
0.9433538528552189,0.8300177903011992,2026-09-12c
0.9580896216410891,1.567067500990555,2026-09-12c
0.6715771336580871,0.4880253219321595,2026-09-12c
0.6260349003653416,0.7093346212450811,2026-09-12c
0.37290941948682943,0.8499166983283729,2026-09-12c
0.9997750355978205,0.6917531743181308,2026-09-12c
0.9967890868448182,0.9680436273129167,2026-09-12c
0.6943146508703557,0.29686667520103505,2026-09-12c
0.5843130859279531,0.5590961428731398,2026-09-12c
0.9994683001102591,0.9996021198269567,2026-09-12c
0.5176239619963564,0.8607474299683319,2026-09-12c
0.5432822899108257,0.17746901843628693,2026-09-12c
0.9808561995443149,0.9859075184842101,2026-09-12c
0.9872171730510639,0.9674742739218821,2026-09-12c
0.766846360251485,0.5493675623718179,2026-09-12c
0.9465592717652046,0.007492400033237037,2026-09-12c
0.9651075566067068,0.5435824237992206,2026-09-12c
0.9211692117608499,0.5610643818080105,2026-09-12c
0.43414840026730134,1.7800170896246013,2026-09-12c
0.9783729495479564,0.0888299849877668,2026-09-12c
0.5870367558997971,0.822845954953034,2026-09-12c
0.48149340892514275,1.6530208701884952,2026-09-12c
0.8106224585753873,0.7587730827358176,2026-09-12c
0.5298618294900337,1.0099903931960454,2026-09-12c
0.45663507777990137,0.6801702103725111,2026-09-12c
0.7285411586611518,0.3263434052312669,2026-09-12c
0.5733623904626401,0.5860007162460302,2026-09-12c
0.9747099978728905,0.6549046534309887,2026-09-12c
0.5540652363549565,0.4035998452211708,2026-09-12c
0.9508363321779663,0.4261958239660375,2026-09-12c
0.8742089597434454,1.1518322445735063,2026-09-12c
0.8675232655220816,0.3625475622378533,2026-09-12c
0.2762025702592614,2.766778512862389,2026-09-12c
0.7111706574072253,1.1138601840597602,2026-09-12c
0.7248088933474273,0.7921999338270774,2026-09-12c
0.721816769967614,0.37203974264296386,2026-09-12c
0.6286435685951145,0.5702610842161839,2026-09-12c
0.484879599801324,3.7904938498481378,2026-09-12c
0.4463797452904916,1.0821204003052987,2026-09-12c
0.8344130728081397,0.13887666776271762,2026-09-12c
0.999362154432598,7.818801853539069,2026-09-12c
0.9452755510913705,0.7067697752593621,2026-09-12c
0.5312453157233805,1.5154278711415363,2026-09-12c
0.99640470065702,0.9353466209770419,2026-09-12c
0.5373197645867133,0.6565262433862917,2026-09-12c
0.7893273441906828,0.22414642487646774,2026-09-12c
0.9017728287744605,0.8180910954776519,2026-09-12c
0.9893722930281552,2.3970758004495134,2026-09-12c
0.8813190861225232,0.11787843099613222,2026-09-12c
0.676585075891175,0.4660100962082548,2026-09-12c
0.9981726881137603,1.9897221318412546,2026-09-12c
0.41607798748242264,1.562640177080649,2026-09-12c
0.9872271449708132,8.341756885965419,2026-09-12c
0.4530491585607432,0.4231253781144057,2026-09-12c
0.33158354239336907,2.08377383613857,2026-09-12c
0.601695135155244,0.7393552165261299,2026-09-12c
0.6886764314665204,0.5310093362531404,2026-09-12c
0.5406994418729747,1.1684000768479958,2026-09-12c
0.7966243894633186,0.4661338267385075,2026-09-12c
0.4006685775038964,1.5683208639089696,2026-09-12c
0.9918581097623401,0.9036356489220748,2026-09-12c
0.532723830230115,1.0320779188803346,2026-09-12c
0.7485988945271108,0.3342268147583005,2026-09-12c
0.9269143674806853,0.4974284333572497,2026-09-12c
0.5367536378460901,0.6188144344657488,2026-09-12c
0.9880317920020836,0.8910936918130276,2026-09-12c
0.809540143600987,0.37074537602759705,2026-09-12c
0.6175057076584278,0.36377734115473753,2026-09-12c
0.42607438123376257,0.7162173878124743,2026-09-12c
0.9619318934613315,0.9984666481944806,2026-09-12c
0.6401132019304032,0.6049793920059574,2026-09-12c
0.9845673619378033,0.9967433942843178,2026-09-12c
0.601171539645212,0.4950644839417102,2026-09-12c
0.9950362933197288,0.857706939350256,2026-09-12c
0.5228410646989294,1.6539156804392419,2026-09-12c
0.7101154962951963,0.936136398098899,2026-09-12c
0.96122756101668,0.6763889898065868,2026-09-12c
0.4317057656570772,1.4613277437053116,2026-09-12c
0.546731513204498,1.177839477367055,2026-09-12c
0.5788085157225377,0.7599626025482353,2026-09-12c
0.977032079640358,0.7416729091985496,2026-09-12c
0.3531152446332994,6.236297481345218,2026-09-12c
0.4864348119804233,1.303665637678577,2026-09-12c
0.9168020975305661,0.6668403550024984,2026-09-12c
0.41702751457983733,2.6936187625814076,2026-09-12c
0.5928311468052544,0.5496710948642551,2026-09-12c
0.6992651826421296,1.166795619950665,2026-09-12c
0.9880010809083285,0.5010662914740825,2026-09-12c
0.5282856103532219,1.1355443679850805,2026-09-12c
0.885869169383626,0.12304018926513184,2026-09-12c
0.5931526101007505,1.0834692294150838,2026-09-12c
0.9213219547049697,0.8635342191189473,2026-09-12c
0.8244358970656006,0.6332492675649151,2026-09-12c
0.9405923304601941,0.3575853933570103,2026-09-12c
0.7688257267790767,0.05625727023909368,2026-09-12c
0.3929094785402344,0.5250143076122127,2026-09-12c
0.613549733213047,0.5415050558892163,2026-09-12c
0.5612863773217441,0.503593727443929,2026-09-12c
0.46571944078429967,0.8374312023043259,2026-09-12c
0.6380146462545313,0.3905006381090223,2026-09-12c
0.47719538946616324,0.6846115700218725,2026-09-12c
0.8221494212899428,0.058378564033670206,2026-09-12c
0.7625782197572565,0.4852039247950326,2026-09-12c
0.3417209689620493,1.0200551477166564,2026-09-12c
0.34052440759159835,2.6702080340458165,2026-09-12c
0.9941512368461278,0.6377034508659908,2026-09-12c
0.6415896929098536,0.4160971973768492,2026-09-12c
0.9975075154958783,1.4566219574988206,2026-09-12c
0.4277234705687785,0.31127430815069856,2026-09-12c
0.5743332700346296,0.9069086205893946,2026-09-12c
0.5818258241489461,2.077877594579048,2026-09-12c
0.9804480805963022,0.0016786626624307453,2026-09-12c
0.439647651352855,2.3686929939038452,2026-09-12c
0.524021956662566,1.0598496984230141,2026-09-12c
0.6214742835396945,0.4755703581392128,2026-09-12c
0.4001229045642335,1.2421909582242274,2026-09-12c
0.2982101402279075,12.204830357495252,2026-09-12c
0.9468977199267867,0.6187610453606289,2026-09-12c
0.40005146769681277,4.0252166681493415,2026-09-12c
0.9687447546620087,0.47380728209774114,2026-09-12c
0.6575122710169745,0.4177691454567677,2026-09-12c
0.7899795068313188,0.362922975884149,2026-09-12c
0.9774798557884081,64.20172199326484,2026-09-12c
0.7451759480960539,0.4312607060095354,2026-09-12c
0.99961264067449,0.9937074309086144,2026-09-12c
0.7303790964635339,0.4929608544436985,2026-09-12c
0.4303813933440347,1.380994288538598,2026-09-12c
0.4831207224645631,0.5682037905174578,2026-09-12c
0.9798556866826872,1.1524892647192764,2026-09-12c
0.9670201288152582,0.7806270312437134,2026-09-12c
0.4522600635585314,3.165123455512461,2026-09-12c
0.27844901254673704,4.237943104654159,2026-09-12c
0.985906226223499,0.98689801497225,2026-09-12c
0.5067845829679808,0.5650121028855287,2026-09-12c
0.9408250411869662,0.017419457461391962,2026-09-12c
0.6477235911307424,0.6116799079041644,2026-09-12c
0.9988734291626268,0.833945983810069,2026-09-12c
0.5427786344849945,0.9099670444682562,2026-09-12c
0.665215945529986,0.2760427128296928,2026-09-12c
0.6443327401940175,0.9219336418864689,2026-09-12c
0.5982794383010687,1.0718566635357791,2026-09-12c
0.5364280822251523,0.2616582465492317,2026-09-12c
0.5055469495452171,0.6520018915654225,2026-09-12c
0.9268070324172779,2.7015895707782867,2026-09-12c
0.998337563283445,24.880508282466057,2026-09-12c
0.9603085796322668,0.4276982204573035,2026-09-12c
0.7392645071557428,0.08353459106583448,2026-09-12c
0.396127139890256,1.6655855593367035,2026-09-12c
0.4131009196027976,0.9451445190608969,2026-09-12c
0.9425430804919552,0.9527464655122457,2026-09-12c
0.5089566379302375,4.569660668823564,2026-09-12c
0.8713329669712112,0.6061800738936832,2026-09-12c
0.9987947396803506,564.1615554429095,2026-09-12c
0.9311663547183809,0.42929751076685363,2026-09-12c
0.841680824994169,0.5749191691511973,2026-09-12c
0.98746538312628,0.009416395700654319,2026-09-12c
0.6195720655205325,0.3592554290381477,2026-09-12c
0.6208665394414004,0.37395954487156136,2026-09-12c
0.45394857380276843,0.35051707336901755,2026-09-12c
0.892035039119258,1.7871917842430083,2026-09-12c
0.569375391188799,1.1090588091550562,2026-09-12c
0.7904004583505491,0.932881637646189,2026-09-12c
0.5749996825730819,0.6873302853747618,2026-09-12c
0.6093823552819098,0.8052802907376369,2026-09-12c
0.6637162507562087,0.29146484034980724,2026-09-12c
0.8648809809131288,0.3529999722245223,2026-09-12c
0.9993248967932306,193.63562937413897,2026-09-12c
0.999858191548674,0.8191724077630278,2026-09-12c
0.6886718203938897,0.23760782214884027,2026-09-12c
0.8901059908283759,0.4917559540953736,2026-09-12c
0.7590883744276262,0.39164630694398334,2026-09-12c
0.7361021966809544,1.3241983276527745,2026-09-12c
0.6064217048675066,1.2827699222638655,2026-09-12c
0.8221150053654134,1.0151020300129157,2026-09-12c
0.48973234808426747,0.8650609786787261,2026-09-12c
0.9986897071120958,1.9831868030036175,2026-09-12c
0.9978167013415822,2.316692286520926,2026-09-12c
0.9930471190408741,3.8208663995691223,2026-09-12c
0.7108277945608624,0.7331055342293731,2026-09-12c
0.5019499600792067,6.225595399905456,2026-09-12c
0.9677880717663386,0.03825575982949396,2026-09-12c
0.6637525498463619,1.016871728811815,2026-09-12c
0.5127841966439268,0.4451377690548054,2026-09-12c
0.6874295350682444,0.5106743269437565,2026-09-12c
0.9646507715821316,0.7617928413781501,2026-09-12c
0.985227886585163,0.011591487404230416,2026-09-12c
0.5801783202666639,0.8259229157121123,2026-09-12c
0.5488929750706704,0.49494913582816447,2026-09-12c
0.995241085703864,0.6023903352042738,2026-09-12c
0.3498585580056219,0.46158207324843625,2026-09-12c
0.9834105524922288,0.6458039313095595,2026-09-12c
0.8230220262273867,0.14041052733946366,2026-09-12c
0.5688095115342139,0.03166694236418909,2026-09-12c
0.8925972304167125,0.2991664061677489,2026-09-12c
0.8215287680557388,0.4740030589609944,2026-09-12c
0.8495592971469751,0.2346946768758779,2026-09-12c
0.450864494298586,1.1626393301836149,2026-09-12c
0.9925622121173546,0.657118782925125,2026-09-12c
0.4493148650547594,1.4935342914696992,2026-09-12c
0.48597918165693366,1.1025560890337,2026-09-12c
0.8307581072609928,1.0977777125962938,2026-09-12c
0.832498962505872,0.8654645536617253,2026-09-12c
0.615488132837703,1.3538369536104062,2026-09-12c
0.975905244729585,0.7326635806596554,2026-09-12c
0.45637328287656065,0.642161392294098,2026-09-12c
0.39723966424680185,1.1150304658178727,2026-09-12c
0.855859633769158,0.05627166574599424,2026-09-12c
0.4244635155160454,0.9805936328208267,2026-09-12c
0.9435023848523937,0.052680564306034974,2026-09-12c
0.9030688728275154,0.9118070337998759,2026-09-12c
0.43270502598379557,1.095574201203618,2026-09-12c
0.8571143501348574,0.6267708759482948,2026-09-12c
0.9991338812878137,0.9886781369079228,2026-09-12c
0.9987078366496224,0.9998225013538521,2026-09-12c
0.4379765034994797,2.4260913642715725,2026-09-12c
0.945099873982081,0.4733076096041876,2026-09-12c
0.9344766487536755,1.639168726414286,2026-09-12c
0.33751307877016457,1.817197961157445,2026-09-12c
0.6524565224746951,0.5608308541520685,2026-09-12c
0.8637648478183099,0.5014185464101063,2026-09-12c
0.4039038814188838,0.5598841711006862,2026-09-12c
0.5834676400279393,0.7454294072026924,2026-09-12c
0.4928762957611838,0.4978568904005294,2026-09-12c
0.7693804265666878,0.7269833830983045,2026-09-12c
0.9336001339543484,0.10405683344784981,2026-09-12c
0.9971938442414761,276.37907671570144,2026-09-12c
0.44978363784438957,1.2373062851805356,2026-09-12c
0.5823323051280994,5.053817131137597,2026-09-12c
0.3360772193418491,3.549987529694881,2026-09-12c
0.364186868972772,1.8810185018445833,2026-09-12c
0.547760409823802,0.4798348239801131,2026-09-12c
0.9995062544078661,1827.2723554866875,2026-09-12c
0.5976595487535498,2.5101717809593254,2026-09-12c
0.799528739040044,0.139910622161867,2026-09-12c
0.9512882740612707,0.9402257550903242,2026-09-12c
0.6552977679359608,0.9351793285303914,2026-09-12c
0.4203693320920267,1.2006656184984108,2026-09-12c
0.5947145185799828,0.3601061017784216,2026-09-12c
0.7110980518726536,0.5732190261939858,2026-09-12c
0.9753452958023945,0.9882012480932569,2026-09-12c
0.41010698264914963,1.1828631835817995,2026-09-12c
0.7915056601345002,0.2622692041833721,2026-09-12c
0.9999302457257764,0.00010099123955421038,2026-09-12c
0.9924054406173479,0.004685627867775595,2026-09-12c
0.7296581217222914,0.4398505177215073,2026-09-12c
0.9310508602880211,0.191853827247029,2026-09-12c
0.9954346311165242,0.06745524747254825,2026-09-12c
0.8938532711935624,1.537094265212094,2026-09-12c
0.9605137368027294,0.020674768102473106,2026-09-12c
0.9992127379127792,0.38900854692910414,2026-09-12c
0.9332116729513141,2.732404596068002,2026-09-12c
0.6836188421030402,0.649366792220882,2026-09-12c
0.6718036864262267,0.28389657556336373,2026-09-12c
0.5697952778144559,0.7913326267424419,2026-09-12c
0.5617296231033202,0.8503074391192353,2026-09-12c
0.480286419309961,0.9946790459003904,2026-09-12c
0.622918778931187,0.4180488173323877,2026-09-12c
0.7393596550879377,0.32674359674391046,2026-09-12c
0.7037306722760012,0.39121049696004845,2026-09-12c
0.8158426024602109,0.35362536101013187,2026-09-12c
0.5359931347229634,0.6899203428122833,2026-09-12c
0.964733665898064,0.007191525698817634,2026-09-12c
0.5173370760019812,0.5319687807235521,2026-09-12c
0.5353656754740295,0.7419505824964252,2026-09-12c
0.9502024364562512,0.3798427871406187,2026-09-12c
0.5955778225291918,0.8758927180180249,2026-09-12c
0.6957954080660471,1.0286374006392027,2026-09-12c
0.9605771104351513,2.7593601709499436,2026-09-12c
0.9017481515660016,0.07757074592709105,2026-09-12c
0.7782849761661317,0.8092212504083759,2026-09-12c
0.9308952755129241,2.9149597699824294,2026-09-12c
0.9838134921141597,13.58333130560853,2026-09-12c
0.9977106697865031,67.88137037545293,2026-09-12c
0.9846258354203284,36.57816427108724,2026-09-12c
0.8287911497847954,0.28828746566022967,2026-09-12c
0.9559756814268441,0.9841016721217246,2026-09-12c
0.5133689731022042,1.2717530242564392,2026-09-12c
0.8218734657372992,0.7742513385112022,2026-09-12c
0.7731657435112684,0.5369961576305028,2026-09-12c
0.9987251380348997,0.9914118523171623,2026-09-12c
0.6703214672036039,0.38028032565658676,2026-09-12c
0.3683128074374606,0.49213762486831597,2026-09-12c
0.8589912408717554,0.14884645099079594,2026-09-12c
0.45516584746219574,1.6582126381577877,2026-09-12c
0.42276773183211225,2.370504093838858,2026-09-12c
0.80170811369701,1.0327205074333925,2026-09-12c
0.4231576679261481,1.7092074894258225,2026-09-12c
0.29168833683912976,3.353930599241863,2026-09-12c
0.9651232236695042,4.276045930339809,2026-09-12c
0.5170434824156007,1.832999950775542,2026-09-12c
0.6627976282666976,0.6175421565797287,2026-09-12c
0.49765019798965354,0.5336329445122522,2026-09-12c
0.5977508137374865,0.49230515552876314,2026-09-12c
0.7535907255706654,0.5091917096000003,2026-09-12c
0.9169967958027199,0.1593828482189638,2026-09-12c
0.39157926962468276,1.3815682078512714,2026-09-12c
0.5904047967502288,0.037152309520901546,2026-09-12c
0.8666350748896398,0.17404266547206243,2026-09-12c
0.9937536826264796,0.015727546904858412,2026-09-12c
0.46932246337555966,0.8888415015287756,2026-09-12c
0.5538870570976879,0.5204533592877283,2026-09-12c
0.34523726911735814,0.4143748305876105,2026-09-12c
0.43320200506143,1.28549018935301,2026-09-12c
0.9469268553364458,0.8511615847420319,2026-09-12c
0.9991256632400874,0.9987408402824198,2026-09-12c
0.7942419255198779,0.5950813403586487,2026-09-12c
0.478187291888924,1.5986768416414123,2026-09-12c
0.6243508623557382,0.33697526232314584,2026-09-12c
0.8480460994977163,0.34893518369815196,2026-09-12c
0.9059241362753123,0.42530855883978314,2026-09-12c
0.6819827566708573,0.9303287530989551,2026-09-12c
0.9271421459853227,0.1904193288608425,2026-09-12c
0.9215856778046282,0.5864761189560553,2026-09-12c
0.8689414151356722,0.20293623085276255,2026-09-12c
0.3541134201290827,0.9478309403868304,2026-09-12c
0.6294957652185287,2.735940765736258,2026-09-12c
0.5434008390818449,0.7840988421734418,2026-09-12c
0.7526028344092954,0.4604651153299282,2026-09-12c
0.5791857987065266,0.5464531001463989,2026-09-12c
0.5920349740418729,0.4056306957325948,2026-09-12c
0.6843887993236745,1.128829494568075,2026-09-12c
0.5472101472578992,9.607674735219495,2026-09-12c
0.8625243874087869,0.0520734887444071,2026-09-12c
0.5412874199578926,0.9379551972230278,2026-09-12c
0.9970919254601468,0.9913296533177868,2026-09-12c
0.7287325496099153,0.25761281359600857,2026-09-12c
0.8038344019182958,0.2513850079336568,2026-09-12c
0.9773169803683783,1.8643865032816758,2026-09-12c
0.999691788666166,0.9989553166480155,2026-09-12c
0.5538541306203684,1.9163293190876525,2026-09-12c
0.4945330024799183,0.5170879852672564,2026-09-12c
0.6301541120632644,0.29708487921353127,2026-09-12c
0.4201823848031749,1.011131245843411,2026-09-12c
0.6821019239943338,0.3466434161994626,2026-09-12c
0.46586523975110417,0.5636506231897521,2026-09-12c
0.388033984343289,3.431779183222657,2026-09-12c
0.3189960881391085,3.6176496365333795,2026-09-12c
0.7919607686719162,0.6491568540736917,2026-09-12c
0.7447072609306897,1.9147583845949556,2026-09-12c
0.31659219148830203,0.6832081751440497,2026-09-12c
0.8219733590344842,0.6359517982550787,2026-09-12c
0.6451030237205377,0.4993553657107299,2026-09-12c
0.8069231997023559,0.10987242699846718,2026-09-12c
0.386464019157317,2.0007145176041248,2026-09-12c
0.7978643706484968,0.1928322648916454,2026-09-12c
0.9814680443090772,0.5639525351440268,2026-09-12c
0.7438028868723991,0.5293467350874667,2026-09-12c
0.7247197085298303,0.5861037083562575,2026-09-12c
0.9775666877996972,0.7937318771418491,2026-09-12c
0.8059465167287231,2.079160912179269,2026-09-12c
0.5158562970833138,0.21772297914142122,2026-09-12c
0.7673105877383767,0.6273700956344824,2026-09-12c
0.9841500430628418,0.006636637769064613,2026-09-12c
0.9817716765208697,1.0394847220797698,2026-09-12c
0.9497917488041273,0.9543321015304806,2026-09-12c
0.5991313433905261,0.6282083410841868,2026-09-12c
0.43271927373310126,0.2910342299356491,2026-09-12c
0.3767022772931969,2.9319366605630583,2026-09-12c
0.993381829743344,0.7347283304972458,2026-09-12c
0.5973889729885165,0.5803782557244611,2026-09-12c
0.8265169974435508,0.09447555047996722,2026-09-12c
0.9826141628629762,0.09035862599419488,2026-09-12c
0.9992088858937436,2.0717395470064224,2026-09-12c
0.369419557618758,2.478280195903475,2026-09-12c
0.43457718934659767,4.225248301182827,2026-09-12c
0.7984829988404735,0.8034278523962892,2026-09-12c
0.6561335480536639,0.5383713983014121,2026-09-12c
0.3673773649218559,1.6816581894835445,2026-09-12c
0.8286504052449822,0.15287821910078586,2026-09-12c
0.9584127544171036,0.6740841487282366,2026-09-12c
0.8320391252554817,0.36266965126652584,2026-09-12c
0.7306441486150634,0.6869939156434691,2026-09-12c
0.6867320277137335,6.937491906567427,2026-09-12c
0.2759770572976059,2.579543287317645,2026-09-12c
0.5843673704889318,1.0007290612131563,2026-09-12c
0.9999721246281097,0.460266492721065,2026-09-12c
0.9958538355310951,0.9639578993254091,2026-09-12c
0.6719057932634062,0.522864835715023,2026-09-12c
0.8776816323068366,0.8158464600415171,2026-09-12c
0.4848438943453825,0.4815723024292383,2026-09-12c
0.6029110754229563,1.8184119805578567,2026-09-12c
0.3257522855658304,2.069404366049683,2026-09-12c
0.5805610724991108,0.5484027733180238,2026-09-12c
0.9702824527021476,0.9562453629385068,2026-09-12c
0.6598819369465583,0.7757411985850076,2026-09-12c
0.5787399882556823,0.7308013372083206,2026-09-12c
0.8413232985323856,0.9233803518728151,2026-09-12c
0.8873151701350916,0.6289427989975288,2026-09-12c
0.32657778958571876,2.1016614047214213,2026-09-12c
0.9890498604736101,0.9504748811425651,2026-09-12c
0.818128890477638,0.5266332121353438,2026-09-12c
0.8958124944402123,0.10839285762851333,2026-09-12c
0.9928708140248644,0.002896984513322602,2026-09-12c
0.4914788037450386,0.6595615700796214,2026-09-12c
0.7464488211695048,3.1321855358943966,2026-09-12c
0.9997510201480343,0.00016989660268308237,2026-09-12c
0.999784127982715,0.6842825410334812,2026-09-12c
0.9902139407841871,2.2472305853222934,2026-09-12c
0.99700651319177,0.9089577528290862,2026-09-12c
0.42726535283566214,1.3220044284703163,2026-09-12c
0.7203379001663993,0.6397985299480413,2026-09-12c
0.7015580834391174,1.1056385701411338,2026-09-12c
0.47151692093971226,0.5441519117287221,2026-09-12c
0.8572315215039358,0.18554427937988802,2026-09-12c
0.9984136945793944,0.9989343456427515,2026-09-12c
0.7938982694420056,0.6862066515835954,2026-09-12c
0.8732808751954608,0.4645280638349975,2026-09-12c
0.8139617562653199,0.1991431192908955,2026-09-12c
0.6265836988790655,1.3322292519355652,2026-09-12c
0.9743030009778014,0.9557469906186187,2026-09-12c
0.395667979238033,2.6954877976751814,2026-09-12c
0.6659178995407905,0.4620541933648471,2026-09-12c
0.999010532165872,0.9905468315011502,2026-09-12c
0.4528433416729434,0.7715787120819148,2026-09-12c
0.9633993552102255,0.19363988087781908,2026-09-12c
0.4634331254541855,0.9974184356658322,2026-09-12c
0.731901931380141,0.6227869683400976,2026-09-12c
0.9964744493783863,2.5943026631607364,2026-09-12c
0.9908104658428999,4.888435945868865,2026-09-12c
0.995449473696999,0.9879604683838369,2026-09-12c
0.9973146978699668,213.269606176825,2026-09-12c
0.4471898737905753,1.4951831849266268,2026-09-12c
0.791854270686092,0.16987805807383655,2026-09-12c
0.7427884395257084,0.4273043798549518,2026-09-12c
0.6602484681524118,0.5692185126737167,2026-09-12c
0.5105436649664704,0.6129817301002342,2026-09-12c
0.5801995886676655,0.6355740441347703,2026-09-12c
0.8626073469112736,0.4038735939630989,2026-09-12c
0.5320945695753073,1.1072193930502696,2026-09-12c
0.6619659372258953,0.665617195119757,2026-09-12c
0.6584822071577475,9.271473864329028,2026-09-12c
0.9565892829038884,0.9777283566159176,2026-09-12c
0.4658810133576338,0.9839457675331802,2026-09-12c
0.5483698139844585,0.3351776629180825,2026-09-12c
0.7720536414963302,0.7267151821573112,2026-09-12c
0.3307094141018525,5.239854100002611,2026-09-12c
0.9919453424922754,2.2966764704327653,2026-09-12c
0.6432188563300338,0.6133991808000059,2026-09-12c
0.9976894290028132,0.7695523350021102,2026-09-12c
0.5925931048238383,0.12243717935786111,2026-09-12c
0.515196262734358,0.5352578061027908,2026-09-12c
0.49132288402091867,0.5624750968349209,2026-09-12c
0.9526346323618052,0.3564816916699532,2026-09-12c
0.9291437330155979,0.7568487455854899,2026-09-12c
0.9996898763490402,2.036449939452794,2026-09-12c
0.45899321329444337,0.6970113870653849,2026-09-12c
0.9666724839474405,0.5996809586167979,2026-09-12c
0.8129159025404455,0.14812002962347398,2026-09-12c
0.8591097313016723,0.2932861502709711,2026-09-12c
0.6875969286922009,1.8263959340137348,2026-09-12c
0.5245653757435219,1.2568758501596566,2026-09-12c
0.7865162145046065,0.37787992107691365,2026-09-12c
0.6952184618682943,0.09715465880190374,2026-09-12c
0.9678387488596636,0.5171762089030956,2026-09-12c
0.9989833971285559,0.9987104530336974,2026-09-12c
0.43073559187033916,0.5943278967974739,2026-09-12c
0.7005372556215015,0.585129480481225,2026-09-12c
0.412230038959879,1.4497053192522062,2026-09-12c
0.9997641365017826,0.9961605574123324,2026-09-12c
0.9858358492998981,130.79402874724565,2026-09-12c
0.8572542426437791,0.369471309097702,2026-09-12c
0.7400067127052672,0.3178853460488325,2026-09-12c
0.8952969352932876,0.3740038393873792,2026-09-12c
0.7700831550524125,0.11818634807189787,2026-09-12c
0.8290644115860828,0.26254497344289485,2026-09-12c
0.559486464558585,0.4451443890321184,2026-09-12c
0.385294510713775,0.5978537156131216,2026-09-12c
0.730980824131939,0.2705051679333638,2026-09-12c
0.9587361385090303,0.09296437442409981,2026-09-12c
0.8623950145283515,1.1645377850377499,2026-09-12c
0.6125417995550348,0.33201506783636264,2026-09-12c
0.49293812933608294,0.46627065895243314,2026-09-12c
0.4348643073939227,1.2837138891579458,2026-09-12c
0.9080205582730654,0.5054325317107538,2026-09-12c
0.7973225020383518,0.3140889914783115,2026-09-12c
0.67073737392165,0.4757277367922284,2026-09-12c
0.856182801924695,0.5657586003473993,2026-09-12c
0.5577958740373112,0.9691287328133975,2026-09-12c
0.49646712274057603,0.7221254241779923,2026-09-12c
0.9995594987722137,1.5671869300909516,2026-09-12c
0.6400500998765178,0.21106014241845192,2026-09-12c
0.9894544511994617,0.9635215950479036,2026-09-12c
0.46923397748205914,1.6323311925779143,2026-09-12c
0.4237104833446119,0.7049902483195133,2026-09-12c
0.9977235034830829,0.8199632596563255,2026-09-12c
0.9273219544880978,0.02127163586011325,2026-09-12c
0.16700405358052842,1.5778673798947616,2026-09-12c
0.9989707498293804,2.538113603429032,2026-09-12c
0.8329306841123042,0.3773257578256346,2026-09-12c
0.7450639304270347,0.5038049568599466,2026-09-12c
0.9978626050310667,0.4052847550870968,2026-09-12c
0.6946171672509702,0.41865342477489553,2026-09-12c
0.6031615163710058,0.1221080529686416,2026-09-12c
0.35222909554830906,2.563626134474222,2026-09-12c
0.7810150488636466,0.20791702164787645,2026-09-12c
0.9997955030137947,5.205668849876401,2026-09-12c
0.4840065186672138,1.6358853977009462,2026-09-12c
0.9153364609936698,0.9551321559699646,2026-09-12c
0.5872392650021838,1.3947319251433625,2026-09-12c
0.7709342996238232,0.7138172043879841,2026-09-12c
0.4486824048193216,0.2993008762383467,2026-09-12c
0.9569803298813438,0.8703659795971482,2026-09-12c
0.686676814707057,1.8803590464510578,2026-09-12c
0.8922529089674427,0.0894774299020283,2026-09-12c
0.42906562989576597,3.23284840292857,2026-09-12c
0.8009481466217392,0.20773750214473033,2026-09-12c
0.4614046163987563,0.8281218459424273,2026-09-12c
0.9593611843465086,12.290420413333988,2026-09-12c
0.504372730836083,0.8363900947772188,2026-09-12c
0.7198474723521096,0.26661395189291154,2026-09-12c
0.6533330021923421,0.36185314767812277,2026-09-12c
0.8483383754239924,0.7284652424922949,2026-09-12c
0.9823715621119008,0.6879633122142153,2026-09-12c
0.8396830625152709,0.9720784403490138,2026-09-12c
0.5305535013900048,0.4099879531716541,2026-09-12c
0.3580879117114799,0.9452553490514294,2026-09-12c
0.9316335979563894,0.47009476760880314,2026-09-12c
0.6221069961024318,0.648275977530301,2026-09-12c
0.5718214450008605,0.805851653312673,2026-09-12c
0.4897693529953908,0.7265918649600311,2026-09-12c
0.4639349488986314,0.5481843322050635,2026-09-12c
0.8668793610383163,0.7970224799997536,2026-09-12c
0.7690488052981047,0.2482411739212602,2026-09-12c
0.6376995162927689,0.9553365264029536,2026-09-12c
0.9999425272518305,0.00010652624110390262,2026-09-12c
0.8649783449251413,0.0754534676120357,2026-09-12c
0.3859316082624331,0.619660478563435,2026-09-12c
0.9984845814706103,0.9921405849345127,2026-09-12c
0.926478029248546,0.8243786806097578,2026-09-12c
0.6045249004957072,0.34280392127446996,2026-09-12c
0.9952577292067594,0.9940708439951311,2026-09-12c
0.9409063983433019,0.5160281606393596,2026-09-12c
0.5541131579707961,0.8538299223354645,2026-09-12c
0.9766904289662386,0.9608953791801111,2026-09-12c
0.8938019988606706,0.10474915008066442,2026-09-12c
0.9938866717331526,0.9890740402643105,2026-09-12c
0.27068739180774143,1.909187386044694,2026-09-12c
0.571546921232496,1.0647908224165663,2026-09-12c
0.8804764399574816,0.7318484412233389,2026-09-12c
0.6336481797872796,0.7172518352101241,2026-09-12c
0.69703074842533,0.3770763427727888,2026-09-12c
0.9882544051606729,20.748822777439553,2026-09-12c
0.680106617237164,0.8290961963187038,2026-09-12c
0.6696055930740648,0.8863878352539121,2026-09-12c
0.7592953682311667,0.707304143617663,2026-09-12c
0.6833872992176349,0.2805212751947412,2026-09-12c
0.4304705268519813,0.5596263096163321,2026-09-12c
0.29913713350397053,2.3469027646577105,2026-09-12c
0.44272076878452493,1.3573934403031531,2026-09-12c
0.9557499268188526,0.37557258159963147,2026-09-12c
0.5889362850250983,0.6816146345328736,2026-09-12c
0.7705497085164417,0.3331317893260641,2026-09-12c
0.6457288368760498,0.6770320600697532,2026-09-12c
0.7343941321455579,0.44695208154804306,2026-09-12c
0.3559611894061288,1.370000702904117,2026-09-12c
0.8274930181726645,0.22469249752508366,2026-09-12c
0.9286016299945463,0.8689618424692656,2026-09-12c
0.6375099631779818,1.4648839753843668,2026-09-12c
0.9972427268872157,0.9508775309577938,2026-09-12c
0.7940279268522964,0.19594147437552387,2026-09-12c
0.7786011914524544,0.5469694359399764,2026-09-12c
0.7932039028448475,0.6991275278851266,2026-09-12c
0.7395971981104101,0.283805726057393,2026-09-12c
0.4726457179554358,9.013277104012442,2026-09-12c
0.6640304578189905,0.46036525009815243,2026-09-12c
0.562087955775668,0.8456014187451221,2026-09-12c
0.48003581584479144,1.5177878163274159,2026-09-12c
0.5442433507248795,0.29497384165457036,2026-09-12c
0.8060184721827734,0.4806942900891032,2026-09-12c
0.20614793128089684,3.2707821599104543,2026-09-12c
0.9721280009200113,0.7895823497150878,2026-09-12c
0.7394838085474198,0.5126522684134637,2026-09-12c
0.9114912194973546,0.8890680655135732,2026-09-12c
0.8745171019920854,0.06099798977231155,2026-09-12c
0.6928194844688468,0.3375076133648352,2026-09-12c
0.9102122683899404,0.15568526763694057,2026-09-12c
0.8515713589443339,0.4481932454243178,2026-09-12c
0.6430428988459035,8.26991096296682,2026-09-12c
0.879932486579668,0.5707045287230944,2026-09-12c
0.5354818548402718,1.0062513158661928,2026-09-12c
0.6869651591838289,0.5765508115064445,2026-09-12c
0.9975703642926437,1.089932278956277,2026-09-12c
0.6638914002559442,0.6391618637002885,2026-09-12c
0.8901879523578384,0.43769110148578344,2026-09-12c
0.646480205793577,0.2685953811952676,2026-09-12c
0.5606983091737412,0.47929072719859045,2026-09-12c
0.9558408200571824,0.5801246284238595,2026-09-12c
0.961162688061798,0.8041122521076426,2026-09-12c
0.768480022248504,0.35476188958263233,2026-09-12c
0.4507464298557309,1.2673971807814162,2026-09-12c
0.9948143642808979,0.9964905198316234,2026-09-12c
0.6320817168562111,0.13125110003701362,2026-09-12c
0.8547848625760414,0.1438839030950924,2026-09-12c
0.9996165579028214,0.8631041808417284,2026-09-12c
0.9164686892666399,0.1274775916052636,2026-09-12c
0.853899658648682,0.503247381849864,2026-09-12c
0.4553518814384056,1.150346808206556,2026-09-12c
0.7887908347334337,0.2975108184979384,2026-09-12c
0.7426189948244966,0.5241267555221419,2026-09-12c
0.31941118254917944,1.3174644597375,2026-09-12c
0.46385117784676555,2.3685984343708557,2026-09-12c
0.4212188872141372,2.0275033423573308,2026-09-12c
0.8822485979815935,0.36972386038107347,2026-09-12c
0.7841513024366918,0.45362672438633406,2026-09-12c
0.8166000754847056,1.564607684572946,2026-09-12c
0.3561392001855336,3.747079589443311,2026-09-12c
0.9869408921841761,11.172981575082211,2026-09-12c
0.8563421046550447,0.8964809849626527,2026-09-12c
0.8268378301583723,0.4229556594769874,2026-09-12c
0.7044469898164393,0.4987554935750813,2026-09-12c
0.3373493419439119,2.6520453887401025,2026-09-12c
0.7371013786906031,0.34165758061041535,2026-09-12c
0.7821866194395066,0.7759808200736747,2026-09-12c
0.9181630832858848,0.7346711170849954,2026-09-12c
0.5752768360187218,0.6569946714411414,2026-09-12c
0.9625949689572442,1.6304586909974939,2026-09-12c
0.8896021685414011,0.6973060545428154,2026-09-12c
0.5862979112265102,2.1167116022291643,2026-09-12c
0.519787688461015,0.4692643562583253,2026-09-12c
0.7644973631627002,0.15012927534922596,2026-09-12c
0.4606788897748373,1.714153582147043,2026-09-12c
0.5385121429811244,0.6440263666005596,2026-09-12c
0.6848318054821912,0.32394438659002367,2026-09-12c
0.39273473545294024,0.23285846279484154,2026-09-12c
0.6072699155502338,0.8798155346748268,2026-09-12c
0.967543569186114,0.7747960497982092,2026-09-12c
0.6668564837117817,0.6044000639549336,2026-09-12c
0.6113364017058597,0.42501898586535536,2026-09-12c
0.639347943601849,8.975425024425682,2026-09-12c
0.9240776844293329,0.6922939334234299,2026-09-12c
0.7237595870902253,0.15864801891711466,2026-09-12c
0.5205534888763633,0.555916006295838,2026-09-12c
0.8438445389728416,0.7480300347867654,2026-09-12c
0.6959534564631176,0.3769308420731414,2026-09-12c
0.5683757756020644,0.6666429577223655,2026-09-12c
0.9227723725974811,0.6662470991213736,2026-09-12c
0.43728623016077967,2.2958887202806664,2026-09-12c
0.9681591490919403,0.7690983565630315,2026-09-12c
0.8519129370086697,0.39307653710179513,2026-09-12c
0.7564533594797213,1.021022922342072,2026-09-12c
0.4447066547822834,2.789665407941901,2026-09-12c
0.7089395559668196,0.5799555104572769,2026-09-12c
0.9636607762577479,0.6551059333557657,2026-09-12c
0.5613236760465123,0.5318646890579102,2026-09-12c
0.5646755526631001,1.300629862596541,2026-09-12c
0.8292259272282236,2.4901077500980873,2026-09-12c
0.9207841524878003,0.2288842731033227,2026-09-12c
0.6698340000189934,0.6703316071107928,2026-09-12c
0.7385622468557552,1.8011520797856706,2026-09-12c
0.5716904497694963,1.1550059535034676,2026-09-12c
0.7858139953861991,1.0405804524544542,2026-09-12c
0.7174472036083099,0.5029891729625859,2026-09-12c
0.7495115724624294,0.1699366052598837,2026-09-12c
0.3912037756038756,1.5016850625938662,2026-09-12c
0.97018574048733,0.10108264722896548,2026-09-12c
0.647278614627266,0.23311139247657592,2026-09-12c
0.9998919235484099,0.9420259148584352,2026-09-12c
0.865475043949282,0.11890185757784731,2026-09-12c
0.48723864443374953,1.0269954862527135,2026-09-12c
0.9262470292109857,0.3329284533975286,2026-09-12c
0.9942624225984638,401.29177994947344,2026-09-12c
0.9947457665906843,1.8381645245424354,2026-09-12c
0.5587661031575691,1.5717289943167305,2026-09-12c
0.7862360640464017,0.6494062903606127,2026-09-12c
0.5024888947909515,0.7821752546445337,2026-09-12c
0.999284482206723,2.7686573161477424,2026-09-12c
0.9994289860245297,1.9970272126844608,2026-09-12c
0.5059792046851179,1.5751198860094318,2026-09-12c
0.5903650948525279,1.7912130458997337,2026-09-12c
0.32657176974557733,0.45648822960023583,2026-09-12c
0.7864141326491848,0.18486598507259278,2026-09-12c
0.701797097883127,1.269398845157027,2026-09-12c
0.9961070788363994,0.25940499563336894,2026-09-12c
0.802547662744926,0.3294156850349517,2026-09-12c
0.38048930354717225,1.8623850583455244,2026-09-12c
0.9988180446881635,36.13846956045148,2026-09-12c
0.9006047632834455,0.20175124692846608,2026-09-12c
0.5287218559291849,1.0096101978288639,2026-09-12c
0.9962517415536234,0.9897425291269407,2026-09-12c
0.8008030669954126,0.703132245518323,2026-09-12c
0.893069059120129,0.021274064217439072,2026-09-12c
0.5716293767981149,0.5308868377482143,2026-09-12c
0.9714588420638202,0.009414865495986776,2026-09-12c
0.4571974308508473,2.2600649342180748,2026-09-12c
0.899766889423916,1.4408463700855312,2026-09-12c
0.9357294516893935,0.6792028128931069,2026-09-12c
0.4906965676097575,0.3734686368310044,2026-09-12c
0.7840163096816107,2.259243488678609,2026-09-12c
0.981083710719971,0.9610792686026787,2026-09-12c
0.33223497064560603,1.876518228648894,2026-09-12c
0.7504455329793478,0.5297970535298585,2026-09-12c
0.7251954159876972,0.4297434688785172,2026-09-12c
0.8371259452977765,0.6559466502590479,2026-09-12c
0.5379708132958609,0.8439341527096111,2026-09-12c
0.3883590941352792,3.187881831123828,2026-09-12c
0.8398084152353449,0.3877501910809646,2026-09-12c
0.8045537396606836,1.181079488691138,2026-09-12c
0.9776070398121852,0.6126881501455139,2026-09-12c
0.6017928191609316,0.9854565868616065,2026-09-12c
0.8914141754473448,0.40307755215103963,2026-09-12c
0.5441238977625062,0.7006564247443043,2026-09-12c
0.4395616235722171,0.42998562055448614,2026-09-12c
0.6545450012044068,0.36745582583544506,2026-09-12c
0.5590555525627708,0.9177873527958362,2026-09-12c
0.6462200147563448,0.6222289507166167,2026-09-12c
0.47468306121102566,0.8097447008037377,2026-09-12c
0.6522241222369741,0.4890584132957349,2026-09-12c
0.8124176039986655,0.8872539688873554,2026-09-12c
0.3344524631665386,1.0866153252039954,2026-09-12c
0.7622823591786346,0.5463825636752054,2026-09-12c
0.9459245651264573,10.411094438467664,2026-09-12c
0.9985992225343535,0.9977230097708811,2026-09-12c
0.414552509795821,5.465991584759305,2026-09-12c
0.5028228161309201,0.2283773808134099,2026-09-12c
0.7502359458548021,0.20970431507023007,2026-09-12c
0.5544592798476119,1.9397367404499004,2026-09-12c
0.999896976858684,595.4728659865383,2026-09-12c
0.9135773324230915,0.4952750557015516,2026-09-12c
0.986693427587049,0.01162803177476762,2026-09-12c
0.7997282710696392,1.0579176883201709,2026-09-12c
0.481484760322388,1.2374103136870742,2026-09-12c
0.9063583407039979,0.8484795836671625,2026-09-12c
0.9158245472929242,0.8420480347503148,2026-09-12c
0.8299902172487659,0.49404005229506187,2026-09-12c
0.5765947889436326,0.7835994852003765,2026-09-12c
0.6295944375277682,0.60119450390978,2026-09-12c
0.8371642605528329,0.4149851479333353,2026-09-12c
0.9190127079285464,0.1507176286378932,2026-09-12c
0.5033833723708828,0.18470336312790425,2026-09-12c
0.9252458707913537,0.43340425564179985,2026-09-12c
0.9994124176924494,0.8652089936189388,2026-09-12c
0.46356573919853294,3.782356124306984,2026-09-12c
0.9075242064996981,0.41022581091678284,2026-09-12c
0.8249431335227506,0.8632545454505038,2026-09-12c
0.7086381787489527,0.4413400580823336,2026-09-12c
0.7533550533233223,0.5251638602278663,2026-09-12c
0.8166769428122126,1.9713497806609872,2026-09-12c
0.7134118564213527,0.2366909151494228,2026-09-12c
0.9152763335623091,0.1431761895499924,2026-09-12c
0.5847586106744477,1.4591802163671026,2026-09-12c
0.9014421523501416,0.23717754071361757,2026-09-12c
0.9842880773890763,0.009418002817265486,2026-09-12c
0.3296435824248605,4.439917201221044,2026-09-12c
0.5305526250798962,0.7117115599900526,2026-09-12c
0.5952804584915019,0.49725835564254567,2026-09-12c
0.7780768447020067,1.3228141303770318,2026-09-12c
0.9992636597361735,0.6476316068409652,2026-09-12c
0.33973979826391565,0.03409691177123929,2026-09-12c
0.4799269451010541,1.2353368400658846,2026-09-12c
0.7066455983321765,0.5477413540512974,2026-09-12c
0.9082540698676443,0.9219160739824611,2026-09-12c
0.48560887063163655,0.8837017438243032,2026-09-12c
0.6026064259792169,0.3338118666601035,2026-09-12c
0.9911945132990927,0.950955026761606,2026-09-12c
0.7393235762296143,1.7313037336170445,2026-09-12c
0.9985530126522618,0.9947585714551572,2026-09-12c
0.9834834076230131,43.3437275725086,2026-09-12c
0.8053480115879609,0.6149528039009126,2026-09-12c
0.8451046818049682,1.4894773073099306,2026-09-12c
0.8205208235299422,0.1598202032316783,2026-09-12c
0.6061586725421529,0.31922321224721023,2026-09-12c
0.25195895134926277,3.3563486203828776,2026-09-12c
0.4554931407597681,0.6112602172786683,2026-09-12c
0.8156498853459927,0.305089241094051,2026-09-12c
0.961727662939805,0.6549427925129381,2026-09-12c
0.639836357319251,6.903457893771519,2026-09-12c
0.5461136560078211,1.2181828180199588,2026-09-12c
0.6784783415018015,0.7977364352991444,2026-09-12c
0.5722155640043011,0.6810106255485453,2026-09-12c
0.831588769422622,0.729543012493887,2026-09-12c
0.9993983379146743,0.9997634609113514,2026-09-12c
0.4290546063903303,4.0580513552964845,2026-09-12c
0.7279131305928792,0.3457528463917875,2026-09-12c
0.7882751360306897,0.23326157079228543,2026-09-12c
0.5702861479655963,0.5756964758690988,2026-09-12c
0.9816523839945709,1.8507544807412337,2026-09-12c
0.8397588682186529,0.2505790506739054,2026-09-12c
0.9916550476138282,117.76052738015929,2026-09-12c
0.3728289446817107,1.03159503353973,2026-09-12c
0.9821976622100957,0.6223690958745541,2026-09-12c
0.8874814448542678,1.3217567491585147,2026-09-12c
0.6243229621788129,0.44074838765542657,2026-09-12c
0.6622761520100919,0.3434906717475087,2026-09-12c
0.5524473320561849,0.2050003603745034,2026-09-12c
0.5391969129117538,0.5274837883102209,2026-09-12c
0.30166841468075006,1.625081874184735,2026-09-12c
0.9213614309953652,0.06273020120618851,2026-09-12c
0.6598985272938858,2.5537166409224397,2026-09-12c
0.8408342289294128,0.7607651061516791,2026-09-12c
0.47587885106614325,0.26882844021055613,2026-09-12c
0.9796291507041287,36.65738615154008,2026-09-12c
0.2796645026534031,1.301617847870784,2026-09-12c
0.8225833327095199,0.21342281446429628,2026-09-12c
0.8164813932407635,0.40105651839518336,2026-09-12c
0.7225741360327514,0.3359265009324183,2026-09-12c
0.9139466393641585,0.6213403624542687,2026-09-12c
0.37677609311068117,0.5342523975802469,2026-09-12c
0.9984373139849211,0.4399554500953082,2026-09-12c
0.8615811260919413,0.466416977481467,2026-09-12c
0.9420302308617549,0.02012765366451963,2026-09-12c
0.8735769121208246,1.099231535451618,2026-09-12c
0.8275541356418347,0.5466629287268058,2026-09-12c
0.5801175891222594,0.3921511963295871,2026-09-12c
0.5114094753148603,0.6649962749265672,2026-09-12c
0.7440814167444841,0.770512414127024,2026-09-12c
0.8500809906604677,0.4468607328733947,2026-09-12c
0.59058407642924,0.5885845105647678,2026-09-12c
0.28418630261360434,0.7694297787747786,2026-09-12c
0.6551331515511621,0.9281241685821772,2026-09-12c
0.5633917184652949,0.6114404765277861,2026-09-12c
0.8095852093097455,0.06560112180377342,2026-09-12c
0.46339513286518913,0.5006645026158574,2026-09-12c
0.9987986514962276,226.4394321251057,2026-09-12c
0.46918367131394284,1.3604969399044147,2026-09-12c
0.8535589871867164,1.4761423040110129,2026-09-12c
0.38585266838706067,1.9850784113651017,2026-09-12c
0.9914415073184067,0.9948847176259805,2026-09-12c
0.8814001535702404,0.9427994324009041,2026-09-12c
0.4980684626782773,1.3802820634249513,2026-09-12c
0.9999240464911762,3.541439222653409e-05,2026-09-12c
0.8494431928107792,1.1365167732691812,2026-09-12c
0.9821606060651377,0.9498725327510654,2026-09-12c
0.4564881591067952,0.44055754783567735,2026-09-12c
0.9945486450639682,0.9752443667678614,2026-09-12c
0.4487840784371419,1.4836428511220134,2026-09-12c
0.5972026758883389,0.2552189753890944,2026-09-12c
0.5807263622149068,1.3334727724168964,2026-09-12c
0.9136040854569596,0.20452866963809807,2026-09-12c
0.5547415421131762,0.7949647264645288,2026-09-12c
0.8092043007744464,0.4889213490223587,2026-09-12c
0.7281628498852244,0.6951948778857654,2026-09-12c
0.48706071589547095,1.2166557639528726,2026-09-12c
0.633379003244026,0.8342990781581228,2026-09-12c
0.9241128912031418,0.945105320185435,2026-09-12c
0.39768243215939564,0.970511663158038,2026-09-12c
0.9944526944864265,0.9328573317016439,2026-09-12c
0.643579399577493,0.48035391037124575,2026-09-12c
0.3205110608805198,2.27388303376776,2026-09-12c
0.24428059571754196,1.4385180334338388,2026-09-12c
0.9957171042617436,0.9215374211903401,2026-09-12c
0.44237780564106716,0.150626066733958,2026-09-12c
0.9363312683196967,0.18861744272894163,2026-09-12c
0.5739648818121725,1.041164415701496,2026-09-12c
0.7437699503878167,0.15393598233584802,2026-09-12c
0.8323730341266704,0.3263477687603856,2026-09-12c
0.5085411139410698,1.2952557137099714,2026-09-12c
0.999319393042324,16.4795530998528,2026-09-12c
0.7706167085226164,0.8742693827376227,2026-09-12c
0.4922780584447354,0.8274930595600769,2026-09-12c
0.615174345372406,0.6140888232416033,2026-09-12c
0.7263288143557622,0.5847994407679654,2026-09-12c
0.8666030625049322,0.07428364696608211,2026-09-12c
0.7358862323421762,1.252833867814943,2026-09-12c
0.6277409443503607,0.4314967887101761,2026-09-12c
0.9429240254125433,0.7200472831940021,2026-09-12c
0.8626695645184419,0.8265704756183373,2026-09-12c
0.5443163040986537,0.564802916071908,2026-09-12c
0.5468882774482693,0.6905723411339408,2026-09-12c
0.6933565010019489,2.102732941941921,2026-09-12c
0.610888829446336,0.3299831066718596,2026-09-12c
0.9214753992293918,2.4856120983100167,2026-09-12c
0.8240648872998674,0.0264315321221533,2026-09-12c
0.5491274055443579,0.31382876935963244,2026-09-12c
0.40907329611460064,0.7275022737609403,2026-09-12c
0.8194957585664101,0.9469179321972258,2026-09-12c
0.4912221826448327,1.3871653086302862,2026-09-12c
0.7192248568927929,0.35580435933102816,2026-09-12c
0.39046054063313673,1.944522951748986,2026-09-12c
0.5308083917348563,1.1618103588945887,2026-09-12c
0.852078669932096,0.41483084911287194,2026-09-12c
0.9992278862995396,0.7937851400243796,2026-09-12c
0.9143852059338573,1.7834144617526657,2026-09-12c
0.7762700209165151,0.4985492211061308,2026-09-12c
0.9930951279716611,0.9970658618718353,2026-09-12c
0.5384140456128697,1.3114858034029842,2026-09-12c
0.9283376191903642,0.6379585139221258,2026-09-12c
0.6614100404799258,0.43341218170202805,2026-09-12c
0.9889731032058385,0.9611439518923499,2026-09-12c
0.5824428508888511,0.9106076450473962,2026-09-12c
0.9334003188593452,0.06647281443511611,2026-09-12c
0.9999385183788495,0.42593320545056645,2026-09-12c
0.9983129633332771,2.6988911472077626,2026-09-12c
0.9745901860345969,0.021033787444693537,2026-09-12c
0.39761250786665153,1.2177659707234043,2026-09-12c
0.43108692420771827,2.596444488985788,2026-09-12c
0.8285654581579679,0.33594602864824674,2026-09-12c
0.5501023608509953,0.3624166272406693,2026-09-12c
0.43116313152763075,0.5131780128293082,2026-09-12c
0.9074596402625735,0.8219176213827885,2026-09-12c
0.48181232618724623,0.2877229767839626,2026-09-12c
0.41005472942281895,1.0507826545217747,2026-09-12c
0.9196265176841192,2.524581229889402,2026-09-12c
0.2927858446754799,0.7648244856499762,2026-09-12c
0.4553729230113787,0.4437765686754438,2026-09-12c
0.3423389690765324,0.7719942709590636,2026-09-12c
0.5950786664598205,0.13913280559514604,2026-09-12c
0.4548762546044584,4.5381623152714035,2026-09-12c
0.7274709780018082,0.2038951626621793,2026-09-12c
0.4084309749329869,0.42201774896692973,2026-09-12c
0.987484692012626,0.7265910825944218,2026-09-12c
0.966010624110484,0.9433364008187698,2026-09-12c
0.4542167893977035,0.6102546245561082,2026-09-12c
0.4014879030584633,0.4023688596932424,2026-09-12c
0.2579296216622443,0.5705280140871838,2026-09-12c
0.42973734313210593,0.5070376005061716,2026-09-12c
0.7665009177777549,0.08628356474571064,2026-09-12c
0.8426064709736426,0.8951281148229011,2026-09-12c
0.9001234799340867,0.5204893524426643,2026-09-12c
0.4184588430072363,0.18158521418656376,2026-09-12c
0.4563387459324461,0.4537429563774051,2026-09-12c
0.9392787258398869,0.4624999474674546,2026-09-12c
0.3662957323251317,2.9607222202496364,2026-09-12c
0.4743341424918968,0.32096820118142233,2026-09-12c
0.5814245665499096,0.5884713279319451,2026-09-12c
0.44715314132230216,0.21942562346606723,2026-09-12c
0.4247343040468438,0.5490179803937014,2026-09-12c
0.5473356872745757,0.34216888943440205,2026-09-12c
0.39682367569718524,0.9570681163537051,2026-09-12c
0.8581004329663166,0.28151746017856943,2026-09-12c
0.4295699356384789,0.859619006573059,2026-09-12c
0.5101827662400443,0.43295015714938284,2026-09-12c
0.41129513992459293,1.1777081434348382,2026-09-12c
0.3558141371126266,1.2923279964298964,2026-09-12c
0.7762874761166954,0.09274804921312217,2026-09-12c
0.9993785391304236,3628.488141468754,2026-09-12c
0.9288095614196022,0.8409293415171579,2026-09-12c
0.33381402977370506,0.6046640096534306,2026-09-12c
0.7984360078508829,0.7364038296092004,2026-09-12c
0.40639572182242967,0.14578197900989445,2026-09-12c
0.9443344125572473,0.1988283717479904,2026-09-12c
0.39583335819457743,0.9006584526435264,2026-09-12c
0.41696925005171714,0.5151655967143406,2026-09-12c
0.99642572621701,0.8488272410903809,2026-09-12c
0.9933765071619746,0.8774496515194194,2026-09-12c
0.8230160012264737,0.2690166931427558,2026-09-12c
0.6112971744015195,0.074202816590975,2026-09-12c
0.5197324093580937,0.5986513146908573,2026-09-12c
0.4958943639225871,0.798436701730546,2026-09-12c
0.4592261553923072,0.5073329059365728,2026-09-12c
0.8290008988240397,0.09653739224589189,2026-09-12c
0.5520584233425345,1.0996060178642908,2026-09-12c
0.4515687466216582,0.42716967812677253,2026-09-12c
0.4205271010599795,0.5122991620033399,2026-09-12c
0.36884545612835046,0.7595235697583242,2026-09-12c
0.8382720520809308,0.16980974764764764,2026-09-12c
0.4185816326310829,0.32409663321858656,2026-09-12c
0.3219720207047176,0.8140215183207464,2026-09-12c
0.9974986664900746,0.9895823324649938,2026-09-12c
0.9456159539724971,35.6660522349134,2026-09-12c
0.3742210730799144,1.1425650976277748,2026-09-12c
0.9338433983668678,0.3926760517582231,2026-09-12c
0.45901529060681084,0.5010166545971729,2026-09-12c
0.9994608094316437,0.9001121390762189,2026-09-12c
0.34104436015706274,0.5294032058597269,2026-09-12c
0.3932536879016804,0.7484173527318885,2026-09-12c
0.478249973209989,0.14922589790982554,2026-09-12c
0.2872946034403666,0.6974841185328877,2026-09-12c
0.8987129884858415,0.7335056322845709,2026-09-12c
0.7957102248360032,0.4002804946168887,2026-09-12c
0.4684892858210877,0.548885154512772,2026-09-12c
0.9087202928259169,0.23959068488165114,2026-09-12c
0.7822555892202173,0.32730410502757357,2026-09-12c
0.5168942308960582,0.3223487562689412,2026-09-12c
0.382637605713176,1.0050771123798783,2026-09-12c
0.44539400252861494,0.4185414065230372,2026-09-12c
0.3352079515626568,0.25267738931703415,2026-09-12c
0.31089467190739845,0.12019990809351012,2026-09-12c
0.17920281039885247,4.644600376864576,2026-09-12c
0.25520399070669536,1.4010006954635428,2026-09-12c
0.6678997901138304,0.11427421289983478,2026-09-12c
0.9453290407407258,0.7249713476192522,2026-09-12c
0.730671628066784,0.0729731845710106,2026-09-12c
0.6002919951072232,1367.0673422782431,2026-09-12c
0.574135400544828,0.36005750734824665,2026-09-12c
0.40161986830307667,1.0476875621869817,2026-09-12c
0.38743966224501,1.0223457110459169,2026-09-12c
0.8044175736898082,0.5364794673123366,2026-09-12c
0.3894272385686044,0.28912971924752506,2026-09-12c
0.5910227933218563,0.20399523496797867,2026-09-12c
0.31797716876673177,0.4943682797881364,2026-09-12c
0.3771741000874491,1.055383752202308,2026-09-12c
0.25957829136511007,0.2682034034625356,2026-09-12c
0.45538751627873386,0.25368232596772616,2026-09-12c
0.9253480522988308,0.788925959264783,2026-09-12c
0.588054575433425,0.5160918687116235,2026-09-12c
0.35532018311362873,0.7747495996575527,2026-09-12c
0.44234691368783613,0.4899650115662347,2026-09-12c
0.6435139927187064,0.018817351475759768,2026-09-12c
0.9903106908451236,0.9883106467127263,2026-09-12c
0.40828380080932414,0.4887035210840522,2026-09-12c
0.9993585068987959,2.7136246286978434,2026-09-12c
0.3859757846547749,0.31111742216782373,2026-09-12c
0.4372042738577455,0.75788268789797,2026-09-12c
0.3404839541683679,0.4395011237072291,2026-09-12c
0.3887897259652917,0.44282048884067754,2026-09-12c
0.4089803591447908,1.0844708708080684,2026-09-12c
0.8629686384434593,0.3488850520794158,2026-09-12c
0.4114249652925268,0.5072638465630495,2026-09-12c
0.9969106605607951,7.592661407110856,2026-09-12c
0.3207074154068148,1.203217451014806,2026-09-12c
0.999681545337634,0.8370526380529162,2026-09-12c
0.5374701945790994,0.2654659612478177,2026-09-12c
0.4372443839427828,0.1935959003788585,2026-09-12c
0.9459741855650127,0.32373391708969546,2026-09-12c
0.9820059119722371,1.1794145895247832,2026-09-12c
0.9573955707190898,5.021070761557489,2026-09-12c
0.3748427005182968,0.30819623722071826,2026-09-12c
0.9455424991153685,0.9060148100502766,2026-09-12c
0.49886529320312817,0.5740280739006053,2026-09-12c
0.5870043361891163,1.790111825290319,2026-09-12c
0.40186027883994546,0.33188196587584545,2026-09-12c
0.48139064953310273,0.1839753205325479,2026-09-12c
0.5175894330917759,0.4738035275588259,2026-09-12c
0.34176546752747095,0.8351212453816657,2026-09-12c
0.981969386492231,1.1440690358222216,2026-09-12c
0.8791537631062533,0.1427594112488394,2026-09-12c
0.4775397957040463,0.3406344331884476,2026-09-12c
0.5822542338739372,0.18056044436786414,2026-09-12c
0.36829924065031855,0.5353419826086022,2026-09-12c
0.48560891276774354,0.6399042441861061,2026-09-12c
0.9975196673057498,0.9462699159003817,2026-09-12c
0.7769799483285317,0.10370689571222351,2026-09-12c
0.9982661825305607,0.9854087760252627,2026-09-12c
0.37361827070256637,0.2078699747691274,2026-09-12c
0.38647866210025356,0.6677628916888939,2026-09-12c
0.9861873865003042,1.61427453635486,2026-09-12c
0.3896345806396035,0.5748330983411262,2026-09-12c
0.42201065529550474,0.3510443191444888,2026-09-12c
0.3948494126880726,0.2146609521734738,2026-09-12c
0.4663974687213484,0.6845491769460555,2026-09-12c
0.3769676561035768,0.28293722342951705,2026-09-12c
0.8168656261237631,0.7132897422574089,2026-09-12c
0.9432329720478998,0.3516067641585692,2026-09-12c
0.9870620271031806,0.0017708190362097109,2026-09-12c
0.38533074938651696,0.6718494994288963,2026-09-12c
0.548963052399843,0.2650553368475536,2026-09-12c
0.37839064934241157,0.798211070913705,2026-09-12c
0.3852592317873619,0.6562538473427089,2026-09-12c
0.9882533958569965,0.9680798184162218,2026-09-12c
0.4537759345502163,0.2537997788681163,2026-09-12c
0.3503029057458414,0.7876629756082787,2026-09-12c
0.3919611684082131,0.3971369475409914,2026-09-12c
0.9162716277920065,0.03270929408751816,2026-09-12c
0.7051824412667471,0.32416852152623016,2026-09-12c
0.4424881468560984,0.2934866809736971,2026-09-12c
0.999545461155369,0.8117472536955918,2026-09-12c
0.47330869953154864,0.6249580650258284,2026-09-12c
0.48441593087604284,0.5276939380225267,2026-09-12c
0.6199607855549089,0.29480528805615,2026-09-12c
0.6282428187461235,0.3275740067883323,2026-09-12c
0.9052324038542341,1.0516835558968536,2026-09-12c
0.9832584297356618,0.4698982832176981,2026-09-12c
0.33804371528190535,0.24215749349064802,2026-09-12c
0.38130351370912463,0.49340175363344485,2026-09-12c
0.8419822686469817,0.620781857750602,2026-09-12c
0.9843621331494138,0.8597875555808695,2026-09-12c
0.28116654428003934,1.1986936046651393,2026-09-12c
0.5253101166776923,0.2866496599998126,2026-09-12c
0.7416692080260663,0.7967187331896801,2026-09-12c
0.4306812789096685,0.14466920454763707,2026-09-12c
0.9592489958694903,0.9653564510692836,2026-09-12c
0.6143791164547566,0.11842782408412503,2026-09-12c
0.4449485533821103,0.9826870749639612,2026-09-12c
0.9557607462119077,1.0762579087337354,2026-09-12c
0.9115901852350698,0.30938549433752915,2026-09-12c
0.9781631098382175,0.92220555761205,2026-09-12c
0.480241817380073,0.3605816314677114,2026-09-12c
0.24968897791863442,2.6833610395783483,2026-09-12c
0.37693170216885913,1.010627988705254,2026-09-12c
0.49800240939141993,0.5116325738832845,2026-09-12c
0.4120129520488831,1.6596628228583417,2026-09-12c
0.3434415560100112,0.386723128529883,2026-09-12c
0.9102981708527516,0.07722549102191914,2026-09-12c
0.43916506718430665,0.25681024976701944,2026-09-12c
0.9545086846584284,0.9489344017281389,2026-09-12c
0.42850308161294676,0.2742540956487752,2026-09-12c
0.31563250171967205,0.5161619691399775,2026-09-12c
0.9013910138170529,0.019938829756183434,2026-09-12c
0.467993703308593,0.29801594484551863,2026-09-12c
0.280394944025815,1.7305325002140464,2026-09-12c
0.33463823969136675,0.37628920383779824,2026-09-12c
0.41522915766029955,0.7328268912131305,2026-09-12c
0.4248673338561526,0.33242794861412417,2026-09-12c
0.5037111683796367,0.17258171303805553,2026-09-12c
0.8672216506217514,0.023290769675251167,2026-09-12c
0.6655211062338796,1.3708163685348758,2026-09-12c
0.2584444513591833,0.7876593373878416,2026-09-12c
0.36348909849706357,0.588459009987636,2026-09-12c
0.968262154562757,0.783429951551676,2026-09-12c
0.417086958688871,0.33401857421104936,2026-09-12c
0.45902529117476876,0.32818303406849514,2026-09-12c
0.4687844407207376,0.21174806677428598,2026-09-12c
0.4770693873494104,0.2374384192985214,2026-09-12c
0.9841655001346802,0.8961983465448601,2026-09-12c
0.35566072760016204,0.33822638724547827,2026-09-12c
0.5378097089910666,1.0596585057666825,2026-09-12c
0.4044130898559895,242.02315081003118,2026-09-12c
0.6072823499284097,2.1714594794318915,2026-09-12c
0.3368893839644134,0.44833577309548756,2026-09-12c
0.9744194117007828,0.8157157748144949,2026-09-12c
0.4466668000212361,0.1747863996520624,2026-09-12c
0.5047806912660735,0.5440727897624006,2026-09-12c
0.9545997275344247,0.029678645187087148,2026-09-12c
0.8619042360497855,0.05956944870885468,2026-09-12c
0.4749268123587637,0.6347508219056054,2026-09-12c
0.46438275695501285,0.1542790752001221,2026-09-12c
0.45958579011479544,0.3999408064366838,2026-09-12c
0.6429527545103425,0.15745821992121728,2026-09-12c
0.4944133434031082,0.44388330563247336,2026-09-12c
0.6762870006712207,0.27624920026752414,2026-09-12c
0.3510760019989067,0.601821026779154,2026-09-12c
0.3341184224833189,0.8951729239309448,2026-09-12c
0.37033186023811276,0.3363607660652367,2026-09-12c
0.3618256091877712,0.2613878788250579,2026-09-12c
0.7546058289712523,0.20392460681549793,2026-09-12c
0.5958002574113411,0.3824195422851263,2026-09-12c
0.8968761288792857,0.9455150307735815,2026-09-12c
0.5660450034692769,0.343230901265991,2026-09-12c
0.9969044056035619,0.34653063167776804,2026-09-12c
0.5972856481567448,0.19502725883930347,2026-09-12c
0.9858636690784035,85.69903433950542,2026-09-12c
0.452589157205602,0.8288658864262239,2026-09-12c
0.7878790419466462,0.03780199462700797,2026-09-12c
0.2665227633674234,0.5101354534340451,2026-09-12c
0.9798039484138243,0.9571640979119298,2026-09-12c
0.584219593145766,0.2853589335140778,2026-09-12c
0.9992629304498256,0.7525147904185706,2026-09-12c
0.344526723454498,0.5930429356426626,2026-09-12c
0.5607535989717256,8.60193172490916,2026-09-12c
0.345431411973504,0.3512204492519433,2026-09-12c
0.9744289461159058,1.454505288389836,2026-09-12c
0.32260151698133055,0.3987947267955834,2026-09-12c
0.4887009385239737,0.2029141933030764,2026-09-12c
0.9715215827591696,0.14671276897718605,2026-09-12c
0.3562772080148236,0.3148471269434573,2026-09-12c
0.4443628941028866,0.416737060745656,2026-09-12c
0.6207251260659651,0.3513165251586731,2026-09-12c
0.42294509016589366,0.9821116468367574,2026-09-12c
0.3528121331718663,0.26901859380649545,2026-09-12c
0.5303443275711489,0.534372366939785,2026-09-12c
0.4136864970080162,0.5157464963034404,2026-09-12c
0.9989958510389452,0.8715151572688777,2026-09-12c
0.328963927146645,0.5581974480609521,2026-09-12c
0.47856196169984755,0.25359087540812947,2026-09-12c
0.5813942348253872,0.15296443693225037,2026-09-12c
0.5937182172707697,0.25324349458796924,2026-09-12c
0.4568819146756143,0.5432295393116304,2026-09-12c
0.4653023565182623,0.4422769852151922,2026-09-12c
0.4426945678398498,0.2447127546393933,2026-09-12c
0.9986722414705201,0.999134618090036,2026-09-12c
0.3231896527642915,0.4519742138874326,2026-09-12c
0.4803445150288067,0.815534611074895,2026-09-12c
0.9377788524064468,0.9272927666833515,2026-09-12c
0.44681827607070745,0.3670189696979297,2026-09-12c
0.9956587447937048,0.8224309150733382,2026-09-12c
0.9635769776614266,2.007918906790077,2026-09-12c
0.9065958153518724,0.6425017695148213,2026-09-12c
0.8018894277545707,0.31001941598225163,2026-09-12c
0.6898327304513024,0.10250364031424596,2026-09-12c
0.6768511445114738,0.7446788426779639,2026-09-12c
0.4100994460559799,0.2540724005542656,2026-09-12c
0.38193575976906796,0.1714448313535837,2026-09-12c
0.538342174724553,0.1798033842585883,2026-09-12c
0.9894041473633769,0.6876291410044053,2026-09-12c
0.9927256830382841,2.4766369312796797,2026-09-12c
0.6763486941163129,0.17519235589625204,2026-09-12c
0.421643528069321,0.8974525909882853,2026-09-12c
0.4599133763955769,0.19347656779871072,2026-09-12c
0.3149324525336474,0.9416543240313656,2026-09-12c
0.9840621947262019,0.8265175357817254,2026-09-12c
0.5213050233955041,1.5641198062749848,2026-09-12c
0.7646091966198192,0.5222060068858403,2026-09-12c
0.9015525177077361,0.8796266418690393,2026-09-12c
0.48079396279750813,0.196589920607634,2026-09-12c
0.8498921759500101,0.38760887146580886,2026-09-12c
0.5408866311375726,0.4575768174608309,2026-09-12c
0.7639176080570769,0.11340771990753279,2026-09-12c
0.8426261650420777,0.11963650051501466,2026-09-12c
0.4280230430838915,0.268105734195925,2026-09-12c
0.3815065532344624,0.4205271456279327,2026-09-12c
0.43786528916791007,0.285323759052847,2026-09-12c
0.662562400330676,1.9014387184690495,2026-09-12c
0.992547367454582,1.024817802785961,2026-09-12c
0.5904787710219536,0.15282459822111852,2026-09-12c
0.8684388906633164,0.8077967514342361,2026-09-12c
0.5974657316032882,0.24915990953916944,2026-09-12c
0.7386427631480734,0.1568454915660082,2026-09-12c
0.4319854656593753,0.5293292274706324,2026-09-12c
0.42746894689354864,0.2929328178760451,2026-09-12c
0.45208413602769193,0.3324705731209399,2026-09-12c
0.9332405677079025,0.9996224878180732,2026-09-12c
0.37915822027144047,0.4754425264612862,2026-09-12c
0.9946187584634593,0.9013519428035167,2026-09-12c
0.4696062046788356,0.3571036638836139,2026-09-12c
0.37982355853357314,0.2781896928399598,2026-09-12c
0.8545507419473403,0.04798473711245506,2026-09-12c
0.8879613471604298,0.6950428094325081,2026-09-12c
0.6521023930491547,0.09238359895924654,2026-09-12c
0.44009779869133925,0.31326695206852917,2026-09-12c
0.37257328500210246,0.8719721065747625,2026-09-12c
0.5738602039937278,0.1941676897526529,2026-09-12c
0.9562936287351206,0.5989617549688284,2026-09-12c
0.88162909868259,0.09894082269459738,2026-09-12c
0.9995090339596104,0.16758688463477203,2026-09-12c
0.43464946681811306,0.24201319226063486,2026-09-12c
0.43098356095517176,0.32742486932597503,2026-09-12c
0.3687794525873878,0.8286041462944838,2026-09-12c
0.4938211459053028,0.32681895655208615,2026-09-12c
0.9017330720829704,0.02520856568017729,2026-09-12c
0.3257176272670797,2.004275501306497,2026-09-12c
0.9899700609380632,0.8801317529441348,2026-09-12c
0.7447054644977971,0.26512949832474997,2026-09-12c
0.512214405486307,0.27497449573799587,2026-09-12c
0.42773113801356316,0.4157519966255454,2026-09-12c
0.6647371049212424,1.036590332015513,2026-09-12c
0.471587909438991,0.516737127139062,2026-09-12c
0.39767963934300843,0.5623233749256247,2026-09-12c
0.5822786076033568,0.4556187920180069,2026-09-12c
0.4766558747288776,0.6793709990246135,2026-09-12c
0.9899281827722011,161.57332319626911,2026-09-12c
0.46268775005568097,0.5992532018315124,2026-09-12c
0.9647309580181437,1.4814968928914771,2026-09-12c
0.3163976238649936,0.12060342732422397,2026-09-12c
0.9734188225276503,0.9581250602088841,2026-09-12c
0.4277308724957246,0.4756742061995043,2026-09-12c
0.4470667421743102,0.45436375434830073,2026-09-12c
0.5758119607391081,0.17073423782143712,2026-09-12c
0.8277517782464827,0.05339959338530563,2026-09-12c
0.37129995415066386,1.0539237978881755,2026-09-12c
0.4861587144180043,0.58495219233734,2026-09-12c
0.7981552133041159,0.14652643085803682,2026-09-12c
0.5324745319990477,0.26525097064092734,2026-09-12c
0.45838360716938414,0.29993100223012864,2026-09-12c
0.7940636215364741,0.6791265119340487,2026-09-12c
0.4674901221058717,0.5904705035992406,2026-09-12c
0.793838248578092,0.6129982075677746,2026-09-12c
0.44270343484016095,0.25473983937394884,2026-09-12c
0.3471676474122549,0.2925454038692515,2026-09-12c
0.9910005456143264,0.9757480032092423,2026-09-12c
0.3579350952047017,1.3561030785285,2026-09-12c
0.3617920857356773,1.498310943889579,2026-09-12c
0.8803507684195812,0.33373605192112266,2026-09-12c
0.2919490056912318,0.4584207810545346,2026-09-12c
0.39548168692607716,0.3899066815317327,2026-09-12c
0.832529951141052,0.6721463471354352,2026-09-12c
0.2996235489050111,1.1376361441871354,2026-09-12c
0.9879651805355685,0.9707692905013712,2026-09-12c
0.9790226329648599,0.00947189279718745,2026-09-12c
0.678745689919468,0.1445086476091772,2026-09-12c
0.9944214194460334,0.9963441922394594,2026-09-12c
0.8154819708477444,0.1642890870216405,2026-09-12c
0.9879502419484604,0.8299433994277581,2026-09-12c
0.7925053314023996,0.07789296432360772,2026-09-12c
0.3865247933744243,0.4469739310901608,2026-09-12c
0.36748691006441764,0.41398092347136056,2026-09-12c
0.5655646146797495,0.39128411745343217,2026-09-12c
0.9790965785846393,0.9523043431168007,2026-09-12c
0.4937498157048424,0.26447467672974245,2026-09-12c
0.7273983038856817,0.5802166311210195,2026-09-12c
0.5039571708841946,0.279485815624019,2026-09-12c
0.994879134930636,0.993571578163749,2026-09-12c
0.3398028484470891,0.32540587104389745,2026-09-12c
0.8129495724239073,0.5206017782477924,2026-09-12c
0.27792232936998623,2.6023305502933325,2026-09-12c
0.5621661265998783,0.17613685957354383,2026-09-12c
0.4337946798222949,0.2149908318528561,2026-09-12c
0.8728388676465175,0.4468853343604721,2026-09-12c
0.47369311020650107,0.36193489232678205,2026-09-12c
0.5260484653804619,0.588489690850104,2026-09-12c
0.5150344909030763,0.4447706113410836,2026-09-12c
0.3183368553126989,1.2243451468076973,2026-09-12c
0.40803742959012884,0.4355612522887995,2026-09-12c
0.2727043008060411,2.161653918457936,2026-09-12c
0.2544755917343376,2.7592494780274537,2026-09-12c
0.8024257632847513,0.392649681068549,2026-09-12c
0.4562576963979593,0.6079695992496583,2026-09-12c
0.5334911910164777,0.6606232948945743,2026-09-12c
0.8425077710349574,0.239716864473992,2026-09-12c
0.5931387026830197,0.2924631924399983,2026-09-12c
0.9435809841937325,0.47124330405603965,2026-09-12c
0.5900198346708331,0.3955187179021015,2026-09-12c
0.7615663918895826,0.06963475061708356,2026-09-12c
0.7255504251763549,0.16242217687351818,2026-09-12c
0.44319923028495206,0.9517453275821519,2026-09-12c
0.33661279623221996,0.6269994316172997,2026-09-12c
0.9994286665463635,0.9986630678044464,2026-09-12c
0.9743713526967562,0.9195233184727779,2026-09-12c
0.8741457915415783,0.03933437570614807,2026-09-12c
0.9115490445654308,0.8385207581834953,2026-09-12c
0.5729225254679059,0.19514452680188266,2026-09-12c
0.7379003524554926,0.15230387869104828,2026-09-12c
0.23354344001140137,2.055043294310799,2026-09-12c
0.46076721882623783,0.36163236481880723,2026-09-12c
0.4480396563430332,1.1050762514916854,2026-09-12c
0.9874487973517864,0.9676076107616759,2026-09-12c
0.7675909358840698,0.19082656971806608,2026-09-12c
0.5345981886881636,0.17630906183627343,2026-09-12c
0.9262593958392807,2.830276630729499,2026-09-12c
0.5338190527507645,0.7057405022443245,2026-09-12c
0.4687504533281951,0.6102219161852874,2026-09-12c
0.4036844035962011,0.2564890509998832,2026-09-12c
0.8303695814847099,0.6179419045757039,2026-09-12c
0.46920162279995276,0.4596805472653999,2026-09-12c
0.38146105549366827,0.374458893468695,2026-09-12c
0.9989560083828835,68.73710555251324,2026-09-12c
0.950109059036476,0.9762046808695415,2026-09-12c
0.9712205580571726,1.0553144670303258,2026-09-12c
0.47031688530544463,0.6806173089711578,2026-09-12c
0.7413913112241345,0.8295753340226486,2026-09-12c
0.9915847810605417,0.1255248918594322,2026-09-12c
0.13132575047023748,2.242940760744787,2026-09-12c
0.49314568691491817,0.3545116800621721,2026-09-12c
0.9074143209392169,0.01553259418173442,2026-09-12c
0.9584373904278725,0.6223799346661998,2026-09-12c
0.9996071268181678,0.9991502003317384,2026-09-12c
0.4467732186687261,0.48099905400772247,2026-09-12c
0.5347046378984224,1.302857958500183,2026-09-12c
0.5775976289064997,0.2537908120439924,2026-09-12c
0.9252990695251889,0.15582575431110524,2026-09-12c
0.41342241107999084,0.19923418619869693,2026-09-12c
0.6366610931447235,3.5642715289763647,2026-09-12c
0.9765861875519022,0.8082917574789226,2026-09-12c
0.9476194254113481,0.3609930758710396,2026-09-12c
0.997789307012074,0.9969246523083123,2026-09-12c
0.6758256701355556,0.14585998909167033,2026-09-12c
0.36756488007192023,0.4733532624188907,2026-09-12c
0.4609779790770451,0.3617865118006481,2026-09-12c
0.578323323758913,0.03730133766755998,2026-09-12c
0.9719595888036784,0.8193022670990475,2026-09-12c
0.5340484992498598,0.3637665800907438,2026-09-12c
0.3741795421623501,0.4012498940386815,2026-09-12c
0.7111723655395573,0.23649708794885996,2026-09-12c
0.581993514406901,0.3644453826284935,2026-09-12c
0.9893313210468929,0.9566143276434725,2026-09-12c
0.4532343016192322,0.42701637648024043,2026-09-12c
0.39236522639362037,1.3691819984870088,2026-09-12c
0.434143251161374,0.2984098338379754,2026-09-12c
0.7398942978049529,0.27518175120874855,2026-09-12c
0.34271578730040375,0.3699779065627919,2026-09-12c
0.49097160647291116,0.6101556720310388,2026-09-12c
0.997941711682442,0.959389791221318,2026-09-12c
0.28074411815720507,0.3194415628128881,2026-09-12c
0.7075226393694616,1.1765654978048345,2026-09-12c
0.5186694926687666,0.25284853171406435,2026-09-12c
0.543964144952307,0.4294045637531726,2026-09-12c
0.344024934335802,0.6965019929241106,2026-09-12c
0.5665659184236025,0.4174366227328946,2026-09-12c
0.6433456362878441,0.20289100655027656,2026-09-12c
0.6297243256725094,0.27260091903326406,2026-09-12c
0.4696230535076919,0.2660049555078812,2026-09-12c
0.5863041724026059,0.2631737038476112,2026-09-12c
0.42055361141445724,0.18980078187265761,2026-09-12c
0.3732842831401117,1.4369303321582276,2026-09-12c
0.8200388220695458,0.1740416395248068,2026-09-12c
0.9573038409798587,0.8284369486129023,2026-09-12c
0.906339624913603,0.02760531746351485,2026-09-12c
0.41164434112389253,0.32545733989175313,2026-09-12c
0.48679377033783977,0.27991010911122005,2026-09-12c
0.8983827380099704,0.33755046841755726,2026-09-12c
0.43301860589519076,0.4075903705146126,2026-09-12c
0.437087015111435,0.32538637972150164,2026-09-12c
0.8355025903499067,0.2784165940006257,2026-09-12c
0.3345077225863188,0.4725217783983177,2026-09-12c
0.9325905278844105,0.04356346603820951,2026-09-12c
0.991871431044936,0.9619916735742488,2026-09-12c
0.9871550297041425,0.945185219803715,2026-09-12c
0.9965321476593769,0.6572145335154466,2026-09-12c
0.8564288437016278,0.2106365120890396,2026-09-12c
0.38844175034681355,0.365579670027033,2026-09-12c
0.391516551207876,0.7490249881517046,2026-09-12c
0.9133655289530814,14.150817219726209,2026-09-12c
0.9964080109580187,0.0004982374451203485,2026-09-12c
0.553840666519836,0.6330201663755495,2026-09-12c
0.9943757951975751,0.5218701454045983,2026-09-12c
0.555848960653102,0.14219075946533818,2026-09-12c
0.9760217603588316,0.018050484042465703,2026-09-12c
0.8402300630787742,0.04566233808771836,2026-09-12c
0.9830094871870636,0.8446588143684692,2026-09-12c
0.6614666514756762,0.27235201467427345,2026-09-12c
0.4389310003302407,0.28597172104162105,2026-09-12c
0.3618764943667696,0.24038488305405448,2026-09-12c
0.9110836554929347,0.908741973448562,2026-09-12c
0.4318352045152975,0.38868849964205066,2026-09-12c
0.516902899374526,0.3057581607441706,2026-09-12c
0.4741454399898884,0.1764118012002545,2026-09-12c
0.7261513262802541,0.17304272457856648,2026-09-12c
0.419741462124641,0.23827143011838203,2026-09-12c
0.09876186756682662,8.199066573474278,2026-09-12c
0.9970926588386161,0.9964325442392257,2026-09-12c
0.5072520256578162,0.7322091160084896,2026-09-12c
0.4574336104140513,0.46883656284139885,2026-09-12c
0.6400478965119683,0.8186599418303614,2026-09-12c
0.5427287134906755,0.34041433540078964,2026-09-12c
0.2994758144555604,0.3266078188133048,2026-09-12c
0.43414340261398504,26.51159805157724,2026-09-12c
0.9935608041799185,1.2285312286631334,2026-09-12c
0.5389757693103794,0.3806517959075545,2026-09-12c
0.4125379370464015,0.6189417168472365,2026-09-12c
0.6942234842916174,0.8294239691318207,2026-09-12c
0.8556830690063755,0.3127495264752877,2026-09-12c
0.3971904024393438,0.22655218689007012,2026-09-12c
0.9816485314277068,0.9112589257077227,2026-09-12c
0.9977416978993014,0.9944443128228312,2026-09-12c
0.9570381138635621,2.4969583487051525,2026-09-12c
0.9907822961159425,0.7276175497430609,2026-09-12c
0.9289382340533759,0.07447244903332231,2026-09-12c
0.9993172230707785,0.8212752969980768,2026-09-12c
0.4646979054438944,0.48817399793874205,2026-09-12c
0.5266233385090598,0.44899323028149235,2026-09-12c
0.5243202497111887,0.47649550668284363,2026-09-12c
0.9947718167855548,0.9744141032705704,2026-09-12c
0.9760197783970191,0.012811364436027156,2026-09-12c
0.3638277933995255,0.7062340197989041,2026-09-12c
0.7533667796995593,0.1283918599384979,2026-09-12c
0.5073245220994673,0.6496398152244576,2026-09-12c
0.4408555242838732,0.5467861150552489,2026-09-12c
0.7853255629349054,0.5425084406206366,2026-09-12c
0.7719768530521269,1.1847154595235327,2026-09-12c
0.29834358028719443,0.8041565546967409,2026-09-12c
0.5941589428835062,0.2113810985806675,2026-09-12c
0.3970082868897427,0.8302448428296783,2026-09-12c
0.6031148920878326,0.16240311611026537,2026-09-12c
0.46412151031456494,0.5536478422753542,2026-09-12c
0.6533434539828695,0.3788914485632372,2026-09-12c
0.9930381002137139,6.092451068279684,2026-09-12c
0.37298573237327465,0.5274369201959926,2026-09-12c
0.41886876094014264,0.24023340341111482,2026-09-12c
0.4732836435526769,0.2350360369941149,2026-09-12c
0.2562400818527951,0.6682758505087876,2026-09-12c
0.5692568927934236,0.37528139965080476,2026-09-12c
0.9919825246595844,0.965059214547204,2026-09-12c
0.5659893747379952,0.25200956707718347,2026-09-12c
0.6013465340741965,0.3801357593338175,2026-09-12c
0.9686462136649674,0.9230373989705706,2026-09-12c
0.47424768256211763,0.33988870425074913,2026-09-12c
0.9991359600462013,0.8573575414978791,2026-09-12c
0.30954235116817014,0.3872174558651647,2026-09-12c
0.9321146513367702,0.8742972151422574,2026-09-12c
0.5376017317893408,0.4829222731104665,2026-09-12c
0.5467285908996765,0.38781294548183126,2026-09-12c
0.8520961422896537,0.1476906264789219,2026-09-12c
0.520011487717206,0.6126227643497681,2026-09-12c
0.4116410389193962,0.617691687135863,2026-09-12c
0.7670801053390063,0.34670505389406375,2026-09-12c
0.24950872949478173,1.7355643001576104,2026-09-12c
0.3418848975408275,1.956467737872252,2026-09-12c
0.2722685546709471,0.5809039531946758,2026-09-12c
0.7960813726339226,0.08520196767604171,2026-09-12c
0.9140982640593506,0.7747644549715687,2026-09-12c
0.48051175259211065,0.6123454694171714,2026-09-12c
0.3580857337984158,0.24563882168073134,2026-09-12c
0.9424141924411832,0.03608758947260945,2026-09-12c
0.9802596705184589,0.6544606463122491,2026-09-12c
0.4266142619659669,0.24803850826119114,2026-09-12c
0.3186003823397655,0.4551434126612098,2026-09-12c
0.8047176505977631,0.016836634301632365,2026-09-12c
0.4255323231330464,0.34125251302582493,2026-09-12c
0.7920330601608649,0.28243595169029584,2026-09-12c
0.8906768686081349,3.0982356147340133,2026-09-12c
0.4512877588480426,0.38282489011330445,2026-09-12c
0.8339830197149501,0.9230549819850384,2026-09-12c
0.4015004158924427,0.4666398969377218,2026-09-12c
0.8024574045266174,0.319537672709266,2026-09-12c
0.40307459642779053,0.8454293615625939,2026-09-12c
0.9251220447120962,0.3691704831224106,2026-09-12c
0.37608031454566365,0.4722300599979206,2026-09-12c
0.4178022359042968,0.39963640758185687,2026-09-12c
0.42014702452065067,0.43133567558902347,2026-09-12c
0.33447160515246244,0.7132868065809984,2026-09-12c
0.998041802077764,1.3165552758136971,2026-09-12c
0.4143081527358829,0.723437833754074,2026-09-12c
0.4689593341801526,0.49059846514798666,2026-09-12c
0.5861000884794397,0.2550093617251219,2026-09-12c
0.9030309995351492,3.2305105023745386,2026-09-12c
0.8920286825291912,0.03833015807528083,2026-09-12c
0.3730349468678994,0.6088902592462575,2026-09-12c
0.3197496321327275,0.886485093973216,2026-09-12c
0.16534637883164513,0.8230282399015997,2026-09-12c
0.9987690073016978,0.9943904918101193,2026-09-12c
0.9979499374113961,0.8754679130296943,2026-09-12c
0.7621432072634017,0.2699940489440309,2026-09-12c
0.9576499366486536,0.5180927045168157,2026-09-12c
0.9503301770702604,0.5447419008000066,2026-09-12c
0.4226938842936661,0.17452891737865078,2026-09-12c
0.8382206357485035,0.5661523311961454,2026-09-12c
0.9992190589943754,0.6065022297666913,2026-09-12c
0.3460335648636793,1.1244154502656385,2026-09-12c
0.5977194418220382,0.37846642183045504,2026-09-12c
0.7465782208740155,18.166923675219827,2026-09-12c
0.9457610496766294,0.9504979965645437,2026-09-12c
0.7568632568034046,0.6896838926502723,2026-09-12c
0.4703652412561199,1.1414071425432153,2026-09-12c
0.9395968940248455,0.9351306135319021,2026-09-12c
0.5603653382712438,0.34663295693320995,2026-09-12c
0.4624544745406251,0.5074283121994088,2026-09-12c
0.6292154785549697,0.22556935273182366,2026-09-12c
0.22600911797245468,1.0162474773832408,2026-09-12c
0.47099674429558575,0.18289223424758938,2026-09-12c
0.4768960329196278,0.165941162172003,2026-09-12c
0.36574656754017837,0.15334796231997405,2026-09-12c
0.6624804265620867,0.417843656312903,2026-09-12c
0.3890575742809664,0.9273745982291738,2026-09-12c
0.4823607517834112,0.23832353597635433,2026-09-12c
0.9101548450229685,0.5549734260538353,2026-09-12c
0.41901042737434857,0.2281253168777557,2026-09-12c
0.5935847844370851,0.24881664097246223,2026-09-12c
0.5541402963551265,0.13124729618076839,2026-09-12c
0.9348199570913243,0.6650738620778074,2026-09-12c
0.6095323456452715,0.04145003523152595,2026-09-12c
0.49757774553862405,0.4173033317390722,2026-09-12c
0.6441306181727404,0.13603547576786434,2026-09-12c
0.660833987914755,4.6848541895083065,2026-09-12c
0.32136222720446916,0.4489839326979258,2026-09-12c
0.4339529470433085,0.2324538868172015,2026-09-12c
0.8451540811631326,0.09365624935123067,2026-09-12c
0.8907988454163474,0.6794067869488819,2026-09-12c
0.7794497532097969,0.08833179240340516,2026-09-12c
0.3911082670171879,0.5980771519339051,2026-09-12c
0.6716843367989825,0.09879956110435298,2026-09-12c
0.8825106459833849,0.03298012403356621,2026-09-12c
0.36027014850334727,0.7226099436270914,2026-09-12c
0.5067119656976297,0.22794752453650796,2026-09-12c
0.6953588179736359,2.340074063989977,2026-09-12c
0.8695164265679811,0.25678482799654156,2026-09-12c
0.7171734828494174,0.17144192528102534,2026-09-12c
0.6271237880207643,0.17253009249301102,2026-09-12c
0.6937421385866991,0.7155266663576706,2026-09-12c
0.2547814021061119,1.9375080309092352,2026-09-12c
0.9992927124224982,1.5970199432616683,2026-09-12c
0.8400153544550338,0.17316688563913854,2026-09-12c
0.5915033409410334,0.18707874369480093,2026-09-12c
0.4260301908225459,0.3724241947129549,2026-09-12c
0.7372550388927513,0.10053427239167992,2026-09-12c
0.905057264669502,0.03599890500222295,2026-09-12c
0.6995355535634832,0.04043389811458707,2026-09-12c
0.31599779040907355,0.4874576297335926,2026-09-12c
0.3806433841544337,0.4465680990927717,2026-09-12c
0.8207948081098482,0.9133314790521663,2026-09-12c
0.9464454147351211,0.7781108576991359,2026-09-12c
0.8469204452003254,0.04496042553854516,2026-09-12c
0.9940709911249889,0.7674974902781819,2026-09-12c
0.6625179042273522,0.31095455712604564,2026-09-12c
0.9457556361546876,0.5737796525131329,2026-09-12c
0.5411449712998536,1.1465107496916935,2026-09-12c
0.32281572149839016,0.62833738161603,2026-09-12c
0.429466200243229,0.9902573914803382,2026-09-12c
0.3217378638095056,0.2550630518053874,2026-09-12c
0.3547108947855215,0.23882609282598477,2026-09-12c
0.9892217554599746,0.9799147028716071,2026-09-12c
0.9906450969691865,0.9901996281103568,2026-09-12c
0.34346671803294476,0.2725092878348246,2026-09-12c
0.4176689889436843,0.28286255010445266,2026-09-12c
0.3279093442071163,2.148445203257541,2026-09-12c
0.49150820529484485,0.49323431163121756,2026-09-12c
0.7128008095740811,1.5300054626542927,2026-09-12c
0.9469502624617918,0.029905904353825962,2026-09-12c
0.5474093493316061,0.5570672230613459,2026-09-12c
0.3054034200254653,1.4142918786525425,2026-09-12c
0.28610406330828647,1.9682564041621102,2026-09-12c
0.36610945103220427,1.206612070964857,2026-09-12c
0.5666749892741956,0.4267507444079492,2026-09-12c
0.37535914389553277,1.5284996694751198,2026-09-12c
0.4311504455379908,0.33620083275217144,2026-09-12c
0.7567398651119821,0.15546549402489065,2026-09-12c
0.358610393230766,0.4401437606865276,2026-09-12c
0.6730896127837522,0.7210215462353117,2026-09-12c
0.64123074280396,0.4623639322695308,2026-09-12c
0.6786063267939767,0.11689770360778909,2026-09-12c
0.7107182232395808,0.08519813768149537,2026-09-12c
0.549235180803432,0.2817534717811014,2026-09-12c
0.3020211806334763,0.7776554338409627,2026-09-12c
0.9983313533284353,2.0231958280859588,2026-09-12c
0.33824073861000553,0.24990882896971764,2026-09-12c
0.8344076330248571,0.8436981214791339,2026-09-12c
0.37900501467323744,0.46209351740813326,2026-09-12c
0.86139688735351,0.07749446850842266,2026-09-12c
0.9180070836195082,0.05267565086869069,2026-09-12c
0.9812211397412101,0.9570509445069558,2026-09-12c
0.4870573574545001,0.5191488912195495,2026-09-12c
0.39796733722894323,0.5668629086414426,2026-09-12c
0.8122685092753744,1.3779016981223577,2026-09-12c
0.982885892948704,0.32255262334873597,2026-09-12c
0.9670278497319238,2.435416819510729,2026-09-12c
0.33264239583042354,0.25705794505312285,2026-09-12c
0.9860327947475394,0.5524058579609132,2026-09-12c
0.999439077286161,0.9409343303125113,2026-09-12c
0.8047333783365002,0.4866443945241484,2026-09-12c
0.9263977612074306,0.9320901190198375,2026-09-12c
0.33653776309133593,0.5132373431205959,2026-09-12c
0.9508662810545963,0.8535030154006046,2026-09-12c
0.3276196451374297,0.3262050515732114,2026-09-12c
0.6574743903387276,0.41328395063122914,2026-09-12c
0.931918064139531,0.6149417682289259,2026-09-12c
0.45146718992285123,0.16599482340108695,2026-09-12c
0.6005302216396199,0.23791532462798604,2026-09-12c
0.4037025561581272,0.26177777176384737,2026-09-12c
0.35932018904244306,0.4489363598547397,2026-09-12c
0.4186322128311031,0.20523364273610117,2026-09-12c
0.5729300362175889,0.2814540833211594,2026-09-12c
0.6624044426902208,0.21940054430545214,2026-09-12c
0.37695084633682896,0.6270715815304263,2026-09-12c
0.4213595234323566,0.31668842071776204,2026-09-12c
0.2825047078296858,2.204663462690916,2026-09-12c
0.46697128708987207,0.21163098890258888,2026-09-12c
0.5835342149773347,0.29330409637052074,2026-09-12c
0.6579834884531096,0.21407599152739057,2026-09-12c
0.330405241420544,0.24341241515560944,2026-09-12c
0.37271829463132217,0.7152615353636969,2026-09-12c
0.7594806379644256,0.6769476788560476,2026-09-12c
0.9443011917681529,8.611428154460233,2026-09-12c
0.4532871879684452,0.36425054309388405,2026-09-12c
0.5427463640076561,0.7080560022811172,2026-09-12c
0.48290819572925214,0.27542482875156094,2026-09-12c
0.3967956877094246,0.8891704742612422,2026-09-12c
0.9978770899101247,0.2370688506224613,2026-09-12c
0.37116638872679486,0.7008934441974393,2026-09-12c
0.4178647090471449,0.47753749469928325,2026-09-12c
0.35716994705920874,0.09927169725689351,2026-09-12c
0.9601740183627546,0.9366988181127872,2026-09-12c
0.9972890547237366,0.9710747486279265,2026-09-12c
0.5442761249634012,0.4598415616940594,2026-09-12c
0.8227404842135936,2.8009428887689247,2026-09-12c
0.3925014184397773,0.4594162256307877,2026-09-12c
0.35224823054186594,0.6411022551082325,2026-09-12c
0.9552036789907534,0.7137315698403813,2026-09-12c
0.6817434236321254,0.15358025049606938,2026-09-12c
0.3799173492198124,0.34369431117385074,2026-09-12c
0.7099124052513897,0.07367529567527979,2026-09-12c
0.9765506571175265,0.880586109010612,2026-09-12c
0.6673459471788877,4.619976375284721,2026-09-12c
0.5626477921565847,0.4701066509596797,2026-09-12c
0.9937923845209334,0.9823752341252269,2026-09-12c
0.4802652212924667,0.6616097120672149,2026-09-12c
0.6135804994289715,0.16366771078983622,2026-09-12c
0.9995096878477505,0.6128042213064432,2026-09-12c
0.5478947135126847,0.4511529648113837,2026-09-12c
0.7964407915412699,0.1935323705417798,2026-09-12c
0.5698576442347565,0.2507473552252796,2026-09-12c
0.932510862182034,0.7209493615031108,2026-09-12c
0.6707779346663136,0.06969720645232724,2026-09-12c
0.7605231921390645,0.7090633961997426,2026-09-12c
0.6630665075933393,0.17334489919408158,2026-09-12c
0.44844246609412547,0.5205256081780314,2026-09-12c
0.9833938246111763,0.5736318742251345,2026-09-12c
0.41851742006938886,1.285062691680097,2026-09-12c
0.6204903908825177,0.30475182236957,2026-09-12c
0.5414797184462341,0.6047524598514193,2026-09-12c
0.4080508847862041,0.9990675215567809,2026-09-12c
0.4897129444242464,0.28638559607518277,2026-09-12c
0.4201185169422797,0.5929949322065989,2026-09-12c
0.6286364877426752,0.11451245345556203,2026-09-12c
0.9984550878750994,0.9938850162100566,2026-09-12c
0.49512885003350016,0.16759349937960588,2026-09-12c
0.43926211390156,0.5837379958256199,2026-09-12c
0.8809983513258621,0.46588366687245375,2026-09-12c
0.43912719012359147,0.15942961087661386,2026-09-12c
0.3585692158142269,0.3684292027629469,2026-09-12c
0.4685350553823181,0.19848537224878804,2026-09-12c
0.7079166834266541,0.5482402602558788,2026-09-12c
0.44003254203257935,0.5550360696846689,2026-09-12c
0.3702090755174733,0.3098506847654537,2026-09-12c
0.9812211491919259,0.8689370109996212,2026-09-12c
0.9573259324752103,0.01987518702374065,2026-09-12c
0.8523756317927826,0.3017088435810894,2026-09-12c
0.9995246995393509,0.8619964917989652,2026-09-12c
0.687222815414303,0.704861802602835,2026-09-12c
0.3702537386808738,0.908765503286054,2026-09-12c
0.46103853841166176,0.742615826470666,2026-09-12c
0.37244217261583484,0.34094075912604926,2026-09-12c
0.558992089499895,0.2460931522191643,2026-09-12c
0.6645654293716305,0.1669747328350838,2026-09-12c
0.31740579579682804,0.47260444645527155,2026-09-12c
0.8937736010795083,0.6574440318677487,2026-09-12c
0.7067964194804093,0.7025582570644163,2026-09-12c
0.36528272876745016,0.5965753328830873,2026-09-12c
0.5974448198397523,0.12549994233390885,2026-09-12c
0.7444228464129724,0.3968968637182178,2026-09-12c
0.9623434680897845,0.6600344656794919,2026-09-12c
0.4228330000057404,0.21341954560826862,2026-09-12c
0.5110982820640755,0.4174165661490419,2026-09-12c
0.9924846279340153,0.6988215364538433,2026-09-12c
0.6689221513948003,0.24037305044105012,2026-09-12c
0.9618649220893257,0.9172228377589406,2026-09-12c
0.4691704715884421,0.14539776832490778,2026-09-12c
0.6656578278492649,5.083252008215762,2026-09-12c
0.7840161229362506,1.5860766339307857,2026-09-12c
0.4931177656149441,0.3937945946312412,2026-09-12c
0.4465689418567528,0.2045234068519363,2026-09-12c
0.3982137465447364,0.47305677030386517,2026-09-12c
0.5804912631150977,0.547755095612345,2026-09-12c
0.4308365207846238,0.6216243031803957,2026-09-12c
0.5069010967505532,0.5479543107195668,2026-09-12c
0.5938096987018955,0.9618432505615119,2026-09-12c
0.6470863826593013,0.5821537543774857,2026-09-12c
0.5352049961548394,0.32534401741511804,2026-09-12c
0.9588906941632287,2.9166597153791014,2026-09-12c
0.3898349148349799,0.4904311954319265,2026-09-12c
0.4810157253653402,0.1934338172853814,2026-09-12c
0.4141210931782011,0.5127185773298267,2026-09-12c
0.32457293601345333,1.1072961219208293,2026-09-12c
0.3589401299968381,0.30136146596786384,2026-09-12c
0.7099416978924157,0.10425191716915075,2026-09-12c
0.46431224163439716,0.2586017869440565,2026-09-12c
0.27903164285526444,2.209842340961056,2026-09-12c
0.48861232135772115,0.464334845713231,2026-09-12c
0.9413073542044482,0.7144412940862749,2026-09-12c
0.6430023167925041,1.9927857603158539,2026-09-12c
0.43349612409512045,0.24544928940290753,2026-09-12c
0.7856487045226082,0.4005548616011993,2026-09-12c
0.44452635131203794,0.4811712141309358,2026-09-12c
0.5338191385620725,0.2782128290083599,2026-09-12c
0.9961759185125627,14.759561132718007,2026-09-12c
0.4559884297321533,0.6246807692363354,2026-09-12c
0.47186968078846564,0.40074041547721395,2026-09-12c
0.7066534785664664,0.11509329008155963,2026-09-12c
0.362318768797946,0.4861766195300991,2026-09-12c
0.7142987795115976,0.21241734051535738,2026-09-12c
0.9708217086010942,0.955499744899429,2026-09-12c
0.37669781413431613,0.36475162799751143,2026-09-12c
0.3862768318839947,0.1655027735411976,2026-09-12c
0.36818907965337033,0.6539906371199539,2026-09-12c
0.42723561394876064,0.5084008766266246,2026-09-12c
0.47318160018380784,0.5336122068157209,2026-09-12c
0.45085805945386465,0.9048799368552459,2026-09-12c
0.3196799012336312,0.283865328395956,2026-09-12c
0.5137663937372468,0.5421901210203968,2026-09-12c
0.4265099036083932,0.15736288114985916,2026-09-12c
0.3034163164760844,0.6223199705460499,2026-09-12c
0.3970309196986967,0.40515424477803,2026-09-12c
0.9994200267423096,0.9947045013467466,2026-09-12c
0.4047110230035388,0.9333900098531274,2026-09-12c
0.8681873851143502,0.3247001104106384,2026-09-12c
0.4755307545389832,0.6009635015814884,2026-09-12c
0.8925745344507752,0.012837310728884464,2026-09-12c
0.7050407084026231,0.029926607791391606,2026-09-12c
0.3860412576789829,0.1090840781707483,2026-09-12c
0.44620365981175686,0.2723709307409844,2026-09-12c
0.9184482048540263,0.011467561503569377,2026-09-12c
0.9696420296778627,0.9362814651623956,2026-09-12c
0.3381141613429823,0.31855504945167407,2026-09-12c
0.8381036944677357,0.33719764858650964,2026-09-12c
0.3742502745475578,0.2990340179386943,2026-09-12c
0.9957455476798676,0.9973003733149343,2026-09-12c
0.43544497188479697,0.35224454426567875,2026-09-12c
0.4466465003685964,0.5678745879663213,2026-09-12c
0.9987446953157075,0.9957289071343823,2026-09-12c
0.35876557122171737,0.7806469608029868,2026-09-12c
0.4933381898073909,0.43369574660464566,2026-09-12c
0.6580083755465784,0.21936770588944463,2026-09-12c
0.8414006315841739,0.38079507630103926,2026-09-12c
0.3630433045452529,0.49734613951709283,2026-09-12c
0.4698433437814955,0.6732986107783159,2026-09-12c
0.44910115579755233,0.46122602922513056,2026-09-12c
0.27604587783207596,0.4196243832478032,2026-09-12c
0.42461275088087713,0.3695177796411285,2026-09-12c
0.6919820371330289,0.4260482566116341,2026-09-12c
0.39193347910224746,0.37864901690351704,2026-09-12c
0.7346172591270469,0.6567453661232976,2026-09-12c
0.5547979784847711,0.2890728276717316,2026-09-12c
0.8233339092161502,0.06458066327666089,2026-09-12c
0.3883293877497768,0.3613014329306202,2026-09-12c
0.9964861610240158,2.0568861502197735,2026-09-12c
0.38856737084173826,0.5551489634290808,2026-09-12c
0.35940267960951,0.35392473308483685,2026-09-12c
0.6214433287023978,0.30279831068474433,2026-09-12c
0.9244756735332366,0.32702056067714935,2026-09-12c
0.36256268036874695,0.7995115061662793,2026-09-12c
0.3670937256437217,0.410505624689593,2026-09-12c
0.7060090945939641,0.055568873014548055,2026-09-12c
0.511750377543747,0.6101821476229607,2026-09-12c
0.5011382890655603,0.16987255797785453,2026-09-12c
0.34367113128068166,0.5338515663543499,2026-09-12c
0.4286279068926786,0.8894984671245304,2026-09-12c
0.40373208278669614,0.555465750506513,2026-09-12c
0.5195074293550269,0.39966611786103273,2026-09-12c
0.4601864836111159,0.8088082538071036,2026-09-12c
0.42215790396425085,0.32219304072941535,2026-09-12c
0.9798172548588041,0.6636569912486145,2026-09-12c
0.8965482891416192,0.8611839069909498,2026-09-12c
0.593506608225893,0.3902369192149997,2026-09-12c
0.32447964489362885,7.437503898168048,2026-09-12c
0.9903399171519006,0.0029551292735511235,2026-09-12c
0.4205756437336189,0.4234924773562337,2026-09-12c
0.452215667670332,0.3648196144635299,2026-09-12c
0.4702347161617341,0.24073969920869956,2026-09-12c
0.988390168118518,0.8009279039588859,2026-09-12c
0.8734988335756215,0.7929843782266055,2026-09-12c
0.3397163226854215,1.4292003736513677,2026-09-12c
0.41285784254415164,1.2050377798440992,2026-09-12c
0.4290863011686773,0.946998856706471,2026-09-12c
0.1868264515599305,0.7228366360664579,2026-09-12c
0.8238170686641211,0.0015413283200210756,2026-09-12c
0.8906930070579985,0.8654206013472552,2026-09-12c
0.43544561497004136,0.26281934385822514,2026-09-12c
0.5643270136317305,0.29521487531256435,2026-09-12c
0.47498850589764846,0.7746178953939875,2026-09-12c
0.3313966257617381,0.39342115142182243,2026-09-12c
0.9498884936874818,0.2212273566072218,2026-09-12c
0.9967710184722498,0.9762686615750149,2026-09-12c
0.5223724580178393,0.32755283060164886,2026-09-12c
0.5362271248347257,0.8485065184293843,2026-09-12c
0.42193096475132574,0.2989083439345127,2026-09-12c
0.31361884561247516,0.7863144924435231,2026-09-12c
0.45506697595082707,0.7449601959239778,2026-09-12c
0.3663555938667272,0.5368863522703973,2026-09-12c
0.8508171661084785,0.6799810717793638,2026-09-12c
0.4276069792725524,0.1781336431412391,2026-09-12c
0.4359365760444248,0.5105799916106667,2026-09-12c
0.5140329070917488,0.36052785356631745,2026-09-12c
0.6974434117740513,0.4522329114095404,2026-09-12c
0.5189522897013752,0.7113860010599934,2026-09-12c
0.9980369831735655,0.9986701005814183,2026-09-12c
0.9994029365310513,0.6802079416699983,2026-09-12c
0.5746346563268664,0.5556606604073725,2026-09-12c
0.5242092730271096,1.1535347083903358,2026-09-12c
0.5947966497565967,0.24629131856882555,2026-09-12c
0.31266897701052704,1.5364933546395827,2026-09-12c
0.3426189972571787,1.1130165722211325,2026-09-12c
0.42235724407040903,0.22807132296522567,2026-09-12c
0.998459064767692,0.9945082471920639,2026-09-12c
0.7478006348703404,0.6920786498253798,2026-09-12c
0.4267167852293555,0.7310620775001297,2026-09-12c
0.994130035915576,0.7472558724476925,2026-09-12c
0.9925787782103743,0.38424676655480705,2026-09-12c
0.4566799061250541,0.3312764800199564,2026-09-12c
0.4325306022560846,0.22011093355099498,2026-09-12c
0.3702524489939572,0.5090073847279288,2026-09-12c
0.43293514404132843,0.1883407542342229,2026-09-12c
0.4472743718947444,1.2621422891591707,2026-09-12c
0.48876975205657086,1.0006300409459228,2026-09-12c
0.37983634193960497,0.35009875037894433,2026-09-12c
0.6554275439084549,0.17891980214747966,2026-09-12c
0.4010005991103315,0.24567475488876417,2026-09-12c
0.9862173414109059,0.9567477816443248,2026-09-12c
0.44804997656056156,0.4497603745895137,2026-09-12c
0.32626187779504867,1.250922639420905,2026-09-12c
0.3054092666201499,1.8444373699598495,2026-09-12c
0.91585630834975,0.9325953809417793,2026-09-12c
0.632923614421864,0.4555241438651502,2026-09-12c
0.39420933481306025,0.36687596037731246,2026-09-12c
0.5409523929410837,0.29334261677948875,2026-09-12c
0.5980785971266517,0.410857238697171,2026-09-12c
0.9588744920521892,0.5341135074485146,2026-09-12c
0.9435918063077405,0.5129742066507391,2026-09-12c
0.415325236204424,1.7898207445354275,2026-09-12c
0.4215474123907385,0.6857071916170085,2026-09-12c
0.317272233127787,0.3533214660087361,2026-09-12c
0.9951305080573173,0.9774582584198025,2026-09-12c
0.7116422105639726,1.4413310867380267,2026-09-12c
0.7777461830537246,0.1832937660167751,2026-09-12c
0.8303118944234367,0.6409278850408082,2026-09-12c
0.519396257493756,0.368887539937536,2026-09-12c
0.452173154377036,0.5017959834201421,2026-09-12c
0.7712252263071941,0.9086697273921973,2026-09-12c
0.3006804497508183,0.43111166134928397,2026-09-12c
0.7614525873927293,0.1348919062852603,2026-09-12c
0.9267883256672794,0.9001449993263191,2026-09-12c
0.6468851701802673,8.466247644309544,2026-09-12c
0.4846375861650818,0.5096003434867962,2026-09-12c
0.7176914186232017,0.20493610654220834,2026-09-12c
0.48433103313426334,0.23850219185427948,2026-09-12c
0.3156375514452736,0.6135962056603702,2026-09-12c
0.48623706537447264,0.5458293864413646,2026-09-12c
0.8880752855248734,0.12745481052749674,2026-09-12c
0.9379150017869731,0.3011000773381604,2026-09-12c
0.7390054544467587,0.15460318553977698,2026-09-12c
0.5026592917651712,0.41500150659134466,2026-09-12c
0.6259221940880542,0.2865039724525086,2026-09-12c
0.40154926911057354,0.7025026606976533,2026-09-12c
0.9321061765982617,0.035846132115989755,2026-09-12c
0.38079841673960835,0.15298191618121945,2026-09-12c
0.7612548185799914,0.09564769524226721,2026-09-12c
0.4363794516711177,0.30803005037826137,2026-09-12c
0.99957242618334,0.9967234227618391,2026-09-12c
0.8552680494417737,0.3817292349697834,2026-09-12c
0.4166558238224212,0.14488099435427634,2026-09-12c
0.4216035268269519,0.5091891109829441,2026-09-12c
0.878638506700361,0.37883180587229315,2026-09-12c
0.257082293826754,3.963028551165932,2026-09-12c
0.46441296972337837,1.2897162411821754,2026-09-12c
0.7769033218258594,0.049661384292897535,2026-09-12c
0.28064647012751054,0.7940192710807473,2026-09-12c
0.9869784068859994,1.0163756601812328,2026-09-12c
0.31189148251545257,0.8509860388487201,2026-09-12c
0.6216975186229386,0.2704742086321399,2026-09-12c
0.4140068691090216,0.36664952250066396,2026-09-12c
0.42324828996173125,0.18341472653992688,2026-09-12c
0.5216111043260725,0.32749372210322675,2026-09-12c
0.4243555139882749,0.5938991147517477,2026-09-12c
0.4561360337161508,0.7781773355432334,2026-09-12c
0.5086128033851609,0.36721169733559755,2026-09-12c
0.4913918897375876,0.43103912807563727,2026-09-12c
0.361477105426114,0.7989243589511696,2026-09-12c
0.345979793849996,0.47822630476380135,2026-09-12c
0.326921769555512,0.7941624061795514,2026-09-12c
0.2535494515929311,1.393200310691841,2026-09-12c
0.5689426689094893,0.36141435567930336,2026-09-12c
0.39695099342141477,0.3856977854518683,2026-09-12c
0.4819988436398134,0.23796975253947208,2026-09-12c
0.6971987603724498,1.7962868420196287,2026-09-12c
0.329432298723327,1.0115995552770793,2026-09-12c
0.9899220917223582,0.9802068596058849,2026-09-12c
0.9157478145968443,0.2703379062953371,2026-09-12c
0.3832231419872717,0.27567343954660467,2026-09-12c
0.5548413943153341,0.8861702519941067,2026-09-12c
0.9976854867405114,1.3077059893712701,2026-09-12c
0.9277819891000807,0.2061654879723856,2026-09-12c
0.3540290031709074,0.778901030407757,2026-09-12c
0.8881004816941847,0.7782544793795629,2026-09-12c
0.4964492727981658,0.5810360559581677,2026-09-12c
0.9130565250492341,0.4569652603504898,2026-09-12c
0.8673287063942449,0.7388923307071927,2026-09-12c
0.8243639667288644,0.7873895356872415,2026-09-12c
0.479127800183182,1.112952564262655,2026-09-12c
0.8963411348934687,0.8210800689216141,2026-09-12c
0.8393526568431744,0.7379784380161089,2026-09-12c
0.982440755605727,0.9833592019290033,2026-09-12c
0.9893262129468975,0.9813090615275661,2026-09-12c
0.9905578966955213,0.9668642833023413,2026-09-12c
0.7366138972388799,0.10749545043247821,2026-09-12c
0.302177832875879,0.6206267834999005,2026-09-12c
0.31563918488695886,0.19585766902710824,2026-09-12c
0.48418397911507166,0.6584365434011281,2026-09-12c
0.6365428370677225,0.10397122945526208,2026-09-12c
0.9630277776670038,2.1863656639168014,2026-09-12c
0.8308080167763338,0.22080968436386936,2026-09-12c
0.3815360301486487,0.767097021530249,2026-09-12c
0.41099688795319445,2.5108101349428065,2026-09-12c
0.4018080140339714,0.5766910326566353,2026-09-12c
0.9496739817235638,0.028585309960169124,2026-09-12c
0.3783840279547887,0.6572046990971568,2026-09-12c
0.3670019484453003,0.524013338402555,2026-09-12c
0.4238035789651831,0.25512619056690033,2026-09-12c
0.8208700616085775,0.316503637188324,2026-09-12c
0.2568461356857975,1.4714389822574065,2026-09-12c
0.9656476405406231,0.8821036785671379,2026-09-12c
0.3785933406460437,0.5058999119950414,2026-09-12c
0.8733198962286622,0.16044108391593823,2026-09-12c
0.879329956580923,0.3164141587112537,2026-09-12c
0.4805197901394366,0.5666950506951488,2026-09-12c
0.4371355479047986,0.025115417333136835,2026-09-12c
0.5231358231455189,0.6341108584960015,2026-09-12c
0.994321676854578,2.7572294839924707,2026-09-12c
0.9660348915331548,1.4694855575338803,2026-09-12c
0.40264909742457855,1.836756976269131,2026-09-12c
0.9986093014204666,0.9985698404773193,2026-09-12c
0.41329423361412043,0.10236449456325383,2026-09-12c
0.424250996124047,0.18166332351687045,2026-09-12c
0.49313331370127467,1.1827188595114673,2026-09-12c
0.5734095290419844,2.4612505186224656,2026-09-12c
0.9702549716423892,0.9046922878581243,2026-09-12c
0.7232698514514639,1.7503299072123133,2026-09-12c
0.9096236861028798,0.5820626701706099,2026-09-12c
0.34106274208031373,1.7655715876302052,2026-09-12c
0.8900498781717402,1.583343364876773,2026-09-12c
0.5268228738481938,0.3413110990905732,2026-09-12c
0.8927258711178033,0.5207892957272577,2026-09-12c
0.8205771310958194,0.7979075289495254,2026-09-12c
0.8670674326787237,0.12656019339685276,2026-09-12c
0.6321428892264168,0.18018507361522215,2026-09-12c
0.9971703492868631,0.9970052352909667,2026-09-12c
0.386197700823173,0.42009207325480924,2026-09-12c
0.9319233426155163,0.8185403969750303,2026-09-12c
0.8031411813113786,0.07030976013791558,2026-09-12c
0.9985263880779449,0.5737713192983903,2026-09-12c
0.3636791220698646,1.7320078293283665,2026-09-12c
0.42824595978024094,0.32992979074846146,2026-09-12c
0.9934740451547824,0.21728764710403561,2026-09-12c
0.3220774141120454,1.6072825434466336,2026-09-12c
0.5443327572634085,0.48880186552793564,2026-09-12c
0.4836416301671527,0.39769002318531166,2026-09-12c
0.44626897300104446,0.3022677307473225,2026-09-12c
0.3257923487309592,0.44899050980723154,2026-09-12c
0.9918237552110715,0.9798928833224921,2026-09-12c
0.6584505475048783,0.18450726932840036,2026-09-12c
0.9933597179094453,0.9646684421934605,2026-09-12c
0.3947699293635128,0.5675812092740001,2026-09-12c
0.4078530160410443,0.19861255078914206,2026-09-12c
0.2091173783578233,1.9529949045093131,2026-09-12c
0.4689555404451262,0.17872030304783015,2026-09-12c
0.9995119705049406,0.9714832908962975,2026-09-12c
0.4424665183615008,0.7291642482669384,2026-09-12c
0.7129778793612729,0.1944109861885398,2026-09-12c
0.8446280897486497,0.03823444407612375,2026-09-12c
0.9533325551092224,0.9830201289735985,2026-09-12c
0.43867422743869067,0.6977784344153894,2026-09-12c
0.8651823769657081,0.04933203743840655,2026-09-12c
0.33033696573611143,1.177364957504708,2026-09-12c
0.48968733943937,0.5964436508691494,2026-09-12c
0.4080447921011977,0.3222356149194909,2026-09-12c
0.7094016388998005,0.34298779205508095,2026-09-12c
0.9430023715732402,0.4011426588160752,2026-09-12c
0.2961334049952571,0.5375046023341178,2026-09-12c
0.8613456659905546,0.2454986652065623,2026-09-12c
0.8429754392715878,0.6013136487462774,2026-09-12c
0.8602516019656191,0.6794580137176824,2026-09-12c
0.9440484564662242,0.01571018277800652,2026-09-12c
0.31753397177401094,1.266008310244118,2026-09-12c
0.5654862212456477,0.2069685994374591,2026-09-12c
0.9141955862946632,0.2411448243313811,2026-09-12c
0.5226417844811038,0.20162126801659322,2026-09-12c
0.3437883678893382,0.5440528533722885,2026-09-12c
0.5206205782487402,0.45746216064150813,2026-09-12c
0.5634560893363387,0.47685820921774463,2026-09-12c
0.45235963901754767,0.7985902780705217,2026-09-12c
0.5173821449885079,0.14859575465589775,2026-09-12c
0.5798684117577277,0.5627654104745226,2026-09-12c
0.3427059074737316,0.26049931402900034,2026-09-12c
0.40763904303012716,0.5841169117166022,2026-09-12c
0.9690842827813156,1.5718083651571773,2026-09-12c
0.6542518583092426,0.14740960472778583,2026-09-12c
0.948301840302443,0.2785207046334693,2026-09-12c
0.42366574734996265,0.2754374023880177,2026-09-12c
0.6531692489783276,0.20374177965378987,2026-09-12c
0.8100729736117955,0.9074191598605326,2026-09-12c
0.39404103600583634,0.7569712445819291,2026-09-12c
0.39938764587287456,0.26752993614893594,2026-09-12c
0.7828872889821449,0.8628109334638141,2026-09-12c
0.6378946676003482,0.1413388596064303,2026-09-12c
0.5801690704509569,0.13006375756887575,2026-09-12c
0.5042812598479586,0.460295524641462,2026-09-12c
0.9971469834170777,0.9687956683342943,2026-09-12c
0.9819674348552493,0.9894497588389816,2026-09-12c
0.8972850765542936,0.5326242652077545,2026-09-12c
0.48443875925060664,0.25039384911937246,2026-09-12c
0.43063106352079467,0.42578874229872005,2026-09-12c
0.5383909951637179,0.6506849064072371,2026-09-12c
0.5621434687866935,0.5464631522311233,2026-09-12c
0.9951880121254849,1.037709125898047,2026-09-12c
0.46255158923944606,0.41483219524145626,2026-09-12c
0.45779411803244596,0.5676138481448494,2026-09-12c
0.8462620631628086,0.08059642992169783,2026-09-12c
0.3512584263810643,0.5539851163142517,2026-09-12c
0.36582641915157815,0.5786543663909777,2026-09-12c
0.4107043477131073,0.4155092103848534,2026-09-12c
0.8109976996574654,0.17349205182044944,2026-09-12c
0.9359335028118374,0.9193079308440053,2026-09-12c
0.31142954225599206,0.30311860826664344,2026-09-12c
0.8690759698304491,0.4389699394661261,2026-09-12c
0.484684954617972,0.4554388322147605,2026-09-12c
0.9487679803438592,0.4934430803481591,2026-09-12c
0.45975307367702467,0.24226982237815353,2026-09-12c
0.5870781701133676,0.31775939555850047,2026-09-12c
0.9535936858446492,0.9811956171956276,2026-09-12c
0.5911111103497673,0.07229331910376738,2026-09-12c
0.9959608190761732,0.8400740098792651,2026-09-12c
0.9037040399797766,0.8829820853011054,2026-09-12c
0.7124088194454857,0.027850195468316227,2026-09-12c
0.3157123268797647,0.23950714092060257,2026-09-12c
0.9499837809709597,0.8391467988989374,2026-09-12c
0.5874586461536907,0.3979715007910571,2026-09-12c
0.9758656801827772,0.9284732571425315,2026-09-12c
0.8104710056190829,0.19572135717641476,2026-09-12c
0.9720407774334062,36.33997801932874,2026-09-12c
0.9984653724202824,0.7801467046294863,2026-09-12c
0.4736804142097777,0.36453915012593185,2026-09-12c
0.5981907741247776,0.6813190659558191,2026-09-12c
0.9131201636647477,0.6892489690125861,2026-09-12c
0.48958446997059446,0.16084398416148316,2026-09-12c
0.66645181893538,0.515562172147457,2026-09-12c
0.8073923452280664,0.8278844996939895,2026-09-12c
0.9840374507080459,0.9996405181526398,2026-09-12c
0.9613625012387568,4.512512704137103,2026-09-12c
0.9891172628327924,0.9948851363815162,2026-09-12c
0.9992581814838656,0.9986758247798717,2026-09-12c
0.3142153949647522,0.6181933323431762,2026-09-12c
0.32663616716577343,0.6200499455818286,2026-09-12c
0.5257183299166008,0.10626956121225853,2026-09-12c
0.4362459009460491,0.4823930705990485,2026-09-12c
0.3681576004332217,0.6460957375112657,2026-09-12c
0.4821611255593812,0.5042725938217184,2026-09-12c
0.5335591536942627,0.21462269613223384,2026-09-12c
0.6214064189962238,2.027736820719036,2026-09-12c
0.37745396878622095,0.9499747139439051,2026-09-12c
0.3317682001742012,0.2443160277929233,2026-09-12c
0.38325827480110114,0.515166836373748,2026-09-12c
0.308730248215416,0.2408944426356061,2026-09-12c
0.9344180706730033,0.05073645463835572,2026-09-12c
0.29936435280704315,0.30155099089129206,2026-09-12c
0.8613521229853232,0.5692299740024904,2026-09-12c
0.40948298768041486,0.6229840057629077,2026-09-12c
0.42639563664850666,1.5621530346973709,2026-09-12c
0.5647551960430105,1.6993142070309222,2026-09-12c
0.7301921436376144,0.41055000102748995,2026-09-12c
0.45845621083266536,0.6628782107032017,2026-09-12c
0.9243806365146731,0.49686864600342695,2026-09-12c
0.9917430990880303,0.8878876362891229,2026-09-12c
0.7532225907855533,0.03946332643890802,2026-09-12c
0.4984337818113233,0.5815547844115234,2026-09-12c
0.5414135254423502,0.550117534870043,2026-09-12c
0.5471656162821431,0.18712410863434062,2026-09-12c
0.5730590993507931,0.3046356186644276,2026-09-12c
0.5684537000166522,0.16477387046248476,2026-09-12c
0.3951326358335458,0.6398560438487184,2026-09-12c
0.6596985117817296,0.5223362902313575,2026-09-12c
0.5437194431064749,0.1606791822716768,2026-09-12c
0.9796027490024736,0.9149879537539659,2026-09-12c
0.45959661714872463,0.21075039075332164,2026-09-12c
0.491530688363385,0.5041883954614237,2026-09-12c
0.8921364043449235,3.609258301954949,2026-09-12c
0.37608979956320615,0.5311896678222041,2026-09-12c
0.9936739989690059,0.8587586990762924,2026-09-12c
0.4194999483938446,0.7254048997368561,2026-09-12c
0.7119227467000068,0.15053074561842383,2026-09-12c
0.4477343566410904,0.2980028352061323,2026-09-12c
0.9473604512277886,0.018016479225995082,2026-09-12c
0.6778415315894527,0.0890763428424324,2026-09-12c
0.42072752501964555,1.4144872389940508,2026-09-12c
0.9425913891204613,0.3398192931726771,2026-09-12c
0.38391009384252484,0.4091075745747617,2026-09-12c
0.46495815891814163,0.36451810984273664,2026-09-12c
0.8409068009453422,0.09389690075919059,2026-09-12c
0.9969439813046531,0.07475288275525098,2026-09-12c
0.3994630197065559,0.20702366215296034,2026-09-12c
0.31196652490606214,0.29000127012990123,2026-09-12c
0.9739848810274884,1.0591363972298615,2026-09-12c
0.38892464594948845,0.38233710483809835,2026-09-12c
0.38834295091156307,0.41929247215593884,2026-09-12c
0.3765810102905305,0.4910875348407144,2026-09-12c
0.37296825721303434,0.8369035477910208,2026-09-12c
0.6666559369075453,0.13343277739883527,2026-09-12c
0.6118165202048736,0.2852934014153117,2026-09-12c
0.38773887130980533,0.41106095482518257,2026-09-12c
0.465858803173515,0.49241648917748404,2026-09-12c
0.9628050829501685,0.779967738845485,2026-09-12c
0.4607483942225492,0.235360045141596,2026-09-12c
0.5320300078515836,1.7101840172440945,2026-09-12c
0.5034084967234769,0.24530568093459887,2026-09-12c
0.45677762504258135,0.4643110146392146,2026-09-12c
0.5100432248810924,0.4614452506987056,2026-09-12c
0.4474831906148141,0.2602948959060419,2026-09-12c
0.9566944269491523,0.01882895842388787,2026-09-12c
0.4578054569262483,0.3815552453445158,2026-09-12c
0.4057819565366014,0.8553909606800839,2026-09-12c
0.3468676140445573,0.47534302354055674,2026-09-12c
0.36576895970736356,0.4621522183436977,2026-09-12c
0.7891199888949539,0.698210934183041,2026-09-12c
0.4891052848412291,0.09837370903904852,2026-09-12c
0.2761530282118529,0.6634892385709249,2026-09-12c
0.28540165101226667,0.376145977125549,2026-09-12c
0.3928132771280994,0.37793875997741655,2026-09-12c
0.6954659805461408,0.08698009274383192,2026-09-12c
0.989306269707526,0.925095988162081,2026-09-12c
0.40296709624040183,0.3283917353968971,2026-09-12c
0.4830608170293986,0.7607937829440807,2026-09-12c
0.9675984542302398,0.8929476452504357,2026-09-12c
0.5638359129847921,0.33208741166931166,2026-09-12c
0.8408550689063896,0.16972154930667127,2026-09-12c
0.7959549746180145,0.7921364998296981,2026-09-12c
0.3334824546458238,0.28742797783002294,2026-09-12c
0.7488625289654036,0.008098161424078354,2026-09-12c
0.9762765348305286,0.8529621630219499,2026-09-12c
0.8800815355977606,0.020198621273671783,2026-09-12c
0.9935812719865009,0.9591733521468641,2026-09-12c
0.368429026266701,0.9700222936253511,2026-09-12c
0.9242319519271279,0.6676605885588232,2026-09-12c
0.5452875171088494,0.28626676401548606,2026-09-12c
0.9912344566694057,0.9912125673627016,2026-09-12c
0.45912830338230365,0.3825679522285596,2026-09-12c
0.48459078838506653,0.8787597142765383,2026-09-12c
0.7842829842373817,0.38269747738514,2026-09-12c
0.950363540628225,0.2205199757067697,2026-09-12c
0.7664825387086255,0.3119050353564115,2026-09-12c
0.43538338224184286,0.1596367189124219,2026-09-12c
0.5129867541684539,0.8533703184137157,2026-09-12c
0.4773344956388039,0.728518078788816,2026-09-12c
0.4387863490695225,0.24047468999474356,2026-09-12c
0.681670443611458,0.7648791199068713,2026-09-12c
0.46917809247204534,3.16602290889955,2026-09-12c
0.9948630157622805,0.9914985229320478,2026-09-12c
0.5288033488499257,0.07826646292510875,2026-09-12c
0.5266081967006132,0.3133424900285879,2026-09-12c
0.41468431778532033,0.7485446719292779,2026-09-12c
0.9493572323656159,0.4721784762340822,2026-09-12c
0.6501389985207331,0.02206352830323214,2026-09-12c
0.9970928342229991,0.9906801564352448,2026-09-12c
0.4244200215414271,0.5505659501124189,2026-09-12c
0.9966237177521613,0.9963453499809102,2026-09-12c
0.9995225887121564,0.9994934047780052,2026-09-12c
0.7053475271848977,0.13142096725514243,2026-09-12c
0.49827003964559774,0.6223969073467874,2026-09-12c
0.5612307982624644,0.1989637597999928,2026-09-12c
0.3538490657459824,0.8695181725160687,2026-09-12c
0.4870343690263759,0.2611746575982224,2026-09-12c
0.3918054411111959,0.4035361177721462,2026-09-12c
0.37558551071032237,0.231880467332921,2026-09-12c
0.394914061770267,0.5469073745549246,2026-09-12c
0.9727649348001738,0.07619508066861799,2026-09-12c
0.45778393868628686,0.6470874215234792,2026-09-12c
0.9219360676658256,2.081667985631578,2026-09-12c
0.5938230479251457,1.223880485420333,2026-09-12c
0.6910210694158233,0.12890095337866778,2026-09-12c
0.4227456006985037,0.5398531958367978,2026-09-12c
0.994432810849315,0.9445008211711933,2026-09-12c
0.2851101622264946,1.0180667004946626,2026-09-12c
0.9970487076196114,20.206024793264003,2026-09-12c
0.42996606443075763,0.8898019527141088,2026-09-12c
0.9991837369471679,0.9260996661523123,2026-09-12c
0.5010440930307809,0.3873985345332996,2026-09-12c
0.9844449580669792,90.6800348443879,2026-09-12c
0.45182891608930653,0.41011365260831484,2026-09-12c
0.6645454741452969,4.890751969657997,2026-09-12c
0.4286663205267533,0.21469050701971668,2026-09-12c
0.4310385747994363,0.2673932452647375,2026-09-12c
0.3830318895890894,0.24411735742567095,2026-09-12c
0.7118353474577316,0.3259364296437923,2026-09-12c
0.9995029161911841,2.401751890812645,2026-09-12c
0.6169949448007348,0.28051780743215005,2026-09-12c
0.5824917677341652,0.5463585185560486,2026-09-12c
0.4268899922654103,0.17785804982679637,2026-09-12c
0.4079349561693082,0.3974803316600359,2026-09-12c
0.4233513167164286,0.5379775594543593,2026-09-12c
0.6408196134637364,0.6998105861200403,2026-09-12c
0.4526511662584368,0.25844975359695893,2026-09-12c
0.5671539443845657,0.4690235627490823,2026-09-12c
0.4948534255896615,0.48026392949046887,2026-09-12c
0.9996390231560784,116.56857107881264,2026-09-12c
0.833320763770869,0.6366423122178495,2026-09-12c
0.5076730025202245,0.4157574650225727,2026-09-12c
0.4275537649689057,0.19328942366644944,2026-09-12c
0.9936488974626142,0.97172792082148,2026-09-12c
0.4069775298406124,0.7128296795284169,2026-09-12c
0.49753065987460937,0.3079211332109384,2026-09-12c
0.42778794018511407,0.16602388221043796,2026-09-12c
0.99350325245777,0.8250296817144258,2026-09-12c
0.4122284434512618,0.28478233191457225,2026-09-12c
0.4562460892242165,0.5798317364912127,2026-09-12c
0.7967958722207903,0.4299083915017196,2026-09-12c
0.4971360649736539,0.17925721196322644,2026-09-12c
0.28405646789828837,0.35652737278412344,2026-09-12c
0.9103962004352134,0.38320652835671665,2026-09-12c
0.9974059277499955,0.8229987492866017,2026-09-12c
0.9364785855129159,0.8893410176928046,2026-09-12c
0.7941556787501673,0.7151189704887407,2026-09-12c
0.9254642402797699,0.6185907139931509,2026-09-12c
0.510198553983473,0.061838620337024405,2026-09-12c
0.4503184497070352,0.7872603712028552,2026-09-12c
0.43873935839752726,0.21999120186328944,2026-09-12c
0.9994429239690975,0.6782547980297113,2026-09-12c
0.3535234841558145,0.28882127996042656,2026-09-12c
0.9950219447353561,0.9676346250251785,2026-09-12c
0.9992920428518751,3.992177859185689,2026-09-12c
0.5644207043335732,0.43061966846818645,2026-09-12c
0.9899659455831168,0.9838118842220982,2026-09-12c
0.4124446306715329,0.5077417265324143,2026-09-12c
0.35775984969305996,0.7535242375607067,2026-09-12c
0.4875422792650787,0.4259550630226683,2026-09-12c
0.9897614535327399,0.9362806172858217,2026-09-12c
0.5049341591000007,1.783250115394373,2026-09-12c
0.3025746840212295,0.39659680372183986,2026-09-12c
0.9780786713995494,0.47400279989408595,2026-09-12c
0.42403849628937296,0.28573617848691807,2026-09-12c
0.42008162864536863,0.3072016663685062,2026-09-12c
0.9848443509214676,0.8059998161880986,2026-09-12c
0.8473810605100488,0.37582636628882476,2026-09-12c
0.6837927884625514,0.11037653574056462,2026-09-12c
0.9724082481293086,1.0169695892330985,2026-09-12c
0.4474702320812574,0.6173036368648694,2026-09-12c
0.8120603734228551,0.05891610299535528,2026-09-12c
0.3379669285871669,0.31181226372447596,2026-09-12c
0.4504525618674905,0.21948021196673126,2026-09-12c
0.5802820458739535,0.15980869051483124,2026-09-12c
0.6626289566008893,0.12441013012902959,2026-09-12c
0.9148851346187619,0.69211996308132,2026-09-12c
0.30369802129957585,0.1299431323720458,2026-09-12c
0.965175373428913,0.03286200887392835,2026-09-12c
0.38686642820279077,0.36124408512240624,2026-09-12c
0.7191999384369843,0.14710411196841564,2026-09-12c
0.4325995243441208,0.3383371624088616,2026-09-12c
0.44003780269991155,0.11068749378158196,2026-09-12c
0.4391681243802777,0.6075781663421047,2026-09-12c
0.9320377040649618,0.7074971878685875,2026-09-12c
0.3793899572278638,0.44880803288150795,2026-09-12c
0.9787499217883349,0.733186468929784,2026-09-12c
0.8341578218679181,0.12176447130549377,2026-09-12c
0.6264652561112026,1.0205354734358187,2026-09-12c
0.635753061504779,0.5502276572301448,2026-09-12c
0.889264482697241,0.07439840828012939,2026-09-12c
0.34104938595735124,0.4954021030038201,2026-09-12c
0.3299903714339329,0.4687088005934164,2026-09-12c
0.304276398459901,2.297329616845419,2026-09-12c
0.5034054755223842,0.47119998542597546,2026-09-12c
0.387457110115545,0.6414798317777062,2026-09-12c
0.7356194162041566,0.2159252848211108,2026-09-12c
0.38269671465419136,0.30455076145306426,2026-09-12c
0.9748014836134506,0.7886064002477491,2026-09-12c
0.9167068143492166,2.532979806324973,2026-09-12c
0.45870509330011205,0.27872717193798435,2026-09-12c
0.8502803307488596,0.31349936053843086,2026-09-12c
0.9989608150252107,0.012023671848347428,2026-09-12c
0.40759088895953205,0.4793521186447052,2026-09-12c
0.6702207748983536,0.23348101366065038,2026-09-12c
0.325894760983208,0.4024618810684498,2026-09-12c
0.418258926044594,0.5379159077551567,2026-09-12c
0.9238949302608223,0.5372465173241054,2026-09-12c
0.42355766659188565,0.47825580286061703,2026-09-12c
0.5042686889284779,0.23005477863340582,2026-09-12c
0.4580824299922149,0.5099600836060678,2026-09-12c
0.787001229702753,0.6732793319427957,2026-09-12c
0.9233096718551103,17.719443444728643,2026-09-12c
0.2937769025704556,1.485433917554964,2026-09-12c
0.34326032702117154,0.5504993885431884,2026-09-12c
0.9986966461024608,0.9821719701027298,2026-09-12c
0.6621093136350785,0.016552500598538272,2026-09-12c
0.7502302553652082,0.4233426337245874,2026-09-12c
0.4583578171058852,0.1710646340758982,2026-09-12c
0.9071048272941014,0.4914858470838828,2026-09-12c
0.7839182131038743,0.31323107931334,2026-09-12c
0.949513123173477,0.6464741590314167,2026-09-12c
0.7353607386138528,0.6199153824692003,2026-09-12c
0.8772872404620256,0.7964701758952585,2026-09-12c
0.9929701247860754,0.8145063079561763,2026-09-12c
0.27130947911072323,2.7996113339859336,2026-09-12c
0.45751479513815907,0.14418965455077185,2026-09-12c
0.49307786729138087,0.36792791926842017,2026-09-12c
0.2959673807877432,0.6230020454311782,2026-09-12c
0.6484667122160462,0.18004634919776447,2026-09-12c
0.519793147947187,0.5942617296843006,2026-09-12c
0.6020547110116792,0.33965419687876647,2026-09-12c
0.22478722871473494,10.312281021401624,2026-09-12c
0.5317240930096614,0.6680749739702859,2026-09-12c
0.5688321607258818,1.0319650150838975,2026-09-12c
0.48413108024842055,0.5880239359449762,2026-09-12c
0.5613303029319271,0.4225464222289842,2026-09-12c
0.3527838284861959,0.8401990165149955,2026-09-12c
0.6459313379666395,0.1345979682405489,2026-09-12c
0.4619339093386726,0.16269970723639848,2026-09-12c
0.41918659443219325,0.352373713568854,2026-09-12c
0.4814399002565825,0.20647410264087843,2026-09-12c
0.4593906685892575,0.2230336792502076,2026-09-12c
0.9992767452488297,1.2366004609804213,2026-09-12c
0.5973631380306375,0.04277022403706319,2026-09-12c
0.5091390487803212,0.2634120421125429,2026-09-12c
0.9850385159108374,0.9969324214662096,2026-09-12c
0.9708870589452753,0.6048782073056246,2026-09-12c
0.4031240845496378,0.5370810956445428,2026-09-12c
0.9981072712253286,0.00037820619978261413,2026-09-12c
0.3384177060770949,1.3072511169287446,2026-09-12c
0.8049660978066832,0.5829387764660492,2026-09-12c
0.9795200327828574,0.008659422896622053,2026-09-12c
0.8444003966727462,0.08360621080207872,2026-09-12c
0.7117853601165031,0.22380929114366366,2026-09-12c
0.40670422383058846,0.6105619576873104,2026-09-12c
0.4861064967155785,0.9295180289367349,2026-09-12c
0.33370791426816704,0.26607296977479633,2026-09-12c
0.4200693893900432,1.0599245880274406,2026-09-12c
0.8658658461104168,0.3302708902126698,2026-09-12c
0.9995880279804056,0.00021296637518525852,2026-09-12c
0.9800111123714159,34.742545047456055,2026-09-12c
0.7845903703269299,0.5331664520680506,2026-09-12c
0.9975632400272006,1.9214458853379184,2026-09-12c
0.9613276739552936,0.9217272038579659,2026-09-12c
0.9560757769558978,0.9403557409155817,2026-09-12c
0.6416325116540993,0.06632876389705099,2026-09-12c
0.42758948707854927,0.5363928418548226,2026-09-12c
0.971015767145084,0.6566373348539924,2026-09-12c
0.5568933241721604,0.313765798478518,2026-09-12c
0.5287107907664759,0.3979787110288151,2026-09-12c
0.49513779223445376,0.09150547271036776,2026-09-12c
0.4752055147828225,0.5196741094510997,2026-09-12c
0.6608858908044389,0.06984212386241719,2026-09-12c
0.8909883534461238,0.28173742326785656,2026-09-12c
0.44404830281087704,0.2693940552699824,2026-09-12c
0.7697020961764808,0.9111889164190196,2026-09-12c
0.380885387444756,0.31539383048211733,2026-09-12c
0.2556170805345822,0.36220982555807957,2026-09-12c
0.4244761842186378,0.5762801710818651,2026-09-12c
0.9900791001603645,0.7878883923254963,2026-09-12c
0.892257687460569,0.10681926161319179,2026-09-12c
0.613699613809895,3.502974692296071,2026-09-12c
0.7519508925374311,0.049505110147892425,2026-09-12c
0.41764577700002814,1.0195475352438599,2026-09-12c
0.9836327708422873,0.46958582318343756,2026-09-12c
0.4801779631217492,0.5412405526478808,2026-09-12c
0.8566694138424076,0.020517847372500973,2026-09-12c
0.36960749939196874,0.5882211454628902,2026-09-12c
0.42786506446589984,0.9317050042454993,2026-09-12c
0.5585192846236579,0.34537143401983045,2026-09-12c
0.9803864166973724,0.8455816488321699,2026-09-12c
0.7534161551805748,0.06517450773981577,2026-09-12c
0.8724677974427163,0.025457874617174137,2026-09-12c
0.4062629557759241,0.3084633548383746,2026-09-12c
0.9994368181176021,0.4154703208541578,2026-09-12c
0.615234471120688,0.7491235951253942,2026-09-12c
0.9957038047205968,0.982283734756986,2026-09-12c
0.6431729282289931,0.13034076537712233,2026-09-12c
0.5142980888127932,0.5799873210273502,2026-09-12c
0.9138854159208734,0.03151649681634308,2026-09-12c
0.9807657053390811,0.06939949649782066,2026-09-12c
0.9917705345816864,0.14121818475804648,2026-09-12c
0.40560838043710834,0.5735039512959897,2026-09-12c
0.7976077339138509,0.13567495918605468,2026-09-12c
0.5286416324680061,0.35052057643203965,2026-09-12c
0.30503377577332763,1.628196656453874,2026-09-12c
0.939614389965161,1.0868421055649857,2026-09-12c
0.9469849598188321,0.06672210129511355,2026-09-12c
0.5814295228465405,0.5007212614092083,2026-09-12c
0.4178997549040667,0.4461680147983191,2026-09-12c
0.45694541981177683,0.7836223117120009,2026-09-12c
0.46922391579031186,0.25673195889835676,2026-09-12c
0.677605885197099,0.49485150147000856,2026-09-12c
0.33506756765374335,1.046951756817964,2026-09-12c
0.35010856014364405,0.21725822229475275,2026-09-12c
0.9586448911475097,0.013644155576856179,2026-09-12c
0.9677896400695325,0.1576535136098162,2026-09-12c
0.20118368192253144,3.2100211007171318,2026-09-12c
0.40986775784401075,1.187221691353534,2026-09-12c
0.978680605034637,0.2745672047627418,2026-09-12c
0.3588879947862787,0.40612415876028674,2026-09-12c
0.4428479961847199,0.21316357316229478,2026-09-12c
0.6939436381621028,1.6522882108520924,2026-09-12c
0.5249955477362851,0.6332487448922194,2026-09-12c
0.933281483755127,0.4104809631156467,2026-09-12c
0.3764325660150731,0.7456344457757577,2026-09-12c
0.4030644490376736,0.2942270193419778,2026-09-12c
0.4767734560890024,0.9221412099401984,2026-09-12c
0.8651468885055011,8.768276313248027,2026-09-12c
0.3875771651830243,0.35345174375583965,2026-09-12c
0.8706093741120035,0.6482874901948016,2026-09-12c
0.342780898027238,0.3506488068344012,2026-09-12c
0.7250986051775271,0.28168319131647496,2026-09-12c
0.42315774065759026,0.6263223888304128,2026-09-12c
0.9935192645010479,0.9924667586154622,2026-09-12c
0.9124154946828049,0.16116219190234077,2026-09-12c
0.47763873127314216,0.446070976866111,2026-09-12c
0.9347466669952853,0.5850057617407677,2026-09-12c
0.7452478500873525,0.39882506609793944,2026-09-12c
0.9424890932117953,0.7018256158034334,2026-09-12c
0.3924206577746905,0.25246334856761443,2026-09-12c
0.7074796083121305,0.015690710292474323,2026-09-12c
0.8778873359664936,0.721321617621166,2026-09-12c
0.9964415398898652,0.7523227367011796,2026-09-12c
0.49087237988206905,0.6613103222770554,2026-09-12c
0.6216125729072648,0.4221725000080506,2026-09-12c
0.4613700823252833,0.46064979047232535,2026-09-12c
0.42174850473160985,0.09824205373196679,2026-09-12c
0.507809400961226,0.3697283084862584,2026-09-12c
0.755243473525932,0.41736158592606615,2026-09-12c
0.9950914054366303,0.9761460007173246,2026-09-12c
0.4964362644559648,0.2068047258320702,2026-09-12c
0.6549801597264671,0.30934921752902234,2026-09-12c
0.9889610195641766,0.9633753481726989,2026-09-12c
0.16071298359434885,3.485829769848143,2026-09-12c
0.3930787977575237,0.5142123048874807,2026-09-12c
0.9480551363396884,0.7161784182138821,2026-09-12c
0.26115578779105075,0.5318718329215032,2026-09-12c
0.9944274733233256,0.9528789555168268,2026-09-12c
0.4598860932656419,0.19553231285361375,2026-09-12c
0.36394843926208564,0.5224857204885424,2026-09-12c
0.4078487444896501,0.6607091756830665,2026-09-12c
0.9973308166225701,1.9094699413063603,2026-09-12c
0.4355256852437424,0.39200434866399425,2026-09-12c
0.3772814982557493,0.5354989420204104,2026-09-12c
0.4004098232362959,0.23861931155765542,2026-09-12c
0.33780968425358426,0.9558872387697884,2026-09-12c
0.7780761187532911,0.6521633368238361,2026-09-12c
0.6481525519889155,0.06669159944604802,2026-09-12c
0.4520645675154518,0.1498427476204939,2026-09-12c
0.7088235790149322,1.0366605709493766,2026-09-12c
0.5087681298760041,1.3909041479221644,2026-09-12c
0.9624623158012982,0.0034207331504876913,2026-09-12c
0.34879018812687845,0.4188779637095555,2026-09-12c
0.900615117956132,0.215886792564613,2026-09-12c
0.7621243942145598,0.72324866537576,2026-09-12c
0.5715116036560193,0.10542953145517867,2026-09-12c
0.3764789671572888,0.4985767451548795,2026-09-12c
0.833575855449856,0.3572083870123989,2026-09-12c
0.7587499726111758,0.7679902121807727,2026-09-12c
0.4600296642274466,0.1555639610563758,2026-09-12c
0.712438711640933,1.5059811803749745,2026-09-12c
0.41279444095498996,0.24874110148021256,2026-09-12c
0.9817977561608467,0.2479923039695557,2026-09-12c
0.3842348151623361,0.1597666120579075,2026-09-12c
0.7964616734394029,0.08226147535186358,2026-09-12c
0.8747077397414159,0.5374530071650627,2026-09-12c
0.3899419940520218,0.2096587096256348,2026-09-12c
0.8607508800019442,0.3816582240204858,2026-09-12c
0.4109336153805652,0.8130516203467479,2026-09-12c
0.2451877545840001,1.1752892004796998,2026-09-12c
0.7519817214308235,0.0841068738734322,2026-09-12c
0.438191647125061,1.4429845717058951,2026-09-12c
0.32761215867828036,0.7579567597282799,2026-09-12c
0.2672448209881767,0.7659783072444991,2026-09-12c
0.6997287229405758,0.2333522835358864,2026-09-12c
0.8686023665757359,0.4309496777128947,2026-09-12c
0.44758295063572323,0.5335681597781519,2026-09-12c
0.4965139334363513,0.40733419725312414,2026-09-12c
0.7404227322624721,0.18408166667429343,2026-09-12c
0.3462339099371463,1.181319965826252,2026-09-12c
0.41597623678452317,0.6438952268893364,2026-09-12c
0.600327661428074,0.8963261671864028,2026-09-12c
0.5245014944019897,0.0954784026773164,2026-09-12c
0.6718531502989041,0.20171738554455954,2026-09-12c
0.423437322814273,1.0908549939519163,2026-09-12c
0.3534232092664573,0.21127557954407408,2026-09-12c
0.22457756028993586,1.172857086335171,2026-09-12c
0.5002324616864109,0.5870916506357919,2026-09-12c
0.4409358030088147,0.21514089185626772,2026-09-12c
0.9745936601351488,0.9123166462662432,2026-09-12c
0.6536035868753262,0.3537550017211563,2026-09-12c
0.4884998898972374,0.3658633048293936,2026-09-12c
0.8898393817764625,1.6809174962255022,2026-09-12c
0.5741305598968603,1.743888189303478,2026-09-12c
0.9226448740399996,0.825263852535619,2026-09-12c
0.5178062181136487,0.08353608610940619,2026-09-12c
0.4564921980991859,0.18921043252117206,2026-09-12c
0.49596428798027115,0.44698376864544764,2026-09-12c
0.493062075462475,0.42046663617977686,2026-09-12c
0.6053125891738474,0.22142073620339817,2026-09-12c
0.36187626758000685,0.8738025085142146,2026-09-12c
0.4245939481805836,0.9272010186501377,2026-09-12c
0.34884605838179517,0.37285940367559556,2026-09-12c
0.5951836496447458,0.6221599054173707,2026-09-12c
0.37533530125351816,0.4763502853539004,2026-09-12c
0.44462665480273794,0.6051755832285015,2026-09-12c
0.854729950546951,0.02607592032386568,2026-09-12c
0.9047422052907675,0.8371572567671685,2026-09-12c
0.3763883043555707,0.5571165518485968,2026-09-12c
0.44569490338329615,0.16613794936421497,2026-09-12c
0.9667612818568994,0.9590980908679989,2026-09-12c
0.5378354739377704,1.189376961451372,2026-09-12c
0.9285956455260687,0.41723064643909386,2026-09-12c
0.9977615734169623,0.9177941037632645,2026-09-12c
0.45283326549649777,0.3397905441394667,2026-09-12c
0.6187417257506036,0.2230141685075776,2026-09-12c
0.5023496880682028,0.2638529282563355,2026-09-12c
0.9967611026864265,0.927340249087551,2026-09-12c
0.5114882615919949,0.224978784023894,2026-09-12c
0.4906185183232017,0.6234684847504721,2026-09-12c
0.978684007282604,0.835689268239001,2026-09-12c
0.8438098966608817,0.04682038859867747,2026-09-12c
0.999503234153441,0.9976384428552749,2026-09-12c
0.3983953338734727,0.569996291543969,2026-09-12c
0.9999356089958044,0.9998767399680618,2026-09-12c
0.676698234075567,0.0793621514411723,2026-09-12c
0.4032600374974277,0.6073527484192208,2026-09-12c
0.400747506089889,0.22609151389633553,2026-09-12c
0.6255208970130373,0.19684963209539938,2026-09-12c
0.6156171198252295,0.33607524143285505,2026-09-12c
0.5305712811670638,0.12649397580038105,2026-09-12c
0.9937323564365962,0.9147402599371428,2026-09-12c
0.8069047279037311,0.35049987096032575,2026-09-12c
0.43949437053667634,0.3037874140532628,2026-09-12c
0.3109426697827775,0.39380380244200824,2026-09-12c
0.3394617668776975,0.4457205019512158,2026-09-12c
0.24130343145330085,3.3261268798635895,2026-09-12c
0.34797809841739014,0.3131723555064722,2026-09-12c
0.964769684538014,0.6184294162690677,2026-09-12c
0.659711201883803,0.4180398753266019,2026-09-12c
0.43982666198562437,1.2303031476057258,2026-09-12c
0.38546093457581315,0.23595197535587023,2026-09-12c
0.4695553498150765,0.7546649890511251,2026-09-12c
0.36458345896238237,0.6567061154850308,2026-09-12c
0.9991991920906534,0.7168262076352284,2026-09-12c
0.5232704322535263,0.2015434992122782,2026-09-12c
0.4564480592237246,0.5832334571664782,2026-09-12c
0.9627726431347865,0.18232190639004958,2026-09-12c
0.5959214961476059,0.667204351901526,2026-09-12c
0.39177985576025554,0.3358482327198188,2026-09-12c
0.4932313273592389,0.48179565636147625,2026-09-12c
0.6017172502920024,0.44543679173908396,2026-09-12c
0.9022037147164571,0.6866628568667472,2026-09-12c
0.8424885453844199,0.8409895702158156,2026-09-12c
0.2850001171544855,0.5757600507141905,2026-09-12c
0.8666359791140049,0.5706483906879303,2026-09-12c
0.5225211854339297,0.27183347901120136,2026-09-12c
0.4974923251838652,0.23247451352849433,2026-09-12c
0.9989922227135242,2.8887498785279537,2026-09-12c
0.4197725705962763,0.522113674684404,2026-09-12c
0.40443664124169126,0.3910167924192081,2026-09-12c
0.3966632167989337,0.2523577427322194,2026-09-12c
0.4740539413353305,0.40533039093718853,2026-09-12c
0.9421079303666613,0.7248659016976257,2026-09-12c
0.4322142963362948,0.2384161915336199,2026-09-12c
0.33615576031106625,0.3504006742011881,2026-09-12c
0.8032351921403901,0.5249106109873574,2026-09-12c
0.35227620546149613,1.0041477376351453,2026-09-12c
0.9849703932285023,0.588950413202318,2026-09-12c
0.29766700140744373,0.5589226805477081,2026-09-12c
0.6705624040634286,0.281885956054168,2026-09-12c
0.9867517020448634,55.35635331798509,2026-09-12c
0.95891851997041,0.7112545109728925,2026-09-12c
0.7692603096724357,0.6089016593179445,2026-09-12c
0.3141445853265969,0.3327351755483201,2026-09-12c
0.7658224419402687,0.40052760012597355,2026-09-12c
0.8087135172889577,0.21363376687643354,2026-09-12c
0.39050980446643074,0.5455906244686619,2026-09-12c
0.41245045350489395,0.5401945834762658,2026-09-12c
0.3582759592084528,1.5467453800177275,2026-09-12c
0.285501541929408,0.41135968084659935,2026-09-12c
0.8946649376446002,0.5162581723771136,2026-09-12c
0.866831860051722,0.3822530482288679,2026-09-12c
0.4457459054231634,0.5446159666945024,2026-09-12c
0.3805658270501831,0.943062405035695,2026-09-12c
0.33494647040723746,0.9619466171936023,2026-09-12c
0.4229096258276253,0.44375389584315256,2026-09-12c
0.8011613114719487,0.6907087642542993,2026-09-12c
0.9453321711345699,0.8064643067521059,2026-09-12c
0.8074570242765481,0.46451101687021473,2026-09-12c
0.8000896200881262,0.5777325658343153,2026-09-12c
0.7848664640812199,0.48032830298908374,2026-09-12c
0.9851829464462261,0.566188715695984,2026-09-12c
0.3372587969023577,1.5830136008619164,2026-09-12c
0.428271985323863,0.5541318363686304,2026-09-12c
0.9942829983075452,0.9766706529838245,2026-09-12c
0.6142464395258417,0.28454110706531416,2026-09-12c
0.623949243752099,0.21117920014544403,2026-09-12c
0.9707762744414233,0.42324255583894527,2026-09-12c
0.5920343601183402,0.3407036417512314,2026-09-12c
0.4825841422287961,0.6962475351220497,2026-09-12c
0.5360495012013243,0.27987517617870394,2026-09-12c
0.462904240992043,0.8724244919941417,2026-09-12c
0.2536643486901147,0.5263591682729545,2026-09-12c
0.3650390383321746,0.37342067227354486,2026-09-12c
0.9203151988251755,2.089194204882651,2026-09-12c
0.9982336471512503,0.29455666992766244,2026-09-12c
0.46010103886252346,0.4659856317234236,2026-09-12c
0.8169001217060707,0.043981923440739985,2026-09-12c
0.6139674939622495,0.6235037857244718,2026-09-12c
0.9891476681963834,0.9963539371845459,2026-09-12c
0.34303034385019787,1.432784116269031,2026-09-12c
0.3952525267212387,0.7719090180738141,2026-09-12c
0.36700238994907175,0.43126606122666145,2026-09-12c
0.4498543403137279,0.305021715095995,2026-09-12c
0.39215097740513544,0.7162044526404083,2026-09-12c
0.504893182639053,0.37002405659872584,2026-09-12c
0.41934446925764174,0.3686975078112748,2026-09-12c
0.33963015847088834,0.6746442152468191,2026-09-12c
0.46120705475714713,0.3026667607578763,2026-09-12c
0.42653820691553446,1.7478108022106729,2026-09-12c
0.7439946747339219,1.7984281729954577,2026-09-12c
0.9742463502327746,0.8862030636268431,2026-09-12c
0.4538648663354165,0.14776736709582397,2026-09-12c
0.3729511908317566,0.5732507702473153,2026-09-12c
0.992651165216136,0.9724469423060852,2026-09-12c
0.36289600906821146,0.977123110438774,2026-09-12c
0.516795537354165,0.1663736235201273,2026-09-12c
0.32408279175301563,0.8504533159239718,2026-09-12c
0.2449235714901231,2.582306438751998,2026-09-12c
0.9018041242300272,0.055857907879194084,2026-09-12c
0.6757874666251735,0.17591975224379963,2026-09-12c
0.44887816300241024,0.6339616139960108,2026-09-12c
0.4920816436600762,0.45798019089228736,2026-09-12c
0.37807511724482934,2.1189411658093844,2026-09-12c
0.99970760431173,1.3964126898079892,2026-09-12c
0.443266609766139,0.6944984949665676,2026-09-12c
0.35822029316116977,0.17245678001126857,2026-09-12c
0.4237467824238151,0.5527298302625815,2026-09-12c
0.47980966965000327,12.608770456654725,2026-09-12c
0.49957484444149486,0.24696629643596077,2026-09-12c
0.35899478545070845,0.503204733810111,2026-09-12c
0.4847456108128368,0.30059166097913737,2026-09-12c
0.5268271273949595,0.33360420798800006,2026-09-12c
0.4257925772842119,0.5416300820601899,2026-09-12c
0.36248261286789935,0.38468120548304247,2026-09-12c
0.9994468036600083,0.9971985057683446,2026-09-12c
0.48362569232027347,0.22927689793315328,2026-09-12c
0.768285310878072,0.7566466535938245,2026-09-12c
0.5301779662042226,0.2684901629021786,2026-09-12c
0.9877459737330194,0.01295340932056862,2026-09-12c
0.9661192005074639,0.7970875895904467,2026-09-12c
0.47490585933817964,0.14607715122431097,2026-09-12c
0.2937375111330848,1.2732875904600385,2026-09-12c
0.4636415558269096,0.11547247689518608,2026-09-12c
0.7984665949921823,0.13030448380217197,2026-09-12c
0.4276241006676011,0.07363473624169095,2026-09-12c
0.3302828930169917,1.051247682470763,2026-09-12c
0.36914558567406125,0.3107268159324288,2026-09-12c
0.46372272704315376,0.945432760658046,2026-09-12c
0.36599048744006696,0.6280156507426008,2026-09-12c
0.9047450192727094,0.7380252836761717,2026-09-12c
0.3784071569211009,0.42797117478803576,2026-09-12c
0.9197163625080478,0.5036156870597768,2026-09-12c
0.3410505523026595,0.8477782533187729,2026-09-12c
0.7305913737305032,0.33394248207325394,2026-09-12c
0.9997906414599709,0.5985923020314534,2026-09-12c
0.823422416159481,0.10227513870688282,2026-09-12c
0.5447871674032301,0.5037225771905374,2026-09-12c
0.8206020385171704,0.30076099658825345,2026-09-12c
0.4461752187787045,0.3455509281569997,2026-09-12c
0.9964394319452807,1.172638277522084,2026-09-12c
0.9937325595483608,0.4773211238747567,2026-09-12c
0.3482766422428551,0.3400401618749399,2026-09-12c
0.6464478759769997,1.2697394758024687,2026-09-12c
0.6485071516207501,0.17976492190837748,2026-09-12c
0.8907415046969953,0.7342281535802712,2026-09-12c
0.4481260399308294,0.278568537941823,2026-09-12c
0.4844597099216101,0.28615263288368353,2026-09-12c
0.3674121145774775,0.7106490813131879,2026-09-12c
0.41109503165140704,0.6169729406148167,2026-09-12c
0.5790810188822443,0.1983509359173229,2026-09-12c
0.956550748130981,45.193406956654414,2026-09-12c
0.6051367970639276,0.5235701058366299,2026-09-12c
0.8127814240879739,0.12028260646903456,2026-09-12c
0.9836260372564939,0.9847556161260349,2026-09-12c
0.4996613884395856,0.18779543762675818,2026-09-12c
0.39101215270200096,0.6961549083315351,2026-09-12c
0.32653628705866533,0.3779715187510163,2026-09-12c
0.9671188255823675,0.8285895975940369,2026-09-12c
0.41305760471731273,0.4216315643935987,2026-09-12c
0.5768058339373996,0.2560979509976365,2026-09-12c
0.9730294070271897,0.9243120496906395,2026-09-12c
0.36326850697133867,0.7519647418376599,2026-09-12c
0.5007824144223701,0.6324349256202031,2026-09-12c
0.36500379202203787,0.5721716203036048,2026-09-12c
0.46480405738852393,0.3479711444416837,2026-09-12c
0.4327236752229204,0.34745788311412057,2026-09-12c
0.7219336170343924,0.1436816161701391,2026-09-12c
0.3336056038063508,0.4881345187120767,2026-09-12c
0.4983731813086599,0.30838981701457385,2026-09-12c
0.868203964603122,1.0604746412039716,2026-09-12c
0.7582124719025454,1.1483477803222415,2026-09-12c
0.4425204205735802,0.7810794003305157,2026-09-12c
0.9942514409663291,0.9504301912318963,2026-09-12c
0.9184297074067318,0.11835168509412294,2026-09-12c
0.5896735271642419,0.11340556824447193,2026-09-12c
0.6358053544310017,0.14483837694371338,2026-09-12c
0.9915340926815821,36.7527810975038,2026-09-12c
0.41671713984864134,0.31333791168216507,2026-09-12c
0.3859286849123635,0.19051542034182747,2026-09-12c
0.9646041761868442,0.7484318357473984,2026-09-12c
0.3079070824300973,0.3576213725074334,2026-09-12c
0.7642078309126283,0.4940241865896859,2026-09-12c
0.875410754048276,0.19309132216486416,2026-09-12c
0.9478945591651947,0.7665754272711992,2026-09-12c
0.8104701078518634,0.5182984575533744,2026-09-12c
0.409155383454161,0.6403322018150873,2026-09-12c
0.4997099872425593,0.8787127007387104,2026-09-12c
0.3603721176924896,1.494272832969509,2026-09-12c
0.3436410178564734,0.7162878422530641,2026-09-12c
0.44458654154857424,0.6295292006447281,2026-09-12c
0.5323585794919788,0.039338499930069624,2026-09-12c
0.38361551210765643,0.6789080419258737,2026-09-12c
0.7005532861403035,1.7661476067001118,2026-09-12c
0.3894239752425413,0.4208171107470469,2026-09-12c
0.8047447723551849,0.7607435852525737,2026-09-12c
0.35440525799014194,0.28377655013335096,2026-09-12c
0.9892019885422536,0.9656286691131191,2026-09-12c
0.3261989865156419,0.6753322353103566,2026-09-12c
0.3880947285227438,0.2844142040350911,2026-09-12c
0.8493717733435795,0.3634034096802541,2026-09-12c
0.46124385924045913,0.36176187259060466,2026-09-12c
0.9808157987661422,0.9094339823850264,2026-09-12c
0.8603347542776694,0.9512913449045963,2026-09-12c
0.9859052838482694,0.0586732812023234,2026-09-12c
0.398361636587281,0.32512757796369474,2026-09-12c
0.9772715623434345,0.946165212088409,2026-09-12c
0.4291134421898621,0.653488509491117,2026-09-12c
0.6910608369006137,0.5252608709345018,2026-09-12c
0.9868638573395982,3.283500493410352,2026-09-12c
0.4422262445111199,0.44667013829989505,2026-09-12c
0.6915089043585778,0.1250314089142407,2026-09-12c
0.35626243071246266,0.6492412262376086,2026-09-12c
0.8771613269170601,0.722564131223347,2026-09-12c
0.5558139808132919,0.3245688413801881,2026-09-12c
0.9713675826472679,51.1306508978507,2026-09-12c
0.9950478289530365,0.416525551704415,2026-09-12c
0.5684202320330262,0.05169095254085889,2026-09-12c
0.45712583164681836,0.1951079668217053,2026-09-12c
0.6283236401311393,0.2944296480737122,2026-09-12c
0.4030260252653786,0.5616487991337632,2026-09-12c
0.445291995210528,0.29771802087250326,2026-09-12c
0.4254723396000276,0.1454611070683481,2026-09-12c
0.33788788134667314,1.525593575945025,2026-09-12c
0.5513249350191054,0.3271724024664789,2026-09-12c
0.9413398733859034,0.2804462268663762,2026-09-12c
0.9120226511014462,0.457434522555017,2026-09-12c
0.7179008239303032,0.13936009610700803,2026-09-12c
0.36066585626989967,0.2522115345873635,2026-09-12c
0.32049981812519807,0.4357360784478937,2026-09-12c
0.3453992192442084,0.4838616106439348,2026-09-12c
0.9746875730760548,0.9828901918910153,2026-09-12c
0.3963567043271292,0.3347917635268575,2026-09-12c
0.9503477277930693,0.02088209021605273,2026-09-12c
0.7817640726928844,0.4808709073437461,2026-09-12c
0.38666234692924156,0.5821747777582436,2026-09-12c
0.8636640980686537,0.6395826052025947,2026-09-12c
0.7993320906698349,0.03457920413446056,2026-09-12c
0.7819463319576101,0.19374455696563528,2026-09-12c
0.45871749818220975,0.8002631435417507,2026-09-12c
0.38060359937134364,1.0284603068809604,2026-09-12c
0.4431512632804804,0.8112608542989649,2026-09-12c
0.5638268613521431,0.36829065579022857,2026-09-12c
0.36563557103041205,0.15900193654951256,2026-09-12c
0.41156827589546574,0.43017327046888126,2026-09-12c
0.6310530944369862,0.18540133615569088,2026-09-12c
0.9724893428767464,39.05889358468757,2026-09-12c
0.9584825793610567,0.9619457236158209,2026-09-12c
0.4168187917491834,0.347495887003372,2026-09-12c
0.558212920058439,0.15241636010948284,2026-09-12c
0.8112624417527458,0.054430072693407903,2026-09-12c
0.4091385856511113,0.3404776284202196,2026-09-12c
0.4969167724886857,0.342513207687672,2026-09-12c
0.4989409699884179,0.5094591953879041,2026-09-12c
0.28523448127520473,0.29120614310570636,2026-09-12c
0.966780454910912,0.729908409803601,2026-09-12c
0.5344979207393714,1.26332350303788,2026-09-12c
0.5732965887299887,0.1582181875985674,2026-09-12c
0.38626834768606627,0.5683798355921582,2026-09-12c
0.3948743055452377,0.6518494280167754,2026-09-12c
0.7148546912418272,0.22017388224523562,2026-09-12c
0.5096755390564124,0.20324244390011625,2026-09-12c
0.34432262296112615,1.238966385947626,2026-09-12c
0.43383374194209406,0.5016509586506611,2026-09-12c
0.741448707915088,0.08034566216411218,2026-09-12c
0.5612080066650773,0.20487521696967917,2026-09-12c
0.5511813117568373,0.5883557556923824,2026-09-12c
0.3573689389779499,1.1059810766629279,2026-09-12c
0.7642630057216291,0.22340231023383736,2026-09-12c
0.38512584852457293,0.45514809950337076,2026-09-12c
0.4357469324838328,0.3883597047970692,2026-09-12c
0.8946749886348465,0.18096303292973065,2026-09-12c
0.5157525887732778,0.31228275073943274,2026-09-12c
0.4767445275171523,0.5400628506217533,2026-09-12c
0.8277725676022919,0.022752780178805613,2026-09-12c
0.38777589487796343,0.6517904989597902,2026-09-12c
0.39315569979335735,0.23896481389009977,2026-09-12c
0.4166669266184944,0.4302900190922461,2026-09-12c
0.9983748221515958,0.3518470330069311,2026-09-12c
0.5008787512818298,0.14665539604074534,2026-09-12c
0.8367592511457708,0.7317518575925688,2026-09-12c
0.37712598745668535,0.5545874558028577,2026-09-12c
0.4851639392718746,0.3914953432885773,2026-09-12c
0.46151602467115344,0.6943086176801015,2026-09-12c
0.3532125973381528,0.8203792935316369,2026-09-12c
0.6645105920586405,0.4766769621582798,2026-09-12c
0.3706550170047679,0.23146056215058064,2026-09-12c
0.6821410740285492,0.20819794790040336,2026-09-12c
0.5545135875750378,0.2964583978257529,2026-09-12c
0.7633221038179796,1.0876925682393124,2026-09-12c
0.4784287636238152,0.42588860558753655,2026-09-12c
0.4823683518752224,0.20252367280215827,2026-09-12c
0.668047753710633,0.2132208554776287,2026-09-12c
0.9999354833371907,0.999275713483168,2026-09-12c
0.94121054975748,0.8822638421390897,2026-09-12c
0.371959675427753,0.300569203471009,2026-09-12c
0.4080811526455592,0.3802164131646496,2026-09-12c
0.7711407145375491,0.9370723004323632,2026-09-12c
0.9031281993594263,0.1702753108339572,2026-09-12c
0.7591795082510937,0.30487821687026034,2026-09-12c
0.7341660165954412,0.3863503068534241,2026-09-12c
0.40458815093208134,0.6803113839162079,2026-09-12c
0.433714361414072,0.5797174801588116,2026-09-12c
0.3349403004073298,0.9551479998804541,2026-09-12c
0.5069818993240329,0.3747489110387235,2026-09-12c
0.30959899589830053,0.492004640527895,2026-09-12c
0.7157254960512818,0.7983003690542645,2026-09-12c
0.5302756501596009,0.340719766590725,2026-09-12c
0.7897170791908743,0.8101210639032876,2026-09-12c
0.7064497295701709,0.3518353456989203,2026-09-12c
0.4049568075163137,0.3131331681818036,2026-09-12c
0.5871403305497049,0.25913107429027044,2026-09-12c
0.5735345590141377,0.29125597669943887,2026-09-12c
0.4113622725010677,0.42255937115973324,2026-09-12c
0.44870829922051864,0.5738013055348757,2026-09-12c
0.672075812443701,0.05985424983715089,2026-09-12c
0.9967343168161407,0.9815550083626385,2026-09-12c
0.607507015346471,0.275738059185126,2026-09-12c
0.9468943468899724,0.4813220654281578,2026-09-12c
0.37299851092389114,0.4429801974261177,2026-09-12c
0.7601472593745194,0.4770368557835564,2026-09-12c
0.9348522766420431,0.020832024457675305,2026-09-12c
0.3155340481672823,0.7158722773341187,2026-09-12c
0.7288989545566493,0.14884316389174954,2026-09-12c
0.29808350678893497,1.1672192187674406,2026-09-12c
0.4019117042490185,0.9727170363381634,2026-09-12c
0.8920954606410803,1.6125585991389138,2026-09-12c
0.3558881203816556,0.40776876268971973,2026-09-12c
0.9157601127461471,0.6266736797210861,2026-09-12c
0.5288250577396287,0.1601290892781078,2026-09-12c
0.43528091107314654,0.28726543139878696,2026-09-12c
0.48430476008864665,0.7358760652739268,2026-09-12c
0.6084917378720639,0.1951261515841151,2026-09-12c
0.4486854961232033,0.4145347553805684,2026-09-12c
0.48987653559513833,0.410574060239875,2026-09-12c
0.8529221000064423,0.4148835964983406,2026-09-12c
0.5450166142272567,0.7320632479782482,2026-09-12c
0.7889902967655186,0.343016235690198,2026-09-12c
0.4320176805378637,0.6393947065628439,2026-09-12c
0.8542377307177106,0.35279120693731886,2026-09-12c
0.9942107218073738,0.9189380246099381,2026-09-12c
0.4089914098759881,0.3525835218338264,2026-09-12c
0.6743194489294392,0.19744549761895358,2026-09-12c
0.4064512129050761,0.17125384740064173,2026-09-12c
0.9167685552974494,0.11673418847623276,2026-09-12c
0.6144828455740234,0.2172962897978002,2026-09-12c
0.3895883685905242,0.23508266838975858,2026-09-12c
0.40658087459744485,0.5704296552350636,2026-09-12c
0.5371140677072099,0.2595453938349333,2026-09-12c
0.6139299282969705,0.14584022158593216,2026-09-12c
0.7561775607505049,1.1629771531199262,2026-09-12c
0.4956352804494397,0.3610920134149162,2026-09-12c
0.44040806027739,0.1615407769121188,2026-09-12c
0.8578345075875689,0.6422650478840063,2026-09-12c
0.48209709175596166,0.30217251467598166,2026-09-12c
0.6418638606491086,0.11648302370401376,2026-09-12c
0.20452819606359307,1.0520999463286391,2026-09-12c
0.4000579617712717,0.2955787736984926,2026-09-12c
0.41477228109913267,1.0182887629615947,2026-09-12c
0.9276757768685426,0.8138003402596793,2026-09-12c
0.9646180001760221,0.9625901480973026,2026-09-12c
0.6748406894811706,3.849743585175499,2026-09-12c
0.40197709384073854,0.8483142775416693,2026-09-12c
0.3931872890946287,0.6153619612105424,2026-09-12c
0.49520251224512973,0.40229807970559983,2026-09-12c
0.5747511034494085,0.36983153714992595,2026-09-12c
0.23829812904139852,2.2306455277778134,2026-09-12c
0.33979359695122247,0.837249214308727,2026-09-12c
0.47450000839315715,0.1428331640941768,2026-09-12c
0.9602272866580482,0.34669347303447123,2026-09-12c
0.48604901473683887,0.318157559838598,2026-09-12c
0.33167542821525736,0.5228922858908046,2026-09-12c
0.6190375904336258,2.431638765382576,2026-09-12c
0.9993268276627245,0.9962289860132948,2026-09-12c
0.4449160903743605,0.5009323578493823,2026-09-12c
0.6833507792082413,0.8145878266500503,2026-09-12c
0.6942216237326134,0.42108543655921565,2026-09-12c
0.4225116164474817,0.18218389647285593,2026-09-12c
0.360865085144577,0.39982676159833386,2026-09-12c
0.9621200406288296,0.005682410314303249,2026-09-12c
0.923242402303178,0.08540534355032924,2026-09-12c
0.995764666337713,1.4389843351107834,2026-09-12c
0.2896625946393739,1.27881194026431,2026-09-12c
0.6479554458846534,0.7840487059690647,2026-09-12c
0.5259028599360365,0.23837437250518623,2026-09-12c
0.8058083755036644,0.4667982125244439,2026-09-12c
0.5993257954801033,0.31649676626682904,2026-09-12c
0.9896174163717377,0.9575684865461386,2026-09-12c
0.9562478104576969,0.711632639505395,2026-09-12c
0.3722013308175227,1.0979126886800168,2026-09-12c
0.6007881861511652,0.3049185445231229,2026-09-12c
0.8945466359697495,0.2350112510886236,2026-09-12c
0.9962588148951361,0.5181892503113553,2026-09-12c
0.7041356811066616,0.06017352481982184,2026-09-12c
0.41875525725314017,0.23587778691617003,2026-09-12c
0.9920888913638081,0.25439484853285294,2026-09-12c
0.9299491795920422,0.9808735915745234,2026-09-12c
0.4058059650806825,0.6273478111453834,2026-09-12c
0.8520173780711882,0.043040555022922616,2026-09-12c
0.5332570751958018,0.38349390942604467,2026-09-12c
0.398401699702464,1.0267993600095742,2026-09-12c
0.8752773520832876,0.45099383167015006,2026-09-12c
0.9942218085021222,0.7116145021325474,2026-09-12c
0.4196055249443609,0.19052121528774912,2026-09-12c
0.9886473046628145,0.9609330307335764,2026-09-12c
0.48692999629842715,0.2578277209778646,2026-09-12c
0.9318307104409747,0.17946506094332,2026-09-12c
0.4038955764097177,0.5192267039466899,2026-09-12c
0.41634675632375634,0.2863348082112675,2026-09-12c
0.7036010249794704,0.14432379499017867,2026-09-12c
0.9982530507065757,0.983986465853652,2026-09-12c
0.2975593369395053,1.7248936326805977,2026-09-12c
0.3437334084525292,1.0010979806544833,2026-09-12c
0.7253377904035726,0.10038241014237555,2026-09-12c
0.9605092938405777,0.0953345380583237,2026-09-12c
0.6976196902398245,0.14303456330812708,2026-09-12c
0.3820622093571076,0.5040245924711562,2026-09-12c
0.4186898550795604,0.22182492189828346,2026-09-12c
0.38557333434679936,0.9347827194234438,2026-09-12c
0.4910599895765411,0.5490341104616475,2026-09-12c
0.374083203773889,0.4988737547089186,2026-09-12c
0.42917546604853873,0.47846131575723116,2026-09-12c
0.35939699410541454,0.2784521793940795,2026-09-12c
0.6542616754911189,0.22449433306300898,2026-09-12c
0.43831620895261036,0.20286653628654205,2026-09-12c
0.940856503981061,0.6471177612850036,2026-09-12c
0.36943248248166743,0.5546431023122722,2026-09-12c
0.39632786311365725,0.19666197822631176,2026-09-12c
0.5737958135422507,0.4616005320643478,2026-09-12c
0.4332685092801265,0.5215440776380785,2026-09-12c
0.4485850303765805,0.42150191438269974,2026-09-12c
0.3481697734468022,0.3002888358492803,2026-09-12c
0.4259456452909544,0.7193185571632227,2026-09-12c
0.4827431605975797,0.2382077538990974,2026-09-12c
0.9857123276872518,0.9091741011969239,2026-09-12c
0.6474861675559622,0.12120953099934342,2026-09-12c
0.6774841584655524,1.4233142346962497,2026-09-12c
0.39716124841428907,0.44804194069170694,2026-09-12c
0.4746796285861552,0.5774556687078832,2026-09-12c
0.5469599453341494,0.21742912108265636,2026-09-12c
0.6022472751401974,0.2951969327277398,2026-09-12c
0.7040554689073912,0.1427545103950238,2026-09-12c
0.4723036079481822,0.29066178728286063,2026-09-12c
0.8494892086975788,0.04353575600815267,2026-09-12c
0.8608698879050183,0.5315420595761938,2026-09-12c
0.4893912330895751,0.9378578862816134,2026-09-12c
0.9934121307813565,0.9858473070968342,2026-09-12c
0.9991095082771628,0.0017019062070846136,2026-09-12c
0.33461682133001575,0.37595544264408903,2026-09-12c
0.5926086580686462,0.2038407522005924,2026-09-12c
0.9261892677174329,0.4499110598025072,2026-09-12c
0.4124807132242292,0.3561826336863245,2026-09-12c
0.5291009969539427,0.24425474813186712,2026-09-12c
0.9243225284712966,0.6828221181751297,2026-09-12c
0.8526824924822902,0.8638653384945616,2026-09-12c
0.9424362451485973,0.027951671077081207,2026-09-12c
0.31537617712976485,0.44999734948270487,2026-09-12c
0.8181365873175829,0.12523086313730872,2026-09-12c
0.7445850117877345,0.8651248517295245,2026-09-12c
0.3995415829420541,0.25689072212641184,2026-09-12c
0.5703181199783112,0.2925180710093546,2026-09-12c
0.4623663842479964,0.27483340675604057,2026-09-12c
0.34980663995234085,0.7580441001784535,2026-09-12c
0.41893984169831017,0.5775501026289791,2026-09-12c
0.7703782651038992,0.3177603198903061,2026-09-12c
0.43279676792190314,0.3079366283307924,2026-09-12c
0.5906294647032778,0.3719385196304309,2026-09-12c
0.47838097919493466,0.3717574350623446,2026-09-12c
0.5869033024179435,0.3782633293481979,2026-09-12c
0.9989357326922508,2.060870033326149,2026-09-12c
0.35663024209207544,1.8300010247055136,2026-09-12c
0.879349096360803,0.07508031682175259,2026-09-12c
0.4025573503143228,0.469838202164957,2026-09-12c
0.4688676676013603,0.36139664226096274,2026-09-12c
0.35368867918255115,0.4942288658501473,2026-09-12c
0.516852245825719,0.2203998649549021,2026-09-12c
0.9722255030211341,0.4244188401206245,2026-09-12c
0.3893439308124947,0.31094551069636417,2026-09-12c
0.32496080304848707,1.4678313665310356,2026-09-12c
0.4001608700365056,5196.019938705575,2026-09-12c
0.9652561057838688,0.2786234696077324,2026-09-12c
0.8688405735778356,0.5713319694276748,2026-09-12c
0.45254954474265674,0.3262506344011661,2026-09-12c
0.5172429026749273,0.3289361404280277,2026-09-12c
0.4923893969363478,0.16875587142564377,2026-09-12c
0.9881139459170355,0.9895938579935712,2026-09-12c
0.9992516935541789,0.998901798751724,2026-09-12c
0.8634609080767236,0.1507245041799582,2026-09-12c
0.6224915459365777,0.42225496456976264,2026-09-12c
0.5267155567418105,0.227707189168852,2026-09-12c
0.9282782874631056,0.7680197726296658,2026-09-12c
0.5309781253561059,0.5972678069583284,2026-09-12c
0.4066148466648124,0.9689917261423459,2026-09-12c
0.3005839678413901,0.5883698308874478,2026-09-12c
0.9599519381603587,0.8486158314443526,2026-09-12c
0.4151353196358892,0.21071223250189644,2026-09-12c
0.30583140714565776,0.6126450751930931,2026-09-12c
0.43046563653905745,0.6646745859100701,2026-09-12c
0.44573416417725775,0.5811345958545294,2026-09-12c
0.6313728621665451,0.12037853280804875,2026-09-12c
0.4638404012605505,0.3659709538304009,2026-09-12c
0.5937385267753689,0.23129873338829496,2026-09-12c
0.5238660098325922,0.5651855403116224,2026-09-12c
0.280710884470856,1.4841577624666122,2026-09-12c
0.3584579103470522,0.6504594117348912,2026-09-12c
0.5148604837246593,0.3178688762719672,2026-09-12c
0.5093898082264559,0.1666098367454078,2026-09-12c
0.5571967864596147,0.2764409055761047,2026-09-12c
0.720323039660778,0.335992218178722,2026-09-12c
0.9889562234848736,1165.8650805673763,2026-09-12c
0.9961134424845357,0.0026528594350076293,2026-09-12c
0.41269405537508425,0.6100435455212949,2026-09-12c
0.3187979857221234,0.45325622767102985,2026-09-12c
0.9702634517766061,1.7892234663616187,2026-09-12c
0.616113514765106,0.46839930333753726,2026-09-12c
0.9981176040725046,0.21708418554222547,2026-09-12c
0.9436533308163686,0.011856305414920724,2026-09-12c
0.9967664116930172,0.9003401753431458,2026-09-12c
0.9967261316978987,187.05933964113058,2026-09-12c
0.4069145378893927,0.2852907830597178,2026-09-12c
0.3689810294584197,0.31794223164021923,2026-09-12c
0.4205686949440076,0.24286514955599417,2026-09-12c
0.3286925642685108,1.1479564722488655,2026-09-12c
0.46909100435257767,0.562027274972735,2026-09-12c
0.9282748627900006,0.7310862196392466,2026-09-12c
0.32327638926819563,0.8105567615564141,2026-09-12c
0.4455998366717203,0.3394933691439847,2026-09-12c
0.467754839864251,0.3827182752533058,2026-09-12c
0.8681601198083391,0.5645001299549912,2026-09-12c
0.7391630904611534,0.088388915969305,2026-09-12c
0.44779808778942576,0.6349312580460716,2026-09-12c
0.8283742222593644,0.5346140642548861,2026-09-12c
0.5681937865014034,0.24889708170565722,2026-09-12c
0.29234775678608943,0.4895164768291178,2026-09-12c
0.9443571730126595,0.5161148095115906,2026-09-12c
0.4705880952966031,0.24101408716914954,2026-09-12c
0.5274615513762926,0.41006550876457165,2026-09-12c
0.4768572198621333,0.4232696594969855,2026-09-12c
0.4483445907216823,0.27438186346241766,2026-09-12c
0.4863837398989545,0.5430145988465676,2026-09-12c
0.9997772640617815,0.7951108046662256,2026-09-12c
0.5261299675928186,0.6566094354583315,2026-09-12c
0.6279840647155617,0.6240052622477695,2026-09-12c
0.652874343311792,0.14616727009345867,2026-09-12c
0.9972664084361209,0.9903371198710506,2026-09-12c
0.9999120789143682,0.2222442401495842,2026-09-12c
0.679786428759018,0.5618609115728241,2026-09-12c
0.5086704063571705,0.3708461769819423,2026-09-12c
0.9880737788886214,0.971744285625659,2026-09-12c
0.9988277826382131,0.975759128392404,2026-09-12c
0.9381503108181324,35.164198441592,2026-09-12c
0.8401735916860557,0.02543360413557463,2026-09-12c
0.327432880189245,0.4475778390960808,2026-09-12c
0.6067291381041787,2.7675864575896374,2026-09-12c
0.9982802470356283,0.9461692667694981,2026-09-12c
0.7326123856787923,0.28084182677058184,2026-09-12c
0.35036823603574324,1.1635310027673818,2026-09-12c
0.4806042761165939,1.0567010688585414,2026-09-12c
0.41314338772531134,0.5493670113694811,2026-09-12c
0.3736454189392643,1.041910064223384,2026-09-12c
0.9983587418003923,0.8871405348934643,2026-09-12c
0.324352762235021,0.12585289340388928,2026-09-12c
0.4020502904568647,1.4893326839664938,2026-09-12c
0.9787876665957296,1.9631863764459891,2026-09-12c
0.9739515331006163,0.6371846578471961,2026-09-12c
0.3806116758571281,0.6638938763862486,2026-09-12c
0.3684863011616227,0.9639956728297806,2026-09-12c
0.4271907981870022,0.26482981756148255,2026-09-12c
0.6478880050163097,0.23430735059719773,2026-09-12c
0.9562910444630534,0.8570104178449075,2026-09-12c
0.39553898018000627,0.4797573096132734,2026-09-12c
0.7338146421437098,0.39754541413145766,2026-09-12c
0.8970860495007436,0.48475409168497763,2026-09-12c
0.8349461482775206,0.27259532419748433,2026-09-12c
0.3848063273315444,0.415894763761242,2026-09-12c
0.679045418484489,3.8757737269689314,2026-09-12c
0.9987230601951197,2.514521605192597,2026-09-12c
0.998681436946787,0.9909223681814087,2026-09-12c
0.35368863328841976,0.40019160936950016,2026-09-12c
0.5937407476009876,0.45577102707373723,2026-09-12c
0.9995758868303474,0.9996135760190643,2026-09-12c
0.507852291129815,0.37049036314723227,2026-09-12c
0.503648140079168,0.26408657827125687,2026-09-12c
0.4573020497147074,0.41036661983550826,2026-09-12c
0.39477790987978917,0.2709664590756671,2026-09-12c
0.5235225877021891,0.367987960864353,2026-09-12c
0.7527097805167501,0.577039880110019,2026-09-12c
0.676309422619405,0.15182354302561596,2026-09-12c
0.5904362336247806,0.5675216823243778,2026-09-12c
0.9989170685771075,0.13347287496290908,2026-09-12c
0.7865968975538014,0.41031074725260597,2026-09-12c
0.5625449762859682,0.3615504229846342,2026-09-12c
0.41298842240638906,1.2922956481562549,2026-09-12c
0.9933532965722253,8.845171084768477,2026-09-12c
0.4748851235888983,0.30621660841315584,2026-09-12c
0.408378850221699,0.5528340133627856,2026-09-12c
0.87924731448219,0.35103545546091564,2026-09-12c
0.9077049460502293,0.2241211948830516,2026-09-12c
0.9931004703499946,0.9302789548920986,2026-09-12c
0.48467582004504467,0.35992388381063667,2026-09-12c
0.9687247401383139,0.9560183486190162,2026-09-12c
0.4265432290666124,0.37719561814244157,2026-09-12c
0.7020837452177568,0.5717623714157698,2026-09-12c
0.28471391677861874,2.494389669801347,2026-09-12c
0.5185428590841941,0.43000155898216,2026-09-12c
0.49455874194553895,0.2819109053243968,2026-09-12c
0.44087143674624274,0.5655080854982315,2026-09-12c
0.5986242435099018,0.1321187819896758,2026-09-12c
0.566325365425707,0.4470600480128162,2026-09-12c
0.4456290813896358,0.31303688199702956,2026-09-12c
0.46214280558982734,0.5620574478115302,2026-09-12c
0.38166999474152413,0.45829880549210344,2026-09-12c
0.39820337791133575,0.6115083093045506,2026-09-12c
0.833417712491941,0.036146629230393905,2026-09-12c
0.4350814771793173,0.17788130409584582,2026-09-12c
0.3877539634622528,0.44646523573726243,2026-09-12c
0.4374022557569638,0.33664549641649544,2026-09-12c
0.41160205767674773,0.4497327956687887,2026-09-12c
0.8169719119381448,0.20918640314252585,2026-09-12c
0.7569659667270827,0.6851064440846776,2026-09-12c
0.9876831708654292,0.07526130163588433,2026-09-12c
0.9990313876791399,0.9326858934698798,2026-09-12c
0.6049883671575693,0.3890512866076898,2026-09-12c
0.37430388387595454,0.49667827065256315,2026-09-12c
0.8267200983287711,0.5140361562099024,2026-09-12c
0.417739915076108,0.6987931492719707,2026-09-12c
0.4858095803447538,0.6768774266370453,2026-09-12c
0.35683928803214093,0.8206240441117532,2026-09-12c
0.38181318471862796,1.2295146143199671,2026-09-12c
0.922641836449737,0.7531940221557952,2026-09-12c
0.6890542460456235,1.310295005704366,2026-09-12c
0.5985724143044795,1.5114050600483093,2026-09-12c
0.5011425605104993,0.1728212054474801,2026-09-12c
0.325766281216546,0.6942737590805661,2026-09-12c
0.4052044365805567,0.6062557853200514,2026-09-12c
0.8660058983637567,0.8083082191126951,2026-09-12c
0.9989986059789979,2.2581822723858167,2026-09-12c
0.7189638186748536,0.025235640945727368,2026-09-12c
0.9390013996751214,0.7343784812910424,2026-09-12c
0.8759402565689941,0.22598921892677926,2026-09-12c
0.4131224559389366,0.3994541268140504,2026-09-12c
0.5322545535217227,0.23914968319779087,2026-09-12c
0.8827560196490911,0.7325332399814016,2026-09-12c
0.4366236625744937,0.16309023458700397,2026-09-12c
0.7119948139745547,0.10761477035898438,2026-09-12c
0.9512698759864204,2.5362919275962725,2026-09-12c
0.3887201747694336,0.17923605690829997,2026-09-12c
0.8928919937586346,0.5524232311886068,2026-09-12c
0.6792934268279613,0.8115932922900365,2026-09-12c
0.9378358524872367,0.803926827822312,2026-09-12c
0.5775647779633768,0.4012091165764788,2026-09-12c
0.6455622283612493,5.698118857440011,2026-09-12c
0.46674304960166574,0.3400844237519189,2026-09-12c
0.9992072544653998,0.9984863949987439,2026-09-12c
0.40714631677320073,0.629755863219979,2026-09-12c
0.602459639786925,0.14623095423968102,2026-09-12c
0.989759390984018,0.9766472553572093,2026-09-12c
0.30811674481937534,0.5766987334708039,2026-09-12c
0.9785525433268318,0.9822303145679171,2026-09-12c
0.4693210054864685,0.4798196364154389,2026-09-12c
0.3775322393585239,1.1020993000825086,2026-09-12c
0.4615150597204296,0.8436243900180472,2026-09-12c
0.9550604111839435,0.7474910303834635,2026-09-12c
0.9877320094786641,0.8582528014317248,2026-09-12c
0.4144291857089018,0.4469692402627295,2026-09-12c
0.9989101916907497,0.7201762399680794,2026-09-12c
0.5953060813203335,0.21924179027614513,2026-09-12c
0.9989694470730628,0.507638367642305,2026-09-12c
0.4398796499278601,0.7229154834635988,2026-09-12c
0.34492718910852954,0.6141935295322567,2026-09-12c
0.3561933471140787,0.1767635072435899,2026-09-12c
0.5499146907948127,0.16596994880309787,2026-09-12c
0.942328557478591,1.2929953430058847,2026-09-12c
0.44912112451504405,0.4588807096992924,2026-09-12c
0.8519134693011252,0.4909118729354351,2026-09-12c
0.6314379584689447,0.4645692494420293,2026-09-12c
0.7748693585930512,0.3933121258476231,2026-09-12c
0.7073970509107368,0.25740162243864345,2026-09-12c
0.5024216050866634,0.23794782996373623,2026-09-12c
0.634956571687453,0.1939829515447505,2026-09-12c
0.578052022674496,0.3281932868005701,2026-09-12c
0.39560087018370754,0.47609793497827724,2026-09-12c
0.4750097358963502,0.1894402258428405,2026-09-12c
0.9488733414817152,2.043355315060147,2026-09-12c
0.46495344818339523,0.36197510896000834,2026-09-12c
0.5643615062243466,0.9568815721518984,2026-09-12c
0.3960152924791023,0.5541075361140689,2026-09-12c
0.9833080412202984,0.19055272001350973,2026-09-12c
0.3761552122969478,0.33397495998933935,2026-09-12c
0.9117003789311444,0.12675657943453064,2026-09-12c
0.8611807031749799,0.1608446491691869,2026-09-12c
0.9259285351025096,7.663383322474988,2026-09-12c
0.46713078531913105,0.222305113456656,2026-09-12c
0.3664944081248681,0.33237879291989864,2026-09-12c
0.8659224405740232,0.6730546385785171,2026-09-12c
0.698954442092413,0.63380563984403,2026-09-12c
0.9959737134303994,0.8251444720088533,2026-09-12c
0.6035219839633904,0.31458333215945966,2026-09-12c
0.4227179001229728,0.8681279278476894,2026-09-12c
0.4544022220804909,0.21166897017852931,2026-09-12c
0.5580974378790797,0.19620577586038834,2026-09-12c
0.36254996984209537,0.1262229937344761,2026-09-12c
0.7697762466989386,0.2150043318305279,2026-09-12c
0.9919587933147223,0.9920200326036198,2026-09-12c
0.3046380074542299,1.668155645373294,2026-09-12c
0.6029105523193032,0.23762367970774478,2026-09-12c
0.6484029738438788,4.650149477992658,2026-09-12c
0.955717737365981,0.24318805036173594,2026-09-12c
0.9968136328671764,0.5438451734338002,2026-09-12c
0.465296360858445,0.35037838325320947,2026-09-12c
0.4365145410146475,0.4417522765888503,2026-09-12c
0.42139119341833836,0.1521280300381051,2026-09-12c
0.76999279746313,0.06592305135706006,2026-09-12c
0.42747099854342324,0.3139324869930643,2026-09-12c
0.9205551781350216,0.297280191391903,2026-09-12c
0.4969219615085222,0.5770559619470119,2026-09-12c
0.573994343355198,0.29814251680922377,2026-09-12c
0.9837578096440657,0.5824385287648166,2026-09-12c
0.44430763819718977,0.6158896817841838,2026-09-12c
0.3680007168021889,0.32575788227259456,2026-09-12c
0.9995836479412304,0.9113546764378395,2026-09-12c
0.4291261594977923,0.36706955138033415,2026-09-12c
0.6096141945537713,0.10402186766522747,2026-09-12c
0.9182543642310772,0.7400312165643627,2026-09-12c
0.765058191424141,0.3760015919184092,2026-09-12c
0.9948704516321172,0.9399857341845224,2026-09-12c
0.9517653696495303,1.2545136949111333,2026-09-12c
0.9942316174208977,0.00471411786775284,2026-09-12c
0.9415428810880434,0.13270347867878637,2026-09-12c
0.6014556051433294,0.13565335268612547,2026-09-12c
0.39376464275303397,0.8576975707109296,2026-09-12c
0.946784146790549,0.008880660188173415,2026-09-12c
0.5100416842079687,0.2971352518925222,2026-09-12c
0.7558505796663068,0.7343482265161396,2026-09-12c
0.4372615349780468,0.5199465335149401,2026-09-12c
0.4073900352328325,0.42772400474836786,2026-09-12c
0.760705750356756,0.0657705433645473,2026-09-12c
0.872214739147337,0.36177313437041464,2026-09-12c
0.5007928832429022,0.20867864493412625,2026-09-12c
0.8059629553237767,0.12009217896079812,2026-09-12c
0.7873200583442268,0.22080579023208388,2026-09-12c
0.48030914465190055,0.30821163696561,2026-09-12c
0.3372002889280286,0.051735657203181594,2026-09-12c
0.5124118760346046,0.26759323005799607,2026-09-12c
0.5704492576261728,0.2660249427976126,2026-09-12c
0.8158751154375168,0.11840538309338643,2026-09-12c
0.9980787947838395,0.9944696534408086,2026-09-12c
0.6346634697003231,0.30799461248006627,2026-09-12c
0.40071989115127815,0.30409248034487013,2026-09-12c
0.42245613516576097,0.37607296990362393,2026-09-12c
0.49737504327594867,0.16565874415368712,2026-09-12c
0.978400162893942,0.9057991286266076,2026-09-12c
0.7290942717004423,0.25186598913325264,2026-09-12c
0.37172172514648244,0.6072656761072568,2026-09-12c
0.4164525707307383,0.7013673383256855,2026-09-12c
0.3596385025307979,0.8748631646475631,2026-09-12c
0.38678221231374604,0.9465726560782151,2026-09-12c
0.9862199596930128,0.9812295967835194,2026-09-12c
0.3798139774015179,0.20574851931143054,2026-09-12c
0.5787558738105398,0.21841169203288416,2026-09-12c
0.9548214360524363,0.801084194509325,2026-09-12c
0.4945590033460231,0.242255759811164,2026-09-12c
0.5570372385481712,0.2809579572080736,2026-09-12c
0.9998519507537256,7.994609428074499,2026-09-12c
0.6952887189949459,0.1286290547020735,2026-09-12c
0.4840318486302674,0.46596073177342895,2026-09-12c
0.40647451913334587,0.27261214122590327,2026-09-12c
0.7389092185425101,0.22595965406701543,2026-09-12c
0.8560108582948346,0.7345213682204844,2026-09-12c
0.319125690986111,0.3220394044310201,2026-09-12c
0.9557804840662423,0.47615625154302477,2026-09-12c
0.4653997124629171,0.4505466845597074,2026-09-12c
0.9735740605367385,2.2489220829198944,2026-09-12c
0.4879792417807349,0.22613651735558896,2026-09-12c
0.5033994073925213,0.38056995882581524,2026-09-12c
0.35916632213688937,0.5998712334325013,2026-09-12c
0.5194952500368113,0.24228075603193872,2026-09-12c
0.5483616584043479,0.3055811239221738,2026-09-12c
0.7313869649011836,2.025919239108743,2026-09-12c
0.4649589643046002,0.3109503608016674,2026-09-12c
0.6937571765953869,0.2954551336475142,2026-09-12c
0.8886771754803313,0.027342206099235496,2026-09-12c
0.4935233280831378,1.1493847019314063,2026-09-12c
0.9807825183026068,0.9571913952940283,2026-09-12c
0.9921374795122949,0.9694257801459634,2026-09-12c
0.2870423735071434,1.171674301235986,2026-09-12c
0.9796748269002757,0.5907287406233437,2026-09-12c
0.27732459689711153,0.4212425418282123,2026-09-12c
0.3813175174740686,0.6835136506964076,2026-09-12c
0.8989366092697825,0.6494704157775993,2026-09-12c
0.3149324947551027,0.7893264877629582,2026-09-12c
0.9982969139145177,0.881828708319637,2026-09-12c
0.4953329941008283,0.26621945839980055,2026-09-12c
0.3415774289724043,1.5782337371056312,2026-09-12c
0.9724757970473256,0.44058974461214634,2026-09-12c
0.30583518095896695,0.9416431591252546,2026-09-12c
0.5373268880261152,0.24603101242899442,2026-09-12c
0.780440378056603,0.6590537902353045,2026-09-12c
0.6956549411178954,0.17930968012545057,2026-09-12c
0.9434087026555915,0.7704646998123197,2026-09-12c
0.9932781194272342,0.9778749253648421,2026-09-12c
0.32551400517194196,0.21111966805352164,2026-09-12c
0.4230558861914911,0.22697282145924386,2026-09-12c
0.9910980536537385,0.0016853312349655648,2026-09-12c
0.4087603909309248,0.4374027450860791,2026-09-12c
0.9969372514263345,0.9977203516595676,2026-09-12c
0.9000275070850106,0.04168356490006909,2026-09-12c
0.42586827863961757,0.33223688860566697,2026-09-12c
0.31774430291024053,0.895103834018262,2026-09-12c
0.9510476186171479,0.9567351125773509,2026-09-12c
0.8749693728685309,0.4647245133244115,2026-09-12c
0.5253519102819969,0.6467660365229064,2026-09-12c
0.9504453487934703,0.9534997058500788,2026-09-12c
0.9099322983520972,0.12332396015335784,2026-09-12c
0.37568303074648723,0.565971046639943,2026-09-12c
0.9296757501877095,0.8031666118608749,2026-09-12c
0.4625700916964544,0.1882348369455363,2026-09-12c
0.8813590480525756,0.7486232641411064,2026-09-12c
0.99843975763504,2.2101359370435874,2026-09-12c
0.9754539528682248,3.00176218271478,2026-09-12c
0.43153748357887645,1.8571407712270955,2026-09-12c
0.9029706432710692,2.0360632646080488,2026-09-12c
0.9616839969629933,0.7057585545873536,2026-09-12c
0.8025214914124223,0.050184492596515945,2026-09-12c
0.9134324185804094,0.7807903326154587,2026-09-12c
0.7141832045681505,0.12073999036716702,2026-09-12c
0.597618064488946,0.15309871295321997,2026-09-12c
0.9641726969417607,0.1433289238575453,2026-09-12c
0.39644807755854844,0.4011583504895314,2026-09-12c
0.43896323353456906,0.5660634617502793,2026-09-12c
0.5084396565703698,0.7175775002959965,2026-09-12c
0.3846535126553024,0.45135910560895853,2026-09-12c
0.3497427266360555,0.5429508377761522,2026-09-12c
0.4058843440220572,0.342250641716415,2026-09-12c
0.2849390362389187,0.5200986242559379,2026-09-12c
0.4943911011874838,0.17284517533152635,2026-09-12c
0.2459692723058081,1.3809444107990776,2026-09-12c
0.8373589333252438,0.3213192258786048,2026-09-12c
0.8794802289375624,0.100121032397166,2026-09-12c
0.8484978857051197,0.17477094529693635,2026-09-12c
0.4725351545238988,0.3485022883451154,2026-09-12c
0.9305834618695473,0.5327715328038188,2026-09-12c
0.31980900452750366,1.3016302594095814,2026-09-12c
0.4293349147382861,1.1515311606742331,2026-09-12c
0.9996031828672555,0.9825847425744284,2026-09-12c
0.489211834726179,0.5003903849522906,2026-09-12c
0.29560438843540254,0.8581101631523009,2026-09-12c
0.6571156476842308,0.10808373322436789,2026-09-12c
0.9540801674605383,8.448569054336089,2026-09-12c
0.45581536180256205,1.701414374585628,2026-09-12c
0.5963456860175336,4.5559257236995325,2026-09-12c
0.46271845448561083,0.9706498648883392,2026-09-12c
0.4330684631113176,0.6931760890449903,2026-09-12c
0.42009450845666774,0.11315660956271738,2026-09-12c
0.5988995448627156,0.23878145347294435,2026-09-12c
0.72010469568425,0.11915701347058445,2026-09-12c
0.4199789815433469,0.31683009396248346,2026-09-12c
0.38500511871350285,0.4321308825352345,2026-09-12c
0.3351230001566755,0.6225356474708766,2026-09-12c
0.39391381534723113,0.6720495316136914,2026-09-12c
0.9858989603722967,1.1750842173816411,2026-09-12c
0.6124766172367536,0.34484658969174187,2026-09-12c
0.5002253596087469,0.24477631885848802,2026-09-12c
0.962260584752077,1.0296008577681053,2026-09-12c
0.4633801919724255,0.2394185292257889,2026-09-12c
0.9489214831041775,0.8315194857561663,2026-09-12c
0.7009540369487312,0.09150637749091159,2026-09-12c
0.656949014786825,0.38755162679644906,2026-09-12c
0.42571850154929647,0.19631032604358056,2026-09-12c
0.6010426376424095,0.14731090429101265,2026-09-12c
0.2665060872080469,0.8407311526654951,2026-09-12c
0.6344383653903921,0.17939269214279294,2026-09-12c
0.8094069867527762,0.5637269294828378,2026-09-12c
0.39815466612266437,0.44617027704585854,2026-09-12c
0.433252128684497,0.49410871300790593,2026-09-12c
0.4345193484096372,0.5984320436891852,2026-09-12c
0.5212966140865889,0.03916243293113051,2026-09-12c
0.360078212774428,0.47702970505533077,2026-09-12c
0.8850164910895095,0.18203335039384258,2026-09-12c
0.44550354542632975,0.7527421586081574,2026-09-12c
0.7039506989966351,0.1637163028518189,2026-09-12c
0.8034281265136671,0.14720489955107982,2026-09-12c
0.5939618147620533,0.40567264505929335,2026-09-12c
0.3484198577151626,0.13513207508257336,2026-09-12c
0.9760082115874849,0.962966509749356,2026-09-12c
0.9903622589902352,0.9336564018082826,2026-09-12c
0.400007253329939,0.4516679106469105,2026-09-12c
0.9504757219787804,0.3779989851117306,2026-09-12c
0.9875451225345665,0.025292999550147886,2026-09-12c
0.6705014203893092,0.3158939018064803,2026-09-12c
0.8797053526811807,0.08140826309044026,2026-09-12c
0.5014553071753113,0.5910952414090244,2026-09-12c
0.7507505274203271,0.10501242699430412,2026-09-12c
0.9954913511099288,0.9224811653070714,2026-09-12c
0.31584260513859097,0.22484057375823638,2026-09-12c
0.9830047800872439,0.9968781583905866,2026-09-12c
0.3387624610354166,0.6501543228070509,2026-09-12c
0.3518607025559062,1.4724010952013518,2026-09-12c
0.9910850885806286,1.665793862158302,2026-09-12c
0.7119102538290852,0.09090226271485957,2026-09-12c
0.40296313219941166,0.4757911155280081,2026-09-12c
0.4263886114013579,0.25172791396856076,2026-09-12c
0.9624656994819019,0.6224178534445723,2026-09-12c
0.9882580988124847,0.9676982454492095,2026-09-12c
0.4162389607379067,0.9695137918608957,2026-09-12c
0.4045632773404963,1.221709784781654,2026-09-12c
0.988889247104789,19.44869025186614,2026-09-12c
0.6865944011454727,0.19317512770872328,2026-09-12c
0.5486435931763082,0.2389490544114619,2026-09-12c
0.9218115399686031,0.05278164658836094,2026-09-12c
0.9921833522806528,0.9873970178224141,2026-09-12c
0.5174285571274123,0.8553367839225882,2026-09-12c
0.9694185831016191,0.23135512299386374,2026-09-12c
0.3990377607441292,0.7348951833398246,2026-09-12c
0.5767828080445383,0.101628544413108,2026-09-12c
0.9650639969732624,0.013209487272042955,2026-09-12c
0.43320039291919926,0.363326093031565,2026-09-12c
0.6799639632906563,0.2615901334662771,2026-09-12c
0.9986491300385949,0.4049527973446407,2026-09-12c
0.35276533628292783,0.4504681387120372,2026-09-12c
0.3044734891076057,1.4151761210544966,2026-09-12c
0.90355711766704,0.6278795256011254,2026-09-12c
0.471946914781749,0.48586844964727854,2026-09-12c
0.8275736105209237,0.13158920161361948,2026-09-12c
0.41490661964559933,0.4356690515340785,2026-09-12c
0.9804579280146383,0.01738555026099579,2026-09-12c
0.5159472744722634,0.21181826436263132,2026-09-12c
0.796746789090302,0.901319919636824,2026-09-12c
0.7856916153713916,0.12454255678299363,2026-09-12c
0.4303506982154267,0.574471782805072,2026-09-12c
0.997310849625062,0.9985274154293639,2026-09-12c
0.4934478842402762,0.38325885204921917,2026-09-12c
0.4575233408059159,0.2553004907742316,2026-09-12c
0.652612206509212,0.2245814655679861,2026-09-12c
0.9920165456380701,0.9745620166564868,2026-09-12c
0.9982414436539478,0.9780538820405859,2026-09-12c
0.9657563676401814,0.39742645172823804,2026-09-12c
0.7599002278805183,0.5930400480695176,2026-09-12c
0.45967047628771146,0.27909382181359843,2026-09-12c
0.43528485445557247,0.743083085345478,2026-09-12c
0.9955381406524153,0.9757634619283078,2026-09-12c
0.7481339521336043,0.664818804168348,2026-09-12c
0.776510900958073,1.1539654816506058,2026-09-12c
0.8368568676560184,0.27011166772030737,2026-09-12c
0.3561268382041612,0.4558826249778625,2026-09-12c
0.35253307302561726,0.2765493883339637,2026-09-12c
0.3528072287954334,0.660902011799026,2026-09-12c
0.9989799159538024,158.07776380770147,2026-09-12c
0.7691388586788288,0.4635229793872103,2026-09-12c
0.5861384010733309,0.5251236463671034,2026-09-12c
0.49000061419158053,0.9609134974269541,2026-09-12c
0.37879047442072683,1.7335619898083987,2026-09-12c
0.552557484141671,0.33659576514942957,2026-09-12c
0.9023448717888576,0.0954421942232725,2026-09-12c
0.4166993344885568,0.636767466225238,2026-09-12c
0.557882961135986,0.3396843456583124,2026-09-12c
0.9982689228431902,0.8090302964353927,2026-09-12c
0.5474633445565079,0.33773670331430233,2026-09-12c
0.3139674695692149,0.82189293842918,2026-09-12c
0.9117064555997757,0.8315364922916727,2026-09-12c
0.9983653763356475,1.7992154406838077,2026-09-12c
0.7939377811010061,0.10307187665629693,2026-09-12c
0.3113226245582358,1.0048723823788064,2026-09-12c
0.3567036751095408,0.2903718382289301,2026-09-12c
0.9399266625566809,0.8245660038080607,2026-09-12c
0.5583370536817043,0.2565493325400416,2026-09-12c
0.9994417592704576,0.9971658842209943,2026-09-12c
0.4337771575939191,0.48827187489365614,2026-09-12c
0.6120434076313076,0.15063357900824936,2026-09-12c
0.43230149857270594,0.5662723874373994,2026-09-12c
0.6335000770591623,0.36743638727141875,2026-09-12c
0.41048694904383415,0.32164616841587085,2026-09-12c
0.39612973296718584,0.3992586113205955,2026-09-12c
0.9844310677531253,2.076521114780282,2026-09-12c
0.6919027462931719,2.3088467497147516,2026-09-12c
0.8358100702630133,0.7121782717488903,2026-09-12c
0.5887073997853443,1.2916417881767934,2026-09-12c
0.6882115347757244,0.1828686737410706,2026-09-12c
0.9175270245831673,0.4247376874045402,2026-09-12c
0.9996082903656922,211.9068197821958,2026-09-12c
0.39766416303357394,0.4090386563546169,2026-09-12c
0.8393995204629091,0.6280086361272537,2026-09-12c
0.9504422323384238,0.16878273407751734,2026-09-12c
0.37851347784728956,1.804249408478415,2026-09-12c
0.2988081947837474,1.539045090407164,2026-09-12c
0.8493336840963622,0.33225176980903887,2026-09-12c
0.9146665960583842,0.020164870776063232,2026-09-12c
0.7216377426044733,0.3775666298726299,2026-09-12c
0.3657931619168723,0.9454301357561833,2026-09-12c
0.9656286177775677,1.3806203312385852,2026-09-12c
0.487178380159415,0.3280705793599685,2026-09-12c
0.9862450042104782,0.9810115768633278,2026-09-12c
0.8503627145759745,0.07342310214457005,2026-09-12c
0.5136998255990175,1.2147128659829725,2026-09-12c
0.41628907108957053,0.63283658257531,2026-09-12c
0.8333731707088256,0.7740706328095579,2026-09-12c
0.9455774221702621,0.8489322755341564,2026-09-12c
0.7180069484791315,0.3916808369230199,2026-09-12c
0.3236743103135591,0.20776380940915132,2026-09-12c
0.4012312356143433,0.4904616278230391,2026-09-12c
0.9549444941194908,0.6916536027926077,2026-09-12c
0.4418792068430968,0.2741812308803364,2026-09-12c
0.33365773849053376,0.22015443545867894,2026-09-12c
0.4608173046597517,0.3442868422370807,2026-09-12c
0.45030710109030087,0.2136785441294194,2026-09-12c
0.9356344883543016,0.5622750248088525,2026-09-12c
0.7501277910772632,0.053337558660321964,2026-09-12c
0.38609395792977047,0.17450971311386504,2026-09-12c
0.595442315061227,0.07225178049251661,2026-09-12c
0.370469948973216,0.28336880245025076,2026-09-12c
0.7185300695642102,0.035404001538928837,2026-09-12c
0.40802517575791364,0.08368600147823518,2026-09-12c
0.42557857730190884,0.06421913302806051,2026-09-12c
0.6078336597902287,6.757340751686514,2026-09-12c
0.4010519606546382,0.056233701189375,2026-09-12c
0.32938186697443306,0.06871840947022667,2026-09-12c
0.35561760769155476,0.08085770849552806,2026-09-12c
0.32967884912846557,0.8615342084241258,2026-09-12c
0.4503271239231377,0.13518935091559478,2026-09-12c
0.8314870266991292,0.522112541972341,2026-09-12c
0.7653778974238571,0.37210187836450215,2026-09-12c
0.8885374068618694,0.47204608826091515,2026-09-12c
0.305905145278359,0.13325058270162204,2026-09-12c
0.8407679095153369,0.5729448298913699,2026-09-12c
0.4118616077592085,0.2393760228264062,2026-09-12c
0.34445814611860515,0.14481164906284608,2026-09-12c
0.4453896588159279,0.18476345267622596,2026-09-12c
0.4224915872158047,2.974903010721403,2026-09-12c
0.9532966733013032,0.6754874601512325,2026-09-12c
0.4324422953521777,0.07553270840932781,2026-09-12c
0.3471456699883626,0.11669973582519302,2026-09-12c
0.43619611471427494,0.12488873095846453,2026-09-12c
0.36947643265900704,0.15697718015995926,2026-09-12c
0.37841821182674007,0.060477843548111955,2026-09-12c
0.43939296704137887,0.646276376330841,2026-09-12c
0.9888035115846464,0.6285564480937753,2026-09-12c
0.26080466147131093,0.26109830895468067,2026-09-12c
0.6822461832789856,3.8361545911519457,2026-09-12c
0.9954454610547538,0.992226296883596,2026-09-12c
0.4816701156171377,0.1185855285661083,2026-09-12c
0.2861032140902486,1.9653873471838772,2026-09-12c
0.45525472911623804,0.3845086708125727,2026-09-12c
0.3391397277185337,0.0652255689083764,2026-09-12c
0.9868095393530091,0.8721703043075166,2026-09-12c
0.6902270521752057,0.0038867664668918605,2026-09-12c
0.5524352510267254,0.04568547975473421,2026-09-12c
0.9170362626807085,0.44465372711062706,2026-09-12c
0.30303148222025833,0.3600244733042639,2026-09-12c
0.9231190345734906,0.022442628591565667,2026-09-12c
0.28184552868717905,0.13504501980593964,2026-09-12c
0.39819324621492347,0.11599922363558123,2026-09-12c
0.36184110886478055,0.16040822681701722,2026-09-12c
0.9886655004033977,0.9849632800727578,2026-09-12c
0.29635904477103087,0.29245497461031233,2026-09-12c
0.4072827991557127,0.12093646459586826,2026-09-12c
0.583852454333197,0.10400363640730396,2026-09-12c
0.9953642506814988,0.9909846616888992,2026-09-12c
0.36511572165875916,0.3679265889036816,2026-09-12c
0.4911904610931343,0.14647285007360078,2026-09-12c
0.999172295427142,0.9274782916214667,2026-09-12c
0.2520087112298401,2.985235234358149,2026-09-12c
0.40950144914296643,0.2260857921374936,2026-09-12c
0.9575509706097639,1.8185543515920046,2026-09-12c
0.9982209639645349,1.1956873445529084,2026-09-12c
0.9032077297455181,0.27484512963077307,2026-09-12c
0.680519295538515,0.6118677637758059,2026-09-12c
0.40617898642206374,0.13732082258649297,2026-09-12c
0.3798818097272469,0.1024518858084628,2026-09-12c
0.9399074309845022,0.8424860153333942,2026-09-12c
0.47252867084540884,0.04496199851799231,2026-09-12c
0.996206097483582,0.6620523487034582,2026-09-12c
0.42405761485400006,0.2532145624233327,2026-09-12c
0.2798931576950889,2.03651565365372,2026-09-12c
0.37177323926767886,0.12854040669365827,2026-09-12c
0.9959068587787047,1.0657923157942382,2026-09-12c
0.33620635594094017,0.22740870502032948,2026-09-12c
0.48351178974709963,0.08818577915873514,2026-09-12c
0.25520948218563155,0.6379877286567203,2026-09-12c
0.4146046763752474,0.061788099229911735,2026-09-12c
0.9131826970999536,0.3744155962303033,2026-09-12c
0.4269262414872509,0.06770324727527045,2026-09-12c
0.5808450917506205,0.16251287090879138,2026-09-12c
0.3207106744038008,0.5035872706732272,2026-09-12c
0.6010973127759452,0.6708024874124572,2026-09-12c
0.33086077711053324,0.27858900005763243,2026-09-12c
0.7825102758780335,0.04505261113961088,2026-09-12c
0.417871646068196,0.048174298285648995,2026-09-12c
0.4604092811448568,0.1327484213061806,2026-09-12c
0.3793035478519935,0.14889531622073754,2026-09-12c
0.38067214898721785,0.06317358993742014,2026-09-12c
0.4337484365759197,0.16947808828157718,2026-09-12c
0.31630089580774995,0.7018635387559101,2026-09-12c
0.40474301053080525,0.13034126058614467,2026-09-12c
0.3898468780969368,0.05606385633554868,2026-09-12c
0.2655169839582923,0.1816758077254449,2026-09-12c
0.9776912637136695,0.01302311861947916,2026-09-12c
0.998276413447054,0.21216952866719965,2026-09-12c
0.39024122855926957,0.02729333675983009,2026-09-12c
0.2966635930479878,0.05062585861253015,2026-09-12c
0.7907829354299142,0.3118227574830773,2026-09-12c
0.8903102919905409,0.3777980898970535,2026-09-12c
0.9384157764042774,0.7811378043176306,2026-09-12c
0.4525235032393168,0.04642228287791836,2026-09-12c
0.45583770911838056,0.025763853965395715,2026-09-12c
0.3870010948835258,0.13059858892814513,2026-09-12c
0.7538347071948807,0.40228454391994967,2026-09-12c
0.4628710505134259,0.03770733030098745,2026-09-12c
0.40635425625747607,0.1747311033233433,2026-09-12c
0.4291957971747512,0.07835774326787802,2026-09-12c
0.3135463648584488,0.457028354025036,2026-09-12c
0.44882147520453003,0.15719102103610894,2026-09-12c
0.4051572438405741,127.38387757244453,2026-09-12c
0.45704464530288297,0.04864364117374056,2026-09-12c
0.3898845331184859,0.08783571761517701,2026-09-12c
0.4719114364107518,0.2177417370056745,2026-09-12c
0.8503901528564864,0.3687888003037923,2026-09-12c
0.45488835891020835,0.023434270786071975,2026-09-12c
0.8353694130868666,0.14439390453347073,2026-09-12c
0.998291234376952,2.8656514363200762,2026-09-12c
0.3837497678605749,0.18744992965117035,2026-09-12c
0.721637978131364,0.40666093267642284,2026-09-12c
0.8389373095612696,0.023592641847826633,2026-09-12c
0.33287908281759043,0.5375639435587601,2026-09-12c
0.1736498771168992,1.7693243908130074,2026-09-12c
0.3944319224577258,0.08085980412082344,2026-09-12c
0.4065498112437149,0.095247367603007,2026-09-12c
0.8837187495440456,0.5520885601104872,2026-09-12c
0.3995741736581038,0.036329677855679435,2026-09-12c
0.33140139926669565,0.9635213908503685,2026-09-12c
0.7417015011848064,0.8504298251712182,2026-09-12c
0.9846136492193435,2.8962075166709433,2026-09-12c
0.40595447167578325,0.10452054482351376,2026-09-12c
0.5825499226210861,0.1039184986227061,2026-09-12c
0.35711581047327884,0.5585032656482386,2026-09-12c
0.9329858502622825,15.304298205592943,2026-09-12c
0.43925978385208486,0.1264601376005996,2026-09-12c
0.3721504351307191,0.15149248744908955,2026-09-12c
0.9768567450946573,0.9435161590437443,2026-09-12c
0.3902774584579944,0.0725616805079717,2026-09-12c
0.34458566369263893,0.07164101420412877,2026-09-12c
0.699746008446004,0.11548511911032383,2026-09-12c
0.3110670032885209,0.6233616847970483,2026-09-12c
0.3607882032701903,0.07587966969140254,2026-09-12c
0.373209806224103,0.08417332319506289,2026-09-12c
0.2747571184730014,0.17945948535524273,2026-09-12c
0.41948789724765506,0.08615393051876227,2026-09-12c
0.47405932685499075,0.42018230256396727,2026-09-12c
0.4419751067552863,0.09263993327693855,2026-09-12c
0.34516076133098794,0.26348335826094144,2026-09-12c
0.7587184693703504,0.03476874124580865,2026-09-12c
0.8638926664109227,0.4493622751317974,2026-09-12c
0.4220116034062405,0.2421390810988324,2026-09-12c
0.9606237222213461,0.9392692135776018,2026-09-12c
0.44377341966336986,0.10688736861984308,2026-09-12c
0.4189509530888926,0.050638059427438716,2026-09-12c
0.8433197912652874,0.6171623286070245,2026-09-12c
0.9449540960069175,1.014081013981314,2026-09-12c
0.4064297093416354,0.07212313468764642,2026-09-12c
0.39343957681941094,1.1117725095769562,2026-09-12c
0.9521809483207397,0.801532408329087,2026-09-12c
0.9871566688731815,2.009883532967558,2026-09-12c
0.6993754167878048,0.18388285230247894,2026-09-12c
0.42823542639888346,0.07233021626455328,2026-09-12c
0.32195631644344,0.021395469115340206,2026-09-12c
0.4327271747133983,0.10988388330494409,2026-09-12c
0.9013742211705054,0.022621668413997317,2026-09-12c
0.9979435595672407,0.7140309571329877,2026-09-12c
0.6623233375559373,0.21200771937056326,2026-09-12c
0.8133690160989193,0.3290867987182466,2026-09-12c
0.2078216217637627,0.2895830290399948,2026-09-12c
0.36680732474559397,0.29176577625487365,2026-09-12c
0.3784680815241112,0.2179674073166996,2026-09-12c
0.24769816547061738,0.19751688591110578,2026-09-12c
0.9951206948399186,0.987141947381387,2026-09-12c
0.3803005194059253,0.04557155652290665,2026-09-12c
0.43171738256383324,0.0682497615840244,2026-09-12c
0.8480104411334838,0.6820556354934922,2026-09-12c
0.3508414696013743,0.49629888860222054,2026-09-12c
0.9487651242103182,0.578231377063908,2026-09-12c
0.422980730564776,0.06745945009610806,2026-09-12c
0.9961357189288291,0.9969363151459786,2026-09-12c
0.44808027713450593,0.06531644728426837,2026-09-12c
0.9938315579557596,0.6536601796837153,2026-09-12c
0.459433962706235,0.03174948507076518,2026-09-12c
0.42356123785469907,0.09016409104334155,2026-09-12c
0.7081525118029407,0.0014112380532734048,2026-09-12c
0.38983215297561524,0.28239334316811876,2026-09-12c
0.7343366136035485,0.37528955296927924,2026-09-12c
0.4472261453536727,0.08812286077681816,2026-09-12c
0.4662575090515641,0.12795459001455883,2026-09-12c
0.4761534867770137,0.0359899098559562,2026-09-12c
0.45105477419569473,0.2640814824419042,2026-09-12c
0.25401393500124025,0.20844764589415746,2026-09-12c
0.7055341595115627,0.0012234428908302274,2026-09-12c
0.3734843127311282,0.16283132565616268,2026-09-12c
0.4733394214280829,0.06222339033884666,2026-09-12c
0.9650223509771656,0.9127883780207207,2026-09-12c
0.7866028318294851,0.697140467311624,2026-09-12c
0.39525210692936774,0.08069747323178712,2026-09-12c
0.15307355350221782,6.080697113172804,2026-09-12c
0.8659006955854917,0.36236720247449455,2026-09-12c
0.9987362835177954,0.9930301278466157,2026-09-12c
0.8251984678367961,0.45701798539189387,2026-09-12c
0.8652124224511558,0.82269679367963,2026-09-12c
0.9608783336067873,0.932261569512011,2026-09-12c
0.7516683552558161,0.6934679946099538,2026-09-12c
0.39244948157992865,0.1348996144232,2026-09-12c
0.6109090763105084,0.42971980357345063,2026-09-12c
0.49995644259735245,0.0789249566136974,2026-09-12c
0.6690209182800868,0.15918143594782957,2026-09-12c
0.4671534721781223,0.07509273168292023,2026-09-12c
0.4520698230931806,0.05740128952690342,2026-09-12c
0.9535734976104236,0.6208813335343976,2026-09-12c
0.8772818822742627,0.8492157001621773,2026-09-12c
0.9487316485064514,0.4498022717189231,2026-09-12c
0.8522012844561047,0.06446174192825194,2026-09-12c
0.356681494120735,0.29651312320410184,2026-09-12c
0.5794538491547301,0.15610753269063657,2026-09-12c
0.36176964435304665,0.2490512422198136,2026-09-12c
0.5415857016326903,0.15939681544022202,2026-09-12c
0.4131193640364864,0.09370132760845772,2026-09-12c
0.39026655000969307,0.4544367810232516,2026-09-12c
0.36963449243073426,0.3334190389927785,2026-09-12c
0.9917448468159334,0.9816302445838707,2026-09-12c
0.3071047676506839,0.08869343909694967,2026-09-12c
0.8007353208935367,0.2207840046824121,2026-09-12c
0.8141472503721934,0.023766672431515975,2026-09-12c
0.45635667174470285,0.03098949154688253,2026-09-12c
0.9518130416061874,0.5573799679649825,2026-09-12c
0.9908012677695598,0.7399698753750945,2026-09-12c
0.3590351522609912,0.30391442755193276,2026-09-12c
0.4174761858469826,0.23751360943958882,2026-09-12c
0.8236482264842167,0.5360086221830741,2026-09-12c
0.305379150659792,0.3017245262170091,2026-09-12c
0.35027185744905465,0.13346359248748133,2026-09-12c
0.36122367067039224,0.08082221557061667,2026-09-12c
0.5001665199635091,3883.850007470009,2026-09-12c
0.4420912234324237,0.5351585937043134,2026-09-12c
0.9950942107157169,0.5874391038817485,2026-09-12c
0.4016008942203965,0.14808871477425387,2026-09-12c
0.21510813770260506,0.48135282264647183,2026-09-12c
0.28031178422117664,0.1721642186687505,2026-09-12c
0.7952770190985692,0.08825694947963073,2026-09-12c
0.4877594346978027,0.12300004060599921,2026-09-12c
0.36837692758909757,0.1806812821220329,2026-09-12c
0.39794179081724873,0.0749310874114891,2026-09-12c
0.40087381750815565,0.34181675050119115,2026-09-12c
0.6131620508767852,1.798756080659667,2026-09-12c
0.45560297742206257,0.05187833115697665,2026-09-12c
0.6823655531819394,0.2370793364196503,2026-09-12c
0.3120799012794881,0.4621596925977505,2026-09-12c
0.8035604343112469,6.752931612262748,2026-09-12c
0.35474664020864466,0.5985385032650223,2026-09-12c
0.36583553886719256,0.47933926776733643,2026-09-12c
0.4386504791280251,0.026380711367391688,2026-09-12c
0.47360339973581783,0.48248334044948826,2026-09-12c
0.3495961264737347,0.3297543009930345,2026-09-12c
0.3532025306262618,0.35848880229786523,2026-09-12c
0.758002724819945,0.7091049081342671,2026-09-12c
0.30430368578716227,0.10255149771523715,2026-09-12c
0.6363906343699642,0.18084113295596535,2026-09-12c
0.9961966031652935,2.788618281106849,2026-09-12c
0.32683821786612677,0.252381871842564,2026-09-12c
0.44428746523030654,0.15636783705317078,2026-09-12c
0.5928004562345319,0.5795208176363886,2026-09-12c
0.37339986603049635,0.26508108359234417,2026-09-12c
0.7512576075553242,0.05686914566419402,2026-09-12c
0.23887517801939034,0.9369713743437719,2026-09-12c
0.5495382936526627,2.6458436026030436,2026-09-12c
0.4674522067987787,0.2674001858754095,2026-09-12c
0.8096194184312562,0.17017487359082448,2026-09-12c
0.9951280858624785,0.9855699878405484,2026-09-12c
0.9021836972524073,1.0783898941924914,2026-09-12c
0.42427151517373013,0.08850091880091264,2026-09-12c
0.31522613222359436,0.732870821408762,2026-09-12c
0.4163926148948967,0.38670585797746526,2026-09-12c
0.7504522722693323,0.006573227473784655,2026-09-12c
0.9264360946824817,0.0016477682148733823,2026-09-12c
0.4164544249553282,0.08306073173341974,2026-09-12c
0.5954136013255101,3.3754459988851555,2026-09-12c
0.3643924070710689,0.16782002305606913,2026-09-12c
0.41185721903942274,0.04082660351029037,2026-09-12c
0.452846704369999,0.05480689279646654,2026-09-12c
0.5223473887581053,0.18736326939967454,2026-09-12c
0.5884777605982818,0.14449242890764977,2026-09-12c
0.9982187891036239,1457.7066114975062,2026-09-12c
0.9826931893208294,7.572227048798437,2026-09-12c
0.38486349926359625,0.1454415696465239,2026-09-12c
0.3627555137713254,0.029614912966922563,2026-09-12c
0.529652569309166,0.18356339503885374,2026-09-12c
0.31313948800503005,0.4246295563299692,2026-09-12c
0.3710822807229542,0.2627414102237368,2026-09-12c
0.9827321008881077,2.8664029261310993,2026-09-12c
0.8074169774330634,0.6113564620069907,2026-09-12c
0.37937331487947257,0.07854931325340077,2026-09-12c
0.4353149853826816,0.11120794515099679,2026-09-12c
0.8628011273303265,0.6506317301780696,2026-09-12c
0.7084369362633643,0.11632349418340578,2026-09-12c
0.9956336548446815,1.084595545723501,2026-09-12c
0.9459063145257751,0.9300580535698901,2026-09-12c
0.5642823297675961,3.14291766062686,2026-09-12c
0.37345876565670666,0.0938273740963891,2026-09-12c
0.9389476914562279,0.00463932663132985,2026-09-12c
0.8730932285326056,0.5159363048661881,2026-09-12c
0.985446464110802,0.9872661117616472,2026-09-12c
0.6088373768700762,0.2683755248337209,2026-09-12c
0.9934876769644353,0.9493799229710522,2026-09-12c
0.3639568985947232,1.2128776435961524,2026-09-12c
0.30670682880041783,2.525983155824635,2026-09-12c
0.418821027750875,0.10599533524089567,2026-09-12c
0.9055153205997996,0.35289427163603626,2026-09-12c
0.9990701867560181,0.6079218078580717,2026-09-12c
0.5389074970769185,0.1898546932975964,2026-09-12c
0.9416911371917429,0.541735634154377,2026-09-12c
0.4272571585501337,0.49207911317339637,2026-09-12c
0.3905654394803482,0.11731540949255354,2026-09-12c
0.37953861578751263,0.0919119749809047,2026-09-12c
0.9950289688371777,0.890381691717281,2026-09-12c
0.24865109111364636,0.3701011357316892,2026-09-12c
0.37837049682988116,0.06971161116517424,2026-09-12c
0.8394008048947876,0.48342519489872116,2026-09-12c
0.2902812913535557,0.12374150271362937,2026-09-12c
0.9918052592002536,0.9999269062069027,2026-09-12c
0.39092510912656164,0.262709201381375,2026-09-12c
0.5254781164705175,0.31016980204269695,2026-09-12c
0.7861169935397114,0.11731855604094751,2026-09-12c
0.3249533965149453,0.08065197389266077,2026-09-12c
0.31475632381349355,0.5836059398725189,2026-09-12c
0.2852877031319936,0.2209459453094741,2026-09-12c
0.21765894176766654,1.0241828237991832,2026-09-12c
0.27874419169764536,0.7218195457640126,2026-09-12c
0.4501648422565583,0.040634373343219204,2026-09-12c
0.6326654384914073,1.6639164327530658,2026-09-12c
0.987813397801962,0.8533986956387474,2026-09-12c
0.9485017136428066,1.982799723972742,2026-09-12c
0.39241939332662196,0.34571858949344586,2026-09-12c
0.4266418663382712,0.06517793931213885,2026-09-12c
0.9963631604622594,0.976453719394434,2026-09-12c
0.41705625679303515,0.1611788337538525,2026-09-12c
0.31727587673669705,0.5693956624341552,2026-09-12c
0.2722669956872482,0.9199816444157842,2026-09-12c
0.9508222712355341,0.0065105726048497285,2026-09-12c
0.9100189524367182,0.14575839263815252,2026-09-12c
0.434222921508588,0.1295159743662334,2026-09-12c
0.7141739180228451,2.4385654798465106,2026-09-12c
0.3035860335687708,0.08342110446721325,2026-09-12c
0.32385356914371527,0.27817372730633766,2026-09-12c
0.9656190600772842,0.004282503824963826,2026-09-12c
0.3813182281217137,0.3177618911976767,2026-09-12c
0.3945011039380156,0.05733376111880284,2026-09-12c
0.40080338436770147,0.25601564204595656,2026-09-12c
0.5497668467182356,0.15924884691453953,2026-09-12c
0.9377577917016962,0.9526848050645409,2026-09-12c
0.5038171231111935,0.024888122147409708,2026-09-12c
0.49116286395591086,0.21220102600792795,2026-09-12c
0.5163368922236382,37.90474249772071,2026-09-12c
0.4087614563898572,0.03677047215407159,2026-09-12c
0.44358332636198833,0.05765387778795956,2026-09-12c
0.703169681538367,0.294995613283462,2026-09-12c
0.8761860267646399,2.2148158772985838,2026-09-12c
0.35316416839556836,0.47607247881868003,2026-09-12c
0.3667304195244233,0.16814263481987785,2026-09-12c
0.3632630352934237,1.033459984673545,2026-09-12c
0.5894307178475326,0.1892478892388337,2026-09-12c
0.2373526661261614,0.3005803982228168,2026-09-12c
0.7306851969237476,0.04128969961844316,2026-09-12c
0.9728747324661534,0.9288833777650848,2026-09-12c
0.3619865440346372,0.049025713812205565,2026-09-12c
0.9966494274247751,2.0244439727525836,2026-09-12c
0.7330080118499148,0.5722047376075747,2026-09-12c
0.32721576321897144,0.18017556930918385,2026-09-12c
0.6261298309249697,0.44700574155377215,2026-09-12c
0.4949271668650663,0.0753178388491368,2026-09-12c
0.5647807144170695,0.12049537944410749,2026-09-12c
0.4523469630597723,0.12977026384948728,2026-09-12c
0.28089457492706593,0.08644902516350025,2026-09-12c
0.36020699336607237,0.2590767913230678,2026-09-12c
0.9083215697544567,0.01923401453897709,2026-09-12c
0.9991566051532423,0.9905171871108732,2026-09-12c
0.49258999134787745,0.045650429605945765,2026-09-12c
0.9991166474484875,0.9378410733056209,2026-09-12c
0.29614146216562326,0.25409506062792125,2026-09-12c
0.4760939033668859,0.033197029743914586,2026-09-12c
0.7775186144486697,0.5424380315492928,2026-09-12c
0.3776085720283648,0.4189097721890593,2026-09-12c
0.17162477592708897,0.8675223372294867,2026-09-12c
0.3444763580171092,0.08136894391361207,2026-09-12c
0.9813461285784087,0.9989135241764757,2026-09-12c
0.40267587244790387,0.0729797271033361,2026-09-12c
0.3882216080129003,0.15863548934622915,2026-09-12c
0.9596274415833752,0.44466927382284827,2026-09-12c
0.43808094396489594,0.32382910661390746,2026-09-12c
0.4117895212443308,0.29695248041249905,2026-09-12c
0.4560667859962348,2.107822927156037,2026-09-12c
0.3561871534214854,0.13684795279348477,2026-09-12c
0.998487093070432,0.7030564815487741,2026-09-12c
0.3426319128796213,0.23815421998684594,2026-09-12c
0.7259609864445484,0.06569615328571891,2026-09-12c
0.33419336582332637,0.20072884580958822,2026-09-12c
0.6718136336532141,0.7037969611322793,2026-09-12c
0.30324005675099386,0.35190016192767876,2026-09-12c
0.4088292686014738,0.19501075883437946,2026-09-12c
0.9740707088585256,0.09611057068851336,2026-09-12c
0.32217494653297385,0.2645358483540357,2026-09-12c
0.3478968011298706,0.29547626005847816,2026-09-12c
0.3959259009337574,0.05476632473538042,2026-09-12c
0.3720447512038681,0.061567939253093194,2026-09-12c
0.7749332497998384,0.030063132339807036,2026-09-12c
0.9628742991718744,0.5694571978644402,2026-09-12c
0.244709565742399,0.3827112540482192,2026-09-12c
0.4499825088358183,0.19925534121692856,2026-09-12c
0.30131041490585103,0.12247451130135341,2026-09-12c
0.41003468188740266,0.2092779062287166,2026-09-12c
0.45246048476287887,0.11679335185395608,2026-09-12c
0.317258821840509,0.6688386082002389,2026-09-12c
0.4035735348958966,0.12792458477685076,2026-09-12c
0.482964895207493,0.19617399526260612,2026-09-12c
0.4288937352083946,0.07976000640186207,2026-09-12c
0.46630148914346775,0.09580349092287022,2026-09-12c
0.6111963419794832,0.3183750875314785,2026-09-12c
0.2199335766429033,1.0967151798946202,2026-09-12c
0.38330221628247363,0.04475123838770869,2026-09-12c
0.4440282929377457,0.17490380094741473,2026-09-12c
0.2986685801486524,0.6338381801930131,2026-09-12c
0.6004975447514921,0.29090916018531315,2026-09-12c
0.6438462946001031,0.07437493639294351,2026-09-12c
0.31807686269624175,0.08217035854632304,2026-09-12c
0.3519098441757061,0.1913655396704679,2026-09-12c
0.982578334325002,1.5325791154299173,2026-09-12c
0.414062263607422,0.16461424970772992,2026-09-12c
0.9276104224171449,0.5342922763838658,2026-09-12c
0.3906384568474767,0.17927932579608355,2026-09-12c
0.724821444896578,0.1613648620458932,2026-09-12c
0.41865967463967113,0.07084300648329973,2026-09-12c
0.3870567582203748,0.06385419765624596,2026-09-12c
0.9995696564461231,0.9972390623906364,2026-09-12c
0.5637540071451032,0.10656427868301531,2026-09-12c
0.4840055883679094,0.09525273495425192,2026-09-12c
0.38889979851912715,0.1551996014045915,2026-09-12c
0.3571831271179087,0.11433938749791044,2026-09-12c
0.23692337009902065,0.7624960055892258,2026-09-12c
0.34740066194454794,0.11571835124043395,2026-09-12c
0.2576597114511864,0.4113546225087558,2026-09-12c
0.3572923783938473,0.5578106347539117,2026-09-12c
0.9812029171558074,0.9649983470895233,2026-09-12c
0.9720108920459875,0.9439907766145615,2026-09-12c
0.42743086167891176,0.030418245089709937,2026-09-12c
0.4713591032664633,0.05002036811038157,2026-09-12c
0.5105623490782732,0.10144698574031473,2026-09-12c
0.7186822529266482,0.2877906382677277,2026-09-12c
0.907738333955134,0.0020868489090597117,2026-09-12c
0.416305248864985,0.10204259343574587,2026-09-12c
0.18542239162642513,1.2702708955400746,2026-09-12c
0.8821069652558937,0.8886109927617512,2026-09-12c
0.9238805099995876,0.7454082874494903,2026-09-12c
0.32900089083186623,0.17593869418138128,2026-09-12c
0.17815538765009967,1.5617363434998282,2026-09-12c
0.6738070533578149,0.34081534675038266,2026-09-12c
0.36789008585903865,0.2521468233545586,2026-09-12c
0.37283225235951417,0.17187364007947206,2026-09-12c
0.9934810615681597,0.9714955317130671,2026-09-12c
0.41356519126380237,0.48562666568166074,2026-09-12c
0.3949650714335551,0.07323867737960503,2026-09-12c
0.9317425855800061,0.743762268269097,2026-09-12c
0.41777238489137813,0.5808693099886338,2026-09-12c
0.3375844770083028,0.36765836997065704,2026-09-12c
0.3812308533652999,0.2671592704294933,2026-09-12c
0.3798538288124908,0.2945175051392766,2026-09-12c
0.4435937556883611,0.38120571107450646,2026-09-12c
0.8521102845081837,0.09541789063424466,2026-09-12c
0.3774938919192077,0.11218714897306609,2026-09-12c
0.7937773687893565,0.24798991605555992,2026-09-12c
0.4894381261005672,0.0933734176213895,2026-09-12c
0.9662544265290062,0.9007800661930228,2026-09-12c
0.34797879656593905,0.22146831129686562,2026-09-12c
0.42554424172264893,0.0757255683089268,2026-09-12c
0.9935042737777042,0.5931597765214219,2026-09-12c
0.25388667278273797,0.3230901261858037,2026-09-12c
0.39244876107299886,0.16023077869281296,2026-09-12c
0.3096640281048355,0.1685115352003475,2026-09-12c
0.9572766664482839,0.826700563856295,2026-09-12c
0.6328461484525405,0.5290052795183211,2026-09-12c
0.5000337383998978,0.7738729526801428,2026-09-12c
0.23469953124317058,0.21628621148723443,2026-09-12c
0.44383359393176225,0.18136979691581767,2026-09-12c
0.3788035266088154,0.04925870936071832,2026-09-12c
0.4075203827337175,0.041665094143879304,2026-09-12c
0.3272891794027843,0.9653469393708214,2026-09-12c
0.7607621158814747,0.9107529870698479,2026-09-12c
0.9339098399945498,1.0717296635362905,2026-09-12c
0.2967763722337419,0.16223991690472098,2026-09-12c
0.8025285346166069,0.03341833170137452,2026-09-12c
0.2739530450228043,0.5395118059457503,2026-09-12c
0.40465819113706913,0.05768732589679153,2026-09-12c
0.3009106098423983,1.6325727913122348,2026-09-12c
0.27976291955092736,0.20618058430208247,2026-09-12c
0.422790323251774,0.04251388820718894,2026-09-12c
0.5831467438514477,0.43102076595267463,2026-09-12c
0.4555677978964153,0.46846364422118186,2026-09-12c
0.44404369766794566,0.16397583089239884,2026-09-12c
0.29362064563113005,1.0150710541406165,2026-09-12c
0.5533590768387996,1.362997565183074,2026-09-12c
0.2926153931033836,0.21926069668845533,2026-09-12c
0.420524047508483,0.5232484588084702,2026-09-12c
0.729015671198348,0.5905121774066385,2026-09-12c
0.3186286378344692,0.35548361827305414,2026-09-12c
0.31788049674958646,0.2739430421671197,2026-09-12c
0.9398625891651449,0.8296976112355009,2026-09-12c
0.3616839090940487,0.15612954931640663,2026-09-12c
0.36893386309847237,1.251614857149864,2026-09-12c
0.44665796914030625,0.10687024286582608,2026-09-12c
0.6900326956670663,0.9473461389034475,2026-09-12c
0.9454275110466962,0.38270596849934196,2026-09-12c
0.33961977686010913,0.03712941699150261,2026-09-12c
0.39997205114201795,0.045906386184887245,2026-09-12c
0.7986202318376215,0.24760005208923014,2026-09-12c
0.4305362433943694,0.049523589491022396,2026-09-12c
0.9928071779487506,0.990647733165781,2026-09-12c
0.36882469129864487,1.2744856766940136,2026-09-12c
0.630290055410286,0.1632910233061956,2026-09-12c
0.3095693224193077,0.06944437475410886,2026-09-12c
0.9928928534182322,0.23493560869740956,2026-09-12c
0.9965456677951758,0.9769202095354165,2026-09-12c
0.3694022508770856,0.4539937980641872,2026-09-12c
0.40102242589483994,0.0592966308464625,2026-09-12c
0.9442860171788553,0.9488388765080327,2026-09-12c
0.3747267280382861,0.07430186604764415,2026-09-12c
0.32739596128674553,0.45233960270293117,2026-09-12c
0.7943038216963128,0.7823403145114486,2026-09-12c
0.999225347383034,0.8864694469007061,2026-09-12c
0.4334837837767256,0.075895086982331,2026-09-12c
0.290681509406293,0.6088343061316319,2026-09-12c
0.4922202855658045,0.2651291439761759,2026-09-12c
0.7729430480267232,0.16475062383998734,2026-09-12c
0.7286950401171354,0.09646545044955547,2026-09-12c
0.9921063485895886,0.4078510806840521,2026-09-12c
0.279029368506079,0.13845392867582207,2026-09-12c
0.43044261495107655,0.20549296047102814,2026-09-12c
0.4737997471897867,0.11668534934151384,2026-09-12c
0.6203304564203914,0.14372983712596288,2026-09-12c
0.5623279495159095,0.17595425742768223,2026-09-12c
0.41735005638650796,0.06748003626815503,2026-09-12c
0.21809753793188366,0.4555718246963096,2026-09-12c
0.29469068567864254,0.17372615816001358,2026-09-12c
0.4212389418324339,0.11272596149932411,2026-09-12c
0.425809895864506,0.031485291552661644,2026-09-12c
0.5834816536142122,0.17559916336512954,2026-09-12c
0.32970568252887994,1.0259375631661931,2026-09-12c
0.3823205305289806,0.2556159323324809,2026-09-12c
0.9453526798207822,0.9341237998775761,2026-09-12c
0.2553889207704448,0.5367370254704344,2026-09-12c
0.3916420167656333,0.16196197743815938,2026-09-12c
0.37076564488280866,0.046354677886643,2026-09-12c
0.399343279663632,0.10474892396239698,2026-09-12c
0.9761923069170467,0.0009230865808202029,2026-09-12c
0.8053500657700742,0.6737697572760097,2026-09-12c
0.4553680498629149,0.3971953313468442,2026-09-12c
0.3221795045345218,0.26610912390858027,2026-09-12c
0.700734663066072,0.20053723737910067,2026-09-12c
0.2842254889344223,0.21130940765805942,2026-09-12c
0.8133098477151833,0.7107141800775444,2026-09-12c
0.6159983671850281,1.3382972696794968,2026-09-12c
0.3313613238991549,0.08371881680828992,2026-09-12c
0.3039703364489026,0.7437581870237419,2026-09-12c
0.5672794764999215,0.07361240815279793,2026-09-12c
0.4321365380730736,0.07798023868610778,2026-09-12c
0.7344692139637435,0.6680859600192021,2026-09-12c
0.5915942851605597,0.10729836505075677,2026-09-12c
0.9952249374541952,0.6892083085856859,2026-09-12c
0.6530971188724042,0.027185945721694308,2026-09-12c
0.41734856365334133,0.1304246748727435,2026-09-12c
0.39077715618274206,1.12323696032858,2026-09-12c
0.7856682530948932,1.269287364881974,2026-09-12c
0.41447390082389596,0.12883154159784174,2026-09-12c
0.4615291178955765,0.04755873147484728,2026-09-12c
0.42101859920160317,0.33151132548283735,2026-09-12c
0.4167263529725998,0.053251644230164076,2026-09-12c
0.4002184741888631,0.147099694720563,2026-09-12c
0.23115506471345107,11.535767734852538,2026-09-12c
0.46416165942738546,0.05115683637540439,2026-09-12c
0.26009778976992476,1.5697011072277944,2026-09-12c
0.4761016890926535,0.1311408334675401,2026-09-12c
0.4000148067669779,0.18644761251743838,2026-09-12c
0.2856154968933854,0.12340780977471628,2026-09-12c
0.7859571835638345,0.2701918213345728,2026-09-12c
0.3536206496587206,0.154490454367037,2026-09-12c
0.4163752060185824,0.21291844102993224,2026-09-12c
0.4038853640347835,0.08396729619995186,2026-09-12c
0.3888008977131269,0.10785840250410966,2026-09-12c
0.25827282001228136,0.25982989669638024,2026-09-12c
0.32456464148738007,0.7821355931666116,2026-09-12c
0.8876622424289317,0.055396809175175095,2026-09-12c
0.8159193559100874,0.4352935703732531,2026-09-12c
0.7104898275857077,0.2207805975710459,2026-09-12c
0.50062753358546,0.10415081820951935,2026-09-12c
0.7876115872724585,0.6505204241704624,2026-09-12c
0.43431725662994153,0.031014567308070368,2026-09-12c
0.992032394518686,0.5489166559438777,2026-09-12c
0.3479363322484384,0.4397236778648848,2026-09-12c
0.21043526364987528,0.7426496075119193,2026-09-12c
0.3733046634167621,0.09806182081987927,2026-09-12c
0.34954783142172635,0.03192755828227837,2026-09-12c
0.3791592441166214,0.07405880857710938,2026-09-12c
0.24445190260819039,0.4511828379028493,2026-09-12c
0.2698032606466114,0.2517176722402121,2026-09-12c
0.42139658790283346,0.09318612772052412,2026-09-12c
0.3444808888820557,0.7521407738828473,2026-09-12c
0.2558577577736423,0.23279679163761888,2026-09-12c
0.3796499751417003,0.11913279310074205,2026-09-12c
0.7304994843868237,0.06329378251552754,2026-09-12c
0.37268832296673843,0.1316388222043602,2026-09-12c
0.8923609823553246,0.6487193736161111,2026-09-12c
0.3073477007124675,0.13334736856634638,2026-09-12c
0.4188922438278254,0.1337870032853476,2026-09-12c
0.928599796049899,0.566460704772588,2026-09-12c
0.6872067448943818,2.5566346800590485,2026-09-12c
0.3408775629158427,0.02210750906785619,2026-09-12c
0.46035727081306016,0.051040893454028326,2026-09-12c
0.9530043553432044,0.11634078583225818,2026-09-12c
0.4312787637109976,0.15066492592950892,2026-09-12c
0.9174161639633884,0.711849885639079,2026-09-12c
0.6739252277034391,0.28926918870794205,2026-09-12c
0.4068776648189928,0.10146675464695065,2026-09-12c
0.30148561051851513,0.32668136325620145,2026-09-12c
0.39922968925756447,0.07154292158096642,2026-09-12c
0.41417803513036416,0.03679297271392205,2026-09-12c
0.21446627478019692,0.9742964249242748,2026-09-12c
0.30251017321485807,0.6744526994379052,2026-09-12c
0.26505476527078564,0.9742261535904053,2026-09-12c
0.7318054496329359,0.203567228154754,2026-09-12c
0.24825934521491344,0.23929061007941024,2026-09-12c
0.3197888822283307,0.12440235962116757,2026-09-12c
0.8274103885673454,0.4048846308012872,2026-09-12c
0.9367682261359925,0.8957196248427287,2026-09-12c
0.9846466489919299,0.9806481498154255,2026-09-12c
0.9952690890467307,0.991212417866893,2026-09-12c
0.8226505742985603,0.0940112337915445,2026-09-12c
0.38064852661770515,0.10391859589499278,2026-09-12c
0.4972216022668082,0.15640180380651802,2026-09-12c
0.7462189909311531,0.6976152825186325,2026-09-12c
0.30394492060318506,0.3137261970600251,2026-09-12c
0.48657804501118185,0.2689698575198788,2026-09-12c
0.14353500343659492,5.141281172571062,2026-09-12c
0.9979605607520514,0.995450281786212,2026-09-12c
0.2532462746693102,0.48185033855108,2026-09-12c
0.5368630027108408,0.1540788809240093,2026-09-12c
0.9884307404302567,0.4824937412683793,2026-09-12c
0.6005914576768361,0.6022512122177395,2026-09-12c
0.6991715314010396,0.09597951261868695,2026-09-12c
0.2621158980362991,0.33609420972007253,2026-09-12c
0.39523540970802534,0.10103836790453355,2026-09-12c
0.27244963853401005,0.7426771150627715,2026-09-12c
0.3341832302432361,0.4334041511088313,2026-09-12c
0.9940070966759301,0.9522872076111022,2026-09-12c
0.43340240551853126,0.2772139843706934,2026-09-12c
0.2653161709419908,0.24632162518134645,2026-09-12c
0.3073976843847818,0.18386624523706746,2026-09-12c
0.30612383326684145,0.9413399337388938,2026-09-12c
0.47815889738615763,0.40629333621707275,2026-09-12c
0.43277095850784686,0.04158493402327105,2026-09-12c
0.9969922687886356,203.87995774532635,2026-09-12c
0.38512087061249,0.578834135756272,2026-09-12c
0.5085755674179504,0.049959041379514714,2026-09-12c
0.9912846034348847,1.0353163154566583,2026-09-12c
0.9580159940827249,0.664362995724421,2026-09-12c
0.9555757523701386,0.8380176118981166,2026-09-12c
0.772896895766484,0.11522342911718526,2026-09-12c
0.36374681916447993,0.25028949882539825,2026-09-12c
0.45700119911104703,0.05346276371419731,2026-09-12c
0.45840236378733307,0.06920786245766405,2026-09-12c
0.3106586100086254,0.1668206177915479,2026-09-12c
0.7424347880680859,1.4106325843683836,2026-09-12c
0.4768657661290461,0.030743089569919346,2026-09-12c
0.3386964456735593,1.8122183171919943,2026-09-12c
0.9965790499607925,0.25107559188333506,2026-09-12c
0.3731145423471986,0.09868560319341985,2026-09-12c
0.40797410960289904,0.17079836578142338,2026-09-12c
0.6623823524141816,0.09782252763004055,2026-09-12c
0.41139262914539865,0.08794132924692208,2026-09-12c
0.9727785400929168,0.9480633165645074,2026-09-12c
0.4018258596862853,0.12061343467340663,2026-09-12c
0.9856522307474304,0.6450895003021373,2026-09-12c
0.3732780125793185,0.4550906477570616,2026-09-12c
0.3768254555502785,0.8061126979079507,2026-09-12c
0.3823943710194671,0.20544965726429001,2026-09-12c
0.3513323364005268,0.28842674497195603,2026-09-12c
0.42695234876034166,0.0877780806212918,2026-09-12c
0.31285838584115294,0.12635457724327323,2026-09-12c
0.4087422363555095,0.15953448642029966,2026-09-12c
0.44203678355589804,0.2826393752273359,2026-09-12c
0.5989823330872314,0.23853713365295925,2026-09-12c
0.9186389511165974,0.7868202741503516,2026-09-12c
0.6186705970701347,2.0583790165441123,2026-09-12c
0.3394765344912526,0.35618555230994037,2026-09-12c
0.3877163772488926,0.2473194100578195,2026-09-12c
0.2963575514906628,0.21034821995393074,2026-09-12c
0.5089954314218711,0.19291172653036756,2026-09-12c
0.9335649183884326,0.8527215292131537,2026-09-12c
0.487395387256101,0.5965683821858344,2026-09-12c
0.40125037278215037,0.05544852475281473,2026-09-12c
0.33474696888172806,0.17134948999303495,2026-09-12c
0.4011445472685273,0.13947921008917658,2026-09-12c
0.5041043695815614,0.14356960137763058,2026-09-12c
0.5602554360556565,2.3143424586026327,2026-09-12c
0.15319177149037183,0.5424852376386827,2026-09-12c
0.39747187340751244,0.13440808700161136,2026-09-12c
0.46183922017075796,0.08146307436074805,2026-09-12c
0.264575237164725,0.4197649341887586,2026-09-12c
0.4350731338433458,0.08917456149949927,2026-09-12c
0.4281392651179098,0.06870772760318027,2026-09-12c
0.440950786410501,0.06780442030775286,2026-09-12c
0.38920175745784685,0.059575101325711095,2026-09-12c
0.7369300595193347,0.14983578883215046,2026-09-12c
0.23194829333601666,0.2565679992486733,2026-09-12c
0.7772887188550288,0.4396948605175636,2026-09-12c
0.9557406935360938,11.454323411203887,2026-09-12c
0.34221043135819446,0.16443359759263168,2026-09-12c
0.5842339883966242,0.2015398126263644,2026-09-12c
0.36853062923099617,0.21612922471703436,2026-09-12c
0.6557370954103503,0.06301803267686541,2026-09-12c
0.9619353987303906,0.7040205011432672,2026-09-12c
0.36702162291549945,0.24406426975878845,2026-09-12c
0.41903700096227664,0.12275466189259081,2026-09-12c
0.36310692087133534,0.46822426099089764,2026-09-12c
0.8144142843732195,0.11369938378431087,2026-09-12c
0.9341609764947322,0.850620150493188,2026-09-12c
0.3368907540764682,0.8890267477924595,2026-09-12c
0.2446625555784865,0.28321547659949425,2026-09-12c
0.39659093572816584,0.22980356343863229,2026-09-12c
0.5168989112311956,0.13153029365411079,2026-09-12c
0.3991419511918452,0.6499844305043903,2026-09-12c
0.3960190262952366,0.40918527785066605,2026-09-12c
0.3832405925816351,0.10481885863686664,2026-09-12c
0.7486051034266953,0.21296661732729305,2026-09-12c
0.5112113307034816,0.061533496742808606,2026-09-12c
0.9919677418068714,0.5516276700031728,2026-09-12c
0.9860323979886909,0.834852593373574,2026-09-12c
0.39577229590634,0.17947337321895088,2026-09-12c
0.4199167077370923,0.2321380215759659,2026-09-12c
0.4181030009292465,0.7632929051644063,2026-09-12c
0.7534328537187773,0.2798900702554367,2026-09-12c
0.7712958041097805,0.08715484400935863,2026-09-12c
0.9452142821752593,0.7271708193946044,2026-09-12c
0.21427299329184818,0.6314403455797877,2026-09-12c
0.6527513512578054,0.16995240266541106,2026-09-12c
0.4250360128538368,0.19899194216973604,2026-09-12c
0.4000819332505657,8977.379016471197,2026-09-12c
0.36221846503331423,0.24840152370412702,2026-09-12c
0.6847887156647141,0.1257566035975642,2026-09-12c
0.3863661060119928,0.15556977319970575,2026-09-12c
0.4236130151863944,0.13222156224466036,2026-09-12c
0.8827484535444798,0.6580796977768076,2026-09-12c
0.3425238557585037,0.5450037003874256,2026-09-12c
0.5963226795852558,0.16441187620763098,2026-09-12c
0.41722593492128207,0.13240376920343783,2026-09-12c
0.9964317665530547,0.9892803730786311,2026-09-12c
0.4297027883428965,0.03771922485903842,2026-09-12c
0.6157004191486456,1.4080801973429258,2026-09-12c
0.9370106272492282,0.07380195873188906,2026-09-12c
0.44407851495777073,0.03319016834947974,2026-09-12c
0.30174750526512983,0.19147206470395567,2026-09-12c
0.39298403660534753,0.09430996638096113,2026-09-12c
0.8435645266479238,0.10396411050159275,2026-09-12c
0.9916322015489839,0.9863366205657282,2026-09-12c
0.4161328291283327,0.06455488394328522,2026-09-12c
0.6213177912400089,0.6906743197277107,2026-09-12c
0.5924405587449391,0.6229692421492737,2026-09-12c
0.4118119024446873,0.5449243647100162,2026-09-12c
0.3110046729038957,0.3462975928220684,2026-09-12c
0.4284469725560661,0.036475080169944274,2026-09-12c
0.48936971155379844,0.1581780838967692,2026-09-12c
0.9989254248826778,0.5272895647393661,2026-09-12c
0.9623861617982591,0.6706997849981453,2026-09-12c
0.6509965090153136,0.07247151326843386,2026-09-12c
0.8672758855143027,0.36331313739870924,2026-09-12c
0.9969928354708959,0.8268644536081766,2026-09-12c
0.4034453626677975,0.02998896329267467,2026-09-12c
0.963872809037223,0.6749267710094633,2026-09-12c
0.9552667103547567,0.9275331009789285,2026-09-12c
0.9965066809800923,0.8571182565364364,2026-09-12c
0.4110979881914565,0.10384348736053398,2026-09-12c
0.4483870294935953,0.035122074117738745,2026-09-12c
0.8380385954306435,0.2700621548955856,2026-09-12c
0.4153709075229855,0.027661495811520966,2026-09-12c
0.381700299840031,0.644313163849824,2026-09-12c
0.3832227397326718,0.07601626615730422,2026-09-12c
0.3742586292711599,0.0693912749733803,2026-09-12c
0.9579482947070472,27.367549380971955,2026-09-12c
0.4427233151188776,0.18604325679162814,2026-09-12c
0.7432091517372386,0.7766284940854247,2026-09-12c
0.41101876458956565,0.20065677758093078,2026-09-12c
0.8292950814377288,0.2185461258410764,2026-09-12c
0.24021334694853053,1.0348099647014433,2026-09-12c
0.39237434522602244,0.41133309195952056,2026-09-12c
0.37526454952960225,0.07489952056107285,2026-09-12c
0.5179991452178007,0.08917370491617453,2026-09-12c
0.5668415722117474,0.42559423947994734,2026-09-12c
0.467584645265213,0.45309291756683784,2026-09-12c
0.4179082389408523,0.08390966960014756,2026-09-12c
0.3890599834120617,0.35502212731258576,2026-09-12c
0.38327415132478876,0.08884907178234369,2026-09-12c
0.4213947096323753,0.2644464294539291,2026-09-12c
0.42956931300529816,0.05048125672492875,2026-09-12c
0.41552429876229907,0.03434296703718032,2026-09-12c
0.5565704921332786,0.20599708367955988,2026-09-12c
0.2448276621702627,1.4153891150600788,2026-09-12c
0.4017597086131611,0.07335530894265534,2026-09-12c
0.6806770033666832,0.4487933214477848,2026-09-12c
0.44734006305499874,0.24921776260967807,2026-09-12c
0.45435732019027336,0.4933574674983405,2026-09-12c
0.8810639286835786,0.586431094793506,2026-09-12c
0.4114276699242159,0.16973782450329142,2026-09-12c
0.41047079404567083,0.20518280808922973,2026-09-12c
0.1724539800024472,1.313948594172991,2026-09-12c
0.7884333025981862,0.1677408453189515,2026-09-12c
0.31001005950296084,0.1541779344666161,2026-09-12c
0.41716960377417667,0.04881778409118531,2026-09-12c
0.3922016186160449,0.046963293447054334,2026-09-12c
0.3854836130788129,0.22142958936088444,2026-09-12c
0.8888097530332233,0.8902610071101404,2026-09-12c
0.34040830923231885,0.3882176305123421,2026-09-12c
0.41357442840295777,0.11080277359445138,2026-09-12c
0.43166769754039047,0.1054813960562551,2026-09-12c
0.30915568049141107,0.030587750997344773,2026-09-12c
0.45780044710666107,0.06909463413119775,2026-09-12c
0.9979961027117977,0.9909673810423417,2026-09-12c
0.32121364676946546,0.21488715122690716,2026-09-12c
0.354258950349452,0.10468414896741869,2026-09-12c
0.4335806626944647,0.0339281066308391,2026-09-12c
0.36438778632416685,0.10061705557643594,2026-09-12c
0.37981146573083374,0.35656756668017314,2026-09-12c
0.9984657453086849,0.09038232594315104,2026-09-12c
0.9913436656052417,0.5857823002017118,2026-09-12c
0.36727777658182703,0.623149471357815,2026-09-12c
0.4189426783070528,0.1612530164478309,2026-09-12c
0.40796714867779715,0.08239030540065816,2026-09-12c
0.36603727034161704,0.8162442600654854,2026-09-12c
0.6548105852097751,0.11958691898928053,2026-09-12c
0.3562801295777422,0.702707052394621,2026-09-12c
0.510961140217177,0.3036148735480307,2026-09-12c
0.7460384108035956,0.6478043340885677,2026-09-12c
0.4289103065406116,0.12384145747113189,2026-09-12c
0.33981794836932305,0.7840693544576203,2026-09-12c
0.3973689198313222,0.022518058253057045,2026-09-12c
0.3801593891959289,0.09559221344752651,2026-09-12c
0.2728986555028531,2.1473040879885468,2026-09-12c
0.3815011576847482,0.07045168112873108,2026-09-12c
0.39991640878678475,0.810389260762688,2026-09-12c
0.3894766567026039,0.08064849222030812,2026-09-12c
0.9991629654551609,0.9966573938978995,2026-09-12c
0.2858335383086775,0.3875739657585835,2026-09-12c
0.36566164496550324,0.11828985413086092,2026-09-12c
0.9978322934759188,1.3061019492510564,2026-09-12c
0.3581696360050714,0.09927077299856131,2026-09-12c
0.9017332581947478,1.344620762394901,2026-09-12c
0.4407534471905224,0.41737711449066217,2026-09-12c
0.9988590412734547,0.9941076239650461,2026-09-12c
0.9694897132916606,0.9542572432504585,2026-09-12c
0.349381975395461,0.6733135399092952,2026-09-12c
0.3842824151347225,0.3699684328121166,2026-09-12c
0.6291424342421641,0.030933875417658727,2026-09-12c
0.3491018758184053,1.082119707876297,2026-09-12c
0.39637721114877583,0.048443422438316806,2026-09-12c
0.6594354838050357,1.7034968222778661,2026-09-12c
0.32726641798302936,0.1772870037548636,2026-09-12c
0.35102963610688875,0.5169838531984753,2026-09-12c
0.7571584130772794,0.49954199153874074,2026-09-12c
0.876295896402627,0.9281390663913065,2026-09-12c
0.7820713195828385,0.31879008597350617,2026-09-12c
0.9765407031236885,0.8765602780163663,2026-09-12c
0.9966913415427858,0.8040242628378999,2026-09-12c
0.9973765289508212,0.9958627981392214,2026-09-12c
0.4159169853698013,0.10067251657610533,2026-09-12c
0.9797192854509847,103.26901986861304,2026-09-12c
0.3154824423815953,0.7343188615679209,2026-09-12c
0.30502084146143266,0.12112755146570063,2026-09-12c
0.43114868297948733,0.12298829388558055,2026-09-12c
0.9106111892873043,0.3320034581631223,2026-09-12c
0.3111315938561422,0.2729293099342402,2026-09-12c
0.3506211094821967,0.6791994366162146,2026-09-12c
0.2561781049466214,0.5126058609769129,2026-09-12c
0.38580565529953303,0.11102816598041669,2026-09-12c
0.5040128063175036,0.06272491533077494,2026-09-12c
0.4159230161362622,0.10487829748345703,2026-09-12c
0.7698971679016573,0.8548412887370113,2026-09-12c
0.3780150882538785,0.3069689817203503,2026-09-12c
0.9907589130558139,0.9034664091876392,2026-09-12c
0.5062022860370119,0.6538582646286917,2026-09-12c
0.9264127923668798,0.07778799863331398,2026-09-12c
0.7352362432885485,0.37476589837095825,2026-09-12c
0.3215007653858924,0.17244263707631163,2026-09-12c
0.2718042274599091,0.3780868477032369,2026-09-12c
0.4020545650899952,0.33471504453903034,2026-09-12c
0.6454846294177478,0.3711283653969093,2026-09-12c
0.5060213845525062,0.11175201533125328,2026-09-12c
0.9716543432877918,0.006507141267477804,2026-09-12c
0.41841024840221747,0.21363971778016416,2026-09-12c
0.8103497139040935,0.0035669955578954498,2026-09-12c
0.4127893587512867,0.03965679259125293,2026-09-12c
0.9975006149462107,0.9454113458759168,2026-09-12c
0.9651442363697557,0.912662468028734,2026-09-12c
0.5402001575548556,0.32751435892796504,2026-09-12c
0.9355387691894788,0.9505246976883175,2026-09-12c
0.4992606118840417,0.3172254867274219,2026-09-12c
0.43036613933460216,0.24248266753479145,2026-09-12c
0.33869895544083434,2.2433923039808814,2026-09-12c
0.8705281179973411,0.9881323786869852,2026-09-12c
0.4564729831535633,0.17877690129464785,2026-09-12c
0.3813267187983379,0.11962046217920487,2026-09-12c
0.4072194354842819,0.07320872369103534,2026-09-12c
0.2659971625378414,0.20406291851439307,2026-09-12c
0.45098897609124655,0.059078664716952216,2026-09-12c
0.994874800177211,0.9923777866190839,2026-09-12c
0.7507040243132425,0.14294562007730277,2026-09-12c
0.6694929607563727,0.055043671910822496,2026-09-12c
0.43116194649906636,0.04669741192288741,2026-09-12c
0.9815257462127478,0.8604715981452334,2026-09-12c
0.9974497929942432,0.7656419241087139,2026-09-12c
0.9961417232123903,0.8937258591859288,2026-09-12c
0.9933008858393495,0.7575573704691727,2026-09-12c
0.49902977167783663,0.37405802557652046,2026-09-12c
0.9409165795781573,0.29305971407376397,2026-09-12c
0.7205739017463073,0.09595465937047681,2026-09-12c
0.3535927566908868,0.0508201647524927,2026-09-12c
0.3727974677497098,0.3486484377336973,2026-09-12c
0.46047826246895707,0.056608682348523474,2026-09-12c
0.3293889074748999,0.18289434855544592,2026-09-12c
0.6442705394532514,0.14623205181345422,2026-09-12c
0.9186764977107361,0.8938791782529183,2026-09-12c
0.36622623097903284,0.2228676524068346,2026-09-12c
0.880159951152025,0.5582601817181537,2026-09-12c
0.4345252794603603,0.11421132300188754,2026-09-12c
0.3933825250145942,0.727080003558759,2026-09-12c
0.3325958869534249,0.31499756543463586,2026-09-12c
0.3279611901591423,0.09919512522480083,2026-09-12c
0.36770111488905327,0.09481454493175817,2026-09-12c
0.4275933653417121,0.11623353299208852,2026-09-12c
0.3357776376257472,0.10987719262597102,2026-09-12c
0.9630441995000275,1.1703498432150972,2026-09-12c
0.32210888390229203,0.29531772798421896,2026-09-12c
0.317364447713872,0.35720981997002793,2026-09-12c
0.8935032437443262,1.1175569610177045,2026-09-12c
0.4227984133119879,0.23298799057251376,2026-09-12c
0.2919348895676693,0.4006288143562396,2026-09-12c
0.29169640947002157,2.0090351897729444,2026-09-12c
0.45921550049626125,0.025577274448161224,2026-09-12c
0.23207114294673944,0.4190646180002269,2026-09-12c
0.5178066683799915,0.14275426094680002,2026-09-12c
0.9972069206369708,0.8948288202578929,2026-09-12c
0.7755345370715698,1.0162962507396216,2026-09-12c
0.3766313634249624,0.6152345643375341,2026-09-12c
0.46496989458836874,0.1034054081312113,2026-09-12c
0.35693174321226895,0.5854147364855677,2026-09-12c
0.25979960740194713,1.8137481237323911,2026-09-12c
0.6794801598878765,1.351699503138168,2026-09-12c
0.6884297898413648,0.15312417853604746,2026-09-12c
0.4010707970329431,0.17865470683604553,2026-09-12c
0.2833430788942696,0.033678699679942005,2026-09-12c
0.37172069369556043,0.23668309580582053,2026-09-12c
0.29863116237159126,0.05102916732368434,2026-09-12c
0.741803649559908,0.8314786852811975,2026-09-12c
0.5505965808671363,0.23363006146336454,2026-09-12c
0.991501570952593,1.5311890092118057,2026-09-12c
0.37717331608983357,0.07914106726547032,2026-09-12c
0.40993615394070115,0.04426467341495258,2026-09-12c
0.41750833326946607,0.03770746809786581,2026-09-12c
0.4429552086322221,0.08285700251121607,2026-09-12c
0.21570561472363417,0.7440821620883962,2026-09-12c
0.32565372812424653,0.7033072458245875,2026-09-12c
0.4035037203598124,0.05679520065345787,2026-09-12c
0.453909828673384,11.940435039316402,2026-09-12c
0.853270750538823,0.4980486264901352,2026-09-12c
0.7553101648747511,0.07296597825012621,2026-09-12c
0.3097428922862186,0.06458402549839194,2026-09-12c
0.3878566574404746,0.2043569812075822,2026-09-12c
0.901371871115263,0.8017692754826267,2026-09-12c
0.32595231208306963,0.2634709349742712,2026-09-12c
0.9900512553404244,508.52777582770796,2026-09-12c
0.9978980001612582,0.7964379315264404,2026-09-12c
0.973311406749315,0.960653319559211,2026-09-12c
0.40359113886620274,0.3035623461782631,2026-09-12c
0.708947000226139,2.6516282005030947,2026-09-12c
0.4632660939214389,0.14440591263973046,2026-09-12c
0.2917424379453835,0.3600560227364079,2026-09-12c
0.3861497105703011,1.6551110360122536,2026-09-12c
0.3433281584852002,0.1272412235453732,2026-09-12c
0.3342991424895225,0.28121209589201157,2026-09-12c
0.3060528677208766,0.4268864184383189,2026-09-12c
0.4493076110543661,0.3173378935041745,2026-09-12c
0.39795092966959245,0.34738447542275724,2026-09-12c
0.42615031404187764,0.06099045303153666,2026-09-12c
0.35108943051865926,0.09955879554312717,2026-09-12c
0.46802094297298047,0.1462670676810442,2026-09-12c
0.40090373706081706,0.12005428847941903,2026-09-12c
0.9691538270852892,0.7945747085690409,2026-09-12c
0.3995397520288344,0.08278283340252923,2026-09-12c
0.8168347922131106,0.549275373579042,2026-09-12c
0.562724542942917,0.44719724606624794,2026-09-12c
0.22090305093365775,0.22855197609777525,2026-09-12c
0.6005394232548487,0.19817766959353653,2026-09-12c
0.403849916782722,0.06481272832927097,2026-09-12c
0.9188170025145845,0.3260271371439564,2026-09-12c
0.31185269856791525,0.032504032030207915,2026-09-12c
0.4341256052196286,0.2130645404958723,2026-09-12c
0.3406895355701734,0.12330733434899406,2026-09-12c
0.3912304832099203,0.10509353842406202,2026-09-12c
0.420882660329138,0.04510622964208558,2026-09-12c
0.514801187429861,0.09651049272302052,2026-09-12c
0.30944762448447316,0.08946469656047455,2026-09-12c
0.9733181971741307,0.9761450502282488,2026-09-12c
0.46166140903756436,0.10168066508916207,2026-09-12c
0.600906624803447,0.0011116099490026193,2026-09-12c
0.7713247521770744,0.7252921620046283,2026-09-12c
0.4278293841431425,0.037716276699186445,2026-09-12c
0.3843634775941785,0.4835651479240997,2026-09-12c
0.4930701095846157,0.11562100511378386,2026-09-12c
0.4035336163657558,0.04739625441323822,2026-09-12c
0.9986398117426255,2.3981908401301504,2026-09-12c
0.8061729800986034,0.07721281634219562,2026-09-12c
0.4328719817962859,0.18927953583322377,2026-09-12c
0.9510626217605351,0.9691272409629517,2026-09-12c
0.34962175937542017,0.136266262600679,2026-09-12c
0.9173604984149004,0.507275185540579,2026-09-12c
0.431116858786328,0.034996019383192224,2026-09-12c
0.41839583616838716,0.07407030832716403,2026-09-12c
0.4312407009345187,0.20522291412043397,2026-09-12c
0.40605730301164916,0.06922259901266095,2026-09-12c
0.8239710096117936,0.07494925365859986,2026-09-12c
0.4704464698629315,0.07091096219663566,2026-09-12c
0.4610672119204943,0.08177200840948044,2026-09-12c
0.3383172820685594,0.10761283069804478,2026-09-12c
0.8206631297662009,0.5416850921858768,2026-09-12c
0.3955931583697964,0.318106461630572,2026-09-12c
0.929647819638761,1.2831900592104246,2026-09-12c
0.9900595161281153,1192.126293895646,2026-09-12c
0.3750292645132836,0.1103045145129482,2026-09-12c
0.9162821361746907,2.330164196146432,2026-09-12c
0.431730826296641,0.18560480510878566,2026-09-12c
0.22393752799572403,0.8909837994762644,2026-09-12c
0.9878953809647093,0.9681912628572126,2026-09-12c
0.31306107369149944,0.307094651571972,2026-09-12c
0.37836096061171903,0.11737009210672289,2026-09-12c
0.3066425730402526,0.16405386446502837,2026-09-12c
0.6909066745977611,4.341647375489605,2026-09-12c
0.4859393576980404,0.12732569404531985,2026-09-12c
0.8163693941272996,0.020112856930513595,2026-09-12c
0.3984524937188407,0.07100703484081707,2026-09-12c
0.38101094170832467,0.19125810563789764,2026-09-12c
0.37940210507700156,0.5629750948715642,2026-09-12c
0.9164309869666851,0.8128474575524133,2026-09-12c
0.422267462093613,0.048831374753336966,2026-09-12c
0.9256766508866017,0.02994548542877666,2026-09-12c
0.7828469599661855,0.14410873351921075,2026-09-12c
0.22499046049540522,0.1490629730356473,2026-09-12c
0.9761090947186722,0.5343560706136993,2026-09-12c
0.5924285950976969,0.1628771628721136,2026-09-12c
0.8959781211016553,0.5417286706843519,2026-09-12c
0.438945634811927,0.13363961508964564,2026-09-12c
0.8557326116776031,0.5621766826890097,2026-09-12c
0.9657273674034728,1.9558564201601651,2026-09-12c
0.3358090887263152,0.349430317277115,2026-09-12c
0.5323968370362316,0.07665303593439833,2026-09-12c
0.38440251851526547,0.03588235243594433,2026-09-12c
0.9177445707288023,0.395422545014582,2026-09-12c
0.2531723169734387,0.42165339864343176,2026-09-12c
0.5868711129000674,0.705479229696302,2026-09-12c
0.4114995944660455,0.07212550856969648,2026-09-12c
0.9257648720509405,0.9682833251638164,2026-09-12c
0.9974199621393603,0.946183056202689,2026-09-12c
0.9979019474912454,0.9859170156317247,2026-09-12c
0.28046811856270887,0.10082472788406004,2026-09-12c
0.34433814465514617,0.3923756397770066,2026-09-12c
0.4345196432505691,0.09606736158341105,2026-09-12c
0.36894593551338345,0.3662328993280382,2026-09-12c
0.798995828762838,0.8727489983793704,2026-09-12c
0.38868278349270174,0.2502791937247283,2026-09-12c
0.42954714342399286,0.8270969050792039,2026-09-12c
0.38369574728997013,0.3099639059491787,2026-09-12c
0.3966668059281003,0.13815319582500835,2026-09-12c
0.6461435787315222,0.24778379173479917,2026-09-12c
0.314460374541238,0.27439086834819587,2026-09-12c
0.38171206830272597,0.5812837972885864,2026-09-12c
0.44807015102717673,0.3664457899286956,2026-09-12c
0.4172220702029574,0.11500070151839005,2026-09-12c
0.45396346812666377,0.1457965175435844,2026-09-12c
0.9293662673733626,0.00965495343823741,2026-09-12c
0.22770711600519433,0.24533868228633082,2026-09-12c
0.5199056963926826,0.07467318764631893,2026-09-12c
0.3260692979369746,0.040549067394303716,2026-09-12c
0.997890415980181,0.84964062270299,2026-09-12c
0.30761280874442676,0.5767619825255762,2026-09-12c
0.6709362030329009,0.21278513341851304,2026-09-12c
0.31103347792939184,1.0359295744540897,2026-09-12c
0.41657396514495254,0.08667476699187182,2026-09-12c
0.31713776675441574,0.053439915969861446,2026-09-12c
0.2851286447341129,0.11314270984159114,2026-09-12c
0.2083806587985488,207.3196827802632,2026-09-12c
0.3044924381085105,0.15845353904881493,2026-09-12c
0.6395403702943163,0.38142485490123074,2026-09-12c
0.7172462452526241,1.446154439295089,2026-09-12c
0.6985993821629346,0.0014561335715143804,2026-09-12c
0.3987448138147601,0.08784796422174983,2026-09-12c
0.4148363640430797,0.31320414911888433,2026-09-12c
0.9216636226113027,0.8174981005975043,2026-09-12c
0.42464360703184956,0.06358887942121495,2026-09-12c
0.4114043138101801,0.26677052223383246,2026-09-12c
0.38541160546821845,0.1495993181070522,2026-09-12c
0.4609931908858565,0.5383735139482589,2026-09-12c
0.294862551071646,0.5109848874374759,2026-09-12c
0.44790393354073005,0.6664315626357067,2026-09-12c
0.41410341991859034,0.15613199659438906,2026-09-12c
0.2293764183931515,0.2290963122987354,2026-09-12c
0.41373263188274567,0.0692084316390097,2026-09-12c
0.521459764774119,0.12374113280856229,2026-09-12c
0.40090108886681014,0.15941715385272395,2026-09-12c
0.6947107508567787,0.023060132544500976,2026-09-12c
0.40950520082918185,0.19406026463513534,2026-09-12c
0.6402574556232485,3.9925629161518925,2026-09-12c
0.4135892756356172,0.36217769583987053,2026-09-12c
0.7303433216496898,0.07327518386447018,2026-09-12c
0.4363698470396791,0.05622676425029885,2026-09-12c
0.9984691541858187,0.9972209416711311,2026-09-12c
0.2512875503502791,0.1738308048272089,2026-09-12c
0.5724349912361891,0.45796404141166036,2026-09-12c
0.6698056195195075,0.09010035646142125,2026-09-12c
0.38725743287592335,0.07611840107877452,2026-09-12c
0.39211613801865264,0.17066119737149682,2026-09-12c
0.9915911872953534,0.9877903987744058,2026-09-12c
0.8213112046366249,0.5074608824808734,2026-09-12c
0.3451744970584177,0.6182935771135032,2026-09-12c
0.9949933257020989,0.6800771026238275,2026-09-12c
0.6838394088785356,0.12010663047831907,2026-09-12c
0.4125912419427954,0.17285443977135315,2026-09-12c
0.9605776227171651,22.52041485940323,2026-09-12c
0.3090841729445791,0.3517749418037004,2026-09-12c
0.39661128695041736,0.04800351930709486,2026-09-12c
0.8159699154625955,0.2079177208541637,2026-09-12c
0.9472679658870901,0.8300502008058084,2026-09-12c
0.8778136559175712,0.5472277057598921,2026-09-12c
0.9999617518025989,3.9952019949127036,2026-09-12c
0.8617206195733457,0.17098276703375145,2026-09-12c
0.4714877506684481,0.024012883584303518,2026-09-12c
0.8211520918710651,0.10695578933055079,2026-09-12c
0.42286193970810254,0.09633792676281559,2026-09-12c
0.9680759876602785,0.6969115317028205,2026-09-12c
0.8366703428538617,0.6219823189065045,2026-09-12c
0.6784673414579336,0.25018483242700124,2026-09-12c
0.937860073433752,0.3902433737595864,2026-09-12c
0.4666954460185004,0.10833823056778295,2026-09-12c
0.40684242535208887,0.17354030610159293,2026-09-12c
0.913476094206314,0.6342324943947865,2026-09-12c
0.331360881217843,0.28922039834522306,2026-09-12c
0.2973150099130514,0.604082222498259,2026-09-12c
0.9975095965673442,0.999731639705225,2026-09-12c
0.31517671065625924,0.0543320907682265,2026-09-12c
0.4535374956627231,0.23290293912042925,2026-09-12c
0.555804975832051,0.0044698727325988685,2026-09-12c
0.9962850765833267,0.9942262376491875,2026-09-12c
0.8698590278511289,0.01628965970590859,2026-09-12c
0.7120809101655372,0.0024800303839453137,2026-09-12c
0.6347958688964497,0.8333891806757033,2026-09-12c
0.8338655341029328,0.2903914200929857,2026-09-12c
0.4780235965819608,0.1367368111529166,2026-09-12c
0.9971624351291699,0.7751534689149948,2026-09-12c
0.984926277762713,0.9632932258380589,2026-09-12c
0.40655400299068634,0.39578967351111294,2026-09-12c
0.283895457790189,0.6649438704342345,2026-09-12c
0.33446908094406835,0.0573172095405973,2026-09-12c
0.9933476356329792,0.9731809092764536,2026-09-12c
0.9983516282515458,1.4652294620101398,2026-09-12c
0.302777240333051,0.23620485942568492,2026-09-12c
0.8304274189178428,0.4295353753913074,2026-09-12c
0.7763541276228101,0.5939864838357001,2026-09-12c
0.5768619305669391,0.3947118399064949,2026-09-12c
0.4256145284192345,0.3449326701601751,2026-09-12c
0.39133672338411596,0.16499786649330728,2026-09-12c
0.9991906764909724,2.741758651143552,2026-09-12c
0.379668178018066,0.08564733053370148,2026-09-12c
0.9813174491411637,0.01056456773460431,2026-09-12c
0.3428969054036864,0.41575534760253025,2026-09-12c
0.2777851752973026,0.05419738596772562,2026-09-12c
0.254288886068672,1.5894471034661741,2026-09-12c
0.5223870047823049,0.18721347301934635,2026-09-12c
0.7222419374276353,1.2927024206627291,2026-09-12c
0.4057046795223602,0.2799958237210719,2026-09-12c
0.998694825163428,0.9961643277498298,2026-09-12c
0.4024430303835001,0.20779150395418344,2026-09-12c
0.43197301552355727,0.13377627007096785,2026-09-12c
0.8038140868742817,0.34692860224521727,2026-09-12c
0.3538915253247015,0.16695284552088233,2026-09-12c
0.29105424200638286,0.8047858612175715,2026-09-12c
0.44907744683936296,0.06213137818352323,2026-09-12c
0.3310609355133999,0.2184600688854842,2026-09-12c
0.5377004274595227,0.15096965494220757,2026-09-12c
0.6924765505550218,1.4575282794084135,2026-09-12c
0.4901869798993345,0.001592896831991621,2026-09-12c
0.4088222992850303,0.11881358553072993,2026-09-12c
0.9770159541834805,0.6279152910633701,2026-09-12c
0.4494160328124932,0.09165070557205184,2026-09-12c
0.3705925848404562,2.1935636703734875,2026-09-12c
0.31696122396382365,1.085996413477152,2026-09-12c
0.2585807242145119,0.6146943236035424,2026-09-12c
0.20891667715666176,0.20970548276927392,2026-09-12c
0.9359003354642478,0.9570190373584799,2026-09-12c
0.4134660072949363,0.03371228443293137,2026-09-12c
0.7310060183530035,2.049975393222311,2026-09-12c
0.3167784426161665,0.6888294002874921,2026-09-12c
0.3632757885065388,0.3152232813376125,2026-09-12c
0.37488281565314485,0.31914011828085354,2026-09-12c
0.275056387720361,1.6201752474273883,2026-09-12c
0.40985781778206576,0.4616360528051379,2026-09-12c
0.8442969383703451,0.8443522061872585,2026-09-12c
0.4120335482154735,0.10700978750209343,2026-09-12c
0.9823192155632058,0.6955834268499835,2026-09-12c
0.41003090085225635,0.07016746164783284,2026-09-12c
0.24591662855739238,2.915637078194355,2026-09-12c
0.4409986992515361,0.1721592813249307,2026-09-12c
0.24793049394978703,0.08336539689584568,2026-09-12c
0.9980714812899326,0.972992195466283,2026-09-12c
0.32665693378956384,0.7070718325466481,2026-09-12c
0.5761196754097305,0.21333221164602828,2026-09-12c
0.2866299502870565,0.731076118077937,2026-09-12c
0.994261774211006,0.8191394344752295,2026-09-12c
0.36533530330935526,0.31616328234584223,2026-09-12c
0.9891920505405716,0.9908042024193277,2026-09-12c
0.8619966835595048,0.07183011534184709,2026-09-12c
0.7428139490812088,1.0982417374325921,2026-09-12c
0.9992209108992264,0.9977982797566591,2026-09-12c
0.3123731770214745,1.019855131544701,2026-09-12c
0.3510364376899252,0.23833299814112596,2026-09-12c
0.9108726364375308,0.7913254450240144,2026-09-12c
0.7843470760428087,0.0487172928020359,2026-09-12c
0.3689055614206026,0.21856883991625717,2026-09-12c
0.5859405012648724,0.20164737829225082,2026-09-12c
0.9859903783522443,0.8954614931138904,2026-09-12c
0.36330877449543225,0.04854597555151402,2026-09-12c
0.9715462626442497,0.9578964258595409,2026-09-12c
0.5970954096731286,1.6277419586661661,2026-09-12c
0.32694504804768126,0.15546697214391966,2026-09-12c
0.9921056790718666,0.969719922067329,2026-09-12c
0.38791063389338765,0.2692881114489528,2026-09-12c
0.9984094149150045,0.9971614259103223,2026-09-12c
0.6987505212587042,0.23484373704951214,2026-09-12c
0.29336819896771815,0.16196189803026256,2026-09-12c
0.39910219405247144,0.11516742072293323,2026-09-12c
0.9939650824913325,0.8560750724823637,2026-09-12c
0.9843491328270778,0.9682561495504325,2026-09-12c
0.46476231717539473,0.2263493205192151,2026-09-12c
0.8648814927774151,0.2575192677391631,2026-09-12c
0.2682393526001027,0.4547849429844215,2026-09-12c
0.3944427005716193,0.15317008345069744,2026-09-12c
0.9481582357800554,0.9389282687701193,2026-09-12c
0.2929601797545844,0.17005073180480382,2026-09-12c
0.31719640377705044,0.6501350308884155,2026-09-12c
0.7988207233829469,0.2863235131298269,2026-09-12c
0.3868876024740803,0.10150231889885834,2026-09-12c
0.727324682811908,0.3204983836551868,2026-09-12c
0.48862915220403275,0.022754165632559425,2026-09-12c
0.29628500105980377,0.05110242919889476,2026-09-12c
0.25111170544635103,2.494139999780009,2026-09-12c
0.44144437474403647,0.08468177546336404,2026-09-12c
0.433543227603292,0.03946233533668117,2026-09-12c
0.6052002284453801,0.12017774758490446,2026-09-12c
0.4413551929002323,0.0825069300016177,2026-09-12c
0.35084827610596586,0.4707732287125855,2026-09-12c
0.9922365713251652,0.47520311819124306,2026-09-12c
0.3434663276657278,0.300764294185748,2026-09-12c
0.379205341873403,0.24084744207655054,2026-09-12c
0.8910330294381423,0.8905787178873446,2026-09-12c
0.5380308240245922,0.1018198156553962,2026-09-12c
0.5935637170378018,0.11363787926932217,2026-09-12c
0.18074554186069197,1.5190937794330865,2026-09-12c
0.7757827356864861,0.7899062049753567,2026-09-12c
0.95361987930245,0.965667619732635,2026-09-12c
0.3989124100308667,0.706043680971515,2026-09-12c
0.3843720141984398,0.23705999665048846,2026-09-12c
0.3136533700162512,0.861061768102854,2026-09-12c
0.4878075546484413,0.2808412939428136,2026-09-12c
0.6483550381490973,0.3644220688158645,2026-09-12c
0.7899622879236987,1.080986099571136,2026-09-12c
0.6888618844667485,0.9049304113442284,2026-09-12c
0.4238574344324202,0.1515952205125177,2026-09-12c
0.33631124065002593,0.1169604915451201,2026-09-12c
0.36989896592970894,1.1168415902883475,2026-09-12c
0.4005345244217647,0.16126686263143014,2026-09-12c
0.9928602406416398,0.9782060488973261,2026-09-12c
0.2924488038747307,1.2798565892703668,2026-09-12c
0.5606459988167359,0.2207284434703985,2026-09-12c
0.4563788053189231,0.2526287478812181,2026-09-12c
0.41804308883645225,0.27254354300768885,2026-09-12c
0.9808209894760641,0.6145179424268148,2026-09-12c
0.3629304847919474,0.26837842672285755,2026-09-12c
0.43480468332284244,0.13869224534921767,2026-09-12c
0.3659534570956231,0.10602168329108681,2026-09-12c
0.993654793608498,0.9526966052407024,2026-09-12c
0.5347862247328437,0.10201340857747365,2026-09-12c
0.6364191069850755,0.02490598347057926,2026-09-12c
0.9881997633974918,0.9766295227260003,2026-09-12c
0.3998447883660665,0.1714568286937799,2026-09-12c
0.3964479487629411,0.09564724858941873,2026-09-12c
0.5348459877047482,0.09061846309625739,2026-09-12c
0.9897179040043024,0.23060204191057487,2026-09-12c
0.3183290245955651,0.11683365999048256,2026-09-12c
0.3238417336360444,0.13183882673163055,2026-09-12c
0.9749463142408082,0.947379205200412,2026-09-12c
0.9832718916166865,2.274288111864616,2026-09-12c
0.31466809482785046,0.08712194982920583,2026-09-12c
0.35509442395451074,0.4912192482224761,2026-09-12c
0.30229234814655587,0.046646948953739956,2026-09-12c
0.32572488801254934,0.08903301569471171,2026-09-12c
0.9549455653874602,0.0024103150657568333,2026-09-12c
0.44283717314064286,0.32166873008117747,2026-09-12c
0.9353816426895993,0.018917634800787703,2026-09-12c
0.7096819862777353,0.003362463714821963,2026-09-12c
0.40652291992817596,0.13946695471126935,2026-09-12c
0.8378934420553767,0.8125625166103337,2026-09-12c
0.305300203266119,0.1017961880762022,2026-09-12c
0.4053637902383477,0.20737469461964506,2026-09-12c
0.2503502047955176,2.9916744786084704,2026-09-12c
0.9956936904792495,1.2509730795875587,2026-09-12c
0.3880369921768595,0.08878725020489919,2026-09-12c
0.5055139377844196,0.046778112696913184,2026-09-12c
0.6189584398098629,0.608184375582061,2026-09-12c
0.6903507480540829,0.17198117502919266,2026-09-12c
0.35295450839848924,0.07781144229444598,2026-09-12c
0.9989667785198393,0.9951049326541909,2026-09-12c
0.8293358269996646,0.8262201637840683,2026-09-12c
0.3553281636709895,0.9543149498314164,2026-09-12c
0.361978723627633,0.47758247934917514,2026-09-12c
0.3424344043001989,0.3730041061637503,2026-09-12c
0.3992256825381578,0.058898733865812694,2026-09-12c
0.32543606912303763,0.06328806515796202,2026-09-12c
0.3797031927323796,0.36738882767041176,2026-09-12c
0.946725223152129,0.792437415527091,2026-09-12c
0.3837577532180017,0.06464041014708216,2026-09-12c
0.4422367714399878,0.08444528877354693,2026-09-12c
0.3746579690492595,0.04425917015804797,2026-09-12c
0.33287836862111086,0.11467406706132098,2026-09-12c
0.9991110311355628,0.9987275944888653,2026-09-12c
0.4027440780508087,0.4190432851434242,2026-09-12c
0.42032787800080684,0.1070762024438245,2026-09-12c
0.46821247987814507,0.3657349142201886,2026-09-12c
0.3762292008879398,0.7565915329798555,2026-09-12c
0.4222805666361959,0.14058407725092678,2026-09-12c
0.42465624689119585,0.07669008740236506,2026-09-12c
0.32038506841547437,0.1514385539243927,2026-09-12c
0.9255653984053608,0.9303583023028725,2026-09-12c
0.887891483519673,0.7815409414175051,2026-09-12c
0.4560043571232579,0.1303707632334837,2026-09-12c
0.687270130580024,0.24840343382299135,2026-09-12c
0.30662588792984186,0.05501362410752934,2026-09-12c
0.35022484925109204,0.07824715921669372,2026-09-12c
0.7279278212334452,0.09160172498040164,2026-09-12c
0.45323942201860806,0.46086688378781804,2026-09-12c
0.25016161370989604,0.37798202370421347,2026-09-12c
0.4823447093469971,0.08909361386499653,2026-09-12c
0.2908551926279097,0.6903211160303367,2026-09-12c
0.3128874550837356,0.6323373533929562,2026-09-12c
0.4454148672275785,0.06218236405054539,2026-09-12c
0.4558140894500106,0.28280285673549577,2026-09-12c
0.2714689393518928,0.3115787552000674,2026-09-12c
0.9788188476816333,0.8823296851832718,2026-09-12c
0.9963988923034546,0.997422134079468,2026-09-12c
0.4066812174412546,0.22876634342880817,2026-09-12c
0.5688074652042219,6.859025365792456,2026-09-12c
0.4460955060711533,0.5975454268226139,2026-09-12c
0.33283567105210776,0.15084591459895005,2026-09-12c
0.40429410080839284,0.021197610171953783,2026-09-12c
0.39518643532672604,0.3414657664212448,2026-09-12c
0.6931948913658541,0.6172124855368232,2026-09-12c
0.3537108276506826,0.14348742652742202,2026-09-12c
0.3707710735771698,0.1749394877404186,2026-09-12c
0.34680044013269135,0.13957453743417086,2026-09-12c
0.4042667253675776,0.12254887706713458,2026-09-12c
0.4436490828080909,0.07571722578576683,2026-09-12c
0.8694354132389522,0.2091196191486489,2026-09-12c
0.32105594727660675,0.19217439310245146,2026-09-12c
0.9557882456197329,2.372490400448168,2026-09-12c
0.6058434355382347,0.07487792085034183,2026-09-12c
0.929057581131968,0.9227589013398065,2026-09-12c
0.30813534061423176,0.6151577716580363,2026-09-12c
0.597622456548262,0.17376715845313565,2026-09-12c
0.5008687930930945,0.3978638582224772,2026-09-12c
0.44147938977811846,0.062002898853453114,2026-09-12c
0.37176090394669165,0.11785164965529778,2026-09-12c
0.8967903953675754,2.251457604898301,2026-09-12c
0.31981823102144374,0.8683478657294739,2026-09-12c
0.997483562368766,0.9644858379578233,2026-09-12c
0.4698256528324808,0.24484430791278378,2026-09-12c
0.49657114054716645,0.4769539943849941,2026-09-12c
0.42035653171007653,0.06483296959716095,2026-09-12c
0.3483379742589333,1.1648946898486316,2026-09-12c
0.6065588315264796,0.2053520290497891,2026-09-12c
0.39401966797513216,0.09708951594416225,2026-09-12c
0.8333587069282937,0.6211331485495967,2026-09-12c
0.3668636340107198,0.08001906927392843,2026-09-12c
0.9720953243905349,0.6848116573456793,2026-09-12c
0.3530903482146147,0.6906608330176196,2026-09-12c
0.36378629291613085,0.03143999325410526,2026-09-12c
0.991713027826531,0.7835115995274288,2026-09-12c
0.39875246246391843,0.056230122909820594,2026-09-12c
0.3533717118198977,0.04835126103099142,2026-09-12c
0.7436821935531075,0.3719367738000693,2026-09-12c
0.986470118406085,0.9010247402521064,2026-09-12c
0.9469969297152361,0.6097830813439574,2026-09-12c
0.998593478469667,0.8153597360606774,2026-09-12c
0.31832147540054073,0.0362805570309232,2026-09-12c
0.7624657199996423,0.6929706152896286,2026-09-12c
0.42673672981613564,0.07876541964868057,2026-09-12c
0.36617799299751896,0.17371042337711426,2026-09-12c
0.3840519439398044,0.1599868359148659,2026-09-12c
0.987500639563353,0.9730048625629399,2026-09-12c
0.97617437246536,0.9635403668183267,2026-09-12c
0.2940221988844056,0.03445629605199466,2026-09-12c
0.3774820322708973,0.070894737844782,2026-09-12c
0.325076710177876,0.2624284076420813,2026-09-12c
0.5555732792630573,0.3782275440675947,2026-09-12c
0.42169829304612755,0.08039962391338047,2026-09-12c
0.7335714522620455,1.0601887013921754,2026-09-12c
0.3996219447231915,0.2257473163219565,2026-09-12c
0.7627073445541855,0.03833696761777787,2026-09-12c
0.32164487155523525,0.20527125494628165,2026-09-12c
0.4327058503318883,0.24385476102309162,2026-09-12c
0.3700191761399073,0.22710909156714337,2026-09-12c
0.6046613601616935,0.09600395213766187,2026-09-12c
0.5212915865445229,0.053824702805119536,2026-09-12c
0.8375051330193489,0.01137450217146998,2026-09-12c
0.47373268508717736,0.22433931543418384,2026-09-12c
0.3966865892262344,0.07106538581472881,2026-09-12c
0.9959514526696436,0.42691258668719495,2026-09-12c
0.3452251812204443,0.5990931202768038,2026-09-12c
0.5711486061337891,0.39177062175673544,2026-09-12c
0.4241253237624454,0.07201047192415197,2026-09-12c
0.42120253331437923,0.07783603672816851,2026-09-12c
0.65669665728704,0.3132053519547175,2026-09-12c
0.9986287804118916,0.9952614403668729,2026-09-12c
0.31308646551211616,0.18649060987099955,2026-09-12c
0.9807400670742841,0.9322516248177515,2026-09-12c
0.3099582711060553,0.16587303371771417,2026-09-12c
0.38186175666732336,0.0815068934006576,2026-09-12c
0.35367213146181964,0.41017241119762443,2026-09-12c
0.3688704524269303,0.3078336516278751,2026-09-12c
0.7010507543252013,0.11562375754095296,2026-09-12c
0.44056452237843496,0.3293342557703165,2026-09-12c
0.70988929747742,0.14301398826301323,2026-09-12c
0.465941181509926,0.031835227148440205,2026-09-12c
0.3732602361845122,0.06918019661129922,2026-09-12c
0.4117551782419553,0.20024747173030075,2026-09-12c
0.4053196312249837,0.17393937676296073,2026-09-12c
0.31521609667303463,0.11911433042303624,2026-09-12c
0.6518936721772802,0.5228109582443409,2026-09-12c
0.2707654157942477,0.6922904318740468,2026-09-12c
0.4163637098608221,0.08849563294437574,2026-09-12c
0.46015762030237684,0.29594367974081376,2026-09-12c
0.7631551643205217,0.20363276411858575,2026-09-12c
0.9107926460341261,0.03521046333068684,2026-09-12c
0.313741255514716,0.15232522869319298,2026-09-12c
0.33124199636698876,0.15588058409403047,2026-09-12c
0.37171937384165593,0.08297898837297722,2026-09-12c
0.9916835990795554,0.9704987140030695,2026-09-12c
0.4319380286236591,0.04431899546081663,2026-09-12c
0.969591131400486,0.9876951448263521,2026-09-12c
0.3110797254934109,0.46100952769126846,2026-09-12c
0.46384703460723786,0.3516739008256794,2026-09-12c
0.5446557152059189,0.10279668951070854,2026-09-12c
0.4882908395877515,0.026304183429443004,2026-09-12c
0.975384372818479,0.009426944652089124,2026-09-12c
0.21874760804071494,0.4681643256297101,2026-09-12c
0.494928699227185,0.26686547696016044,2026-09-12c
0.35723212191725034,0.1168827712892918,2026-09-12c
0.47279081785357085,0.10561213431756224,2026-09-12c
0.3053326826713562,0.20709382696841258,2026-09-12c
0.37570245836707705,0.3312157950201046,2026-09-12c
0.7601394299182654,0.12143213259605415,2026-09-12c
0.9865717776042787,2.6703264547034253,2026-09-12c
0.8988980081101366,0.05433276893662626,2026-09-12c
0.6766130454063084,0.6413438765385675,2026-09-12c
0.2839322009100304,0.183477498843835,2026-09-12c
0.3010029433084142,1.1055278611191262,2026-09-12c
0.9103549330096602,1.0032248313573222,2026-09-12c
0.3420036170560577,2.78264498664722,2026-09-12c
0.8716679260156218,1.176371781503628,2026-09-12c
0.31897031088264527,0.6344117087496167,2026-09-12c
0.8420957394829995,0.17271605008332327,2026-09-12c
0.5210849771332259,0.18874911553651044,2026-09-12c
0.4243529241891307,0.23265524755465322,2026-09-12c
0.46982574666920196,0.30875763467359096,2026-09-12c
0.44215288730007624,0.1251277604133362,2026-09-12c
0.4500951531443624,0.10152790785687955,2026-09-12c
0.4187335985932164,0.12275680432486355,2026-09-12c
0.6616096603875425,4.096582935237092,2026-09-12c
0.8752241922881557,0.04030332715616993,2026-09-12c
0.3454709886384077,0.04148887048279346,2026-09-12c
0.25687688277712734,0.06193779009842664,2026-09-12c
0.44530159092651894,0.10190890817634797,2026-09-12c
0.4865162645693464,0.17336548700504145,2026-09-12c
0.6288936101832546,0.11249374033540167,2026-09-12c
0.9856648118903837,0.9685499968504431,2026-09-12c
0.3527204494303568,0.18639319966123155,2026-09-12c
0.3190999121695301,0.13760045470350338,2026-09-12c
0.990246817499555,0.9784300412038363,2026-09-12c
0.6482045788400647,0.6563456112544689,2026-09-12c
0.47614201819823104,0.21255933553972134,2026-09-12c
0.3928145587327786,0.07278519737988057,2026-09-12c
0.3044817741910157,0.06521754679786353,2026-09-12c
0.4355444249131088,0.0925719035057061,2026-09-12c
0.9488047444031296,0.9389235348371714,2026-09-12c
0.30931691327369726,0.11722992880947032,2026-09-12c
0.33217793993011185,1.0790709834168983,2026-09-12c
0.9461597616495615,0.42211889959262844,2026-09-12c
0.35853897222918923,0.04159524059823213,2026-09-12c
0.31288496469251076,0.052844562158733066,2026-09-12c
0.9947680458646918,0.8602515745646502,2026-09-12c
0.9110318701724437,0.0384971388620172,2026-09-12c
0.3771812736564173,0.12123778458168112,2026-09-12c
0.45739298449157206,0.07071497561232135,2026-09-12c
0.4188013343659802,0.24062300711255952,2026-09-12c
0.33491418676917883,0.2972728759073241,2026-09-12c
0.611026950342097,0.33378187660485215,2026-09-12c
0.45916309844649716,0.03583849543204358,2026-09-12c
0.38589592557167113,0.20221814351253056,2026-09-12c
0.45828099605198236,0.10054870731567925,2026-09-12c
0.9966384053623186,0.9385642809169359,2026-09-12c
0.7125579113585364,1.920343126685318,2026-09-12c
0.9871321382687144,0.5362862522558974,2026-09-12c
0.9050470299810034,0.8660648959368749,2026-09-12c
0.9993001966979127,0.47910495772639755,2026-09-12c
0.34348584804985144,0.03879180428089412,2026-09-12c
0.3748587942651064,0.8714915370874635,2026-09-12c
0.8958798620528335,0.8028910451014597,2026-09-12c
0.307389825679902,0.4370669803519784,2026-09-12c
0.34815393835492664,0.1975002845701808,2026-09-12c
0.9421053778079189,1.7505598862928355,2026-09-12c
0.42757016525049374,0.2164430432523927,2026-09-12c
0.7896010894891363,0.2550370206101921,2026-09-12c
0.4550532040029545,0.23341259458008984,2026-09-12c
0.9915397885850455,1.552919341304604,2026-09-12c
0.8697875009662022,1.9086577696913034,2026-09-12c
0.3853763974551319,0.1761316575394282,2026-09-12c
0.4749947181751136,0.20901425107621058,2026-09-12c
0.42616948899675605,0.3128921226847062,2026-09-12c
0.40420883365924704,0.15882718164955079,2026-09-12c
0.39325091026744385,0.19422548700514541,2026-09-12c
0.99887198315083,0.010892636802771718,2026-09-12c
0.9041725453303607,0.003786073434723655,2026-09-12c
0.4554828747532996,0.053400936133879306,2026-09-12c
0.3147278897674707,0.20885923267842701,2026-09-12c
0.5195537843473366,0.03287365598641151,2026-09-12c
0.22042556555783285,2.9306108076122634,2026-09-12c
0.850306409650331,0.03483560744572372,2026-09-12c
0.19968102151217734,0.8175347140099527,2026-09-12c
0.9868978341184234,0.9240133658300909,2026-09-12c
0.49038021502401846,0.1258861087309983,2026-09-12c
0.4310074600540896,0.10693255768797028,2026-09-12c
0.994242570075476,0.6111610695516577,2026-09-12c
0.43827043832258694,0.1367808124499458,2026-09-12c
0.997896241214762,0.8606725471626016,2026-09-12c
0.4141399380159096,0.0699005884144562,2026-09-12c
0.4477937894641817,1.6613484423885807,2026-09-12c
0.3195048339671079,0.2512143912445113,2026-09-12c
0.3811126665579111,1.6615665324800675,2026-09-12c
0.9833290512771242,22.58743483155845,2026-09-12c
0.9681779397233375,0.9718699350209631,2026-09-12c
0.7356366375606973,0.11057569849127652,2026-09-12c
0.4335671573064669,0.04506659386503175,2026-09-12c
0.9206267016970705,2.172232806863747,2026-09-12c
0.44443685239887604,0.06263152548569499,2026-09-12c
0.3917891942753175,0.300356604831086,2026-09-12c
0.38043968917633747,0.23470391372142574,2026-09-12c
0.39382366172603184,0.33104429561545384,2026-09-12c
0.26259562267748354,0.8127677830291203,2026-09-12c
0.392766958180423,0.409289975364541,2026-09-12c
0.6948987228622076,0.026686495719273205,2026-09-12c
0.9933509256161468,0.7024446911281448,2026-09-12c
0.32511477128227995,0.27392072944978446,2026-09-12c
0.33061109604064615,1.278297818856144,2026-09-12c
0.8464878052894317,29.25036175415821,2026-09-12c
0.23563337123781725,0.5574205939135949,2026-09-12c
0.7839325180479889,0.054772300424838875,2026-09-12c
0.37779304429954114,0.16926306769219968,2026-09-12c
0.42883750518889047,0.1019968856733087,2026-09-12c
0.3133371759427951,0.19104756541351142,2026-09-12c
0.3908507119170116,0.4691165564727542,2026-09-12c
0.401997310378513,0.0906862320157554,2026-09-12c
0.6223453119396336,0.8634421135859116,2026-09-12c
0.5468679719796335,0.10174858090133505,2026-09-12c
0.5661859144816497,0.4363289976477026,2026-09-12c
0.6042983641522216,0.3835739032426864,2026-09-12c
0.6704699817781713,0.20537217090106863,2026-09-12c
0.4216879246156019,0.13420285999341802,2026-09-12c
0.27506140564505843,0.23621389204021845,2026-09-12c
0.6038138720011302,0.10375316626823043,2026-09-12c
0.5603251048782928,0.0930956110052861,2026-09-12c
0.43787200369414286,0.22919264252360033,2026-09-12c
0.43598119636101895,0.0615081425250292,2026-09-12c
0.7854091875936211,1.0483153988180032,2026-09-12c
0.9894347356524549,0.998563800267652,2026-09-12c
0.9456714995340902,0.9671962138593623,2026-09-12c
0.310072542368041,0.511390565346676,2026-09-12c
0.4871529865908076,0.04441278079831709,2026-09-12c
0.4317306501275282,0.7846110624737864,2026-09-12c
0.5859961147387538,0.07849756129524399,2026-09-12c
0.30216257906896904,0.06161519665033915,2026-09-12c
0.4186325371467186,0.2230410905074823,2026-09-12c
0.4556611242012546,0.152570388236166,2026-09-12c
0.35095889272766845,0.21994765149394602,2026-09-12c
0.7313843343054584,0.5057088021260775,2026-09-12c
0.3390395470049852,0.4552239321223871,2026-09-12c
0.2686938394210996,0.4257347752327382,2026-09-12c
0.42211057471004676,0.04839874619550957,2026-09-12c
0.43766989317606886,0.12182588448584576,2026-09-12c
0.36144884969316177,0.12366409363786056,2026-09-12c
0.9992256850016908,1.1483053620757084,2026-09-12c
0.41275220978730437,0.07430947287662537,2026-09-12c
0.33523586504667396,0.09084688875948546,2026-09-12c
0.314738115158777,0.09750916484425948,2026-09-12c
0.9970966438249598,0.9828637649477258,2026-09-12c
0.4129894435901938,0.22056830710724276,2026-09-12c
0.40866452942088755,0.03230762297441657,2026-09-12c
0.2869513536687931,0.7665893161600272,2026-09-12c
0.3313012303867188,0.272545679901284,2026-09-12c
0.37474298302167103,0.5991121707632249,2026-09-12c
0.44361912365584505,0.06462130864670565,2026-09-12c
0.26762641019738526,0.08097827902680838,2026-09-12c
0.31065766137685313,0.803400367605729,2026-09-12c
0.3714910669543034,0.12259880127135732,2026-09-12c
0.4850385651999308,0.10245380906921452,2026-09-12c
0.8320403705014203,0.9764436687013026,2026-09-12c
0.9724900191742472,0.9166638547756413,2026-09-12c
0.30256454141416017,0.6705108912118648,2026-09-12c
0.4471551757307063,0.08561640208768359,2026-09-12c
0.32435373680593993,0.12540242155226405,2026-09-12c
0.6295733147489385,0.3662233262510213,2026-09-12c
0.3714148468381142,0.6235419010654779,2026-09-12c
0.987331351451059,0.9048800694556112,2026-09-12c
0.32625499147822656,0.07069282209817668,2026-09-12c
0.8554265292839165,0.30535553403899407,2026-09-12c
0.5541555269752386,0.08677435573482839,2026-09-12c
0.639165653369276,0.7810290241852795,2026-09-12c
0.6969193505105054,0.4301503020249564,2026-09-12c
0.7114360001059581,0.04666857295890961,2026-09-12c
0.6289184612570551,0.0789292994856475,2026-09-12c
0.5666897065200127,0.2359746609523305,2026-09-12c
0.39212490623242496,0.06777062609847785,2026-09-12c
0.526687036499248,0.16750050182412127,2026-09-12c
0.5775096293871655,0.5865631705415293,2026-09-12c
0.35254010510098494,0.26958691058500184,2026-09-12c
0.7091211816143516,0.24083375486644526,2026-09-12c
0.40184052226328076,0.1078795273826628,2026-09-12c
0.8526087126639229,0.7678484688201714,2026-09-12c
0.3532882285097362,0.6771323160554661,2026-09-12c
0.3356486115113243,0.1141887383159884,2026-09-12c
0.47035961606571003,0.15383620792002872,2026-09-12c
0.42385994361665713,0.05157883102882104,2026-09-12c
0.6133604541835278,0.26215848003160575,2026-09-12c
0.9747949073863098,0.6313096216318419,2026-09-12c
0.9680987327366374,0.9492203362002387,2026-09-12c
0.5142080544425516,0.3379934926329536,2026-09-12c
0.9145964179375592,0.838245262529914,2026-09-12c
0.31339787505196715,0.8300605366354881,2026-09-12c
0.7724203995514128,1.2490196497656056,2026-09-12c
0.9109825185653113,0.03289803150329335,2026-09-12c
0.9958757197312426,0.2799888130380645,2026-09-12c
0.9654394204471254,0.8456095037838564,2026-09-12c
0.36062999137030116,0.04998254958798314,2026-09-12c
0.9599697192908392,0.9557327205899498,2026-09-12c
0.668962895967815,10.325892707405284,2026-09-12c
0.37110173283816617,0.068697699843576,2026-09-12c
0.714163790740154,0.34289758670366033,2026-09-12c
0.3471848412778012,0.19892890631488463,2026-09-12c
0.8342636200493386,0.16901891739865216,2026-09-12c
0.5693882677208387,0.04909274225854808,2026-09-12c
0.4732918854904786,0.05930022536155598,2026-09-12c
0.8018530457849123,0.4129482874505442,2026-09-12c
0.44581102895989155,0.07409909454273315,2026-09-12c
0.4676252868061104,0.036362340602544556,2026-09-12c
0.36246190744349216,0.48842396377522457,2026-09-12c
0.8244709037006707,0.17773070590682974,2026-09-12c
0.40574801995768567,0.07486347891936393,2026-09-12c
0.40001917323240577,0.304445623876084,2026-09-12c
0.3867723349240992,0.2167069386356729,2026-09-12c
0.34041993415249017,0.6882607752596532,2026-09-12c
0.3697995083257956,0.13791189319010366,2026-09-12c
0.38711450372914497,0.3986885867590172,2026-09-12c
0.2578200055350559,0.15964646605905417,2026-09-12c
0.3425199775216238,0.21026026253132152,2026-09-12c
0.3660003183818918,0.44503829923699006,2026-09-12c
0.6543551228567607,0.13745331478527378,2026-09-12c
0.9590925167883183,0.0294559024252792,2026-09-12c
0.9321739970624854,0.24585466108169318,2026-09-12c
0.9969992071633572,0.9885430447784159,2026-09-12c
0.379021647087337,0.15415333540954185,2026-09-12c
0.3838404224426102,0.4544647919261358,2026-09-12c
0.4873917960571523,0.10888903641034105,2026-09-12c
0.8869279160647675,0.4068206338613314,2026-09-12c
0.9737938209517147,0.6247530981013849,2026-09-12c
0.26315451032270404,0.5283481543594338,2026-09-12c
0.6520695176619908,0.11571322787911595,2026-09-12c
0.3516764718538917,0.2116158014644182,2026-09-12c
0.5653380317531851,0.29425421855254713,2026-09-12c
0.6153629595303002,0.0969614843457373,2026-09-12c
0.9592328801049224,0.032978950707312486,2026-09-12c
0.6863272506768193,1.3220094012442445,2026-09-12c
0.42674583429237295,0.09711445988370768,2026-09-12c
0.6858820650140506,0.0075140337791263535,2026-09-12c
0.9051726885944154,0.825031757147064,2026-09-12c
0.31276605876749297,0.2977960552137907,2026-09-12c
0.37681914471182937,0.09126694098715527,2026-09-12c
0.41299691439803343,0.09282099862367094,2026-09-12c
0.4226696042292627,0.16881215457560828,2026-09-12c
0.9536061019973321,0.7633838445423694,2026-09-12c
0.2854503033250801,0.24720236172188031,2026-09-12c
0.47179795910989697,0.30687989821066786,2026-09-12c
0.995793889354164,0.00465300131153805,2026-09-12c
0.447449363263548,0.03693164665422807,2026-09-12c
0.9966501080887513,0.0767451775544643,2026-09-12c
0.4088270848455802,0.13851720730962136,2026-09-12c
0.8186089972824584,0.007520505670200779,2026-09-12c
0.4145969779678323,0.09958140471349378,2026-09-12c
0.40716693093793455,0.044747144531183905,2026-09-12c
0.7362712532989815,0.5141554760783655,2026-09-12c
0.37339116197156624,0.29398542350480794,2026-09-12c
0.39512506407737163,0.6181821155483243,2026-09-12c
0.4247515123791723,0.03508863081503759,2026-09-12c
0.9992090603794997,3.990911962226294,2026-09-12c
0.4024457088438342,0.09584473368488884,2026-09-12c
0.9990443858011001,0.9984873527148794,2026-09-12c
0.4248507417631077,0.06515124905385927,2026-09-12c
0.2638884645370616,0.5248499469444771,2026-09-12c
0.4277214219105728,0.03496504175567063,2026-09-12c
0.8294847025159675,0.11903499428605603,2026-09-12c
0.645318885116162,0.3071658330669359,2026-09-12c
0.9119156092147374,0.48793357869115367,2026-09-12c
0.9772528607258302,47.64707529031972,2026-09-12c
0.3146664645254846,0.07669297564881919,2026-09-12c
0.7389270214250144,0.2661108760808859,2026-09-12c
0.7846423762879173,0.4159415483815744,2026-09-12c
0.2789697435690808,0.15944691502719224,2026-09-12c
0.3935525157798873,0.13365196483516478,2026-09-12c
0.8263229616121139,1.46043934838157,2026-09-12c
0.36427322273946466,0.62830064795186,2026-09-12c
0.9269218503988721,0.22282103629740396,2026-09-12c
0.8258028811341643,0.32267161873857586,2026-09-12c
0.2608397644406949,0.12457199623824013,2026-09-12c
0.3241837616168434,0.2757666024884072,2026-09-12c
0.8565049306226479,1.0110404731782003,2026-09-12c
0.7048643411845013,0.4435562652757943,2026-09-12c
0.46621572596531036,0.38940131017429375,2026-09-12c
0.4345465220278062,0.040065724060738335,2026-09-12c
0.23765207900313234,0.3147319458645709,2026-09-12c
0.17141854380863367,1.7036992739291956,2026-09-12c
0.9749438656583786,0.8892246993589646,2026-09-12c
0.3493551543013974,0.18690527541777388,2026-09-12c
0.856037171758569,0.7982457867486767,2026-09-12c
0.4126230764821609,0.11236913387890547,2026-09-12c
0.43663241529849606,0.15418846272407777,2026-09-12c
0.36403004131684535,0.4031966260949068,2026-09-12c
0.9681544713978842,0.7025971602906005,2026-09-12c
0.4286370889421441,0.2305456743708198,2026-09-12c
0.5081314652710093,0.2650527373613823,2026-09-12c
0.4853336107703105,0.20964036554934729,2026-09-12c
0.41327117550103737,0.06474518483245342,2026-09-12c
0.4244975410713668,0.11702071450452345,2026-09-12c
0.23960779530154414,0.13276833164589338,2026-09-12c
0.35493446478836976,0.2627657082124357,2026-09-12c
0.4841982223577399,0.24343561891206777,2026-09-12c
0.44699738072785405,0.12575710609913557,2026-09-12c
0.4349957731580068,0.14495880467182184,2026-09-12c
0.4744689062800954,0.18306803616377906,2026-09-12c
0.9525917034338034,0.544590594008764,2026-09-12c
0.5788272744542342,0.1731698442816299,2026-09-12c
0.42264630765448524,0.051101835946616936,2026-09-12c
0.6364012049383792,0.28706293169049557,2026-09-12c
0.9342188288165343,0.8595126473292012,2026-09-12c
0.0866620698855756,2.0603984447724684,2026-09-12c
0.3322371282555341,0.17790012819083606,2026-09-12c
0.4224054563325337,0.2170635027130335,2026-09-12c
0.5504957593583223,0.41595552884087433,2026-09-12c
0.9784341265939757,0.9714523491834507,2026-09-12c
0.36231312861048,0.24335185629298528,2026-09-12c
0.33773386173751235,3.3792842538459844,2026-09-12c
0.3316224935808082,0.3295737393112957,2026-09-12c
0.898888439140816,1.38617695092544,2026-09-12c
0.3747258555573101,0.07452605155497431,2026-09-12c
0.990768276529706,0.9134563390356828,2026-09-12c
0.3942773090169579,0.2914687606087658,2026-09-12c
0.41710467002550966,0.11168020841892104,2026-09-12c
0.4394366336538842,0.22854157153995816,2026-09-12c
0.6860770052469249,0.39479839503508785,2026-09-12c
0.8372087448590473,0.8160930803143759,2026-09-12c
0.3294119307861716,0.10336517367847142,2026-09-12c
0.41155492226945817,0.05939298202143356,2026-09-12c
0.9432751098829645,1.4120220086263755,2026-09-12c
0.35290236333159075,0.09638687972052344,2026-09-12c
0.3751258101320522,0.1423797832231957,2026-09-12c
0.42565189356695016,0.09632747391758092,2026-09-12c
0.7352556246653098,0.08190437768996749,2026-09-12c
0.9904319978988468,0.40353955680234854,2026-09-12c
0.7198290337381954,2.13390010427313,2026-09-12c
0.2911515235340731,0.5725448473378306,2026-09-12c
0.3284296393095258,0.27094062558787785,2026-09-12c
0.4053208370889293,0.056375967130238694,2026-09-12c
0.914841264800013,0.7246757303321038,2026-09-12c
0.4287476789505783,0.08822175327723705,2026-09-12c
0.3361034786516509,0.2738507197279559,2026-09-12c
0.8468204709068545,0.7152427745247957,2026-09-12c
0.30820671392077287,0.25301506261342105,2026-09-12c
0.33717348789208973,0.14533358313112438,2026-09-12c
0.198566134082561,0.36364056445196896,2026-09-12c
0.8199548568752129,0.7019370002771964,2026-09-12c
0.9367776194899545,0.9069936694335676,2026-09-12c
0.26490220663718533,0.07822789635224474,2026-09-12c
0.8891406420441959,1.208697466466567,2026-09-12c
0.38499313720740747,0.08323746311819384,2026-09-12c
0.43395816194392584,0.1951492029772782,2026-09-12c
0.884023262377355,0.015133131397694278,2026-09-12c
0.23921330400261895,1.4807762365397827,2026-09-12c
0.8936344327854859,0.5451510605389852,2026-09-12c
0.4307766663269934,0.589127567948966,2026-09-12c
0.31048331254395495,0.7596982441909346,2026-09-12c
0.9983746339162828,0.006652212726220097,2026-09-12c
0.4690367991323781,0.8054975942826741,2026-09-12c
0.4592874118665014,0.27145719744354696,2026-09-12c
0.38319804754040415,0.4650662389413927,2026-09-12c
0.4287911474856049,0.1420650284878784,2026-09-12c
0.6554809260543412,0.17753012258319814,2026-09-12c
0.46231552370361007,0.27304110364451256,2026-09-12c
0.3488104170887653,0.17133136152980397,2026-09-12c
0.9459424369710515,0.9488074879008243,2026-09-12c
0.35554344400369275,0.7526430516371687,2026-09-12c
0.9163755874243568,0.11082853735886133,2026-09-12c
0.733657581489629,0.4720636972462528,2026-09-12c
0.5253227189431017,0.09783109829034209,2026-09-12c
0.8153183743276923,0.19105892912509892,2026-09-12c
0.9986631530213956,1.403986353169049,2026-09-12c
0.38735639553944584,0.196094994681539,2026-09-12c
0.9061436558047394,0.45741734392169,2026-09-12c
0.9167966211022315,0.9558014891324186,2026-09-12c
0.3838237642997654,0.05818938146319121,2026-09-12c
0.31027209514020315,0.05266651608449549,2026-09-12c
0.9897402338199495,2.148254161400582,2026-09-12c
0.3604098170354103,0.17509094892429478,2026-09-12c
0.9487378723914855,0.9948457717941296,2026-09-12c
0.3432638248466141,1.0199316325043328,2026-09-12c
0.31474096536953494,0.6767866911760436,2026-09-12c
0.43708622194682184,0.05853168514562749,2026-09-12c
0.287595145692729,0.6787841312882629,2026-09-12c
0.9917943152988234,0.9963032880727548,2026-09-12c
0.5718602758475425,0.1992460274711452,2026-09-12c
0.38479723762086626,0.09899660053190423,2026-09-12c
0.2673049314505393,1.0038608024281614,2026-09-12c
0.42649126150528505,0.03764196110679074,2026-09-12c
0.30425697081187936,0.0721962975715162,2026-09-12c
0.3716831008177055,0.2160170027024712,2026-09-12c
0.2572626474990418,0.06724443267830292,2026-09-12c
0.9995891190653977,2.8259882711638338,2026-09-12c
0.4016167381832871,0.22417182798180008,2026-09-12c
0.41721712053711946,0.13934765052415066,2026-09-12c
0.4409391096281913,0.08515011934393946,2026-09-12c
0.8556424021735216,0.3778053520281276,2026-09-12c
0.2993710849858925,0.17937440277800104,2026-09-12c
0.9771149516797802,0.9544528044655654,2026-09-12c
0.3416991499294045,0.10778875282836042,2026-09-12c
0.368743266329782,0.13986133841027157,2026-09-12c
0.35134779787161374,0.30040215585806906,2026-09-12c
0.40312798251110993,0.07421403585042924,2026-09-12c
0.4107888143441376,0.055925891731977304,2026-09-12c
0.2524802738589004,0.8788728662296983,2026-09-12c
0.38856226694093965,1.0522529516575565,2026-09-12c
0.38989627863620063,0.08416432229752407,2026-09-12c
0.5032484752975694,0.1579475789527853,2026-09-12c
0.5119509657323036,0.13356692566026987,2026-09-12c
0.4941717277653062,0.06300711570901686,2026-09-12c
0.4019947241867803,0.04763818462288415,2026-09-12c
0.4147163072692657,0.13936409553846146,2026-09-12c
0.39921391761165786,0.07397654987331201,2026-09-12c
0.9873238100628209,0.3093311796771147,2026-09-12c
0.4127068778551059,0.2098505580676115,2026-09-12c
0.9936247252132778,0.8436382612931504,2026-09-12c
0.392326273533944,0.09769531438182287,2026-09-12c
0.6085144024700267,0.1330857231882834,2026-09-12c
0.4727486271612454,0.022588477518091774,2026-09-12c
0.41151081684315516,0.24137884789389855,2026-09-12c
0.8984292953633112,0.18122139924577527,2026-09-12c
0.5004607540152847,0.1806988269322466,2026-09-12c
0.28968857558649097,0.06887679463589277,2026-09-12c
0.5214291616635768,0.10894318315050912,2026-09-12c
0.924574709259824,29.50866244524607,2026-09-12c
0.574445011775905,0.395097847371177,2026-09-12c
0.9908506380953099,1.5580969635789006,2026-09-12c
0.3698033063351678,0.053088795484996565,2026-09-12c
0.6305442070838827,0.4771828246654041,2026-09-12c
0.2958971693594029,0.3144300345979914,2026-09-12c
0.5733736209585618,0.48630200444953225,2026-09-12c
0.6496015526679777,1.4684048801853422,2026-09-12c
0.6887204490527804,0.010862917811543749,2026-09-12c
0.36869051645916356,0.09479711086108947,2026-09-12c
0.2691231973117996,0.342731023969153,2026-09-12c
0.4298690294977337,0.13031697497160727,2026-09-12c
0.7242884846366926,0.44023825634773134,2026-09-12c
0.6761815748362786,0.1969299018433889,2026-09-12c
0.4289077480928923,0.2250045049599518,2026-09-12c
0.4450137102498047,0.06372437240120574,2026-09-12c
0.30945770018347996,0.11676789453658955,2026-09-12c
0.6429235501896985,0.17389478485830878,2026-09-12c
0.8501778373464385,0.5798550647447941,2026-09-12c
0.8492409734261916,5.431337540884414,2026-09-12c
0.9090148806690198,0.9616461981919657,2026-09-12c
0.3046723528884115,0.224206215261512,2026-09-12c
0.4452904975355888,0.16528017375121784,2026-09-12c
0.41883945895023106,0.07842363473098181,2026-09-12c
0.6557635461071357,0.3406974057824687,2026-09-12c
0.36267083600531597,0.1787359727921967,2026-09-12c
0.5782908576458018,0.1092487105123335,2026-09-12c
0.33394974008811856,0.5388199069357981,2026-09-12c
0.9309699864400817,0.014244665317317787,2026-09-12c
0.40843383056128385,0.0437039891477708,2026-09-12c
0.485684689025472,0.0814968822278877,2026-09-12c
0.42186916406946434,0.30914526227203154,2026-09-12c
0.3829975423353716,0.11537866405509967,2026-09-12c
0.8089158052439762,0.06046985880260915,2026-09-12c
0.43618273358571596,0.07125080749591389,2026-09-12c
0.3150799971115513,0.14233368781068792,2026-09-12c
0.9699606779996967,0.6818990519022998,2026-09-12c
0.4080292116655952,0.12042909975261504,2026-09-12c
0.9147015851315935,0.0996101427697595,2026-09-12c
0.43406550728750803,0.11124863145054632,2026-09-12c
0.887981821943422,0.8850952837746721,2026-09-12c
0.332156430642025,0.09476066020202378,2026-09-12c
0.3964286252258734,0.40481049786680245,2026-09-12c
0.41090938776814256,0.17800154476946886,2026-09-12c
0.44310787130326623,0.03152835752450965,2026-09-12c
0.7923525051258877,0.3376492276290627,2026-09-12c
0.7635385716907328,2.884430925201281,2026-09-12c
0.2393279433302446,0.7680247167021058,2026-09-12c
0.8225706377309691,0.6407039059256563,2026-09-12c
0.41428284867758697,0.1632522966036773,2026-09-12c
0.3354426217928368,0.41806262378315623,2026-09-12c
0.8008049376506452,0.039241489053224346,2026-09-12c
0.8297755714289825,0.029330882000910177,2026-09-12c
0.27110007581130563,0.15378125329890788,2026-09-12c
0.3987922342557736,0.10929145811409316,2026-09-12c
0.4075617837079449,0.1253402628661572,2026-09-12c
0.4303852005914146,0.4343032786592064,2026-09-12c
0.5659892371210787,0.20912513255613174,2026-09-12c
0.36238913697723113,0.25060282656204513,2026-09-12c
0.8005625781742971,0.8564287276094621,2026-09-12c
0.6430274867466167,0.1239565887362432,2026-09-12c
0.9989854081273458,0.9971776050317829,2026-09-12c
0.9428083201620551,0.9576119227160614,2026-09-12c
0.7799793932707544,0.610520004823556,2026-09-12c
0.37857569233778565,0.10136176324403551,2026-09-12c
0.9717219507855464,0.39417760541994934,2026-09-12c
0.6475518754423738,0.10672547585110125,2026-09-12c
0.3044496824642868,0.19136557112987,2026-09-12c
0.33518186928724575,0.07633400302269785,2026-09-12c
0.9028729402464574,0.6230724437285606,2026-09-12c
0.6688959471625096,1.5021184246339494,2026-09-12c
0.43892697727547175,0.15592566803438868,2026-09-12c
0.9985969321272624,2.894340629478118,2026-09-12c
0.4008540139966669,0.09226722764161047,2026-09-12c
0.44186012243672207,0.18368613132142636,2026-09-12c
0.42514295927422535,0.1045930458745058,2026-09-12c
0.34386420619393016,0.34873112048835464,2026-09-12c
0.35306024287206006,0.6226234708490364,2026-09-12c
0.455029276390291,0.042998774477790325,2026-09-12c
0.38960986543762527,0.10050953795900905,2026-09-12c
0.4735800444775987,0.1511887861539614,2026-09-12c
0.3113139413715971,0.385370850757617,2026-09-12c
0.31392172918314243,0.4958187765974094,2026-09-12c
0.38896572061178847,0.1786961101409887,2026-09-12c
0.41451921980808676,0.06188724988487545,2026-09-12c
0.49451494603742063,0.058038584444857794,2026-09-12c
0.40077612113291183,0.14958972976013407,2026-09-12c
0.2654874830138529,0.045812139325983374,2026-09-12c
0.45444996358255163,0.06082726956926497,2026-09-12c
0.8322772764537995,0.6621697411847601,2026-09-12c
0.26528478626371943,0.6946347675352199,2026-09-12c
0.8435428114969575,0.9534399025050188,2026-09-12c
0.38353830215927376,0.08943950047315088,2026-09-12c
0.4707316396192597,0.812201488389705,2026-09-12c
0.998774829649563,0.6612821182422607,2026-09-12c
0.3173901941546833,1.917846902716172,2026-09-12c
0.14062972831441312,0.3548798709047028,2026-09-12c
0.4154533309927625,0.14551173041849397,2026-09-12c
0.9520344085831168,0.858413638034083,2026-09-12c
0.35192180439130943,0.27786486121265347,2026-09-12c
0.25098921099593974,0.17986852816483764,2026-09-12c
0.39593877150200973,0.0955156770429856,2026-09-12c
0.31111450409869335,0.05782383038185937,2026-09-12c
0.31901583454142096,0.3837818929205406,2026-09-12c
0.39568997323747257,0.03466477912272321,2026-09-12c
0.5187327346692859,0.2598787502932251,2026-09-12c
0.282818275855763,1.4571438879108418,2026-09-12c
0.9622593620178862,0.009809219305675824,2026-09-12c
0.2660660044419594,0.06629178810557512,2026-09-12c
0.44105804574129504,0.2160108387183531,2026-09-12c
0.45949893336738795,0.21027595599179555,2026-09-12c
0.9452427763793072,10.372135622470859,2026-09-12c
0.9361572103176984,0.3886206534977557,2026-09-12c
0.9971536890340128,0.9659702266336813,2026-09-12c
0.955868327557105,0.7868206919242025,2026-09-12c
0.8414427481228971,0.7671786942827351,2026-09-12c
0.3413259832851805,0.10814079197343587,2026-09-12c
0.35023244510848245,0.4686624816854931,2026-09-12c
0.38829753880400636,0.06525566825970339,2026-09-12c
0.9908255025927745,0.85375395636441,2026-09-12c
0.3795956113443814,0.18430966563132103,2026-09-12c
0.5060832685216352,0.07326536634987536,2026-09-12c
0.39814452427689884,0.22026556426282062,2026-09-12c
0.5340546529580319,0.16974174696538097,2026-09-12c
0.5905037613742552,0.14581020054019747,2026-09-12c
0.9190306722694865,0.5777352358641223,2026-09-12c
0.39782177838138477,0.16412897363764242,2026-09-12c
0.6199433866504791,0.10232721337502332,2026-09-12c
0.4004227094951604,0.17250947998532096,2026-09-12c
0.976026612102679,50.55495865026634,2026-09-12c
0.2510893133140027,0.05071928915388764,2026-09-12c
0.3538234364775535,0.5657987233316586,2026-09-12c
0.3951814053507271,0.12627812640549854,2026-09-12c
0.4193911620164179,0.10525397687450166,2026-09-12c
0.964825522071892,0.8310083136065856,2026-09-12c
0.8416481801703901,0.17308095230600698,2026-09-12c
0.32619241620264194,0.13734616544999573,2026-09-12c
0.4525917524540467,0.08812121826524297,2026-09-12c
0.30915164834573977,0.14231276651758093,2026-09-12c
0.7293617916917445,0.004220320245811221,2026-09-12c
0.4221055062587924,0.28315794676064243,2026-09-12c
0.24884951189342963,0.19819553060835074,2026-09-12c
0.9982535773007543,0.997834224189834,2026-09-12c
0.6939020068233615,0.409761479989203,2026-09-12c
0.7154540033683485,0.15975764241998106,2026-09-12c
0.3313803831309945,1.0173757201123628,2026-09-12c
0.7242515464285065,0.4559661683771329,2026-09-12c
0.37418128445967913,0.08954147965602054,2026-09-12c
0.3459432873838905,0.41601321565970806,2026-09-12c
0.928789048851857,0.4165255857261831,2026-09-12c
0.49141036967139773,0.3563613911480848,2026-09-12c
0.33164260029799913,0.6266136988682077,2026-09-12c
0.47002528152372236,0.06362378781841165,2026-09-12c
0.3782673396846714,0.054515461394880144,2026-09-12c
0.4169138715163,0.16551619453198183,2026-09-12c
0.63865295489962,0.4685045145607114,2026-09-12c
0.48555666425873334,0.9090650498439479,2026-09-12c
0.4412395646999714,0.15839596891484664,2026-09-12c
0.9228994196770212,0.7664105980944379,2026-09-12c
0.4261739576788419,0.02440080513308228,2026-09-12c
0.45277459223531796,0.29213617039556994,2026-09-12c
0.34139447533823636,0.17058508819738513,2026-09-12c
0.9932047525391788,2.1890701661300906,2026-09-12c
0.5060176543670812,0.41715550068635293,2026-09-12c
0.4178296282050521,0.07719551605635903,2026-09-12c
0.4612689526233452,0.11354846906602295,2026-09-12c
0.8393210339917397,0.025973009408346567,2026-09-12c
0.972745735317827,1.1905754196102905,2026-09-12c
0.3405797263406097,0.05792553936789739,2026-09-12c
0.9220315634605146,0.828251368309591,2026-09-12c
0.34233350695997594,1.4916388715681543,2026-09-12c
0.3470767740091703,0.15968163338411576,2026-09-12c
0.9394871814029139,0.17465046322043512,2026-09-12c
0.9648885337537851,0.8345519789429166,2026-09-12c
0.71340726666886,1.3724361479563343,2026-09-12c
0.9309814670753962,0.9685980705129285,2026-09-12c
0.39786877336159276,0.9557251421705754,2026-09-12c
0.9811289046755368,0.4889497973496161,2026-09-12c
0.9014637040782353,0.31267475983473847,2026-09-12c
0.923735089692433,0.030492556249899192,2026-09-12c
0.9899903624119102,0.7210910713131261,2026-09-12c
0.9980679200486962,2.784276210602516,2026-09-12c
0.33339880222353374,0.07757290786738234,2026-09-12c
0.385329611233377,0.3320325933327475,2026-09-12c
0.2502479606470247,0.9872149941169222,2026-09-12c
0.99488058824884,0.9933798224138376,2026-09-12c
0.7784569273153732,0.06999105977964121,2026-09-12c
0.4373419182077109,0.08346745673403985,2026-09-12c
0.6184265665429087,0.28293828176431557,2026-09-12c
0.2634718594952187,1.3431832639301982,2026-09-12c
0.37540277430928154,0.23506158703189317,2026-09-12c
0.2759575667149927,0.6652338314285214,2026-09-12c
0.9165849797262489,0.07797816974475832,2026-09-12c
0.30840754874307524,0.07921941782533706,2026-09-12c
0.3537172481307671,0.17564268394219534,2026-09-12c
0.975156859573537,0.880274370578155,2026-09-12c
0.5057377731512198,0.46174456938672687,2026-09-12c
0.8118121802961586,0.7198890375991922,2026-09-12c
0.5413918186340764,0.2105035282937466,2026-09-12c
0.35798873082128585,0.4078731956021844,2026-09-12c
0.4438878494556288,0.02965243753323519,2026-09-12c
0.6261183751976195,0.0576478381503063,2026-09-12c
0.42280857914037107,0.15597908936944568,2026-09-12c
0.4381222374455673,0.052049844438409695,2026-09-12c
0.6434035978276555,0.10668607433346451,2026-09-12c
0.8859439298868097,0.15759426053449166,2026-09-12c
0.7105531368923005,0.7630426994905721,2026-09-12c
0.26013622006210163,0.0621040535830063,2026-09-12c
0.5056411912600249,0.23338719477439213,2026-09-12c
0.2890242015902508,0.27918368551459577,2026-09-12c
0.9261630636865517,0.2135381424108633,2026-09-12c
0.8854121690240222,0.3017192213538912,2026-09-12c
0.40495726951452204,0.26896905815933464,2026-09-12c
0.5612862932584859,0.09659574188137358,2026-09-12c
0.9183917812780229,0.007302733625223663,2026-09-12c
0.7345778234093288,0.08207277950451833,2026-09-12c
0.980990774311722,0.762699525974794,2026-09-12c
0.6396432627269323,0.7922516213191865,2026-09-12c
0.4562446391270192,0.028499758205700398,2026-09-12c
0.37805054864686793,0.2337290271176324,2026-09-12c
0.7999748183601861,1.5952796245505296,2026-09-12c
0.7076667520790517,0.2241694268402502,2026-09-12c
0.373890619006697,0.22648026257463044,2026-09-12c
0.5400225662441951,0.39245947130067277,2026-09-12c
0.3674752435817503,0.1345014676518107,2026-09-12c
0.31102597240322344,0.2550164005190786,2026-09-12c
0.9987055667014062,0.21347850727963394,2026-09-12c
0.6323004243055593,0.3679136387004864,2026-09-12c
0.4325633277581982,0.19223547031434005,2026-09-12c
0.2923230956544802,0.06283901161176114,2026-09-12c
0.27846724201801537,0.07588196991035283,2026-09-12c
0.4670236375218316,0.08321235796310121,2026-09-12c
0.4452280950183901,0.18813929342158242,2026-09-12c
0.383330292894971,0.16356078437931865,2026-09-12c
0.3407461005778853,1.7778534869577656,2026-09-12c
0.39512805914260535,0.2546188723336445,2026-09-12c
0.38155345647683386,0.3879764337816914,2026-09-12c
0.4965645601489753,0.1203260205435866,2026-09-12c
0.7773547254253983,0.8759159494580032,2026-09-12c
0.6535313454318373,6.062983019404191,2026-09-12c
0.38792279830683063,0.07498378597867698,2026-09-12c
0.2610191910738038,0.1296960596009613,2026-09-12c
0.9224747205973192,0.7976712913717706,2026-09-12c
0.735979463010216,0.09628603725376655,2026-09-12c
0.6065072947054603,2.2516765967980037,2026-09-12c
0.23135970848996612,0.4329878106847241,2026-09-12c
0.560782632923107,0.06474444615825779,2026-09-12c
0.4277908732195436,0.267582590446698,2026-09-12c
0.7048802245824213,0.12445434098012952,2026-09-12c
0.6090005532535843,0.17283628179112315,2026-09-12c
0.3542812948473832,0.32503210059805304,2026-09-12c
0.45488937342775904,0.08437870785384206,2026-09-12c
0.3379874020266163,0.09202394921206085,2026-09-12c
0.3153159581391953,0.061910696607857946,2026-09-12c
0.30979343061255316,0.464261398684667,2026-09-12c
0.7505597744425392,1.3057144452516303,2026-09-12c
0.5089618226691655,0.03488657965059199,2026-09-12c
0.9325994007059325,0.9345946693699164,2026-09-12c
0.33483828934050536,0.8168754319018523,2026-09-12c
0.7826740434555292,0.8319375990918065,2026-09-12c
0.9614230603114109,0.8039309899262266,2026-09-12c
0.428062998751496,0.04995248899083943,2026-09-12c
0.38318686353282533,0.13083843288164496,2026-09-12c
0.4160242067575951,0.08613194250123998,2026-09-12c
0.34539051789903613,0.18795237664142758,2026-09-12c
0.541522242628453,0.1615155325170102,2026-09-12c
0.28001941975962,0.247612665573901,2026-09-12c
0.38875580927783465,0.12315289077279643,2026-09-12c
0.37996301257502313,0.12579154115794572,2026-09-12c
0.44008956073576555,0.10378431636281121,2026-09-12c
0.9458339434164867,0.7030721061409684,2026-09-12c
0.3977221472717961,0.059076935528850225,2026-09-12c
0.48274833000187695,0.030594373618429236,2026-09-12c
0.3131666979714161,0.10434928416012461,2026-09-12c
0.33898047067253156,0.39990789262303683,2026-09-12c
0.2776905616783237,0.7404312367730326,2026-09-12c
0.6181821107096447,0.09859074306446222,2026-09-12c
0.5499027680170939,0.22755803820589252,2026-09-12c
0.9776984727285046,0.4769616482371619,2026-09-12c
0.47796828357387383,0.4026012198241249,2026-09-12c
0.6263540872681491,0.7299816503321949,2026-09-12c
0.5379801000986243,0.28759772951871854,2026-09-12c
0.33445305825068994,0.09172326244539354,2026-09-12c
0.30612102335664837,0.1503301345957477,2026-09-12c
0.8153612924212347,0.09832010615670776,2026-09-12c
0.39523881773997427,0.11402253548066252,2026-09-12c
0.24017590381888362,0.6422323550444157,2026-09-12c
0.43248945494581176,0.07377091850272441,2026-09-12c
0.8372922043094476,0.5598466707501137,2026-09-12c
0.24883894070279897,14.858270852825736,2026-09-12c
0.5810393269297065,0.20135832289751837,2026-09-12c
0.4876788902872879,8.325704957848847,2026-09-12c
0.25090475538551,2.651193067004135,2026-09-12c
0.4240029603673456,0.2242701421343254,2026-09-12c
0.9429577155625875,0.026060155774339885,2026-09-12c
0.4406283062016278,0.17859044604350097,2026-09-12c
0.5675386833895841,0.17207164541563916,2026-09-12c
0.26867776497393925,2.591892307256115,2026-09-12c
0.9725083044447538,0.9020139925309599,2026-09-12c
0.3977904341427877,0.08677751586617184,2026-09-12c
0.40664845526948024,0.12199028831531122,2026-09-12c
0.9588110087248766,0.8226844525018028,2026-09-12c
0.8836826729614774,0.43491710961644214,2026-09-12c
0.41060117126935386,0.05634078589478427,2026-09-12c
0.9870512720237019,0.6895128472994717,2026-09-12c
0.4049529600637402,0.42773060852584877,2026-09-12c
0.4094861014227975,0.07729358361141468,2026-09-12c
0.8372145307510789,0.0750710692985145,2026-09-12c
0.403369736898039,0.08891047219290965,2026-09-12c
0.5095877843340577,0.5937544565442997,2026-09-12c
0.9979806821205605,0.8797553019236939,2026-09-12c
0.39079809959824946,0.3482273977648776,2026-09-12c
0.95967492709252,0.9560480360793596,2026-09-12c
0.7033925522171032,2.5393016483041726,2026-09-12c
0.4213490521948683,0.4069347563597959,2026-09-12c
0.448427928773019,0.0909084689103318,2026-09-12c
0.29790196114334117,0.4801275687026272,2026-09-12c
0.8994097272212259,0.8448205646513336,2026-09-12c
0.7462827962609843,10.785442913487804,2026-09-12c
0.4494725443625841,0.34981716854335243,2026-09-12c
0.38087156771372765,0.5242323936601504,2026-09-12c
0.8458403116865906,0.4450507673315321,2026-09-12c
0.4476648556296855,0.7277091600132818,2026-09-12c
0.821198726563004,12.336331689414116,2026-09-12c
0.6653380147621153,4.798064357839186,2026-09-12c
0.9381654312833372,0.8647547219179312,2026-09-12c
0.4780490143573151,0.1370385793725895,2026-09-12c
0.658186292505262,6.661727886741077,2026-09-12c
0.7432051728355118,0.3021020099576908,2026-09-12c
0.3604969922982586,0.09003898461648809,2026-09-12c
0.3528445174096947,0.3819088178765385,2026-09-12c
0.33675190681791795,0.0888947959715893,2026-09-12c
0.3123581170548412,0.11370990500184398,2026-09-12c
0.5796269924419377,0.3185258229024749,2026-09-12c
0.9961794830308235,0.99314837506487,2026-09-12c
0.9903810932510395,0.003254641806565972,2026-09-12c
0.38287796435822324,0.10014752766746961,2026-09-12c
0.9700651515142502,0.611022056756192,2026-09-12c
0.38821162544102916,0.02346747100866731,2026-09-12c
0.39134248064037425,0.15584325961699566,2026-09-12c
0.35634275189821574,0.48416359270871523,2026-09-12c
0.38944194768396634,0.1457931518444621,2026-09-12c
0.6803557613903134,0.6086060483679326,2026-09-12c
0.8732808677374823,0.6770258307099065,2026-09-12c
0.36043493561643947,0.16095360969269495,2026-09-12c
0.41849699823208486,0.08236920355866278,2026-09-12c
0.743356628812083,0.7937774282753667,2026-09-12c
0.39988284860904627,0.07944258031677538,2026-09-12c
0.8290275394907576,0.09487909777509418,2026-09-12c
0.5094610005108291,0.22321618924874367,2026-09-12c
0.5914082016291722,0.13667314733250954,2026-09-12c
0.9962080622412561,0.9599717046002914,2026-09-12c
0.19465099601421276,0.3816620987384184,2026-09-12c
0.36179599932874285,0.05934369309713738,2026-09-12c
0.8931118322325479,0.8846890014024081,2026-09-12c
0.35089279947417434,0.059025030880011604,2026-09-12c
0.9485148585643075,0.009614800800130996,2026-09-12c
0.9030760652252443,0.5478269013043945,2026-09-12c
0.39013949923743924,0.16993754395732966,2026-09-12c
0.4000356219909467,0.10345464500267762,2026-09-12c
0.6280853919597441,0.07237086588306323,2026-09-12c
0.2700065812891536,0.2908949850139261,2026-09-12c
0.5218250769384594,0.4345743844588082,2026-09-12c
0.3131679337686311,0.11768967854912263,2026-09-12c
0.9020287203574383,0.1154335450227941,2026-09-12c
0.4147173271939684,0.5084653623326872,2026-09-12c
0.3223725666697347,1.4088424479015906,2026-09-12c
0.4052642784910123,0.06024435962807168,2026-09-12c
0.30131243487670023,0.2165754153147943,2026-09-12c
0.9939741096611471,0.9889327681553244,2026-09-12c
0.408332400827379,0.04401013856198743,2026-09-12c
0.3894541448611355,0.0582840635863915,2026-09-12c
0.49590925045866785,0.03613118691709168,2026-09-12c
0.36976116301265566,0.08519300329615248,2026-09-12c
0.986260236215203,0.9796096490114019,2026-09-12c
0.9911986830618573,0.8326536804397668,2026-09-12c
0.5424109936373634,0.07905249926703416,2026-09-12c
0.42543383629870074,0.07308925024276366,2026-09-12c
0.37617120271735555,0.2592375306426673,2026-09-12c
0.3676366653685633,0.05135460285978724,2026-09-12c
0.3352632682662252,1.2251202398999186,2026-09-12c
0.37603382281958997,0.24330600152379106,2026-09-12c
0.39885596866064865,0.12531546470253802,2026-09-12c
0.9640799638137578,0.18714144996484794,2026-09-12c
0.37022035849395163,0.19564101533666545,2026-09-12c
0.3545916821280344,0.07736394051124845,2026-09-12c
0.9521695620647,0.7220068162004041,2026-09-12c
0.46178991278853765,0.5274739362442001,2026-09-12c
0.5242586158055971,1.5745130297669803,2026-09-12c
0.3489434244906871,0.24460860127046305,2026-09-12c
0.8843606121053622,0.5512940805576676,2026-09-12c
0.9419050985704766,0.8102975029393028,2026-09-12c
0.385601171217923,0.44601061684376664,2026-09-12c
0.3870443578716618,0.030474129620736076,2026-09-12c
0.8932003775647648,0.8792454389234476,2026-09-12c
0.38682977650669964,0.29530917086536534,2026-09-12c
0.8702858146443325,0.11074766945483756,2026-09-12c
0.1926795660464624,1.3516155876647753,2026-09-12c
0.8858023873395461,0.6699695382107597,2026-09-12c
0.9959501342131457,0.5269134170974196,2026-09-12c
0.19146258686342812,1.3063604559558986,2026-09-12c
0.6675708462856403,0.06406529928506598,2026-09-12c
0.24799306995023043,0.36322226908653865,2026-09-12c
0.9445505289248829,3.2865996764485845,2026-09-12c
0.4275483773910596,0.33193806802449627,2026-09-12c
0.4563863052477077,0.03463406331104998,2026-09-12c
0.7125824602609431,0.47859702452061126,2026-09-12c
0.3501287300212221,1.0140554982533474,2026-09-12c
0.9759091631255905,0.34696264998762416,2026-09-12c
0.45243618215408765,0.046628588697456695,2026-09-12c
0.9638029410971484,0.298911504398011,2026-09-12c
0.45149083198192247,0.052158258055317,2026-09-12c
0.40603149288747037,0.1769805558535811,2026-09-12c
0.8791061290312995,1.2679255074039004,2026-09-12c
0.33493111379555424,0.054850614130212326,2026-09-12c
0.6877153373633186,0.008077572497735485,2026-09-12c
0.42395481508319316,0.08216101664384855,2026-09-12c
0.4157258301927995,0.04764851753573707,2026-09-12c
0.6955023526989754,0.13306686159821593,2026-09-12c
0.9965432009786996,0.997821710791994,2026-09-12c
0.41474463575484993,0.03430537968099464,2026-09-12c
0.3132367530399255,0.6958037292011453,2026-09-12c
0.42704597717406456,0.04454199402887381,2026-09-12c
0.31656887016870017,0.032101783684413826,2026-09-12c
0.4210876622726614,0.08527957399524058,2026-09-12c
0.5562359433903801,0.3430238005112313,2026-09-12c
0.529125209907046,0.11145196773018856,2026-09-12c
0.3306348887241168,0.04875467135269541,2026-09-12c
0.5756067403052106,0.5721060069035893,2026-09-12c
0.5432850584056076,0.07037292089832527,2026-09-12c
0.8818162268857244,0.6345163781393254,2026-09-12c
0.7338563026970715,1.0266879555972446,2026-09-12c
0.7751240125963873,0.4995090022155017,2026-09-12c
0.40718037880212704,0.2667274391619947,2026-09-12c
0.39908606226268345,0.06266590544944853,2026-09-12c
0.7490229414010179,0.15469280713235484,2026-09-12c
0.618940323276878,0.2197529916615477,2026-09-12c
0.9981081072913351,0.9967864665195673,2026-09-12c
0.33540451950518607,0.9904920794122655,2026-09-12c
0.30586495703551275,0.8510282323968479,2026-09-12c
0.4587992958012556,0.19567288171724165,2026-09-12c
0.9973059724520359,0.9947711431957527,2026-09-12c
0.37637544263113343,0.23408018793725968,2026-09-12c
0.4157798632446151,0.1370303852265238,2026-09-12c
0.55169161792517,0.08900803150893478,2026-09-12c
0.32604966826325316,0.8170072601026586,2026-09-12c
0.21996581884262814,1.2604632261198172,2026-09-12c
0.4347975137305534,0.06908828179476724,2026-09-12c
0.41962308158568545,0.12556365826884547,2026-09-12c
0.49783664938470473,0.06224895410545564,2026-09-12c
0.8641008378772377,0.13644002542718997,2026-09-12c
0.7278509513925979,0.02835642136415394,2026-09-12c
0.410525383475245,0.22383814370358868,2026-09-12c
0.3713355168127358,0.21670828897353722,2026-09-12c
0.9107980911087143,0.4153213271581423,2026-09-12c
0.9250209945714338,1.2343606149361643,2026-09-12c
0.7339996344036088,0.019734727269672896,2026-09-12c
0.3966205060164171,0.2421472287113758,2026-09-12c
0.15048272064820703,0.6656353503533571,2026-09-12c
0.5058346867866557,0.13974546144922287,2026-09-12c
0.2496742741210089,0.1592111499719848,2026-09-12c
0.9461966303055896,0.6033224826745199,2026-09-12c
0.8049669060042597,0.7457181440484453,2026-09-12c
0.34676199714752304,0.8437094156533388,2026-09-12c
0.9415699626725105,0.9522061742150514,2026-09-12c
0.7011756115616139,0.0014907178497076793,2026-09-12c
0.39477483596627977,0.2560896147384187,2026-09-12c
0.3711336730818598,0.927459129071604,2026-09-12c
0.3174537842703261,0.09437684962952517,2026-09-12c
0.9061729772643521,0.3702305562433789,2026-09-12c
0.34179504137510724,0.0801059226488886,2026-09-12c
0.9618631114448042,27.705585331709294,2026-09-12c
0.28824172550750515,0.1708387672608363,2026-09-12c
0.31244801752103624,0.19366136377816917,2026-09-12c
0.3753580922934179,0.16159415225519122,2026-09-12c
0.5837783381795307,0.12294520697264427,2026-09-12c
0.4250830967386238,0.21511558796551417,2026-09-12c
0.9513505635353964,0.8988713281753842,2026-09-12c
0.55399052539395,0.13790305270546843,2026-09-12c
0.42727887534150627,0.13355846527987042,2026-09-12c
0.30463718536174667,0.9332533885827652,2026-09-12c
0.9634007534779707,2.199854881744504,2026-09-12c
0.9586146964474294,0.4815792314524537,2026-09-12c
0.34289454852414364,0.3737269958178731,2026-09-12c
0.30589839487535886,1.0713912393600344,2026-09-12c
0.9852399606751872,0.6563325422343838,2026-09-12c
0.473302303166629,0.10218570146757276,2026-09-12c
0.3923125552306001,0.26963883626854773,2026-09-12c
0.35947669224115925,0.07277698705077637,2026-09-12c
0.31586166263295307,0.3155579589026866,2026-09-12c
0.38568241565040473,0.2010995100557352,2026-09-12c
0.5868043522085802,0.5160261187261925,2026-09-12c
0.44094543283718557,0.1191566908418008,2026-09-12c
0.3873869797379399,0.1710295659018531,2026-09-12c
0.42831656423178327,0.01528299517317903,2026-09-12c
0.16269926088194514,0.7092427174937771,2026-09-12c
0.7809344103137167,0.31761842326218875,2026-09-12c
0.5030891256659065,0.1448095237812764,2026-09-12c
0.9528868927306692,0.871298726316827,2026-09-12c
0.41329840647937494,0.37314729962467597,2026-09-12c
0.3110117631659982,0.06318119711521061,2026-09-12c
0.2783080712620242,1.2383216540445652,2026-09-12c
0.49566756382736193,0.6690416105011291,2026-09-12c
0.694187591840318,0.9550771414167707,2026-09-12c
0.4909959890721167,0.03290580563143201,2026-09-12c
0.2681321845457185,0.5174075519573673,2026-09-12c
0.38089179799338396,0.1377780284851901,2026-09-12c
0.4579390749761332,0.20488332198914888,2026-09-12c
0.37492613944555936,0.08717785527349212,2026-09-12c
0.4004456835001322,0.18018050196670166,2026-09-12c
0.38241297595053175,0.21302546280355664,2026-09-12c
0.42041151520776754,0.10789949896533044,2026-09-12c
0.4236164407198399,0.2588272921562871,2026-09-12c
0.6356446465228961,0.3333050538827598,2026-09-12c
0.6350596440379364,8.834082752824834,2026-09-12c
0.4162082819313411,0.04080861350669083,2026-09-12c
0.929737820624609,0.9675729807268268,2026-09-12c
0.4177002968777284,0.08038054102020012,2026-09-12c
0.45025633991593794,0.2528104052482005,2026-09-12c
0.43504054574447554,0.09528911978845461,2026-09-12c
0.27546704776737113,0.5296234767451145,2026-09-12c
0.9991103554791808,0.24989760638095804,2026-09-12c
0.36520462772950485,0.22810288450131633,2026-09-12c
0.584667939636901,0.16073755752602076,2026-09-12c
0.5670487028384279,0.3314547013423537,2026-09-12c
0.5252215782784215,0.450323354455353,2026-09-12c
0.4843449719625598,0.035738788966920364,2026-09-12c
0.6956197596668247,0.1846425847183337,2026-09-12c
0.4571363174197247,0.837717879743835,2026-09-12c
0.34997291097858263,0.20168147394648048,2026-09-12c
0.21032705719781433,0.39848840127513513,2026-09-12c
0.7622381991250109,0.04077149795522171,2026-09-12c
0.43448058497715036,0.07311783220982931,2026-09-12c
0.7161931402536352,0.0024606108514682104,2026-09-12c
0.3857161910435724,0.09860832256677891,2026-09-12c
0.6001649258394427,2162.0208805093152,2026-09-12c
0.2686265809721263,0.21301759904009138,2026-09-12c
0.4661328663352745,0.40682368234303684,2026-09-12c
0.421010416248824,0.07933016335861204,2026-09-12c
0.938884555860992,0.6695673392742728,2026-09-12c
0.598750769254603,0.32273565520841896,2026-09-12c
0.47951117805192595,0.07261085661706047,2026-09-12c
0.2964178249419802,0.33602559194419906,2026-09-12c
0.5284693068157544,0.07818715093745347,2026-09-12c
0.3823779387022463,0.6559615465728506,2026-09-12c
0.28821969944667347,1.0563586622204133,2026-09-12c
0.8614951442659976,0.4127290644495848,2026-09-12c
0.6762592330076943,0.17493430569597324,2026-09-12c
0.7359432538368136,0.6568991493264097,2026-09-12c
0.6599113062258428,0.443935893068405,2026-09-12c
0.3360084007785716,0.13362409944911657,2026-09-12c
0.45863676978409224,0.05296563147684115,2026-09-12c
0.9033288157151566,0.5315106479687104,2026-09-12c
0.3083368208162453,0.28842943196460263,2026-09-12c
0.5368251402259414,0.184772606483342,2026-09-12c
0.42997424381956184,0.059936735300751616,2026-09-12c
0.9786405676634471,0.929676660311649,2026-09-12c
0.4436763422213742,0.2187733489664454,2026-09-12c
0.9887134407361853,0.1272321809857341,2026-09-12c
0.8568947861547718,0.2436601520384073,2026-09-12c
0.4266953641391618,0.05880148714083204,2026-09-12c
0.4886359401675194,0.2039958484822164,2026-09-12c
0.29285470416710807,0.2907714737187394,2026-09-12c
0.8873173947547861,0.4448644001817484,2026-09-12c
0.39317843938772723,0.6468369098028754,2026-09-12c
0.3636267087790412,0.3285202351368302,2026-09-12c
0.40757015384749246,0.053373586042728564,2026-09-12c
0.9986462960332799,0.9856475114558373,2026-09-12c
0.29782110623328334,0.30199004411792685,2026-09-12c
0.778218231082548,0.16618702547990594,2026-09-12c
0.8975723199534249,1.1112411729139922,2026-09-12c
0.9994931290145431,0.9873842462151716,2026-09-12c
0.3817672432442098,0.04602274140609702,2026-09-12c
0.4572911883015898,0.2072349280637789,2026-09-12c
0.30968650511214024,1.434145439275545,2026-09-12c
0.3984294967978918,0.35752036312150604,2026-09-12c
0.5180136020352144,0.20316759968305786,2026-09-12c
0.4072377669166968,0.20082081383363962,2026-09-12c
0.9967662887478473,0.0039827317692058455,2026-09-12c
0.3303822969359087,0.17269388636772118,2026-09-12c
0.829059390312445,0.8223412560064504,2026-09-12c
0.45172507244625687,0.07272216017661777,2026-09-12c
0.3281415556105394,0.4903050727909468,2026-09-12c
0.3561207423621167,0.2113445238771704,2026-09-12c
0.3395437238191757,0.35335052590244564,2026-09-12c
0.5693552855811916,0.18743461209995255,2026-09-12c
0.37090433332032224,0.19897384449756778,2026-09-12c
0.40849002781517085,0.15178788999100803,2026-09-12c
0.4263670322797867,0.07936276504155142,2026-09-12c
0.8793397324622332,0.8296241372834586,2026-09-12c
0.9556195833522059,0.9430123284238934,2026-09-12c
0.4470743301292889,0.3108488458401609,2026-09-12c
0.3172056317628258,0.08623121645139976,2026-09-12c
0.2936091002885684,0.9951559972854116,2026-09-12c
0.35111656041139133,0.07147288195669377,2026-09-12c
0.38392115094927576,0.4699131997386612,2026-09-12c
0.7862048062715267,0.40237957067807484,2026-09-12c
0.3841501306220383,0.18339581714239822,2026-09-12c
0.9981147397078225,0.9540019422354107,2026-09-12c
0.4080572750933016,0.042454975298675715,2026-09-12c
0.9381066830223159,0.9256925674105182,2026-09-12c
0.996413069703558,0.9962644983195494,2026-09-12c
0.6245042300541741,0.1738931592699488,2026-09-12c
0.3236752954102847,0.06996170826921903,2026-09-12c
0.9366080734763512,0.933722243324497,2026-09-12c
0.823513529465899,0.6960021831457117,2026-09-12c
0.9119927283118044,0.27329102995700905,2026-09-12c
0.9184256444630985,0.8041132048556494,2026-09-12c
0.29084649917329775,0.4039978508860457,2026-09-12c
0.39483951951079826,0.3265896625460927,2026-09-12c
0.9256634552622169,0.8442086310585383,2026-09-12c
0.391060411548696,0.16380774370239437,2026-09-12c
0.3068229601877407,0.05462067329714499,2026-09-12c
0.803952111769765,0.6730228453677211,2026-09-12c
0.682122678032539,0.6003744779608743,2026-09-12c
0.9826800997659593,40.52568442756682,2026-09-12c
0.2821360571139779,0.31370223307591083,2026-09-12c
0.5035029241496705,0.17206690372503355,2026-09-12c
0.9364385823884549,0.8016548907153266,2026-09-12c
0.9463774209181975,0.9306277079030532,2026-09-12c
0.2902938021345182,0.358929588232485,2026-09-12c
0.9089441563071506,0.7322369284313311,2026-09-12c
0.9990322424668298,0.8397980105099081,2026-09-12c
0.37016673521023635,0.19237964521495007,2026-09-12c
0.43540670590963165,0.0479957359786915,2026-09-12c
0.41346455190311227,0.12165573594518246,2026-09-12c
0.3075491736623717,0.11670345210411447,2026-09-12c
0.6988948593029563,0.11158109192621804,2026-09-12c
0.326285446966454,0.40833984947518365,2026-09-12c
0.8084928907909145,0.3250275488377825,2026-09-12c
0.42324406486354893,0.044537270706763395,2026-09-12c
0.3847874605454241,0.21819364478401793,2026-09-12c
0.2951868325202643,0.045958975785576076,2026-09-12c
0.18724268831600813,0.9259801048791291,2026-09-12c
0.2752583140454454,0.2664692597510388,2026-09-12c
0.4529160388187729,0.1709340764146132,2026-09-12c
0.3846041245382091,0.15685721790102078,2026-09-12c
0.2981993055389532,0.7617114725939745,2026-09-12c
0.40466840814680904,0.040023985883522295,2026-09-12c
0.31493567613527446,0.3822283056811402,2026-09-12c
0.2904580357629443,0.3278395654934194,2026-09-12c
0.6048977833652879,0.4581241172829553,2026-09-12c
0.8829425516448267,0.49499668283578274,2026-09-12c
0.5998444505384071,0.3850188729436933,2026-09-12c
0.36481465635204924,0.38513728617911935,2026-09-12c
0.39494860723561526,0.16403906167470358,2026-09-12c
0.4126029578577086,0.05812081821078983,2026-09-12c
0.45451645776175775,0.12179895902698211,2026-09-12c
0.31630929798279744,0.042775900952900986,2026-09-12c
0.38542440671856726,0.33022769612455344,2026-09-12c
0.9951129464210692,92.52134275007651,2026-09-12c
0.903854270994429,0.5942525789110972,2026-09-12c
0.27476620049240114,0.9316862905233669,2026-09-12c
0.24749844030712817,0.28565227566138385,2026-09-12c
0.4488956298621567,0.29135803447532943,2026-09-12c
0.48599951520025125,0.16664099244110173,2026-09-12c
0.3719714508910643,0.20819443451859995,2026-09-12c
0.5515186126436108,0.2486999514819075,2026-09-12c
0.40135106724349046,0.1709198568270556,2026-09-12c
0.9916378263636046,0.9450196331643318,2026-09-12c
0.3369425530816038,0.16101070330318015,2026-09-12c
0.2238283778229147,0.09579557284689866,2026-09-12c
0.5129224818551785,0.389089789061945,2026-09-12c
0.7314159137658831,0.08866261420057982,2026-09-12c
0.35058912705031464,1.442854508917598,2026-09-12c
0.3046954740012144,0.19780059449833984,2026-09-12c
0.43919006167762914,0.0723496219940815,2026-09-12c
0.5931805155863863,0.08753867572857675,2026-09-12c
0.618465085450781,0.3235078684519363,2026-09-12c
0.4714073597743155,0.38179121946743005,2026-09-12c
0.5184777916748707,0.05158240558091715,2026-09-12c
0.3693518739665928,0.10480900377927622,2026-09-12c
0.6037188012260523,0.16279254448309255,2026-09-12c
0.5614345145551598,0.09629180495312424,2026-09-12c
0.4576672974126266,18.748534854780647,2026-09-12c
0.39753232406438077,0.16037951590581342,2026-09-12c
0.28151724955895063,0.3141882051230668,2026-09-12c
0.38695795433947217,0.10166675539400268,2026-09-12c
0.3766610295835176,0.7047657450535296,2026-09-12c
0.3529293638977977,0.37218896410685387,2026-09-12c
0.5155644726037776,0.09000742323913864,2026-09-12c
0.35086018282984077,0.1502790766061412,2026-09-12c
0.9643648478535564,0.9747517845156933,2026-09-12c
0.3339952637980442,0.8293336724956272,2026-09-12c
0.3302353691502276,0.23185769515922477,2026-09-12c
0.7905524711505385,0.601490017565572,2026-09-12c
0.27613218080919977,0.5746424442796624,2026-09-12c
0.39957250202967254,0.09837130627205853,2026-09-12c
0.9893488010661002,0.5947815756813695,2026-09-12c
0.39127721106366214,0.3285386497818603,2026-09-12c
0.4421314102862178,0.21707643664417856,2026-09-12c
0.7007930410494159,0.1601047406265584,2026-09-12c
0.35109742896692825,0.18598474463799045,2026-09-12c
0.4821413632924609,0.34165501146674027,2026-09-12c
0.6881519825201984,0.15985268561062727,2026-09-12c
0.4505088412639386,0.2007187691173174,2026-09-12c
0.996635499829658,0.9972562038971097,2026-09-12c
0.974748613933807,0.9659347208036957,2026-09-12c
0.40711765331740507,0.08784323345208174,2026-09-12c
0.3710151414347167,0.23595116478697675,2026-09-12c
0.3507736454658144,0.10926034997475882,2026-09-12c
0.3723880845172185,0.09013094020677682,2026-09-12c
0.2310852361658609,0.7295012895700994,2026-09-12c
0.9854092808040696,0.9959485435725397,2026-09-12c
0.7124721747757178,0.1023545398204451,2026-09-12c
0.33006909574067,0.28163581890758077,2026-09-12c
0.5789038491615077,0.35494124924885,2026-09-12c
0.3807002858841778,0.02653885022542466,2026-09-12c
0.7168269022852176,0.05092642936090331,2026-09-12c
0.4183822776359961,0.05087932424244888,2026-09-12c
0.23929564397261888,0.3059752691271348,2026-09-12c
0.5365188816510001,0.11407760109422098,2026-09-12c
0.640838714189809,0.5513043794644807,2026-09-12c
0.274927956171454,0.3052422695217085,2026-09-12c
0.4000351500834718,0.243068624826471,2026-09-12c
0.38695860854168684,0.0651521318048378,2026-09-12c
0.35160555839700197,0.1090758487735599,2026-09-12c
0.6739331185839303,3.657353281855209,2026-09-12c
0.3275181374757542,0.1997291328965424,2026-09-12c
0.5568155943625218,0.1674236743875394,2026-09-12c
0.47617384798284085,0.2520886394126628,2026-09-12c
0.3404422148395281,0.30638906317682224,2026-09-12c
0.28760496359689525,0.3717760161522075,2026-09-12c
0.3524135388441256,0.7576764940163233,2026-09-12c
0.38951072020741956,0.06236614848041058,2026-09-12c
0.9315817376912573,0.004915121175007501,2026-09-12c
0.4521735357335888,0.7851332709367091,2026-09-12c
0.9906286508623466,0.9762431096150771,2026-09-12c
0.816528444778462,0.6722098901527059,2026-09-12c
0.9927357852339913,210.40924931619787,2026-09-12c
0.47107185198100204,0.06403150639618255,2026-09-12c
0.47788935447105313,0.12298713515344481,2026-09-12c
0.41064788572227406,0.22287514741229866,2026-09-12c
0.42059651029383066,0.14611298106089252,2026-09-12c
0.4332773252261111,0.16935391688313606,2026-09-12c
0.3851112047773877,0.5365767544471709,2026-09-12c
0.4275003839923873,0.12056859769406039,2026-09-12c
0.4223874164760411,0.10921017767901335,2026-09-12c
0.37408217144204675,0.24599912045068462,2026-09-12c
0.8136852479611776,0.4802991227275871,2026-09-12c
0.3899783161515253,0.33214089564853777,2026-09-12c
0.3263570263274166,0.03609814911404084,2026-09-12c
0.6319580582279448,0.29980470367076667,2026-09-12c
0.37889421733675416,0.0999740168613026,2026-09-12c
0.6640902918956515,0.13119003386606198,2026-09-12c
0.30178934411478814,0.12313836196414482,2026-09-12c
0.4284163169175134,0.05109881766561975,2026-09-12c
0.500076600909158,0.27903082258625284,2026-09-12c
0.450366863013231,0.15628505841682858,2026-09-12c
0.6275846165190722,1.179839679867131,2026-09-12c
0.3915172647657739,0.17063557498844056,2026-09-12c
0.9350677731551726,0.42688841780076375,2026-09-12c
0.4424892873233692,0.22293898968478384,2026-09-12c
0.4216592588425805,0.39299881694740335,2026-09-12c
0.900252365312805,2.877616802757342,2026-09-12c
0.30238471731138405,0.7841937054444679,2026-09-12c
0.6660742021838071,0.0016000329104405193,2026-09-12c
0.3108346424521871,0.07125040870521232,2026-09-12c
0.4363305640971271,0.1427785363416699,2026-09-12c
0.32778592869059764,0.09195926014978353,2026-09-12c
0.37194779441802567,0.4146161633531781,2026-09-12c
0.8030535475632296,0.08131783823596746,2026-09-12c
0.404734382332792,0.21219332833733867,2026-09-12c
0.38214116935301795,0.20852146827658308,2026-09-12c
0.9491936638832432,0.7179969090369009,2026-09-12c
0.6785623649482502,0.29509426401544697,2026-09-12c
0.4431973432922538,0.11264790727829618,2026-09-12c
0.2128211009498709,0.41920979353768656,2026-09-12c
0.9765243212300218,62.51201805222629,2026-09-12c
0.45556429114971136,0.06876885146513476,2026-09-12c
