arm,dataset,n,k_fitted,overlap_fitted
empirical,Tables,7.0,1,0.0
empirical,StoneCladding,29.0,5,0.007625333048012012
empirical,OilPatch,279.0,5,0.09969060631951705
empirical,Electrical,3.0,1,
empirical,MetalStairs,5.0,1,
empirical,MechanicalInsulation,57.0,2,0.25511499674219035
empirical,AluminiumSiding,3.0,1,
empirical,DataCabling,117.0,3,0.06091995967452705
empirical,BlanketInsulation,349.0,5,0.09688040222519256
empirical,FenestrationFraming,117.0,3,0.11467457862545904
empirical,WindTurbines,3.0,1,
empirical,MasonryCement,39.0,3,0.000689772747364125
empirical,UnitSkylights,13.0,3,0.004156909741187511
empirical,Openings,13.0,3,4.599316322242492e-05
empirical,FlashingAndSheetMetal,8.0,2,0.002651989922385142
empirical,ManufacturingInputs,4.0,1,
empirical,CementitiousSheathingBoard,73.0,1,0.0
empirical,CementBoard,29.0,1,0.0
empirical,BlanketFacing,33.0,2,0.011010419079793903
empirical,WoodDoors,30.0,4,0.0007436910713954112
empirical,MetalDoorAndFrames,38.0,2,0.16317718751953292
empirical,CableTrays,67.0,3,0.033139744228530325
empirical,SinglePlyKEE,6.0,1,0.0
empirical,Coil,79.0,4,0.021540008719518073
empirical,StructuralSteel,57.0,4,0.0004910643886688316
empirical,AcousticalCeilings,360.0,5,0.04956110656447194
empirical,FiberCementSiding,28.0,2,0.24670387999414342
empirical,WallBase,3.0,1,
empirical,CompositeLumber,9.0,2,0.0014017305716520474
empirical,StorageFurniture,11.0,3,6.167792724533062e-08
empirical,FenestrationAccessories,9.0,3,0.0026707320211249116
empirical,PlateSteel,76.0,3,0.02146179760224386
empirical,ResilientFlooring,444.0,4,0.1316486991219021
empirical,DeckingSteel,46.0,2,2.810085128537653e-05
empirical,AluminiumSheetGoods,36.0,3,0.11114352342952087
empirical,InsulatedRoofPanels,19.0,3,0.0034459905739774783
empirical,WallFinishes,130.0,5,0.027779239595314163
empirical,AluminiumSuspensionAssembly,14.0,2,0.07131901972455518
empirical,SinglePlyPolyurethane,25.0,4,0.00594347140671992
empirical,JointProtection,4.0,1,
empirical,Aluminium,124.0,3,0.14974159798353345
empirical,RebarSteel,196.0,4,0.04335447422219601
empirical,Aggregates,206.0,4,0.07714239782472693
empirical,SinglePlyOther,5.0,1,
empirical,DemountablePartitionTrack,5.0,1,
empirical,ReadyMix,77548.0,3,0.576420696314624
empirical,BoardInsulation,413.0,3,0.240242744656696
empirical,CastDecksAndUnderlayment,123.0,2,0.19949363291594902
empirical,WorkSurfaces,10.0,3,0.0004994054153591207
empirical,FireAndSmokeProtection,6.0,2,1.427771123945282e-08
empirical,Cladding,122.0,2,0.026565043697948366
empirical,DampproofingAndWaterproofing,62.0,2,8.554305533949493e-07
empirical,AluminiumExtrusions,17.0,5,0.00013616688947521281
empirical,TranslucentWallAndRoofAssemblies,4.0,1,
empirical,VinylSiding,8.0,2,0.02994984580590607
empirical,CementGrout,3794.0,4,0.2665783308296487
empirical,AluminiumBillets,63.0,2,0.007926732180464992
empirical,CurtainWalls,17.0,4,0.009146784067310763
empirical,Grouting,222.0,4,0.1024926894675882
empirical,Steel,443.0,3,0.2014430411041502
empirical,SinglePlyTPO,30.0,1,0.0
empirical,DemountablePartitions,50.0,3,0.08139298333495772
empirical,AccessFlooring,62.0,1,0.0
empirical,PowerCabling,209.0,4,0.10024340725171486
empirical,CeilingPanel,240.0,3,0.10911452839483099
empirical,DeckingBoards,9.0,2,4.0957534810049566e-111
empirical,Concrete,209.0,2,0.6719339797321594
empirical,Chairs,84.0,3,0.06789346924951305
empirical,DoorsAndFrames,25.0,1,0.0
empirical,HotRolled,63.0,2,0.1673058949682816
empirical,Elevators,16.0,5,0.0071854248139448604
empirical,TileGrout,43.0,4,0.01940532062290264
empirical,WireMeshSteel,24.0,2,0.07330422434943375
empirical,Countertops,46.0,5,0.004100851380505198
empirical,WoodFraming,7.0,2,1.2617051230175212e-05
empirical,MembraneRoofing,55.0,1,0.0
empirical,BlownInsulation,27.0,4,0.03297821291131502
empirical,SinglePlyPVC,84.0,2,0.38062557057779145
empirical,RoofCoverBoards,8.0,2,4.77013336584561e-07
empirical,ProcessedNonInsulatingGlassPanes,114.0,4,0.10486873742712265
empirical,ThermalMoistureProtection,4.0,1,
empirical,MetalRailings,4.0,1,
empirical,GypsumSheathingBoard,19.0,5,0.008523723540346365
empirical,FlowableFill,2075.0,4,0.15094210486954793
empirical,Shotcrete,1682.0,2,0.5770843422096477
empirical,Siding,4.0,1,
empirical,NetworkingCableTrays,17.0,5,0.0009434004898887093
empirical,NetworkingRaceways,26.0,4,0.0013421585097465596
empirical,InsulatedWallPanels,72.0,1,0.0
empirical,Masonry,21.0,3,0.007009780377601531
empirical,HeavyTimber,4.0,1,
empirical,Flooring,3.0,1,
empirical,Insulation,677.0,4,0.10368331045352341
empirical,Gypsum,591.0,2,0.48732036311084104
empirical,SheathingPanels,48.0,3,0.05477522517373997
empirical,CMU,562.0,2,0.4524863671577697
empirical,SprayedInsulation,12.0,3,3.086066245719445e-05
empirical,Hollow,116.0,2,0.49498357426465867
empirical,Laminate,21.0,5,0.008197658636950104
empirical,SteelSuspensionAssembly,87.0,2,0.25193807027583887
empirical,InsulatingGlazingUnits,32.0,4,0.03935369103189106
empirical,PrecastConcrete,159.0,3,0.004100354491266104
empirical,WallPanels,248.0,2,0.239184603348519
empirical,Mirrors,4.0,1,
empirical,MiscMetalFabrication,28.0,5,6.239335192886212e-06
empirical,WoodFlooring,109.0,5,0.016443076056668227
empirical,NonStructuralWood,33.0,2,0.0030632692438225134
empirical,MBQ,44.0,2,0.08441113601673057
empirical,SinglePlyEPDM,14.0,4,4.0302903205803675e-05
empirical,Timber,17.0,3,0.002730274185229349
empirical,ConcreteAdmixtures,51.0,5,0.015047577826891017
empirical,CementitiousMaterials,9.0,3,1.7391633552031827e-17
empirical,OtherFlooring,154.0,4,0.06716233783456403
empirical,WeatherBarriers,21.0,3,0.02702072567710766
empirical,GlazedDoors,145.0,4,0.09898968818922538
empirical,PaintingAndCoating,19.0,5,0.004269889443086237
empirical,PostTensioningSteel,11.0,1,0.0
empirical,Cement,522.0,3,0.29567064982820024
empirical,BackingAndUnderlay,45.0,5,0.022126969398402575
empirical,WoodJoists,4.0,1,
empirical,OpenWebMembranes,8.0,2,0.00607042793145255
empirical,Windows,293.0,5,0.0638083808966358
empirical,FlatGlassPanes,44.0,2,0.19718699944634643
empirical,CompositionSiding,4.0,1,
empirical,Furnishings,17.0,4,1.41808304132931e-08
empirical,RoofPanels,89.0,2,0.4028550635081828
empirical,BituminousRoofing,66.0,2,0.12472600885409763
empirical,Mortar,151.0,2,0.2926540044775024
empirical,FoamedInPlace,15.0,5,0.002403343962471719
empirical,ConcretePaving,400.0,3,0.09538807410203964
empirical,Carpet,1937.0,3,0.38290051043386225
empirical,SupplementaryCementitiousMaterials,8.0,2,0.00011210640374560872
empirical,Finishes,14.0,4,0.014334371845906203
empirical,AccessFlooringPedestals,11.0,2,0.003738379192392895
empirical,MassTimber,45.0,2,0.1969190461639755
empirical,Asphalt,8925.0,3,0.4594681773619466
empirical,ColdFormedSteel,65.0,1,0.0
empirical,Brick,252.0,3,0.05868768805728201
shipped_synthetic,dataset1707,57.0,4,0.03411669112747164
shipped_synthetic,dataset4007,28.0,5,0.023158390834277006
shipped_synthetic,dataset11656,113.0,2,0.46100185885027833
shipped_synthetic,dataset4482,4.0,1,
shipped_synthetic,dataset9292,12.0,1,0.0
shipped_synthetic,dataset5466,21.0,5,0.0022345655836568928
shipped_synthetic,dataset7032,9.0,1,0.0
shipped_synthetic,dataset13517,49.0,4,0.0014450216636190118
shipped_synthetic,dataset10050,211.0,3,0.2012812469914718
shipped_synthetic,dataset4504,176.0,5,0.046930897338895924
shipped_synthetic,dataset578,64.0,3,0.022920344505281996
shipped_synthetic,dataset7041,290.0,2,0.16568524999239756
shipped_synthetic,dataset9993,65.0,3,0.008480097571138453
shipped_synthetic,dataset1954,407.0,3,0.14814806865873223
shipped_synthetic,dataset193,12.0,4,4.678223604060112e-07
shipped_synthetic,dataset8302,350.0,1,0.0
shipped_synthetic,dataset7522,186.0,2,0.5555522041776445
shipped_synthetic,dataset5255,14.0,4,2.9168531802472223e-05
shipped_synthetic,dataset12919,117.0,2,2.2514213188469897e-25
shipped_synthetic,dataset5554,24.0,2,6.221401824967027e-06
shipped_synthetic,dataset13115,28.0,1,0.0
shipped_synthetic,dataset4018,54.0,1,0.0
shipped_synthetic,dataset4253,135.0,3,0.2492524160240874
shipped_synthetic,dataset3851,269.0,3,0.01034744339691949
shipped_synthetic,dataset894,304.0,3,0.12771461705743778
shipped_synthetic,dataset7076,21.0,4,2.1591159602079924e-06
shipped_synthetic,dataset11257,61.0,1,0.0
shipped_synthetic,dataset4065,601.0,5,0.06209038836646027
shipped_synthetic,dataset5480,663.0,3,0.1576670089167043
shipped_synthetic,dataset7157,72.0,1,0.0
shipped_synthetic,dataset10466,28.0,5,0.00024686093259155244
shipped_synthetic,dataset13087,31.0,5,0.0015448227662065747
shipped_synthetic,dataset3504,46.0,4,0.002363524025147459
shipped_synthetic,dataset9880,36.0,1,0.0
shipped_synthetic,dataset5353,308.0,3,0.042413360865237594
shipped_synthetic,dataset12334,288.0,4,0.07821247345885342
shipped_synthetic,dataset1195,135.0,2,0.18925567178139735
shipped_synthetic,dataset13292,9.0,3,3.4709682040538897e-09
shipped_synthetic,dataset13403,90.0,1,0.0
shipped_synthetic,dataset11509,190.0,4,0.13533770332883566
shipped_synthetic,dataset4592,162.0,1,0.0
shipped_synthetic,dataset1003,39.0,2,0.007618447479924732
shipped_synthetic,dataset65,536.0,1,0.0
shipped_synthetic,dataset12512,100.0,1,0.0
shipped_synthetic,dataset12245,8.0,2,0.0007858192569085598
shipped_synthetic,dataset3567,4.0,1,
shipped_synthetic,dataset169,31.0,5,0.007584204533686911
shipped_synthetic,dataset3520,142.0,2,0.013190998721637358
shipped_synthetic,dataset6330,103.0,4,0.001881342184312368
shipped_synthetic,dataset4999,731.0,5,0.06771786070857976
shipped_synthetic,dataset9059,24.0,4,2.6712162569657657e-05
shipped_synthetic,dataset9462,81.0,2,4.25833361444299e-05
shipped_synthetic,dataset2543,308.0,3,0.0014074914714651034
shipped_synthetic,dataset8390,37.0,4,0.03564770035036569
shipped_synthetic,dataset9120,6.0,2,0.00029577582682491335
shipped_synthetic,dataset1595,193.0,4,0.018634734193409396
shipped_synthetic,dataset4412,26.0,3,0.007139830784197526
shipped_synthetic,dataset3431,70.0,2,0.01363649715531148
shipped_synthetic,dataset3180,21.0,1,0.0
shipped_synthetic,dataset11516,63.0,4,0.012203691451829661
shipped_synthetic,dataset6238,20.0,4,0.013902736318979328
shipped_synthetic,dataset6417,5.0,1,
shipped_synthetic,dataset11333,117.0,3,0.025688346893473712
shipped_synthetic,dataset5980,43.0,2,0.19466095337993355
shipped_synthetic,dataset10576,86.0,2,0.00042967846502085533
shipped_synthetic,dataset7176,55.0,4,0.01326297380676749
shipped_synthetic,dataset8066,15.0,4,0.00028344594036834803
shipped_synthetic,dataset9002,226.0,3,0.004839217386761694
shipped_synthetic,dataset2434,22.0,2,0.007369903518424666
shipped_synthetic,dataset8846,192.0,1,0.0
shipped_synthetic,dataset10170,244.0,4,0.09017074260564388
shipped_synthetic,dataset9879,49.0,3,0.008827671360561722
shipped_synthetic,dataset12597,162.0,3,0.026059002512463052
shipped_synthetic,dataset12219,198.0,5,0.007137436796418523
shipped_synthetic,dataset6423,22.0,3,2.43098677337463e-70
shipped_synthetic,dataset2043,29.0,3,0.016619642755052715
shipped_synthetic,dataset2745,426.0,4,0.12167326023279779
shipped_synthetic,dataset1781,12.0,3,2.0113784971927122e-17
shipped_synthetic,dataset3436,17.0,2,0.0001762088351144908
shipped_synthetic,dataset6909,77.0,4,0.04306411512494349
shipped_synthetic,dataset9882,37.0,1,0.0
shipped_synthetic,dataset820,4.0,1,
shipped_synthetic,dataset4897,111.0,3,0.1072103885106248
shipped_synthetic,dataset5488,177.0,3,0.13464609608972844
shipped_synthetic,dataset8260,92.0,2,0.23456108794788488
shipped_synthetic,dataset10761,109.0,3,0.1814102787933459
shipped_synthetic,dataset11969,6.0,2,0.0028790656935096096
shipped_synthetic,dataset2362,42.0,2,0.007145016045488267
shipped_synthetic,dataset11794,140.0,5,0.047389420952928765
shipped_synthetic,dataset8672,21.0,4,1.0791212603904254e-09
shipped_synthetic,dataset13468,11.0,3,1.5964453869561165e-09
shipped_synthetic,dataset12286,384.0,5,0.09291665894084217
shipped_synthetic,dataset2359,194.0,2,0.08046986795216968
shipped_synthetic,dataset2766,45.0,3,4.084568822235798e-05
shipped_synthetic,dataset487,22.0,1,0.0
shipped_synthetic,dataset12955,29.0,3,0.01170151013729634
shipped_synthetic,dataset782,284.0,3,0.088979553239673
shipped_synthetic,dataset10579,24.0,1,0.0
shipped_synthetic,dataset5853,25.0,2,1.0088873390445469e-10
shipped_synthetic,dataset10211,106.0,2,0.07421142478631687
shipped_synthetic,dataset6070,89.0,4,0.05967033962634685
shipped_synthetic,dataset3619,31.0,2,0.15202037264373747
shipped_synthetic,dataset2972,24.0,4,0.0006277478510934696
shipped_synthetic,dataset1886,21.0,5,1.2472133601760516e-05
shipped_synthetic,dataset3415,580.0,4,0.022481065907389353
shipped_synthetic,dataset851,10.0,3,4.517402571439101e-09
shipped_synthetic,dataset1127,6.0,2,6.852131080446522e-06
shipped_synthetic,dataset8717,27.0,1,0.0
shipped_synthetic,dataset10221,191.0,1,0.0
shipped_synthetic,dataset2116,92.0,2,0.10541441197019194
shipped_synthetic,dataset4604,8.0,2,8.995868429577591e-30
shipped_synthetic,dataset2544,30.0,2,0.22932026663411328
shipped_synthetic,dataset2226,5.0,1,
shipped_synthetic,dataset12132,64.0,3,0.09692532598674947
shipped_synthetic,dataset3706,5.0,1,
shipped_synthetic,dataset10655,37.0,5,0.00528441375383764
shipped_synthetic,dataset11312,5.0,1,
shipped_synthetic,dataset5363,85.0,3,0.0025762140227171436
shipped_synthetic,dataset4063,58.0,1,0.0
shipped_synthetic,dataset3767,85.0,3,0.06272068844968592
shipped_synthetic,dataset5280,451.0,2,0.5111488388686655
shipped_synthetic,dataset553,22.0,3,2.496224097733476e-07
shipped_synthetic,dataset10157,498.0,5,0.04646676817750754
shipped_synthetic,dataset3751,44.0,4,0.0014322254974060908
shipped_synthetic,dataset7092,64.0,3,0.09703710905920053
shipped_synthetic,dataset8448,665.0,5,0.1046295861950581
shipped_synthetic,dataset2396,149.0,3,0.00634218451914835
shipped_synthetic,dataset4143,136.0,4,0.10585094987232625
shipped_synthetic,dataset3266,32.0,2,2.206361702097775e-05
shipped_synthetic,dataset10140,518.0,3,7.382579311016902e-05
shipped_synthetic,dataset3497,389.0,1,0.0
shipped_synthetic,dataset11213,97.0,3,0.0033523484158388267
shipped_synthetic,dataset13781,6.0,1,0.0
shipped_synthetic,dataset9606,46.0,4,2.8692650116876243e-06
shipped_synthetic,dataset8545,29.0,5,5.431342054597335e-06
shipped_synthetic,dataset6746,80.0,3,0.050766555680285146
shipped_synthetic,dataset5460,51.0,4,0.007492060422316266
shipped_synthetic,dataset10137,7.0,2,1.1582528400366751e-05
shipped_synthetic,dataset11950,138.0,3,0.03556189604032079
shipped_synthetic,dataset2473,347.0,5,0.017123086000901844
shipped_synthetic,dataset7969,26.0,1,0.0
shipped_synthetic,dataset785,6.0,1,0.0
shipped_synthetic,dataset9237,420.0,2,0.017188982906541986
shipped_synthetic,dataset11034,25.0,1,0.0
shipped_synthetic,dataset9856,416.0,1,0.0
shipped_synthetic,dataset12401,36.0,3,0.03476619787727904
shipped_synthetic,dataset7455,7.0,2,6.630707804682684e-38
shipped_synthetic,dataset12646,23.0,1,0.0
shipped_synthetic,dataset9984,28.0,4,0.001130518265963344
shipped_synthetic,dataset7462,424.0,5,0.0496959004609112
shipped_synthetic,dataset4534,148.0,3,0.032129951540871386
shipped_synthetic,dataset1532,270.0,5,0.030338641551854607
shipped_synthetic,dataset12121,32.0,5,2.2755445581214776e-05
shipped_synthetic,dataset11512,53.0,3,0.01091530715672942
shipped_synthetic,dataset100,482.0,5,0.11529788667587673
shipped_synthetic,dataset3032,148.0,5,0.01844905194022114
shipped_synthetic,dataset980,9.0,3,0.00025038422873868466
shipped_synthetic,dataset6938,30.0,1,0.0
shipped_synthetic,dataset2707,32.0,2,0.012928737229958853
shipped_synthetic,dataset10051,14.0,4,2.6964137343432994e-05
shipped_synthetic,dataset377,502.0,4,0.0037789527184055676
shipped_synthetic,dataset5893,24.0,2,1.261804005790804e-05
shipped_synthetic,dataset7994,6.0,2,2.0729029241444484e-45
shipped_synthetic,dataset10996,167.0,2,0.09231943674997355
shipped_synthetic,dataset5722,15.0,1,0.0
shipped_synthetic,dataset7181,9.0,3,2.2650987491855744e-16
shipped_synthetic,dataset9311,222.0,4,0.10101744157126318
shipped_synthetic,dataset10161,23.0,4,1.504231513964248e-06
shipped_synthetic,dataset12788,12.0,2,5.240472618141133e-08
shipped_synthetic,dataset5070,26.0,1,0.0
shipped_synthetic,dataset1714,200.0,2,0.4907751381189448
shipped_synthetic,dataset10420,9.0,3,3.968070621413141e-24
shipped_synthetic,dataset11647,30.0,5,0.000174571543581948
shipped_synthetic,dataset2931,16.0,5,1.0115113798453834e-08
shipped_synthetic,dataset11294,56.0,3,0.008772602021309934
shipped_synthetic,dataset4841,368.0,5,0.024179414803183953
shipped_synthetic,dataset5676,18.0,3,4.1199323108741165e-15
shipped_synthetic,dataset5286,187.0,2,2.5822755403745122e-17
shipped_synthetic,dataset3900,25.0,4,9.473729764200406e-05
shipped_synthetic,dataset187,47.0,2,0.03617842575307461
shipped_synthetic,dataset11366,16.0,5,4.451184291918241e-06
shipped_synthetic,dataset9987,364.0,2,2.132748673908177e-17
shipped_synthetic,dataset11940,648.0,5,0.05366928175821104
shipped_synthetic,dataset1251,224.0,3,0.0991370528304318
shipped_synthetic,dataset6107,102.0,2,0.5771529973307303
shipped_synthetic,dataset13076,22.0,1,0.0
shipped_synthetic,dataset8204,29.0,2,0.04226050047505263
shipped_synthetic,dataset6223,678.0,1,0.0
shipped_synthetic,dataset10097,166.0,2,0.013302287586163622
shipped_synthetic,dataset2595,127.0,2,0.017358443631875036
shipped_synthetic,dataset4717,6.0,2,7.18303434316907e-22
shipped_synthetic,dataset10724,645.0,3,0.39372646140866313
shipped_synthetic,dataset9143,57.0,3,0.01244297595514774
shipped_synthetic,dataset8866,17.0,2,0.014882672735118974
shipped_synthetic,dataset6662,52.0,1,0.0
shipped_synthetic,dataset148,535.0,2,0.5615433500175188
shipped_synthetic,dataset440,722.0,4,0.21800084857974286
shipped_synthetic,dataset12620,217.0,2,0.5563031540669706
shipped_synthetic,dataset8584,13.0,3,0.00020319919060825218
shipped_synthetic,dataset10148,18.0,5,0.0002402158443864572
shipped_synthetic,dataset13620,266.0,4,0.1284716212423382
shipped_synthetic,dataset2450,11.0,1,0.0
shipped_synthetic,dataset2817,87.0,2,1.5903716800789736e-08
shipped_synthetic,dataset5027,7.0,2,0.0016355167651726289
shipped_synthetic,dataset8334,157.0,4,0.003944590063290316
shipped_synthetic,dataset4613,5.0,1,
shipped_synthetic,dataset926,135.0,2,0.29132422835028426
shipped_synthetic,dataset594,676.0,5,0.10775953074014306
shipped_synthetic,dataset6521,152.0,3,0.004798072312577958
shipped_synthetic,dataset7380,13.0,3,0.023438073722797565
shipped_synthetic,dataset7368,410.0,3,0.05735177826465698
shipped_synthetic,dataset3824,444.0,5,0.12802758086279029
shipped_synthetic,dataset1377,58.0,5,0.007242811732749141
shipped_synthetic,dataset5931,76.0,2,1.374705016112605e-10
shipped_synthetic,dataset11736,85.0,2,3.3856315666076234e-05
shipped_synthetic,dataset5684,544.0,2,0.00164746762494397
shipped_synthetic,dataset3841,358.0,4,0.021249581019437292
shipped_synthetic,dataset2591,214.0,2,0.5318728941058276
shipped_synthetic,dataset2743,9.0,1,0.0
shipped_synthetic,dataset9168,133.0,1,0.0
shipped_synthetic,dataset504,41.0,2,0.026777054610520858
shipped_synthetic,dataset4216,142.0,4,0.0002376138682333884
shipped_synthetic,dataset6853,8.0,2,0.007641334044289251
shipped_synthetic,dataset9969,24.0,2,9.335102894567375e-05
shipped_synthetic,dataset5190,402.0,5,0.0872097987735968
shipped_synthetic,dataset3326,8.0,2,0.0012578002236526013
shipped_synthetic,dataset7443,208.0,3,0.03499003770112313
shipped_synthetic,dataset7735,618.0,5,0.10973495176883738
shipped_synthetic,dataset1688,426.0,2,0.5579414436865524
shipped_synthetic,dataset7298,165.0,2,0.29882254994092977
shipped_synthetic,dataset11707,38.0,3,0.005916582440778902
shipped_synthetic,dataset6850,6.0,2,0.0010232078283638096
shipped_synthetic,dataset3731,591.0,2,0.7359533161304413
shipped_synthetic,dataset10739,218.0,1,0.0
shipped_synthetic,dataset6267,70.0,1,0.0
shipped_synthetic,dataset12661,180.0,4,0.06283508738908884
shipped_synthetic,dataset5741,729.0,4,0.23607247077270146
shipped_synthetic,dataset5318,157.0,2,0.2815435071392859
shipped_synthetic,dataset393,85.0,2,0.005956464502260528
shipped_synthetic,dataset3773,68.0,4,0.0043690857800028375
shipped_synthetic,dataset8574,93.0,4,0.015008033376131193
shipped_synthetic,dataset10710,43.0,2,0.013687382078865867
shipped_synthetic,dataset8515,47.0,5,0.010812656938164546
shipped_synthetic,dataset6475,115.0,1,0.0
shipped_synthetic,dataset78,16.0,5,2.6829334362708923e-07
shipped_synthetic,dataset12459,115.0,3,0.16002382494291134
shipped_synthetic,dataset5840,61.0,3,1.6708492745874531e-06
shipped_synthetic,dataset12606,150.0,3,0.11515835066593084
shipped_synthetic,dataset784,697.0,5,0.11177817698767223
shipped_synthetic,dataset11435,732.0,5,0.08503325979700369
shipped_synthetic,dataset10909,573.0,5,0.13121700860491234
shipped_synthetic,dataset2698,680.0,3,0.2035607758715573
shipped_synthetic,dataset8363,155.0,2,0.5509458947327328
shipped_synthetic,dataset9990,681.0,3,0.2710125210711397
shipped_synthetic,dataset11926,692.0,3,0.10997614634008572
shipped_synthetic,dataset3524,7.0,2,2.8212733532346597e-19
shipped_synthetic,dataset6751,69.0,2,0.08422813684717495
shipped_synthetic,dataset8458,56.0,2,9.66204866905544e-08
shipped_synthetic,dataset10750,7.0,2,4.363953138379323e-08
shipped_synthetic,dataset2289,24.0,3,1.4879755113095447e-05
shipped_synthetic,dataset6524,15.0,4,3.982395609084453e-14
shipped_synthetic,dataset4096,212.0,5,0.03373343487204443
shipped_synthetic,dataset5475,21.0,3,8.260868719187589e-05
shipped_synthetic,dataset13592,7.0,2,9.567461647682298e-22
shipped_synthetic,dataset10748,16.0,4,0.0022365265766096476
shipped_synthetic,dataset5328,69.0,1,0.0
shipped_synthetic,dataset12093,218.0,4,0.04993625197892029
shipped_synthetic,dataset4529,11.0,3,1.232541401189031e-08
shipped_synthetic,dataset7437,26.0,2,0.027739300231294006
shipped_synthetic,dataset5014,41.0,1,0.0
shipped_synthetic,dataset10893,29.0,4,1.4378751115686222e-06
shipped_synthetic,dataset5530,5.0,1,
shipped_synthetic,dataset11550,7.0,2,3.566813380310541e-06
shipped_synthetic,dataset5228,16.0,1,0.0
shipped_synthetic,dataset11352,12.0,1,0.0
shipped_synthetic,dataset2794,53.0,2,1.9988897722754985e-06
shipped_synthetic,dataset7441,323.0,2,0.03367182468879923
shipped_synthetic,dataset13448,376.0,3,0.17912593358843318
shipped_synthetic,dataset9159,35.0,2,0.11007918469841495
shipped_synthetic,dataset13759,179.0,1,0.0
shipped_synthetic,dataset12990,57.0,4,0.022880027963583283
shipped_synthetic,dataset6813,7.0,2,4.816351129177793e-103
shipped_synthetic,dataset6257,70.0,1,0.0
shipped_synthetic,dataset11349,39.0,2,1.152025735242982e-06
shipped_synthetic,dataset6060,59.0,1,0.0
shipped_synthetic,dataset9036,607.0,3,0.1774334616733698
shipped_synthetic,dataset872,176.0,5,0.030933995515906438
shipped_synthetic,dataset5021,50.0,2,1.5283425584389394e-05
shipped_synthetic,dataset947,255.0,3,0.024990533354982775
shipped_synthetic,dataset4810,170.0,4,0.06271601809219468
shipped_synthetic,dataset11370,146.0,1,0.0
shipped_synthetic,dataset2590,43.0,2,1.4673203874501676e-06
shipped_synthetic,dataset13554,148.0,2,0.0005011753748357743
shipped_synthetic,dataset11704,19.0,3,0.003844857770816758
shipped_synthetic,dataset8201,280.0,1,0.0
shipped_synthetic,dataset2963,42.0,3,0.0012479324684731344
shipped_synthetic,dataset2835,17.0,3,0.011002713442890869
shipped_synthetic,dataset2379,9.0,1,0.0
shipped_synthetic,dataset5039,653.0,5,0.077480554062257
shipped_synthetic,dataset13406,10.0,2,0.003403803292640971
shipped_synthetic,dataset971,224.0,3,0.1791656259532883
shipped_synthetic,dataset6306,137.0,2,3.9089169932465734e-05
shipped_synthetic,dataset9991,38.0,2,0.013197800045383772
shipped_synthetic,dataset11295,80.0,4,0.0033221078535147115
shipped_synthetic,dataset13099,6.0,2,5.9002526137765505e-08
shipped_synthetic,dataset2645,75.0,2,0.12603575483848248
shipped_synthetic,dataset12275,8.0,2,8.901459729619183e-12
shipped_synthetic,dataset13013,636.0,4,0.03369849060572189
shipped_synthetic,dataset62,93.0,2,0.22091358627623164
shipped_synthetic,dataset2206,390.0,1,0.0
shipped_synthetic,dataset7197,277.0,4,0.007708507188046707
shipped_synthetic,dataset9061,120.0,3,0.05032421350146821
shipped_synthetic,dataset10116,117.0,2,0.004489369970824382
shipped_synthetic,dataset8059,560.0,4,0.1293913419013865
shipped_synthetic,dataset11882,24.0,2,0.027150588693511103
shipped_synthetic,dataset3356,10.0,1,0.0
shipped_synthetic,dataset11087,217.0,3,0.006385178420765259
shipped_synthetic,dataset10641,12.0,4,1.3589106938961912e-08
shipped_synthetic,dataset12930,20.0,3,4.739563863838609e-10
shipped_synthetic,dataset6713,280.0,5,0.060665139856077535
shipped_synthetic,dataset2447,123.0,3,0.02582415577131093
shipped_synthetic,dataset7828,121.0,4,1.4870894537920026e-07
shipped_synthetic,dataset4825,43.0,1,0.0
shipped_synthetic,dataset6011,24.0,4,0.0030341014278131837
shipped_synthetic,dataset10130,24.0,1,0.0
shipped_synthetic,dataset7595,41.0,3,0.026737326851866045
shipped_synthetic,dataset3149,38.0,5,0.0019232323004521761
shipped_synthetic,dataset2215,252.0,2,0.07987697659625634
shipped_synthetic,dataset4163,26.0,2,9.215856606699241e-07
shipped_synthetic,dataset8943,88.0,1,0.0
shipped_synthetic,dataset12766,193.0,3,0.003056726233233334
shipped_synthetic,dataset6288,464.0,3,0.18410505967470311
shipped_synthetic,dataset1693,114.0,2,0.0004559957241948359
shipped_synthetic,dataset11197,9.0,1,0.0
shipped_synthetic,dataset12193,7.0,2,1.0126698587805298e-09
shipped_synthetic,dataset6428,10.0,2,1.4294184231255017e-05
shipped_synthetic,dataset13503,70.0,1,0.0
shipped_synthetic,dataset12544,184.0,4,0.0802822240475439
shipped_synthetic,dataset3829,429.0,1,0.0
shipped_synthetic,dataset6503,33.0,3,2.7614563915473176e-06
shipped_synthetic,dataset6310,69.0,3,0.04943924068879776
shipped_synthetic,dataset8026,98.0,2,0.018549778326824005
shipped_synthetic,dataset1692,212.0,3,0.07163284172050352
shipped_synthetic,dataset12233,463.0,2,0.5883123827728861
shipped_synthetic,dataset2032,209.0,3,0.07572373511421279
shipped_synthetic,dataset3006,664.0,4,0.089180811354099
shipped_synthetic,dataset11113,295.0,2,0.5054856714735991
shipped_synthetic,dataset7234,97.0,4,6.99553874815331e-06
shipped_synthetic,dataset12746,5.0,1,
shipped_synthetic,dataset5119,412.0,2,0.4287671527799952
shipped_synthetic,dataset10142,13.0,2,1.3064660842505455e-06
shipped_synthetic,dataset13746,712.0,2,0.42724229091768434
shipped_synthetic,dataset13172,665.0,3,0.3228499188570088
shipped_synthetic,dataset2017,42.0,2,2.4250913059803675e-31
shipped_synthetic,dataset5374,131.0,3,0.000494362893414992
shipped_synthetic,dataset5950,6.0,2,0.0007852269648360433
shipped_synthetic,dataset13486,5.0,1,
shipped_synthetic,dataset10934,6.0,2,1.5269904157778152e-26
shipped_synthetic,dataset8582,24.0,2,0.0004590747588681172
shipped_synthetic,dataset8245,432.0,4,0.13746849743537295
shipped_synthetic,dataset1146,12.0,2,0.0
shipped_synthetic,dataset10774,39.0,2,0.10424754175219816
shipped_synthetic,dataset5999,68.0,4,0.01016551870149706
shipped_synthetic,dataset6198,602.0,2,0.6996585368188243
shipped_synthetic,dataset9096,25.0,2,1.886506807642472e-14
shipped_synthetic,dataset4313,20.0,2,0.01587837340761701
shipped_synthetic,dataset5703,28.0,3,0.03352826169084969
shipped_synthetic,dataset5971,185.0,3,0.1501240439444728
shipped_synthetic,dataset8892,5.0,1,
shipped_synthetic,dataset7538,11.0,3,0.000247887524214064
shipped_synthetic,dataset5154,5.0,1,
shipped_synthetic,dataset2424,197.0,3,0.009500366375493112
shipped_synthetic,dataset8853,70.0,1,0.0
shipped_synthetic,dataset11819,9.0,3,0.00014611509505409032
shipped_synthetic,dataset5885,605.0,3,0.20134469239827327
shipped_synthetic,dataset4279,104.0,5,0.023644319292025047
shipped_synthetic,dataset12012,26.0,2,0.000180298353093466
shipped_synthetic,dataset6430,171.0,4,0.08602054952452519
shipped_synthetic,dataset10063,9.0,3,0.00022980568992826713
shipped_synthetic,dataset2000,41.0,3,0.02092035611003368
shipped_synthetic,dataset13216,493.0,3,0.19946954824371355
shipped_synthetic,dataset9642,17.0,1,0.0
shipped_synthetic,dataset7736,12.0,4,2.0172624208419886e-14
shipped_synthetic,dataset4379,25.0,2,0.19524203955358477
shipped_synthetic,dataset621,19.0,4,7.991612569471436e-05
shipped_synthetic,dataset9633,10.0,3,3.1335646787588187e-11
shipped_synthetic,dataset1366,40.0,1,0.0
shipped_synthetic,dataset10789,315.0,4,0.12357274367694933
shipped_synthetic,dataset2081,31.0,2,0.016397071761787056
shipped_synthetic,dataset12670,37.0,5,0.0018644717382594513
shipped_synthetic,dataset9552,5.0,1,
shipped_synthetic,dataset1514,50.0,1,0.0
shipped_synthetic,dataset728,70.0,3,2.2246409748110984e-05
shipped_synthetic,dataset8402,395.0,2,0.06403558024775932
shipped_synthetic,dataset3359,9.0,3,3.630065277872914e-05
shipped_synthetic,dataset5519,52.0,3,0.0692816050661038
shipped_synthetic,dataset2617,12.0,4,0.005438800008492408
shipped_synthetic,dataset1176,97.0,1,0.0
shipped_synthetic,dataset7130,190.0,1,0.0
shipped_synthetic,dataset7186,6.0,2,1.7718240182019754e-06
shipped_synthetic,dataset7959,657.0,5,0.08014854221056318
shipped_synthetic,dataset4245,82.0,1,0.0
shipped_synthetic,dataset9836,60.0,3,0.1389491796412382
shipped_synthetic,dataset11999,114.0,2,0.020314872452988117
shipped_synthetic,dataset5761,40.0,4,0.0008440628611639565
shipped_synthetic,dataset4906,55.0,2,8.370598163990675e-06
shipped_synthetic,dataset2933,111.0,3,0.006580474247501106
shipped_synthetic,dataset12206,678.0,5,0.10297392524306745
shipped_synthetic,dataset10044,328.0,2,0.5041621699487666
shipped_synthetic,dataset4437,32.0,3,0.08176680893770374
shipped_synthetic,dataset1537,10.0,1,0.0
shipped_synthetic,dataset431,431.0,3,0.15159776761860919
shipped_synthetic,dataset5049,59.0,1,0.0
shipped_synthetic,dataset10651,82.0,3,0.05660290595783624
shipped_synthetic,dataset10186,19.0,4,9.794296264747019e-15
shipped_synthetic,dataset5053,5.0,1,
shipped_synthetic,dataset9445,82.0,2,0.3851168735781151
shipped_synthetic,dataset7147,486.0,3,0.023430499306258276
shipped_synthetic,dataset8329,153.0,3,0.053038758366672545
shipped_synthetic,dataset10770,63.0,1,0.0
shipped_synthetic,dataset6225,5.0,1,
shipped_synthetic,dataset13425,634.0,3,0.02204056381720797
shipped_synthetic,dataset2826,23.0,1,0.0
shipped_synthetic,dataset12162,301.0,4,0.08320996749573735
shipped_synthetic,dataset4788,9.0,1,0.0
shipped_synthetic,dataset13803,244.0,2,0.44810210314867394
shipped_synthetic,dataset93,52.0,3,1.635033827922903e-05
shipped_synthetic,dataset2467,138.0,1,0.0
shipped_synthetic,dataset13553,20.0,1,0.0
shipped_synthetic,dataset7154,12.0,4,3.82089626469628e-08
shipped_synthetic,dataset8684,175.0,4,0.05370280753004062
shipped_synthetic,dataset7445,40.0,3,0.003909724615355879
shipped_synthetic,dataset1813,46.0,1,0.0
shipped_synthetic,dataset2529,7.0,2,1.3212982945692862e-30
shipped_synthetic,dataset4647,523.0,3,0.27260058014753247
shipped_synthetic,dataset3427,59.0,2,0.14578016133522
shipped_synthetic,dataset3348,24.0,5,2.2473706526314996e-06
shipped_synthetic,dataset528,66.0,2,4.2515209004663753e-11
shipped_synthetic,dataset4855,8.0,2,0.003709065401273419
shipped_synthetic,dataset8161,52.0,3,0.021849828603603693
shipped_synthetic,dataset5989,420.0,2,0.09476643473989985
shipped_synthetic,dataset8864,599.0,2,0.3503212849123313
shipped_synthetic,dataset10560,52.0,3,0.016286811247300557
shipped_synthetic,dataset10438,56.0,5,0.0048583663496753636
shipped_synthetic,dataset8755,299.0,3,0.1856233078500249
shipped_synthetic,dataset11884,18.0,2,0.017306359943443296
shipped_synthetic,dataset11211,6.0,2,0.0028378730215517897
shipped_synthetic,dataset3786,50.0,1,0.0
shipped_synthetic,dataset8283,69.0,4,0.018187227717917358
shipped_synthetic,dataset9759,176.0,3,0.13170287443379594
shipped_synthetic,dataset10360,6.0,2,8.901610129688222e-69
shipped_synthetic,dataset9326,9.0,1,0.0
shipped_synthetic,dataset4988,413.0,4,0.14237671380424208
shipped_synthetic,dataset8914,261.0,3,0.026520146366429617
shipped_synthetic,dataset6291,138.0,3,0.07246009361996825
shipped_synthetic,dataset1360,196.0,4,0.09550860861652229
shipped_synthetic,dataset7810,8.0,2,1.3800551134636646e-07
shipped_synthetic,dataset1506,104.0,2,0.0014326099564698478
shipped_synthetic,dataset5833,51.0,3,0.02699224922464219
shipped_synthetic,dataset13309,189.0,2,0.2975193790450345
shipped_synthetic,dataset3605,29.0,3,0.005758997215694582
shipped_synthetic,dataset7525,45.0,1,0.0
shipped_synthetic,dataset10993,320.0,4,0.04574373127717135
shipped_synthetic,dataset6747,37.0,2,0.010220796506043786
shipped_synthetic,dataset1436,121.0,2,0.01784716718634219
shipped_synthetic,dataset3678,34.0,4,0.0014497993255544698
shipped_synthetic,dataset2655,14.0,2,0.000768179969349673
shipped_synthetic,dataset6076,58.0,4,0.0030341764421672377
shipped_synthetic,dataset255,75.0,3,0.020490638107733244
shipped_synthetic,dataset3908,117.0,3,0.08965421353054308
shipped_synthetic,dataset9489,464.0,3,0.029846760650096612
shipped_synthetic,dataset9362,41.0,3,0.0018991374712016762
shipped_synthetic,dataset8522,121.0,2,0.0004970491469396669
shipped_synthetic,dataset12029,301.0,3,0.14064658499649924
shipped_synthetic,dataset10103,34.0,2,0.0360638716927399
shipped_synthetic,dataset3481,48.0,2,1.1139255284775875e-11
shipped_synthetic,dataset5459,364.0,5,0.05773729769942178
shipped_synthetic,dataset10375,7.0,2,9.408868589736801e-18
shipped_synthetic,dataset3341,158.0,5,0.019829968976283852
shipped_synthetic,dataset6696,366.0,4,0.05810369382584443
shipped_synthetic,dataset299,25.0,5,0.0003166260090429584
shipped_synthetic,dataset11584,13.0,4,6.537318632425883e-07
shipped_synthetic,dataset2421,15.0,5,0.00718357476578405
shipped_synthetic,dataset13527,145.0,4,0.03958987377793245
shipped_synthetic,dataset11906,82.0,1,0.0
shipped_synthetic,dataset3752,106.0,3,0.056204125363334995
shipped_synthetic,dataset6161,504.0,4,0.0018483711954169705
shipped_synthetic,dataset8869,442.0,2,0.08182897093869088
shipped_synthetic,dataset866,94.0,4,0.027330062608779765
shipped_synthetic,dataset3695,5.0,1,
shipped_synthetic,dataset2764,5.0,1,
shipped_synthetic,dataset10583,20.0,3,3.146131047286394e-06
shipped_synthetic,dataset10454,18.0,3,0.0002372998521714694
shipped_synthetic,dataset10061,84.0,2,0.5500310525594801
shipped_synthetic,dataset13189,77.0,1,0.0
shipped_synthetic,dataset11326,19.0,1,0.0
shipped_synthetic,dataset10499,6.0,2,0.0012591937650279386
shipped_synthetic,dataset13158,392.0,2,0.5777859220702873
shipped_synthetic,dataset6163,27.0,1,0.0
shipped_synthetic,dataset2480,94.0,1,0.0
shipped_synthetic,dataset1065,235.0,3,0.03820195993347595
shipped_synthetic,dataset539,490.0,2,0.5714679010007861
shipped_synthetic,dataset8319,90.0,3,0.003541829631028849
shipped_synthetic,dataset3053,137.0,5,0.03549519535212024
shipped_synthetic,dataset10991,706.0,5,0.055748353781490456
shipped_synthetic,dataset5219,61.0,4,8.945532877686819e-07
shipped_synthetic,dataset4922,19.0,2,2.994825045909944e-07
shipped_synthetic,dataset6615,10.0,2,0.003635559370100793
shipped_synthetic,dataset12733,7.0,2,1.3019764349238609e-08
shipped_synthetic,dataset7276,93.0,3,0.01625019962329202
shipped_synthetic,dataset7962,137.0,3,0.012770874415104876
shipped_synthetic,dataset481,11.0,3,4.6012916022989606e-11
shipped_synthetic,dataset4164,37.0,3,0.03072392337518239
shipped_synthetic,dataset4447,9.0,2,0.000739060387645054
shipped_synthetic,dataset4739,101.0,4,0.09485881079909908
shipped_synthetic,dataset8613,42.0,1,0.0
shipped_synthetic,dataset8872,248.0,2,0.45675278779114464
shipped_synthetic,dataset11437,11.0,1,0.0
shipped_synthetic,dataset113,354.0,3,0.274276327018901
shipped_synthetic,dataset9884,28.0,3,0.030226858942135906
shipped_synthetic,dataset7952,378.0,1,0.0
shipped_synthetic,dataset582,261.0,4,0.05730330460267868
shipped_synthetic,dataset12774,226.0,2,0.3693790824424131
shipped_synthetic,dataset7645,270.0,2,0.44300452521431605
shipped_synthetic,dataset13410,43.0,2,0.002914236655077279
shipped_synthetic,dataset3626,6.0,2,0.00035089853543239746
shipped_synthetic,dataset13555,18.0,2,0.00019202920125580545
shipped_synthetic,dataset13134,9.0,1,0.0
shipped_synthetic,dataset12299,507.0,5,0.033593893417723744
shipped_synthetic,dataset11353,95.0,5,0.0494480648142632
shipped_synthetic,dataset2883,6.0,2,0.0002159887069681782
shipped_synthetic,dataset13112,346.0,2,0.33589798910422336
shipped_synthetic,dataset986,16.0,1,0.0
shipped_synthetic,dataset11023,84.0,2,0.5694566294694253
shipped_synthetic,dataset6502,25.0,1,0.0
shipped_synthetic,dataset4451,10.0,1,0.0
shipped_synthetic,dataset566,38.0,2,0.02590217618609776
shipped_synthetic,dataset9383,516.0,3,0.13840578058996697
shipped_synthetic,dataset11072,39.0,3,0.06595230820629931
shipped_synthetic,dataset10707,5.0,1,
shipped_synthetic,dataset10779,94.0,2,2.129191915817454e-12
shipped_synthetic,dataset6817,709.0,5,0.09178094428198923
shipped_synthetic,dataset13586,79.0,2,0.0004840112571534714
shipped_synthetic,dataset300,146.0,2,0.16599483104012058
shipped_synthetic,dataset494,36.0,1,0.0
shipped_synthetic,dataset11916,47.0,3,0.009250921398500077
shipped_synthetic,dataset810,5.0,1,
shipped_synthetic,dataset9337,109.0,4,0.016587644855826113
shipped_synthetic,dataset2400,10.0,3,9.196238290127388e-08
shipped_synthetic,dataset3129,12.0,2,0.00013330695053274762
shipped_synthetic,dataset6472,5.0,1,
shipped_synthetic,dataset1423,216.0,5,0.02016453686522878
shipped_synthetic,dataset549,38.0,1,0.0
shipped_synthetic,dataset3937,5.0,1,
shipped_synthetic,dataset5820,29.0,3,6.80810781091232e-05
shipped_synthetic,dataset2232,254.0,4,0.13663566272956587
shipped_synthetic,dataset4979,54.0,2,0.19082492572897142
shipped_synthetic,dataset13089,75.0,2,0.029388360054254964
shipped_synthetic,dataset4452,32.0,4,3.7738840758628085e-07
shipped_synthetic,dataset2224,281.0,1,0.0
shipped_synthetic,dataset8750,7.0,2,0.01074062221303503
shipped_synthetic,dataset7475,37.0,4,0.00017285822509980784
shipped_synthetic,dataset4936,10.0,3,1.2192566345458433e-11
shipped_synthetic,dataset7812,223.0,3,0.02550614373742274
shipped_synthetic,dataset4408,378.0,2,0.11721607007286253
shipped_synthetic,dataset4010,61.0,4,0.009926731266411139
shipped_synthetic,dataset12323,509.0,4,0.004071430417652908
shipped_synthetic,dataset6049,30.0,2,0.038407843555087376
shipped_synthetic,dataset7233,113.0,1,0.0
shipped_synthetic,dataset8801,32.0,3,0.08927971289459273
shipped_synthetic,dataset7811,77.0,3,0.0016720157302220389
shipped_synthetic,dataset3309,64.0,2,1.4214857240358895e-05
shipped_synthetic,dataset8813,12.0,4,0.0035228559046696292
shipped_synthetic,dataset10704,22.0,4,0.0002874927152505205
shipped_synthetic,dataset8418,96.0,2,0.31544990891733216
shipped_synthetic,dataset7098,37.0,3,0.10892628720470664
shipped_synthetic,dataset4528,85.0,2,0.0341261200660241
shipped_synthetic,dataset12188,10.0,2,6.327890473676799e-08
shipped_synthetic,dataset450,329.0,2,0.004770203873115567
shipped_synthetic,dataset3132,16.0,1,0.0
shipped_synthetic,dataset13196,162.0,3,5.73938501472564e-05
shipped_synthetic,dataset12213,99.0,3,0.003623758530194116
shipped_synthetic,dataset3705,140.0,3,0.184685038675957
shipped_synthetic,dataset10632,90.0,2,0.31793858687935184
shipped_synthetic,dataset8855,118.0,3,0.0018931673563709374
shipped_synthetic,dataset2353,9.0,3,7.421095178742745e-86
shipped_synthetic,dataset8856,306.0,4,0.09992262832807379
shipped_synthetic,dataset1875,64.0,2,3.01354790701155e-12
shipped_synthetic,dataset12863,39.0,3,0.0014846500595349923
shipped_synthetic,dataset11350,621.0,3,0.09015811290274343
shipped_synthetic,dataset11513,262.0,2,0.19417697591333044
shipped_synthetic,dataset2282,17.0,4,5.690993260554942e-22
shipped_synthetic,dataset8417,29.0,2,0.0012730758894012866
shipped_synthetic,dataset6179,16.0,5,0.0011836897671898112
shipped_synthetic,dataset10589,245.0,2,0.5590007988850624
shipped_synthetic,dataset11798,11.0,3,1.672261688538449e-14
shipped_synthetic,dataset338,16.0,2,0.026759402956768607
shipped_synthetic,dataset11428,51.0,1,0.0
shipped_synthetic,dataset5798,14.0,3,0.0007309297257010192
shipped_synthetic,dataset2819,17.0,5,2.0149486560130175e-05
shipped_synthetic,dataset1203,218.0,2,0.12923486406916748
shipped_synthetic,dataset2250,543.0,5,0.1368820714524569
shipped_synthetic,dataset10099,138.0,2,0.07273522034999616
shipped_synthetic,dataset2036,20.0,1,0.0
shipped_synthetic,dataset10697,221.0,2,0.0915867685900256
shipped_synthetic,dataset3015,77.0,3,0.009386145149271139
shipped_synthetic,dataset10006,78.0,5,0.0014962592942212864
shipped_synthetic,dataset9532,90.0,4,0.014629972586418412
shipped_synthetic,dataset873,24.0,2,3.441037518433004e-21
shipped_synthetic,dataset12679,14.0,4,1.12823271046364e-09
shipped_synthetic,dataset10421,58.0,4,0.002951915265205208
shipped_synthetic,dataset8160,313.0,1,0.0
shipped_synthetic,dataset3934,62.0,2,0.03215227790219827
shipped_synthetic,dataset476,74.0,3,0.12203735214758828
shipped_synthetic,dataset580,27.0,3,0.007282682703747506
shipped_synthetic,dataset175,76.0,1,0.0
shipped_synthetic,dataset7843,283.0,5,0.08469248120754555
shipped_synthetic,dataset7335,20.0,2,0.07734116263560156
shipped_synthetic,dataset11769,6.0,2,2.439111188920373e-05
shipped_synthetic,dataset12365,32.0,5,0.0118527972382874
shipped_synthetic,dataset154,29.0,1,0.0
shipped_synthetic,dataset2093,28.0,2,3.116820598488662e-05
shipped_synthetic,dataset9269,11.0,3,4.6626285989183166e-27
shipped_synthetic,dataset6406,63.0,1,0.0
shipped_synthetic,dataset2283,8.0,2,1.7535652448735939e-66
shipped_synthetic,dataset13466,8.0,2,4.5949961142835163e-10
shipped_synthetic,dataset8254,10.0,1,0.0
shipped_synthetic,dataset170,47.0,2,0.001431720562940325
shipped_synthetic,dataset7520,16.0,5,6.374530518388597e-05
shipped_synthetic,dataset588,21.0,1,0.0
shipped_synthetic,dataset11555,208.0,5,0.0031089461868524593
shipped_synthetic,dataset8058,199.0,1,0.0
shipped_synthetic,dataset12074,419.0,1,0.0
shipped_synthetic,dataset2499,7.0,2,0.0015583209944017185
shipped_synthetic,dataset1933,30.0,1,0.0
shipped_synthetic,dataset3690,39.0,3,6.744571497618729e-05
shipped_synthetic,dataset6821,8.0,2,3.365845911223844e-05
shipped_synthetic,dataset6798,13.0,4,0.0035455708415280747
shipped_synthetic,dataset6498,6.0,2,1.759413079653524e-06
shipped_synthetic,dataset7399,28.0,5,5.583342784072808e-05
shipped_synthetic,dataset1085,60.0,1,0.0
shipped_synthetic,dataset10209,389.0,3,0.14936403843992985
shipped_synthetic,dataset9439,111.0,3,0.007629470928534863
shipped_synthetic,dataset10534,37.0,2,0.03691727753698029
shipped_synthetic,dataset9498,16.0,5,8.127933963185888e-11
shipped_synthetic,dataset11531,13.0,3,0.002219724436052359
shipped_synthetic,dataset4796,252.0,2,3.967935608659833e-05
shipped_synthetic,dataset5991,376.0,3,0.0018165481123596184
shipped_synthetic,dataset8048,272.0,2,0.5286726074619279
shipped_synthetic,dataset2462,707.0,3,0.2039901191933711
shipped_synthetic,dataset4027,78.0,4,0.07096073731951422
shipped_synthetic,dataset3340,450.0,2,7.307304423793896e-05
shipped_synthetic,dataset5345,456.0,4,0.10759608648809327
shipped_synthetic,dataset3087,193.0,2,0.015828570894314935
shipped_synthetic,dataset7366,444.0,4,0.13446292225536208
shipped_synthetic,dataset12236,348.0,1,0.0
shipped_synthetic,dataset5562,143.0,4,0.0020057206161567935
shipped_synthetic,dataset2220,87.0,2,1.2102422047987458e-06
shipped_synthetic,dataset12168,9.0,3,0.00018378688852843574
shipped_synthetic,dataset6872,18.0,4,3.349652560661373e-05
shipped_synthetic,dataset2508,28.0,1,0.0
shipped_synthetic,dataset7131,138.0,2,0.16081441604353727
shipped_synthetic,dataset4602,309.0,2,6.916132122291882e-08
shipped_synthetic,dataset1946,378.0,3,0.16075266165048285
shipped_synthetic,dataset4100,11.0,2,0.00031505420838497865
shipped_synthetic,dataset5563,46.0,2,0.03356549489237597
shipped_synthetic,dataset4349,8.0,2,5.5111901177110006e-09
shipped_synthetic,dataset2975,42.0,3,0.009811078716282607
shipped_synthetic,dataset2458,196.0,4,0.00791812089857498
shipped_synthetic,dataset4116,27.0,3,0.0016440731564660524
shipped_synthetic,dataset8093,17.0,2,0.014730075670480885
shipped_synthetic,dataset7690,585.0,1,0.0
shipped_synthetic,dataset6592,15.0,2,1.3033071714737389e-15
shipped_synthetic,dataset7583,470.0,2,0.49889509927264164
shipped_synthetic,dataset1780,16.0,4,0.0004811680581843674
shipped_synthetic,dataset1673,40.0,2,0.35743431335438225
shipped_synthetic,dataset10840,18.0,3,0.0020515303011116822
shipped_synthetic,dataset2425,90.0,1,0.0
shipped_synthetic,dataset5580,12.0,4,0.00031978673879365165
shipped_synthetic,dataset12619,34.0,4,0.0011193152478748494
shipped_synthetic,dataset11614,144.0,3,0.020895637625287487
shipped_synthetic,dataset13755,47.0,2,0.01562595639622658
shipped_synthetic,dataset6924,273.0,2,0.4336420506295643
shipped_synthetic,dataset7694,186.0,3,0.10503500238633912
shipped_synthetic,dataset12925,22.0,1,0.0
shipped_synthetic,dataset5491,117.0,3,0.027411019584200492
shipped_synthetic,dataset5382,469.0,2,0.5621053844014582
shipped_synthetic,dataset10023,6.0,1,0.0
shipped_synthetic,dataset10749,11.0,1,0.0
shipped_synthetic,dataset12938,619.0,4,0.11970727876630766
shipped_synthetic,dataset629,23.0,1,0.0
shipped_synthetic,dataset11734,52.0,2,0.0018518950226848194
shipped_synthetic,dataset1519,161.0,1,0.0
shipped_synthetic,dataset7925,9.0,3,0.010915273532608688
shipped_synthetic,dataset8138,79.0,1,0.0
shipped_synthetic,dataset12350,611.0,4,0.06677631433846738
shipped_synthetic,dataset8578,32.0,2,0.17150037164263704
shipped_synthetic,dataset12640,50.0,2,2.7269414504065375e-05
shipped_synthetic,dataset6690,8.0,2,1.556571586816323e-05
shipped_synthetic,dataset188,55.0,3,0.023871350625420756
shipped_synthetic,dataset10304,34.0,2,0.03514460975070803
shipped_synthetic,dataset13647,56.0,3,0.003950831643577813
shipped_synthetic,dataset5173,210.0,1,0.0
shipped_synthetic,dataset3385,98.0,2,0.30215034213134784
shipped_synthetic,dataset7295,699.0,2,0.029500622852732156
shipped_synthetic,dataset8065,86.0,5,0.021357611035178865
shipped_synthetic,dataset3891,110.0,3,0.014158202580791144
shipped_synthetic,dataset2158,261.0,3,0.20360858338869434
shipped_synthetic,dataset13423,182.0,1,0.0
shipped_synthetic,dataset7684,252.0,5,0.0005060384882611308
shipped_synthetic,dataset4059,17.0,3,0.00017298875763600258
shipped_synthetic,dataset8346,30.0,1,0.0
shipped_synthetic,dataset10254,41.0,1,0.0
shipped_synthetic,dataset4561,11.0,2,7.2299936023922064e-06
shipped_synthetic,dataset11560,22.0,3,0.029935609871657238
shipped_synthetic,dataset13178,13.0,3,6.317997450025683e-05
shipped_synthetic,dataset10238,25.0,3,0.033593291228505476
shipped_synthetic,dataset9568,730.0,2,0.5915168067403329
shipped_synthetic,dataset9261,479.0,2,0.6716587065375428
shipped_synthetic,dataset6085,274.0,5,0.02895479869997376
shipped_synthetic,dataset7835,86.0,4,0.034867752137353394
shipped_synthetic,dataset360,243.0,3,0.1063616520687558
shipped_synthetic,dataset10285,29.0,4,9.058675828382759e-05
shipped_synthetic,dataset5671,9.0,3,1.8427855815878893e-05
shipped_synthetic,dataset4442,13.0,4,0.0025025211655403013
shipped_synthetic,dataset11091,23.0,2,0.05104475386615906
shipped_synthetic,dataset1656,10.0,3,0.00010082921226243872
shipped_synthetic,dataset13330,38.0,1,0.0
shipped_synthetic,dataset9600,204.0,1,0.0
shipped_synthetic,dataset11474,165.0,4,0.018807974360658647
shipped_synthetic,dataset4627,41.0,4,0.00011147183265291804
shipped_synthetic,dataset1115,252.0,3,0.1953975372301361
shipped_synthetic,dataset12085,534.0,2,0.00022436160597073742
shipped_synthetic,dataset3249,10.0,2,9.93528569163675e-05
shipped_synthetic,dataset11524,49.0,3,2.057292619482651e-05
shipped_synthetic,dataset4346,472.0,1,0.0
shipped_synthetic,dataset6057,175.0,1,0.0
shipped_synthetic,dataset2496,11.0,3,0.00010680191769949247
shipped_synthetic,dataset12129,541.0,2,0.4618111010389286
shipped_synthetic,dataset3628,731.0,5,0.017021592177989087
shipped_synthetic,dataset12575,155.0,4,0.009813801726426192
shipped_synthetic,dataset11868,566.0,5,0.06188563809298786
shipped_synthetic,dataset3282,128.0,3,0.006518025798444846
shipped_synthetic,dataset9872,9.0,3,0.002231234680628809
shipped_synthetic,dataset9637,478.0,2,0.3172459333814216
shipped_synthetic,dataset5618,64.0,2,0.02534473021496003
shipped_synthetic,dataset5416,67.0,2,0.03933051678305284
shipped_synthetic,dataset12741,370.0,3,0.20362641567706577
shipped_synthetic,dataset5144,242.0,3,0.022940873389578977
shipped_synthetic,dataset5917,118.0,4,0.040012144503532736
shipped_synthetic,dataset13684,6.0,2,0.00026745634841124084
shipped_synthetic,dataset8196,15.0,2,0.0011748043993664759
shipped_synthetic,dataset652,734.0,5,0.09269112079509474
shipped_synthetic,dataset2772,616.0,5,0.055163254120169335
shipped_synthetic,dataset11451,6.0,2,7.812884250722125e-05
shipped_synthetic,dataset6776,54.0,2,0.001929952178634078
shipped_synthetic,dataset9207,148.0,2,0.013524717060900814
shipped_synthetic,dataset4596,103.0,4,0.022385012856637434
shipped_synthetic,dataset6950,96.0,2,2.6380995275402807e-06
shipped_synthetic,dataset8596,28.0,4,5.472845498353992e-06
shipped_synthetic,dataset1311,39.0,3,0.0015911750609152566
shipped_synthetic,dataset1667,7.0,2,0.00025639109482645205
shipped_synthetic,dataset10319,182.0,4,0.0036604803315285588
shipped_synthetic,dataset7355,92.0,2,0.003767916258600435
shipped_synthetic,dataset8766,745.0,2,0.5731492663455448
shipped_synthetic,dataset1212,18.0,3,0.027886452138393827
shipped_synthetic,dataset6135,405.0,2,0.6487523832924712
shipped_synthetic,dataset6815,61.0,2,0.0056503278139328275
shipped_synthetic,dataset1588,222.0,1,0.0
shipped_synthetic,dataset11304,7.0,2,3.48570403657084e-08
shipped_synthetic,dataset4185,28.0,1,0.0
shipped_synthetic,dataset8812,5.0,1,
shipped_synthetic,dataset9662,26.0,2,8.505533146567555e-21
shipped_synthetic,dataset7926,249.0,2,0.4403223459110582
shipped_synthetic,dataset8031,472.0,2,0.025957622247976576
shipped_synthetic,dataset11912,627.0,3,0.20052443754972318
shipped_synthetic,dataset6411,11.0,1,0.0
shipped_synthetic,dataset13338,248.0,2,0.026161180709967025
shipped_synthetic,dataset1091,69.0,5,0.00026030555447061337
shipped_synthetic,dataset13015,131.0,2,0.008156824830356443
shipped_synthetic,dataset330,113.0,3,0.055993575521870266
shipped_synthetic,dataset7467,283.0,2,0.35587755816756017
shipped_synthetic,dataset4157,126.0,3,0.009215122414747005
shipped_synthetic,dataset6329,10.0,3,0.0009479323901575303
shipped_synthetic,dataset3283,55.0,2,0.00012011574063743347
shipped_synthetic,dataset6210,176.0,4,0.06094912302625185
shipped_synthetic,dataset11972,7.0,2,7.953863344028284e-15
shipped_synthetic,dataset13642,78.0,4,0.024285723158289346
shipped_synthetic,dataset12897,137.0,4,0.02930668421509799
shipped_synthetic,dataset8378,6.0,1,0.0
shipped_synthetic,dataset13111,265.0,3,0.0577827403853243
shipped_synthetic,dataset5976,18.0,1,0.0
shipped_synthetic,dataset10267,59.0,1,0.0
shipped_synthetic,dataset10985,278.0,5,0.009129355312422729
shipped_synthetic,dataset11581,56.0,4,0.005097985732226313
shipped_synthetic,dataset5864,87.0,1,0.0
shipped_synthetic,dataset7901,24.0,2,0.025349002859807006
shipped_synthetic,dataset4009,99.0,4,0.04832281917421016
shipped_synthetic,dataset7065,448.0,2,0.6675084076146178
shipped_synthetic,dataset9931,56.0,4,0.025490879799228733
shipped_synthetic,dataset12862,646.0,3,0.32460309718405905
shipped_synthetic,dataset11515,36.0,1,0.0
shipped_synthetic,dataset9448,75.0,2,0.12363133926827877
shipped_synthetic,dataset6252,596.0,4,0.08226703957564722
shipped_synthetic,dataset13605,15.0,1,0.0
shipped_synthetic,dataset2510,13.0,4,2.0952152902251605e-06
shipped_synthetic,dataset3211,145.0,2,0.0027657101376303552
shipped_synthetic,dataset4152,407.0,4,0.09018665283517008
shipped_synthetic,dataset10461,40.0,4,0.037615663862851534
shipped_synthetic,dataset10672,37.0,2,0.0063821484234611245
shipped_synthetic,dataset11441,638.0,3,0.37946352126886157
shipped_synthetic,dataset10561,19.0,1,0.0
shipped_synthetic,dataset9196,48.0,5,0.004047496711956424
shipped_synthetic,dataset6234,431.0,5,0.024744918294143176
shipped_synthetic,dataset1417,40.0,1,0.0
shipped_synthetic,dataset9962,73.0,2,0.08069238713353862
shipped_synthetic,dataset12593,67.0,2,0.015409734546675375
shipped_synthetic,dataset1533,185.0,3,0.010537817255217885
shipped_synthetic,dataset7339,23.0,4,0.0005432224345593664
shipped_synthetic,dataset7987,192.0,4,0.06127458887508657
shipped_synthetic,dataset2041,400.0,3,0.05746876583777281
shipped_synthetic,dataset6128,32.0,1,0.0
shipped_synthetic,dataset13664,20.0,2,9.487824816342557e-07
shipped_synthetic,dataset6832,7.0,2,3.91521254749507e-13
shipped_synthetic,dataset5324,247.0,5,0.009644931820061438
shipped_synthetic,dataset11746,89.0,5,0.03151422063606686
shipped_synthetic,dataset13652,23.0,3,0.00021962977520100427
shipped_synthetic,dataset4756,45.0,1,0.0
shipped_synthetic,dataset13382,575.0,5,0.10018916956206278
shipped_synthetic,dataset7755,10.0,1,0.0
shipped_synthetic,dataset12067,82.0,2,0.20318528698608243
shipped_synthetic,dataset11755,20.0,4,1.015070224566191e-24
shipped_synthetic,dataset11495,240.0,3,0.13592164902314444
shipped_synthetic,dataset3981,10.0,3,9.206930905141844e-06
shipped_synthetic,dataset7570,152.0,2,0.25699943475965764
shipped_synthetic,dataset8652,14.0,3,0.0031913867668374334
shipped_synthetic,dataset2382,115.0,3,0.10304370821275681
shipped_synthetic,dataset11815,221.0,3,0.1611089126415268
shipped_synthetic,dataset4057,183.0,4,0.037791039822415134
shipped_synthetic,dataset3479,44.0,3,0.0005970020999632858
shipped_synthetic,dataset12730,698.0,3,0.3649645703541251
shipped_synthetic,dataset6506,185.0,2,0.3151099782621034
shipped_synthetic,dataset8528,91.0,2,0.02369450293116504
shipped_synthetic,dataset9157,161.0,3,0.015085202002854535
shipped_synthetic,dataset3747,17.0,3,0.0009425506616830079
shipped_synthetic,dataset87,185.0,4,0.12173122909929503
shipped_synthetic,dataset9920,286.0,5,0.054421579711979584
shipped_synthetic,dataset6467,142.0,2,0.2609974094579858
shipped_synthetic,dataset11450,11.0,3,0.00010520068018532474
shipped_synthetic,dataset5997,69.0,2,0.5164852110769395
shipped_synthetic,dataset12441,652.0,3,0.2280990463555729
shipped_synthetic,dataset4137,176.0,3,0.027849504374819797
shipped_synthetic,dataset5232,5.0,1,
shipped_synthetic,dataset8798,76.0,2,0.001051149179785682
shipped_synthetic,dataset5018,286.0,4,0.025574850944007233
shipped_synthetic,dataset12342,4.0,1,
shipped_synthetic,dataset1543,242.0,2,4.070193084989539e-07
shipped_synthetic,dataset5469,525.0,4,0.08426116022473007
shipped_synthetic,dataset8033,11.0,3,4.697235077774805e-15
shipped_synthetic,dataset13716,65.0,2,0.06769487628022802
shipped_synthetic,dataset13107,37.0,4,0.003402106375598365
shipped_synthetic,dataset11479,64.0,1,0.0
shipped_synthetic,dataset3443,6.0,2,3.2665561492783624e-05
shipped_synthetic,dataset6476,169.0,3,3.902167219644816e-05
shipped_synthetic,dataset13195,59.0,3,0.12162333238859054
shipped_synthetic,dataset4885,92.0,2,0.030674198897556862
shipped_synthetic,dataset13648,305.0,2,0.5161439245583251
shipped_synthetic,dataset8719,5.0,1,
shipped_synthetic,dataset12859,251.0,3,0.0261802814187507
shipped_synthetic,dataset6606,575.0,5,0.03182372701775469
shipped_synthetic,dataset4300,265.0,3,0.08536896752277906
shipped_synthetic,dataset12106,12.0,1,0.0
shipped_synthetic,dataset1132,11.0,3,3.3762032039187075e-09
shipped_synthetic,dataset13485,23.0,1,0.0
shipped_synthetic,dataset10977,663.0,3,0.17000564097747514
shipped_synthetic,dataset12053,103.0,5,0.042905447465780934
shipped_synthetic,dataset6854,378.0,4,0.13161594978656688
shipped_synthetic,dataset11693,13.0,4,0.0022513192822160473
shipped_synthetic,dataset13710,94.0,3,0.12665550419056762
shipped_synthetic,dataset1573,410.0,4,0.14483666828180994
shipped_synthetic,dataset2824,246.0,4,0.07949949717866238
shipped_synthetic,dataset8268,198.0,3,0.1660285218481788
shipped_synthetic,dataset4476,47.0,4,0.007992574831189668
shipped_synthetic,dataset4,34.0,2,0.22341044114955294
shipped_synthetic,dataset10079,654.0,5,0.1113618297945008
shipped_synthetic,dataset4036,24.0,2,3.3647196815910136e-07
shipped_synthetic,dataset804,30.0,4,0.00036954056953080925
shipped_synthetic,dataset9686,8.0,2,9.33288813341278e-05
shipped_synthetic,dataset9316,369.0,2,0.49854068116416106
shipped_synthetic,dataset9097,199.0,3,0.0021776917287931433
shipped_synthetic,dataset13283,100.0,3,0.10887108959477036
shipped_synthetic,dataset6552,69.0,2,0.00017463024548930645
shipped_synthetic,dataset7818,675.0,3,0.1196947885589535
shipped_synthetic,dataset3598,59.0,3,0.004097837852067074
shipped_synthetic,dataset9859,705.0,5,0.11027355425953526
shipped_synthetic,dataset10076,198.0,2,0.29131553541179267
shipped_synthetic,dataset914,220.0,2,0.5253137044685829
shipped_synthetic,dataset7911,246.0,4,0.05854828971626761
shipped_synthetic,dataset3943,278.0,4,0.09896341580178845
shipped_synthetic,dataset9258,8.0,2,0.003124903870142643
shipped_synthetic,dataset745,41.0,1,0.0
shipped_synthetic,dataset11664,28.0,3,8.470285946119414e-05
shipped_synthetic,dataset9944,5.0,1,
shipped_synthetic,dataset6943,24.0,5,0.007272798205632441
shipped_synthetic,dataset12315,13.0,2,0.0010065362565523494
shipped_synthetic,dataset7919,402.0,3,0.36594900926562063
shipped_synthetic,dataset12632,80.0,3,0.010157272295030864
shipped_synthetic,dataset6512,210.0,4,0.06984125471750673
shipped_synthetic,dataset3455,23.0,4,1.3670794398852448e-05
shipped_synthetic,dataset8898,22.0,2,8.686700159670648e-05
shipped_synthetic,dataset12600,503.0,3,0.10315774719953774
shipped_synthetic,dataset5288,7.0,2,1.8791503085108617e-08
shipped_synthetic,dataset13739,233.0,4,0.06731012060307939
shipped_synthetic,dataset10662,162.0,3,0.047275626418998296
shipped_synthetic,dataset3027,458.0,4,0.09916905847921055
shipped_synthetic,dataset11069,267.0,1,0.0
shipped_synthetic,dataset13071,399.0,2,0.5150288492882873
shipped_synthetic,dataset7244,86.0,1,0.0
shipped_synthetic,dataset3542,609.0,3,0.10185709080263604
shipped_synthetic,dataset6134,510.0,3,0.21327265272223994
shipped_synthetic,dataset884,69.0,1,0.0
shipped_synthetic,dataset1087,8.0,2,0.07318225997763117
shipped_synthetic,dataset5637,111.0,4,0.011593936220810007
shipped_synthetic,dataset6862,342.0,5,0.09753211744604413
shipped_synthetic,dataset3753,179.0,3,0.01115728941363911
shipped_synthetic,dataset4255,12.0,4,3.926922470965791e-09
shipped_synthetic,dataset9883,6.0,2,0.0015372647578314553
shipped_synthetic,dataset1783,27.0,2,1.0234201815930963e-07
shipped_synthetic,dataset2775,458.0,2,0.811980135693966
shipped_synthetic,dataset7124,12.0,2,3.773688935209141e-06
shipped_synthetic,dataset3360,615.0,3,0.2874459745866
shipped_synthetic,dataset3868,14.0,3,0.05632118869002975
shipped_synthetic,dataset705,105.0,2,0.004406982832043351
shipped_synthetic,dataset1932,52.0,5,0.0030954309982413352
shipped_synthetic,dataset10041,353.0,3,0.25374097643519183
shipped_synthetic,dataset5537,608.0,5,0.09145451114200814
shipped_synthetic,dataset11870,24.0,1,0.0
shipped_synthetic,dataset9025,63.0,5,0.009089237232491007
shipped_synthetic,dataset5992,13.0,4,7.410626047445452e-15
shipped_synthetic,dataset6022,30.0,1,0.0
shipped_synthetic,dataset1396,739.0,4,0.14514971735196414
shipped_synthetic,dataset12540,14.0,4,2.890981359039724e-07
shipped_synthetic,dataset9521,10.0,3,1.7502167594343164e-09
shipped_synthetic,dataset12170,210.0,2,0.002367276231912221
shipped_synthetic,dataset942,53.0,2,0.0002770102362178352
shipped_synthetic,dataset8732,21.0,5,0.006695269919188747
shipped_synthetic,dataset10732,111.0,2,2.832970062135741e-07
shipped_synthetic,dataset10924,609.0,5,0.04720407986043916
shipped_synthetic,dataset8403,19.0,5,0.007240933346516321
shipped_synthetic,dataset7152,384.0,5,0.09385986767662904
shipped_synthetic,dataset12031,334.0,3,0.1008926979511237
shipped_synthetic,dataset1092,78.0,2,0.06511710249963037
shipped_synthetic,dataset1737,17.0,1,0.0
shipped_synthetic,dataset13159,712.0,1,0.0
shipped_synthetic,dataset8602,13.0,3,0.00012638077946231345
shipped_synthetic,dataset8212,7.0,2,0.0014508922040506014
shipped_synthetic,dataset722,35.0,5,0.0018766474846594252
shipped_synthetic,dataset11785,170.0,4,0.08066823006687528
shipped_synthetic,dataset7328,249.0,3,0.0012473071253609883
shipped_synthetic,dataset12059,7.0,2,1.1543704933345697e-101
shipped_synthetic,dataset1972,648.0,4,0.17698320510478105
shipped_synthetic,dataset4103,48.0,5,0.0007379777926032728
shipped_synthetic,dataset5257,9.0,1,0.0
shipped_synthetic,dataset6030,583.0,3,0.12873030103922048
shipped_synthetic,dataset9934,16.0,4,3.0347199771910113e-06
shipped_synthetic,dataset8928,355.0,2,0.5557656353325486
shipped_synthetic,dataset11096,7.0,2,3.433151076985616e-08
shipped_synthetic,dataset6613,87.0,4,0.03532655251451663
shipped_synthetic,dataset3828,22.0,1,0.0
shipped_synthetic,dataset6939,18.0,2,0.017607904639644345
shipped_synthetic,dataset2365,34.0,1,0.0
shipped_synthetic,dataset6092,741.0,2,0.12752706603127223
shipped_synthetic,dataset1577,186.0,3,0.2126296168622096
shipped_synthetic,dataset1816,150.0,1,0.0
shipped_synthetic,dataset12361,32.0,3,3.953655127517462e-06
shipped_synthetic,dataset13767,135.0,1,0.0
shipped_synthetic,dataset4752,131.0,3,0.018751317226132314
shipped_synthetic,dataset5202,117.0,2,0.19457029720352745
shipped_synthetic,dataset7907,85.0,2,0.06402928330369693
shipped_synthetic,dataset1729,92.0,3,2.343882871374359e-06
shipped_synthetic,dataset7112,4.0,1,
shipped_synthetic,dataset2842,6.0,2,0.00024037638836859823
shipped_synthetic,dataset3048,157.0,3,0.15348428321028193
shipped_synthetic,dataset6173,663.0,4,0.04445266101659497
shipped_synthetic,dataset6727,706.0,2,0.5836456841930469
shipped_synthetic,dataset7516,85.0,5,0.04657007727992383
shipped_synthetic,dataset920,24.0,1,0.0
shipped_synthetic,dataset10503,100.0,3,0.0007405201798557885
shipped_synthetic,dataset1229,11.0,1,0.0
shipped_synthetic,dataset11170,514.0,5,0.05092059535230398
shipped_synthetic,dataset3733,40.0,1,0.0
shipped_synthetic,dataset12203,490.0,2,0.5057741675396153
shipped_synthetic,dataset13165,105.0,1,0.0
shipped_synthetic,dataset5265,170.0,4,0.009099405090947131
shipped_synthetic,dataset8198,8.0,1,0.0
shipped_synthetic,dataset10556,98.0,5,0.016032738437268587
shipped_synthetic,dataset12631,323.0,3,0.2212971172197374
shipped_synthetic,dataset6350,25.0,1,0.0
shipped_synthetic,dataset5939,137.0,4,0.04060305991248526
shipped_synthetic,dataset13058,26.0,1,0.0
shipped_synthetic,dataset9193,56.0,2,0.00023645391156997466
shipped_synthetic,dataset10434,29.0,3,0.0025509800627303786
shipped_synthetic,dataset2407,229.0,3,0.2344623128849752
shipped_synthetic,dataset5780,315.0,2,0.5410919725959056
shipped_synthetic,dataset2762,342.0,3,0.02222558872815623
shipped_synthetic,dataset7439,12.0,4,0.0015137727041049443
shipped_synthetic,dataset6319,9.0,2,1.4462901176920168e-11
shipped_synthetic,dataset9652,15.0,3,9.448388308652756e-06
shipped_synthetic,dataset9658,183.0,2,0.2687068865702649
shipped_synthetic,dataset3735,496.0,5,0.03376537847171934
shipped_synthetic,dataset12194,18.0,1,0.0
shipped_synthetic,dataset11105,185.0,2,0.1544641500856973
shipped_synthetic,dataset13624,64.0,2,0.02396216601739926
shipped_synthetic,dataset8258,445.0,3,0.3244827797117831
shipped_synthetic,dataset3095,377.0,4,0.004329731518954116
shipped_synthetic,dataset7550,724.0,4,0.1170784735568637
shipped_synthetic,dataset3330,40.0,2,0.008629560187644594
shipped_synthetic,dataset7209,35.0,4,0.022907709039558563
shipped_synthetic,dataset2235,49.0,1,0.0
shipped_synthetic,dataset7389,613.0,5,0.09216917376585916
shipped_synthetic,dataset6393,43.0,2,0.003092551045465572
shipped_synthetic,dataset10932,6.0,2,0.0003069534221449473
shipped_synthetic,dataset7228,39.0,1,0.0
shipped_synthetic,dataset5691,113.0,4,0.06464268100152297
shipped_synthetic,dataset4188,6.0,2,1.6755980519967563e-10
shipped_synthetic,dataset11760,39.0,4,0.007381780637236049
shipped_synthetic,dataset2814,163.0,4,0.07350008545520013
shipped_synthetic,dataset7255,552.0,3,0.1091769812509556
shipped_synthetic,dataset11184,12.0,2,0.0005631763284837997
shipped_synthetic,dataset7617,28.0,3,0.00015141735900518486
shipped_synthetic,dataset9972,15.0,2,0.0008509073037931606
shipped_synthetic,dataset186,16.0,5,1.5266205469292167e-11
shipped_synthetic,dataset6843,10.0,2,0.0007156033010488898
shipped_synthetic,dataset9755,261.0,2,0.0009514206467548824
shipped_synthetic,dataset12964,158.0,3,0.004150589099109806
shipped_synthetic,dataset12099,17.0,1,0.0
shipped_synthetic,dataset12923,10.0,3,0.0017130295915627725
shipped_synthetic,dataset5102,6.0,2,2.70476932919925e-06
shipped_synthetic,dataset3572,379.0,2,0.5123422526655401
shipped_synthetic,dataset1030,16.0,2,4.8493515346068524e-05
shipped_synthetic,dataset9634,31.0,1,0.0
shipped_synthetic,dataset13447,95.0,3,6.366975027042938e-13
shipped_synthetic,dataset5271,63.0,2,0.0008856369691967985
shipped_synthetic,dataset3864,41.0,2,0.1601842001892155
shipped_synthetic,dataset13085,687.0,4,0.12370163394030105
shipped_synthetic,dataset9748,82.0,2,0.0008795458633598372
shipped_synthetic,dataset11461,133.0,1,0.0
shipped_synthetic,dataset2684,60.0,1,0.0
shipped_synthetic,dataset9199,191.0,4,0.04474381039924972
shipped_synthetic,dataset13439,232.0,3,0.04132008663500027
shipped_synthetic,dataset5319,36.0,3,0.0004775734101046267
shipped_synthetic,dataset4950,14.0,4,5.774980945132895e-07
shipped_synthetic,dataset10811,28.0,3,0.0915719517144058
shipped_synthetic,dataset4518,694.0,4,0.14211282088144583
shipped_synthetic,dataset5400,15.0,5,6.839278576243783e-06
shipped_synthetic,dataset12755,45.0,1,0.0
shipped_synthetic,dataset10189,5.0,1,
shipped_synthetic,dataset10800,75.0,2,0.09476413562302496
shipped_synthetic,dataset7057,9.0,3,3.038595927617576e-09
shipped_synthetic,dataset7922,189.0,3,0.21005022632853587
shipped_synthetic,dataset13219,72.0,3,0.021227756411983417
shipped_synthetic,dataset7029,109.0,3,0.002578634892339188
shipped_synthetic,dataset907,114.0,4,0.009597638541140633
shipped_synthetic,dataset9787,284.0,4,0.001348978377403101
shipped_synthetic,dataset10019,129.0,2,0.00020479887137866504
shipped_synthetic,dataset3866,26.0,1,0.0
shipped_synthetic,dataset1120,12.0,1,0.0
shipped_synthetic,dataset3982,107.0,2,0.08182334510276339
shipped_synthetic,dataset12211,26.0,3,0.00022670043087717208
shipped_synthetic,dataset1324,38.0,3,1.2307083387914017e-10
shipped_synthetic,dataset654,206.0,3,0.029801110178506788
shipped_synthetic,dataset254,107.0,4,0.030891623038477558
shipped_synthetic,dataset8997,6.0,2,7.253218786836401e-07
shipped_synthetic,dataset6280,35.0,2,0.0028879037451889286
shipped_synthetic,dataset9065,33.0,3,0.010365358190987264
shipped_synthetic,dataset5633,314.0,2,0.5522406821745884
shipped_synthetic,dataset12909,17.0,2,0.15126298518198453
shipped_synthetic,dataset8170,204.0,4,0.045977833988571665
shipped_synthetic,dataset3109,24.0,3,0.003298187959624693
shipped_synthetic,dataset5666,35.0,3,0.04283094456835127
shipped_synthetic,dataset11464,6.0,2,0.003200202261215653
shipped_synthetic,dataset11790,436.0,2,0.0040055686329629435
shipped_synthetic,dataset13175,65.0,2,1.5741391123560578e-18
shipped_synthetic,dataset10562,50.0,3,0.0039169925356547395
shipped_synthetic,dataset7302,24.0,2,0.06329100624580122
shipped_synthetic,dataset2164,526.0,1,0.0
shipped_synthetic,dataset2325,268.0,4,0.07106322891675385
shipped_synthetic,dataset8023,16.0,5,3.053276979890526e-05
shipped_synthetic,dataset222,80.0,2,0.002343498345386178
shipped_synthetic,dataset2072,495.0,5,0.0960321973527562
shipped_synthetic,dataset9528,34.0,3,0.057914836760276645
shipped_synthetic,dataset8689,313.0,4,0.1039352134580802
shipped_synthetic,dataset9487,635.0,4,0.03960593591092407
shipped_synthetic,dataset11229,116.0,2,0.5833796391942762
shipped_synthetic,dataset7509,17.0,5,0.0003481035015699484
shipped_synthetic,dataset13518,412.0,1,0.0
shipped_synthetic,dataset336,384.0,2,0.002752920952677657
shipped_synthetic,dataset7134,98.0,2,0.5922717330748314
shipped_synthetic,dataset1730,96.0,3,0.003120219522758825
shipped_synthetic,dataset6546,683.0,3,0.0037024198435373877
shipped_synthetic,dataset8594,17.0,5,1.9854346720107888e-07
shipped_synthetic,dataset10336,63.0,4,0.0057402496816679185
shipped_synthetic,dataset935,115.0,1,0.0
shipped_synthetic,dataset5576,74.0,3,0.00019180796814167772
shipped_synthetic,dataset3877,9.0,3,3.3609618079302265e-10
shipped_synthetic,dataset868,114.0,2,0.06650332449007042
shipped_synthetic,dataset7460,141.0,1,0.0
shipped_synthetic,dataset5586,174.0,2,0.00977414783137863
shipped_synthetic,dataset9534,21.0,1,0.0
shipped_synthetic,dataset3154,149.0,1,0.0
shipped_synthetic,dataset9728,515.0,2,0.5971226620402432
shipped_synthetic,dataset11644,92.0,3,0.002248477972865911
shipped_synthetic,dataset2755,27.0,3,0.0011016362683446688
shipped_synthetic,dataset12748,128.0,5,0.0014058817064662638
shipped_synthetic,dataset11876,19.0,5,1.411349610077798e-07
shipped_synthetic,dataset118,651.0,4,0.10550889781825788
shipped_synthetic,dataset1407,148.0,2,0.14123479819802687
shipped_synthetic,dataset12574,88.0,3,0.09977959426214227
shipped_synthetic,dataset523,9.0,1,0.0
shipped_synthetic,dataset10764,116.0,2,0.007606586432107258
shipped_synthetic,dataset11162,171.0,4,0.003591810518604689
shipped_synthetic,dataset10400,29.0,4,4.397929566266412e-06
shipped_synthetic,dataset4903,15.0,4,8.737879718107518e-08
shipped_synthetic,dataset7215,658.0,5,0.09208138461460888
shipped_synthetic,dataset4519,9.0,3,0.002690443613259277
shipped_synthetic,dataset4966,5.0,1,
shipped_synthetic,dataset11633,117.0,3,0.0018690084510421744
shipped_synthetic,dataset1023,19.0,2,6.981047628594052e-17
shipped_synthetic,dataset8639,57.0,2,0.016315078710246872
shipped_synthetic,dataset8924,310.0,5,0.0392793102578433
shipped_synthetic,dataset5963,10.0,3,1.0040204831101524e-11
shipped_synthetic,dataset13105,241.0,4,0.002471807504145656
shipped_synthetic,dataset6823,40.0,3,0.012825172309399424
shipped_synthetic,dataset12364,8.0,1,0.0
shipped_synthetic,dataset12594,99.0,2,0.5954480072499564
shipped_synthetic,dataset2895,29.0,5,1.7606140908791807e-05
shipped_synthetic,dataset4404,52.0,1,0.0
shipped_synthetic,dataset11590,72.0,1,0.0
shipped_synthetic,dataset1540,745.0,5,0.13720826717952697
shipped_synthetic,dataset9042,10.0,3,2.9489623653456715e-09
shipped_synthetic,dataset9811,34.0,1,0.0
shipped_synthetic,dataset9049,4.0,1,
shipped_synthetic,dataset1567,242.0,5,0.02241085619202109
shipped_synthetic,dataset6609,5.0,1,
shipped_synthetic,dataset13023,285.0,2,2.8107995862107725e-06
shipped_synthetic,dataset1613,77.0,3,0.001050259306514083
shipped_synthetic,dataset721,6.0,2,6.0903933419121e-78
shipped_synthetic,dataset12062,18.0,5,7.864707010261859e-06
shipped_synthetic,dataset7766,92.0,2,0.17005515440885782
shipped_synthetic,dataset5823,209.0,2,0.3529381235321543
shipped_synthetic,dataset702,57.0,2,2.2980855524344416e-19
shipped_synthetic,dataset693,52.0,1,0.0
shipped_synthetic,dataset11763,4.0,1,
shipped_synthetic,dataset2212,138.0,2,0.0972759320602695
shipped_synthetic,dataset12268,236.0,3,0.11138811731518938
shipped_synthetic,dataset903,24.0,3,0.05701373499811526
shipped_synthetic,dataset9031,142.0,1,0.0
shipped_synthetic,dataset889,4.0,1,
shipped_synthetic,dataset80,104.0,3,0.00270590393394959
shipped_synthetic,dataset9510,4.0,1,
shipped_synthetic,dataset1058,327.0,1,0.0
shipped_synthetic,dataset13693,14.0,3,0.003152591176565435
shipped_synthetic,dataset9474,66.0,1,0.0
shipped_synthetic,dataset13246,9.0,3,1.0285437444501832e-18
shipped_synthetic,dataset5238,68.0,5,1.7859978076771918e-10
shipped_synthetic,dataset3435,205.0,5,0.060260298746694974
shipped_synthetic,dataset11987,572.0,3,0.31209578440938057
shipped_synthetic,dataset6559,12.0,4,2.1178541277451567e-05
shipped_synthetic,dataset7607,75.0,2,5.080284882548516e-11
shipped_synthetic,dataset2178,33.0,1,0.0
shipped_synthetic,dataset6355,137.0,2,0.032350810950692484
shipped_synthetic,dataset8205,714.0,3,0.14966598118717098
shipped_synthetic,dataset6116,17.0,1,0.0
shipped_synthetic,dataset9968,70.0,3,0.0796687480846711
shipped_synthetic,dataset10365,109.0,2,1.8407110206812786e-12
shipped_synthetic,dataset10081,11.0,3,0.029661799316109527
shipped_synthetic,dataset10675,48.0,3,0.0021829324097653708
shipped_synthetic,dataset10490,8.0,1,0.0
shipped_synthetic,dataset1193,355.0,4,0.09463929904323971
shipped_synthetic,dataset4113,84.0,2,8.775420762993169e-11
shipped_synthetic,dataset13705,103.0,4,0.02679178272846959
shipped_synthetic,dataset2717,422.0,4,0.10457189337845334
shipped_synthetic,dataset3237,20.0,3,0.0006088142584763205
shipped_synthetic,dataset12447,155.0,3,0.0032353934021771037
shipped_synthetic,dataset9681,19.0,2,5.176498861047644e-10
shipped_synthetic,dataset11863,5.0,1,
shipped_synthetic,dataset13484,45.0,4,0.0030205817724973244
shipped_synthetic,dataset7012,17.0,4,0.0003871277072900996
shipped_synthetic,dataset4823,141.0,5,0.03432807754125693
shipped_synthetic,dataset11684,68.0,3,0.0002751868341396512
shipped_synthetic,dataset7695,47.0,5,2.9224222315555786e-05
shipped_synthetic,dataset3847,4.0,1,
shipped_synthetic,dataset3939,118.0,4,0.004000095934563389
shipped_synthetic,dataset5097,60.0,2,0.001537566968480173
shipped_synthetic,dataset5957,7.0,2,1.0925054756713352e-06
shipped_synthetic,dataset1056,10.0,3,3.1220579365756965e-10
shipped_synthetic,dataset4180,49.0,2,1.3842282419226914e-05
shipped_synthetic,dataset8073,93.0,4,0.08090626432951786
shipped_synthetic,dataset10370,13.0,3,0.015525364744653726
shipped_synthetic,dataset12137,680.0,2,0.6048752225113063
shipped_synthetic,dataset9632,5.0,1,
shipped_synthetic,dataset3584,41.0,2,1.4047003406050599e-47
shipped_synthetic,dataset9675,18.0,2,1.4571038012870642e-05
shipped_synthetic,dataset13217,11.0,2,0.004589348506587444
shipped_synthetic,dataset12531,24.0,5,5.606830219731465e-06
shipped_synthetic,dataset1719,44.0,3,0.0016431578992164603
shipped_synthetic,dataset8397,347.0,5,0.06874748420232353
shipped_synthetic,dataset11303,8.0,1,0.0
shipped_synthetic,dataset13421,6.0,2,1.9936575493028525e-06
shipped_synthetic,dataset4642,229.0,2,0.16367175425715486
shipped_synthetic,dataset7851,9.0,1,0.0
shipped_synthetic,dataset3858,202.0,4,0.06520983801286634
shipped_synthetic,dataset8225,193.0,1,0.0
shipped_synthetic,dataset8099,9.0,2,9.921957242058159e-06
shipped_synthetic,dataset1718,16.0,2,0.007233645906809444
shipped_synthetic,dataset3365,169.0,5,0.031443278678419104
shipped_synthetic,dataset2854,109.0,4,0.00696282557764438
shipped_synthetic,dataset1715,248.0,1,0.0
shipped_synthetic,dataset10276,431.0,3,0.0021412167373542003
shipped_synthetic,dataset5162,170.0,3,0.05595865393122482
shipped_synthetic,dataset13562,28.0,1,0.0
shipped_synthetic,dataset12046,259.0,3,0.09653031584768744
shipped_synthetic,dataset1833,42.0,1,0.0
shipped_synthetic,dataset12309,425.0,2,0.4933758178108387
shipped_synthetic,dataset9611,274.0,2,0.5343790320754982
shipped_synthetic,dataset3931,26.0,2,0.002055302892963045
shipped_synthetic,dataset7905,45.0,2,0.200134263630464
shipped_synthetic,dataset657,25.0,3,3.076283991080625e-05
shipped_synthetic,dataset2553,21.0,5,2.8903239377513297e-07
shipped_synthetic,dataset1001,471.0,3,0.026523018862870656
shipped_synthetic,dataset2204,38.0,2,0.06298855656351324
shipped_synthetic,dataset5089,81.0,1,0.0
shipped_synthetic,dataset13168,20.0,5,3.361560117228384e-07
shipped_synthetic,dataset8274,8.0,1,0.0
shipped_synthetic,dataset12738,5.0,1,
shipped_synthetic,dataset11822,31.0,2,0.03446296081030187
shipped_synthetic,dataset2974,142.0,3,0.1478753834349241
shipped_synthetic,dataset1936,150.0,1,0.0
shipped_synthetic,dataset2733,98.0,3,0.05363597242233064
shipped_synthetic,dataset12758,81.0,4,0.025197865297411064
shipped_synthetic,dataset2795,16.0,5,0.0003444132557509182
shipped_synthetic,dataset5968,371.0,3,0.1605997036820212
shipped_synthetic,dataset2534,14.0,3,1.940155749971186e-08
shipped_synthetic,dataset9654,162.0,1,0.0
shipped_synthetic,dataset8988,12.0,4,0.008803072395402277
shipped_synthetic,dataset2619,14.0,4,8.783513637911622e-08
shipped_synthetic,dataset3597,273.0,2,0.426363174703297
shipped_synthetic,dataset7705,16.0,2,9.307084425081205e-11
shipped_synthetic,dataset10946,648.0,3,0.22681162052280768
shipped_synthetic,dataset5626,61.0,4,0.007147355260215813
shipped_synthetic,dataset12882,243.0,4,0.0021967938423855166
shipped_synthetic,dataset4419,34.0,1,0.0
shipped_synthetic,dataset6981,28.0,1,0.0
shipped_synthetic,dataset354,15.0,2,0.014409055490569422
shipped_synthetic,dataset953,59.0,4,0.027000986240222843
shipped_synthetic,dataset7882,93.0,2,0.03028842911309411
shipped_synthetic,dataset9481,6.0,2,0.0009253184982506784
shipped_synthetic,dataset2864,34.0,1,0.0
shipped_synthetic,dataset5751,181.0,2,0.30814926032579826
shipped_synthetic,dataset13747,205.0,3,0.00033007533637736415
shipped_synthetic,dataset5159,376.0,2,0.575839175901651
shipped_synthetic,dataset3820,92.0,3,0.1663225017703839
shipped_synthetic,dataset1703,17.0,4,0.021987636732055078
shipped_synthetic,dataset5002,551.0,3,0.3234732420664699
shipped_synthetic,dataset6342,46.0,1,0.0
shipped_synthetic,dataset7842,359.0,1,0.0
shipped_synthetic,dataset7800,726.0,2,0.6065800061061922
shipped_synthetic,dataset12570,430.0,3,0.006798108042160025
shipped_synthetic,dataset13275,80.0,1,0.0
shipped_synthetic,dataset6838,11.0,1,0.0
shipped_synthetic,dataset12867,132.0,3,0.05400232831427302
shipped_synthetic,dataset11302,166.0,3,0.14824741799701746
shipped_synthetic,dataset7580,453.0,4,0.08856711681752542
shipped_synthetic,dataset5993,505.0,4,0.15575842238654158
shipped_synthetic,dataset9202,13.0,4,2.464680145179141e-08
shipped_synthetic,dataset7214,16.0,3,0.0009462506144860308
shipped_synthetic,dataset5117,402.0,2,0.02595004084001013
shipped_synthetic,dataset8085,224.0,2,0.5543593915923959
shipped_synthetic,dataset5534,22.0,4,1.0008634980292374e-05
shipped_synthetic,dataset10852,48.0,2,7.835033271201365e-10
shipped_synthetic,dataset8969,310.0,3,0.0010500301284841844
shipped_synthetic,dataset1088,199.0,4,0.03759602447920234
shipped_synthetic,dataset1873,477.0,5,0.04821189071675237
shipped_synthetic,dataset13327,41.0,3,3.257032717197897e-08
shipped_synthetic,dataset3769,55.0,3,0.0006344858258449833
shipped_synthetic,dataset2609,10.0,2,1.0234238670457984e-05
shipped_synthetic,dataset3413,417.0,5,0.05045918004472967
shipped_synthetic,dataset2253,10.0,2,0.0001816400257962717
shipped_synthetic,dataset10032,70.0,2,0.16647069073859863
shipped_synthetic,dataset6914,19.0,4,0.0005332607807517493
shipped_synthetic,dataset4072,182.0,4,0.07523218813926479
shipped_synthetic,dataset1276,304.0,4,0.05739124607571022
shipped_synthetic,dataset8449,467.0,1,0.0
shipped_synthetic,dataset13120,370.0,2,0.6348591674066149
shipped_synthetic,dataset13104,63.0,2,0.00011469002496316363
shipped_synthetic,dataset6911,315.0,1,0.0
shipped_synthetic,dataset7998,6.0,2,5.545704621874752e-06
shipped_synthetic,dataset7542,65.0,1,0.0
shipped_synthetic,dataset3625,109.0,3,0.0010595354885034232
shipped_synthetic,dataset8780,456.0,2,0.39458314663074573
shipped_synthetic,dataset7574,48.0,1,0.0
shipped_synthetic,dataset4711,18.0,3,0.00016937466819049734
shipped_synthetic,dataset11371,84.0,3,0.01800127200746993
shipped_synthetic,dataset10799,420.0,1,0.0
shipped_synthetic,dataset6658,224.0,1,0.0
shipped_synthetic,dataset2317,19.0,4,6.412695944726845e-06
shipped_synthetic,dataset5215,20.0,2,3.498440572526171e-60
shipped_synthetic,dataset5019,207.0,1,0.0
shipped_synthetic,dataset6427,68.0,2,3.483482756126045e-11
shipped_synthetic,dataset10810,649.0,3,0.26819839331782763
shipped_synthetic,dataset7734,4.0,1,
shipped_synthetic,dataset3721,233.0,4,0.025592827101495418
shipped_synthetic,dataset10391,29.0,1,0.0
shipped_synthetic,dataset11118,4.0,1,
shipped_synthetic,dataset6452,63.0,2,0.02249203446851967
shipped_synthetic,dataset5838,36.0,3,0.000711459011457416
shipped_synthetic,dataset7495,32.0,4,0.013563536288362432
shipped_synthetic,dataset10039,537.0,2,0.5875424342494143
shipped_synthetic,dataset4023,305.0,1,0.0
shipped_synthetic,dataset12944,15.0,3,0.0003030288840800939
shipped_synthetic,dataset3126,406.0,2,0.4834374491902568
shipped_synthetic,dataset12450,105.0,2,0.5424170564207268
shipped_synthetic,dataset10759,72.0,2,0.08831681409991514
shipped_synthetic,dataset7478,67.0,3,0.10586623312622656
shipped_synthetic,dataset12775,10.0,3,0.0003489867088881514
shipped_synthetic,dataset5261,85.0,4,0.034566504516461045
shipped_synthetic,dataset12628,217.0,5,0.052670763187729785
shipped_synthetic,dataset10385,114.0,3,0.05556449393373091
shipped_synthetic,dataset8643,156.0,1,0.0
shipped_synthetic,dataset13690,68.0,2,9.80597208813477e-13
shipped_synthetic,dataset7908,13.0,2,0.0005822132969355133
shipped_synthetic,dataset3174,9.0,3,1.3876911433913767e-06
shipped_synthetic,dataset1460,596.0,4,0.014878799832332833
shipped_synthetic,dataset5752,214.0,1,0.0
shipped_synthetic,dataset1234,541.0,5,0.05017829071746369
shipped_synthetic,dataset10972,60.0,2,0.005331304019875448
shipped_synthetic,dataset11928,49.0,2,0.007309727151457043
shipped_synthetic,dataset1669,535.0,2,0.022053469919101797
shipped_synthetic,dataset13160,366.0,4,0.0680275998382631
shipped_synthetic,dataset4923,140.0,4,0.05354612245345147
shipped_synthetic,dataset5455,6.0,1,0.0
shipped_synthetic,dataset3212,293.0,4,0.015260178933408882
shipped_synthetic,dataset12189,146.0,1,0.0
shipped_synthetic,dataset9932,501.0,4,0.17796862004196967
shipped_synthetic,dataset930,6.0,2,0.0057962413543588285
shipped_synthetic,dataset12554,351.0,1,0.0
shipped_synthetic,dataset11190,5.0,1,
shipped_synthetic,dataset11362,320.0,4,0.11323785457962011
shipped_synthetic,dataset10511,383.0,4,0.07772877283039528
shipped_synthetic,dataset9961,23.0,1,0.0
shipped_synthetic,dataset10233,280.0,3,0.1442677483938191
shipped_synthetic,dataset9711,16.0,1,0.0
shipped_synthetic,dataset543,48.0,3,0.00541075896332012
shipped_synthetic,dataset995,194.0,4,0.06084164227058673
shipped_synthetic,dataset4208,6.0,2,9.9857220124083e-06
shipped_synthetic,dataset1796,17.0,3,0.0014243403696708333
shipped_synthetic,dataset12535,211.0,4,0.05850406545370072
shipped_synthetic,dataset10389,74.0,1,0.0
shipped_synthetic,dataset9154,30.0,1,0.0
shipped_synthetic,dataset10143,22.0,1,0.0
shipped_synthetic,dataset82,229.0,3,0.014804384395674842
shipped_synthetic,dataset12212,60.0,2,0.0007340873621971427
shipped_synthetic,dataset12563,13.0,3,0.0002688354174721878
shipped_synthetic,dataset9185,175.0,2,0.5594397015434687
shipped_synthetic,dataset13366,400.0,2,0.05028266078802397
shipped_synthetic,dataset10593,189.0,4,0.02142452318291706
shipped_synthetic,dataset44,265.0,3,0.1638570631333841
shipped_synthetic,dataset3080,606.0,3,0.2658379987639901
shipped_synthetic,dataset8401,85.0,2,0.36607288323705656
shipped_synthetic,dataset5803,700.0,5,0.07282157747313339
shipped_synthetic,dataset9928,221.0,4,0.06041040234855518
shipped_synthetic,dataset296,213.0,3,0.18884668793789827
shipped_synthetic,dataset9641,86.0,1,0.0
shipped_synthetic,dataset9072,297.0,4,0.0594587454301664
shipped_synthetic,dataset85,131.0,1,0.0
shipped_synthetic,dataset7673,19.0,3,4.922907794452164e-06
shipped_synthetic,dataset11786,382.0,1,0.0
shipped_synthetic,dataset8697,95.0,3,6.367419087681863e-06
shipped_synthetic,dataset3313,81.0,5,0.02122258513205858
shipped_synthetic,dataset10018,71.0,2,0.016231733908275647
shipped_synthetic,dataset9283,15.0,4,3.170524554883829e-05
shipped_synthetic,dataset12576,597.0,3,0.35350182180582923
shipped_synthetic,dataset7166,32.0,2,0.014848803465949405
shipped_synthetic,dataset4981,4.0,1,
shipped_synthetic,dataset12200,20.0,1,0.0
shipped_synthetic,dataset10559,286.0,3,0.02833499720096659
shipped_synthetic,dataset8968,4.0,1,
shipped_synthetic,dataset8903,145.0,1,0.0
shipped_synthetic,dataset9440,9.0,1,0.0
shipped_synthetic,dataset9244,315.0,2,0.14646967099365077
shipped_synthetic,dataset4278,13.0,4,7.091439080839987e-07
shipped_synthetic,dataset12703,259.0,5,0.09459455398527965
shipped_synthetic,dataset2245,514.0,5,0.015528657263816883
shipped_synthetic,dataset11398,49.0,2,1.606463363840717e-13
shipped_synthetic,dataset5503,77.0,1,0.0
shipped_synthetic,dataset6723,14.0,4,3.5947055782141524e-22
shipped_synthetic,dataset11459,7.0,2,0.0028161227640180198
shipped_synthetic,dataset3993,39.0,1,0.0
shipped_synthetic,dataset13384,43.0,1,0.0
shipped_synthetic,dataset13070,38.0,2,0.0003757716374928746
shipped_synthetic,dataset13651,5.0,1,
shipped_synthetic,dataset4857,81.0,2,0.001539559134291784
shipped_synthetic,dataset6588,639.0,1,0.0
shipped_synthetic,dataset5252,77.0,1,0.0
shipped_synthetic,dataset3510,60.0,4,0.0010049291552567334
shipped_synthetic,dataset2516,6.0,2,0.005392589238919858
shipped_synthetic,dataset5060,307.0,2,0.5234542007063068
shipped_synthetic,dataset5804,643.0,3,0.2086680785782985
shipped_synthetic,dataset7606,8.0,2,0.000192870774435362
shipped_synthetic,dataset11135,114.0,4,0.03341257039515184
shipped_synthetic,dataset6378,39.0,2,0.004032268463573921
shipped_synthetic,dataset12961,137.0,3,0.012122497110387482
shipped_synthetic,dataset10314,5.0,1,
shipped_synthetic,dataset7496,143.0,4,0.07473163125794594
shipped_synthetic,dataset9177,45.0,2,0.0014252959831848764
shipped_synthetic,dataset5796,377.0,4,0.004526592134602053
shipped_synthetic,dataset13742,16.0,4,0.0004425837794034977
shipped_synthetic,dataset927,142.0,3,0.00016792642510811732
shipped_synthetic,dataset6213,42.0,2,0.019463700580377316
shipped_synthetic,dataset1464,46.0,2,0.009699669073652026
shipped_synthetic,dataset11485,58.0,1,0.0
shipped_synthetic,dataset31,660.0,5,0.07908295742059998
shipped_synthetic,dataset6719,239.0,4,0.07699963421742287
shipped_synthetic,dataset9465,49.0,2,0.13605200832237158
shipped_synthetic,dataset4744,90.0,2,0.17224026715919988
shipped_synthetic,dataset12564,120.0,1,0.0
shipped_synthetic,dataset2728,414.0,4,0.019494747599785044
shipped_synthetic,dataset4319,54.0,5,0.022558455065155143
shipped_synthetic,dataset11565,7.0,2,5.478424168403891e-08
shipped_synthetic,dataset3355,13.0,4,2.7856598834838346e-15
shipped_synthetic,dataset1095,71.0,2,0.34988381094698917
shipped_synthetic,dataset308,426.0,4,0.055387081204727955
shipped_synthetic,dataset12169,37.0,2,0.00030206653848350304
shipped_synthetic,dataset8961,23.0,4,7.390860337762409e-07
shipped_synthetic,dataset38,23.0,3,6.594627513223921e-05
shipped_synthetic,dataset12612,12.0,3,0.0008252815059411212
shipped_synthetic,dataset6426,354.0,4,0.05802234617579083
shipped_synthetic,dataset5084,68.0,2,5.44819111791828e-07
shipped_synthetic,dataset1454,97.0,2,0.0011390657034131277
shipped_synthetic,dataset7748,32.0,4,0.015578069966644022
shipped_synthetic,dataset10863,10.0,3,4.964807922808084e-22
shipped_synthetic,dataset12273,22.0,3,0.0217535924326088
shipped_synthetic,dataset9116,91.0,2,0.5748594026750088
shipped_synthetic,dataset11146,35.0,5,0.011409976513518652
shipped_synthetic,dataset3277,19.0,3,0.020841468952525092
shipped_synthetic,dataset5731,24.0,3,0.027789023638111646
shipped_synthetic,dataset12960,43.0,3,0.0005972505453505836
shipped_synthetic,dataset414,335.0,5,0.06997182998224513
shipped_synthetic,dataset10129,21.0,1,0.0
shipped_synthetic,dataset6366,73.0,3,0.030888281414278438
shipped_synthetic,dataset8128,19.0,1,0.0
shipped_synthetic,dataset11488,434.0,3,0.027017796706890723
shipped_synthetic,dataset2022,49.0,1,0.0
shipped_synthetic,dataset6800,23.0,3,0.00898433212766291
shipped_synthetic,dataset8878,27.0,4,0.0010938195447427223
shipped_synthetic,dataset12105,578.0,3,0.34078967462140836
shipped_synthetic,dataset7619,9.0,3,1.6349101123893417e-05
shipped_synthetic,dataset3888,9.0,3,0.0006899734732985556
shipped_synthetic,dataset4883,12.0,4,2.4919797885788e-16
shipped_synthetic,dataset7997,681.0,5,0.08802753284380561
shipped_synthetic,dataset1760,88.0,3,0.014089076107611502
shipped_synthetic,dataset1074,80.0,2,4.794773391507649e-05
shipped_synthetic,dataset7129,617.0,5,0.011792362056766852
shipped_synthetic,dataset788,7.0,2,0.0002499289470176448
shipped_synthetic,dataset9443,125.0,2,0.15564352029836298
shipped_synthetic,dataset3364,440.0,2,0.5898887477097781
shipped_synthetic,dataset8063,86.0,1,0.0
shipped_synthetic,dataset11262,142.0,3,0.03853223897681596
shipped_synthetic,dataset2247,435.0,3,0.05638712263777768
shipped_synthetic,dataset2057,8.0,1,0.0
shipped_synthetic,dataset8802,200.0,4,0.04391988661853449
shipped_synthetic,dataset2891,10.0,3,2.286080930089561e-14
shipped_synthetic,dataset9115,110.0,3,0.00015228802859200107
shipped_synthetic,dataset9026,50.0,3,0.005329747443342257
shipped_synthetic,dataset2011,144.0,2,7.83333569770256e-17
shipped_synthetic,dataset8666,17.0,2,0.003527424375266721
shipped_synthetic,dataset1103,8.0,1,0.0
shipped_synthetic,dataset1758,30.0,5,0.007496480466012791
shipped_synthetic,dataset11849,44.0,3,0.005215253108714859
shipped_synthetic,dataset7318,35.0,2,1.4420765592619251e-34
shipped_synthetic,dataset13462,48.0,1,0.0
shipped_synthetic,dataset6206,402.0,3,0.16676009921744897
shipped_synthetic,dataset13239,605.0,4,0.09171446917637932
shipped_synthetic,dataset10919,6.0,2,0.001238051439992601
shipped_synthetic,dataset11958,79.0,4,0.003628298441685333
shipped_synthetic,dataset4641,71.0,3,0.002134708551632465
shipped_synthetic,dataset8053,4.0,1,
shipped_synthetic,dataset5721,307.0,3,2.5106467050624334e-05
shipped_synthetic,dataset11473,217.0,4,0.022764450143642156
shipped_synthetic,dataset12222,615.0,4,0.06402678281418513
shipped_synthetic,dataset2801,59.0,2,0.18725967694554144
shipped_synthetic,dataset4918,206.0,1,0.0
shipped_synthetic,dataset12656,233.0,2,8.322257180309574e-11
shipped_synthetic,dataset8236,501.0,2,0.0003241646138337731
shipped_synthetic,dataset11812,27.0,2,0.001312706092270847
shipped_synthetic,dataset4417,179.0,3,7.143248951239149e-09
shipped_synthetic,dataset5199,55.0,4,0.014294552792625466
shipped_synthetic,dataset11183,52.0,4,1.344013388953736e-07
shipped_synthetic,dataset10100,311.0,4,0.12958374357865948
shipped_synthetic,dataset3764,112.0,1,0.0
legacy_true,gen0,,1,0.0
legacy_true,gen1,,5,0.12076611787439998
legacy_true,gen2,,1,0.0
legacy_true,gen3,,4,0.04338057179593282
legacy_true,gen4,,3,0.23867579561526833
legacy_true,gen5,,4,0.2907454070162961
legacy_true,gen6,,3,0.0029392173403874166
legacy_true,gen7,,4,0.2071730130310709
legacy_true,gen8,,2,0.5516579729384065
legacy_true,gen9,,3,0.12443719943044633
legacy_true,gen10,,1,0.0
legacy_true,gen11,,4,0.27353917103735403
legacy_true,gen12,,1,0.0
legacy_true,gen13,,2,3.1522229384063985e-15
legacy_true,gen14,,4,0.1565895883891436
legacy_true,gen15,,5,0.14736616108728676
legacy_true,gen16,,3,0.0018460884903561828
legacy_true,gen17,,2,0.0001020367347283043
legacy_true,gen18,,2,4.933305956881348e-15
legacy_true,gen19,,3,0.5778225410892498
legacy_true,gen20,,2,5.150863826825453e-06
legacy_true,gen21,,3,0.4428121680381027
legacy_true,gen22,,1,0.0
legacy_true,gen23,,4,0.11009970836313819
legacy_true,gen24,,1,0.0
legacy_true,gen25,,5,0.1267306734322083
legacy_true,gen26,,2,1.0006401966086281e-23
legacy_true,gen27,,2,0.000490697034662402
legacy_true,gen28,,1,0.0
legacy_true,gen29,,1,0.0
legacy_true,gen30,,1,0.0
legacy_true,gen31,,2,0.01887025903033968
legacy_true,gen32,,3,0.030964111983321125
legacy_true,gen33,,5,0.1083396936024598
legacy_true,gen34,,2,0.38555612008894313
legacy_true,gen35,,1,0.0
legacy_true,gen36,,4,0.06547241518631657
legacy_true,gen37,,4,0.06622078016331912
legacy_true,gen38,,4,0.0644127865170697
legacy_true,gen39,,2,0.5409178507772123
legacy_true,gen40,,3,0.1447448123564322
legacy_true,gen41,,3,0.2527270218218298
legacy_true,gen42,,3,0.14892413686655806
legacy_true,gen43,,5,0.14776828936327283
legacy_true,gen44,,2,1.3967936998368146e-06
legacy_true,gen45,,3,0.3251415466343749
legacy_true,gen46,,1,0.0
legacy_true,gen47,,3,0.1968200257727225
legacy_true,gen48,,3,0.09319341884983844
legacy_true,gen49,,4,0.13416196813010586
legacy_true,gen50,,2,1.2734735062802552e-32
legacy_true,gen51,,1,0.0
legacy_true,gen52,,5,0.07490872806143051
legacy_true,gen53,,1,0.0
legacy_true,gen54,,2,0.00040050752388788336
legacy_true,gen55,,4,0.10979688080967276
legacy_true,gen56,,4,0.08559206028332565
legacy_true,gen57,,2,0.12328130185189212
legacy_true,gen58,,2,0.8362972829757661
legacy_true,gen59,,1,0.0
legacy_true,gen60,,3,0.333648294287254
legacy_true,gen61,,1,0.0
legacy_true,gen62,,2,3.386271962732293e-23
legacy_true,gen63,,1,0.0
legacy_true,gen64,,5,0.153597020381498
legacy_true,gen65,,5,0.11422921296089436
legacy_true,gen66,,1,0.0
legacy_true,gen67,,4,0.11952081131026782
legacy_true,gen68,,1,0.0
legacy_true,gen69,,4,0.024167154686539013
legacy_true,gen70,,2,0.01987628698073684
legacy_true,gen71,,3,0.07287553326154078
legacy_true,gen72,,5,0.13574113817900513
legacy_true,gen73,,5,0.035990794854700775
legacy_true,gen74,,3,0.0007840320825123525
legacy_true,gen75,,1,0.0
legacy_true,gen76,,3,0.3119353763391043
legacy_true,gen77,,2,9.310929805345408e-06
legacy_true,gen78,,4,0.18734105062219797
legacy_true,gen79,,5,0.28217359784606094
legacy_true,gen80,,2,1.4470045917855344e-44
legacy_true,gen81,,2,6.60199696805742e-08
legacy_true,gen82,,2,0.8929861054086798
legacy_true,gen83,,2,1.3707852328882052e-07
legacy_true,gen84,,4,0.04900017840347754
legacy_true,gen85,,4,0.061202040659659306
legacy_true,gen86,,4,0.48798548489371596
legacy_true,gen87,,5,0.12031729120029218
legacy_true,gen88,,5,0.10602448325730766
legacy_true,gen89,,1,0.0
legacy_true,gen90,,1,0.0
legacy_true,gen91,,5,0.13509790554374687
legacy_true,gen92,,2,0.2331533653547631
legacy_true,gen93,,3,0.029866252988143164
legacy_true,gen94,,2,0.10762653725913891
legacy_true,gen95,,4,0.03323814057845519
legacy_true,gen96,,4,0.08135346838878836
legacy_true,gen97,,1,0.0
legacy_true,gen98,,4,0.009532137305081232
legacy_true,gen99,,2,0.47444294694156064
legacy_true,gen100,,4,0.11558006308978273
legacy_true,gen101,,3,0.07391567389275572
legacy_true,gen102,,3,0.10055840514252738
legacy_true,gen103,,4,0.05470637600478672
legacy_true,gen104,,4,0.1125861127624606
legacy_true,gen105,,4,0.2561557937688215
legacy_true,gen106,,5,0.09652634335247619
legacy_true,gen107,,4,0.0047280007225193816
legacy_true,gen108,,2,6.343764391392845e-08
legacy_true,gen109,,5,0.15975583583286238
legacy_true,gen110,,4,0.32768455168770805
legacy_true,gen111,,1,0.0
legacy_true,gen112,,3,0.01867606392092242
legacy_true,gen113,,5,0.14298563888787294
legacy_true,gen114,,1,0.0
legacy_true,gen115,,4,0.03231889224012357
legacy_true,gen116,,4,0.020738080134825605
legacy_true,gen117,,1,0.0
legacy_true,gen118,,2,0.959523468513305
legacy_true,gen119,,4,0.0446853651378479
legacy_true,gen120,,5,0.11448020062460804
legacy_true,gen121,,5,0.30833205185554746
legacy_true,gen122,,2,0.3617986752665816
legacy_true,gen123,,1,0.0
legacy_true,gen124,,2,0.2757952208465599
legacy_true,gen125,,2,0.003388298863655383
legacy_true,gen126,,4,0.07991412465520707
legacy_true,gen127,,5,0.09323409857926701
legacy_true,gen128,,5,0.057724452211528963
legacy_true,gen129,,4,0.22148888065333341
legacy_true,gen130,,4,0.0343743333471973
legacy_true,gen131,,1,0.0
legacy_true,gen132,,4,0.12959192895060823
legacy_true,gen133,,4,0.07880739835007973
legacy_true,gen134,,2,2.0971676783497732e-06
legacy_true,gen135,,3,0.2962841184926546
legacy_true,gen136,,5,0.06627205503187437
legacy_true,gen137,,1,0.0
legacy_true,gen138,,1,0.0
legacy_true,gen139,,5,0.09793793460159392
legacy_true,gen140,,5,0.07591523146411365
legacy_true,gen141,,3,0.17670731435180378
legacy_true,gen142,,3,0.0010943450289183693
legacy_true,gen143,,1,0.0
legacy_true,gen144,,3,0.013631040169101142
legacy_true,gen145,,4,0.16801261534343404
legacy_true,gen146,,3,0.19830461353433407
legacy_true,gen147,,2,0.019019084002167702
legacy_true,gen148,,1,0.0
legacy_true,gen149,,4,0.16735101306578604
legacy_true,gen150,,2,0.0008652144949694584
legacy_true,gen151,,3,0.017306152145180387
legacy_true,gen152,,3,0.2563038999716903
legacy_true,gen153,,3,9.30220318663284e-08
legacy_true,gen154,,3,0.17003189348625528
legacy_true,gen155,,1,0.0
legacy_true,gen156,,4,0.26151686830118404
legacy_true,gen157,,5,0.10433344836107916
legacy_true,gen158,,4,0.12750195892637314
legacy_true,gen159,,2,0.2750305110438128
legacy_true,gen160,,2,0.03721852258295526
legacy_true,gen161,,1,0.0
legacy_true,gen162,,1,0.0
legacy_true,gen163,,5,0.09561004853062352
legacy_true,gen164,,1,0.0
legacy_true,gen165,,2,0.03506662426932899
legacy_true,gen166,,4,0.096737510969986
legacy_true,gen167,,2,0.2750357838820705
legacy_true,gen168,,2,3.59515851743777e-52
legacy_true,gen169,,2,4.234388049219369e-09
legacy_true,gen170,,3,0.2562515936026342
legacy_true,gen171,,2,0.007707738826529396
legacy_true,gen172,,1,0.0
legacy_true,gen173,,4,0.1325662752999998
legacy_true,gen174,,1,0.0
legacy_true,gen175,,5,0.23385020984828359
legacy_true,gen176,,1,0.0
legacy_true,gen177,,1,0.0
legacy_true,gen178,,4,0.011484961545402975
legacy_true,gen179,,1,0.0
legacy_true,gen180,,3,0.030530712419677444
legacy_true,gen181,,4,0.21029841866107227
legacy_true,gen182,,1,0.0
legacy_true,gen183,,4,0.14597723824925102
legacy_true,gen184,,1,0.0
legacy_true,gen185,,4,0.05794650459086142
legacy_true,gen186,,1,0.0
legacy_true,gen187,,1,0.0
legacy_true,gen188,,3,0.00691858500621744
legacy_true,gen189,,1,0.0
legacy_true,gen190,,3,0.005001203673955952
legacy_true,gen191,,4,0.21616264284205458
legacy_true,gen192,,1,0.0
legacy_true,gen193,,4,0.12766327869660216
legacy_true,gen194,,4,0.20159112283956002
legacy_true,gen195,,2,0.0001167261604251214
legacy_true,gen196,,1,0.0
legacy_true,gen197,,1,0.0
legacy_true,gen198,,4,0.14739150250462027
legacy_true,gen199,,4,0.20226346672782014
legacy_true,gen200,,5,0.0451877302558032
legacy_true,gen201,,5,0.108054783453568
legacy_true,gen202,,5,0.07117651395230244
legacy_true,gen203,,5,0.08420261991445245
legacy_true,gen204,,3,0.2255714050650897
legacy_true,gen205,,2,0.06103761522158076
legacy_true,gen206,,4,0.38757540780806227
legacy_true,gen207,,1,0.0
legacy_true,gen208,,2,0.06299311623199887
legacy_true,gen209,,4,0.1091656817367862
legacy_true,gen210,,2,0.02085769219656386
legacy_true,gen211,,2,0.005087434640029164
legacy_true,gen212,,5,0.09807762230805081
legacy_true,gen213,,2,0.024269228204194915
legacy_true,gen214,,3,3.708125874200915e-08
legacy_true,gen215,,1,0.0
legacy_true,gen216,,4,0.01656094021920389
legacy_true,gen217,,1,0.0
legacy_true,gen218,,5,0.08142818801480234
legacy_true,gen219,,5,0.2782058151766266
legacy_true,gen220,,4,0.31514993044573886
legacy_true,gen221,,5,0.08476453505576238
legacy_true,gen222,,3,0.28585424505693996
legacy_true,gen223,,2,1.0673162741595047e-09
legacy_true,gen224,,5,0.11173656121086384
legacy_true,gen225,,5,0.15921917831133384
legacy_true,gen226,,3,0.017103720240985866
legacy_true,gen227,,5,0.07631230514710895
legacy_true,gen228,,1,0.0
legacy_true,gen229,,3,0.00018880015264849146
legacy_true,gen230,,5,0.11620375573687376
legacy_true,gen231,,1,0.0
legacy_true,gen232,,5,0.1079358033230586
legacy_true,gen233,,1,0.0
legacy_true,gen234,,3,0.12780320702281203
legacy_true,gen235,,1,0.0
legacy_true,gen236,,4,0.12227947138898952
legacy_true,gen237,,1,0.0
legacy_true,gen238,,3,0.0987874837323578
legacy_true,gen239,,4,0.1040856133837841
legacy_true,gen240,,3,0.013201772471170064
legacy_true,gen241,,1,0.0
legacy_true,gen242,,1,0.0
legacy_true,gen243,,1,0.0
legacy_true,gen244,,3,0.06307692261478501
legacy_true,gen245,,2,0.0995948970954753
legacy_true,gen246,,5,0.11258497845276275
legacy_true,gen247,,4,0.2190726313396243
legacy_true,gen248,,1,0.0
legacy_true,gen249,,4,0.18742258785283575
legacy_true,gen250,,1,0.0
legacy_true,gen251,,1,0.0
legacy_true,gen252,,1,0.0
legacy_true,gen253,,5,0.09270146554500776
legacy_true,gen254,,1,0.0
legacy_true,gen255,,2,0.006414122056163585
legacy_true,gen256,,5,0.1219263854733896
legacy_true,gen257,,5,0.09092716397244432
legacy_true,gen258,,3,0.2868481839604063
legacy_true,gen259,,2,1.2587905895366123e-05
legacy_true,gen260,,5,0.08784303260122658
legacy_true,gen261,,5,0.15790698148541132
legacy_true,gen262,,2,0.02970248745359206
legacy_true,gen263,,2,0.48627134499121605
legacy_true,gen264,,4,0.28132471531992365
legacy_true,gen265,,1,0.0
legacy_true,gen266,,5,0.12825397007752992
legacy_true,gen267,,2,0.013240286852428536
legacy_true,gen268,,3,0.22348552516942743
legacy_true,gen269,,2,6.42296815363076e-17
legacy_true,gen270,,1,0.0
legacy_true,gen271,,1,0.0
legacy_true,gen272,,2,0.0015385236480123855
legacy_true,gen273,,4,0.2696594610847587
legacy_true,gen274,,2,0.0009354813892780709
legacy_true,gen275,,4,0.2239283670904427
legacy_true,gen276,,5,0.14175716592710824
legacy_true,gen277,,4,0.09756788087700419
legacy_true,gen278,,1,0.0
legacy_true,gen279,,1,0.0
legacy_true,gen280,,1,0.0
legacy_true,gen281,,2,0.21172005672227256
legacy_true,gen282,,4,0.2560861140111112
legacy_true,gen283,,4,0.10550723527195842
legacy_true,gen284,,1,0.0
legacy_true,gen285,,2,0.7645083918408364
legacy_true,gen286,,1,0.0
legacy_true,gen287,,3,0.1267006248508328
legacy_true,gen288,,1,0.0
legacy_true,gen289,,4,0.22795138662914494
legacy_true,gen290,,3,0.16232066817513663
legacy_true,gen291,,1,0.0
legacy_true,gen292,,5,0.07854514712301465
legacy_true,gen293,,2,0.00015063428394507516
legacy_true,gen294,,5,0.09698992146362445
legacy_true,gen295,,4,0.16110518013964317
legacy_true,gen296,,2,0.06579064017771316
legacy_true,gen297,,3,0.004632404814024789
legacy_true,gen298,,1,0.0
legacy_true,gen299,,3,0.05744102813383001
legacy_true,gen300,,1,0.0
legacy_true,gen301,,1,0.0
legacy_true,gen302,,1,0.0
legacy_true,gen303,,5,0.08611919932222509
legacy_true,gen304,,2,0.001981897105267855
legacy_true,gen305,,3,0.00435265703952178
legacy_true,gen306,,5,0.1554851412394627
legacy_true,gen307,,5,0.18187717978338191
legacy_true,gen308,,4,0.03464494633990625
legacy_true,gen309,,3,0.19786482530795413
legacy_true,gen310,,5,0.23580896931664333
legacy_true,gen311,,1,0.0
legacy_true,gen312,,4,0.18431164670111144
legacy_true,gen313,,1,0.0
legacy_true,gen314,,4,0.08798990533635215
legacy_true,gen315,,2,1.4341389519845056e-14
legacy_true,gen316,,3,0.0436782126898412
legacy_true,gen317,,5,0.12880002345787153
legacy_true,gen318,,1,0.0
legacy_true,gen319,,5,0.09032084440151751
legacy_true,gen320,,3,0.20115642522067081
legacy_true,gen321,,5,0.06833317677735513
legacy_true,gen322,,3,0.11819880587516328
legacy_true,gen323,,4,0.14536240230972125
legacy_true,gen324,,4,0.10980335894846782
legacy_true,gen325,,2,0.02858534578035571
legacy_true,gen326,,2,0.18000426138006032
legacy_true,gen327,,4,0.1291505807808125
legacy_true,gen328,,3,0.06714009547584238
legacy_true,gen329,,1,0.0
legacy_true,gen330,,1,0.0
legacy_true,gen331,,4,0.033840254333806545
legacy_true,gen332,,4,0.05392064169606764
legacy_true,gen333,,5,0.14025915231576833
legacy_true,gen334,,4,0.16035374023596788
legacy_true,gen335,,4,0.16014939267866854
legacy_true,gen336,,2,0.08199491597167849
legacy_true,gen337,,2,0.003428332628980011
legacy_true,gen338,,3,0.017285644813121042
legacy_true,gen339,,3,0.09174599410211896
legacy_true,gen340,,4,0.1677287081404607
legacy_true,gen341,,4,0.03303983822773754
legacy_true,gen342,,3,0.09050139569977785
legacy_true,gen343,,2,1.0839009905130062e-06
legacy_true,gen344,,5,0.12149461013664804
legacy_true,gen345,,4,0.012363441726290217
legacy_true,gen346,,3,0.037389934668717976
legacy_true,gen347,,5,0.0752195372614903
legacy_true,gen348,,5,0.07048725417990487
legacy_true,gen349,,2,0.004725208762445314
legacy_true,gen350,,2,0.05545974582819062
legacy_true,gen351,,3,0.05542895907104004
legacy_true,gen352,,5,0.10680926213150108
legacy_true,gen353,,4,0.06748759925815793
legacy_true,gen354,,2,6.662590728366659e-06
legacy_true,gen355,,5,0.182334224910163
legacy_true,gen356,,4,0.05395362931950017
legacy_true,gen357,,2,0.2628962356716301
legacy_true,gen358,,5,0.16688851772082444
legacy_true,gen359,,1,0.0
legacy_true,gen360,,1,0.0
legacy_true,gen361,,3,0.05811053903097726
legacy_true,gen362,,2,0.055318505095294734
legacy_true,gen363,,3,0.16485850750341677
legacy_true,gen364,,1,0.0
legacy_true,gen365,,5,0.07152859308119416
legacy_true,gen366,,2,0.00015151986975631986
legacy_true,gen367,,3,0.11408386511734732
legacy_true,gen368,,4,0.08976655862614284
legacy_true,gen369,,2,3.450358065336503e-06
legacy_true,gen370,,2,0.19905683097353827
legacy_true,gen371,,1,0.0
legacy_true,gen372,,1,0.0
legacy_true,gen373,,5,0.19748669731985574
legacy_true,gen374,,1,0.0
legacy_true,gen375,,2,1.0404778882591458e-10
legacy_true,gen376,,3,0.014962637210294899
legacy_true,gen377,,1,0.0
legacy_true,gen378,,1,0.0
legacy_true,gen379,,3,0.058714194841409224
legacy_true,gen380,,3,0.023640039834794842
legacy_true,gen381,,2,0.45510661520746687
legacy_true,gen382,,4,0.09909756209975784
legacy_true,gen383,,2,0.012116371334557466
legacy_true,gen384,,4,0.10185282719445343
legacy_true,gen385,,3,0.21772543898424576
legacy_true,gen386,,4,0.27809970194339123
legacy_true,gen387,,4,0.0567188959712576
legacy_true,gen388,,2,4.376609971094673e-05
legacy_true,gen389,,3,0.10283360665750269
legacy_true,gen390,,4,0.13675310940843957
legacy_true,gen391,,2,0.0013316872990259772
legacy_true,gen392,,2,0.0009119506535436807
legacy_true,gen393,,1,0.0
legacy_true,gen394,,4,0.13354475626880455
legacy_true,gen395,,5,0.12829655304256907
legacy_true,gen396,,1,0.0
legacy_true,gen397,,3,0.06911010552824896
legacy_true,gen398,,4,0.23577110994277947
legacy_true,gen399,,4,0.3283110971724355
legacy_true,gen400,,4,0.0052520055128441705
legacy_true,gen401,,1,0.0
legacy_true,gen402,,1,0.0
legacy_true,gen403,,3,0.07709926815725637
legacy_true,gen404,,2,0.00016859546801752063
legacy_true,gen405,,1,0.0
legacy_true,gen406,,1,0.0
legacy_true,gen407,,4,0.19439946260599103
legacy_true,gen408,,2,0.05539853806396294
legacy_true,gen409,,3,0.007022820836974958
legacy_true,gen410,,2,3.0886071969197527e-14
legacy_true,gen411,,3,0.27850846526131523
legacy_true,gen412,,2,0.0019099874901934188
legacy_true,gen413,,2,8.760641335483493e-06
legacy_true,gen414,,2,2.4576967394235897e-06
legacy_true,gen415,,3,0.018504285094167572
legacy_true,gen416,,3,0.12425539141826812
legacy_true,gen417,,2,6.585529793685256e-06
legacy_true,gen418,,3,0.21142680672898048
legacy_true,gen419,,3,0.08352228028339294
legacy_true,gen420,,2,0.02460515735859576
legacy_true,gen421,,5,0.023924062784725884
legacy_true,gen422,,5,0.12211236277048199
legacy_true,gen423,,1,0.0
legacy_true,gen424,,3,0.004750737257084928
legacy_true,gen425,,2,0.01205171200500331
legacy_true,gen426,,3,0.1174029849850723
legacy_true,gen427,,5,0.034556675178735695
legacy_true,gen428,,1,0.0
legacy_true,gen429,,5,0.14042082991930258
legacy_true,gen430,,4,0.04604745889000736
legacy_true,gen431,,4,0.2566715134636904
legacy_true,gen432,,5,0.2395480073992872
legacy_true,gen433,,3,0.3528002849624705
legacy_true,gen434,,4,0.07900035173266491
legacy_true,gen435,,4,0.017750331893213445
legacy_true,gen436,,5,0.0719744764092874
legacy_true,gen437,,2,1.6888476166831407e-09
legacy_true,gen438,,2,0.026216460013479007
legacy_true,gen439,,4,0.05303696622542667
legacy_true,gen440,,3,0.06972121523654132
legacy_true,gen441,,5,0.09190410145174954
legacy_true,gen442,,1,0.0
legacy_true,gen443,,2,0.0004365181758551513
legacy_true,gen444,,1,0.0
legacy_true,gen445,,1,0.0
legacy_true,gen446,,2,0.2923904033730645
legacy_true,gen447,,3,0.004158977375477105
legacy_true,gen448,,3,0.05878701835869223
legacy_true,gen449,,2,8.390590354047928e-05
legacy_true,gen450,,5,0.1424709545740422
legacy_true,gen451,,3,0.03421034595854657
legacy_true,gen452,,4,0.12254703386476896
legacy_true,gen453,,2,0.011744501757373103
legacy_true,gen454,,2,0.01448631781425172
legacy_true,gen455,,2,2.7383381480084143e-13
legacy_true,gen456,,4,0.08567028650335028
legacy_true,gen457,,4,0.20201622911653896
legacy_true,gen458,,3,0.11585442743600827
legacy_true,gen459,,1,0.0
legacy_true,gen460,,5,0.17248001258854323
legacy_true,gen461,,1,0.0
legacy_true,gen462,,3,0.3335682898063734
legacy_true,gen463,,4,0.14147250872190367
legacy_true,gen464,,1,0.0
legacy_true,gen465,,2,0.3239493543984777
legacy_true,gen466,,5,0.13555751725897588
legacy_true,gen467,,4,0.27272762446961385
legacy_true,gen468,,3,0.02157121319746258
legacy_true,gen469,,3,5.59644916989532e-06
legacy_true,gen470,,2,0.1581924934980103
legacy_true,gen471,,1,0.0
legacy_true,gen472,,3,0.09827608436779352
legacy_true,gen473,,2,0.38177345894286874
legacy_true,gen474,,5,0.07547157831480582
legacy_true,gen475,,1,0.0
legacy_true,gen476,,4,0.269252870299498
legacy_true,gen477,,4,0.05144973425496573
legacy_true,gen478,,1,0.0
legacy_true,gen479,,1,0.0
legacy_true,gen480,,5,0.1412880494862474
legacy_true,gen481,,5,0.117128153708377
legacy_true,gen482,,5,0.09167657831039701
legacy_true,gen483,,3,0.000891710274544577
legacy_true,gen484,,3,0.10797077694141223
legacy_true,gen485,,5,0.19063402657622594
legacy_true,gen486,,3,0.18800119664511108
legacy_true,gen487,,1,0.0
legacy_true,gen488,,2,0.32469376575784387
legacy_true,gen489,,2,0.08451496927838731
legacy_true,gen490,,5,0.12669145706826773
legacy_true,gen491,,4,0.349126811278852
legacy_true,gen492,,5,0.06761826005680345
legacy_true,gen493,,4,0.19556218143373635
legacy_true,gen494,,1,0.0
legacy_true,gen495,,1,0.0
legacy_true,gen496,,2,0.00038297237014535526
legacy_true,gen497,,3,0.14696884416734432
legacy_true,gen498,,5,0.16313081997764084
legacy_true,gen499,,3,0.05210463559840172
legacy_true,gen500,,1,0.0
legacy_true,gen501,,3,0.10614540930418663
legacy_true,gen502,,2,5.760934450134974e-29
legacy_true,gen503,,2,9.177192161163733e-12
legacy_true,gen504,,2,0.21747622694106566
legacy_true,gen505,,4,0.03733566804188423
legacy_true,gen506,,5,0.08832498173250648
legacy_true,gen507,,5,0.01971661252576198
legacy_true,gen508,,3,0.3420347045830278
legacy_true,gen509,,1,0.0
legacy_true,gen510,,4,0.11116394160493732
legacy_true,gen511,,4,0.14271170686161908
legacy_true,gen512,,1,0.0
legacy_true,gen513,,4,0.20663562548096878
legacy_true,gen514,,1,0.0
legacy_true,gen515,,5,0.23290384237825706
legacy_true,gen516,,5,0.04658828176413509
legacy_true,gen517,,4,0.1415963308498261
legacy_true,gen518,,3,0.2672572981830183
legacy_true,gen519,,3,0.022936666137011372
legacy_true,gen520,,1,0.0
legacy_true,gen521,,1,0.0
legacy_true,gen522,,4,0.06041951748942026
legacy_true,gen523,,2,0.005777540749079928
legacy_true,gen524,,3,0.0051811561448302035
legacy_true,gen525,,1,0.0
legacy_true,gen526,,4,0.20359764333825012
legacy_true,gen527,,3,0.1560051623614642
legacy_true,gen528,,4,0.081432095127095
legacy_true,gen529,,2,2.252561662908954e-19
legacy_true,gen530,,5,0.07757880440598715
legacy_true,gen531,,4,0.16393532554934612
legacy_true,gen532,,1,0.0
legacy_true,gen533,,2,0.015065548137175975
legacy_true,gen534,,1,0.0
legacy_true,gen535,,1,0.0
legacy_true,gen536,,1,0.0
legacy_true,gen537,,3,0.07325330559443223
legacy_true,gen538,,1,0.0
legacy_true,gen539,,3,0.03806813109120378
legacy_true,gen540,,4,0.07141050663026192
legacy_true,gen541,,5,0.04077332095483973
legacy_true,gen542,,3,0.07321859018545204
legacy_true,gen543,,2,0.0022319661041010214
legacy_true,gen544,,2,0.12765847911537997
legacy_true,gen545,,1,0.0
legacy_true,gen546,,4,0.07656716082087164
legacy_true,gen547,,5,0.08287219779103297
legacy_true,gen548,,1,0.0
legacy_true,gen549,,3,0.008862666820937287
legacy_true,gen550,,2,0.0004578166712657002
legacy_true,gen551,,1,0.0
legacy_true,gen552,,1,0.0
legacy_true,gen553,,5,0.18208411344110093
legacy_true,gen554,,3,0.38445048080111227
legacy_true,gen555,,5,0.18123927576451132
legacy_true,gen556,,2,0.3861315796342176
legacy_true,gen557,,4,0.1241251462744657
legacy_true,gen558,,5,0.2453594309015196
legacy_true,gen559,,3,0.35956125527000404
legacy_true,gen560,,2,0.12884783686895276
legacy_true,gen561,,1,0.0
legacy_true,gen562,,2,0.6400671540614253
legacy_true,gen563,,1,0.0
legacy_true,gen564,,3,0.12601791282282943
legacy_true,gen565,,5,0.09378112410168907
legacy_true,gen566,,1,0.0
legacy_true,gen567,,1,0.0
legacy_true,gen568,,4,0.2285394644327363
legacy_true,gen569,,1,0.0
legacy_true,gen570,,2,0.019779358556140773
legacy_true,gen571,,1,0.0
legacy_true,gen572,,3,0.0012592581402259427
legacy_true,gen573,,1,0.0
legacy_true,gen574,,2,0.6231094412965419
legacy_true,gen575,,3,0.17878122710677388
legacy_true,gen576,,5,0.1253481230543488
legacy_true,gen577,,4,0.13376962803750736
legacy_true,gen578,,3,0.2546458813912044
legacy_true,gen579,,4,0.23319371133997543
legacy_true,gen580,,1,0.0
legacy_true,gen581,,1,0.0
legacy_true,gen582,,5,0.05586428947117501
legacy_true,gen583,,5,0.06644488231498069
legacy_true,gen584,,4,0.12271282264976192
legacy_true,gen585,,1,0.0
legacy_true,gen586,,5,0.11527603206455554
legacy_true,gen587,,5,0.13229633460264784
legacy_true,gen588,,5,0.13221069913349978
legacy_true,gen589,,5,0.3232603607527739
legacy_true,gen590,,4,0.038427859046737
legacy_true,gen591,,3,0.20608379870285107
legacy_true,gen592,,1,0.0
legacy_true,gen593,,1,0.0
legacy_true,gen594,,1,0.0
legacy_true,gen595,,3,0.43405095167329905
legacy_true,gen596,,3,0.43574855700973886
legacy_true,gen597,,2,0.01403954583765212
legacy_true,gen598,,2,9.18485167635849e-11
legacy_true,gen599,,1,0.0
