dataset,n,raw_mean,raw_min,cv_with_buffer,cv_without_buffer,cv_compression,min_over_mean_with,min_over_mean_without
0,156,151.2639905994914,12.846051342469572,0.24537012259645333,0.24699225435183012,0.993432459007131,0.0909345097810396,0.08492471533745696
1,814,39.823692494545455,3.038425576886121,0.46715909564875224,0.4788897782245264,0.9755044206220784,0.09892357428044277,0.07629693246808507
2,871,19.799244992964965,12.430237203720662,0.11496182503520538,0.1207681992214965,0.9519213317436169,0.64570791912222,0.6278136973474167
3,124,3253.501317533503,72.07812589723574,0.9077004301607684,0.9079794220349282,0.9996927332631234,0.022454477281520856,0.02215401773738286
4,35,1001.4086001304797,93.99879438060954,0.8068595328033654,0.8076652573924075,0.9990024028127156,0.09477053006951847,0.09386657391234891
5,108,44768.18885075465,0.0012426463914458992,0.7436951888180238,0.7437118009528435,0.9999776632093259,2.2364547406236254e-05,2.775735233758406e-08
6,45,8423.505901309823,116.51417213863049,1.2463305834136742,1.2464785420662847,0.9998812986765377,0.013949087758411997,0.013832028315017024
7,15,91.84621704752402,12.58837637657459,0.7746569478113845,0.7830912303840739,0.9892295019463406,0.14635358131628862,0.13705927997079054
8,22,1082.10550497473,575.074834178834,0.27568261197982197,0.27593737698259896,0.9990767289101503,0.5318732399871556,0.5314406326694212
9,5,17808.821506238084,1279.1090458204767,1.1307038844068396,1.1307673756313439,0.9999438512059398,0.07187657918818022,0.07182446325111573
10,9,38.152565318393094,15.22070892407672,0.34852878405029,0.35766391772064027,0.9744588894273494,0.4142949201966225,0.39894326363262705
11,6,1872.8334488736698,92.17195836422239,0.7677828048293475,0.7681927626957511,0.9994663346411062,0.049722646599262336,0.04921524571213474
12,558,5473.7075880323155,650.7141416002802,0.820889737693758,0.8210397072937944,0.999817341842661,0.11904090421649627,0.11887996045367824
13,100,52.41006483986244,32.60763218397116,0.2679403936437353,0.27305277796270944,0.9812769371653405,0.6292378091046279,0.622163553577026
14,117,3069.3232508316974,88.07761548559654,1.0484382623749289,1.0487798485086446,0.9996743013949005,0.02901245510923547,0.02869610278478491
15,51,863.0389084138111,687.8684219126538,0.09477301159810277,0.09488282473708658,0.998842644711642,0.797265511083601,0.7970306033790469
16,5,17.63577083501024,17.46995847812155,0.008413366026790568,0.008890428589323322,0.9463397565438334,0.9911024685613119,0.9905979523980022
17,81,1938.6524809442042,340.20079762146355,0.7023761186548059,0.7027384198539937,0.9994844437290578,0.17590821086433497,0.1754831260194564
18,9,35.54310046210108,18.08067510470667,0.45280808653243454,0.46554777667328917,0.9726350532014353,0.5221416591209954,0.5086971836907066
19,288,304.91641353858915,79.8432933176541,0.4476929964446267,0.44916124471387886,0.996731133225469,0.26426595546974896,0.26185305143486287
20,51,283.1300687550974,176.7289777138442,0.23888304655029416,0.2397267684749934,0.996480485137031,0.62551977864418,0.6241971348748256
21,5,310.3627752723652,71.53763804671156,0.6333040437230643,0.6353445720794926,0.9967883122858048,0.23296824093136737,0.23049683707697308
22,54,934.7574006895796,84.75785615396586,0.6690361457893164,0.6697518781764531,0.9989313469503281,0.09164539451226254,0.09067364012463465
23,33,203.47120254430027,180.5111417055498,0.047748017194666155,0.04798268439374692,0.9951093357521417,0.8877100513272719,0.8871581798719081
24,21,1192.1984901324508,87.59506279224264,0.609987084958812,0.6104987338914417,0.9991619164721796,0.07425006277237928,0.07347355622175886
25,548,2701.528052028288,165.80124650502037,0.3256578640579475,0.32577840985935547,0.9996299760887776,0.06172044962857407,0.06137313524489889
26,36,38.532551070284754,19.621508652833644,0.17733532630588844,0.18193754758063416,0.9747043898527541,0.5216336435301318,0.5092190396904506
27,434,4654.0291219768615,72.33165821094447,0.21225307638036384,0.21229868268638757,0.9997851785727229,0.015753211481478884,0.015541728750554235
28,9,10438.55400887299,124.88996355855024,1.2407074497399604,1.2408263079121444,0.9999042104673103,0.012058940779611022,0.01196429730136867
29,4,232.8326451227911,175.03997740233828,0.1883184035778919,0.18912721800972807,0.9957234371638959,0.75284602502741,0.7517845159128173
30,49,38.600866052374634,14.221271457719276,0.3671107728571234,0.3766212012594037,0.9747480270083632,0.38436713574870274,0.36841845564872805
31,12,922.054317213353,654.337062468292,0.3079313293012561,0.30826529154572774,0.9989166401355241,0.709965871181575,0.7096513190739562
32,700,1367.7115663077043,11.853937610299282,0.6414396778778241,0.6419086654141433,0.9992693858774806,0.009391268348067389,0.008666986448246802
33,39,9752.584182395773,364.3833222310384,0.5539124227952201,0.553969219272178,0.9998974735870118,0.03746144139407933,0.0373627456493819
34,5,2653.828620309278,2542.212971224755,0.03508371915446121,0.035096939193949114,0.9996233278516155,0.9579574936661938,0.957941651457691
35,67,2628.354849697532,32.96280018898878,1.4261948508159565,1.426737469652595,0.9996196785686363,0.012916780780994888,0.012541229047813731
36,797,93469.1667610175,1426.7641852889578,0.05709783367495725,0.05709844454842124,0.9999893013992094,0.015275079041416865,0.015264543749886169
37,897,78.21738376151288,54.13871644345699,0.25587259142152796,0.25914389223876944,0.9873765081284364,0.6960431388324351,0.6921570863137988
38,34,387.0058311612911,222.8851181575852,0.2232720783807485,0.22384900012301467,0.9974227191457227,0.5770148285851865,0.5759218601145422
39,116,463.35888107645064,309.71550470570963,0.2464764616373101,0.24700839589324733,0.997846493217311,0.6691279468703741,0.6684138738987695
40,6,389.1386830082213,83.58335639527239,0.404452701521844,0.4054920551486674,0.9974368089001341,0.21680330630913108,0.2147906647294341
41,156,39.070229786199235,20.39775181012646,0.28076895041997535,0.2879552135148279,0.9750438166854635,0.5340062166924772,0.522079136000668
42,26,61719.346484853646,26027.857680958707,0.5014595263574173,0.5014676511927391,0.9999837978874561,0.421722481537693,0.421713112068452
43,24,566.3099221867524,469.7697552496862,0.1291232512441998,0.12935125934751113,0.9982372950641418,0.8298281712314453,0.8295276788294907
44,14,55.343751200074,33.67759672437377,0.21196548900318185,0.21579546952323916,0.9822518029293249,0.6154648206015829,0.6085166978043357
45,29,7727.657525399645,89.59088015591654,0.30276316301541606,0.3028023421796091,0.9998706114229136,0.011721425080383818,0.011593536574498135
46,104,278.0274030271122,79.98102158201577,0.368588524502415,0.3699142518245757,0.9964161226132229,0.2902260520058924,0.2876731599518495
47,10,11.856082735507083,5.577813187029933,0.4364072746805682,0.47321599847376494,0.9222158086118946,0.5116498798551395,0.47046004244937234
48,39,6504.944945994143,4647.179807551599,0.22110756960490408,0.22114156029528514,0.999846294426359,0.7144511437056639,0.7144072465076606
49,92,49.60026242928587,8.550890886763575,0.46509325323233397,0.4744700837258299,0.9802372566466925,0.18875180539055494,0.17239608155207675
50,481,206732.6748170979,35179.77225404323,0.1172131344001188,0.11721370137935659,0.9999951628586835,0.17017436702157246,0.17017035301830127
51,5,10415.718147761158,6200.7592039052,0.3439331453519645,0.34396616594070095,0.9999040004744474,0.5953659411662329,0.5953270927591338
52,351,4224.276002388189,48.81382245190247,0.39208653213201633,0.39217934958331696,0.9997633290702347,0.011789483674852708,0.011555547607283622
53,410,2940.1929809784574,36.76740959500135,0.8624815454454386,0.8627748872604234,0.9996600019085903,0.012840847179785233,0.0125051007987801
54,602,35020.955058090265,3178.534098397501,0.7961433167275555,0.7961660500686482,0.9999714464826894,0.09078688191803305,0.09076091994422125
55,376,5805.632987826175,4135.471186218264,0.3362207245633282,0.33627863740853703,0.9998277831572795,0.7123700076947401,0.7123204644334096
56,495,9.802705726843314,4.587466287708358,0.3646682842090938,0.40186906268503053,0.9074305988438497,0.5172284082333404,0.4679795982395181
57,127,746.1527858988799,430.6790791196724,0.1837334931547527,0.18397973426867334,0.9986615856637718,0.5777654681436148,0.5771995860081649
58,19,7621.162048085736,3663.413626288181,0.24397241256648794,0.24400442506156766,0.9998688036289848,0.48075776966831585,0.48068963803339515
59,41,7183.371129772954,5139.809590545273,0.1892742115772298,0.18930056051676777,0.9998608089724296,0.7155545694516113,0.7155149716881922
60,604,1023.4751378210059,401.96599877381925,0.4341815932884454,0.43460581619063815,0.9990238904165823,0.3933389731945107,0.39274622696708683
61,50,895.8926554154173,183.3891856241131,0.557272820606281,0.5578948514011958,0.9988850393701385,0.2055866825430841,0.20469995430320523
62,17,35279.569796724725,4737.794787427333,0.5818529660672779,0.5818694586993997,0.9999716557865769,0.13431741082218177,0.13429287303461335
63,487,25.0959682292398,12.195874267857253,0.3338366001870126,0.3471389998847478,0.9616799042972652,0.5056671648255475,0.48596946555134707
64,10,217.34004053402873,176.63875956486484,0.11442329449049994,0.1149497657942199,0.9954199880262268,0.8135876458133179,0.8127299467269984
65,5,18525.785402118137,1440.6075184161161,0.8987317384790282,0.8987802509560417,0.9999460240954762,0.0778120697750026,0.07776229116048192
66,105,1985.7757294802302,3.9085147619500185,0.24472064690583784,0.24484388370608315,0.999496671926699,0.0024705932779006505,0.001968255883041263
67,285,46.2439559804856,10.305098543420465,0.3428510453986696,0.35026500984287395,0.9788332712778528,0.23929195404572182,0.22284206281506483
68,527,53.44177848563517,11.455363570711295,0.31135400614209535,0.3171800473960515,0.9816317536308286,0.22878318668442704,0.2143522146028585
69,4,10154.638403469558,1943.7141996020318,0.6455111540609882,0.6455747221693161,0.9999015325319519,0.19149108331167466,0.19141146364580727
70,353,9346.955182429036,73.61639500605051,0.9974425687413445,0.9975492818419505,0.9998930247331651,0.007982108766022313,0.007875976033825326
71,9,767.5265087669911,252.14640950173646,0.8403680741817112,0.8414629784808888,0.9986988087091434,0.32939190335526564,0.3285181770552815
72,676,124.3200901749179,20.830775975373125,0.6373059906053998,0.6424323220753071,0.9920204334468303,0.17420012980283053,0.16755760027252475
73,10,129.81846040369024,68.07694989067917,0.29599502237113984,0.29827509117992634,0.9923558189194849,0.5280367134540179,0.524401149720799
74,693,52201.42663181786,11038.321716487884,0.22146336309439144,0.2214676055716068,0.9999808438023953,0.21147142822206114,0.21145632272355935
75,69,1204.0878636111688,629.0327591172266,0.19018872996343267,0.19034668249805334,0.9991701849880033,0.5228106415653953,0.5224143338100762
76,436,31.230328114982036,2.6038149150943433,0.46666926612270393,0.48161208915051673,0.9689733223803217,0.11181440357162035,0.08337456159627163
77,37,19954.23903091609,7052.38855244589,0.2933859146825123,0.29340061761927827,0.9999498878465721,0.35346048932404533,0.3534280882132
78,579,1127.498499151931,0.27891616835160515,0.1902927644277084,0.19046153872281468,0.9991138667878143,0.0011332900923773613,0.0002473760883596716
79,647,3459.8937931055348,241.8167637309678,0.7648245293437081,0.7650455836809448,0.999711057299131,0.07016013152864858,0.06989138343287633
80,6,23.01048283631367,13.255507116992888,0.34434297985156653,0.3593075932541218,0.9583515247561954,0.5937201352499556,0.5760638406106757
81,157,165.6766492870449,20.361920165247017,0.14753323331901047,0.14842372231642736,0.99400035935281,0.12816384452544544,0.12290156912799913
82,313,66.43466264848593,0.6607851685465733,0.45452677817022563,0.4613684894102628,0.9851708311315701,0.02462806371856095,0.009946391570359436
83,63,235.94146235039025,43.47998412276917,0.7320572042503717,0.7351599111546936,0.9957795482897747,0.18772562506173757,0.18428293056096356
84,7,4396.3378709733415,1083.6763129683857,0.7016660194847594,0.7018256218720366,0.9997725896828168,0.2466665843733074,0.24649522961447493
85,511,340.6249453298458,0.2083896734491709,0.9003186592988323,0.902961797071455,0.9970728132893384,0.0035371821934210516,0.0006117862954733857
86,499,1121.7194336200905,0.6488430783984918,1.9174847034682936,1.9191941190725865,0.9991093055218828,0.0014686154252108838,0.000578436156984907
87,19,1597.8298082102385,172.79942556892743,0.5685362732855436,0.568892091076878,0.9993745425592736,0.10870414391603189,0.10814632740046548
88,6,142.2416081891336,31.54939947225642,0.5773913905776391,0.5814506204888329,0.9930187882372864,0.2272342504649822,0.22180148181611045
89,13,12.30976252722006,10.102251555242464,0.10672592137285095,0.1153959441402969,0.9248671794139918,0.8341434742007626,0.8206698978070276
90,67,19.59141100795762,11.929216625167774,0.17333174334641105,0.1821790766638534,0.9514360623653453,0.6278936698495908,0.6089003298599767
91,990,2332.926483159325,294.4256747647311,0.20225037987898564,0.2023370737295373,0.9995715374896271,0.12657882623827443,0.12620443759805508
92,126,4461.993756453759,1231.8157270423048,0.28145026322725525,0.2815133404699833,0.9997759351559584,0.276230663612195,0.27606845600369245
93,17,48693.99851300608,231.84565765626505,0.5497996145745542,0.5498109054857827,0.9999794640100517,0.004781716085155515,0.00476127787276166
94,215,226.3603065232169,209.19773176991225,0.027842038640588623,0.02796503740776748,0.9956016948811699,0.9245137596102242,0.9241802813535934
95,68,11053.760713761716,180.11638636718726,0.8598333353760362,0.8599111218740112,0.999909541235139,0.016383564606850448,0.01629457982955483
96,211,8395.796382954404,3611.751955157217,0.24492014047331595,0.24494931223133648,0.9998809069608942,0.4302536098756838,0.4301857489648021
97,5,40.9158392334983,36.50288750163035,0.08481309847202945,0.08688596560761525,0.9761426702104337,0.8947187551873895,0.892145638106452
98,46,157.23286506825673,78.25760344037111,0.40132477761433805,0.4038772005918126,0.9936802003833481,0.5008921718391552,0.4977178492956833
99,111,97.95595025386034,17.455440968238285,0.3993901975279768,0.40346744037532745,0.9898944934848825,0.18650157894389302,0.1781968417742993
100,16,14.862029067967331,5.006248913027853,0.3523252414659348,0.37603164385922,0.9369563631667114,0.3786557752032625,0.336848278935075
101,213,4161.434386699609,674.9739312457422,0.6746724658036096,0.6748345907833907,0.9997597559728039,0.1623986995220173,0.1621974224567931
102,81,488.39475106792224,17.778487839765575,0.7449729475458318,0.746498297574506,0.9979566597356881,0.03837084030588497,0.03640188147168084
103,31,13.336967042363792,6.553941806564546,0.21028335433796133,0.22605030897390013,0.9302502407207094,0.5268856226176478,0.49141171195418587
104,260,4.59902017742561,4.329678876799405,0.024260537064055284,0.029535690494157347,0.8213973216185491,0.9518949223094163,0.9414350687243617
105,122,247.83962110613166,84.01978889828403,0.5121722787460472,0.5142388259609767,0.9959813473611845,0.3416649990076241,0.33900870459410715
106,83,323.53666947348256,134.00390882053466,0.153665203426758,0.15414015794637037,0.9969186840993272,0.41598969090167986,0.4141846086213661
107,84,91.72593322710505,20.396080729312146,0.45141408211895245,0.4563354175171029,0.9892155304864848,0.23074538033398603,0.2223589339648724
108,688,30345.599218830037,103.7176744646903,0.18773686218591307,0.187743048811553,0.9999670473784298,0.0034507218983441507,0.0034178819049429567
109,27,23.35853789594665,4.897942072628675,0.4537977203273062,0.4732252085694557,0.958946632828631,0.24213038146308913,0.2096853019845306
110,941,46912.49118821993,6272.131095720434,0.4879673365260415,0.4879777381765223,0.9999786841700614,0.13371699561970843,0.13369852968489152
111,24,59.02926229196179,17.17207897911148,0.5862426434200929,0.596174033728183,0.9833414577854322,0.3027203447999861,0.2909079041878837
112,64,1671.5102453716477,450.99537120977465,0.8047875406871692,0.8052690139793108,0.9994020963382629,0.2702496875344025,0.26981310611679754
113,4,84.08379816851921,61.0917901076065,0.1604818944192235,0.16239048915346224,0.9882468810569621,0.7297721945208167,0.726558402906199
114,14,34175.38045011915,534.4697529363212,1.1569004563113245,1.156934308178987,0.9999707400260991,0.015667830995673926,0.0156390286193422
115,22,21.262951186517284,6.888974799093483,0.5810492572174505,0.6083760968513527,0.9550823252666695,0.3543544040051232,0.32398958821208895
116,12,13.25925877905654,11.29379085044242,0.07561406672819337,0.08131680381087474,0.9298701275083968,0.8621619847799575,0.8517663799036305
117,15,10042.450932326883,871.7445421301775,0.7272274688204062,0.7272998841574312,0.9999004326295077,0.08689687917138841,0.08680595484156278
118,771,736.339530282627,523.1150729411391,0.15678921037757376,0.1570021409672399,0.998643772700459,0.7108191700236693,0.710426442459708
119,5,30342.986288157197,8276.601638122413,0.48898899523759765,0.489005110625536,0.9999670445408685,0.27279216249029997,0.2727681962323119
120,76,2833.189333641995,38.11481378318199,0.7680623545976608,0.7683334492066508,0.9996471654211203,0.013801058849134332,0.013452970943592511
121,232,4627.440314507126,61.43594810457904,0.7391461005280555,0.7393058316213363,0.9997839444970554,0.013489630169559124,0.013276443115209074
122,193,51.21727863620008,27.62082559624452,0.2543188626737315,0.25928435223986357,0.9808492509353649,0.5481102490163646,0.5392872548429833
123,12,202.2114644295999,75.23480452978919,0.4536010935562735,0.4558442952206095,0.9950790177965255,0.37515011637643014,0.3720600349837348
124,75,4253.933266026564,3750.175810163447,0.04786515446855474,0.047876406444426284,0.9997649786876839,0.8816062616339112,0.8815784300411329
125,5,43.54419926704899,22.426846743504207,0.36612004668461723,0.37452805631270264,0.9775503877843924,0.5259236248261381,0.5150363796096987
126,4,20.42449592431997,14.401533128091705,0.24845323060175772,0.2606177036698993,0.953324456102379,0.7188749356109092,0.7051108228792775
127,35,16.79526152904096,14.47776131947667,0.0845342032416576,0.0895674206819153,0.9438052653304332,0.8697686906268701,0.8620146399294192
128,77,1122.358558309453,269.4065531098319,0.5861420897494173,0.5866643311360134,0.9991098122744486,0.24071259448698898,0.2400360839370479
129,23,60328.67457304882,13229.18971086039,0.2619317912140387,0.26193613296019946,0.9999834244091806,0.21929821111235923,0.219285270304453
130,315,106057.52982802808,4351.159123932108,0.47531685442289706,0.4753213361117992,0.999990571243995,0.04103544647459334,0.041026404546546553
131,11,49.07173985979586,25.52544886335026,0.4355448607819522,0.444420536721431,0.9800286548300485,0.5297488950378646,0.5201659638781849
132,15,75596.59338346666,6973.730624927444,0.8163543096132438,0.8163651084372792,0.9999867720656803,0.092261278603782,0.09224927093675933
133,8,6335.750202259029,2005.218337289408,0.7564996782261032,0.7566190799787096,0.9998421904023227,0.3166005086604484,0.31649264463968957
134,633,3716.539150187512,93.52260210843386,1.3048707674023095,1.305221865753402,0.9997310048503594,0.02542612149859031,0.025163895314735302
135,11,26.074020897692755,19.406941107637152,0.2091758103926403,0.21719819448189864,0.963064222939814,0.7537462272320337,0.7443018161174535
136,4,11.304781184797342,10.938020075110028,0.017857557443814905,0.019437203891800092,0.9187307774935886,0.9701936097701234,0.9675569917106813
137,5,8742.756895131066,3085.5990059880723,0.4929253385178209,0.49298171951347586,0.9998856326848983,0.3530060411110967,0.35293203768555836
138,725,50942.606069271904,934.2720588863585,0.8720184589872066,0.8720355766520902,0.9999803704512271,0.018358968495763683,0.018339698947005826
139,74,172.80317470894363,130.7722630758858,0.1525969025091026,0.15347997021180038,0.9942463651675254,0.7581694827873878,0.756770026338628
140,50,85.5291489272576,78.90154514874634,0.03653476410274753,0.036961925655983836,0.98844320078959,0.9234061138855892,0.9225105842670313
141,888,24797.62310513572,12967.887985838655,0.36371455921045115,0.36372922652584944,0.9999596751805226,0.5229680668501646,0.5229488298478469
142,13,254.37191057824904,69.2466248596325,0.5572832301723563,0.5594740508054423,0.9960841425443556,0.2750757696904495,0.2722259100944681
143,23,4973.934617038612,1025.2500882923953,1.4036563842323873,1.403938586652062,0.9997989923331706,0.20628413583117253,0.206124560781382
144,20,680.5220905138797,168.0166626646393,0.4775181648614434,0.478219858710207,0.9985326961313231,0.2479988029987374,0.2468937673099864
145,37,168.07585694571216,31.746895786664393,0.6845544473381991,0.6886273371617465,0.9940854950075984,0.19368167861588279,0.18888433094182297
146,6,7964.312277796907,3359.0569997142816,0.46699346624883675,0.4670521020041864,0.999874455644032,0.42183619204489314,0.4217635977281727
147,267,167.0466792177767,32.72735142987097,0.553711347522893,0.5570260578189357,0.9940492724720607,0.20070227859821432,0.19591740214844214
148,9,1205.7852821989343,113.8912620518775,0.6171700057537715,0.6176818464727328,0.99917135217445,0.095204394473994,0.09445401576322057
149,15,2090.562688417525,319.61577678428887,0.5582313340865537,0.5584983585279537,0.9995218885833365,0.1532900632430322,0.15288504791321308
150,21,91.07269992246718,27.097726845491756,0.5032798100868605,0.5088059426218059,0.9891390173108632,0.3051689248729793,0.2975395136913788
151,185,10.075836313680286,6.836838054253426,0.12898327166859494,0.14178451889543509,0.9097133641488676,0.7075617436286756,0.6785380231882917
152,687,154.75204002127998,6.495160224786225,0.4110937903780846,0.4137502580428829,0.9935795383491386,0.04812238879029887,0.04197140292233352
153,78,1722.7719870768326,227.61589348344592,0.7475835506252317,0.7480174928742541,0.999419876870319,0.13262536762250793,0.13212189145799863
154,83,39.4589695031756,12.55104778676266,0.6658720870448835,0.6827471371394199,0.9752836018247698,0.3349330927892033,0.31807844819040626
155,240,15.138410439081106,7.175780724690893,0.5007760674365246,0.5338558989982142,0.9380360287789941,0.5066038415339997,0.4740115056047099
156,5,26.869241734706144,17.31453919634129,0.23022522337756057,0.2387935791819667,0.9641181482611104,0.6571595801092003,0.6443999933938088
157,442,22.176188283438485,6.498020669453583,0.42007694321946687,0.4390196459892293,0.9568522663101341,0.32352259904669517,0.29301792473986177
158,6,89.507449163368,38.991361071839876,0.380855297074485,0.38511030937384516,0.9889511856842306,0.44185712271765126,0.4356214084558848
159,168,7.459372034045231,4.160831352978785,0.17736673350823967,0.2011444366042539,0.88178791570161,0.6100726309481037,0.557799146360898
160,6,17.7867832838398,15.577459037499569,0.1128823046068564,0.1192287194029154,0.9467710898192888,0.8824000781314878,0.8757884317201124
161,44,2991.6362242971063,137.97822314883578,1.0935411852553867,1.0939067180619404,0.9996658464560841,0.04644006579231935,0.04612132385221875
162,12,3200.4757449582735,833.4751650734969,0.44014095544839255,0.44027847905129497,0.9996876440492872,0.26065328353264566,0.26042227202829915
163,41,211.77008204471048,157.20770823860224,0.17337510235321366,0.17419379732976192,0.9953000911106012,0.7435618143219836,0.7423508869652862
164,15,637.8227041752999,56.2632286567787,0.4422275097370824,0.44292084897828854,0.9984346204456045,0.08963868735802641,0.08821139211330936
165,51,4908.443110303973,42.66026330482031,0.9797522400293665,0.9799518455291168,0.9997963109099074,0.008893119305769293,0.008691200518401937
166,58,10.960617484892884,6.885872467084485,0.21347142924158274,0.23294765214013866,0.91639227646373,0.6593198450702822,0.6282376404956512
167,42,8867.827426570919,5709.606339445983,0.1774509928513806,0.17747100350160136,0.9998872455227844,0.6438964323893668,0.6438562755899072
168,88,12968.63755408021,49.177087663870125,0.7139508163123649,0.7140058684189053,0.9999228968430437,0.003868811865762938,0.003792001084061291
169,201,624.6793433815525,75.23090852421892,0.8020487204082086,0.8033326570853309,0.9984017372307749,0.12183702295847043,0.12043124095791988
170,53,15.731746965013654,11.368241785557156,0.2107787425733897,0.22417704748142991,0.9402333777763305,0.7392080343683982,0.7226306023634477
171,462,22941.695705401748,67.57803472174838,0.12117450050293968,0.12117978234880052,0.9999564131428654,0.002989101002006578,0.002945642536172109
172,6,20848.760712579544,868.23717562861,0.7870941221630717,0.7871318747246275,0.999952037818861,0.0416905108701877,0.04164454605230999
173,35,8342.975339762437,1863.0272989769264,0.3615434210486689,0.3615867561187518,0.9998801530494422,0.22339798753887466,0.223304902999986
174,7,26.199091120632573,25.154191900280303,0.01926232726347432,0.019997556099267986,0.9632340655956165,0.961583303805338,0.9601169668237315
175,11,1058.4149555882775,990.9534328210802,0.06074481240547741,0.06080220465233176,0.9990560827986006,0.936321908227417,0.9362617445917499
176,52,1252.5284864510263,58.83404296880551,0.699565536336136,0.7001240589916314,0.9992022518747609,0.04773249560383497,0.046972219478623345
177,8,6438.034990551386,5148.511732292648,0.11868879265748632,0.11870722821939796,0.9998446972253655,0.7997334600369498,0.7997023532566578
178,536,783.7825272248971,0.7598160107254043,1.3846777331962055,1.3864443938260345,0.9987257616405706,0.0022424250664045296,0.0009694219816505097
179,884,20674.12836622623,5644.452484005379,0.1800403837496164,0.18004909223688903,0.9999516327065888,0.2730552567319236,0.27302009468153915
180,54,839.5461438877245,378.12978416716606,0.243552129739695,0.24384222949360715,0.9988102973200557,0.45105172027034857,0.45039785712807073
181,23,583.8185036478092,80.69362645640358,0.6244962449744464,0.6255659202948968,0.9982900677838299,0.1396905637336012,0.13821697317268028
182,441,279.05317806460283,14.047323302158436,0.5691826450023721,0.5712223373970262,0.9964292495914137,0.0537302358293085,0.05033923426203151
183,637,47.65914812745797,26.495319162910093,0.1162357037830892,0.11867459974220773,0.9794488798410406,0.5650596079259083,0.5559335448475061
184,389,155.99000288032786,134.21945540235885,0.07881715580810747,0.07932242636617379,0.9936301676434625,0.8613252622553009,0.8604362646581211
185,5,666.6555426127185,318.52337851367264,0.374885308379764,0.3754476457255402,0.9985022216754363,0.47857519052907194,0.4777930402638429
186,5,3509.9145879442767,677.7997132807005,0.4528478096081258,0.45297682921765237,0.9997151739311934,0.19333985384080613,0.19311003054284614
187,478,18330.563267045192,43.35621845296338,0.5626407750614527,0.56267146919599,0.999945449278633,0.002419663713716273,0.002365242018007678
188,58,3364.2687615430873,85.45837822002827,0.3568695953805889,0.3569756718033349,0.99970284691332,0.025691373957420337,0.02540176908483112
189,138,26.584006527312848,16.010150423557512,0.14081472618870766,0.14611169773601873,0.9637471083466489,0.6166671403124334,0.6022474605965966
190,186,37173.40263670395,3888.3428951219985,0.2050117814782751,0.20501729649080921,0.9999730997694901,0.10462422041132886,0.10460013394853343
191,129,3845.1049459432684,119.85842523815842,1.4230721649617244,1.423442264656003,0.9997399966943036,0.031423590083165955,0.031171691520309117
192,316,45.654341521870066,22.00243722157707,0.10758263888827395,0.10993909909122614,0.9785657675710365,0.49303958583992147,0.4819352659163228
193,4,6840.906770555828,2599.5358528584156,0.4119269592686673,0.41198717452566247,0.999853841913733,0.38008934352187196,0.37999872532208206
194,290,26.86427700226235,13.386776024944423,0.27704264921930055,0.2873553276210297,0.9641117549930038,0.5163161428439839,0.49831142017397556
195,47,50.22532511303402,19.121533495188643,0.36555261590313526,0.37283086875825255,0.9804784059877923,0.39280440779611236,0.3807149769992509
196,736,16.136266844944434,10.200638074279665,0.09320972861735001,0.09898614081436034,0.9416442327230083,0.6536218288164726,0.6321560105753687
197,29,2238.166222977945,79.25707067375129,0.83616446011825,0.8365380536661883,0.9995534051962119,0.03584239073015965,0.03541161056764473
198,7,109.79236401025977,77.24036480746508,0.24969850841254307,0.25197278778218307,0.9909741072055527,0.7061891449506371,0.7035130858485495
199,64,50267.807087602516,5776.711135258245,0.6262520543552691,0.626264512667868,0.9999801069478681,0.11493630881650992,0.11491870184810485
200,470,228.14947045343604,59.87392678743572,0.4390433064950156,0.4409676734708514,0.9956360361731527,0.26565161449851793,0.2624328983470318
201,150,135.87840714392544,25.41644161843159,0.3886774783759738,0.39153795846656164,0.9926942457845191,0.19299202971185314,0.18705283755284186
202,5,226.82809313355347,65.78731541606308,0.7285103408794533,0.7317220697742975,0.9956107256737043,0.2931478488779352,0.2900316028197105
203,72,5120.330861864589,223.40263130019898,1.2918148743926754,1.2920671656818992,0.9998047382551583,0.04381724933477503,0.04363050695885032
204,5,19.709008786656433,18.912907861227282,0.02615571043458496,0.02748280459328729,0.9517118366068624,0.9615577484354486,0.9596072570646914
205,101,355.45550225544787,62.35052421956504,0.4322461662706895,0.4334622008053303,0.9971946007463129,0.17772351336623762,0.17541020978416835
206,4,29.198412065347636,25.422407912058382,0.07918283403735377,0.0818947224051231,0.9668856760469379,0.8749601752198692,0.8706777565561322
207,49,305.15324582617245,51.103101167847576,0.3793565205796161,0.3805996878267891,0.9967336619368464,0.17018634255287515,0.16746700835342893
208,421,222.99851516845774,20.755697566363622,0.74986367476641,0.7532263145319703,0.9955356846930531,0.09712429365883199,0.09307549671657829
209,6,98.40125868742503,60.15840966590432,0.3054020324767164,0.3085056719682278,0.9899397652182191,0.6152679601193148,0.6113581316779654
210,780,23174.61006830333,438.74019993578025,0.13560676451970405,0.13561261604273375,0.9999568511898048,0.018974266422319613,0.01893193450257269
211,107,26.18585308974608,10.672664370701973,0.20883304508632552,0.2168080781841818,0.9632161625865188,0.42936538839403393,0.4075736747672048
212,147,925.939518639939,327.05907805952154,0.30081758154444405,0.30114245976325715,0.9989211809617664,0.3539163790760258,0.3532186190086372
213,581,44.822757228149264,15.071988579050704,0.2157811545233636,0.22059525271516,0.9781767824441239,0.35074250331618106,0.3362575064789924
214,7,580.6928640120306,449.95526059178474,0.20742155950156152,0.20777875617532202,0.9982808797187183,0.7752463344340736,0.7748592904741856
215,30,90337.49984663489,34697.82206940085,0.18414139903181723,0.1841434374034718,0.9999889305224051,0.3840978334631199,0.38409101567241744
216,17,30.030328234131417,29.491634289808005,0.01157562171764451,0.011961086093105033,0.9677734636754496,0.9826397600354455,0.9820616697851756
217,7,84.59836805610894,68.12547933198348,0.11494109998566329,0.11629976803833103,0.9883175342858815,0.807556042267913,0.8052812471134196
218,14,433.2340257264932,144.19491457552297,0.33347267416303633,0.3342424028878377,0.9976970943298907,0.3343701920470311,0.33283377115572005
219,90,64309.937854388016,280.7406634689114,1.3489812460189854,1.3490022222676186,0.9999844505455314,0.004380913618563998,0.004365432044182201
220,7,153.5878812220976,23.56199276354098,0.6022611019384136,0.6061823820364672,0.9935311876190132,0.15888692289049863,0.15341049421385586
221,153,47279.05089032709,127.95084071133209,0.10607055495716768,0.10607279845725831,0.9999788494305489,0.002727383712222565,0.002706290382354308
222,13,38.412458358832716,21.77102718093718,0.20229455027566717,0.2075609289173547,0.9746273122347392,0.5777621627561828,0.5667699520182118
223,311,2656.9011442045094,2083.2324882835796,0.07072847183913349,0.07075509250283164,0.9996237632832281,0.7841647883813133,0.7840835526860789
224,8,55400.66509694616,48990.26756135891,0.07698409544894624,0.07698548503687472,0.9999819500009929,0.8842923308465578,0.8842902422855459
225,223,509.5394720259573,273.4118756846282,0.5978387453054298,0.5990120376176593,0.9980412875893182,0.5374939465418579,0.536586252282924
226,76,5141.527801671981,38.73758203957564,1.4190778296697677,1.4193538328121036,0.9998055431028152,0.007727246905044603,0.00753425509572826
227,14,291.29019641974634,20.956758851136264,0.4214980659992815,0.4229450699533448,0.996578742591271,0.07511972389113261,0.07194460750384396
228,4,458.96317605232355,161.16665221408203,0.3892754404529069,0.39012360313951105,0.9978259129163717,0.35256442397387616,0.3511537757785353
229,606,14.59170179548209,7.909575268859238,0.1418483719767634,0.15156953911442264,0.9358633192760416,0.5714305844048987,0.5420598213779435
230,225,98.21829251732287,61.49867726461894,0.08996971002795513,0.09088572788697141,0.9899212133707564,0.6299108327600688,0.626142805870631
231,305,28.255541533047356,23.958268229108718,0.04398153276221779,0.04553809584244676,0.9658184416490672,0.8531125018115151,0.8479139641010739
232,137,242.94844297743128,16.638286929220634,0.7192865988754216,0.7222472541900237,0.9959007731806161,0.07230333882824752,0.0684848469301211
233,897,12435.744146794505,9231.112580506564,0.09607069578861233,0.0960784211562827,0.9999195931034522,0.7423255211763832,0.7423048007051527
234,12,8680.13068220667,474.5690627103363,1.0176991676763942,1.0178164123590996,0.9998848076320231,0.054781926470141636,0.05467303201818742
235,283,61.67285582753502,20.52420904873026,0.38798267413389176,0.39427365367307293,0.9840441290444489,0.34343750200184275,0.33279161104725163
236,90,152.2899195186793,140.97926830091347,0.031099364811791978,0.03130357639001122,0.9934764138232971,0.9262139920662718,0.9257294819413276
237,44,40.10307357938936,2.4489317979519583,0.2589489562169684,0.2654060412507213,0.9756709191572128,0.08390934053363307,0.061065937829028805
238,4,17989.302661772017,10702.114502129692,0.23894256920888024,0.2389558516897914,0.9999444144982548,0.5949379898356558,0.5949154730089738
239,296,4131.688426821291,212.31951644914542,0.7094665489071805,0.7096382623752874,0.9997580267620687,0.05161761410918239,0.05138807541024897
240,320,779.9898617560327,636.5304240712898,0.05956558972618379,0.0596419568594592,0.9987195736475354,0.816310755478722,0.8160752533862875
241,26,2851.26452080779,209.30371197676578,0.7571292276086905,0.7573947691682628,0.9996494013817077,0.07373219084084306,0.07340732873057602
242,18,24.326718276102977,10.088164619115481,0.3310801982330149,0.3446899336060861,0.9605160057020276,0.4378050285961335,0.41469484311928145
243,346,11.373185079409996,7.701495604002979,0.2001050381933624,0.21769949715944675,0.919180066120236,0.703254299370579,0.6771626022287951
244,7,2527.464219958408,2073.4997090872735,0.09423724358171261,0.09427452887455176,0.9996045030053794,0.8204584002859244,0.8203873640282017
245,110,11.131821280512465,2.153599970606181,0.3917582644560352,0.42695091214450065,0.9175721454447798,0.25994447970247125,0.19346339797749948
246,5,17607.166214715762,293.5465978134577,1.4447488036025113,1.4448308581924427,0.9999432081689935,0.01672784060655304,0.01667199560870372
247,21,2020.1939947062285,1480.052997362837,0.12687871951950677,0.12694152473517015,0.9995052429392636,0.7327614277708664,0.7326291441521003
248,27,14556.592959334792,12353.97799465176,0.09966677674017103,0.099673623587989,0.9999313073251329,0.848696486374099,0.8486860922170288
249,5,49089.29404323241,10886.116986971461,0.476032482880235,0.4760421801572514,0.9999796293744112,0.22177738388332915,0.2217615306788518
250,121,151.0663034297374,86.7195907950027,0.34986283061165535,0.3521787860740486,0.9934239211617184,0.576850944729736,0.5740498630479626
251,65,7123.146265278646,112.38451691450301,0.24224712613541471,0.24228113458015438,0.9998596323036104,0.01591552344554063,0.015777370382286642
252,729,33268.62648353374,13.074677554645671,0.7525561908808157,0.7525788114777693,0.999969942554044,0.00042304885994472175,0.00039300322666212153
253,58,54.99248407589199,45.17673716941445,0.07146759652110435,0.07276718495981675,0.9821404601616779,0.8246952770808791,0.821507482860178
254,726,20.958699871163812,7.659564122597511,0.44149860614001474,0.4625637775892923,0.9544599632096977,0.39435686873107006,0.3654598887183828
255,333,60.970036526455466,15.73144102646998,0.5870718711954478,0.596700729970048,0.9838631691047478,0.26999243447802723,0.2580192160397339
256,672,347.6499178816427,26.85265749586597,0.3908206362369082,0.391944814946969,0.9971317933872582,0.07988717641207418,0.07724051154531826
257,40,18605.433567975582,5258.461136530109,0.38757230514714847,0.3875931362825118,0.9999462551489866,0.28266895519313373,0.28263040027087477
258,76,64314.72282603317,33582.203267914396,0.21105693728544647,0.21106021891254534,0.9999844517023825,0.5221616393669897,0.5221542096784263
259,140,203.97789407132225,74.97042620351999,0.5658847054037603,0.5686589506619544,0.9951214251442545,0.3706274110567553,0.3675419169555014
260,8,6967.2561074690675,5283.150505414301,0.14571639947429144,0.14573731393433517,0.9998564920713912,0.7583174934902832,0.758282805156342
261,661,286.1928027837228,8.582051906072293,0.21334274708389642,0.21408819820988131,0.9965180185913186,0.03336452659396301,0.029986959219787886
262,43,175.86060441498233,41.37738975114087,0.41672391901255107,0.419093545344718,0.9943458295683895,0.23960898409974543,0.2352851560404153
263,283,501.8154156229175,151.07549578102623,0.26073951429222875,0.26125910676821634,0.9980111986050363,0.3024479581490677,0.30105790112783204
264,69,2085.4087508385032,1195.5366461408473,0.26566817559767836,0.26579556941219595,0.9995207075317345,0.5734910024988983,0.5732864819235772
265,5,567.2212680415377,165.24446380148666,0.8287093751233701,0.8301703735411209,0.9982401221914017,0.29256994264659236,0.2913227572936948
266,153,99299.32780469615,1118.5428689201133,0.334611743703582,0.3346151134317674,0.9999899295397902,0.011274311914881386,0.011264354891909089
267,551,2284.1151538909157,836.82598548539,0.2541367927209469,0.2542480554093836,0.9995623852923573,0.36664497369369126,0.3663676868742297
268,87,20025.13638887818,3345.1653083546544,0.9508904126045814,0.9509378974453409,0.9999500652556944,0.16708990907567164,0.1670483158463048
269,119,32908.573938439156,1181.6262971504414,0.817198836865727,0.8172236692646753,0.9999696137056694,0.03593563074875017,0.03590633551489851
270,418,929.6753190454175,64.69746708962818,1.0020007097150847,1.0030785061125882,0.9989255114221514,0.07059117798139665,0.06959146463741661
271,6,30.41135412651575,14.212541985894891,0.3620437562951725,0.37394864401536454,0.9681643778879355,0.48430073802686824,0.46734327997262487
272,24,178.61113154487566,26.540670031751453,0.39816366936466957,0.40039289027559943,0.9944324163463656,0.15333498427891395,0.14859471412666778
273,37,1985.5033362190816,498.45217528827874,0.6932114144301189,0.6935605507935713,0.9994966029093597,0.2514227719541049,0.2510457505639161
274,513,28.491995955951378,14.984140310847705,0.28831899976447206,0.2984382978371734,0.9660924950114064,0.5419823173284466,0.5259070067963362
275,48,22.864437217453276,9.703465228752913,0.2681755028893861,0.27990443810606735,0.9580966443546112,0.4485111101184873,0.42439116854124437
276,397,336.8965582258571,2.807557837380223,0.4966958299324846,0.4981701573419071,0.9970405143951434,0.011268412609385539,0.008333590144598694
277,5,27039.241748835357,23161.716701690904,0.159392746208888,0.15939864107634355,0.9999630180821132,0.8566016871017265,0.856596383760966
278,369,749.5585888039171,119.94819973049474,0.43757390145012204,0.4381576768987476,0.9986676589743732,0.16114424847664005,0.1600251154774946
279,7,746.6370352999384,279.27876623984474,0.36313947835307736,0.36362584517013086,0.9986624525634972,0.37488614529027714,0.3740489060091335
280,77,6145.175746209134,1174.1030994900057,0.21342088381295674,0.21345561363886031,0.9998372972005208,0.19119256396382597,0.19106094731534606
281,117,1158.8045792539788,31.420705828446394,1.0506005841660817,1.0515072086332051,0.9991377857805636,0.027953593569444577,0.02711475807998151
282,645,18.989468580518608,15.126013346496256,0.060684364672793895,0.0638800499240942,0.9499736575801428,0.8067254655390085,0.7965474801129564
283,85,5909.987383275257,2914.093110521531,0.1617644947131435,0.16179186609047855,0.9998308235265687,0.4931651721621994,0.49307941312500214
284,8,5154.816288212607,640.251913048024,1.0521377397779939,1.0523418474863875,0.9998060442917088,0.12437446898836849,0.12420460347191663
285,62,892.7058450648997,184.96378348850973,0.23376416100400887,0.23402602123747354,0.9988810636010473,0.20808164623227376,0.20719454735401993
286,17,28.690388877596433,8.424203245085595,0.31899963412070886,0.3301183274044311,0.966319066950498,0.31741595854262605,0.2936245751504551
287,10,310.15989441460886,44.58786605635897,0.4234454539147843,0.4248107028123376,0.9967862182178672,0.1465094534182315,0.1437576774409001
288,119,25020.43375206882,1839.2668066253611,0.38780721406271584,0.38782271368266275,0.9999600342646264,0.07354761621017038,0.07351058837951924
289,10,44.323995923786434,26.92126756274117,0.3042509137483619,0.3111151620501511,0.977936632028616,0.6160372004642213,0.6073745609270281
290,868,20864.18605645415,8220.86231830534,0.595738601945341,0.5957671551129716,0.999952073276639,0.3940469208402818,0.39401787810276406
291,19,596.0434497223896,153.8468433555448,0.42799851121775373,0.4287165771765645,0.9983250800248039,0.2593560710322586,0.25811347046461086
292,6,14.342588123881749,13.407963523517234,0.050367845117347466,0.05387961333395542,0.9348219484271094,0.9390829895961483,0.9348357080122606
293,9,67.43086959663668,38.25035423383374,0.25130079198481864,0.2550275834897787,0.9853867120804622,0.5735767273628635,0.5672528689403346
294,327,539.4364753135807,229.5334780072252,0.3528621971961866,0.35351632833737623,0.9981496437681788,0.4265690576740983,0.42550603919357644
295,6,28006.398407344062,8626.325064731058,0.7262363733705145,0.7262623044582184,0.999964295148537,0.3080373599594603,0.308012652654009
296,12,1146.5812479075723,42.18349151058652,1.0356778229495633,1.036581097641034,0.9991286020037157,0.0376300079748816,0.03679066929410221
297,11,811.068526679369,665.552831283343,0.14606950899318952,0.14624960414444788,0.9987685768292373,0.8208086009797049,0.8205876684775476
298,8,35794.52835395347,20964.440217012874,0.22179845739352771,0.22180465382822298,0.9999720635496672,0.5856999793298854,0.5856884049345875
299,213,263.8946221592512,115.71838636522259,0.2011376504482645,0.20189983972215914,0.9962249139229457,0.44062195530361886,0.4385022529765331
300,175,203.9906718617455,169.56819310921063,0.08912985911896867,0.08956679017226397,0.9951217292430046,0.8320778285182123,0.8312546429776716
301,233,11.0275141731226,8.559930997737622,0.08093896253522619,0.08827869125962891,0.9168573002196365,0.7948384728658906,0.776233960197555
302,10,19.441345607776885,6.873033427198207,0.3393011573203957,0.35675371251722676,0.9510795414750215,0.385152405241019,0.35352663163648873
303,14,3383.5077321941217,2152.057105961846,0.3493296977172232,0.3494329425522782,0.9997045360569016,0.6361507422428176,0.6360432061333845
304,32,57.2954546435097,29.628013311143736,0.1320085623742968,0.1343125594923169,0.9828460039274891,0.5253928200481698,0.5171093151365704
305,5,157.30766650729447,119.3878583989559,0.1416635589356238,0.14256410982472528,0.9936831865312479,0.7604676454087502,0.75894494559437
306,30,382.0249588317891,124.27087939461224,0.6281654647464926,0.6298097695235088,0.9973892040794157,0.32705670089146005,0.32529518431106075
307,497,10.467956626027235,7.465437608875321,0.0769428216599246,0.08429314077269356,0.9128005073082995,0.73818186490717,0.7131704759182386
308,230,273.15714106955664,0.8928760479148037,0.5515818144123437,0.5536010983023881,0.9963524568570464,0.006904347049032585,0.0032687267278414004
309,17,236.27266015185256,139.17159907197566,0.16674938982106932,0.16745513965143016,0.9957854394207911,0.5907616957734068,0.5890296362792462
310,54,16276.611830196258,8109.431716257719,0.2821129894748116,0.2821303218897159,0.9999385659265967,0.4982568573856901,0.49822603136686944
311,10,74.4531474806513,40.59094172942017,0.17180581624922017,0.17411338580219127,0.9867467424038683,0.5512154644057159,0.5451877201023483
312,190,20397.08415952206,612.8681498620816,0.5912537677235271,0.5912827548945905,0.9999509757881091,0.030094402251768383,0.03004685106307088
313,18,1309.5021603661614,1103.985715259746,0.09167947433796213,0.09174948527579238,0.9992369337264421,0.8431773320778098,0.8430575746061013
314,7,180.63122389240397,14.271767871409708,0.6411362093550447,0.6446856300783244,0.9944943387014095,0.08408118133067533,0.07901052522298652
315,139,18.654850764699898,10.712575540450617,0.3334087749948659,0.3512812725666913,0.9491219744188547,0.5959127179681463,0.5742514735481965
316,6,35650.527062395,28834.40790336959,0.16221538671442884,0.16221993686838396,0.9999719507106034,0.8088127011475195,0.8088073383292218
317,214,64.30470435104314,1.9976346410095804,0.48969239484282867,0.49730758256174845,0.9846871674875896,0.04590227719117907,0.031065139964012216
318,108,26.379627093586713,13.187207036050815,0.1631397810897351,0.16932409069013107,0.9634764930661078,0.5181665545537677,0.499901192282465
319,515,492.88208699711964,214.30565049298792,0.3747216939123105,0.37548196032043935,0.9979752252079435,0.435945453705519,0.4348010531253904
320,605,186.392361401528,104.2381703100406,0.1253561705090352,0.1260287097137883,0.9946636031878733,0.5615926365565426,0.5592405693358315
321,271,15101.923521226588,11255.634307180571,0.09740286323036693,0.09740931292951244,0.9999337876538542,0.7453281671829827,0.7453113036468603
322,21,1784.0996879254428,1048.5458874552255,0.4137034863704623,0.4139353699861427,0.9994398071957751,0.5879480538562848,0.5877170959401256
323,305,924.2914423383402,601.4588287180648,0.14403404843888942,0.14418988029217855,0.9989192594308743,0.6511016974236437,0.6507242209193782
324,586,202.27002310408014,47.46300026540093,0.5415507798478024,0.5442281453394213,0.9950804354487233,0.23841685815417293,0.2346516776783001
325,753,28053.040721846384,1241.4431902976792,0.8986895630159782,0.898721598386829,0.9999643545109985,0.04428749507482384,0.04425342702086843
326,786,35918.320444071345,958.9458099232771,0.17106566870862622,0.1710704313385765,0.9999721598296503,0.026725054874520066,0.026697957979868743
327,482,7039.863864946832,5711.688250047515,0.08779482075198616,0.08780729184836476,0.9998579719734423,0.8113618384937561,0.8113350427822018
328,94,298.399401064136,45.495413341556294,0.32987869851206764,0.3309841923479656,0.996659979958391,0.15529561240370102,0.15246482794306215
329,627,21124.525952537868,18379.806240662198,0.0824427852017054,0.08244668790633353,0.9999526639004279,0.8700756744214484,0.8700695240195
330,279,8449.319365146073,380.88862953589444,1.073723289700341,1.0738503677812252,0.9998816612773093,0.04519221262938541,0.04507920852265117
331,295,150.4239662568077,47.64058182926147,0.3050275559806286,0.3070553416026343,0.9933960255782492,0.3212211582595149,0.3167087201246126
332,5,3793.0945304674897,58.093167680003894,1.1781195561241284,1.178430152010063,0.9997364325026775,0.015575038314272767,0.015315507486928899
333,586,419.2549499689789,28.7947200237529,0.40045627285050484,0.40141143455552497,0.9976204920368604,0.07089677355603353,0.0686806918460556
334,723,31.85936639804795,17.992091048400464,0.1694012529065176,0.1747184099017332,0.9695672768644923,0.5779810486403266,0.5647347415390802
335,7,69.5467815830426,19.470412470703565,0.5193786129474944,0.5268466596510982,0.9858250089152136,0.2901679142741227,0.2799613731579346
336,18,13.541855831987835,7.614050955465515,0.2810012757178011,0.3017518492879343,0.9312329862464809,0.5923625605280117,0.5622605239586157
337,713,516.9058253463505,277.8411545823686,0.14462049218279657,0.14490027330556857,0.9980691470320281,0.5384012709181114,0.5375082673835264
338,461,1381.1013200913403,368.2190639801033,0.5241431953503843,0.5245227063882246,0.9992764640439429,0.26714326845133346,0.26661263632399596
339,399,144.6908537581752,83.84948031405293,0.13869004416126834,0.1396485708446001,0.9931361511432981,0.5823940084453774,0.5795078136327282
340,969,36.08002480330088,14.355177913172088,0.36317194235501715,0.3732376766313914,0.973031301750613,0.41410915970598716,0.3978705112159115
341,128,97.46355758259222,17.467421818774913,0.5886205890552124,0.5946599806355619,0.9898439582668827,0.18755590669455807,0.17922003107646398
342,95,15.373876844318053,8.515411110414123,0.16880550179150194,0.17978552351932586,0.9389271087410793,0.5811336680302498,0.5538883390731263
343,6,882.8825191105138,725.9788102953465,0.10910741604373649,0.10923099694343949,0.9988686279246632,0.8224835253297398,0.8222824606684425
344,45,12.16241280595436,11.655028903118245,0.016349847453523168,0.017694140540296124,0.9240260874094731,0.9614520597160888,0.9582826277210624
345,421,174.2029890967442,15.72149026092298,0.45607254576320855,0.4586905981176944,0.994292334821709,0.09544066769140365,0.09024810849940124
346,7,4649.365413841582,3643.92855892912,0.1353689558454147,0.1353980714222292,0.9997849631349348,0.7837940106986369,0.7837475084407894
347,454,4463.827397707363,512.4655761373062,0.3372031070786486,0.3372786483299191,0.9997760271762101,0.11500233500649204,0.11480407517560161
348,17,11.809166460056078,7.221258956441333,0.20611084416468212,0.22356430668143482,0.9219309075950894,0.6418262251551176,0.6114960764476379
349,180,551.5448303760949,63.1767557448902,0.7073683651572913,0.7086508871322953,0.9981901920984054,0.11614759964582003,0.11454509636471505
350,922,25.185096344068217,11.321308328157537,0.14234630615614208,0.14799831177928782,0.961810337191044,0.4705466104175216,0.4495241222622528
351,862,1012.8752202025339,805.8062231473477,0.09280742848124587,0.09289905618289176,0.9990136853331911,0.7957648111630329,0.7955631721212602
352,9,669.9550473712768,233.3901984929903,0.247198124130253,0.24756710131028944,0.9985095871863282,0.3493381552330571,0.3483669529899813
353,202,42.45727981626896,39.38248491154935,0.03507569782236762,0.03590183878038837,0.9769888956642512,0.929245573636468,0.9275790884855182
354,24,2223.811389220474,632.0068667134366,0.46197610434982334,0.4621838450361914,0.9995505236961456,0.28452158676481265,0.2841998515597933
355,637,208.68091133919043,17.244077104867223,0.8313618831458222,0.8353457735640241,0.9952308486565934,0.08700876483388935,0.0826337061411365
356,16,16.622250016328564,13.519632877297527,0.060799907266540276,0.06445764958222043,0.9432535573452079,0.8239375144401997,0.8133455376989734
357,244,126.19063069444809,64.66932217138215,0.3887553318107276,0.3918360306682523,0.9921377856643996,0.5163062861850298,0.5124732463535215
358,9,582.4263988091807,453.572065690411,0.1063813979240316,0.10656405001216071,0.9982859877406286,0.7791420933612679,0.7787628902429163
359,258,50.39544606266649,23.949100274220584,0.32969844458634345,0.33624067152042725,0.9805430232324338,0.48543406440718767,0.47522350024325605
360,63,22801.089407120024,3911.7671749865362,0.5117496986351993,0.5117721427250185,0.9999561443698367,0.1715968701431704,0.17156053840852978
361,344,45.536184504284414,1.7972507888366975,0.5582592681643082,0.5705189529455788,0.9785113452971649,0.0601091563185453,0.03946862936370081
362,32,1192.4758323331089,56.491145809094014,0.37604990993161275,0.3763652621590838,0.9991621112276358,0.04817118558379636,0.04737299010795688
363,58,8.054443543214044,6.0995625234701745,0.09919779368225377,0.11151370267708788,0.889556989866102,0.7840970557258621,0.7572916106177344
364,162,68.91597261801603,18.76016798695675,0.3906256821430513,0.3962938265122557,0.985697116659401,0.28262737750808214,0.2722179964133955
365,698,106404.03088279675,2424.993396537539,0.43913821130384967,0.4391423383863264,0.9999906019481248,0.022799611789124215,0.022790427922873065
366,174,371.9778612322724,219.10020759239418,0.13533393989145517,0.13569776245724746,0.9973188757190679,0.5901160108141821,0.5890141065561492
367,403,315.5582078649642,18.98564138902356,0.4673731845715111,0.4688542843271908,0.9968410233089688,0.06313417530323186,0.06016525926382503
368,124,13.100774669650646,8.148687461997037,0.14993842705225566,0.1613834317052708,0.9290819105029519,0.648807436210432,0.6220004287894783
369,416,4603.937653785396,386.6212530892845,1.2978727579967426,1.2981546629345582,0.9997828417939213,0.084175135958822,0.08397621387670211
370,662,89.55287078719158,7.201112423285209,0.3026721328163293,0.30605194778100625,0.988956727806564,0.09056711677930847,0.0804118545836183
371,36,19.53554966024754,6.691923138556532,0.25304752575413847,0.2660007075255763,0.9513039574520967,0.3745662164303525,0.34255105461269814
372,121,793.7199216756334,53.14959688425729,0.8717392642409569,0.8728375600508954,0.9987416950642288,0.06813670502947146,0.06696265953871036
373,7,30335.932324789424,4690.351181686957,0.5057864047181021,0.5058030775666337,0.999967036878044,0.15464158114146173,0.15461371457023498
374,209,17.833231903972464,7.422101344808632,0.5502655559650866,0.5811217439476201,0.9469023689030733,0.4471936302675788,0.41619496593633776
375,60,86.55475974355122,49.86697632780893,0.18799054042824104,0.19016246651278254,0.988578576391175,0.5809732843399813,0.5761321096096541
376,102,17.074643300934042,4.559589021730302,0.19558860196316244,0.20704351780040653,0.9446738735945994,0.30759052497832695,0.267038610492137
377,38,9770.30403011237,708.2535750392124,0.23692708029012075,0.2369513300043117,0.9998976595143377,0.07258535532754844,0.07249043354806091
378,39,8030.68205868589,11.832471924233671,1.162643282770412,1.1627880579307626,0.9998754930794455,0.0015977315623887216,0.00147340809133837
379,191,2448.520703078755,1243.5947383300486,0.3446797928368817,0.34482056346316375,0.9995917568695201,0.5080972521545711,0.5078963542216981
380,561,52.77521614395425,9.602614531970408,0.5440691635501301,0.5543783428070387,0.9814040728851183,0.1971654470637106,0.18195310665857786
381,200,2109.2541569570008,1091.6653461051628,0.13237598841353332,0.13243874803307795,0.9995261234308183,0.5177885054759437,0.5175598884110283
382,7,7267.42475053417,2263.3738346256728,0.8441511206604796,0.8442672761281503,0.9998624186072882,0.3115357057881434,0.31144097287822764
383,22,23.027294904087228,10.306591984971769,0.32677559901647973,0.3409663930449385,0.9583806664881825,0.470572822704583,0.44758153434437503
384,83,21.641337936807563,8.858247044783472,0.4645645545105708,0.48603109026113744,0.9558329987922523,0.4354092091332253,0.4093206746574284
385,27,13.68837179388115,6.154519215384502,0.3677263145425404,0.39459045295722894,0.9319189346489322,0.4870872902580609,0.44961660218314925
386,920,13151.14276270352,1982.513168240337,0.49543290546660074,0.49547057769892355,0.9999239667620673,0.1508129286632387,0.1507483573110255
387,5,65656.87779849452,60549.34165775847,0.08450766789655574,0.08450895500722459,0.9999847695351488,0.9222098503334026,0.9222086655352174
388,28,130.80988630220355,44.12066649593517,0.46510588654897383,0.46866147320757306,0.9924133156620185,0.34231625382398084,0.3372884706436132
389,865,45.95458780243988,37.72821097174033,0.05619231627106564,0.05741509551810487,0.9787028265649467,0.8248014258944877,0.82098899752806
390,289,5652.826744737863,21.811367742753283,0.7582901870851637,0.7584243306245515,0.9998231286445184,0.004034677533050391,0.0038584886336835247
391,255,100.86462733110328,37.858828986184626,0.5616617909290209,0.5672302623128025,0.9901830495413328,0.38147519903918103,0.37534297194106847
392,157,183.6496881257425,22.990424834703894,0.8974555702038934,0.902342349916742,0.9945843396208773,0.12992399325563403,0.12518629935795292
393,4,99552.98287623216,451.79202402433856,0.5758047640880392,0.5758105479907154,0.9999899551984651,0.004548206017907492,0.004538206801759246
394,7,3959.596267068984,3072.0891236294415,0.1533454976519848,0.1533842252108845,0.9997475127651071,0.7759157754051167,0.7758591827099325
395,662,1455.1412575701165,835.6535185101458,0.09599211182108122,0.09605807937668567,0.9993132534396637,0.5745689260300758,0.5742765619233221
396,142,54.734416833012645,33.13746181014542,0.16387982194863576,0.16687391289599363,0.9820577650790512,0.6125023594025496,0.6054227619021385
397,95,31265.219488164596,1326.6539132844227,0.6986720446671764,0.698694391289273,0.9999680166001398,0.042462885984248536,0.04243225971231789
398,68,241.1028034218172,100.99743193009678,0.20412476572937854,0.20497139531158318,0.9958695232526585,0.42129802087580964,0.4188977917166665
399,78,23.761594338849516,6.211351723440544,0.2512407519908225,0.2618141482203866,0.95961487833475,0.2912313167220557,0.2614029864690167
400,14,14688.72140340002,1662.4986512069127,0.5031877136582728,0.5032219703985185,0.9999319251895569,0.1132423553534437,0.11318198538520116
401,262,9349.135618922917,2526.427561018232,0.20527084384174304,0.20529279997247094,0.9998930496796242,0.27030918737726045,0.27023113836370827
402,312,310.1799977134063,17.488093369711013,0.37455729102281604,0.3757648392005967,0.9967864258392307,0.05941285913479042,0.05638046778847842
403,5,16.292093944090734,16.280542217056944,0.0004590809308401428,0.0004872590724845048,0.9421701036767087,0.9993319648232806,0.999290961181943
404,178,2137.0998165633628,654.4576182223918,0.6396681010715362,0.6399674170398937,0.9995322949881699,0.3065608130849242,0.3062363363424059
405,67,110.4889486370525,90.44357183108973,0.0641243962216273,0.0647047655437418,0.9910305011193935,0.8202030151775882,0.8185757303944464
406,17,4228.568125530637,2917.041108488222,0.19342799356753532,0.19347373670985335,0.9997635692415109,0.6899146725818792,0.6898413415350064
407,517,430.2154826623236,28.966296236269237,0.6415199647653629,0.6430111244065626,0.9976809738049619,0.06949262594018513,0.06732973917399644
408,795,17.17918557538608,14.227453784892827,0.05380779589396155,0.056939946464070995,0.9449920352122946,0.8376312416057965,0.8281797598878947
409,77,23.098458304557695,11.703962990101529,0.2905129773417791,0.3030901361075854,0.9585035695079768,0.5271691171919846,0.5066988816215561
410,244,2075.0388736892082,221.47490905735276,0.7971242992668376,0.7975084483588736,0.9995183134513164,0.10716317111249729,0.10673289636429456
411,821,2503.278158643424,360.940559088614,0.3437862087001275,0.3439235431020249,0.999600683336015,0.14452889661613247,0.14418715628638523
412,15,140.18363380118035,129.4346500939494,0.05084957209214042,0.051212307532172346,0.9929170260526916,0.9238652284416475,0.9233221210225151
413,233,102.50721549451352,55.15502887864542,0.15202691467824164,0.15350999968786594,0.9903388377783866,0.5425228435559833,0.5380599659503723
414,144,1733.3673137361234,205.60641214453605,0.9821013268707945,0.9826679126827503,0.9994234208681864,0.11912494574143614,0.11861675855728998
415,35,153.5571982399148,43.55894535320768,0.6344253705520484,0.6385568953377562,0.9935299034183596,0.28830068001129316,0.283665929389725
416,10,330.4752106798361,137.09721084692148,0.4998614215883361,0.501373975042981,0.9969831831528247,0.4166139922309492,0.41484869792470175
417,5,53224.03773277711,27408.144877546194,0.7014829190417627,0.7014960988557889,0.9999812118498626,0.5149671291011045,0.5149580160594873
418,138,30051.35084176923,8913.150330717102,0.3419842855255613,0.34199566552266447,0.9999667247329413,0.2966207328555303,0.29659732694373464
419,46,534.3518287609902,345.3663755074533,0.2412968179610525,0.24174838714257937,0.9981320695171358,0.6469883110497225,0.646327675734281
420,31,1415.5730417965776,9.701867952815258,0.6791420395068493,0.679621804251906,0.9992940709935214,0.007554759011397356,0.006853668208107518
421,26,393.0034003900472,383.41878038716345,0.014948663982424112,0.014986700966245554,0.9974619508384726,0.9756737632380955,0.9756118649523866
422,6,20947.7933423193,2969.983035113157,0.5596404091369921,0.5596671250969976,0.999952264553683,0.1418212011816157,0.14178023367803216
423,31,154.418268744094,125.55213439306145,0.19341084693798616,0.19466335966534043,0.9935657499721182,0.8142680742470342,0.8130652895813106
424,246,978.0310976484881,4.050580111081555,0.8046687711543922,0.8054915146981186,0.9989785819853921,0.005158753509681587,0.004141565764954198
425,34,14.721486010542307,6.627619255741532,0.47466027119240667,0.5069029585714181,0.9363927812339475,0.4851716466641069,0.4502004248073449
426,312,4723.275691603375,2190.464433626597,0.2580433332650312,0.2580979655478183,0.999788327340469,0.4638731049336442,0.4637595975014993
427,13,64.38232106111117,22.802473195247952,0.7382005759320844,0.749666465383808,0.9847053456688191,0.36405059974852216,0.3541728974574252
428,6,57936.76719986075,8648.364236166697,0.8371573945304236,0.8371718440317504,0.9999827401011754,0.149287151614422,0.14927246814329473
429,985,22.698152100809722,0.2227514632143131,0.423428336512326,0.4420830857902294,0.9578026170249019,0.05159691177661628,0.009813638670892808
430,864,41225.89160790658,2264.379797098529,1.2823462305666589,1.2823773359274058,0.9999757439874556,0.054949080775812585,0.05492615705282286
431,25,138.77844493847806,19.727541558039132,0.44691335251699715,0.4501336894555982,0.9928458211104,0.14828854024783386,0.1421513374557883
432,21,3770.7233302788004,135.40363161131356,1.2814743106370394,1.2818141590423433,0.9997348692063459,0.036164803106390836,0.035909192945562
433,5,47.12212862806028,41.01142601982614,0.1322399000739785,0.13504622279165032,0.9792195393572658,0.8730167849501371,0.8703220167224079
434,24,62828.30775954935,600.3092031330575,0.50404181010252,0.5040498326297544,0.9999840838609299,0.009570520901396772,0.009554756837164944
435,309,77237.06061008466,52854.90431495949,0.40277015271047256,0.4027753674370498,0.9999870530151573,0.6843245920141385,0.6843205049165004
436,21,514.2167912906009,39.340407990772725,0.7830940273443764,0.7846169142679613,0.9980590694695821,0.07829792947881482,0.07650549079121798
437,227,1491.347015047251,965.7734826986857,0.1334794174573034,0.1335689200453064,0.9993299145641618,0.6478208305111097,0.6475846821392449
438,524,294380.52874670096,519.7028972223058,0.058408508675736194,0.058408707087325866,0.9999966030477379,0.0017688028846074165,0.0017654119293653518
439,349,276.1974853787476,161.05610159092697,0.23895771406394245,0.23982288383091643,0.9963924636667119,0.5846232745203381,0.583119362473818
440,617,258.07402437125205,82.35463533235377,0.32826468856734387,0.3295366673701974,0.9961400993309658,0.321740612686461,0.3191124543936379
441,32,125.11867994570613,54.85510480266495,0.39199025035789237,0.39512319781648125,0.9920709604601752,0.44287733448138267,0.4384245807777761
442,829,23.02201212722463,4.658357858840201,0.6284594578808103,0.6557576564226147,0.9583715138139208,0.23554887196262256,0.20234364542495703
443,283,20874.858071013616,37.03470034677038,2.885331608268029,2.8854698286860296,0.9999520977774135,0.001821946682018404,0.001774129444175526
444,20,15.228679882800032,13.832718384697845,0.05398974415752485,0.057535011677298714,0.9383806934869763,0.9139818205680614,0.9083333874737988
445,17,331.00536016684555,230.20816658668465,0.2636431871500214,0.2644396793488702,0.9969880004362053,0.6963988969048379,0.6954816878815697
446,23,4935.936445583588,876.4988891975221,0.2794587294576127,0.27951534662287375,0.9997974452353149,0.17774158101275583,0.17757499490937864
447,30,3326.0696261035673,1.8224644743104914,1.0736164660122942,1.0739392543440793,0.9996994352050366,0.000848333456013653,0.000547933350525039
448,12,204.605867314825,48.25978811884828,0.4771430507646244,0.47947506136151724,0.9951363255676512,0.23958357201655817,0.23586707826218603
449,173,124.07725177596623,40.36269286854987,0.7452231602082406,0.7512292826000696,0.9920049410600167,0.33069716740048943,0.32530292451535525
450,36,34.732466352479626,5.53002899467138,0.45995703816265343,0.47319989380943694,0.9720142463681183,0.18274778265391786,0.1592178608495673
451,61,1327.525674780472,1002.4834633812924,0.09186151906843674,0.0919307166145284,0.9992472859057349,0.7553361462488182,0.7551518455920405
452,355,17.345390790575756,11.859986486950971,0.07989045063958332,0.08449631115919698,0.9454903953033418,0.7009927798080648,0.6837543546954756
453,100,526.3557923669441,124.71300253182451,0.4509703106673137,0.45182708913770797,0.9981037470063395,0.2383836573930168,0.2369366963190594
454,56,22.146613739430556,2.085431074960797,0.5243344038392032,0.5480100054462181,0.9567971362352461,0.1332994583870696,0.09416478290980562
455,12,2908.6715640144107,2276.8615110633054,0.1413285958573659,0.14137718456624787,0.9996563185988528,0.7828586357425816,0.7827839826373828
456,277,28982.308801774547,11535.398241591482,0.16938312870018257,0.16938897306302675,0.9999654973831029,0.39803592890281553,0.39801515885046346
457,29,22.83361344556326,17.950196458535846,0.08199459860262683,0.08558555886820668,0.9580424511673801,0.7951037932967532,0.7861303468822497
458,29,2455.370195143358,113.36642771714969,0.3939020742953515,0.39406249901463597,0.9995928952394972,0.04655911716534855,0.04617080876088859
459,985,114.58068984061273,89.60699957703798,0.05443062722803171,0.05490566911601254,0.9913480357196433,0.7839285238908524,0.7820427656849128
460,998,174.37202355685955,142.2689132839357,0.13763183718159255,0.1384211371757898,0.9942978362242837,0.8169428075139059,0.8158929992433355
461,18,370.7963513255922,198.95244267515474,0.4928168589781741,0.49414593586152616,0.9973103555308315,0.5378009815380113,0.5365544778526065
462,51,3995.054119913647,977.5986795460414,0.7605857775359908,0.7607761593818199,0.9997497531389735,0.2448912477609759,0.2447022368666115
463,102,23.50945207167426,11.533227445515978,0.21096853402586882,0.21994230905825493,0.9591994142881838,0.5113630206364635,0.49057831762110576
464,593,3030.728010812671,715.5139361836383,0.26574783889367043,0.26583552338331967,0.9996701551074391,0.23633846229879074,0.23608648932893772
465,48,608.4738557278598,20.784477443529216,0.40006375644863446,0.40072124362360945,0.998359240530825,0.03574308764649676,0.034158373852672286
466,126,180.4553676531951,47.8016633163885,0.5918487323932622,0.5951284837250745,0.9944890029270932,0.26894582368960407,0.2648946603143181
467,318,19513.759507436418,10643.724119101267,0.19344708606927993,0.19345699943763903,0.999948756734634,0.5454704227866565,0.5454471300133167
468,10,2687.3119140139247,561.7675840664808,0.5701492090864883,0.5703613724777615,0.999628019354902,0.209338648961389,0.20904442879776922
469,303,28360.6781284955,54.65557575564691,1.0786784486667618,1.078716482963536,0.9999647411554612,0.0019623512933012494,0.0019271603982110538
470,515,4454.5820438071705,2483.743953093912,0.1023662225496405,0.10238920253329395,0.999775562431537,0.5576698910858271,0.557570593305572
471,51,86108.5470874149,64492.434537802605,0.1774148750857975,0.1774169354489216,0.9999883868858468,0.7489696174145649,0.7489667021362206
472,403,171.26779218207832,2.896190592492438,0.38410455462288706,0.3863472679184175,0.9941950843664202,0.022617057681765387,0.016910304941710454
473,40,179.63393386210166,122.79037067567027,0.2090546831027284,0.21021846479256887,0.994463941638101,0.685310716701622,0.6835588801942728
474,341,17.934196277133992,0.39473819741733057,0.32923569274533565,0.34759367699273175,0.947185505771499,0.07366239247776761,0.022010364519129286
475,16,72454.09585070243,1700.2011479504172,0.7513149398216168,0.7513253093518829,0.999986198348256,0.023479385790280815,0.023465908006827112
476,25,15.561387515739002,14.307343779950719,0.0707248716921449,0.0752697666522256,0.9396185857586115,0.924279065712549,0.9194131156672292
477,11,5810.748956017348,106.5479422832299,1.3753413483126615,1.3755780374828055,0.9998279347563755,0.018505262890248775,0.018336352695618296
478,24,92305.60011082071,32865.89862731851,0.3624859413935768,0.36248986841361636,0.9999891665384836,0.3560622814388075,0.35605530528873874
479,25,25827.48951710728,10653.500027515796,0.29086500067654597,0.29087626251446036,0.9999612830630557,0.4125096057382248,0.4124868590289919
480,11,46.29438936322293,31.658983806067273,0.18214637634657613,0.18608090013773076,0.9788558428713402,0.6905466852578407,0.683862218327859
481,78,920.4626527527009,1.5555299383936623,0.9093494126193563,0.9103373390820975,0.9989147688221409,0.0027733407650971905,0.001689943566685463
482,249,514.6171758025154,11.584865992968078,0.7503274947503497,0.7517855251660277,0.9980605766314056,0.024407383197390154,0.022511619389504748
483,5,71.3055952284223,63.25337301982113,0.0727533412410201,0.07377364464088598,0.9861698116606209,0.8886362503045138,0.8870744689416523
484,650,20.21648040935105,14.206428554062517,0.10964215095136551,0.11506555545755497,0.9528668289600355,0.7167271979456293,0.7027152237385195
485,193,349.00617001482624,125.48273743144583,0.13716814729370716,0.13756117228603862,0.9971429075094372,0.3613728793012078,0.35954303451459085
486,16,710.4824138206027,0.03460018430793404,1.2402834214324554,1.242029113369801,0.9985944838824194,0.00145414723429665,4.8699564739220424e-05
487,64,449.88103252795963,20.235952519523345,0.3258410806821035,0.32656536345270876,0.9977821200541674,0.04709879322370138,0.04498067501493454
488,92,379.8523226527809,24.13057226274731,0.7714277133493227,0.773458575522185,0.9973743103546415,0.06598508337221982,0.06352619379612118
489,667,135.90300943132897,0.2510383713529036,0.7099128042455963,0.7151364766809319,0.9926955586721299,0.009138136382461548,0.0018471877289792606
490,223,2291.212461893849,56.16772489289837,0.3371631218993584,0.337310276791149,0.999563740265519,0.024939976482662437,0.024514411398789168
491,14,19.783025122814824,17.82768976560481,0.09990578330881499,0.10495585945685557,0.9518838093063634,0.9059167110824727,0.9011609526313031
492,32,6006.144856346369,899.6356673790011,0.40950823721572627,0.4095764187609621,0.9998335315655082,0.1499274095958426,0.14978587578160135
493,10,64.93255686377383,59.0215823064236,0.07500636681048191,0.07616150947593774,0.9848329861973024,0.910348167301275,0.9089674757494729
494,79,18187.80377971497,5684.820692528692,0.2755132888354491,0.27552843707941366,0.9999450211233182,0.31260003469111,0.3125622401352838
495,389,109.30955448254358,0.1434442467158423,0.9874655290618595,0.9964991907004637,0.9909346021322364,0.01036577703608432,0.0013122754675461599
496,63,11690.806490182129,1354.546898251072,0.9540240562706495,0.9541056609107633,0.9999144700178846,0.11593990196376881,0.11586428185160814
497,13,9270.990538714354,135.24699245291072,0.4317973069347654,0.43184388203427965,0.9998921482937426,0.014694470608444194,0.014588192263613934
498,6,14302.233618288186,6351.4780606179465,0.34590176082342994,0.3459259459801023,0.9999300857395828,0.4441288054259029,0.4440899393851564
499,6,1478.7726176583676,815.5806577297707,0.2737900064528682,0.2739751532450007,0.9993242204997804,0.5518284687697155,0.5515253988278742
500,790,5638.89811856053,798.2856179925924,0.16210211906369765,0.16213086619046876,0.9998226918325512,0.14171986819446197,0.14156766112957805
501,57,4102.892126319721,474.64280949014835,0.8204994753519864,0.8206994561094838,0.9997563288777533,0.11590041717706996,0.11568493513279406
502,43,232.99683626741125,207.6610894084823,0.04752678489755072,0.04773076528483377,0.9957264379469761,0.8917261136386677,0.891261412537589
503,7,277.41030808354884,105.0013265635199,0.4042408659718318,0.40569806079910575,0.9964081789683595,0.38073779413264286,0.3785054971060996
504,18,44720.075804982094,3339.200128034877,0.7886211523884782,0.7886387869997392,0.9999776391783517,0.07468961933296708,0.07466892816990416
505,119,7696.640509843633,17.951244447284093,0.8729267822014379,0.873040198799379,0.9998700900621792,0.002461954987771839,0.002332348045140645
506,26,230.28674747995635,32.731316424956105,0.829110213136736,0.8327105515070929,0.9956763627363184,0.1458419766479673,0.14213287035896396
507,8,3926.7959478048474,333.53692414265777,1.2864450006140347,1.2867726074002577,0.9997454042895078,0.08517166588799567,0.0849386952049574
508,37,13.931373948335224,5.701489201538207,0.2633497008735482,0.2822530554062874,0.9330269268280235,0.4488193266558293,0.40925534141013603
509,216,8354.233608632198,1454.585221622568,0.8283878891068973,0.8284870469624127,0.9998803145373498,0.17421239067675287,0.1741135440741788
510,489,253.5503547431228,143.98448209410012,0.32017011420262526,0.3214328618510243,0.9960715041980234,0.5695709292584169,0.5678733214156763
511,5,42.30389094794614,29.682357569339786,0.22276228415826288,0.22802804764163526,0.9769073868858099,0.7085358127800065,0.7016460402156193
512,48,20.233738764866374,12.00134475078469,0.28244310919616233,0.29640212648300174,0.9529051378528489,0.6122965387657914,0.5931353018960434
513,14,4567.363048752894,2322.2787252400867,0.3686479413915066,0.36872865490988843,0.9997811032115159,0.5085582517077561,0.5084506531343459
514,10,13867.725100212207,11762.335749967704,0.09095829829053347,0.09096485728255509,0.9999278953189444,0.8481915724025499,0.8481806255149746
515,197,36302.009127409176,4132.601038052543,0.8304167433470858,0.830439618575298,0.9999724540740825,0.11386386796602016,0.11383945785337532
516,57,40819.556752380304,82.10935291574894,1.0668205802278967,1.066846715263774,0.9999755025389278,0.0020359681378158256,0.002011519953875073
517,129,213.6266146919995,62.318931925082744,0.36043442526459984,0.36212164212090897,0.9953407455946922,0.29501901251132695,0.2917189509131731
518,350,706.1728060889085,82.83215933018617,0.7980373881907985,0.7991674761541265,0.9985859184751031,0.11854550770105048,0.11729729411267849
519,230,1565.300483370131,410.0279669397798,0.3385200624733178,0.3387363276991129,0.9993615529008533,0.26241961316093787,0.2619484062618951
520,22,14681.94957439414,1902.0960348365234,0.7063549855085097,0.7064030959438392,0.9999318937932099,0.12961265208969774,0.12955336927146574
521,151,29327.53999745608,1233.0702193311226,0.8238358772321973,0.8238639680941413,0.9999659035192315,0.042077451500762204,0.042044788599319316
522,251,5105.072750411961,172.61340077961782,1.038638802010083,1.038842254311899,0.9998041547684728,0.03400135667193747,0.03381213338550142
523,366,46163.08107888479,210.68955362112757,1.6567225803906191,1.656758468865601,0.9999783381369969,0.004585590109752088,0.00456402711207892
524,11,70.39831580789473,26.761942982411686,0.6980366779846237,0.7079522089170603,0.9859940673854182,0.38883190266151857,0.38015032995165066
525,113,117.72597701830185,21.677109995255393,0.3369707158116333,0.3398330468310586,0.9915772434549361,0.1910037766356698,0.18413191841156212
526,617,22097.125192426738,0.47751626300055594,0.40477423110924515,0.40479254906814627,0.9999547472923025,6.686161156815767e-05,2.160988177612413e-05
527,138,1853.596548278637,97.31621376504715,0.5698908594749271,0.5701983108779868,0.999460799169001,0.05301218416280369,0.05250129207211835
528,19,186.9277089011026,104.39084776284203,0.3708262684799333,0.372810063555901,0.994678804920001,0.560805260592541,0.558455717327985
529,293,6621.480242801632,31.8661329398234,1.3936894407132263,1.3938999207553933,0.9998489991720116,0.004962813286690822,0.0048125391560997
530,503,3330.726834397426,52.774123356374545,1.0346450570367238,1.034955693455884,0.9996998553453793,0.016140015682318116,0.01584462670770841
531,501,919.2811262507834,89.45554879757607,0.6484306931815639,0.6491360603153657,0.9989133755202889,0.0982912136491282,0.09731032895498853
532,34,8.867055042089888,1.4655127752722084,0.2713984329272328,0.3020059380841272,0.8986526379214163,0.2498732159448866,0.1652761563242535
533,302,12.197665381387795,7.838978089911724,0.33056832381832507,0.3576692741627028,0.9242290230050637,0.669738005509446,0.6426621689321863
534,39,12301.439421210425,15.793142397178846,0.3215868072566315,0.32161294946619284,0.9999187153079355,0.001365025408556459,0.001283845073443027
535,58,425.47284987079627,158.29694243735455,0.4008896614609221,0.4018318829483393,0.9976551848486886,0.3735218841846907,0.3720494562353972
536,45,13.327767756695543,5.112730022104631,0.32956392196284,0.35429153786815737,0.930205457194636,0.42663519718541476,0.383614879508695
537,7,2281.0129335555243,1212.927633517015,0.2775863909130414,0.2777080852650679,0.9995617903889605,0.5319547561133393,0.53174956427203
538,13,9.705978520699135,1.6848836187529366,0.3526110002424988,0.3889402584919907,0.9065942456295251,0.2507835798065476,0.17359234982436084
539,16,1335.7875542087004,1263.9216961111429,0.03380930658231167,0.03383461697427915,0.999251937978588,0.9462398809210205,0.9461996349111594
540,62,2575.0324122589395,1323.1886807396215,0.28206797588634436,0.2821775154690477,0.999611806126646,0.5140419330277106,0.5138532138237663
541,113,490.77811617307714,68.96533483028773,0.913961456273037,0.9158237264642994,0.9979665626283215,0.14227012656590848,0.14052243276056448
542,577,1654.7120558571216,12.024974079334998,0.9956112481813915,0.996212930658205,0.9993960302478547,0.00786669036639483,0.007267109728711199
543,8,3108.8492814937244,1555.9567334640417,0.48901141183689706,0.4891687084336629,0.9996784410080737,0.5006534376856371,0.5004928166593021
544,269,12760.91664369258,4107.065489887673,0.36270898658208595,0.3627374100093921,0.9999216418639991,0.3219003543576688,0.3218472155695569
545,14,23.815360324659082,18.65907599448205,0.14066476451348428,0.1465712367480377,0.9597023784092993,0.7922140052484661,0.7834891322287459
546,78,389.54021512351846,271.9233466509058,0.1644032003146373,0.16482524454507066,0.9974394442332044,0.6988354491600479,0.6980623208946019
547,365,25.316426401196654,19.266758240262522,0.1036991314284702,0.10779525185973168,0.9620009197010686,0.770118173770773,0.7610378311273752
548,103,23530.627544990566,490.5923702529725,0.5887763668139109,0.5888013885166123,0.9999575040018766,0.02089070844390545,0.020849098449030302
549,536,2518.7790576712555,214.29402879459317,0.8207882358866107,0.8211141033871311,0.9996031398082481,0.08544162955047531,0.08507853364189845
550,211,7403.589386985803,1475.5000534375206,0.18863199867487934,0.1886574771271293,0.9998649486220321,0.19940336678663037,0.19929523050416437
551,51,61.01983427888122,58.777989295432384,0.032202551720452534,0.03273029080891476,0.983876125893801,0.9638527737212574,0.9632603888564684
552,5,1769.0860721896984,1403.7779087427652,0.2025943216273799,0.2027088408273285,0.9994350557208989,0.7936212429517476,0.7935045845481274
553,733,11833.574583478394,2442.3741358660664,0.9306114432826859,0.9306900848999522,0.9999155018211301,0.2064606647776869,0.20639360648269545
554,909,113.08940575850403,6.613781428581972,0.6334441031153801,0.6390453714116171,0.9912349442671589,0.06673521855919083,0.058482767543277435
555,241,1062.9143194108183,77.29453534799735,0.8704695533246526,0.8712884994404665,0.999060074686697,0.07359101566689678,0.07271944119714402
556,36,8860.774851835122,7202.798476529131,0.0850298282592402,0.08503942446608233,0.999887155788008,0.8129069624283388,0.8128858476792677
557,97,18499.263049167508,0.04114709562278434,0.488514965094229,0.48854137236049655,0.9999459467145229,5.627742118345906e-05,2.224255934597136e-06
558,976,597.6636562246548,307.6290584190408,0.1518185018043305,0.15207252177061614,0.998329612981175,0.5155299728153608,0.5147193663444153
559,14,4923.528686705044,300.7893859574333,0.600971559551091,0.6010936206982463,0.9997969348817685,0.06128289734044737,0.06109223792473312
560,177,10.55174899807667,4.501785385971892,0.4054601029920683,0.44388596993279766,0.9134330221192914,0.4762729338118341,0.42663878630855023
561,7,26889.224088841227,9346.791451795185,0.6512618801235222,0.6512861003047358,0.9999628117639816,0.3476278747589272,0.34760361328812067
562,26,74.9910781988394,38.96807707447332,0.21032715469820654,0.2131318504000142,0.9868405604486439,0.5259574942454724,0.5196361755347639
563,243,176.7337885810317,73.69080668894378,0.6024654700316804,0.6058743567808907,0.9943736078098397,0.42023977143148017,0.41695935610612944
564,9,81432.15453636546,26615.00297661928,0.5988944719308349,0.5989018264516054,0.9999877199894112,0.3268447983890077,0.32683653193449175
565,264,5084.140827766169,1.518225355107104,1.0891213587987503,1.0893355781517724,0.9998033486123848,0.0004952125104101246,0.00029861984680195616
566,142,7865.829557991972,5480.336549243224,0.10225164968312525,0.10226464915748833,0.9998728839880626,0.6967656422242798,0.6967270913816077
567,312,6772.51783590815,145.61734078179902,0.6117942204985234,0.6118845553245543,0.9998523662262025,0.02164567132377551,0.02150121185502536
568,5,42.70344381311271,29.09875747427078,0.23901397908537375,0.24461104474900955,0.9771185079995924,0.6887044783697343,0.681414773047779
569,14,524.3335677891798,278.92515813107127,0.3188320092509002,0.31944008019817005,0.9980964475500613,0.5328522205598087,0.5319612843159022
570,599,30.74198567227986,10.417731459310492,0.5616983783771763,0.5799697543502537,0.9684959847715732,0.3597043857682019,0.33887633578283105
571,43,36.39542593294106,24.219700766513796,0.17552729348411206,0.1803500779133292,0.9732587615984574,0.6744060306129084,0.6654600171774013
572,48,61.987238838174385,15.66323714498028,0.728200158974681,0.7399477407773766,0.9841237682672648,0.2645494143312291,0.2526848660878599
573,256,7992.25462775652,450.9316201170308,0.7741309556768265,0.7742278158235226,0.9998748945146164,0.05653912469492733,0.05642107779586727
574,9,477.0030087785269,208.82040676558705,0.5465292765814427,0.5476750330369019,0.997907962959155,0.43895206287875715,0.4377758691718077
575,132,839.3426216438324,308.4650116572162,0.26948321798872027,0.2698042826064815,0.9988100091864387,0.3682605209906617,0.3675078611557875
576,545,1114.327355128997,0.2179286646836948,0.931745948792406,0.9325820998071898,0.9991034022474197,0.0010919921035585389,0.00019556969833022441
577,67,7656.044698182238,628.0525289048354,1.1152262210860535,1.1153718871923857,0.9998694013108947,0.08215343565307524,0.0820335504381202
578,364,1600.2616485921924,16.012032786262356,0.8168232259552243,0.8173336570004687,0.9993754924431748,0.010624143031976757,0.010005884225463202
579,958,32.95035581944492,18.558445337040677,0.27206090786095977,0.2803175989070822,0.9705452277048816,0.5760895538490545,0.5632244288569661
580,585,5984.7803175431545,249.5604560283471,0.40615336027597326,0.4062212246483856,0.9998329374038221,0.041859280283642095,0.04169918406141189
581,419,10052.317629551591,720.0573522097694,0.42088210929436937,0.42092397845577123,0.9999005303486025,0.07172332346192177,0.07163097891902659
582,52,4501.503942840149,928.4539938611734,0.43997195600936895,0.4400696948898844,0.9997779013605108,0.20643046750446156,0.2062541776372145
583,6,60.229427084568904,45.71574682593837,0.14398391902050198,0.14637450989924855,0.9836679837193508,0.7629623377239098,0.7590267588258528
584,49,184.9974591671751,6.156009044626726,0.6743389741473417,0.677984099746272,0.9946235824700099,0.03847369247229815,0.033276181588330775
585,141,559.8728711770923,1.7702122337184287,0.7829999464409915,0.7843984781197899,0.9982170647728044,0.004939108978304908,0.0031618110554217163
586,997,213715.99531074197,138669.07292337608,0.4134147686406844,0.41341670305260353,0.9999953209149391,0.6488490665974012,0.6488474235246264
587,267,9.765141530318589,1.767755890389778,0.29151524224765224,0.3213678809772152,0.9071075844954167,0.25710353018534515,0.18102716534125898
588,83,36.898839977069166,24.65289079601859,0.10647999988936482,0.10936572746116756,0.9736139681160411,0.6768779944594602,0.6681210252500935
589,61,618.0977582734535,54.34648740459926,1.2558142319052474,1.2578459723784907,0.9983847462106975,0.08939862350487288,0.08792539153742693
590,21,34646.36736560064,812.3990180861629,0.9304590778617051,0.9304859337530617,0.9999711377782486,0.023476502832181688,0.023448317380966466
591,147,114.83364765849663,80.67414497961502,0.18982388521471322,0.19147691887762733,0.9913669299015065,0.7050986188435382,0.7025305441792772
592,69,3954.883455280771,3308.010977388352,0.07539786763616418,0.07541693213414215,0.9997472119663519,0.836478378292743,0.8364370315315662
593,36,1961.6231060595092,196.57987948905085,0.7554932079730741,0.7558783447537532,0.9994904778217921,0.10067133056725563,0.10021286906838019
594,63,21118.402541574153,13048.936692991598,0.21571516900714377,0.21572538356615606,0.9999526501756844,0.6179122097465788,0.6178941171001534
595,18,18.69544395497381,9.178624794671268,0.31553515073067717,0.3324128002527005,0.9492268363035572,0.5168009829045157,0.49095516623071955
596,326,442.3765390321942,3.029404571476468,0.6400626969305384,0.6415095699910556,0.997744580707444,0.009087996808022102,0.0068480226779295845
597,5,324.8421885340962,94.71920394953521,0.5933751266882012,0.5952017832852582,0.9969310296972321,0.2937593943256956,0.29158529062056626
598,460,275.93836506735823,5.777585042579859,0.32776820671647133,0.3289560379433341,0.9963890882371723,0.024473261553816798,0.02093795489862207
599,412,3563.451920653947,22.046949792236376,0.41250039782993214,0.41261615648390454,0.9997194519600037,0.006465776592101739,0.006186964292811457
600,9,44274.956314516574,3361.1281171974456,1.1805974031356865,1.1806240682642697,0.9999774143782937,0.07593575378280691,0.07591488274592428
601,908,656.7614828401306,92.36987443608572,0.6558113804635183,0.6568099338159887,0.9984796920675835,0.1419509607539293,0.14064447573362104
602,8,79.27821440161996,44.72437721301229,0.26583597461933034,0.2691891779757104,0.9875433203459515,0.5695739193233675,0.564144608333893
603,36,4104.617689695615,1827.7984142520452,0.31983902252944396,0.31991694428652573,0.9997564312910792,0.44543806863508273,0.44530296179364487
604,66,9.95665097564084,4.383191474338198,0.3217448595576031,0.35405942600617696,0.9087312352813619,0.4913172361067513,0.44022749065541916
605,524,215.07483708705533,104.21098224647082,0.267302694595453,0.2685455303367966,0.9953719738333202,0.48691917885876695,0.4845335868104812
606,937,119475.01688412462,455.2340511177088,0.3469954056578768,0.34699830999231174,0.9999916301193656,0.0038186245492280967,0.0038102865602373357
607,12,255.9511207652802,33.435920145444285,0.8057680971855795,0.8089162299023904,0.9961082092305271,0.1340173961603414,0.1306340056080734
608,228,22.7276842053202,2.180029341312513,0.4302815754019947,0.4492136219543344,0.9578551370059204,0.13402190090676822,0.09591955439094854
609,522,539.4188446429396,256.1530292444067,0.2223573898094871,0.2227696063866752,0.9981495834019988,0.47584023354017274,0.4748685215362905
610,542,475.5664650132115,201.05586775004187,0.3010473233494292,0.30168035226441176,0.997901656802536,0.4239825556010124,0.42277133175161213
611,6,3488.559534992041,2165.6075540684697,0.33760328409480106,0.33770005850289375,0.99971343088147,0.6208828169694521,0.6207741425497588
612,245,44.582887638423095,24.674612143079997,0.2618150162248553,0.26768756127730303,0.9780619427199898,0.5632511118369374,0.553454777160162
613,269,73.06905363668622,26.306419870933137,0.2978653214396093,0.30194181219205096,0.9864990849632684,0.3686616546347817,0.36002135735511037
614,14,729.095319881769,668.0109362491438,0.09160319508680372,0.09172883461923367,0.9986303158330585,0.9163336868910252,0.9162189332904637
615,49,115.51360611740672,36.14205558171287,0.47513330915191687,0.4792465329107613,0.9914173113911492,0.3187786973504717,0.3128813721301237
616,853,2326.327411826317,483.8133219432873,0.34667846259536184,0.34682748652932444,0.9995703225962456,0.2083133294781421,0.2079730133788273
617,9,1438.5181010168662,803.6316100306639,0.3476699040766614,0.3479115902284247,0.9993053230804853,0.5589590082002285,0.5586524142189029
618,39,156.02608574857823,73.6052206188595,0.20979143514866808,0.21113602720288863,0.9936316313609118,0.47511354730139166,0.471749453084836
619,34,240.79610611643835,27.171014989616157,0.4458727931641525,0.44772445430749563,0.9958642841025802,0.11650731453901181,0.11283826565068064
620,21,6722.621071455111,3239.4365175793055,0.2904384729081656,0.29048167606803754,0.9998512706190051,0.48194811741197924,0.48187105641492445
621,15,51.7304603007864,15.298929406221216,0.4728228757878444,0.4819630008329072,0.98103562923032,0.3090989404084178,0.295743152434092
622,10,639.9993645811765,169.5074960498828,0.40876921295011215,0.40940791547947747,0.9984399360510231,0.2660025976176918,0.2648557255378068
623,8,64989.074690436224,9039.4213951016,0.4128639900592727,0.4128703428807589,0.9999846130350708,0.13910464695052838,0.1390914001800958
624,68,476.2236066748023,171.06902826744516,0.45687362198906256,0.4578329898481638,0.9979045462420273,0.36056269191372864,0.3592199669855146
625,904,13.573184748493205,9.025797226514683,0.07812174324938301,0.08387733743725816,0.9313808191374644,0.6879619931773184,0.664972693863661
626,884,92.827035187831,52.90263351521524,0.10675075040636806,0.10790074674299956,0.9893420910295404,0.5744893612732016,0.5699054527398115
627,5,17.22581635978786,16.899482092439126,0.014748594728405106,0.015604786064731844,0.9451327731905403,0.9820949437376789,0.9810555122304373
628,35,354.98207332006547,236.68820271907788,0.2331389269533954,0.233795689490086,0.9971908697798363,0.6676971132346069,0.6667610014933647
629,35,1459.9602728187801,95.24038574484162,0.41244516039268575,0.4127276647649427,0.999315518690956,0.0658747452175104,0.0652349159891582
630,875,14.54515774480365,4.476235688709795,0.4974804523843759,0.5316829313889164,0.935671286427809,0.3522791970728223,0.30774748319996453
631,176,582.1101870203736,29.31952292047455,0.45075245623726684,0.45152679839153237,0.99828505825784,0.051996215458700604,0.05036765130421671
632,11,824.730746000496,34.504386433910845,0.3274108553684645,0.3278078465767542,0.9987889514774114,0.04299753473620749,0.0418371530359923
633,11,23302.498780253958,16359.600236058746,0.15991603512099167,0.15992289773416585,0.9999570879888283,0.7020662601069062,0.7020534746222806
634,335,54.00990430121473,31.518820261157515,0.13893260763723175,0.14150496190141265,0.9818214553778469,0.591144825177226,0.5835748214878549
635,799,721.5393907666554,87.19630432354023,0.39789737602184133,0.39844883222937993,0.9986159924112386,0.12206435448447861,0.12084760089243606
636,10,1411.4373507531545,487.0325450809047,0.4164224574293172,0.41671749174820305,0.9992920039961651,0.3455250916585227,0.34506139774536937
637,31,10.783173744563136,3.8686031043966564,0.6225294990156042,0.6802610643007767,0.9151332211780879,0.4131826628325051,0.35876293900459516
638,71,3027.410435084615,394.50057509671586,0.9395579873108785,0.9398683376936415,0.9996697937675775,0.1305967548238439,0.13030957762609738
639,972,6072.921185172119,415.75738628426893,1.0916520542863835,1.09183181160926,0.9998353617095919,0.06861422359277108,0.06846085658075035
640,5,21.07795684177714,19.5347528269594,0.06060117487118999,0.06347627207942964,0.9547059536728627,0.9301020458606205,0.9267858822180022
641,10,1427.8973978144757,335.6150633971781,0.3215938426528967,0.32181906460732085,0.9993001596884915,0.2355767908262951,0.23504144199076693
642,38,149951.56959739947,27445.41227410874,0.2158918495328541,0.21589328927670015,0.9999933312246486,0.18303395765606625,0.18302850945672736
643,60,213.75100760360743,24.524139615518592,0.5133737834866073,0.5157755208596475,0.9953434444328859,0.1188545744224477,0.11473227607421442
644,13,8859.44665130876,2431.429204403157,0.36375017988946834,0.3637912377787707,0.999887138872412,0.27452670278691516,0.27444481581070024
645,26,31.143639695542618,15.732485239184044,0.17080621160670148,0.17629067691892852,0.9688896463041593,0.5205535340014513,0.5051588508274365
646,84,344.6848139192524,206.62736600825707,0.16657227996884685,0.1670555396694261,0.9971071914075071,0.6006262284254008,0.5994675647551523
647,41,72.66170834500456,56.09923478490993,0.09093621377160781,0.09218771495211725,0.9864244256280842,0.7751549084020419,0.7720604987505323
648,626,429.56138333265903,326.52931072128746,0.07231036341093781,0.0724786987553534,0.9976774507916624,0.760702941323079,0.7601458682993812
649,19,137.5678418467034,92.02694352942827,0.2109423018396612,0.21247567111410776,0.9927833183610792,0.6713458352937567,0.6689568019245157
650,86,8873.28397082518,6.409654103288969,1.6507397710599467,1.650925805878227,0.9998873148522981,0.0008349579670482393,0.0007223542179381978
651,21,41.68589620483997,20.931801501977475,0.38360385512656026,0.39280610073120253,0.9765730583422395,0.5137950342364072,0.5021314978841015
652,204,560.2152364462133,145.9285009224058,0.7676577239728896,0.7690280146648075,0.9982181524394593,0.2618041909425019,0.2604864905997902
653,209,76872.75969998082,12.83599633090165,0.8752663816755506,0.8752777675863088,0.9999869916600422,0.00017998334392515868,0.00016697717606338066
654,189,39.917221070023146,24.350690637470944,0.1817468625322152,0.18629995660189982,0.9755604126123656,0.6195604191713648,0.6100297060948894
655,237,93.85149898568338,35.62433512226447,0.1836939609016176,0.1856512440871492,0.9894572040432285,0.3861228922464625,0.3795819513516646
656,493,142.38687753822322,15.622265484380906,0.3634607947411129,0.3660134231927309,0.993025861102712,0.11592598827566937,0.10971703119332164
657,27,21915.717428185457,3023.243036611748,0.5598208151339078,0.5598463593953251,0.9999543727292521,0.13798795583879245,0.13794862278720582
658,9,3201.985629485846,251.88028444584495,0.6344467254988704,0.6346448671518673,0.9996877912936,0.07895142648093559,0.07866377729068393
659,60,6434.424051611053,317.5808672920849,0.9574794990646173,0.9576283048460491,0.9998446100844359,0.049504254068903346,0.04935653366093721
660,25,8626.728536924496,649.5211240173835,1.2006758165474167,1.2008149974444864,0.9998840946379202,0.07539888641990966,0.07529170777048044
661,114,212.08584216664008,60.781755166770225,0.34297431207586215,0.3445914606255818,0.9953070556455931,0.2899383391152514,0.28659034731329586
662,165,22.3847997284618,6.538896353897656,0.5299241497210089,0.5535975422082877,0.9572371792099252,0.3223844737366732,0.29211323903798825
663,132,372.40616953680444,243.21562764499524,0.12449689507354715,0.12483119913523444,0.9973219510506734,0.6540214050237441,0.6530923694081242
664,266,23.11018756596882,0.11275707499648416,0.37627756396352485,0.3925594553540395,0.9585237569279017,0.04615298292275108,0.004879106873304911
665,5,35711.97042439767,24376.94299717341,0.22801673286345392,0.228023117745894,0.9999719989687748,0.6826075430712248,0.6825986555062667
666,20,29.056638910395407,21.949456680643664,0.08555824476779302,0.08850277820235976,0.9667294801996597,0.7635403529004153,0.7554024657955517
667,23,22.735713858508234,18.628708371877025,0.08430330594920687,0.08801127423530751,0.9578693943666015,0.826969371508537,0.8193588504768118
668,170,8399.222570344371,92.32705505001249,0.3240733759240154,0.3241119596587849,0.9998809555352104,0.011110069318816454,0.010992333430476894
669,848,205.16880498683386,108.98447187284602,0.12066574945578437,0.12125387857932987,0.9951496056832465,0.5334680573031877,0.5311941641412776
670,28,726.8292048545884,90.17178454520489,0.5348476170750118,0.535583481310382,0.9986260512860295,0.12526535612626305,0.1240618620481065
671,18,44642.30520121717,1355.6791388055751,0.9379374504387535,0.9379584604974011,0.9999776002248155,0.03038930770673732,0.030367588158700474
672,22,20068.037853029487,1746.629200257086,0.9680083649835444,0.9680566013069992,0.999950172000904,0.08708086621069758,0.08703537501018882
673,114,113.38994723788294,56.97566986307501,0.2810833925153282,0.28356230179575703,0.9912579730636609,0.5068248675953143,0.5024754949708607
674,36,1916.2304313731765,2.551810690916658,1.2276994792892304,1.2283401639684777,0.9994784142878,0.0018525737088226516,0.0013316825832308814
675,69,1342.404834289093,227.91372330321406,0.5268553097241628,0.5272477809789339,0.9992556227471601,0.17039816848980693,0.16978017173478965
676,230,361.5152787047068,147.01246154495794,0.3621409754773641,0.3631427062389931,0.9972414955762056,0.4082930299484676,0.40665628869600495
677,7,5122.646445831461,1343.4059542234017,0.8253323607441623,0.8254934751933969,0.9998048265018729,0.2623924129888382,0.26224842343289073
678,32,12.99983993352971,9.631817814564888,0.16882709672878773,0.18181395638183176,0.9285706118964266,0.7594242409230418,0.7409181854402773
679,98,72566.08364839772,596.2566395982446,0.8202156583206159,0.8202269613373572,0.9999862196473975,0.008230407087765502,0.008216739964737096
680,8,16.295618967326902,14.626580655404473,0.04187543664292829,0.04444517251653268,0.9421818899983231,0.9034993592842555,0.8975774829253869
681,5,296.0127956204548,199.04291877793275,0.271827478677073,0.2727457750571579,0.9966331416870071,0.6735161640428534,0.6724132257888742
682,974,7.985718950426795,3.2549651880889434,0.18700913773889374,0.21042708406279978,0.88871229942569,0.47352529180615494,0.40759826488947276
683,20,3795.739838786673,375.1251277353938,0.6267325148538997,0.6268976295723663,0.9997366161384608,0.0990652885649369,0.09882793438638418
684,492,34.9675020160543,1.3624436139251572,0.421116528721322,0.433159611711007,0.9721971239605787,0.06568272694808405,0.038963138210434116
685,18,1903.5667278180092,212.3415827341811,0.9573091153265568,0.9578120181674906,0.9994749461988418,0.11201580895965696,0.11154932455537332
686,26,607.6989547009155,273.620636199439,0.23168761148358497,0.23206886540823193,0.9983571517705475,0.45116002595137356,0.4502568814423975
687,82,196.7115182378624,172.7036437965216,0.07161515319982008,0.07197921501908387,0.9949421257349462,0.8785711897044993,0.8779538958551952
688,148,269.27975633611345,26.870784428389403,0.4629930881965268,0.4647124639657867,0.9963001298596835,0.10311828309379545,0.09978761416751077
689,431,25.84082909320313,14.561167297753446,0.14884148355610158,0.15460141807752334,0.9627433267233455,0.5797573258157656,0.5634945862315016
690,56,10430.837610107938,585.8656737075928,0.520777411985326,0.5208273386960516,0.9999041396120822,0.05625717113722599,0.05616669491047041
691,51,14.883500220201794,6.965551248459338,0.25624411677234565,0.27346077367302146,0.9370415849065729,0.5014984819484668,0.46800491452976895
692,10,1413.7465523543613,108.84814086880304,1.2872620317214434,1.2881725641146633,0.9992931596134049,0.077645102358439,0.07699268351002127
693,143,4771.160774180354,842.1389415910489,0.23606883401357298,0.2361183122946846,0.9997904513181092,0.176678653861125,0.17650609179811624
694,323,30.848732377262383,18.789719972838608,0.17271212598971242,0.17831080420694165,0.9686015760955708,0.6213660166571335,0.6090921255061978
695,4,12.108754387478326,5.396935632823208,0.29650085659342235,0.3209873435685016,0.923715101340581,0.4879895864807456,0.44570526910713326
696,277,1111.1430470270584,524.2962352206787,0.15331910047610137,0.15345708370057123,0.9991008350925064,0.47232794074906287,0.47185304954521406
697,33,703.6718409765472,97.13120152102944,0.6128030950291542,0.6136739599115385,0.9985808997297037,0.13925801460299225,0.13803479955405343
698,54,905.7463673439256,164.81209091676527,0.6569041133263155,0.6576293760897234,0.9988971557692262,0.18286490786003154,0.18196274018748962
699,539,11013.392363291976,1477.643587117342,0.32701034054678263,0.3270400326098419,0.9999092096988179,0.13424649661521643,0.1341678874569456
700,26,17.367104432258966,6.511052550964189,0.20344074980277946,0.2151548930899525,0.9455548367088469,0.40894048262567684,0.374907203233607
701,214,31.057891260435063,17.37304833188534,0.1266442492801763,0.13072193273325447,0.9688064323421617,0.573120926221396,0.5593763010567632
702,242,16.715528650800692,13.277192363836614,0.07942756750287788,0.08417929083524604,0.9435523477898129,0.8059139890917861,0.7943028689792961
703,54,19092.298562987795,10623.252639774119,0.2805787583656358,0.2805934542786207,0.9999476256029468,0.5564388261528129,0.5564155936869899
704,961,39.2728244034151,9.144280854215063,0.2190995509883508,0.22467846094241295,0.975169360112841,0.25188898480521854,0.23283990884597267
705,628,1034.587407990586,0.025098515986470706,0.1412781568441519,0.14141471191504587,0.9990343644657282,0.0009898715531656884,2.42594446758423e-05
706,392,148.94863435920257,25.32209269186967,0.6357928764273947,0.6400614142301255,0.99333104963394,0.1755407296929093,0.17000553782052977
707,31,1052.113126973733,0.0005275987387653374,0.7845968046710264,0.7853425389314931,0.9990504343983693,0.0009500665912444949,5.014657884584207e-07
708,71,65.93610379605812,21.06736542375989,0.3901918999975394,0.3961096275782351,0.9850603793276221,0.3296780686697131,0.3195118335915288
709,5,237.04670880694943,79.19926246423006,0.7636812801275797,0.766902929075887,0.9957991437688348,0.3369055714577002,0.33410825597553373
710,29,376.65967713838637,1.1859855362596103,1.5223875828047944,1.5264293947512473,0.9973521133959088,0.005788241818198125,0.003148692595050131
711,5,28745.395541047335,7532.458751095259,0.4351797051653024,0.435194844275305,0.9999652130299755,0.2620662037554635,0.26204053238158415
712,938,201866.36506065083,39.561801400596366,0.2312168590007335,0.23121800439639623,0.9999950462522773,0.00020093293132552464,0.0001959801544388537
713,39,8646.564642523079,2503.4983930640115,0.5588162270960422,0.5588808557954389,0.9998843605059531,0.28961892701541925,0.28953676940689443
714,27,5309.41166558648,5093.244339854637,0.02406610461027279,0.02407063733557761,0.99981169068182,0.9592936782787121,0.9592860114552889
715,87,47543.116559305985,5764.892831559455,0.2685572286571356,0.26856287736609896,0.9999789669033236,0.12127458135366016,0.12125609864822898
716,188,14.497848777217321,14.254139900588779,0.008593069175640919,0.009185782571103038,0.9354749156237707,0.9842746641723071,0.9831899973317753
717,9,59.34453660743041,16.734651454016298,0.6681157394713773,0.6793739913285117,0.9834284915218509,0.29388992692724686,0.2819914420213197
718,430,12.334125826912633,2.117436492110487,0.19023742164669832,0.20566108638924593,0.9250044575114424,0.2337938408994521,0.17167300883945213
719,11,328.78687362120957,143.18943196359092,0.5050175850293572,0.5065535879100902,0.9969677386215541,0.43722004572324397,0.43550835952337114
720,518,3709.310640235411,299.3447635191266,0.18863973249803287,0.18869058823668464,0.9997304807880085,0.08094868398945443,0.08070091522454122
721,5,251.9253224061335,217.52079371296398,0.10975095389230462,0.11018660265061157,0.9960462638122318,0.8639735698827158,0.8634336224537789
722,85,2562.258027217071,707.1904155987727,0.5193935210063103,0.5195962303023646,0.9996098715036168,0.2762852619904423,0.27600281005534366
723,899,299861.55867756624,4164.206320526335,0.12483696459884003,0.12483738091417283,0.999996665138841,0.013890384777931091,0.013887096228309824
724,14,6059.3332214035045,3737.4039531344765,0.3654801529728971,0.36554046986579913,0.9998349925716182,0.6168644225587161,0.6168011919088341
725,326,24.293759794975767,17.87424114662772,0.1349267654785488,0.1404807335187882,0.9604645569458348,0.7462014860430837,0.7357544199611425
726,26,74.99839428689096,42.26160300273461,0.33249983635776237,0.33693326242667065,0.9868418272598622,0.5692436453252387,0.5635001042965203
727,18,210.8603505720199,131.57595397566692,0.3207832742910534,0.32230458103943377,0.9952799096324535,0.6257704833288237,0.6239957090971772
728,14,43374.27028116793,33187.543650746054,0.12130920748858125,0.12131200428969637,0.9999769453886159,0.7651489762625271,0.765143561738612
729,43,4093.846531008028,1083.1171092772395,0.21251387412456849,0.21256578468655823,0.999755790603524,0.26475158496608237,0.2645719865347623
730,10,48.35771221124639,27.126834344696576,0.3496077948001152,0.3568374129688343,0.9797397416695471,0.5698569298414067,0.5609619046119345
731,287,115.29141125340286,50.37207303143223,0.3117333915255289,0.31443726502431335,0.9914009126794328,0.4417529418358401,0.43691088940456946
732,190,12.746864787346668,3.7118758808640466,0.502485626645428,0.5419059574505547,0.9272561405477378,0.3427600368340789,0.2911991256507785
733,14,117.61663174772681,30.52586560528773,0.4466726753913759,0.45047037533188633,0.9915694790412967,0.26577947072664115,0.25953698173198797
734,142,153.39165982835303,47.00371223476482,0.3077260047496324,0.3097321503581615,0.9935229661944708,0.3109216669354652,0.30642938662612096
735,678,192.86802464055964,106.3965176860981,0.42779592597539945,0.43001400192019473,0.9948418518120558,0.5539671530940506,0.5516545206722835
736,6,191.1749602970887,40.643749587055844,0.39889966830907164,0.40098623690408625,0.9947964084475206,0.21669706356477242,0.2125997542978163
737,16,33597.95783446278,918.9062553821376,1.3685989591206813,1.368639693708357,0.9999702371720893,0.027379011572751244,0.02735006276005199
738,114,30646.94182581221,1763.3241951313328,0.5401129310598793,0.5401305547736621,0.9999673713815539,0.057567460978583215,0.05753670970348445
739,316,99.11746485592185,5.64602019780827,0.5209375355717268,0.5261932948501645,0.9900117327037885,0.06638222619172887,0.056962919764093865
740,9,7.716072766726281,5.1785764687737315,0.17287036436354605,0.1952742956884304,0.8852694296200104,0.708871602398792,0.6711414764133776
741,969,109.57175300266017,14.383257812215176,0.6822523072776119,0.6884788418413241,0.9909560988874262,0.1391246624429033,0.13126793555877472
742,12,217.92881960851733,121.13876887442231,0.5997060202895184,0.602457863856454,0.9954323053411229,0.5578926022294717,0.5558639242484469
743,50,376.81235582772075,29.80662015156779,0.6614593960007935,0.6632148039267035,0.9973531834399402,0.08153947237664019,0.07910202436460292
744,11,22712.21752410362,5625.253613103813,0.4098118165469904,0.4098298602195693,0.9999559727722884,0.2477083489881231,0.24767522621399446
745,136,35.23003979625266,10.62738770502573,0.20821680016207775,0.21412700637717902,0.9723985950436789,0.3209322366305646,0.3016569883680955
746,554,2151.260905641301,6.65157709687355,1.1935814579541613,1.1941362867314724,0.9995353723159776,0.0035551345456389443,0.003091943464147452
747,721,790.5216775164312,15.134599855461394,0.1956604725132763,0.19590798055521644,0.9987366107228574,0.02038428044837276,0.01914507885857035
748,324,1777.2117127312697,1.4479042331908085,1.6702627230158682,1.671202545047791,0.9994376372662263,0.0013766101165934368,0.0008147055428560213
749,11,71.29490288150198,58.140242912628025,0.1343157418757842,0.13619968780245204,0.9861677661890066,0.8180416676064195,0.8154894748824038
750,51,18.293328852079338,5.10195015316572,0.315162161846727,0.33239041835461264,0.9481686127019896,0.3162725416618855,0.27889676036659666
751,31,5569.487222178542,4317.3586166429795,0.1097209197266786,0.10974062008962937,0.9998204824892125,0.7752209895482227,0.7751806305346395
752,7,17.737827653885358,16.545826073138276,0.039967256638205384,0.042220478251250575,0.9466320206124512,0.9363852842087639,0.9327988971363141
753,39,91.92936958635299,23.9506661974979,0.5221615627033006,0.527841592546351,0.9892391393113804,0.2684906430395283,0.2605333453853403
754,15,1755.4412154705371,573.5256553549331,0.4352475816139988,0.4354955236001947,0.9994306669695564,0.32709643243085823,0.3267131079642575
755,161,16.43750767790307,5.470852199379118,0.4015502230879151,0.4259791225875465,0.9426523549998373,0.37108813477851693,0.33282735476580677
756,138,8411.087747646665,587.7445646101197,0.48991001987239924,0.48996826561118717,0.9998811234464027,0.06998792479011227,0.06987735501565354
757,453,55.59641478099544,47.32764853321515,0.13127499916272822,0.13363621255535157,0.9823310362702374,0.853899469078086,0.8512715922357136
758,242,3873.0689640127207,1473.062921892065,0.1462039071508205,0.14624165600283148,0.9997418734644918,0.38049475514892384,0.38033480311847784
759,547,13.041436948392544,11.456460396346182,0.038003040209004316,0.04091706267135947,0.9287822176836054,0.8871214849397726,0.8784661108803872
760,20,521.7467958823809,72.77932157457222,0.37911086435605024,0.37983748283717544,0.9980870279686518,0.1411377786640183,0.1394916502582205
761,589,13289.194344735997,9643.462004339,0.13450270491543964,0.1345128261238008,0.9999247565555432,0.7256825411404909,0.7256618989968256
762,77,14.36158468839594,7.958822589667948,0.21497589738437245,0.22994471190231858,0.9349025494254247,0.5831965107372934,0.5541744008304753
763,18,2150.2224037795286,697.9926361489368,0.5968510181656764,0.5971285945768964,0.9995351480171258,0.3249281129281945,0.32461415848055913
764,217,244.1947019397695,28.788318888667245,0.583252816779412,0.5856412912718818,0.9959216084520226,0.1214884279839968,0.11789084144736224
765,507,9.69914958970259,0.5757485912222642,0.5489303605973757,0.6055260812345915,0.9065346276714881,0.14727792877471735,0.05936072909253055
766,381,3474.3736368080545,99.66698088200208,0.6737429377048527,0.6739368555179998,0.9997122611539059,0.02896580091873498,0.0286863162401748
767,299,876.6575796871388,114.82554537053203,0.7514945259081368,0.7523517528840064,0.9988606034709383,0.13197122437183387,0.1309810672161312
768,580,205.77610585691738,133.6899530078263,0.1505442544791695,0.15127584697311947,0.995163851278387,0.6513806440528846,0.6496864757504214
769,10,19.263121511768407,13.203611036668281,0.16415709550070584,0.1726789280292718,0.9506492620389596,0.7009586863711553,0.685434654430322
770,103,329.42702558132856,65.11737925668427,0.2121407340563782,0.21278470287976778,0.9969736131654471,0.2000967661176089,0.1976686009345283
771,92,33.80243765612837,7.005491321145599,0.5783565206199783,0.5954664263168274,0.9712663805368843,0.23002674123707278,0.20724811010413938
772,100,24528.317357987005,1924.627164664307,0.6900117903527943,0.6900399215849651,0.9999592324570059,0.07850308822545779,0.07846551952890492
773,333,581.0816941408925,157.20021634990044,0.5491911309982356,0.5501362496218918,0.9982820280897582,0.2717835278833012,0.2705303194627652
774,50,868.6118139480359,312.6854359540843,0.5640369716134073,0.5646863260920778,0.9988500616206445,0.360718921848535,0.35998294166971867
775,51,42342.05875383844,11055.924037888915,1.081243960223504,1.0812694961561455,0.9999763833783045,0.26112719211355023,0.2611097420218534
776,9,13.350028640786496,9.976521767286798,0.14543970171488574,0.15633403802144197,0.9303137279351665,0.7649128822007142,0.7473033980471705
777,929,1474.4639637315347,1144.7847658868038,0.06396948674261156,0.06401287165286784,0.9993222470866242,0.7765589631813488,0.7764074226606479
778,12,50.97103440548681,42.54543606378037,0.09779364831107694,0.09971226050821437,0.9807585126707725,0.8378789562668987,0.8346983058126939
779,724,747.8722976554312,225.03412455994902,0.17078609196136277,0.17101445460094278,0.9986646588435294,0.3018326692917023,0.3008991311289745
780,8,16.884666658528616,12.703478423384869,0.1835655221856409,0.19443725130520398,0.9440861818062941,0.7662138011865112,0.7523677357863747
781,41,11768.810022480719,7.144535241910289,1.1448005238069883,1.1448977979172525,0.9999150368614201,0.0006919852764279087,0.0006070737167362577
782,268,93.36487538192716,22.114338293692548,0.50858769724758,0.5140350102244046,0.9894028366386046,0.244946418888817,0.23685929213989254
783,39,305.4134649555343,42.23492291031312,0.7187319061717369,0.7210852140269635,0.9967364358477352,0.14109994453601188,0.13828769113523587
784,121,7972.554724614313,1236.9147988641603,0.6918166944013171,0.6919034691828391,0.999874585422119,0.15525256195241566,0.15514660502051283
785,79,52121.56519219345,0.0001495432728931805,0.4770151997093242,0.47702435168313684,0.9999808144515467,1.9188417522909797e-05,2.8691247536744823e-09
786,178,290245.93993887043,146.1044011744588,0.12289979513265577,0.12290021856595221,0.9999965546579056,0.0005068249856671729,0.0005033813778936245
787,11,1185.559452559935,301.26104916909594,0.49224431164539645,0.4926595116681221,0.9991572272271374,0.25473738253653017,0.25410876571275615
788,29,634.2169160987793,59.60311209540011,0.6028573437267548,0.6038078975962969,0.9984257346196924,0.09540538131068291,0.09397906391717392
789,13,9.131918729630955,5.640826909002808,0.20895616979508658,0.23183812658660644,0.9013020113282706,0.6554362590356756,0.6177044579579574
790,260,23.611542365854405,9.312696051767944,0.4595848101263357,0.4790492230395285,0.9593686577974332,0.41901868231044254,0.39441286416068294
791,43,416.468668903874,28.551639169412784,0.6885957748434126,0.6902491903972303,0.9976046106582664,0.07078768149716481,0.06855651169284681
792,29,682.9163567162011,124.5274323865902,0.6118776659012448,0.6127736433659573,0.998537832894067,0.18354208252790663,0.18234653652956792
793,130,1911.954235532088,1640.4840498466851,0.05256997640024291,0.05259747181588795,0.9994772483411126,0.858088510094496,0.8580142868273968
794,162,344.191695219584,3.8452692177627705,0.5991561806879652,0.6008969437249865,0.9971030589268266,0.014036459407520185,0.011171882619973162
795,745,298.3394417500328,27.43715188426003,0.30533157772111985,0.30635501456852454,0.9966593109342567,0.09499968236062535,0.09196622385332667
796,7,279.26260247167295,137.36882136991187,0.5809545953316317,0.583034911815793,0.9964319178114354,0.4937113269826903,0.49189837863752595
797,26,509.0164245313406,59.59690285596041,1.050397586576746,1.0524611694710382,0.9980392788312283,0.11881363019170124,0.11708247511037038
798,572,10495.02154111696,40.045047624798144,0.253908315981655,0.2539325091969797,0.9999047258052889,0.003910533859330307,0.0038156231950464627
799,5,26.95055336442116,14.537251737454918,0.3909022853130878,0.4054067105108703,0.9642225330224434,0.5558835109587708,0.539404573289627
800,618,888.5639988705783,166.52241410839065,0.18059528927021815,0.18079853325658238,0.9988758537876201,0.1883196873087074,0.1874062130809388
801,10,1841.338826409918,801.5168654636477,0.5424865383816768,0.5427811536532395,0.9994572116780773,0.43559678271964547,0.43529026487014094
802,203,97.56411579964288,16.231157581731892,0.4876662272368319,0.49266464518219927,0.9898543197807124,0.1748218146324032,0.1663640104632743
803,5,20786.309557895038,3043.7293699894963,1.1324768419893432,1.1325313238510146,0.999951893726448,0.14647058396420068,0.1464295218692839
804,79,26.446184920893703,17.078800282707874,0.20519740531877662,0.21295646039354707,0.9635650636734308,0.6586999371612189,0.645794481653754
805,46,576.421330190768,311.6086631391803,0.141409919926246,0.14165524381091116,0.9982681623491988,0.5413874527910164,0.540591832429332
806,196,32476.629621589644,26210.304915196117,0.08171561801531452,0.08171813415134735,0.9999692095755861,0.8070572027760314,0.8070512618024922
807,764,91.73347377436858,24.260336827032525,0.4780498623977535,0.48326115379148815,0.9892164074168825,0.27239718085503717,0.2644654762197739
808,64,11939.709617708002,7400.200460652357,0.28113324542816315,0.2811567914987486,0.9999162528834535,0.6198291975609573,0.6197973566858765
809,838,15.010777880736438,14.301615457939564,0.029465684957946048,0.031428653512411156,0.9375420727556804,0.9557071849925474,0.9527564508361054
810,187,2491.214297657184,35.89944147904032,0.8921355235051156,0.8924936362232163,0.9995987503960071,0.014805886281018364,0.014410418851883308
811,729,785.804403521945,2.3490671168296493,1.6996350121969372,1.7017979359532553,0.998729036091405,0.004256543432952761,0.002989378917070484
812,232,16.323225100288603,6.411864515236582,0.2269119187178506,0.24081308820633843,0.9422740284092169,0.42785708044128,0.39280623013176585
813,25,1394.8865673329587,142.90825851368308,0.21774374260927204,0.2178998440068399,0.9992836094111065,0.10309452206323642,0.10245152678394884
814,91,200.82968124648704,111.7237115163543,0.22064638783756751,0.2217450620298885,0.995045327358077,0.5585090895460962,0.5563107545802999
815,215,20.90026706501707,6.436379849338326,0.4043192765953048,0.4236644493310184,0.954338456374472,0.33955658290656243,0.30795682319828144
816,182,3257.564771248383,0.6670651400709362,0.546034632682199,0.5462022531812606,0.9996931164269548,0.0005115949066841074,0.00020477417546951786
817,18,15.532070457393031,12.885006609579092,0.09098133239408711,0.09683897594802697,0.9395115087019958,0.8398831014762467,0.8295743085202155
818,421,7881.282584147705,2.3108995790594498,1.3454709110203567,1.3456416282731205,0.9998731331959587,0.000420043248096446,0.00029321364313310614
819,53,11229.722912438207,8028.089603415021,0.14539637268043193,0.14540932013904817,0.9999109585368815,0.7149218857962095,0.7148964997634083
820,240,2375.118050572806,678.4521308025639,0.18070648453813234,0.1807825676972387,0.9995791454891062,0.28595049418473534,0.28564985670457177
821,6,2716.3229501874225,5.240249645633828,1.0958692932391014,1.0962727317526122,0.9996319907429734,0.0022964696357506633,0.0019291703312642769
822,125,215.67749262496721,125.19717094944146,0.24841076472460516,0.24956253425651717,0.9953848459852225,0.5824193801608541,0.5804832457281099
823,107,208.78471422447367,105.75993846668904,0.31177994765723815,0.31327325596199285,0.9952332084647025,0.508902370991882,0.5065501986557399
824,755,21.03891485159987,10.286239782865593,0.129850235605396,0.1360221430693174,0.9546257151618602,0.5121050586592876,0.4889149395499071
825,14,6993.683891206151,1435.242023462292,0.7374811273656642,0.737586576959732,0.9998570342826704,0.20533337114318528,0.20521974481388322
826,305,367.0858210776314,244.940650256162,0.0825479757769991,0.08277284955592816,0.9972832422692284,0.6681611628943775,0.6672571812692321
827,5,58.84209059933964,23.176820131254388,0.31285049664979925,0.31816727743483325,0.9832893538647356,0.40401028588932986,0.3938816567390026
828,413,131.80743392771097,6.66298328965977,0.6404286379138281,0.645287458230936,0.9924703010183579,0.057699957472492416,0.05055089148700099
829,13,125.89519841983783,51.77384959470568,0.3802127548119239,0.38323282833008937,0.9921194811746028,0.4158853152197398,0.4112456252862735
830,337,5.4267988083355645,3.718074330178288,0.0962325918479894,0.11396543864160484,0.8444015395809498,0.7341251019183829,0.6851321490797346
831,499,545.5781526062709,46.642844878496604,0.3953988527100499,0.39612358637253464,0.9981704354716127,0.08716565902116519,0.08549250855387072
832,14,86.27149676473027,76.32440423911063,0.07346116491446981,0.07431267633677423,0.9885415051068073,0.8860212910930658,0.8847001280997105
833,259,983.753074989851,341.96204563827274,0.3915802131859611,0.39197826044308404,0.9989845170069559,0.3482721246052543,0.34760963328302746
834,945,53352.492159116155,25963.25042769721,0.1326973750085874,0.1326998621909033,0.9999812570844095,0.4866457541385297,0.4866361322028883
835,33,699.5227306785663,98.7305836153938,0.6563988768088465,0.6573372292712061,0.9985724945726868,0.14236594938009944,0.14113992195739086
836,4,4274.161996492292,446.1153346145184,1.4725954860853603,1.4729400204027994,0.9997660907350832,0.10458441925273709,0.10437492424962722
837,6,16.37481707942236,9.881031894491738,0.37350176362147514,0.39631128642773855,0.9424454372423673,0.626253033039326,0.6034285358160656
838,121,83.04246165196949,10.641561310899402,0.6598470777998041,0.6677929775801504,0.988101252862617,0.13851999432273399,0.1281460243254605
839,867,4746.178538588219,818.8376937305106,0.39094896126400264,0.3910313325776996,0.9997893485589658,0.17269999159844643,0.1725256829411392
840,20,74.17993312759867,9.54226200701601,0.5438696208681452,0.5512013829490386,0.9866985782189677,0.14022707348147306,0.12863670274010813
841,31,402.3357945796704,91.2297450046074,0.718948254505623,0.7207351903542135,0.9975206762865121,0.22866739387889704,0.2267502574557584
842,229,12.634698434317412,6.965903670501488,0.21403546436915882,0.23097575506797055,0.9266577104864249,0.5842376132391726,0.5513312174971448
843,170,192.56985492550487,105.39704666898089,0.21129426102509152,0.21239149538249832,0.9948339063415379,0.5496571080756747,0.5473185131169853
844,328,44811.49465905958,662.2225120572101,0.09545788514061862,0.09546001535042004,0.9999776847951093,0.014799946244972747,0.01477796081330503
845,352,29880.691980356034,0.5959519326386157,2.4372681133670304,2.437349680022681,0.9999665346928596,5.340902160720285e-05,1.9944381911583654e-05
846,117,7974.123134888775,403.7921553560047,0.7093244478009899,0.7094134010859847,0.9998746100865044,0.05075685334376347,0.05063781290124721
847,605,6533.6990813801585,374.68182192738715,0.39813869637652843,0.39819963256159246,0.9998469707652113,0.05749030173368617,0.05734604812075926
848,56,512.6949900171506,48.06214395993803,0.8065923818227192,0.8081656220484444,0.9980533195389608,0.09550831702349287,0.09374412642169618
849,94,531.5540556596086,43.034406494423806,0.6045661210086458,0.6057034768703342,0.9981222563430457,0.08268532748264183,0.08095960521084192
850,468,170.03377855940292,120.46051709747434,0.08865014657164565,0.08917151442762533,0.9941532017334657,0.7101551408179235,0.7084505097638015
851,632,6829.630087557517,148.323343115659,0.7901001594873298,0.7902158465962007,0.9998536006214388,0.021860844636816472,0.021717624705015894
852,415,90.80834136188109,78.99055711706957,0.040748816119653926,0.04119755040450629,0.9891077435321669,0.8712776631239928,0.8698601464625769
853,110,2847.651574696208,458.74523711770814,0.5790328226286537,0.5792361595915654,0.9996489567173171,0.1613904772354398,0.16109598561637506
854,573,23614.96440621258,18702.837831276276,0.07814766163649071,0.07815097087974394,0.9999576557627374,0.7919997468473451,0.7919909388623075
855,71,85.92392148530392,37.312815911696966,0.31687689230326277,0.3205647697514247,0.988495686999474,0.4407626261796581,0.4342541083635108
856,737,509866.471818857,14.096391344368087,0.06467952718929103,0.06467965404510674,0.9999980387060261,2.960846137235335e-05,2.7647221622715735e-05
857,37,17315.597006852593,446.07217220260213,2.498065943233009,2.498210210042997,0.9999422519332408,0.025817553646694264,0.025761293244816824
858,5,2200.3550967043493,1902.281784871387,0.13206531455178686,0.1321253345525356,0.9995457343517651,0.864595533778622,0.864533996226604
859,89,4814.314470689852,2859.320451290911,0.23274895632751447,0.2327973015192847,0.9997923292432742,0.5940049125973564,0.5939205817772834
860,49,39.303599397329414,15.561027846993275,0.611084413434382,0.6266322111629511,0.9751883202752787,0.4109069188517847,0.39591864576277486
861,6,389.28503636077517,128.59790330432045,0.580900761230904,0.5823929859684934,0.9974377700735733,0.33205962624844676,0.3303438131260216
862,16,1536.7023661218404,16.13533551587914,1.0005673429143933,1.001218456210613,0.9993496790913303,0.011143466963047787,0.010499974407275573
863,910,1489.5709991084902,14.577077916452792,0.6401916474721716,0.6406214300390015,0.9993291161570981,0.010450409893771873,0.009786091381462976
864,52,61.709544967917175,33.5617658134511,0.3793919862402929,0.38554001384992037,0.9840534642611163,0.5511404337431127,0.5438666875748295
865,95,64.55626081013904,57.97543008076598,0.06767150526780971,0.06871976153944902,0.9847459268170256,0.8996155264493784,0.8980605343805865
866,348,11215.137625486175,509.1660268264682,0.7028015859622814,0.7028642514069179,0.9999108427487796,0.045485000617969375,0.045399891096244656
867,938,5621.556548578638,0.2432551158588913,0.16814778013245701,0.1681776913818911,0.9998221449635305,0.00022111918397213484,4.327184361783148e-05
868,46,9.811739571153455,3.574647896566613,0.26331994576326917,0.29015717924808676,0.9075079460230362,0.42311858017484283,0.36432356063302873
869,786,15062.109448366522,11493.492621469788,0.19150130719504707,0.19151402130443865,0.9999336126446253,0.7630889665158928,0.7630732375747178
870,785,96.9509564326443,56.83634633619748,0.14502572574404568,0.14652159263469158,0.9897908092333162,0.5904622929942341,0.5862381190193204
871,50,9.63039008845472,5.8120333273049765,0.23677810809705419,0.2613646623199109,0.905930074844002,0.6408074652597442,0.6035096474723973
872,222,33.467484694043236,5.076402766049041,0.25150708810061806,0.2590220564467568,0.9709871489353901,0.17629376845996486,0.15168163405338234
873,14,9.502442219261903,8.56409416476262,0.04657262085384748,0.051473742037141015,0.9047840512594341,0.9106542997419862,0.9012519063154937
874,4,32715.867747310498,22514.745803824833,0.2677555641954739,0.2677637484675911,0.9999694347268291,0.6881999211454387,0.68819039059955
875,7,438.3397692856473,377.92064391815745,0.07841899792440381,0.0785978979545156,0.9977238573197552,0.8624774500479903,0.8621637149968081
876,163,36.95168635679171,31.717813495751106,0.07794105917024985,0.08005032851232209,0.9736507097313465,0.8620911647552133,0.8583590256069972
877,104,2524.468039375235,359.0521879058116,0.41491123825361254,0.415075594162177,0.9996040337931789,0.14256849910279734,0.14222885071449398
878,10,2403.647773998357,1399.9568661808598,0.24705758567357716,0.2471603701116076,0.9995841386789313,0.5826037731303166,0.5824301219692003
879,33,67.92112051195076,12.936162583481119,0.6711079360796608,0.6809886319666137,0.9854906595747147,0.2022045271458496,0.1904586156113987
880,404,4359.994924665018,409.399564078195,0.19703616982189107,0.19708136165656664,0.999770694527906,0.09410686578813644,0.09389909189163782
881,48,62469.605406912735,1676.4468558674118,0.7515069146635353,0.7515189446245022,0.9999839924714433,0.026851778447496727,0.026836200500185974
882,13,243.80985925390044,143.87563894352294,0.286472506124918,0.2876474893967249,0.9959151971940684,0.5917884164676048,0.5901141134481059
883,14,13681.212006933432,5015.8216684391155,0.3857160009905196,0.3857441941068016,0.9999269124027977,0.3666674413389335,0.36662114920060973
884,24,8301.669429438189,2631.3980609939044,0.7574253493320499,0.7575165870470384,0.9998795568089879,0.3170544224801239,0.31697215642709387
885,24,311.49887774425264,273.71549674019343,0.046024087726600674,0.046171838139250264,0.9967999885080601,0.8790927465826583,0.878704599908446
886,8,1054.496023558861,645.6793129208222,0.24183750263421896,0.24206684205061432,0.9990525781455545,0.612678113878995,0.6123108086663932
887,370,66.19431073616519,26.076247457688865,0.3583855875238191,0.3637997323882057,0.9851177876661844,0.4029544638682623,0.393934873974632
888,902,3992.399624124916,0.27777784820317886,0.8568805469842434,0.8570951749342626,0.9997495867946805,0.0003199724466551933,6.957666425090507e-05
889,5,52.23345648687685,49.14266693135001,0.06708055812142814,0.06836480317494627,0.981214821167089,0.9419389654645329,0.9408273975454148
890,7,144.39192276695036,95.7362670450946,0.27974456082825366,0.2816819584019377,0.9931220388246537,0.665348288984071,0.6630306267173521
891,190,4494.817590778425,419.2402639122671,0.8470194903029102,0.8472079338766919,0.9997775710469101,0.09347360194822871,0.09327191937051707
892,358,21.658598103888473,6.102827133644008,0.12587507117535307,0.1316868541250886,0.9558666429663895,0.31347160583712735,0.2817738758700333
893,643,284.2587975397791,0.00839667890902467,0.48513035107932523,0.48683700134055924,0.9964944113604048,0.003535023941788875,2.9538853262227144e-05
894,33,4378.718985946769,1.5534938628814148,0.18885959758126372,0.18890272882539866,0.999771674848727,0.0005830268725173524,0.0003547827270640702
895,471,18.40884029781199,2.7192513375726106,0.5151016588563632,0.5430828706287086,0.9484770864896686,0.1916266649889376,0.14771442924059758
896,670,10.48304058376243,3.7467706648375847,0.3209927876752266,0.3516129865679433,0.9129150513136696,0.4133722797731592,0.35741258797004916
897,11,2331.3229074667997,185.84789667424474,0.6673156526433053,0.6676018916926046,0.9995712429026022,0.08011236183294422,0.0797177843013544
898,39,1161.1053521534416,141.23518064868904,0.7792337354658936,0.77990484918871,0.9991394928195222,0.12239439426478835,0.12163855793683795
899,8,56919.74502044477,1114.9064442663614,0.8691937830236842,0.8692090535380322,0.9999824317127326,0.01960456497653976,0.019587340805302323
900,254,1542.6846521455886,936.1376727288477,0.15398931420423007,0.1540891332527894,0.9993521992988593,0.6070784414590811,0.6068237416032198
901,903,3637.724958731929,23.995028374150365,1.1157209000120174,1.1160276084390341,0.9997251784591192,0.0068691722121424,0.006596163439061861
902,125,57.23199981835403,42.18618980448831,0.09965002379410363,0.10139118300766206,0.9828273113903124,0.7416229897513589,0.737108434763438
903,13,399.9830455940191,195.63882790570472,0.4328467803604682,0.43392894317993863,0.9975061289723149,0.4903918758320631,0.4891178015187104
904,701,782.724835238277,115.34776107469403,0.3497025165613913,0.3501492923640971,0.9987240419659589,0.1484548604859774,0.14736693647848784
905,34,510.49255354442806,116.23559119544582,0.7860449990558558,0.7875847766561327,0.9980449373249514,0.22920292853347038,0.22769301998315997
906,956,74.30308937158328,36.156679296725294,0.20049621776075233,0.2031945741744149,0.9867203323483117,0.49342835210087554,0.48661071299349196
907,59,223.49347339400188,161.95244396004657,0.09667285912840293,0.09710541251647423,0.9955455275163172,0.7258671777689213,0.7246405968846205
908,128,1144.341588301585,830.1354658689955,0.13769789407496763,0.13781822343770567,0.999126898027441,0.7256660147139837,0.7254262838608098
909,141,97.7401527376255,46.559316046109046,0.26735191447545353,0.27008724797951644,0.9898724078070122,0.48166135789241393,0.47635812654286797
910,16,2822.3085273258475,918.1393796964386,0.3853861867224512,0.38552273670732734,0.999645805624741,0.3255539983676597,0.32531502874576956
911,77,3061.5097891673995,814.0964550340041,0.4969739348253214,0.49713626451526177,0.9996734704314949,0.2661530937524295,0.265913392769325
912,21,1328.6338167652345,979.8843164423886,0.13156329971712713,0.13166232120676333,0.9992479132319056,0.7377101154276504,0.7375127022041853
913,596,7081.314072616342,46.33668605790971,0.6410791638507699,0.6411696949523814,0.9998588032118109,0.006683788034893323,0.006543515170029683
914,458,14576.804471313559,10.767630236913051,0.7007795790535659,0.7008276540332661,0.9999314025646341,0.0008072292545883426,0.0007386824909467109
915,201,4306.727401090379,403.4888747893075,1.1037342229286007,1.103990504350696,0.9997678590340359,0.09389843811540223,0.09368804598293172
916,11,1464.5290277050278,106.87804126780803,1.1698397887888055,1.1706385710366534,0.9993176525465579,0.07361030674141039,0.0729777554735736
917,8,23433.758471589925,321.78950775972805,0.3912416184822509,0.39125831412324064,0.9999573283419494,0.013773963497470964,0.013731877801414218
918,978,1316.4673287327767,715.955689381949,0.13197876857739554,0.132079020794596,0.9992409678948456,0.5441923862139051,0.5438461507974707
919,8,14.424907942190872,5.279921580868914,0.3795353366825466,0.40584644647982004,0.9351697913694023,0.4071286262715255,0.36602809543247544
920,256,2281.2810669169876,1167.7884259310015,0.2035172950685389,0.20360650691447058,0.9995618418719342,0.512114148810714,0.5119002839528215
921,196,10.477696112935728,1.081094625431976,0.2568632845978406,0.28137852934527297,0.912874501105412,0.18131640748760686,0.10318056696617305
922,183,436.68808501599557,296.2590813783966,0.116256156328935,0.11652237874332648,0.9977152679402649,0.6791573532725551,0.6784226351574142
923,95,35328.05065164912,1572.5001239159176,0.7078809592088656,0.7079009965714191,0.9999716946823771,0.044538420786647104,0.04451137537764238
924,95,25.03897623994014,7.73071086438663,0.3195853363457578,0.3323488508474402,0.9615960323944635,0.33529393720921113,0.30874708256063715
925,7,12206.974866484607,330.67772425724553,0.7153468583840078,0.7154054598693232,0.9999180863320135,0.027168938983305347,0.02708924429468207
926,137,13.91991059234725,1.9345908764546602,0.37100203792733316,0.39765465436951775,0.932975469671184,0.19668957520160182,0.13898012229462453
927,266,98.84761677682835,72.40308544549669,0.08118789612132618,0.08200924011290288,0.9899847384215981,0.7351511013984597,0.7324717358534159
928,26,22286.961474776403,953.1296508890955,0.6646838067215425,0.6647136306079199,0.9999551327293377,0.04280919329337936,0.04276624482739893
929,10,4695.448104010602,4200.595079689246,0.06566731248894112,0.06568129780217091,0.9997870731289153,0.8946324938843103,0.8946100535327652
930,83,16.914490688354846,10.324309998673511,0.1896149043851595,0.20082510916630042,0.944179267086279,0.6321312838681358,0.6103825523863695
931,700,351.57074687763594,21.734934170421617,0.9968697824502735,0.9997052566508536,0.9971636898158569,0.06448332532339122,0.0618223625357159
932,5,28642.148874448194,6253.515156230612,0.9311849637137277,0.9312174747158807,0.9999650876373826,0.21835990112840217,0.21833261127308098
933,8,1833.3091692023058,1497.253229912057,0.13657665306600644,0.13665115040413156,0.999454835631425,0.8167942760508627,0.8166943443388379
934,310,21.799252586080353,20.553949771900772,0.046409040265227255,0.04853796831365315,0.9561389130532055,0.9453796649921815,0.9428740591328918
935,6,554.6330084630355,235.89872402705058,0.4442810232980565,0.44508205932822215,0.9982002509124392,0.42635826241199765,0.42532398978697367
936,43,5605.653257173147,5333.329116658385,0.02366085308987459,0.023665073981179202,0.9998216404771026,0.9514283962243696,0.9514197314708525
937,16,17.184693039228115,14.753428454097035,0.1472235640184637,0.15579069778584553,0.9450086950688259,0.8663015878306912,0.8585215005248482
938,494,161.65969073308057,4.007474091078429,0.9410528875204657,0.9468740844017233,0.9938521953687901,0.03078497240779546,0.024789569204949465
939,141,2471.620994474052,615.4133623105254,0.44832341635591183,0.4485048047715946,0.9995955708528582,0.2492955304060426,0.2489918008005439
940,97,352.3080761258525,239.61225051679997,0.2512072476767259,0.25192028057236404,0.9971696089968696,0.6810267491057608,0.6801213675022454
941,27,400.7646483118521,54.30948143299484,0.7827030561956148,0.7846560803944623,0.997510980609663,0.13766637175619117,0.13551465095976808
942,168,27.548537850196205,9.97517014750014,0.19426529995611805,0.20131704625976926,0.9649719363826151,0.38443895813826107,0.36209435875483664
943,631,10215.442032624473,0.006999728828775865,3.1220909867504547,3.1223966114093566,0.9999021185656604,9.85665778372836e-05,6.85210567141513e-07
944,313,70.29967471689416,18.740678972533537,0.34474539007612387,0.34964933012228283,0.985974690572283,0.2768691309030063,0.2665827267054174
945,18,3323.020154833669,372.29941509795356,0.5993218328953107,0.5995021874538057,0.9996991594655209,0.11230359555886421,0.1120364601329325
946,57,1828.1143877937761,89.95978136457383,0.6278203330186652,0.6281637581003836,0.9994532873358423,0.04972886440103226,0.04920905495040714
947,68,63.72242443057259,9.95970805822474,0.6258430401887585,0.6356644342393041,0.9845494044946862,0.16933401606395573,0.1562983227211659
948,260,1531.3294943112096,465.33819874856107,0.33633951043037114,0.3365591493204205,0.9993473988435825,0.3043328477849228,0.30387855812694947
949,6,12.8189586954946,4.221533651692646,0.6077251265309251,0.6551334333183181,0.9276356473714599,0.3778529024328746,0.329319545524112
950,323,1521.8941090941935,61.055433541023945,0.5779080099430496,0.578287739391038,0.9993433555268036,0.04074835746651753,0.04011805629326152
951,44,836.1741356191171,144.01494908864473,0.4874859505004724,0.4880689462303504,0.998805505381195,0.17321957633270826,0.17223081049022604
952,29,280.08952217977964,102.77258159891088,0.7139985159046274,0.7165476955752839,0.9964424145295592,0.3691798285264431,0.3669276194235669
953,263,14181.520615560135,2.2694472517139066,0.9354238951303125,0.9354898558915372,0.9999294906718558,0.00023052652912253712,0.00016002848447886763
954,16,7898.237015301732,1549.5177830256275,0.7261628684124026,0.7262548082803765,0.9998734054949784,0.19628703126923475,0.19618527274170844
955,887,305.0355344709467,17.338258007024166,0.6083719211459391,0.6103663508185379,0.9967324055955508,0.05992198925110476,0.05684012532210591
956,351,740.2003334288169,288.4561049196756,0.1841771105409687,0.18442593116725486,0.9986508370883023,0.3905234413220543,0.3897000472608078
957,17,355.72912317797113,109.10684979052087,0.3396669317488749,0.3406217788772584,0.9971967525637062,0.30865674439366947,0.3067132902018111
958,134,17260.340254964573,9558.160730347092,0.21005356280749593,0.21006573253067082,0.9999420670709673,0.5537901802032875,0.5537643284637965
959,301,261.80230270511163,74.1884023132189,0.6167702308447137,0.6191260933580369,0.996194858303346,0.28610252474685205,0.2833756676188715
960,5,58.348694840800384,48.67928452157022,0.1309369190197599,0.1331809609709468,0.9831504297999739,0.8370745920332734,0.8342823203567388
961,88,193.690472281692,98.8386852465596,0.43589278175004725,0.4381432423773316,0.9948636418193431,0.5128072477121834,0.5102919316692793
962,18,18.347801326828986,14.855031852253614,0.06412375675077162,0.06761865816203816,0.9483145405977811,0.8194746051205282,0.8096355300366106
963,487,4856.428180145003,79.68781621691748,0.7908732088567559,0.7910360596556396,0.9997941297404892,0.01661122166391121,0.016408729473795732
964,500,22542.837295522066,1.8094801323568908,1.4698588189571828,1.4699240218772807,0.9999556419793626,0.00012462297769133315,8.026851760653607e-05
965,6,509.24702115007744,78.83499898670816,0.5734709503076937,0.5745970657811089,0.9980401649425682,0.1564634298241724,0.1548069909347101
966,44,14167.270828353743,415.96345984574054,0.8690558898287469,0.8691172323343259,0.9999294197568558,0.029429382378215654,0.02936087443272771
967,648,1001.8083647644111,0.003178822991423466,0.7218925657210319,0.7226131551981331,0.9990028004999388,0.0010003694207587701,3.1730848965021465e-06
968,24,40326.995015670924,15215.321124199298,0.3282465603522103,0.32825469997581036,0.9999752033296075,0.37731409950547845,0.37729865858556233
969,19,27.304472452188758,9.184514371651154,0.353364499444417,0.3663061338254941,0.9646698944243112,0.35981996798755367,0.3363739910277927
970,13,47577.80811185554,2269.5155277001422,0.8195625651819508,0.819579790913814,0.9999789822393692,0.047721151870014626,0.047701136680456266
971,523,5231.037142053529,45.41612917512337,1.2328401761077659,1.2330758540704014,0.9998088698583647,0.008871521343387376,0.008682050603313922
972,69,23016.350986690195,267.1615051658621,0.577185264939179,0.5772103421230156,0.999956554514002,0.011650406917847616,0.011607465723839335
973,164,61.54200367231602,2.5667951379488536,0.7078515430921795,0.7193534686203304,0.9840107457183589,0.0570303944311858,0.04170802029157035
974,147,1126.8272300827011,367.3199126482839,0.4724811552278172,0.4729004574443541,0.9991133393720892,0.3265747650207699,0.32597713548449236
975,87,3703.0582291413443,400.2905172187276,0.8508212356228961,0.8510509973989671,0.9997300258424311,0.10833806932666733,0.10809727864083464
976,306,810.1441195523954,627.043886570128,0.05326038958659014,0.0533261314568342,0.9987671734579645,0.7742691729266243,0.7739905424686286
977,565,4666.934623518469,1712.88798394913,0.5242675459300156,0.5243798825252803,0.999785772492408,0.36716195109375416,0.36702635072649875
978,33,371.0165331832496,38.069747940718614,0.754155205216026,0.7561878779887068,0.9973119474249081,0.10502153656024062,0.1026093031868084
979,127,25.546628638192267,7.491487825043147,0.2813324903024851,0.2923449997919718,0.9623304332301799,0.31987066760057664,0.2932476113048966
980,274,19.923931399291003,9.575036188913296,0.39169989280379275,0.41135966200063556,0.9522078341341781,0.5054038835776162,0.4805796605610691
981,123,74.89611242241259,64.94027029018542,0.04966241386031046,0.050325497860988846,0.986824094567132,0.8688227655612155,0.8670713097086213
982,279,17.282342959608226,13.158429186685261,0.08682976514039271,0.09185395458874059,0.9453024154393486,0.7744318776847113,0.7613799365883867
983,358,52.557611791163545,21.938767525492906,0.14999415139442676,0.15284805107294383,0.9813285177109972,0.4283007915837944,0.41742321954555495
984,82,3991.150425283484,45.61294078752071,0.7914499015815138,0.7916482027772214,0.9997495084369398,0.011676148396690414,0.011428519581363789
985,238,866.3632067301844,29.11582258667469,0.7937708679717832,0.7946870782422628,0.9988470804476824,0.03472112069430101,0.033606947248560115
986,230,773.9185830983253,277.6182344725075,0.2432054105550412,0.2435196624878238,0.9987095418514785,0.35954517100173233,0.3587176229327426
987,7,72.41330622152172,15.928496765255003,0.593023480347879,0.6012129072818426,0.9863784911555059,0.23059166841190806,0.21996643429769192
988,227,36652.492344912425,355.2090749302865,0.8182157820309034,0.8182381056364669,0.999972717470123,0.009718284729278435,0.009691266601671947
989,30,12896.851123724908,1096.4643954045137,1.1965100370644757,1.1966028124268944,0.9999224677048598,0.08508893341044901,0.08501799275541529
990,141,4607.5926053006,3014.5053146756204,0.12592470582936358,0.12595203565572116,0.9997830140162857,0.6543223871008514,0.6542473636249257
991,586,1123.3707837822074,242.48010655935116,0.7399167181885649,0.7405753758008782,0.9991106136744001,0.21654787732950706,0.2158504654562583
992,22,19462.510347397314,3128.6916228405826,0.6034576705303395,0.6034886766883201,0.9999486218065421,0.1607979016621269,0.1607547827589968
993,353,108.99851838586298,6.716577505948027,0.1834014959344172,0.18508410133722794,0.9909089684599922,0.07015164948748766,0.061620814717598595
994,303,87.28631784090794,14.492461004625907,0.5002634394136838,0.5059947321499119,0.9886732165928359,0.1754797502433315,0.16603359338677265
995,103,170235.7260530508,918.6843194296297,0.32677298118094095,0.3267749007132786,0.9999941258268813,0.005402384906903278,0.005396542434009056
996,902,10.3677530844899,6.672845738103517,0.10285212419986905,0.11277251132345277,0.9120318683413001,0.674965904086385,0.6436154182805585
997,602,7861.627656790437,177.64528806585406,0.7639981347056989,0.7640953153619267,0.9998728160554398,0.022720812413337392,0.022596502381083124
998,22,16593.62580321553,219.77536441903422,2.1900257182015217,2.190157698140336,0.9999397395270093,0.01330402788451275,0.013244565535306087
999,4,16200.70400945206,6620.880982615232,0.49857418591852926,0.49860496076545124,0.9999382780972039,0.40871509433526454,0.4086785968530983
1000,30,14.563603383153472,11.567363793322825,0.13641356939213511,0.14578031509395312,0.9357475273957168,0.8074841978385372,0.7942652301767182
1001,9,196.31556320254091,85.99862487664382,0.3373646898729314,0.33908317150714024,0.9949319760500923,0.440911114483865,0.4380632053502457
1002,17,14103.784642318165,194.78972435011192,0.916805337179025,0.9168703413860823,0.9999291020724272,0.013881085696458621,0.013811166952000152
1003,630,33.6159404375739,31.739465726045882,0.02633973513518531,0.027123284094170988,0.9711115749750205,0.9457916009847533,0.9441790208126796
1004,792,72806.37758496415,42065.38133931153,0.22909021989105877,0.2290933664590861,0.9999862651281617,0.5777763563894504,0.5777705571221661
1005,492,4007.1318493311214,1326.2623944977438,0.49373245533025817,0.493855668759188,0.9997505072094456,0.33114239860129296,0.3309754818072997
1006,322,27.104599976517,23.834598850323005,0.0427774901519784,0.044355727432330815,0.9644186360654287,0.8836488998624329,0.8793562299747248
1007,25,36.22065681558477,28.452889445073083,0.13053446613449107,0.13413833413719187,0.973133198456044,0.7913049356168476,0.7855431664295656
1008,866,4052.825888640829,224.30373503233363,0.695747724795912,0.6959193945749532,0.9997533194499543,0.05557804928515904,0.055345021275403715
1009,148,97.37599065308254,11.828904110673584,0.5891486298951341,0.5951988751962994,0.9898349181201493,0.13040686071374874,0.12147659840315193
1010,906,45.58943801782066,21.904650726005272,0.19029177014265786,0.19446580207672728,0.9785359076531999,0.4916275383541683,0.48047643661329764
1011,219,2080.3397048946813,43.000393579962136,0.30715678657900203,0.30730443399728496,0.9995195402280325,0.021140419065896126,0.020669890344730532
1012,94,9.84380077170135,5.407696834918046,0.2087666993752982,0.22997463564067389,0.9077814116052684,0.590908756977532,0.5493504958434271
1013,404,80115.2305658685,6383.678986565888,0.8785427474586065,0.8785537134477357,0.9999875181346782,0.07969270323217027,0.07968121593705464
1014,222,16.65072920738118,11.62130449012316,0.11025268379253055,0.11687417660641022,0.9433451168928577,0.7150585305475756,0.697945678257232
1015,126,3767.720668267481,37.46266091048664,0.37522150984663766,0.3753210983094998,0.9997346579680421,0.01020576060049797,0.009943056879456293
1016,695,39.07859465254537,18.576967185207028,0.24217749896422736,0.24837468955200237,0.975049025329622,0.4884644123609186,0.4753744946658931
1017,4,68.25375278362444,25.066985230373778,0.370117768843201,0.37554044164504,0.9855603492979739,0.376398161581469,0.3672616406872194
1018,7,1756.8588699023458,1460.9743102435123,0.08555092216122877,0.08559961754799368,0.9994311261176183,0.8316790018101563,0.8315831938878049
1019,107,22.545085909862255,6.2086049828872,0.24837209880911315,0.2593887833230748,0.9575282925775549,0.30616176175716375,0.275386175404693
1020,173,586.1511246862199,72.18721574383108,0.7044408412902118,0.705642648830319,0.998296860964825,0.12464800400909246,0.12315461440507267
1021,9,64537.79809612513,973.1525121307175,0.5529407394117933,0.5529493071156153,0.9999845054443297,0.015094060330652562,0.015078799414279148
1022,15,66.59696637557933,12.724347031301885,0.522175019442431,0.5300158423486514,0.9852064367142774,0.20303199636278446,0.19106496472439652
1023,366,5206.967878348606,769.2128187614977,0.4461419463491336,0.4462276280657818,0.9998079865269222,0.1478912383395353,0.14772759055418913
1024,806,94.139619717394,52.65444033554773,0.13107485315649867,0.13246719841506233,0.9894891318362378,0.5639547487673876,0.5593228493339545
1025,47,69.37446249270623,59.49300637217015,0.06798004170450807,0.0689599417896677,0.9857902999954902,0.8595874729194526,0.8575634928836389
1026,184,8694.126575843296,10.881182723807386,0.896597510669245,0.8967006374759287,0.9998849930485452,0.001366418604740678,0.0012515555908791164
1027,74,11334.225744468391,1101.842499794592,0.655321208121201,0.6553790260280342,0.9999117794367274,0.09729338653293085,0.09721374222075473
1028,90,6212.549039993144,580.5443010471894,0.9064584926375716,0.9066044002975032,0.9998390613812554,0.09359293654948461,0.09344703716782733
1029,4,45.754484164405895,24.797904572777014,0.5441098258432673,0.5560017712073143,0.9786116771926381,0.5517739107560706,0.5419775793706406
1030,28,156.8383347522637,42.79440341157585,0.3401832421029332,0.3423522478032314,0.9936644035077437,0.2774636686348324,0.2728567826174154
1031,11,285.91968920265293,109.68154095809739,0.3322906161728521,0.33345279782287957,0.9965147041571839,0.3857579145777006,0.38360961171987623
1032,524,273.47917896401674,38.22979460650691,0.41111940097130256,0.4126226942111341,0.9963567364061117,0.14292448248560885,0.13979051257696304
1033,200,57.40841366893505,10.684915850282522,0.4755965304056586,0.48388096991566387,0.9828791789198712,0.20005535360905088,0.18612107820816454
1034,368,624.9341205883574,251.63573098227545,0.19930519076261327,0.19962411268445515,0.9984023877799472,0.4036139310392701,0.4026596127370477
1035,441,1350.403299734443,495.79485667729296,0.18518446273135644,0.18532159544035365,0.999260028445841,0.3676140621936586,0.36714576806409693
1036,24,1222.7010794860985,149.16560456810265,1.123817038326097,1.1247361648871028,0.9991828069642466,0.12271428626275765,0.12199678815266687
1037,356,481.07113058367867,147.16429736762424,0.3095545712726197,0.310198040713193,0.9979256173279049,0.30734945108252165,0.3059096420711659
1038,405,22.43331376722235,18.389300911236152,0.05640044676361379,0.0589145847705462,0.9573257111677153,0.8274246273421724,0.8197318105586805
1039,498,46.49706055393971,28.999562058821173,0.1080999701201902,0.11042484762496896,0.9789460655388482,0.6316088134496739,0.623685921504215
1040,598,57813.377589580996,13428.750299293282,0.28258298391060954,0.28258787175829625,0.9999827032644526,0.23229083939344392,0.2322775603014307
1041,383,236.28959477543216,143.8240889989571,0.13448143066613255,0.13505056884927574,0.9957857402009289,0.6103263362054151,0.6086772002620193
1042,29,75.1807966623549,29.53709523406069,0.5106336542656781,0.5174257298612451,0.9868733323381726,0.400850300495095,0.39288084917103216
1043,311,22.258308499351994,12.25260295243886,0.33289225016025265,0.3478481148509566,0.9570046119206017,0.5698008070022845,0.5504732290324563
1044,6,34702.36179056668,3009.0240508470465,0.6483176454673069,0.6483363277013687,0.9999711843479014,0.08673580585686234,0.08670948879522675
1045,9,4726.223614433963,454.4567511763094,1.2531380316820933,1.253403177416598,0.9997884593407118,0.09634762142108771,0.0961564217546523
1046,218,39545.6154843705,1.8018546167972866,0.1776443986487888,0.1776488907877143,0.9999747133860192,7.08494161252466e-05,4.5563954302580735e-05
1047,253,112.84895276568055,0.3606673040050977,0.7525543582689902,0.7592230453930223,0.9912164321611444,0.011951513570841272,0.003196018174435229
1048,821,73.3815352645853,0.11734775577614984,0.49618647993054027,0.5029482147203819,0.9865558031782639,0.015021843146979838,0.00159914555280207
1049,471,82.0843033482973,48.87838939133952,0.15676611146652686,0.15867592984923692,0.9879640321974187,0.6003346887587727,0.595465727277241
1050,312,5982.919318769361,0.003882914850094569,0.9540562821620339,0.9542157454994666,0.9998328854473584,0.00016776344421979119,6.490000354698505e-07
1051,571,6479.801789488153,1020.1564397538746,0.22178562770549587,0.2218198549295547,0.9998456981045737,0.15756637418076697,0.15743636501487152
1052,78,1181.4624084515426,41.40254273978649,1.2277228112940848,1.2287619664991185,0.9991543071535699,0.03585952706548485,0.03504347023114329
1053,516,20.51612819734736,3.5520895267695938,0.23072991024197936,0.24197617990955783,0.9535232365773278,0.21156638801449432,0.17313644624373437
1054,95,34.77183902132191,5.318084285749059,0.3831456323963478,0.3941644810733307,0.9720450491962696,0.176621735381934,0.1529422784480291
1055,964,18.972144639571393,6.638384341237147,0.28231830112211576,0.29719897520960226,0.9499302644735172,0.3824518838153712,0.3499016303824214
1056,15,6308.404038543205,4780.062066975714,0.0977332433198692,0.09774873586643451,0.9998415064253467,0.7577676176337608,0.7577292192716891
1057,385,401.5588484973593,99.51957185549774,0.6736550298274167,0.6753326295923037,0.9975158911455236,0.24970155849439024,0.2478330940232094
1058,140,1358.819110853315,236.0240526956145,0.6017413055311108,0.602184146892941,0.9992646080702804,0.17430557550178638,0.17369791962036468
1059,173,6529.050204764272,22.29920057969563,1.1722466933801898,1.1724262365995888,0.9998468618205614,0.0035679971591484425,0.003415382005092229
1060,117,1807.5150328204197,43.91138018228463,0.7492787670795459,0.7496933023688652,0.999447060167125,0.024833291052186793,0.024293784220298275
1061,288,1662.4292201933654,81.70731566824655,0.9196485788980637,0.9202017745275239,0.9993988322509547,0.04972097078986759,0.04914935004495576
1062,6,676.0075088778073,480.39151007253116,0.1407811766487369,0.1409894305139675,0.9985229115085335,0.7110578594179482,0.7106304349636522
1063,182,1280.172912866306,192.62649849129096,1.0321069447856546,1.0329131694248517,0.9992194652338047,0.15113221372913652,0.15046912534651308
1064,15,104.03584473304078,61.64017919607564,0.16131819831284613,0.1628688004031814,0.9904794405896232,0.5963695475128704,0.592489822659164
1065,972,38.16000603762456,12.935786214938558,0.12057621240363949,0.12373596589751355,0.9744637424458206,0.3558678260046535,0.3389880547236885
1066,897,26631.694329929152,4338.19493557134,0.6481425185536814,0.6481668558155365,0.9999624521654622,0.1629273734687467,0.16289594202408678
1067,527,27563.3613716992,7774.402333482869,0.15373310088869932,0.1537386783325682,0.9999637212708644,0.28208171517683,0.2820556690689137
1068,125,16.28369232143312,7.098798003130393,0.3121841291216542,0.3313557102937419,0.9421419924977531,0.4685803156242985,0.43594523054127765
1069,18,185.27735345582482,50.31415533289609,0.5308250009605138,0.5336900300159243,0.9946316609000078,0.2754717864566672,0.27156128039627014
1070,211,491.19634650506674,61.711597654380824,0.5693932605868806,0.570552457442961,0.9979682904858992,0.12741174959886717,0.125635294507925
1071,13,1684.5258495921325,324.84756304601024,0.7674044343608271,0.7678599954521258,0.9994067133409776,0.19332101203007926,0.1928421360376656
1072,54,56.338485322166974,16.355202939504974,0.7948445855329677,0.8089529624441985,0.9825597067243523,0.30267982912334584,0.2903024965257603
1073,226,438.56465634318295,136.54506040650617,0.21372511424866408,0.21421244288118715,0.9977250218242767,0.31291201060332774,0.3113453362727382
1074,78,1191.921841805728,113.5318120886788,0.7503298375807708,0.7509593501975077,0.9991617221137584,0.09600948534508497,0.09525105431131399
1075,21,505.5759586018769,174.5004176487841,0.7497658358470293,0.7512488292985385,0.9980259623793438,0.34644442687954646,0.34515173176222363
1076,453,13.118285643613662,7.777938341505362,0.2247463807872546,0.24187867893146117,0.9291698705322382,0.6217425091888561,0.5929081400428168
1077,16,374.35752318785967,272.31939378728913,0.20154714003003674,0.20208552146368272,0.9973358732988561,0.7281574949291684,0.7274313374774469
1078,14,445.64208900951706,39.35690012478715,0.5386229973550911,0.5398316421636464,0.9977610708336565,0.09035624075259784,0.08831504271120731
1079,15,178.6931766869483,140.11208909952228,0.14346626973278895,0.1442691334592766,0.9944349584194717,0.7852946433539884,0.7840931125477945
1080,23,243.84773826354376,165.8608682345076,0.17535104074529653,0.17607014128727394,0.9959158291308228,0.6814882972490667,0.6801821063242746
1081,634,177.02023803320742,81.13567394833908,0.4413794779944325,0.44387286227014244,0.994382661145451,0.46138391261457423,0.45834123176988806
1082,5,415.12360031185506,132.0717932741548,0.5912903908650382,0.5927147627639637,0.997596867855487,0.31978910394514265,0.318150529565021
1083,49,1290.236304961395,888.2566452908326,0.20087313458561082,0.2010288216747225,0.999225548417313,0.6886862163602342,0.6884449320447621
1084,149,4978.813195471422,903.8493125902695,0.5778407220274813,0.5779567819597063,0.9997991892545468,0.18170346498401344,0.18153910924241615
1085,12,19.739433057310276,8.443161545176599,0.3130849363470926,0.3289458243188039,0.9517826742304549,0.4553239965182199,0.42773070131564744
1086,417,16265.16291472904,8745.146519107704,0.298632925093779,0.298651285372533,0.9999385226863126,0.537689593111603,0.5376611697623066
1087,8,193.73508064891578,38.48672210032349,0.6583478602690158,0.6617460463799869,0.9948648184155228,0.20277148816095114,0.19865644348670458
1088,887,9.92124220582896,6.282285281222666,0.27712673377140473,0.3050593986557058,0.9084353243748892,0.6668000895846733,0.6332155944677651
1089,351,15821.563204745531,1102.096993714317,0.2101980018436259,0.21021128738305858,0.9999367991148426,0.06971670641729365,0.06965790797357832
1090,7,78.31300687366229,42.281539666782585,0.44130547611031445,0.44694062528575407,0.9873917275435932,0.5457054444515735,0.5399044342020078
1091,52,44594.32934115339,18013.401703710275,0.27094179298905335,0.27094786868964116,0.9999775761270344,0.40395265535322,0.403939289363565
1092,882,990.0673406212239,7.405505994649529,0.27208297428361755,0.2723577868777921,0.9989909868290351,0.008481266257226035,0.007479800303283308
1093,39,12598.481245885716,1.741174040781284,1.2921061372817602,1.2922086977501266,0.9999206316529636,0.00021756245255544928,0.00013820507462753884
1094,39,201.91838469044905,177.4424880509319,0.054239542682227804,0.054508163802416444,0.9950719103075578,0.8793805860575177,0.8787832188879684
1095,282,1387.3390231808369,0.012334785271726231,0.987936921406786,0.9886490306352439,0.9992797148367198,0.0007291697261036114,8.890966854983661e-06
1096,5,81.73247014320674,44.54524964576104,0.3130177417201047,0.31684752615182016,0.9879128472984183,0.5505123872999798,0.5450128886073249
1097,26,677.2882994718299,76.51247194144916,0.5326927528187643,0.5334792609471848,0.9985257006485612,0.11427658711171436,0.11296883764434722
1098,64,22866.725709453276,1567.6239622218372,0.7330346711094765,0.7330667279365195,0.9999562702468666,0.06859553862732334,0.06855480675896548
1099,115,1590.570478054057,159.86055559697422,1.055424707222889,1.0560882582706324,0.9993716897782484,0.10107033135827659,0.1005051695618993
1100,12,21.47103591262072,14.136406040572748,0.17435223985522788,0.18247258582105727,0.9554982687986202,0.6735962729725102,0.6583942245778341
1101,29,1086.0151730572866,467.04334972342645,0.36101490675646647,0.3613473283613507,0.9990800496397976,0.4305766481686086,0.43005232459932696
1102,18,629.9835724495315,19.168441204938027,1.3923533084393553,1.3945634506864388,0.9984151726864807,0.03196349649269384,0.0304268905463779
1103,618,9397.764724435312,35.82641544104358,0.7620761762417965,0.7621572674585473,0.9998936030394079,0.003918218672428376,0.003812227321236359
1104,82,682.6241428044885,238.74718682038736,0.49180825383836235,0.4925287209636794,0.9985372078933643,0.3507002924689763,0.3497491106006301
1105,348,379.3311103926434,117.9637943829749,0.3252095535040129,0.32606687721038496,0.997370712064633,0.31279006931660136,0.3109784332238694
1106,221,12257.706430271495,622.652960631223,0.6936997843464352,0.6937563772978402,0.9999184253244267,0.05087428793393585,0.050796856995491926
1107,20,15.42879685929486,13.043732885467353,0.1235903970235426,0.13160076867796533,0.9391312700154163,0.8548241849811347,0.8454147788982873
1108,15,94039.30684429247,53474.422079867654,0.3320681771006591,0.332071708264257,0.9999893662618343,0.5686436366951647,0.5686390497157644
1109,27,22663.100204396196,15690.221809080416,0.20427383824762732,0.20428285174694588,0.9999558773570983,0.6923381765686317,0.6923246011168773
1110,15,584.3982244968989,337.41993938836214,0.29294000656715186,0.293441274357312,0.9982917611325878,0.5781020939706571,0.5773801583309783
1111,4,5692.8826319413665,1212.5876105563461,0.8183055257805316,0.8184492676383365,0.9998243729165772,0.2131388525201415,0.2130006341168558
1112,123,246.56735662404392,68.97941137933991,0.46661894868469656,0.46851140904552263,0.9959606952482086,0.28266816891215074,0.2797588955966988
1113,677,34970.542733757386,11930.365522697828,0.4096095978144556,0.4096213108038974,0.9999714053221039,0.34117355398166926,0.3411547145129474
1114,227,26254.12488744776,3746.3908936870052,0.2559657323241472,0.255975481867635,0.9999619121979313,0.14272988263249833,0.14269722985427616
1115,125,5170.010059153245,269.73311131068783,0.31957384533456695,0.31963565833718743,0.999806614183968,0.0523559436577504,0.05217264729168927
1116,14,8142.250490893776,277.7175263196568,1.4448217911260421,1.4449992386011279,0.9998771989144731,0.03422681478745298,0.034108202226184735
1117,12,14.878559374495119,7.259100567353628,0.4723508638397665,0.5040979471393413,0.9370219944760073,0.5201416811540082,0.4878900157361475
1118,9,175.6449840197732,165.919484799833,0.029256414332431847,0.029422979944855727,0.9943389278470075,0.944943247192054,0.9446297924519986
1119,6,899.727527987914,339.9740828483837,0.45330700326468526,0.45381083024470265,0.9988897863461176,0.37855408239833316,0.377863377825815
1120,7,13243.138558821136,8858.211649559864,0.19765278349957832,0.1976677084195753,0.9999244949004756,0.6689156573085886,0.6688906568646817
1121,23,94.98861583001381,28.476310494305107,0.5882270650690409,0.5944196709926992,0.9895820979253319,0.30708131625217605,0.29978656121555325
1122,51,432.68260830577475,48.623701971744936,0.7384517485837492,0.7401584308825256,0.9976941662385153,0.11442400737628142,0.11237729698019847
1123,25,104.3473454906359,17.691630496995046,0.8906944882493646,0.8992303497421638,0.9905075918586971,0.17742858550390816,0.16954557314141439
1124,347,4816.407182613704,1698.5570790541328,0.9424985649170029,0.9426942499015115,0.9997924194567549,0.352794981746183,0.3526606066832544
1125,53,56.78565767091666,16.274023726425842,0.5832206687735547,0.5934912316708522,0.9826946678413718,0.29893271830182533,0.2865868670701466
1126,136,72.62039078666166,22.05752653987274,0.3738965499460553,0.37904519409263476,0.9864168066847427,0.3131948403627632,0.3037373704676358
1127,22,40.171519164137095,15.877213263320694,0.28427317680356745,0.2913496624012879,0.9757113650333539,0.40992447220703426,0.39523556971913054
1128,8,112701.58329401178,46873.603333387044,0.33838656537144907,0.3383895678719949,0.9999911270889208,0.4159141872649305,0.41590900467746666
1129,79,50.00910871230601,20.04312046761342,0.22755801037003046,0.23210834162426508,0.9803956582413541,0.41253652531546275,0.40078939584622714
1130,256,2535.6133255608675,1821.686893998685,0.16944096839526335,0.1695077928462501,0.9996057735761603,0.7185513360005995,0.71844033774185
1131,6,1049.7157025353574,652.0147152710363,0.2533107319926165,0.25355204564676187,0.9990482677687343,0.6214951520143117,0.6211345735766723
1132,33,15.856309487608053,9.410182580035748,0.23307568932618727,0.24777492873674106,0.9406750332428846,0.6175837354961247,0.5934661269944276
1133,14,14.582424867287035,11.863692977729688,0.08779851585019299,0.09381936057589789,0.9358251357849091,0.8255257501504201,0.8135610562509177
1134,27,22.539651146343985,11.85629678185187,0.2844208366051317,0.2970395251002847,0.9575184868380975,0.5461549409515621,0.5260195335265873
1135,40,69580.98133732921,352.5489817942692,2.706144457292003,2.706183349305385,0.9999856284632777,0.0050810421749890285,0.005066743455156354
1136,69,19.706851240772362,10.660729177487456,0.3982911862616098,0.41850198409001027,0.9517068052321263,0.5631338653038255,0.5409656290209879
1137,33,142.76200919470296,48.17996364066122,0.3339866032000961,0.3363260673550492,0.9930440593756195,0.34209290699363226,0.33748448843243717
1138,889,2124.7279866689537,9.566525408332257,0.6974057280605079,0.6977339610072362,0.9995295729245365,0.004970779645654548,0.004502470654293115
1139,22,631.765596554448,42.51894788590895,0.6442549820502954,0.6452747510683678,0.9984196359513773,0.0687757806727791,0.06730177793441226
1140,54,10.950456510477203,6.8455395396663485,0.17211760689684796,0.18783545452559003,0.916321188305796,0.6565054257791749,0.6251373660190932
1141,80,60542.30114503247,2569.9477582227623,0.9971456829467275,0.9971621531776914,0.999983482896025,0.0424646114367635,0.04244879546395682
1142,15,1087.1844071670414,175.52228554280612,1.027501608827024,1.0284467121618894,0.9990810381095206,0.1622172532340919,0.16144665466659683
1143,37,6748.126736095419,179.28223464494695,0.7711348021493343,0.7712490760556059,0.999851832683086,0.0267119349946073,0.026567704143132722
1144,807,113.28320937804153,0.12694058996775756,0.9789717071979901,0.9876135148636879,0.9912498082138026,0.00986094629386816,0.0011205596192471869
1145,338,25497.419291071645,6639.822562489542,0.19510908178031772,0.19511673389128445,0.9999607818826498,0.2604405585570886,0.26041155329059473
1146,39,45776.75504986917,516.278743360367,0.2116280036534652,0.2116326266985767,0.9999781553289604,0.011299783984532578,0.011278185681749028
1147,12,367.6692169309986,208.6754297570429,0.4317148443500232,0.43288903795794514,0.997287541367504,0.5687359294667841,0.567562961889751
1148,9,115.3256868545798,63.22137742530505,0.3858275931029869,0.3891731408610462,0.9914034464180718,0.5520825121418711,0.5481985770006659
1149,24,276.0606035540582,115.90927881319878,0.34888834155180376,0.35015215224068924,0.9963906813629501,0.42196283886455993,0.4198689610939049
1150,135,15.626127310115738,2.2067624515771764,0.5222714421639684,0.5556944030677791,0.939853702467948,0.19287488852717402,0.14122260799376732
1151,327,27.84571964468952,1.4203959422055963,0.37218476806433703,0.38555072781734046,0.9653328115118078,0.08390832234449695,0.051009489441458236
1152,10,52.0136663513131,18.134905246646454,0.3902531779775558,0.39775607491509707,0.9811369394191081,0.3609428768771149,0.3486565458423723
1153,59,768.15502857661,188.01759733844733,0.7211000328031302,0.7220387756427616,0.9986998719856897,0.24574707349731725,0.24476517153945296
1154,24,977.3549997682861,257.0836511440972,1.7658021401003723,1.7676088553067397,0.9989778761285658,0.2637934606612342,0.26304019645374227
1155,73,3170.038468395846,317.8012985093175,0.2869491504726968,0.2870396696109765,0.9996846458944078,0.10053529835309492,0.10025155898822151
1156,4,3426.988018401035,630.1216842890163,0.4744928437978108,0.4746313014875517,0.9997082836945078,0.18410848605690266,0.18387040774744778
1157,109,406.1955955549677,0.6360171371559945,0.26553338203422566,0.2661870902106314,0.9975441777590022,0.004017767272080297,0.0015657903338095812
1158,918,8215.425600062814,90.64771892102519,0.8053004303487132,0.8053984533203219,0.9998782925753029,0.011154207849253153,0.011033843325211552
1159,316,1484.2035985117543,27.577139024665374,0.384348698416679,0.3846076579683214,0.999326691639448,0.01924122662596633,0.01858042862334899
1160,38,27.611981449383688,5.118526335383838,0.41707982463093346,0.4321848552277233,0.9650496068659536,0.21384490082268082,0.18537338020332786
1161,125,31127.087976846688,4445.561906452643,0.8647289448398201,0.8647567254322575,0.999967874673165,0.14284725453616134,0.1428197173394245
1162,661,20.34094115435523,11.150903515418152,0.2840043205835105,0.2979665221566025,0.9531417104443904,0.5693705552877367,0.5481999790865436
1163,19,88.05118803487815,66.64109628534216,0.14449786620985622,0.14613893283751628,0.9887705035489436,0.7595754506817985,0.7568449418188975
1164,5,1661.532731927268,494.75082859695584,0.3606971319302654,0.36091421891567316,0.9993985080830011,0.29819011624647146,0.29776772921173666
1165,73,61.27597124102634,23.86078815380277,0.43588382341049176,0.44299727774801584,0.9839424423245094,0.39920353963785166,0.38939877525477984
1166,163,233.16810505792247,64.05222349805682,0.35970593423381325,0.3612486235057635,0.995729563598114,0.27780138324972087,0.27470405303566403
1167,188,3746.191074955881,296.22119170276665,1.0519087646367427,1.0521895588470722,0.9997331334378216,0.07931839763635914,0.07907263291588917
1168,10,256.2169463768564,37.92637155368313,0.8154707073750419,0.8186534426269703,0.9961122312736934,0.1513367299549965,0.148024446040736
1169,6,4160.323699034836,3117.5847642138883,0.20532599446077976,0.205375347830689,0.99975969184992,0.7494213355565689,0.7493611049873703
1170,6,88.61714653143643,46.60953343687301,0.5197762629707775,0.5256416770956431,0.9888414211040606,0.5312547350542148,0.5259651801171293
1171,791,59.624916843346924,11.696007152216566,0.4815909559804842,0.4896679644104627,0.9835051320138886,0.20941896192654072,0.1961597226700641
1172,54,17248.032886847166,5315.639953597119,0.231949931283875,0.23196337919024232,0.9999420257352076,0.30822829247726663,0.30818818519592844
1173,157,199.41584423890265,43.02939316133104,0.3721069721812544,0.37397295717157164,0.9950103745350197,0.21969018132541696,0.21577720328872815
1174,4,32.94122607758969,9.897592662476368,0.39275983190090596,0.4046828802712307,0.9705373047598812,0.32107245146549673,0.3004621819225429
1175,11,143.6012738343843,22.533819556399514,0.6767927711919849,0.6815057709664336,0.9930844315995075,0.16274973886712385,0.15691935701341914
1176,33,623.9471507231558,218.08451264443133,0.4747002888259473,0.47546109090393707,0.9983998646944099,0.3505648635903345,0.34952401399969696
1177,43,15.970409410034277,7.970453330300866,0.4093580153863077,0.4349902959920326,0.9410739024711614,0.5285938078192037,0.49907633083551356
1178,31,1836.1583214031443,381.0500752095807,0.3691599166069166,0.3693609667627249,0.999455681098167,0.20795707738339445,0.20752571865284045
1179,268,68.79977914254732,23.896075813696356,0.5190745197427254,0.5266192317492459,0.9856733071037693,0.3566784325041029,0.34732779830856303
1180,26,13.60926937694609,6.4605008666143675,0.24085585473307938,0.25855378164318127,0.9315503072605373,0.5106689920022479,0.4747132772284135
1181,38,198.4777250350607,9.691683060834636,0.3366706463846184,0.33836691051866735,0.9949869089402128,0.05359838076635093,0.04883007934075534
1182,98,896.6709483887444,20.355541008692757,0.8779826627315587,0.8789618208768172,0.9988860060562338,0.023789943349536307,0.022701238447916994
1183,15,237.69544101670363,135.25186950517414,0.2899019347471227,0.29112157082220735,0.9958105609569224,0.5708189017972882,0.5690133093283415
1184,226,1077.7448785804033,715.5290124941387,0.1629204776061419,0.16307164555028536,0.9990729967577543,0.664224717745191,0.66391316415869
1185,173,115.9292225416456,89.05015805854198,0.11939284480652436,0.12042272184864491,0.9914478179341024,0.7701253467794986,0.7681424588744415
1186,92,213.71345986710617,15.413517351487716,0.8390480805286495,0.8429741228146638,0.9953426301237986,0.07644382127532492,0.07212235186811505
1187,288,75.97736872419088,19.151553609539736,0.40277041149760007,0.40807160076304716,0.9870091688430793,0.2617854304911687,0.252069187590093
1188,76,8823.59572432548,86.83249680616066,1.321004106845971,1.3211538195195927,0.9998866803612042,0.009953146812612116,0.009840942345848305
1189,308,39133.80043695469,13931.310275696142,0.3142527605248361,0.3142607907380281,0.9999744472952762,0.3560082105986663,0.35599175444612774
1190,43,9.454706409811797,3.0676225901563323,0.35776630817841504,0.3956063311967011,0.9043492986984795,0.38907095337836056,0.3244545580995355
1191,118,7838.175026235623,158.24126632600658,0.3750848922831785,0.375132745883159,0.9998724355564645,0.02031352352678294,0.020188534422406722
1192,705,8187.408583848751,260.83408734140096,0.8220121186721295,0.8221125182198318,0.9998778761477569,0.031976187394685746,0.03185795415852907
1193,10,324.75447573486326,40.497932627912995,0.8051450322770746,0.8076242745737519,0.9969302033448836,0.12739021477540288,0.1247032316837918
1194,884,8.477820203064276,7.51033075814265,0.03713657147693416,0.041517010149543815,0.8944905074611258,0.8979206796296023,0.885879928832186
1195,43,13998.47642880542,244.02274670656513,1.2090584675483664,1.2091448382669012,0.9999285687571899,0.01750227931398953,0.017432093267266312
1196,74,395.4163930086073,30.860199831650114,0.5816161924521105,0.5830870879504654,0.9974773999823507,0.08037054065763204,0.07804481649545156
1197,733,126377.08055925442,103446.41036710095,0.053205811819656806,0.05320623282805155,0.9999920872354164,0.818555005023976,0.8185535692810852
1198,143,27.693947244856943,6.639691344343319,0.31306449433718575,0.32436893178588944,0.9651494445338386,0.2662474869403911,0.23975243708086358
1199,268,189.53701095992417,176.4135964204725,0.054707755485314515,0.05499639439128987,0.9947516758294782,0.9311240662728149,0.9307606758543506
1200,80,273.85685826861686,174.15354675607517,0.1398118334117219,0.1403223622854395,0.9963617425946757,0.6372536885541277,0.6359291049240545
1201,12,75729.57433322314,49014.34029297927,0.25810724618516273,0.25811065446057496,0.9999867952935947,0.6472331779408698,0.6472285196970441
1202,12,14.01666546296289,10.612813581412908,0.16734435839339581,0.17928331483318388,0.9334073198563023,0.7733283803954184,0.7571568009135844
1203,243,14.646114099946205,9.05792962138283,0.17110324672387828,0.18278574800416716,0.9360863666459239,0.6428388261221623,0.6184527554251471
1204,113,391.0251569468304,264.17070127055626,0.12311441037334668,0.1234292607306348,0.9974491432953225,0.6764124612199846,0.6755849248504409
1205,573,16.49487604829508,7.53395267444879,0.3850724746406002,0.4084174499840434,0.9428404066859648,0.48779726423271497,0.4567450311472637
1206,50,937.1914472897199,20.194895982541,0.2501572870484591,0.25042420933821324,0.9989341194668856,0.02259122702916292,0.021548314424916025
1207,304,162.15841480039558,35.82457562476993,0.640531883415926,0.6444819213106868,0.9938709872780798,0.22569829248353696,0.22092332161033518
1208,26,12406.70482656375,442.169338891239,0.9252849149294446,0.9253594943546718,0.9999194049170272,0.03571726963897903,0.035639546928247945
1209,223,11153.382183970149,647.3388759675438,0.46116343164601814,0.4612047790529339,0.9999103491360157,0.058124140384867316,0.0580396928294909
1210,57,14.903802130431895,11.485350493159824,0.15664476252910878,0.16715515183502008,0.9371219541214924,0.785054441118148,0.7706322448892438
1211,202,25.111410239305453,3.9228043493973486,0.43536043209897474,0.4526975879157967,0.961702566393955,0.18853077272659371,0.15621601144714714
1212,199,67616.58965583325,587.1321761893938,0.3134341709081553,0.31343880637073185,0.9999852109487327,0.008697916905688706,0.008683256271543448
1213,21,11.03216882870306,8.027520367475093,0.14166905760491025,0.15451050880137138,0.9168894640495343,0.7502820560446012,0.7276466207251477
1214,68,559.7373244244616,136.90698657572946,0.5209758259828372,0.5219065765389456,0.9982166337847653,0.24593866070405893,0.24459149068985397
1215,22,196.99446044482923,157.34381986207725,0.1549451685387678,0.15573171435426375,0.9949493536447773,0.7997386366584708,0.7987220529287085
1216,38,27.026040430172078,9.275738075315328,0.4204036411129294,0.4359591436734744,0.9643188982585125,0.36664965573419883,0.3432148375298004
1217,6,12649.23037879856,5961.490448730975,0.561494289708466,0.5615386793094848,0.9999209500562396,0.47133453464404457,0.4712927403649047
1218,134,933.9586416450303,19.856491287722626,0.5705312146148187,0.5711420887897286,0.9989304339727363,0.02230739452926633,0.021260568083345047
1219,66,3931.131945161693,788.8121846038307,0.597697801553898,0.5978498437162806,0.9997456850344938,0.2008610584839754,0.20065777379328992
1220,449,21298.10116925626,1497.685068778209,0.9261861874055317,0.926229674201845,0.9999530496619526,0.07036377060556219,0.07032012182100592
1221,135,1261.8723029259547,175.35722891448108,0.517613088746523,0.518023283254752,0.9992081543021547,0.13964771299986403,0.13896590685751095
1222,157,1152.9954735645995,727.366309661317,0.17953603875460925,0.1796917514550239,0.9991334454745208,0.6311691218436515,0.6308492325755557
1223,136,239.4750469536269,97.78186631445732,0.3563281016405321,0.35781605667456756,0.9958415643840467,0.4107780310923751,0.40831755775119344
1224,90,30.029859579992696,9.457362701801982,0.24987483573710206,0.2581957149963438,0.9677729769475083,0.33700966885923767,0.31493196551950986
1225,250,22667.833233278947,211.95267910643696,1.6247091350524803,1.624780809707853,0.9999558865694717,0.009394073215634765,0.009350372262103394
1226,219,16.072143960688187,8.679482264063772,0.1503773231346094,0.15973371786965065,0.9414250487634898,0.5669752016122049,0.5400326356765739
1227,100,3113.503777931324,1110.413148383352,0.5022324227806588,0.5023937305736156,0.9996789215646211,0.35685079474251297,0.35664422707755106
1228,4,17.747519292323453,15.461623015074743,0.084751613960691,0.08952702017745441,0.9466596094978039,0.878069399924036,0.8711991101631057
1229,14,690.1159213654562,64.41872602621171,0.6176840533263976,0.6185790972374324,0.9985530647333024,0.09465666178976487,0.09334479039224815
1230,8,7023.762003692127,6404.833198462049,0.056901148193815206,0.05690924942904552,0.9998576464228294,0.9118932705613689,0.9118807264675639
1231,36,2635.941624243234,445.9557459537981,1.216910660401453,1.2173723211033478,0.9996207727957241,0.1694977779730214,0.169182709454664
1232,390,1217.6129075464253,60.7097643723818,0.5691468154041852,0.5696142437731495,0.9991793948728037,0.050639349042042585,0.04985965900666756
1233,12,1927.9682480172478,643.8475383727888,0.5360740092621291,0.5363520605266214,0.9994815881489869,0.33429660598903904,0.33395131845917664
1234,23,502.1680097282792,435.31079050573,0.07749655033066212,0.07765087427967789,0.998012592254146,0.8671274446508366,0.8668628468413881
1235,19,7535.623339336144,3255.66699330691,0.33958903654443096,0.33963410103627895,0.9998673145843998,0.43211221347752404,0.4320368530513257
1236,33,630.7206032379743,272.9492173804838,0.5921119703616073,0.5930507568342893,0.9984170217104296,0.433655663558095,0.43275773136191426
1237,63,22.583925362816807,21.194873826737734,0.034851801470323254,0.03639501421613337,0.9575982375870035,0.9411017667877674,0.9384937953095581
1238,637,3490.2994263891865,414.2131962153319,0.23786403125740796,0.23793218129332144,0.9997135736933817,0.11892798225122692,0.11867554774343449
1239,570,14701.03167527846,448.2659946294021,0.9397412817016285,0.9398052051936976,0.999931982189803,0.030558089150688274,0.030492145349446113
1240,433,93.62713429069929,45.24424319772813,0.2356699658658846,0.23818707768022426,0.9894322066551444,0.48869960550283076,0.4832385775821251
1241,261,13.808636579570546,10.415625039022721,0.08794552985607201,0.0943144084451562,0.932471838671525,0.7708761693005081,0.7542833775806888
1242,69,49.5723543561596,4.624895248021184,0.6054009019344986,0.6176133721670984,0.980226350686436,0.11122470605990452,0.09329585629104821
1243,10,314.85837232572993,207.430361564122,0.32338056679434324,0.3244076335494867,0.9968340240828927,0.6598855051059959,0.658805290873858
1244,799,21437.257913616493,3191.002165035792,0.8838578966385843,0.8838991266270558,0.9999533544188137,0.14889279613565962,0.14885309389354948
1245,540,30.259364919794983,5.144512779719707,0.40736838518742136,0.4208309408711638,0.9680095868049209,0.19656550270567705,0.17001390456659204
1246,24,15114.289295864883,1626.1189163192848,0.6011097284590348,0.6011494994146312,0.9999338418219841,0.10764722291914179,0.10758818257926124
1247,359,9.788370914059062,5.520589318997066,0.2810989220536764,0.30981656307093025,0.907307599269058,0.6044090781583753,0.5639947001873243
1248,118,1719.2289927120664,891.9619173557194,0.3914123317479659,0.3916399991113057,0.9994186820451016,0.5190947955992183,0.5188150741622025
1249,819,7373.889596942621,521.1141719670267,0.6338598179654439,0.6339457780018173,0.9998644047498126,0.07079620177412249,0.0706701890659025
1250,16,81.43183973355468,67.18263593880187,0.10601047018139487,0.1073123008968529,0.9878687652340123,0.8271395635374551,0.8250168012736017
1251,21,10794.57211490541,2253.4367904889814,0.6818296579391602,0.6818928220600424,0.9999073694298594,0.20882976524942928,0.20875647191030208
1252,70,139.7603393284407,36.549592740562616,0.3296763463188467,0.33203521542222003,0.9928957261344289,0.2667625903696277,0.2615161992034811
1253,163,15.074934673306617,9.14818818844174,0.12015342248235944,0.12812383330577193,0.937791349058447,0.6313050967039641,0.6068476173658355
1254,17,946.8749517903564,267.2925681426597,0.6583621672585523,0.6590574672725761,0.9989450085181477,0.2830463740347879,0.28228919524934254
1255,742,243.4380520050341,65.98924574715717,0.3842822033203806,0.38586076591630714,0.9959089839253858,0.2740540811779074,0.27107202511541856
1256,18,144.5488308696909,51.964572064716585,0.2601218231292204,0.26192136603499255,0.9931294535722155,0.3638955513983859,0.35949493158863416
1257,29,111.47111655340369,22.572493042832857,0.20490468146045815,0.20674286777989184,0.9911088283761705,0.20958708124534475,0.20249633932767513
1258,4,2594.5142869940064,170.99994845980575,1.580265163228263,1.5808742426120805,0.9996147199015583,0.06626815707456861,0.06590827012092718
1259,15,500.0782254391286,204.30940102211753,0.6664438432137563,0.6677765224013544,0.9980043036212088,0.40973522815163455,0.4085548832739306
1260,20,40.20889874306355,11.265658347364727,0.4300145335912669,0.44070904518033277,0.9757333966569944,0.2976458658563239,0.28017823664738317
1261,543,670.7036118450683,205.55727186285705,0.1785626660659665,0.17882889791996642,0.9985112481422377,0.30751252222014325,0.30648004309590704
1262,9,1198.7588569152294,312.0224905623138,0.3048569524193491,0.30511126290945373,0.9991664991725328,0.26090450489954653,0.2602879542973659
1263,360,106.80384416958964,23.1672487447592,0.3423455143691804,0.34555088133917056,0.9907238929399692,0.22417798670278338,0.21691399710269635
1264,40,93741.99770404425,589.2107835769227,0.33139778985945184,0.33140132507096826,0.9999893325365683,0.006296051950891047,0.006285451537283622
1265,196,382.94001942397244,144.45360019701394,0.28475836196879767,0.2855019728413231,0.9973954265004721,0.37884459248410435,0.3772225227708102
1266,8,6235.929251632047,3954.0712719825024,0.3043194275630288,0.3043682285380372,0.9998396646875964,0.6341375879720873,0.634078917901074
1267,12,518.8674664607285,382.6954677633913,0.30100627647682426,0.3015863981763596,0.99807643281314,0.7380640115366331,0.7375591890041084
1268,42,101656.99624313235,35324.817561994954,0.31666509377107577,0.31666820880600194,0.9999901630955065,0.34749669349676404,0.34749027482091666
1269,307,18.809116503649996,0.44813359312256845,0.3832544508250198,0.4036304451334525,0.9495181928070472,0.07310440083765159,0.02382533985770177
1270,368,19.87417593495483,7.67139890485038,0.38545043248360417,0.4048449690794926,0.9520939172345743,0.4154127536277827,0.38599833924977356
1271,5,847.1148295837841,31.508926397370214,0.6907055221836207,0.69152088451475,0.998820914379612,0.038330807649388836,0.03719557880110729
1272,29,27.10997280450138,23.500581865066525,0.06353756629368676,0.06588126345457573,0.9644254369452868,0.8715974944359652,0.8668611375797638
1273,894,633.669518025129,301.30999564523995,0.4215075938897182,0.4221727791036186,0.9984243768266804,0.4763266346647994,0.4755002206580672
1274,7,43.42763566439976,26.270239927358062,0.21346456646739354,0.21837997489802982,0.9774914873356337,0.6138125407652503,0.6049198747629118
1275,9,28.379395518731556,24.931640257218916,0.1170460804386816,0.12117041354371287,0.9659625399929547,0.8826471681721825,0.8785120261199016
1276,197,39729.44558357971,6.665073099511691,0.139377644831645,0.13938115300153722,0.9999748303854813,0.00019292693517335247,0.00016776154314789593
1277,965,216.94543897035504,53.71371620739259,0.513395029391444,0.5157615001125068,0.9954116956761089,0.25104318065052394,0.24759089871777581
1278,16,115.00909744588385,23.840715557448572,0.5598421463098666,0.5647099538028634,0.9913799863802364,0.21412730642987993,0.20729417139080267
1279,5,16.773964015244456,14.386341554504789,0.10201662125043341,0.1080984645855997,0.9437379304277697,0.8656674190016453,0.8576590209344818
1280,134,16054.30406928838,5300.177285543739,0.45834840691387535,0.4583769567909011,0.9999377152873791,0.3301823037835934,0.33014058178223316
1281,141,17.977279762064292,1.5333196264488036,0.47096564806975477,0.49716347412036715,0.9473054087552102,0.13349224220812334,0.08529208238080709
1282,24,7495.58531659454,179.57917911130252,0.45388319778228775,0.45394375118520575,0.9998666059335327,0.02408819102099326,0.023957992808611044
1283,517,206.96021647511924,5.999436859121595,0.9977970430588999,1.0026182452206152,0.9951913879637665,0.03365757632762909,0.028988358058868034
1284,438,82.17021673715291,6.825720766673022,0.5429662564916227,0.5495740795941035,0.9879764651430409,0.09409282641892167,0.08306806331675162
1285,540,166.39829541022493,134.80571412619582,0.22872183616601982,0.23009638051217524,0.9940262235194843,0.8112729809666903,0.8101387925510697
1286,8,156.1731175021166,84.96612816302819,0.3338429696303331,0.33598061646078603,0.9936375888199419,0.5469518549307295,0.5440509194028008
1287,111,8400.184664911792,332.82350233819625,0.49503843332788344,0.49509736517915537,0.9998809691680532,0.039735289206584916,0.03962097449219482
1288,107,29.485021164857635,18.306818958889107,0.24487520458819909,0.25318027594015924,0.9671970048965303,0.6333214877720185,0.6208853931808768
1289,117,413.7178169339863,136.42564493460407,0.6275021212530465,0.629018860671966,0.9975887218750497,0.3313714514379765,0.32975530506672
1290,300,6808.820216402689,29.534083297642503,0.8300174455077324,0.8301393487771869,0.999853153245134,0.0044838310450686526,0.00433762125580785
1291,333,27.466712737877128,17.427814049607004,0.18593609444567916,0.19270560109251095,0.9648712512326926,0.6473460500793053,0.6345067287784211
1292,69,264.4910992408765,114.03167397494198,0.47075247365689615,0.47253231605994106,0.9962333953836522,0.4332788342202587,0.43113614901305775
1293,343,304.0227974502397,0.36005017329485334,0.5005513972182043,0.5021978243987191,0.9967215565250884,0.0044588476161908095,0.0011842867584750246
1294,29,3028.2318726505264,893.9365459812868,0.7997972491241537,0.8000613627332692,0.9996698833096836,0.295433490602432,0.29520082463132163
1295,15,557.3878743788601,93.5548526595059,0.5580854011882254,0.5590866526090786,0.9982091301658146,0.16933543330375303,0.16784515228961738
1296,76,39.779432451265805,18.395233981347786,0.3534371376593228,0.3623220592351227,0.9754778342931801,0.47561314161315044,0.4624307801244771
1297,8,103.54384741672511,92.62180494645553,0.0613649857878659,0.06195763312828094,0.9904346355647902,0.8955266833950263,0.8945177068192911
1298,18,35.341021559046666,7.807874757257462,0.8137598467384397,0.8367857755554335,0.9724828869112768,0.24236728576676034,0.22092951513052078
1299,786,59.28864025915914,8.87136578955109,0.7462872058972094,0.7588745616307037,0.983413127320481,0.16373508752424415,0.14963011043554178
1300,234,1459.8904970570943,245.120857156804,0.5721435087944173,0.5725354173039581,0.9993154859984275,0.16847317280289292,0.1679035911603839
1301,413,3967.1403498736468,145.83643502964117,0.5741304764526504,0.5742751979461743,0.9997479927845717,0.03700384111522586,0.03676109796173106
1302,17,20900.63873435204,2307.178994572716,1.0199776365767272,1.0200264378430206,0.9999521568613491,0.11043052766858907,0.11038796583669302
1303,650,140.1966198533585,31.024892696385447,0.24747465191853346,0.24923984891242237,0.9929176774837912,0.22681061862277793,0.22129558279533817
1304,28,14460.796178044311,378.95394437408703,0.8123881655995295,0.8124443442604828,0.9999308522960986,0.02627294284170092,0.026205607195366545
1305,31,90.6087771444067,69.73869637650388,0.15679427965826348,0.15852473320371172,0.9890840154058198,0.7721825198582833,0.769668221714974
1306,708,19.526395253883063,0.293338509685579,0.4536280398094816,0.47685956994658,0.951282239885212,0.06300855526207957,0.015022665774792459
1307,8,12.137209791039218,9.390808678134189,0.13878290522130424,0.1502174035624111,0.9238803356339724,0.7909448690711838,0.7737205535548483
1308,59,2263.048384456952,127.81306998367486,0.4792242600869325,0.4794360205881124,0.9995583133263116,0.05689501640865841,0.05647827543658342
1309,7,16785.920650046646,612.3560236019131,1.5018470932460497,1.501936563887819,0.9999404298131356,0.03653773294032987,0.03648033589389161
1310,57,2842.940810764283,1757.178256492389,0.28465258686868034,0.28475271297253407,0.999648375241772,0.6182190043610277,0.6180847134907453
1311,21,532.1633946910463,493.58492294310616,0.04750722255067909,0.047596494422860895,0.9981244023690339,0.9276423097832976,0.927506340847932
1312,6,27.335891265462298,18.917130596678188,0.3243051678659218,0.3361688808400683,0.9647090684167442,0.7028940932221368,0.6920253820507091
1313,11,32332.591154511923,706.1404512956691,1.0077846073877286,1.0078157766992935,0.9999690724115602,0.02187014884664281,0.02183989671354036
1314,148,493.45136684270807,273.13628495517094,0.3515588336516215,0.3522712824505803,0.9979775564048178,0.5544251737145618,0.5535221975425909
1315,60,617.0472637719569,132.94216261776492,0.8298030775692111,0.8311478741938598,0.9983820007649625,0.21671831665480207,0.21544891359715448
1316,191,97.60215044436363,25.38026901995745,0.17832088473362015,0.18014790272371317,0.9898582333600905,0.2675425322984467,0.26003801047831443
1317,27,35.7322261476473,12.407990237107485,0.3847053511548978,0.3954716927079057,0.9727759489452007,0.3650198107572706,0.34724929216100514
1318,72,181.72060799414731,55.79871375620161,0.3337520983097619,0.3355887204848346,0.9945271635696834,0.31085006984007474,0.30705771003142757
1319,93,1223.8286084081126,549.2311768980195,0.6813463240169871,0.6819030574675178,0.9991835592399332,0.44923116027894294,0.4487811227198133
1320,68,15.379840708334385,9.105170099781915,0.3936737807505961,0.4192705205488999,0.9389493452466129,0.6169272509860373,0.5920197921716962
1321,5,71.08605521823203,56.42061345894429,0.21425963400865927,0.2172737221213122,0.986127691451937,0.7965564669215169,0.7936945338397906
1322,213,290487.72372821765,0.008721093819866115,0.1516658728146208,0.15166639492230533,0.9999965575255824,3.4724965598445377e-06,3.002224571812071e-08
1323,936,1563.800989064664,124.23470854064068,0.5784692666960016,0.5788391790254741,0.9993609410992268,0.08003235517859547,0.07944406571513142
1324,15,19.80564328622603,6.254853605488314,0.596049880742113,0.6261448325762015,0.9519361172234445,0.34869643325526245,0.315811686350945
1325,49,11.60316542028048,1.964382138341161,0.3381750164596458,0.3673200819836251,0.9206548540265257,0.23520933348783973,0.16929708981893293
1326,14,126.69454718144628,60.085224680113825,0.4800984154281466,0.4838878319903335,0.992168812043485,0.4783698758359305,0.4742526495166556
1327,10,36.49571229380929,30.148999704219612,0.08676652674641389,0.08914397114448178,0.9733302839491568,0.8307349773793323,0.8260970346736797
1328,612,2747.246035931584,752.0063306800832,0.6718361285917326,0.6720806775399537,0.9996361315592106,0.2739952394490887,0.2737309730706663
1329,449,340.3530187544824,34.12034936506397,0.46964634740935635,0.4710262274795495,0.9970704814515811,0.10288571489190265,0.10024988022708588
1330,25,16.749497994419777,12.597227297162343,0.14010410408945334,0.14846877890753624,0.9436603784335542,0.7660626402750739,0.7520958121466808
1331,202,12656.208039852121,5004.2542004106035,0.2054740443613953,0.20549027940144168,0.9999209936348635,0.3954469409565841,0.39539917364293536
1332,30,6031.633701486904,3338.1409012260547,0.16234284679454838,0.16236976203092196,0.9998342349213492,0.5535129541187017,0.5534389298877921
1333,20,219.8100157640266,0.15999201248134404,1.1301819951793606,1.1353236261976334,0.9954712199238794,0.0052533487145845536,0.0007278649788784003
1334,302,297.4386666470843,4.941075850417969,0.6934569446912588,0.6957883730576793,0.9966492277584709,0.01990719204439929,0.0166120831098286
1335,128,357.20772703715204,53.048484014809674,1.067043598330022,1.0700307778268952,0.9972083237615466,0.15088586854856975,0.14850878074452256
1336,664,322.5673679970996,176.04407134200108,0.10740378580767011,0.10773675124826804,0.9969094534897323,0.5471629368496395,0.5457590841724076
1337,471,20870.519845442224,1464.8177435099926,0.693158731342174,0.6931919436788323,0.9999520878207527,0.07023052247103545,0.07018597305470974
1338,44,12.784750092346378,11.760565018456573,0.04527680042107502,0.048818269757122515,0.9274560660657007,0.9257015856632427,0.9198900982426761
1339,412,266.2662614109954,25.687550831974683,0.39365002273749927,0.39512843018067834,0.9962584128848865,0.09985379632685934,0.09647317198901385
1340,418,273.4771091684395,26.19896398052881,0.4977979542551396,0.49961820881234476,0.9963567089327426,0.09909374250891542,0.09579947681980357
1341,11,14575.052537242627,94.92184179247953,0.42514902577715286,0.42517819541648644,0.9999313943197276,0.006580783209129761,0.006512624331880265
1342,9,4236.310590880031,79.06000523831722,0.5989990588516148,0.5991404552497309,0.999764001250663,0.01889406110815442,0.018662466677612906
1343,80,53581.74389366575,12630.601184845731,0.5166635372126954,0.5166731797420285,0.9999813372752618,0.23574009591432976,0.2357258324759168
1344,8,39784.37354305221,637.0640308325533,0.44148352847472855,0.44149462538261375,0.9999748651348234,0.016037653388929398,0.01601292100636351
1345,6,120.28695300544713,79.65869715384471,0.26233665414372215,0.26451757774008133,0.9917550900964994,0.6650236909671747,0.6622388809718824
1346,218,590.9856031732064,259.1404441051488,0.2515061776879094,0.2519317484231988,0.9983107697304805,0.4394371125086896,0.43848859043897853
1347,46,25.605743968281953,6.586499465169853,0.3655490158458084,0.3798250711050744,0.9624141312796156,0.28514517294513925,0.25722742027447454
1348,707,10.633774064407135,5.4643042262283705,0.21741907394439117,0.23786516134736937,0.9140433710966209,0.555649799492457,0.5138631113593274
1349,43,154.02122752505755,86.77535172305103,0.29389729609243814,0.29580545707008404,0.9935492705356216,0.5662150476060646,0.5633986504161165
1350,389,46.788313669445095,2.3433746331050425,0.6069769266022008,0.6199497584697999,0.9790743819311754,0.06996218063335284,0.05008461406967469
1351,71,72.45623065969347,68.68613825030619,0.04612272057879094,0.04675928033574845,0.9863864509379361,0.9486756620162925,0.9479673124717962
1352,5,211.84896581322897,19.22877424153436,0.6027898705705919,0.6056352461345302,0.9953018329397125,0.0950381608115716,0.09076642960101537
1353,6,101.30535649501849,32.72934109822289,0.6053641482700622,0.6113397863726716,0.9902253407420687,0.32969281622966884,0.32307611591922386
1354,14,373.8555320586042,77.8760339418858,0.5063564720791124,0.5077108895710533,0.9973323056098222,0.21041715326627344,0.20830515336517272
1355,481,432.09814801222217,66.36883675313403,0.3535253091191329,0.3543434688607227,0.9976910545459738,0.15555096936418408,0.15359667024367055
1356,40,7128.832266579047,4240.884015341852,0.20160550987368395,0.201633790172944,0.9998597442460622,0.5949486406890107,0.5948918219360699
1357,86,19537.752545639523,285.4495830338441,0.863208590007035,0.8632527715774582,0.9999488196599213,0.014660587075082807,0.014610154487679357
1358,351,6919.843916950624,2667.4220503359893,0.3265995779239012,0.3266467754592566,0.9998555089506425,0.38556310218186746,0.38547430871987726
1359,6,29274.809405880627,6763.845427222849,0.7824538559117594,0.7824805838007464,0.9999658421058103,0.23107287431185405,0.23104660848326994
1360,117,20.948273194126422,6.073673048878543,0.44188855664057475,0.4629828278745624,0.9544383291042864,0.32228836347688294,0.2899366927571629
1361,162,4668.444436338555,59.466191159185094,0.34854354103879126,0.348618200498873,0.999785841760485,0.012949333048836612,0.012737902736146568
1362,453,645.8640436126342,164.0598055102348,0.5523466702961853,0.5532018760871854,0.9984540800963132,0.25516923863691926,0.2540160071345169
1363,53,1744.8969140077518,57.212823928224765,0.29355159528973185,0.2937198296380954,0.9994272284967248,0.03334264667127208,0.03278865557554112
1364,735,46003.62306427295,408.9099251832014,0.3654611190620592,0.3654690632432937,0.9999782630541584,0.008910189843540663,0.0088886461097184
1365,289,40.50554010916638,17.676262953139013,0.15058328032114662,0.15430087746749524,0.9759068308141555,0.44997036308929783,0.4363912419264071
1366,67,301.6221761818559,34.60247506421748,0.3804221290073487,0.38168338285089237,0.9966955495046101,0.11764661636304787,0.11472125658079844
1367,104,158.8595923169314,69.1945459128489,0.2794846694228912,0.2812439882361065,0.9937445105075868,0.4391012443825324,0.4355704613342009
1368,5,35.61052454634889,23.382985573177027,0.2365427027133863,0.24318519691213114,0.9726854500887036,0.6660102764249715,0.6566313153501262
1369,12,4712.588211169424,990.3008259297642,0.39242884176162063,0.3925121142276578,0.9997878473987968,0.2103070487958103,0.21013947783144457
1370,8,427.27390909991095,99.82972708557494,0.7194472712630496,0.7211310793682032,0.9976650457131472,0.23543280350065085,0.23364339586256228
1371,118,41.143418072931595,13.55094198929422,0.43476377986820053,0.4453308110054172,0.9762715022718512,0.3452719939353989,0.3293586829677973
1372,28,536.9154623091515,116.68880157456138,0.9950549520054695,0.996908232497199,0.9981409718253734,0.21878679796514774,0.21733179572201056
1373,406,9307.327718648075,2516.599855486779,0.18857212851020455,0.18859238911928702,0.9998925693174731,0.2704674708049955,0.2703890882067624
1374,142,10666.727534236128,2215.988286524434,0.5027768502963652,0.502823985357112,0.9999062593231042,0.20782198264901441,0.20774771638367592
1375,4,798.614287145531,253.14711155771965,0.541933252749301,0.5426118447322799,0.9987493970329497,0.3178371317813441,0.3169829486303553
1376,40,161.1539903597656,41.99426272945958,0.660280997336383,0.6643782027227488,0.9938330225621872,0.26514464820797595,0.2605846906782151
1377,10,29905.023005396815,12459.710203662155,0.4954515993909366,0.49546816689530876,0.9999665619196567,0.4166622289233679,0.4166427225758566
1378,94,3370.981091700184,788.4600798535718,0.1623391222444632,0.1623872800708728,0.9997034384319475,0.2341235191966983,0.23389632228874502
1379,391,81997.29617761313,50705.62909252164,0.16635014325391556,0.16635217198109326,0.9999878046246494,0.6183863745496382,0.6183817205714799
1380,735,46.563440057579655,0.9430465104131903,0.5774137508723548,0.5898143327485721,0.9789754483950402,0.04085168162901936,0.020252938984899594
1381,44,396.53394583528643,37.6936781701145,0.5168202187239578,0.5181235629247556,0.9974844915497751,0.09733427440721447,0.09505788486963945
1382,259,26.910169946001883,17.619602962057755,0.09063969731692843,0.0940079293830509,0.964170766357399,0.6671261048600317,0.6547562872108709
1383,181,4854.440365705618,1644.1011029510723,0.34420500767697104,0.3442759128651589,0.9997940454573259,0.3388160453108557,0.3386798434204462
1384,10,319.35314046927573,47.1915363435226,0.6209337970461896,0.622878145538062,0.9968784448357988,0.1504325391439218,0.1477722632511979
1385,29,11997.000361139253,3081.211640588128,0.6630800924714588,0.6631353629617907,0.9999166527779714,0.2568937779474663,0.2568318369455756
1386,6,3668.9524037535757,2292.57050514243,0.32812075540606794,0.3282101871346099,0.9997275169021329,0.6249591964180785,0.6248569762848333
1387,611,397.87410204558614,5.335447335750203,0.7733188939741545,0.7752625210913716,0.9974929432749039,0.015883325849583844,0.013409888475573357
1388,62,1019.6136148630726,2.0393851658099984,0.24042052429476382,0.24065632001266132,0.9990201972759947,0.002977997864762727,0.0020001548979746357
1389,10,285.10851058440346,30.017929274779927,0.8661865873582761,0.869224681821268,0.996504822600497,0.1084131653805855,0.10528598116292788
1390,23,9580.051818705233,1537.3061903463251,0.9910618821503855,0.9911653327267398,0.9998956273257967,0.16055713083015236,0.1604695067875004
1391,114,16743.23813765392,2248.070920688189,0.6990831726283193,0.6991249257926045,0.999940277963573,0.13431909545233642,0.13426739213799363
1392,259,3345.305461845186,1232.1182741629361,0.2726826536229308,0.2727641656572526,0.999701162965724,0.36850140796261394,0.36831263638428124
1393,142,1654.419974568617,1016.0533677957702,0.26766987984959834,0.2678316706185471,0.9993959236838006,0.6143778517960691,0.6141447657875999
1394,294,47.419634631981666,10.532751050268121,0.6854062617281247,0.6998603220988441,0.9793472212749932,0.23818335553177886,0.22211792925043797
1395,53,90.71502026127573,32.816591272105946,0.28691876931698157,0.2900816277773623,0.9890966605344333,0.3687137742080849,0.36175476980094595
1396,23,3794.631107750134,3.1261689721245243,1.3713171566040259,1.3716785401266045,0.9997365392021477,0.0010870837694683974,0.0008238400211656025
1397,7,2432.7818306524073,542.4419177733863,0.6408375198034868,0.6411009373906,0.9995891168273979,0.2232911392997414,0.2229718715171092
1398,410,5842.579599046036,188.1060121056592,0.7008315527644033,0.7009515051828314,0.9998288720153374,0.03236133073921518,0.03219571234192047
1399,47,427.35216635766267,22.58120412415049,0.732251415614421,0.7339648769544099,0.9976654722946703,0.055050974352866495,0.05283980263072228
1400,213,1831.9975869460384,18.647015609632632,0.6571172340881187,0.6574759230071274,0.9994544455447614,0.010718516897977247,0.010178515377150374
1401,152,188.4803189304786,51.82120514506297,0.2978240083496503,0.29940414154360734,0.9947224070254655,0.2787688211800159,0.27494226155345874
1402,99,606.0968629888345,367.95564171999933,0.13982025889997027,0.14005094852639483,0.9983528163939491,0.6077376844010888,0.6070904902980464
1403,31,14622.137917723094,11208.464831592051,0.130814715843986,0.13082366219072272,0.9999316152247466,0.7665567332170405,0.7665407681599403
1404,118,5641.988297974618,383.8408075173965,0.7908662651995566,0.7910064402980206,0.9998227889289862,0.06819805166980829,0.06803289678129767
1405,133,496.13295392614776,193.6904977080593,0.4145968596541773,0.41543251641991563,0.997988465676833,0.3916266185342881,0.39040038799134325
1406,36,329.3899040429303,170.63496338797552,0.39617144694246054,0.3973741900808501,0.9969732731304344,0.519492155443326,0.5180333741065002
1407,396,427.5330150026642,171.75312166634808,0.4021323575308304,0.4030729453764926,0.9976664575073784,0.40312675014146593,0.401730663222062
1408,56,4311.957284176068,2361.389947404122,0.21975855224813734,0.21980951716679614,0.9997681405276909,0.5477424865930302,0.5476376020861574
1409,5,75537.76210988613,66074.17731439699,0.09067507183262183,0.09067627222656122,0.99998676176347,0.8747188260548607,0.8747171675310914
1410,177,478.5138468487355,99.68184197807464,0.662597209991534,0.6639819080819971,0.9979145544876924,0.20996649552402835,0.2083154805958737
1411,741,47.961501157498965,20.10147526250104,0.17147800491476317,0.1750533309737131,0.979575789623296,0.4309809700201385,0.4191168912017696
1412,31,2461.5191706567466,1744.5546278094614,0.15996878752966548,0.1600337753589039,0.9995939117908537,0.7088491527738755,0.7087308718152314
1413,14,36.53304938682441,24.88250856280536,0.26738336123650946,0.2747023057463248,0.9733568144252344,0.6895924787792794,0.6810958565035417
1414,190,148.09822620696636,98.78406338326475,0.06805683106685972,0.06851636952866244,0.9932930120938401,0.6692505063390386,0.6670171946908712
1415,6,3634.150518526194,2623.9557549518336,0.17166332088843894,0.17171055704996094,0.9997249082273476,0.7221037317640631,0.7220272637512993
1416,23,55.46623628494863,10.21823820972513,0.42334701950693976,0.4309795370142044,0.9822903018548348,0.1986716124147876,0.18422447409682924
1417,32,357.6137304840429,24.56017943924287,0.8054636099448652,0.8077159384806143,0.9972114843493296,0.07127496040026893,0.06867795430002029
1418,356,9739.084201822363,6765.226684226682,0.2254150008113725,0.22543814621150868,0.9998973314830469,0.694678459038447,0.6946471089099715
1419,41,5648.562185250728,76.35993792211782,0.39571479695592043,0.3957848528009263,0.999822995133568,0.013693085479097984,0.013518473448252983
1420,7,385.0137499427542,310.44147751360043,0.17152779234028087,0.17197330316259765,0.997409418705556,0.8068144659608295,0.806312703272957
1421,9,76.38481151139347,19.789902241121617,0.6450499545975324,0.653494695663645,0.9870775675424012,0.268656107510977,0.25908164004790113
1422,27,707.5391643452181,343.236551792568,0.4830304441994863,0.4837131349515192,0.9985886454125309,0.48583983654691426,0.48511314862720184
1423,4,14.946923966751294,12.883441388747125,0.21234287006326621,0.22654932956862087,0.9372919816959706,0.8706030967284695,0.8619460042350997
1424,261,55.64473405619367,16.603328902814777,0.6591960427807576,0.6710425553746547,0.9823461083071207,0.31076726188442555,0.29838095525890473
1425,8,5257.128388442783,1582.2571705951786,0.4262845895827334,0.42636567654848445,0.9998098182611521,0.30110660174733145,0.30097365970243306
1426,755,9.895373695494976,2.3606970734605697,0.23189013980298193,0.25532433712981495,0.9082179255206747,0.30845174909880807,0.23856573244275897
1427,192,35.74174984952544,18.24346104316985,0.2913983292385009,0.29955121292397524,0.9727830055972982,0.5237491715005621,0.5104243949995659
1428,16,35.961732655281764,28.462088399951373,0.12810410611360443,0.131666340095531,0.9729449912609254,0.7970970591320831,0.7914548687845577
1429,4,77.53583691131013,15.290332836810197,0.4645824575608114,0.47057429921839516,0.9872669593993213,0.20742546940967518,0.19720342806514288
1430,42,17.58779556711176,4.878967045089835,0.35469798731575886,0.37486526672051995,0.9462012589718087,0.3162810255720567,0.27740639959525365
1431,308,13234.924747303561,5791.17604583672,0.2084149518720449,0.20843069921899635,0.9999244480443118,0.43761022795303434,0.4375677350954787
1432,711,1834.9410116921285,882.5637598563062,0.4349750588744168,0.4352121101235319,0.9994553201907735,0.481259340158186,0.48097663861272133
1433,395,37113.60568820526,11558.452373988259,0.2487936410982882,0.2488003446679491,0.9999730564293637,0.3114529215559406,0.31143436913922773
1434,923,1080.7314764686707,486.04624036354005,0.22705831359050677,0.2272684104726041,0.9990755561599589,0.4502468967192395,0.4497382105976165
1435,144,278.4002338372075,20.91871908735009,1.0081010151863232,1.0117220646419636,0.9964209049281516,0.07844917946676104,0.0751390140698738
1436,891,1468.3160700767148,13.020339595032066,0.7817894580882363,0.7823218975772678,0.9993194112414847,0.00954208551894491,0.008867531902958602
1437,4,11157.327925703627,300.8304577040156,0.976860287804264,0.9769478410512699,0.9999103808378228,0.027049792738994327,0.02696258994153782
1438,76,231.37190908918538,70.26350774620639,0.7152746070637626,0.7183660567124233,0.9956965538394053,0.30667866880094846,0.30368210221718134
1439,20,1275.6874478543896,1022.6177425614009,0.0946592440969079,0.09473344663316087,0.9992167229327114,0.8017763034184291,0.8016209176325808
1440,773,132.07502840026038,62.2569644175757,0.2153567970404118,0.21698736111939707,0.9924854421447706,0.4753481188620354,0.47137574128625337
1441,78,12486.383032244034,121.48707269591254,0.23820482689939076,0.2382239040673973,0.9999199191698196,0.009808866467828777,0.009729564789274215
1442,4,376.2037432605395,348.92317466880735,0.07946015865265349,0.07967137441027451,0.9973489128412252,0.9276768349223695,0.92748459025077
1443,58,82.11260582243966,9.411972906445696,1.0133021421061734,1.0256425389545865,0.9879681308255883,0.12527549585786849,0.11462275264772562
1444,41,3749.859026730948,521.7177851070156,0.38180422163506067,0.3819060399218052,0.9997333944056884,0.13935948575561077,0.139129972990435
1445,60,85.36389952335081,63.77315827745308,0.13260637629084585,0.13415980083015674,0.9884210879138268,0.7500027052384302,0.7470740984601845
1446,14,505.79424071770944,78.97915740814749,0.5538899856783158,0.5549850752247929,0.9980268126200807,0.15781386405434084,0.156148787491289
1447,475,496.45999408701744,7.251885261389492,0.8972414283135555,0.899048706722692,0.9979897880997742,0.0165880379517434,0.01460718959787606
1448,236,24911.00050574345,28.638081266583,1.0428381071191537,1.042879969673284,0.9999598587034485,0.0011897110093486854,0.0011496158598680226
1449,544,18.472571822877246,6.640198272021001,0.20489885953486206,0.21599091869692771,0.948645715157915,0.39235691831137354,0.3594625770407068
1450,199,121.89169715047117,82.87042114913616,0.2670331283212976,0.26922386923773306,0.9918627537645968,0.6824742687575016,0.6798692863127128
1451,7,37.4305490104725,22.62332696412787,0.34014587619968584,0.3492332629784509,0.9739790342384259,0.6147017821080414,0.6044080987911293
1452,212,11.915811763867849,2.1107345119812853,0.4553334824553316,0.4935460265503998,0.9225755207429149,0.24084699969719328,0.1771372822774556
1453,142,43.67747964831067,13.421653695873333,0.40780107331119864,0.41713771719712794,0.9776173587258784,0.3227947012543408,0.30729002231685426
1454,727,152.19070318251067,15.209940191393269,0.5036741002994373,0.5069835935192394,0.9934721887214748,0.10581543040559598,0.09994000864266427
1455,786,1219.3549464628954,85.56185514640677,0.3563581041508217,0.35665035548025165,0.9991805662746742,0.07093170343374247,0.07016976918378408
1456,49,22006.888548550807,365.79166450953846,0.7080392688521965,0.7080714423812843,0.9999545617473576,0.01666637231919694,0.016621689327073294
1457,139,3138.127699336215,917.9726424616664,0.8464794563958393,0.8467491966796954,0.9996814401656196,0.29274777278286196,0.292522398835407
1458,32,492.771344811294,410.8711990436366,0.18093469093944026,0.18130186872452175,0.9979747710949444,0.8341334574630744,0.8337968580558982
1459,695,516.7596064171195,14.522062050250776,0.3200256387328159,0.32064493179434544,0.9980686017456633,0.02997928354755785,0.028102161759386467
1460,17,10442.878677923762,51.18927348611865,0.3247274821097852,0.32475857770058214,0.9999042501324611,0.004997116023229586,0.0049018355057914
1461,10,19.080194778874137,18.768920195996113,0.010726498593050806,0.011288678314870394,0.9501996862574215,0.9844984281125845,0.9836859850496562
1462,383,486746.48366030894,757.4794461773722,0.06220108688554069,0.06220121467503475,0.9999979455466469,0.001558260641582894,0.0015562093853892175
1463,5,35.0254428828156,33.470137430468924,0.027683633439526078,0.02847401983184516,0.9722418402112961,0.9568275827335195,0.9555949811241431
1464,60,355.81719669825037,54.8171001080311,0.9109178396656806,0.9134779122201226,0.9971974444918761,0.15643052135526403,0.15405972678301597
1465,381,26.885779153565487,14.48158891041668,0.17683608321968525,0.1834133924436299,0.9641394276812905,0.5551786387305301,0.5386337821084195
1466,19,18.637909928953764,5.591112066819182,0.34971263215665366,0.36847614338134194,0.9490780839907196,0.33563205507432187,0.299986001012563
1467,649,154.02395407049468,0.2935270146781572,0.8344775732492663,0.8398954160665422,0.9935493839903912,0.008344046069744463,0.0019057231483864767
1468,8,31.25266006137172,27.39296346539844,0.08018495798123894,0.08275065823919386,0.968994805448693,0.880329356132831,0.8765002214725439
1469,9,35.233257552228565,7.611364388375561,0.41011934418116797,0.4217594641324164,0.9724010462333245,0.23766464762277245,0.21602783611741655
1470,52,47.59343059458978,17.036819590066596,0.5971142853134632,0.6096604346003217,0.9794210866003082,0.3711781483498461,0.3579657817733204
1471,6,203.65294238033596,168.96994546373384,0.1305772621980371,0.13121843762458293,0.9951136788537275,0.8305277387502901,0.8296955766451475
1472,143,307.13772793129857,47.82104403428465,0.5015453076066813,0.503178273087623,0.9967546979504471,0.15843903426577363,0.15569902257329127
1473,199,25.66532765615378,23.204007306742415,0.03423385619202783,0.035567712383176825,0.962498116921911,0.907695852038655,0.9040993989094382
1474,139,627.2186025321517,20.74415640770955,0.7144169071894716,0.7155559309752859,0.9984081974077668,0.034612404535723215,0.03307324802543016
1475,8,251.6654049814175,194.6095925337568,0.11836576934825636,0.11883609926649437,0.9960421965956382,0.7741843112559991,0.7732870258751948
1476,32,9.105483421625145,1.3109779902203176,0.4000484379004199,0.4439833306871468,0.9010438236076803,0.22868554563901014,0.1439767587854588
1477,999,3119.0070802266628,378.6393253057822,0.5393030003705822,0.5394759089233678,0.9996794879068267,0.1216789948047817,0.12139739204383786
1478,908,268.7098765558417,186.72043313687547,0.15735696806382296,0.15794256979190507,0.9962923122698734,0.6960087466356063,0.6948774474914857
1479,787,11.56908220573722,1.3348846285652503,0.2361319554152593,0.25654255940406656,0.9204396961025886,0.18576413061404598,0.1153837966423359
1480,149,42.952378338955825,28.478097128543016,0.15737158686786193,0.1610354488693086,0.9772481026558311,0.6706826397700536,0.6630156054179356
1481,228,88.41406090203067,15.189346664083438,0.29402829102406935,0.2973538739463364,0.9888160766895971,0.1810604115366352,0.17179786234357405
1482,559,349.42286778827344,27.618654415550267,0.5462204901482147,0.5477836977699873,0.9971463049591722,0.08166891218081619,0.0790407754087958
1483,8,419.6643376876207,321.0013914199704,0.17609086190481846,0.1765104612038084,0.9976228077580884,0.7654592095683757,0.7649003324626298
1484,13,11.24146565080733,8.001486968798199,0.12638780063171434,0.13763080083806536,0.9183104353248704,0.7353275519099747,0.7117832511656125
1485,25,3913.2064096927393,888.9640460050604,0.8333454308132531,0.8335583880006759,0.999744520371352,0.22736768398346205,0.2271702417238095
1486,22,50.85699620342305,13.093758638025887,0.5981889858945826,0.6099511627935462,0.9807161989082971,0.2717812382101601,0.2574622886820158
1487,96,2115.5537010703265,180.35575413983295,0.9471435730337254,0.9475912778462078,0.9995275338398006,0.08568445678846826,0.08525226944066
1488,45,204.5997712070489,60.51677820373865,0.45422784704385916,0.45644792698023506,0.9951361813579405,0.29920645262677986,0.2957812603929917
1489,254,167.24293299628292,4.912615719740686,0.42099586917874715,0.42351314068096413,0.9940562139390304,0.03514332289886623,0.0293741303846296
1490,67,64.33450908045731,60.87792340858502,0.022044138395388737,0.022386787134152254,0.9846941529970245,0.9470940285536451,0.946271670969783
1491,22,66110.34745825692,8465.371431745401,0.565876599608365,0.5658851591852144,0.9999848740036552,0.12806230332986507,0.1280491142039537
1492,209,22.06160923036898,16.49959581301461,0.08986916708763697,0.09394272156633415,0.9566378915707611,0.7588193711117973,0.7478872298355298
1493,6,175.0120952974723,92.7025464999933,0.2293258917385207,0.23063623483994303,0.9943185722645373,0.532364246568565,0.5296922269425124
1494,131,80.73093945767394,0.4589802036529373,0.7094968114503106,0.7182852241235248,0.9877647313656799,0.01785101472384886,0.005685307352252155
1495,574,122.60225324406133,51.3437445893301,0.13089759131910372,0.13196525188696073,0.9919095326035406,0.423485359008575,0.41878304216090834
1496,134,5769.720544712855,346.4958770375898,0.6661878950735105,0.6663033578398456,0.9998267114145883,0.06021706896827055,0.0600541870879873
1497,480,22.928484602202797,3.994859799027369,0.32474289141431173,0.3389061864182525,0.9582088035818223,0.20874116694241282,0.17423130522300515
1498,119,32.56538465455073,12.347440100592811,0.3504645071460918,0.3612263793261313,0.9702074023494193,0.3976549125821858,0.3791584294665275
1499,13,265.39339995791124,10.75718938938259,0.761787718238332,0.7646581276696107,0.9962461532449454,0.04413468723789765,0.040532995135103486
1500,689,212.06647532269523,137.38464504625716,0.30067011341161626,0.3020879240908106,0.9953066290767448,0.649490469285089,0.6478376407077218
1501,60,23.43154844983261,3.6675073076558755,0.5008330955041645,0.5222074018832951,0.9590693155592089,0.19104426873474956,0.15652005737085956
1502,38,27.568952154270033,11.185173404898098,0.25455570619982965,0.26378912590963194,0.9649969661260205,0.42651803745195654,0.4057163051503819
1503,10,20640.347921113378,8658.769894469004,0.33624109384009004,0.33625738431615787,0.9999515535514529,0.41953509662085586,0.41950697379533
1504,435,13536.908060973883,2525.0651687034283,0.9133329878162493,0.9134004576538003,0.9999261333438301,0.18659198727943713,0.18653189911092358
1505,29,814.7550891341812,142.1180846901742,0.4360941611391701,0.436629406843008,0.9987741418799345,0.17544246624569093,0.17443043509086803
1506,29,29.0266179419191,13.801160979799915,0.3844365006261044,0.3976807752913563,0.96669621593966,0.49293466911358463,0.4754656917803993
1507,436,47.2961661452014,13.922088323519086,0.31714149188891694,0.32384692951181593,0.9792944227292594,0.30897045282344243,0.2943597643998805
1508,14,66513.92189976996,27048.425703956116,0.4410947694875658,0.44110140110327706,0.9999849657795359,0.40666702946319877,0.4066581090303993
1509,75,334.6731745674772,47.695301753773016,0.34844846296750726,0.3494896233874239,0.9970209117803693,0.1450675998060258,0.1425130705961515
1510,192,2006.4835971030861,834.813727510702,0.4463841847093822,0.44660665559593904,0.9995018639248445,0.4163489697832795,0.4160580872507438
1511,13,38868.05382354636,700.0651400738047,0.5848467857202999,0.5848618326991988,0.9999742725921618,0.018036588779763624,0.018011324756623228
1512,352,1570.322142437352,655.8086052667463,0.17436540934363914,0.17447644733045187,0.9993635932613735,0.4179974223795634,0.41762679614823667
1513,319,6229.832185419963,1248.7744687695106,0.8391280187203968,0.8392627138443978,0.9998395077944259,0.20057906096298994,0.20045073953871337
1514,398,15.234880587076292,14.596649477681026,0.017533447041420337,0.018684322293852168,0.9384042281902559,0.9606876622238093,0.9581072456887733
1515,52,73555.42096848186,193.05418408877,0.5770829238861095,0.5770907694387049,0.9999864049937881,0.0026381678381540634,0.002624608513511095
1516,336,2704.2520277023723,247.99730302246147,0.1291932445245237,0.12924101863847498,0.999630348673706,0.09204218330590815,0.0917064313836047
1517,44,1253.018532727097,37.03710805534264,1.0393093762911254,1.0401388208277749,0.9992025636193548,0.030332173777865838,0.029558308267583457
1518,6,5798.402804539973,3801.5390950196334,0.24394877505992685,0.24399084677920607,0.9998275684525276,0.6556777004768275,0.6556183182105155
1519,106,78.53771867174558,6.6416642566925965,0.6268241888360839,0.634805375448544,0.9874273487258663,0.09607597985340718,0.08456655437690955
1520,68,18.736120687444746,5.509593585504739,0.4800623156055221,0.5056846054922017,0.9493314813059407,0.32983146427787385,0.2940626652344725
1521,130,255.37649782151857,114.00475338942398,0.16066622034679212,0.16129535506246623,0.996099486464254,0.44857759727058427,0.44641834453028395
1522,36,8.879647374922135,7.121558502242387,0.2626213692552231,0.2921970222250603,0.8987818125433976,0.822049430919734,0.8020091566197848
1523,36,14816.932156448052,516.3638005756274,0.5549956926156422,0.5550331494715389,0.9999325142003997,0.03491470976606513,0.0348495758179547
1524,117,11.279809448993381,6.184145918769335,0.14549630348342976,0.15839512984582138,0.9185655116104449,0.5850372474108908,0.5482491478897468
1525,29,16.69470619166994,7.576136319746196,0.378552421873689,0.40122741941647744,0.943485922333609,0.4846724340516909,0.453804711072209
1526,13,23782.169886314663,6463.522540588737,0.4674817191200799,0.4675013759353055,0.9999579534601662,0.2718108045096444,0.27178018538620147
1527,400,1877.3927480110933,49.533768558704374,0.32661195908954904,0.32678593012434487,0.9994676299719218,0.02690266378647983,0.026384339990223337
1528,857,24.9921339431821,15.00983962923985,0.3222663637844903,0.3351610755572882,0.9615268218382542,0.6159494123967197,0.6005825538292845
1529,78,2236.664403439785,354.59928292632935,0.6883597507222013,0.6886675124720926,0.9995531054618992,0.1589153772923655,0.15853933311630844
1530,581,11626.117241589609,10274.096482011073,0.041966492575740186,0.041970102249692685,0.9999139941587222,0.8837183171472266,0.8837083153830575
1531,177,1420.9600854142136,443.07108159990764,0.6231068662437256,0.6235453774113788,0.9992967453796647,0.31229503989245294,0.3118110678462522
1532,8,43225.33892049792,25699.55208255048,0.28347663016854374,0.28348318828092056,0.9999768659566143,0.5945576869190576,0.5945483071820051
1533,200,184.0447949586365,0.026898340860025557,0.6736281733458281,0.677288304964857,0.994595903115116,0.0055494581249344015,0.00014615105450860958
1534,262,274.4303966715782,14.266182667118722,0.5165812856226811,0.5184636619625036,0.9963693186660426,0.055426644450292974,0.05198470300719505
1535,24,107.39883032411848,94.74731075377998,0.07116039534562835,0.07182297607514723,0.9907748082058638,0.8832873054763621,0.8822005832637327
1536,9,55.25601129635428,21.533544696866365,0.47083359170657657,0.4793545395756032,0.9822241218857118,0.4005535440143562,0.38970501474266056
1537,7,142.94116191051597,45.53385755842286,0.3836071281354346,0.3862907996755861,0.9930527169106661,0.3232838816971034,0.3185496532267449
1538,324,750.799210877691,23.717944067497196,0.17573540306563915,0.17596946751392248,0.9986698576088786,0.03287838522554464,0.03159026238156365
1539,5,252.58034911642943,89.20484253862695,0.35554007521557485,0.3569477067928504,0.9960564767597947,0.35572489293013043,0.3531741200401425
1540,11,40.4297813869677,10.96881846993052,0.42720895885610227,0.4377756486624887,0.9758627739147432,0.28889407738210937,0.27130541134873054
1541,531,94.9975341378201,28.424071431490283,0.44109668575278066,0.44573992928279527,0.9895830657632901,0.30650861707809324,0.2992085182995733
1542,138,43863.52926722968,641.7999167588463,1.0264533038132728,1.0264767048783707,0.9999772025366122,0.014654207568096926,0.01463174367134961
1543,99,8867.088839331935,2650.8353012973503,0.2635460763155843,0.2635757981421152,0.9998872361319197,0.2990312060853376,0.2989521532184254
1544,17,4574.761165434431,2390.0425456578714,0.17894914083716246,0.1789882574455199,0.999781457125089,0.5225453119625096,0.5224409448336538
1545,42,828.1134648730208,231.50358894796761,0.4574822713930108,0.45803471051011085,0.9987938924618075,0.28042433128688327,0.27955539762110415
1546,5,163.96016731175482,56.12899768686393,0.7315368080569254,0.7359984820113439,0.9939379304937892,0.3463199547979181,0.3423331325354159
1547,14,6495.943411217727,2110.164483799481,0.4368094624644964,0.4368767058862463,0.9998460814668215,0.3249473406454965,0.32484342153527324
1548,353,666.4591264243182,46.23889362566278,0.21888875167105998,0.21921718704390192,0.9985017809174964,0.07077421186631883,0.06937993913256671
1549,371,156.44085327481224,117.96020335891315,0.1142458778813558,0.11497615948932341,0.9936484084073497,0.7555866275144526,0.7540242902645005
1550,89,2559.676661519892,2058.246628947932,0.0591117327179377,0.05913482615532634,0.9996094782230699,0.8041806526739164,0.8041041510789024
1551,16,17401.079222454944,124.43379448067934,0.5069678980578479,0.5069970323369106,0.9999425356023715,0.007207977442076267,0.007150923967986177
1552,257,18.879874344166005,12.10332947268682,0.12999664001206435,0.13688210109312465,0.9496978711893388,0.6591253669836276,0.6410704463415469
1553,13,1278.203831973889,504.69042784410937,0.3568598272738441,0.3571390157869333,0.9992182637551541,0.395316536117468,0.3948434633189389
1554,47,2349.3012642278213,2140.542593987107,0.03801462838643494,0.03803080963528765,0.9995745226302599,0.9111779100755831,0.9111401021999918
1555,11,51.43960107195949,49.343765493048316,0.033009222874243356,0.0336509312504041,0.9809304422696166,0.9600333424345622,0.9592563796134561
1556,629,175.11584810026906,0.835426409431991,0.7023729037504322,0.7063838080253453,0.9943219192889976,0.010421699291860532,0.004770707040482347
1557,6,12419.548485682151,4085.9814990019327,0.4270146866469287,0.4270490691115682,0.9999194882576117,0.32905000159318415,0.32899597789021456
1558,551,15.618175946581513,7.010445451916796,0.3774524273532596,0.4016199376082504,0.9398249240341142,0.48202916358967823,0.4488645457635041
1559,8,15.46353951640624,10.892845156354085,0.14054044085222409,0.14962894485889833,0.9392597200010679,0.7223747447808918,0.7044212060762144
1560,330,133.39495378895964,114.735542534313,0.06591099103840652,0.0664050951193051,0.9925592444373301,0.8611598819108379,0.8601190620436275
1561,24,18.916219395675213,6.298255930962235,0.5313419132843519,0.5594311367264226,0.9497896673995692,0.3664478576966793,0.3329553225842895
1562,9,1836.7514723322581,1221.7363240053853,0.3316021760722496,0.3317827133855809,0.9994558567820214,0.6653436780837575,0.6651614779728784
1563,31,27105.891327752972,301.8520215275215,1.0742120664311776,1.0742516966375208,0.9999631090120991,0.011172510261899754,0.011136030093150399
1564,10,104.93488339940113,93.21778516907827,0.09513405819309613,0.09604065907843748,0.9905602388192597,0.8893933909744682,0.8883393410204168
1565,8,475.8647727703968,252.32607814117145,0.4341138884652346,0.43502615159817865,0.9979029694431182,0.5312325267170535,0.5302474412471754
1566,17,64.00244728981515,11.379059267685392,0.5492529827118873,0.5578347324100632,0.9846159638337695,0.19043989547798137,0.17779100252462013
1567,7,80.92825454391826,56.8662805945919,0.1717255865738985,0.17384753505211142,0.9877941986489663,0.7063043258607719,0.7026752388899186
1568,11,331.16105023394425,69.26131755141316,0.8759543787646388,0.8785994796246155,0.9969894122164665,0.21152786427525874,0.2091469316892323
1569,194,15.697301896078091,5.353623074281553,0.22518694318730634,0.23953252593000485,0.9401100844780866,0.38051794917680143,0.34105371163302495
1570,66,32.56563085685942,30.202212147591577,0.043148162141202304,0.04447312226038002,0.970207620876709,0.9295881337864127,0.9274259811008688
1571,451,17255.701462464258,0.03555991277716293,0.9955897643255562,0.9956474606044641,0.9999420514979541,6.0009145724033685e-05,2.060763096447583e-06
1572,111,160.04570637336715,2.188826428188239,0.5486292612094493,0.5520572148462033,0.9937905826704775,0.01980075408403182,0.013676258350111393
1573,52,12266.295858553163,10972.465541007334,0.05062192135356188,0.05062604826538084,0.9999184824421348,0.8945301122216166,0.8945215138730203
1574,165,25.527484986992224,19.90542963540632,0.07896516020129901,0.08205849901793279,0.9623032488571627,0.7880667785000092,0.7797646201946382
1575,783,3353.6064695818313,0.0015645219561668132,0.4573543481147723,0.4574907249831567,0.9997019024409962,0.0002985639391797324,4.665192443888316e-07
1576,91,749.5035989067707,672.8123127965745,0.03633180652059497,0.03638028101301049,0.9986675613528608,0.8978135664880097,0.897677227671677
1577,120,981.940829467097,87.66122020061779,0.39681231306445347,0.3972164232726824,0.9989826447635285,0.09019995664305207,0.0892734241921602
1578,87,25.241914171057573,11.143940957782528,0.4029605602213655,0.41892450643759166,0.9618930237527072,0.46276886962675085,0.44148557364798396
1579,737,99.79401120294287,30.227123000832762,0.49712121135910353,0.5021026847498079,0.9900787756329433,0.30981129362893167,0.30289516010497214
1580,16,14167.248822069494,290.49808369585804,0.6555472110907112,0.6555934831100231,0.9999294196472297,0.020574037579139594,0.020504904469760225
1581,27,175.61175347504354,47.03342684771775,0.29412890873257364,0.29580379041282734,0.9943378626828405,0.27197185862550877,0.26782618997310875
1582,285,841.7914482617862,20.20646836872829,0.6950850585029582,0.6959107797192264,0.9988134668403881,0.025162177917758346,0.024004126450147
1583,177,13.908747365527695,3.3498412630466654,0.36949999531133537,0.3960660106109682,0.9329252836953812,0.29176436868897887,0.24084420940372533
1584,6,123.17153025727521,62.72248202171687,0.4123710011559319,0.4157189420339463,0.9919466241744138,0.5131810962600533,0.5092287307846622
1585,386,22181.235980234356,159.04083756813705,0.7884216429690725,0.788457187500661,0.9999549188818975,0.0072148198996143855,0.007170062015924538
1586,445,36126.13731832992,26795.642850974702,0.09485811727935688,0.09486074302692693,0.9999723199767757,0.7417316964491072,0.7417245473785804
1587,86,12412.75937961818,732.946816834337,1.5861839859433287,1.5863117725165983,0.9999194442256033,0.05912365419611602,0.05904785506741069
1588,17,13127.333473654773,472.1893912724042,0.7670851735761501,0.7671436077718773,0.9999238288696729,0.0360433707920335,0.035969939532658354
1589,236,33196.879115867494,10841.206198935191,0.17008666385653365,0.17009178743044742,0.9999698775937911,0.3265933393242875,0.3265730540842707
1590,12,159.63748876819406,126.33142065770544,0.26761118026637737,0.26928754828200663,0.9937748030819691,0.7926631674468558,0.7913643695632697
1591,17,1018.4860027261074,387.4267837151256,0.9084251533112114,0.9093170901182753,0.9990191135559238,0.3810025666624865,0.38039480432536976
1592,616,178.1502326703005,22.511518322963706,0.35230839375168055,0.3542859852960244,0.9944180926527718,0.13123911687144263,0.1263625535905158
1593,53,39980.99831084131,5831.984706335183,0.5359583507669428,0.5359717560938081,0.9999749887438789,0.1458902744426744,0.14586891155125992
1594,112,18.266626784569336,13.152554258137512,0.0801156075595297,0.08450150806017423,0.948096778373218,0.7345631602451711,0.7200319146635262
1595,185,1746.273073330915,260.4046873292446,1.3406547135438984,1.3414224369509755,0.9994276796138716,0.14960723158797135,0.1491202557642017
1596,60,6586.938234127296,77.23421451903289,0.3074453951379036,0.30749207014595886,0.9998482074414695,0.011875371586478842,0.01172535885016776
1597,473,13.496375989275414,9.766635410316479,0.09406142984133156,0.10103081406092317,0.931017241775475,0.7427122074014747,0.7236487348957462
1598,110,334.5611236097009,37.510884383974314,0.3155641809487254,0.31650739926872623,0.9970199169997919,0.11476563187566159,0.11211967481235065
1599,501,367.98617857867725,17.46258160160423,0.4870520147408219,0.48837557536101167,0.997289871387996,0.05003597064996173,0.047454449699856446
1600,54,897.8064953637175,37.29170528416673,0.8589618569742294,0.8599185908154412,0.9988874134697977,0.04260283551763979,0.041536461895454645
1601,14,17.39340245545628,16.56788507431703,0.024332709339705397,0.025731671354298,0.9456326798469338,0.955118832247681,0.9525384763991196
1602,743,1519.758738719106,5.927700233947541e-05,1.0999014815120634,1.1006252157821745,0.9993424335007655,0.0006576054778055475,3.900421878109132e-08
1603,695,5627.51891730905,0.9665012633523276,0.9313740823544788,0.9315395858554072,0.9998223333678553,0.00034938165656774517,0.00017174553787452858
1604,58,367.05311847890226,34.744577475218165,1.201357508794529,1.2046304887756636,0.9972830008773386,0.09711798564007314,0.09465817268956193
1605,147,20912.840042661985,2621.7402945841545,0.43904816331571345,0.4390691575069577,0.9999521847734342,0.12540692140869616,0.1253651005428163
1606,941,10.933373091097707,4.017200923404694,0.30131666687910386,0.32887601790174903,0.9162013965065751,0.420434430827234,0.3674255776266909
1607,60,700.2354779183839,395.1488610330644,0.23575656248384916,0.23609324431434514,0.998573945512614,0.56492986094918,0.564308541189227
1608,4,71.45753905611988,48.1933907216721,0.21690413127062888,0.2199395581008235,0.9861988136358666,0.6789271532334377,0.6744339555805714
1609,277,230.27538547731524,8.945650478395516,0.31581880647010296,0.3171902896002494,0.9956761503264336,0.04300349757441455,0.03884761916629932
1610,7,23565.431606002072,8364.622875198345,0.32989267269151046,0.32990667169981236,0.9999575667620488,0.35498046607394423,0.35495309464511954
1611,6,286.1385833385985,214.56648435073674,0.13190116173134953,0.1323621312384756,0.9965173611000903,0.7507402239166766,0.749869108343324
1612,271,850.9032389502272,13.309738193261722,0.7521126716055744,0.7529965707813886,0.9988261577673627,0.01679737502922885,0.01564189391226452
1613,6,1043.944008540698,832.652265228952,0.14401219466607462,0.14415014477976643,0.9990430109251534,0.7977961100453388,0.7976024177703696
1614,20,12.777414072443282,4.65344257864041,0.3172955370522919,0.34212806852175376,0.9274174388065944,0.41034134191757166,0.3641928290229217
1615,235,7.976424032034608,7.5491482253457125,0.02594251574490614,0.029194915020661398,0.8885970631031631,0.9524002202698918,0.9464326614316282
1616,76,15.01680364769035,9.621740427035768,0.1133409340409357,0.12088854115494141,0.937565570384938,0.6631623050812288,0.6407315866126833
1617,9,357.48429685895803,100.47548648675675,0.3848660940013908,0.3859426898054108,0.9972104775334317,0.283068149360755,0.28106265749177334
1618,109,33.59251051644306,5.5799129207787335,0.38500266114777926,0.3964636283463851,0.9710920084992196,0.19021206678974817,0.16610586213993872
1619,16,4870.525000352871,3130.384226273306,0.25510409011501173,0.25515646723864766,0.9997947254709914,0.6427934221925338,0.6427200817255858
1620,4,197.37068735112211,113.6156947923253,0.24798770074625598,0.24924415733600827,0.994958932625817,0.5777854395869086,0.575646243710968
1621,5,47.54354158183607,16.810211052067284,0.7668161758956049,0.782944889709987,0.979399937305477,0.36689146427526986,0.35357507019396295
1622,126,79.84303967955594,6.696918257900019,0.7129486403048495,0.7218780177830396,0.9876303513083649,0.09520817485845302,0.083876043356786
1623,234,32.083025270605994,3.3577076492940794,0.6034720466206547,0.6222817455667684,0.9697730182829291,0.1317203494435519,0.10465682774530502
1624,297,51.120993628648755,4.948762736180475,0.2251729405865523,0.22957764645401346,0.980813873059965,0.11413371699250734,0.09680490117483036
1625,139,13.808851729969717,9.148670850502212,0.10727237058379646,0.11504074790303301,0.9324728197544017,0.6853111257751086,0.6625222016575505
1626,416,12.512384284600843,6.879429371526157,0.3798754189695758,0.41023537358167095,0.9259938158257066,0.583126501257503,0.5498096298075469
1627,12,10067.744522665125,2994.0486339190725,0.5323048455554585,0.5323577178591167,0.9999006827516829,0.29745998889703723,0.2973902076258179
1628,9,21.244007128985796,9.484664117318175,0.507538076148905,0.5314289585548145,0.9550440712322505,0.47134781321193625,0.44646304530641434
1629,126,2603.270170817084,226.6767795209542,1.1683342195016115,1.1687830143415014,0.9996160152617013,0.08742440860101743,0.08707385889563954
1630,30,723.840894559724,437.7594729876922,0.2970070581477197,0.2974173790626887,0.9986203868911019,0.6053183205870294,0.6047730603200573
1631,37,14672.850308132445,8233.544260434643,0.5580015711552679,0.5580396006832353,0.9999318515604971,0.5611713413670949,0.5611414338406486
1632,44,7.173503408780351,5.3154012948872715,0.06986405638308005,0.07960323853744646,0.8776534430846684,0.772667603968083,0.740977036183078
1633,55,72.48630155581131,23.6331723101221,0.5835066182884265,0.59155650641576,0.98639202165807,0.33520767528916556,0.3260363931235418
1634,14,44.054446135740655,29.558019265423,0.22086456773214946,0.22587801330020002,0.9778046322667647,0.6782464747953483,0.6709429321696332
1635,6,751.7621631414082,23.612245069490523,0.8270141590120804,0.8281142598146484,0.9986715591604302,0.03269591150381326,0.03140919592284536
1636,5,2598.544881172281,425.72338815210185,0.5529900980115026,0.5532029056108704,0.999615317278327,0.16415311435579766,0.1638314547640391
1637,871,179.68431756549208,44.862799593985514,0.4824591640988557,0.4851442017840338,0.9944654853643425,0.2538283355851388,0.24967565451355395
1638,65,361.689028036155,322.6684729388845,0.04282854798003701,0.04294696060707351,0.9972428170617272,0.8924131912438755,0.8921157345879734
1639,549,2344.7421571118257,835.2865125893144,0.6904610969568211,0.6907555690354941,0.9995736956864726,0.3565125476616683,0.35623810919073173
1640,456,22.702843521630303,13.970585118664367,0.10586461982611645,0.11052767534712432,0.957810969005156,0.6315944795822824,0.6153671942174903
1641,19,28.270041914154405,13.149957555209415,0.19008342085505547,0.19680726730113668,0.9658353751958103,0.4834279908689429,0.4651552196187378
1642,19,31.39589601260745,13.82334443700026,0.525067577841251,0.5417916610663454,0.9691318925208663,0.45756858928154004,0.4402914454631047
1643,6,272.1046779384535,252.65678934985462,0.0438468657070086,0.04400800540530121,0.9963384003249282,0.9287896174631559,0.9285279153010455
1644,569,185.94341768082492,16.386805706000644,0.591141558131421,0.5943207056672919,0.9946507878565304,0.0930057122186872,0.0881279149882513
1645,209,521.6456288981232,301.0531679801826,0.21789299386522315,0.21831069696057062,0.998086657680256,0.5779311091092285,0.5771219987333163
1646,51,175.83356548243736,25.450961648809567,0.48948520777307564,0.4922690062271994,0.9943449650111855,0.1495811136118081,0.14474461448233367
1647,66,52802.776277529316,948.8010053367772,0.8574474828974222,0.8574637215792368,0.999981061960517,0.01798736894014464,0.017968771193959884
1648,128,326.8590701535306,216.63369449438554,0.15288376325584166,0.15335149928404498,0.996949908997388,0.6638025734425207,0.6627740034646413
1649,23,35.06353504194046,10.24261822472436,0.33577544715436153,0.3453516478070547,0.972271159806241,0.3117447641128259,0.29211596071168755
1650,5,6703.456638954516,893.7766447245567,0.5628257298925227,0.5629096904162058,0.9998508454817663,0.1334599793703919,0.13333071173023234
1651,9,514.4960013306959,173.29706502737292,0.5455357020849716,0.5465960323901129,0.9980601207430929,0.3381152609863982,0.33682878891022716
1652,6,1007.2838719859639,791.1741540779997,0.11958309851273378,0.11970181688184356,0.9990082158132406,0.7856657991738931,0.7854530148667211
1653,14,152.98718541025445,79.30540051380873,0.47483982273253966,0.4779436109449916,0.9935059531263215,0.5215070351461919,0.5183793681878733
1654,8,10494.06635487487,1758.7233288762484,0.9482822826142024,0.9483726462778715,0.9999047171341099,0.16767148194912285,0.1675921677452762
1655,7,744.4114109759112,514.3371161817132,0.2543306233909651,0.25467227670207915,0.9986584589593406,0.6913458911328189,0.6909312627373964
1656,323,7572.221475752664,3295.5738308574046,0.19651267349416182,0.19653862528045382,0.9998679557961955,0.4352934667779242,0.4352188907060237
1657,334,14.299461464344654,7.576024818486027,0.23325483210460732,0.24956697313776588,0.934638222245241,0.5605442282051838,0.5298118979778821
1658,7,18020.960577232017,12566.01348075402,0.2247902828211529,0.224802756644724,0.9999445121414111,0.6973166669019637,0.6972998707199954
1659,219,4846.197120110695,16.847498860498217,0.11179564182885444,0.11181871056482579,0.9997936952066894,0.0036820245635256184,0.003476436975826809
1660,324,53529.14335716429,53.150837496906256,1.2291948346123098,1.2292177977078786,0.9999813189366347,0.0010115952265548882,0.0009929327122286666
1661,918,15.990634735640802,14.665493145469435,0.02397605169930901,0.025475432561650257,0.9411440469671021,0.9220075288069344,0.9171301444827691
1662,157,237.19502736336284,116.79181103138272,0.4588616827219903,0.46079621603756044,0.995801759545238,0.4945183463116261,0.4923872659963798
1663,40,1658.5850272414816,179.36052036575762,0.37155876117407394,0.37178278270753246,0.999397439731267,0.10867808362042655,0.10814068463168613
1664,23,80.01661228473743,48.80906098701955,0.23751559688491727,0.24048392546198483,0.9876568524429846,0.6148005894391487,0.6099865964499163
1665,22,8513.253707000593,394.4794705958399,1.316455524985543,1.3166101609884504,0.9998825498940466,0.04644910572381331,0.04633709791491974
1666,686,128.994288827189,13.813015401443575,0.5853341009484829,0.589871775494157,0.9923073543536258,0.11395127843759052,0.10708237959239102
1667,122,28335.085911185688,85.01382515111592,0.870256602540558,0.8702873155796949,0.9999647093108368,0.0030354871671659464,0.003000302360740522
1668,901,12.800061345791843,4.988588637896131,0.43411220797104455,0.4680270616770984,0.9275365540092372,0.4339537693230818,0.3897316194922911
1669,240,147.51496268625488,130.1826139422379,0.05138549013048733,0.05173383099838815,0.9932666717082739,0.8832956058398479,0.8825044698626225
1670,830,23872.887212972648,3186.489886477632,0.9054239062087227,0.905461833079408,0.9999581132309505,0.13351365272202537,0.1334773568881973
1671,33,472.6803351956353,43.851884642026356,0.6392870724797417,0.6406395448059179,0.997888871617212,0.09468808668931132,0.09277281362652144
1672,10,19787.592933832577,1115.3209452817555,0.6836833463777118,0.6837178974900511,0.9999494658360325,0.0564123456889742,0.05636465986597055
1673,268,268.1277557118877,2.5556115195455464,0.15281983793662915,0.1533897895163561,0.99628429257564,0.013211612121315256,0.009531320294537642
1674,82,571.2995010979369,133.14909424570484,0.5100003043826101,0.5108930065526671,0.9982526631631139,0.23440365401043411,0.23306355771327608
1675,205,28.249381224230234,24.816453366363923,0.047971119303688504,0.04966924921750561,0.9658112425581297,0.8826324621519697,0.8784777680396837
1676,9,358.63353282821197,156.24584798405607,0.3520976817846635,0.35307945746806924,0.9972193916620183,0.4372391160174947,0.4356699351337538
1677,369,23.5325962271403,5.047170555699439,0.20007448368481814,0.20857649858167304,0.9592379057340167,0.24649533623389935,0.21447572154739575
1678,12,536.1168865601784,185.57508502291108,0.6871491659601551,0.6884308811666447,0.9981382078556418,0.3473640276286627,0.34614668867006587
1679,102,39027.75434683198,5601.473303084753,0.28528115849248464,0.2852884681920374,0.9999743778653267,0.14354732547439125,0.14352538076635313
1680,75,17244.118148832018,13367.921638461334,0.1109566613418836,0.11096309580610983,0.999942012574726,0.7752293445067981,0.7752163098793644
1681,5,2391.462394303742,1811.1711395853579,0.14434355045190975,0.14440390831109906,0.9995820205983672,0.7574502085800763,0.75734878537058
1682,83,2407.8490530392714,366.87213022199523,0.4192767063151469,0.4194508354640592,0.999584863983595,0.15271697068682943,0.15236508690564152
1683,6,174.5431581658962,26.080803984664108,0.6465765754325986,0.6502809691322821,0.9943033951852743,0.15426863836568058,0.14942323869191917
1684,19,4093.02794811704,1784.7003419603357,0.26561099902283675,0.26567589254479407,0.9997557417749283,0.43617199603672224,0.43603424276185815
1685,13,33.56329955830482,27.821384272564572,0.07587182046792999,0.07813237951505611,0.9710675770895918,0.8338724786372258,0.8289228007584408
1686,108,7665.628452023334,344.3243003889684,0.572967586276631,0.5730423313011079,0.9998695645672333,0.045042524566040805,0.04491794802526392
1687,20,17.170545987613917,16.444376885295956,0.027412883833347966,0.029009390074507802,0.944965880459418,0.9600359228163557,0.9577084442834964
1688,186,23206.158271530192,130.16411702518892,0.43190402935658845,0.4319226409692606,0.9999569098470263,0.005651881867246836,0.005609033408380956
1689,68,17.112917010412225,1.0338840846746853,0.3849866453305288,0.40748349055547106,0.9447907811080268,0.11228915163170601,0.06041542093879298
1690,45,10375.051079192446,7394.39760224543,0.1383361298833831,0.13834946342061852,0.9999036242215491,0.7127372008678473,0.7127095130235235
1691,20,750.6366377376938,580.1462086069754,0.13902441785678424,0.1392096265328166,0.9986695699094581,0.7731744029350839,0.7728722253092375
1692,20,2435.851095582483,40.822245982792175,0.6958310974382867,0.6961167598495483,0.9995896343433488,0.017162413435358206,0.016758925065996442
1693,12,48.77594215190306,34.38158120022793,0.12969912075875537,0.13235820052301359,0.9799099734376044,0.7108169061321363,0.704888100226814
1694,8,25.83286788951374,13.353863075658628,0.2854331306044644,0.29648235409080953,0.962732272818635,0.5349358531023105,0.5169330456367689
1695,116,67.55579747043032,19.649226715414873,0.6080205453546375,0.6170208172501883,0.9854133415860077,0.3012032166108396,0.29085922231937955
1696,40,13419.687442665843,200.74014092611588,0.7341806987980285,0.734235408022959,0.9999254881686,0.01503202736729877,0.014958630130825053
1697,364,63004.90724097086,1202.359449985756,0.3115948880275304,0.3115998335929105,0.9999841284723323,0.019099152804568257,0.01908358416253465
1698,9,233.04008310337952,87.52470973016415,0.5442066463856177,0.5465418954944337,0.9957272276323786,0.37824593358677483,0.37557792017838015
1699,290,914.3500049288194,279.6229757807552,0.7064215673195946,0.7071941615816514,0.9989075217188885,0.30657450622134136,0.30581612541525977
1700,149,72.71573887521707,26.527788634661732,0.26087390562261564,0.2644614907817279,0.9864343759520237,0.37343163148998104,0.3648149498994215
1701,13,19.23087957925879,11.378791995467859,0.3254002465685811,0.34232096229702524,0.9505706118173318,0.6118761147764881,0.5916937885535045
1702,4,887.4223542110426,565.1031291404205,0.5358001911896959,0.5364039625378563,0.998874409231983,0.6372004559060701,0.6367916319200928
1703,154,56181.43897892139,6142.533509354737,0.7407390314916993,0.7407522162560086,0.999982200843926,0.10934971177843805,0.1093338586727788
1704,507,6.609095220693721,4.983575702308629,0.08179783552060525,0.09417439128038434,0.8685783301435896,0.7863715105096433,0.7540481012748262
1705,581,1354.0164727202232,0.004294059781449421,1.1373799833515525,1.1382199878908374,0.9992620015917648,0.0007411674175187764,3.1713497346325793e-06
1706,13,2026.8558849693993,629.9273189065248,0.5432981825057085,0.543566232240539,0.9995068683098182,0.31113025515422443,0.3107903840514222
1707,62,2074.3138382937686,29.0990961709173,0.7973553926948944,0.7977397874658183,0.9995181451684327,0.014503394915760522,0.014028299688176801
1708,9,259.8598963839952,226.34408877580987,0.10648728849521204,0.10689707580744068,0.9961665245832654,0.8715179754620126,0.8710235474016391
1709,169,287.4336640313928,113.22997914034036,0.2954559143165988,0.29648382423561337,0.996532998312253,0.39603553047090817,0.3939342996649608
1710,23,181.99928069399803,54.32906789087424,0.4255525789793513,0.4278907892039006,0.9945354976467252,0.3023458216941992,0.2985125418282266
1711,4,3141.1902638499328,2551.6601571180668,0.10960264948157188,0.1096375415575925,0.9996817506528792,0.8123824284244484,0.8123227002463325
1712,84,427.9467559424945,132.74349453463023,0.4012523720132858,0.4021899941974511,0.9976687083276741,0.31179509503636427,0.3101869395931761
1713,561,2433.3604915087767,1575.8784293674016,0.13711096799519834,0.1371673143394715,0.9995892144965841,0.6477587994332253,0.6476140443910539
1714,63,12084.986316340415,53.2988885484957,0.4978462074409324,0.4978874028708989,0.9999172595455741,0.004492714713327357,0.004410339172368687
1715,13,5687.498714433215,4833.348559739808,0.1562804604475246,0.15630793833689116,0.9998242066931539,0.8498461197633386,0.8498197190751317
1716,18,37416.7533120882,451.25691596495255,0.6243003769089841,0.624317061958371,0.9999732747182424,0.012086693505963282,0.012060290538868463
1717,134,7428.090480284537,303.7385182567701,0.7549014039999062,0.7550030319224529,0.9998653940206202,0.041019626704707796,0.04089052483447068
1718,7,475.8472947475247,458.2230260599613,0.03555903962373197,0.03563376746187719,0.9979028925800458,0.9630400153640488,0.9629623434196164
1719,15,570.4828531023555,174.266554657003,0.3251211720436532,0.32569107729194524,0.9982501662218362,0.30668733752123944,0.305472029017735
1720,69,44.15409513293883,7.47564555365534,0.41466061982600094,0.4240518352631545,0.9778536144494561,0.18770491422100408,0.16930809092900037
1721,766,19.77175753698929,15.370211978712813,0.07539469128076737,0.07920794314468073,0.9518577088039252,0.7880995120206642,0.7773821801100887
1722,178,21.14456198222677,7.237247637302194,0.3474594318029613,0.36389199881924766,0.9548421865014715,0.3719760925464866,0.3422746540403873
1723,199,47.20809912488101,19.998406382717803,0.18816019034740053,0.19214595113496485,0.9792565975810508,0.435578393753347,0.42362236043047224
1724,8,199.71137769073727,188.75103383547003,0.040007451196881635,0.04020777754613368,0.9950177214091926,0.9453925134620156,0.9451190814364124
1725,68,104.06947248381255,31.83022862848512,0.7004401356132193,0.707170640908345,0.9904824876687746,0.3124621058085457,0.30585557770974714
1726,349,1841.9188898702291,50.27374436293055,0.8061002504964176,0.8065378920532363,0.9994573825220976,0.0278220298488237,0.02729422269320043
1727,38,23551.378256589596,9556.786906936486,0.24682182010190037,0.24683230024524536,0.9999575414427748,0.4058098423356615,0.4057846128076402
1728,835,54067.49802873595,6274.763544127073,0.8661027763910818,0.8661187953083236,0.9999815049421297,0.11607060992875508,0.11605426130116366
1729,746,31444.02245795413,0.5888339591400145,1.1044779325194631,1.104513057730749,0.9999681984644365,5.052735965650784e-05,1.872641962164297e-05
1730,370,845.5788676548526,193.88859308188344,0.5794588513036101,0.580144131971646,0.9988187751452264,0.23020725006017853,0.22929687637490093
1731,165,41.32850319213594,0.32558975661660694,0.41479318709286483,0.4248296789823604,0.9763752572241726,0.03131671702633897,0.007878092151146687
1732,156,323.5700201949851,56.219223776833715,0.43947152455270977,0.4408297206064971,0.9969190007154719,0.1762923875176744,0.17374670169676318
1733,26,302.7781553186629,186.5896534707637,0.24298201483673698,0.24378452324287023,0.9967081240619456,0.6175218664883338,0.6162586375307852
1734,623,179.37326870073503,25.7070840990947,0.6670542305148445,0.6707730356375172,0.9944559412422738,0.14806564349291448,0.14331613782421618
1735,507,25.067450825814266,10.84365491475282,0.25037713253020377,0.2603652695079122,0.9616379826826138,0.45434649494089385,0.43257908393246386
1736,6,8905.072762167183,325.32552304973836,0.9472519610537067,0.9473583332290222,0.9998877170637714,0.036640787894296416,0.03653260694644403
1737,11,4008.2069511345417,561.500862180267,0.48299366580470166,0.4831141669843297,0.9997505741129882,0.14030227649413013,0.14008779212892974
1738,132,6104.0795135423505,750.5993919967104,0.7211677704790851,0.7212859156914598,0.9998362019695595,0.12311050008922977,0.12296684378561097
1739,32,109.34712870651016,79.94024361927652,0.10872331984970694,0.10971761500071656,0.9909376889845526,0.7335056613439664,0.7310685206361266
1740,183,2076.418363300717,153.860115834123,1.006299656977359,1.0067842893976666,0.9995186333106195,0.07454450127612847,0.0740988032823712
1741,80,275.35654797486075,26.171795131757303,0.6998352895905634,0.7023768499592474,0.99638148613692,0.09832151736903673,0.09504693214757585
1742,17,9.101898016384453,5.575718430200201,0.33841933914706984,0.3756005225154043,0.9010087016936735,0.6509389047023563,0.6125885414408372
1743,732,2267.6686711430993,1962.702399271153,0.1435255724681385,0.14358886459467116,0.9995592128490511,0.865574785886083,0.8655155068495005
1744,136,53.51361004661966,14.11819148241057,0.4483114981921916,0.4566890211774964,0.9816559571243804,0.27732875275516694,0.2638243144148034
1745,411,19.49220465217793,6.483368842262599,0.5078847956590983,0.5339405858953429,0.9512009558281607,0.36518124668773794,0.33261341946449297
1746,6,16.03250791070993,14.115552607207357,0.08944306804926846,0.09502192499089011,0.9412887400233525,0.8874531388124465,0.8804332226636843
1747,335,6311.89406609993,456.53861157859075,1.0527488715152613,1.052915659623631,0.9998415940471154,0.07247683974859656,0.07232989128106239
1748,20,7833.2019249483255,782.3243232517651,0.3846649655028144,0.38471407249241946,0.9998723545793714,0.0999877627301433,0.09987286562345653
1749,379,10326.65369113017,6346.195389295504,0.14256317858326328,0.14257698394392004,0.9999031725859611,0.6145825159442311,0.6145451933520745
1750,400,1662.6596114414745,149.63050486863943,0.6198724616193213,0.620245281442064,0.9993989155034345,0.09054166118640455,0.08999467109140542
1751,183,11667.959184523865,1369.0115389854454,0.8388767083774961,0.8389486041302245,0.9999143025539652,0.11740648992949124,0.11733084743742278
1752,11,6.61139087612718,5.310372168967922,0.11193194578185098,0.12886211189652155,0.8686179679542596,0.8290695185238942,0.8032155817836976
1753,14,12.845861509864053,11.76354751570867,0.08521366165327984,0.09184721142242894,0.9277762529050589,0.9218312278088061,0.9157460950887336
1754,372,46.1952977403296,29.847811703363554,0.2366158773010952,0.24173795441446608,0.9788114484306881,0.6536204490771398,0.6461222930338578
1755,34,11536.30227821311,4976.079327326507,0.24803870479474008,0.24806020550604363,0.999913324625126,0.43139021647418896,0.4313409277359249
1756,8,415.45562542862706,70.32971073595849,0.7170880714577503,0.7188140995280597,0.9975987837864579,0.17127805792644551,0.16928332758378004
1757,8,47.69922494333172,28.193974520511087,0.41548933172243535,0.4241999414276465,0.9794657922962093,0.5994751365033492,0.5910782524036077
1758,9,4568.699256110385,471.6877393113613,0.4286480881923608,0.42874191097739517,0.9997811672182444,0.10343957289515403,0.10324333313918722
1759,28,22800.844764311598,976.5614982460513,0.6533589814942827,0.6533876365282627,0.9999561438993058,0.04287203550197332,0.04283005776060489
1760,5,22.90889895920847,22.322173016516505,0.01833305032147044,0.019133309223223666,0.9581745691549329,0.9754599346589321,0.9743887323552001
1761,20,13.515352253560561,4.785262435078196,0.3631689274109535,0.39003977181053473,0.9311074245714769,0.39856162868242434,0.3540612442282101
1762,892,29336.037680965248,6641.216576661052,0.7213724646852472,0.7213970546613214,0.9999659133955214,0.22641060930874837,0.22638423937429764
1763,74,13806.79944376322,5165.5073850643985,0.7710282008233059,0.7710840449169325,0.9999275771636118,0.37417311904816475,0.3741277916076163
1764,26,23.75619675810037,6.862644275759979,0.38851185771202446,0.4048659846654287,0.9596060731876033,0.3176030774269588,0.288878070241608
1765,198,16.727227114893,6.905654961373931,0.19284708110213827,0.20437601412717255,0.9435895984454398,0.4459611709229037,0.412839194084088
1766,40,40.52552494874973,13.398149723881295,0.334521698355516,0.34277629095557655,0.9759184260467701,0.34673010736532067,0.330610146094965
1767,8,28.503062911714334,9.943636529664435,0.5916404676071106,0.6123975514840142,0.9661052141266678,0.37093221684855,0.34886203494915446
1768,13,44861.5998898326,11144.364195414135,0.48763343398135345,0.48764430371036843,0.9999777097180623,0.24843331021348264,0.24841655720664313
1769,79,63.11201496479457,11.861132998964873,0.5471594264318029,0.5558290819124118,0.9844022996227912,0.20060409902928847,0.18793779608496583
1770,563,1078.6367953842287,509.41230248960557,0.18595333525816207,0.1861257318758687,0.9990737625799017,0.4727629742444601,0.47227417483764245
1771,7,47239.5224802664,41119.055539496956,0.07135569036628216,0.07135720087457309,0.9999788317328536,0.870440320736797,0.8704375781248386
1772,550,131.6516605791119,2.6709949120983474,0.5025983610192364,0.5064159988584279,0.9924614588642592,0.027673946153949643,0.020288349576064006
1773,15,1421.2444009905823,1197.1242372447196,0.101354482723041,0.10142579662419159,0.999296885964674,0.8424179672707695,0.842307091173302
1774,40,43.732424374614176,18.994981563663753,0.2546714190782248,0.2604948195121156,0.977644851268837,0.4469907867325649,0.43434549616897
1775,177,2311.975099817525,779.7969646452352,0.6290019127046486,0.6292739752855799,0.9995676563919429,0.33757257685430064,0.33728605671695233
1776,326,44715.6975528058,11675.384582705017,0.2186744317261733,0.21867932205426158,0.999977636988983,0.26111911705725616,0.26110259308640515
1777,6,5725.772264078468,3932.2296288640987,0.182396084831955,0.18242794011302793,0.9998253815668082,0.6868143951760618,0.686759697645252
1778,178,8457.932872227535,536.2607580223255,0.2432204359671772,0.24324919245409213,0.9998817817784931,0.06351401129878523,0.06340328850128275
1779,177,6110.627857626121,1843.0358822230187,0.6090427711221086,0.6091424405481172,0.9998363774720427,0.30172581269358884,0.30161154060836687
1780,8,246.10106083531358,97.74531232495875,0.711939139190116,0.7148320122918151,0.9959530728171723,0.39961508862469,0.39717550177635425
1781,4,23.99057746185006,18.149009624406546,0.2948855167349882,0.30717723906655425,0.9599849182546273,0.7662491854635575,0.7565057428595537
1782,231,70098.37158869061,18707.20236249362,0.18075034185287564,0.18075292037699472,0.9999857345368821,0.2668811708079831,0.26687071237916976
1783,276,359.3721412191077,109.06031886166953,0.3080082286768035,0.30886530187015665,0.9972250907170095,0.30540740049812126,0.3034746057156832
1784,12,10.588183751485646,5.355841056423228,0.3783657565109132,0.41410047413496515,0.9137051999307657,0.5484760332358716,0.5058318954534332
1785,13,9373.596044521377,682.8037197700883,0.672673496068197,0.6727452586546018,0.9998933287370196,0.07294220641855935,0.07284330544297024
1786,854,42516.64311067899,0.0008360888339038574,0.9293543047303043,0.9293761633305309,0.9999764803519942,2.353931252088919e-05,1.966497758836128e-08
1787,215,24.80518461656862,6.3030779483735,0.34147133618759995,0.3552374637720532,0.9612480974324077,0.28300816509890203,0.2541032467931466
1788,841,4901.92748456182,3.881476103591565e-06,2.372568321608361,2.3730523288339027,0.9997960402222653,0.00020396056939958496,7.918265041284117e-10
1789,242,152938.08608626144,1635.5714934505618,0.31408322517820747,0.3140852788407922,0.9999934614490934,0.010700806022389167,0.010694337396951947
1790,414,507.9869012466602,51.67336444701847,0.3974885673894773,0.3982710453754529,0.9980353128979338,0.10348667975149409,0.101721844244814
1791,10,5016.553016503278,2083.6025399641157,0.6316717735815672,0.6317976910734193,0.9998006996644161,0.4154619857742671,0.4153454639290274
1792,379,17.367041333884487,13.386393061333221,0.07153171215879224,0.07565053186927616,0.9455546496672195,0.783272210249369,0.7707929522350648
1793,467,7530.474007576325,1877.655126029971,0.6254124711704557,0.6254955220475373,0.999867223866272,0.24944056424281996,0.24934089462906098
1794,4,9.965150159313717,6.761267465101867,0.3141949583958042,0.34572433360568483,0.9088019784981597,0.7078122371638935,0.6784912778040371
1795,52,16.910747735128464,6.40758045979366,0.17110166980310076,0.18121959436108306,0.9441676017780828,0.41358298209209465,0.37890580358450276
1796,272,3645.577853260523,3439.3786411862416,0.02653138802453981,0.026538665715235894,0.9997257702864879,0.9434540491464039,0.9434385383129696
1797,4,1990.2676994574404,290.63971717790713,0.6629260451227653,0.6632591289814359,0.9994978073514312,0.14645932199742406,0.14603046477473225
1798,220,1445.433055823855,30.042996846342298,0.4871988872384176,0.48753594808345324,0.9993086441187349,0.021461758441811134,0.020784772235071556
1799,115,1283.439479222198,230.85616956771779,0.3083361530680651,0.3085763951348394,0.9992214502775907,0.18051155645583242,0.1798730468441125
1800,577,172995.34711306295,84.34166262227993,0.29259769084112053,0.29259938220274223,0.9999942195311249,0.0004933148245407997,0.0004875371738591185
1801,8,218.91003827561468,45.55830085973888,0.8031621812904272,0.80683109564272,0.9954526859808617,0.21171521420676148,0.20811426108463574
1802,239,267.51877807435136,8.518188401463458,0.5098564675170097,0.5117623392138942,0.9962758656687944,0.03544701219677055,0.03184145973893467
1803,13,5061.990721273096,490.59928073629624,0.5056112646171997,0.5057111484953928,0.9998024882811261,0.09709661893527684,0.09691824970649295
1804,723,10080.100993973003,39.02155131699933,0.3080946456370325,0.3081252102758016,0.9999008044854826,0.003969958374678149,0.003871146860565258
1805,97,1192.5745378796119,527.3359010148517,0.36593475097132766,0.3662415953146775,0.9991621805188835,0.4426501104434096,0.44218276029308057
1806,266,48.22812139662498,13.924893481252647,0.35516345134788463,0.3625276911536826,0.9796864074510763,0.30317820501425596,0.28872975098356446
1807,9,22.590223037803185,16.112665080377145,0.10930416583356452,0.11414272655298066,0.9576095572137023,0.7254134500108035,0.7132583442586515
1808,5,812.245073675778,232.05445103139238,1.045061582191568,1.0463482155194406,0.9987703583675213,0.2865734556226845,0.2856951165997727
1809,18,3839.310873434072,2482.2108017888713,0.23055195275671286,0.2306120031043813,0.9997396044140805,0.6466171316928677,0.6465250883861503
1810,282,430.2840427458048,0.3335559275320439,0.8197630709779717,0.8216682382385254,0.9976813424544219,0.003092059513822612,0.0007751993901598062
1811,136,320.8995401534657,124.25414343064,0.5692099052606988,0.5709836999660092,0.9968934407314676,0.3891094201965155,0.38720573850376105
1812,42,145.82487369969564,130.562055028108,0.051749462196954685,0.05210433623787809,0.9931891649227953,0.8960474592145399,0.895334600439846
1813,15,54252.11540350028,9807.73811883901,0.8632031662028641,0.8632190771615389,0.999981567878774,0.18079585007953616,0.180780750131012
1814,585,1026.4191700727908,3.6133620901416794,0.6200191127808107,0.6206231731207368,0.9990266874230805,0.004490243344218339,0.003520357175212764
1815,400,1113.7149277299775,16.342164401747354,0.4840294370572758,0.48446404507500596,0.9991029096541874,0.015557488260306339,0.014673561424786385
1816,243,775.8407790422938,1.9488290557391432,0.31418010225886056,0.3145850566138594,0.998712734929759,0.003795924641564934,0.0025118930434989495
1817,79,1796.043824161515,303.61609959666237,0.7873604736215283,0.7877988596247143,0.999443530543577,0.1695095553603394,0.16904715548263743
1818,46,20324.889341497375,209.33036006934083,0.3940732609222175,0.39409264962610174,0.9999508016607196,0.010347904415671984,0.010299212780556228
1819,159,86.58529640120051,41.196579191201614,0.3063122981945253,0.30984999236346594,0.9885825584762618,0.48177697541734,0.4757918596283794
1820,9,438.74898367722835,16.760969862003584,1.2095708985091815,1.2123277616439323,0.9977259754152521,0.040388882115165885,0.03820172920180259
1821,67,11.843790746365238,7.430838939935489,0.29633088339564734,0.3213508191359498,0.9221413662253103,0.6564136014378307,0.6274037678532908
1822,192,16216.867891536063,992.5520153587057,1.1496991699735064,1.149770065239945,0.9999383396136481,0.06126280112796024,0.06120491466029271
1823,410,1319.5499145589945,26.783551275597038,0.8328059686994383,0.8334370975104904,0.9992427397185255,0.021039379859318322,0.0202974900608806
1824,283,648.0622102999889,286.0667982334735,0.16528734217171845,0.16554239074505714,0.9984593156339546,0.44227932804899334,0.44141873062009396
1825,89,144.17527013623422,62.74621028244132,0.7064690588190531,0.711369129810087,0.9931117744843073,0.4390982721962295,0.4352078565426034
1826,32,26567.326099418533,414.0187724362967,0.5173655053256643,0.517384979077121,0.9999623611967022,0.015620809940502035,0.015583757691194904
1827,11,1011.5601877741151,187.130165861978,0.7483805834036592,0.7491204114360875,0.9990124043863522,0.18579652660010235,0.1849916279067369
1828,9,110.78220742185225,80.03374877175351,0.18642714786298767,0.18810997358204098,0.9910540324523549,0.7249252867761159,0.7224422642797649
1829,7,147.76527508637375,52.680194938174125,0.31087808069301176,0.3129819449500998,0.9932780012041159,0.3608382057372406,0.3565126847791593
1830,837,3945.4012636551006,3.2547453246488307,0.3426323898886601,0.3427192333722482,0.9997466045814425,0.0010781329723952464,0.0008249465915245254
1831,40,12.399449664363825,5.913942323751287,0.29360524345940847,0.31728413658828936,0.9253700692902689,0.5159870365526349,0.47695200059951304
1832,8,9.443121515033685,5.383985092835489,0.21234112655063006,0.2348274544256423,0.9042431902606495,0.6113100459134988,0.5701488733639666
1833,5,205.99410219451912,71.02777373771515,0.7194963171380351,0.7229891177059786,0.995168944480069,0.3479701739039323,0.34480488995089775
1834,78,21.52729471631975,10.789374192753458,0.4651648879321961,0.4867730321073933,0.9556094057190294,0.5233373266170626,0.5011950797781423
1835,628,3271.8814990708875,1102.8480268097362,0.3370776269618031,0.3371806495275829,0.9996944588429847,0.3372710032804729,0.33706845040778854
1836,15,171.1831097130541,103.67958188875492,0.31712253185188355,0.31897506585704016,0.9941922294139853,0.6079549966498172,0.6056647882057287
1837,12,10871.255810163637,580.9605358917553,1.2594727716011904,1.2595886250769612,0.9999080227675414,0.05352711949140537,0.05344005752754065
1838,802,30.162819460930457,1.9815550371878754,0.22505822260886316,0.23251966774665533,0.9679104773798237,0.09567667780914109,0.06569528554035077
1839,8,158.54410122040107,29.14605243850052,0.4875580346604683,0.4906332549361359,0.9937321405658328,0.1889512191795513,0.18383561554259878
1840,21,1185.2056570942511,230.91061241419143,0.6287086106757144,0.6292390744031803,0.9991569758633171,0.19550624381802686,0.19482746393593084
1841,262,487.0614198393999,5.724739450643311,0.8266703131369088,0.8283675740560954,0.9979510775501798,0.013778469629613696,0.011753629455050957
1842,111,344.68975867594344,70.67773758284031,0.8149855861258176,0.8173499893771831,0.9971072327863281,0.2073470092298351,0.2050473964017227
1843,395,15.391872772600392,6.120508857211784,0.2974231364206451,0.3167465248617254,0.9389941580274137,0.4343926381074633,0.3976454943226347
1844,280,1288.7716263083837,801.1334619511643,0.13828444786980534,0.13839174728969242,0.9992246689416929,0.6219189859580417,0.6216256205499865
1845,798,948.1915961301277,125.71499974044957,0.6367323555362446,0.6374038784205803,0.9989464719198138,0.1334978104073709,0.13258396325545657
1846,342,413.4651959457442,124.59613978029694,0.30836933314448217,0.30911515005039875,0.9975872521751361,0.3030318130662488,0.3013461374791186
1847,224,615.7494196635619,12.515477340484823,0.14423763331486716,0.14447188060558114,0.9983785959611512,0.021914049546828185,0.020325601520376796
1848,619,14922.215794486337,87.70298134473721,0.44468296847346206,0.4447127685363078,0.9999329903143015,0.005943958900434194,0.0058773430536464225
1849,13,3094.699195619631,2865.1301708572214,0.044665726917406716,0.04468015989589473,0.999676971198813,0.9258425931410756,0.9258186304221905
1850,22,51919.467380826194,6308.690729283605,0.5285945052484753,0.528604686294852,0.9999807397727627,0.12152607724047035,0.12150915730721455
1851,9,183.59065936473448,125.33080907663738,0.19853136134722016,0.19961274185990074,0.9945826077904407,0.6843835409191485,0.682664409563703
1852,97,400.2220481997084,87.13797009204903,0.3818766910557269,0.3828308531084511,0.9975076145379174,0.21967379531490336,0.21772406214004408
1853,69,5512.612292826435,22.331353047374385,0.7890238910448458,0.7891670217148677,0.9998186307003669,0.004231591161701736,0.0040509565812263245
1854,4,638.0046192403282,183.35926419863284,0.44939570863986505,0.45010008552850717,0.9984350660857684,0.28851006494727033,0.28739488503540717
1855,23,222.4255205303049,121.89837138270622,0.36356186944932156,0.36519640252170693,0.9955242355590066,0.5500641604907286,0.5480412998116279
1856,71,2688.3125813076153,2353.6735219921043,0.038873692724418665,0.03888815298212633,0.9996281577653146,0.8755670643712228,0.8755207777390455
1857,21,188.14806648086156,111.47058982067125,0.2223818705876518,0.22356382198766925,0.9947131365463834,0.5946166509296635,0.592462053454108
1858,7,18.129921244617886,15.952603052702973,0.0981711353389547,0.10358600361192624,0.9477258694788752,0.8861825846498196,0.8799047076632349
1859,6,692.8785355720634,165.17872984945134,0.8544705759855252,0.8557037944099929,0.9985588255743122,0.23949253555227276,0.23839492980263033
1860,891,3343.166278257707,84.30356545236761,0.18026963688261544,0.1803235587105709,0.9997009718067842,0.025508171052071704,0.025216683358119555
1861,5,256.37213255316175,160.8893212800146,0.3542248597347555,0.3556065421204621,0.9961145754589673,0.6290087418325113,0.6275616607692426
1862,41,2405.233739641065,403.6859730254086,0.40290936288311663,0.4030768764832472,0.9995844127760638,0.16818232009570905,0.16783648357005462
1863,5,1214.382537897255,1131.7926841496674,0.059751459114333355,0.059800662274992915,0.9991772137834645,0.9320462067107883,0.9319902492252609
1864,40,56.154256874304735,1.4447018151910462,0.31024618930564263,0.3157710810337995,0.9825034904714232,0.04277374860401919,0.02572737839670563
1865,9,27.02893918431068,23.579034932274332,0.1330197217064866,0.13794110322277267,0.9643225883996439,0.8769163460182807,0.8723625729995762
1866,20,17.088497143553194,12.625544683905463,0.17352408596360003,0.18367852403418622,0.944716247454731,0.7532712405995352,0.7388329458022923
1867,270,1115.247497763912,366.5293541135904,0.3656469603019178,0.3659748220196397,0.999104141328869,0.3292543587778088,0.32865292668083745
1868,67,3835.4395467446593,3389.454972734628,0.03655635326629524,0.03656588446938702,0.9997393416505552,0.8837503970606122,0.8837200877306065
1869,8,2111.6285409790803,770.1913164127861,0.6410408519000051,0.641344428423745,0.9995266560208749,0.36503876637744553,0.3647380689672239
1870,27,25.35084309129958,15.50454322538099,0.1346249785661014,0.1399354519922221,0.9620505500892235,0.6263383364318388,0.6115987215708086
1871,79,15.156461773430227,4.307674401285676,0.4043991680722922,0.4310808022239528,0.9381052600486739,0.3285171268138858,0.284213721228603
1872,20,84.64373442052096,53.47208903714374,0.18172554922183612,0.18387249548390677,0.9883237226077755,0.6360312217316363,0.6317312132223222
1873,276,82.98644622871737,38.766798782550495,0.31041898753516195,0.3141595861707466,0.988093316899292,0.47349067103345405,0.46714614909169694
1874,11,13.340252175339238,4.712478277325088,0.41462295571880303,0.4457035492689965,0.9302662193263457,0.39835270729400196,0.35325256339880634
1875,24,144.96562114753962,137.2161530694955,0.024801423523160466,0.024972508386777312,0.9931490717325203,0.9469089500861912,0.9465427180823993
1876,528,881.3078400669498,135.2613779065112,0.5998959200658313,0.6005766083483959,0.9988666087338357,0.15443745563472683,0.15347801501032363
1877,10,7509.314348791694,2764.2104877398097,0.8607874492012356,0.8609020785014913,0.9998668497810399,0.3681883819130279,0.3681042448548704
1878,11,104.51055797644094,22.044642971429003,0.7195704579904728,0.7264556040649267,0.9905222755032411,0.21841077720937233,0.21093221008731355
1879,60,1027.5691507731556,634.5946374976203,0.11560340798588557,0.11571590981400963,0.9990277756247617,0.617940599346049,0.617568790402226
1880,628,9.663644117689426,0.4405805091321101,0.605086015724345,0.6677006990006805,0.9062234270983267,0.13509270313535668,0.045591549498974385
1881,19,270.4527336850858,150.00940019435163,0.36240865744015427,0.36374866481409396,0.9963161174086383,0.5563009005079267,0.5546603214187588
1882,969,220.1781021595622,4.914705805546766,0.4545433456162794,0.4566077804586093,0.9954787567564959,0.02674182366064332,0.02232150135432223
1883,29,583.7791294179879,143.12234799255643,0.7450850390817887,0.7463613523337279,0.9982899526510203,0.24645603911342875,0.24516523592620648
1884,287,83.95539815773228,53.644657334958396,0.2431386941236043,0.24603474011300927,0.9882291176112985,0.6432158346607063,0.6389661476463111
1885,638,1847.8194033755908,821.6117290861492,0.17780675834205883,0.17790298352403128,0.9994591142876508,0.44493893107364485,0.4446385439969033
1886,106,187.66391574293496,1.5340105646038356,1.2340711902509296,1.2406471544439681,0.9946995693582309,0.013431347243192839,0.008174243612741982
1887,278,6074.504195512663,23.97632401631179,0.616739489309608,0.616841018499392,0.9998354046071206,0.00411098786414454,0.003947042136216401
1888,4,1113.5160720382942,370.9524413163418,0.5448206770777207,0.5453099566586435,0.9991027495923223,0.3337344796079008,0.3331361357338223
1889,39,340.9491011479122,46.582023646536435,0.3193934428196787,0.32033022030858926,0.9970755881602175,0.13914943331275065,0.1366245679771656
1890,6,184.80929108763914,148.95840822878822,0.2663358120304761,0.26777695067920443,0.9946181378006101,0.8070554887271949,0.8060114691860923
1891,583,901.9607316471984,2.2462387718460177,1.0347870396585213,1.0359343036173065,0.9988925321279745,0.0035951051447433006,0.002490395305507195
1892,7,83.72144139487044,50.23584241206684,0.2842926675302301,0.2876883647709091,0.9881966125276458,0.6047565004621012,0.600035565263748
1893,163,40323.42397326857,2098.079937538797,0.6536070538914859,0.6536232630074162,0.9999752011336687,0.05205480278975086,0.05203129424053046
1894,34,2375.2943555040956,1180.220750959551,0.20455312002288453,0.20463923697910474,0.9995791767136573,0.4970851983145718,0.49687347095517315
1895,25,22893.985333800087,4131.137692124323,0.41745312906400384,0.4174713632474794,0.9999563223131432,0.18048221616565127,0.18044641996101998
1896,148,81.04488988139978,41.24505884272892,0.18424695962939527,0.18652035354601387,0.9878115504640743,0.5149017678468018,0.5089162179513909
1897,87,3855.7212747393487,2162.7673777605187,0.2677865578179522,0.2678560095595945,0.9997407124008287,0.561038048544681,0.5609242016350687
1898,147,2191.786748218018,1142.4146730744012,0.16887388459415537,0.168950933095672,0.9995439593016453,0.5214436260177167,0.5212252852624532
1899,22,23.14046673509935,20.242163684525377,0.05658190809034188,0.0590270579111326,0.9585757802045295,0.879940057399141,0.8747517462049355
1900,842,3815.663873881494,52.68964283350471,1.3371297695483886,1.3374802012986018,0.9997379910746544,0.014067165620980685,0.013808774717859526
1901,402,489.47329372109834,20.600067908187242,0.6795125855221681,0.6809008381484888,0.9979611530071021,0.04403923350099844,0.042086193817808475
1902,27,21551.76518342001,21.8014754655047,0.21696298298842698,0.2169730500516648,0.999953602241221,0.001057937358452979,0.0010115865350220497
1903,60,43.64482100563614,17.063197708372737,0.45743719699404967,0.46791810140502155,0.9776009853444422,0.4045978301960796,0.3909558411562567
1904,195,19.38015408224152,14.159972687475513,0.08153622393438535,0.08574342598181896,0.9509326575272873,0.7438595717333328,0.7306429364486127
1905,33,18.579750337184862,9.534975421815112,0.3428297744237981,0.36128157104119774,0.9489268257879239,0.5380546350383041,0.5131917947644402
1906,111,437.651714481537,125.69476924429584,0.46378004400285344,0.46483974519596394,0.9977202870364199,0.2888277078639538,0.28720273469784036
1907,353,29.229439885755845,11.992960683905435,0.2505264260193165,0.25909745669929224,0.9669196649432061,0.4298114928033363,0.410304156726242
1908,24,10711.231416684479,302.57825255029405,0.9574972676064952,0.9575866595008872,0.99990664876802,0.028339403877838735,0.028248689695843876
1909,461,11304.929919973501,699.6677514890721,0.3079246126068613,0.30795185068925435,0.9999115508403925,0.061973473783102515,0.061890498786100576
1910,176,6236.5298263182285,2005.5359051780795,0.48996671701147293,0.4900452810095067,0.9998396801253306,0.321687584837163,0.32157882043868286
1911,6,338.6037565108768,330.7186164322194,0.021467954183988495,0.021531355589824067,0.9970553918181754,0.9767813520095593,0.9767127802718157
1912,13,2171.7648076233545,821.3629201320517,1.4458915668838668,1.446557334908935,0.999539756904893,0.37848685566275386,0.378200676817717
1913,84,9583.799329789763,4.044073583914242,0.8299201270878404,0.8300067232381273,0.9998956681339289,0.0005262576096128745,0.0004219697684345146
1914,249,14.908219375543037,7.786054622754312,0.6943791064316835,0.7409560375151376,0.9371394135073736,0.5522965465425884,0.5222659008846724
1915,4,17796.43471191403,6091.429650169832,0.4285085620923035,0.4285326404298485,0.9999438121270742,0.3423206629937186,0.3422837073142439
1916,5,4155.511702882727,4094.4219231652282,0.01017157168800475,0.010174019418252049,0.9997594136450233,0.9853026325716513,0.9852990957346792
1917,10,647.7133316794329,350.38159170407175,0.2833576442651553,0.2837951181141657,0.9984584870524996,0.5416592731251435,0.5409516441410581
1918,79,35.16194865214691,31.11283148911685,0.04113398362963891,0.04230382731596509,0.9723466229760093,0.8880282364764193,0.8848437780542965
1919,16,16922.114755554612,5278.309925792976,0.4720478832797622,0.4720757786043182,0.9999409092230098,0.3119585254871694,0.3119178661792489
1920,17,23.989061954639133,18.556228401942036,0.19747965537774945,0.20571172613362823,0.9599824914670576,0.7825915369468877,0.7735287205906579
1921,15,499.16146693202165,45.25241427381624,0.5656306356100663,0.56676379726833,0.998000645659223,0.09247496524977711,0.09065686610777379
1922,382,86.70936593453574,39.463786998708066,0.5611854936206887,0.5676575221907554,0.9885987090506804,0.46133940848357413,0.4551271546432784
1923,127,4889.481197804666,1225.6393429070067,0.17449069369446848,0.17452638064910345,0.999795521144126,0.2508218094075577,0.2506685869775525
1924,343,1687.0062161178196,564.5666082785433,0.1855913399362465,0.18570135218051867,0.9994075851199767,0.3350500743885103,0.3346559146520147
1925,22,77.16649743975931,11.01321506897667,0.2682383006609667,0.2717143985734107,0.9872067953310734,0.15368751910925665,0.14272016269203136
1926,607,60970.15758545343,3026.212545742468,0.16002598301966864,0.16002860768047578,0.9999835988024568,0.04964991096814445,0.049634323832951306
1927,587,21682.87495245644,18223.23847320302,0.04626704003753878,0.04626917384314061,0.9999538827814591,0.8404511884135589,0.8404438301268032
1928,101,2042.9007104642287,135.4009162337416,0.6680096713064578,0.66833666207399,0.9995107394430265,0.06673558824819872,0.06627875527194521
1929,15,29778.734261425798,3825.694999808029,0.25729572681541485,0.25730436706602305,0.9999664201167406,0.128499971363573,0.12847070551160678
1930,5,22668.20894811698,19111.055974648913,0.11513907193306605,0.11514415125239813,0.9999558873005981,0.8430843801559498,0.8430774578790198
1931,896,3706.0652861454655,27.457346705849815,1.1892197259445394,1.1895406106656994,0.9997302448371389,0.0076765161952243935,0.007408759583511583
1932,21,10502.796795583887,506.6094191752986,0.38465849946783864,0.3846951238553187,0.9999047963303693,0.04832627944484921,0.04823566798781757
1933,326,6767.38525664429,1654.5110873763977,0.4593749386196631,0.459442819332996,0.999852254273053,0.2445946890731788,0.24448306467434838
1934,134,39.55093251114665,27.42130121219696,0.08923422671294644,0.09149041186579454,0.975339654649739,0.7008791031965665,0.6933161741374569
1935,654,196.47693501102836,128.53547565778902,0.14559897371212913,0.14634002239402125,0.9949361174764834,0.6559524313589076,0.6542013476063959
1936,100,126.98487875612109,14.460944352985598,0.18531266317289402,0.186771991755857,0.9921865769634745,0.12080289877405656,0.11387926259124402
1937,4,1980.0698566406072,1126.0671710696995,0.4281734281121737,0.42838966968904335,0.9994952222423416,0.5689184393431335,0.5687007290642708
1938,177,26174.519303869653,5531.884523533596,0.9851618210138819,0.9851994592149729,0.9999617963644428,0.21137630391598927,0.21134617447265822
1939,9,855.4969312851154,794.3786464519239,0.03492549450227216,0.034966319306225346,0.9988324534934417,0.9286415600561608,0.9285581483718703
1940,754,1414.9905027688887,0.0967084755467148,0.7346100395402396,0.7351292020633116,0.9992937805740613,0.0007745168300226336,6.834567112462821e-05
1941,76,12.467369160725774,5.086681898502959,0.1312689155990461,0.14179791445251427,0.9257464477237135,0.45195775253961623,0.40799962148604924
1942,137,343.34832743850154,155.5684280572122,0.6319911668344672,0.633831837419786,0.9970959638240771,0.45468037908554776,0.45309213887193517
1943,340,1058.1918715540091,182.4455142458665,0.579763628693454,0.5803115100789367,0.999055883993395,0.17319384633939994,0.17241250774109224
1944,308,6814.928168989309,63.19242814890888,0.31870036000884583,0.3187471250446769,0.999853284838806,0.009418002443301507,0.009272647720112458
1945,5,534.1801633724583,185.72871869979085,0.5195353255831329,0.5205079100428461,0.9981314703562657,0.3489081462270811,0.3476892843179036
1946,58,1464.70039703012,13.696983283953136,1.16296503558796,1.1637590307544432,0.999317732326452,0.010027276593315348,0.00935138907023282
1947,17,95.701403266086,14.24224894049452,0.40224144100241727,0.4064445292255234,0.9896588884315528,0.15762179684769997,0.14881964584046584
1948,5,48.56218756277646,47.90804877892951,0.007563055349424109,0.007718794942901967,0.9798233280415005,0.9868016563429852,0.9865298740300499
1949,35,356.8634811553379,119.35872994423583,0.378264615738912,0.37932458582751377,0.9972056383155619,0.3363258233437674,0.3344660808604301
1950,128,30.415078197293568,19.382360930419534,0.0961336211753779,0.0992943436483496,0.9681681518116945,0.6488082188563672,0.6372615846880919
1951,6,24.351145596071518,20.752982989412764,0.09426797735139189,0.0981391700630234,0.9605540508530336,0.8580670607952197,0.8522384668736394
1952,90,116.9156698052853,90.80838913172406,0.08293790079957486,0.08364728304865836,0.9915193629341094,0.7785936278301915,0.7766999007315182
1953,30,34099.087845880524,11639.430439118065,0.6649444161955115,0.6649639165533862,0.9999706745623496,0.34136071706701754,0.34134140161535764
1954,5,33.305949399629284,26.296802219450267,0.16205113763487322,0.16691666888547546,0.9708505370788308,0.7956871241623542,0.7895526983459288
1955,19,2101.2779361287817,536.5457359425831,0.9280255144388915,0.9284671625895153,0.9995243255029159,0.2556967976044315,0.2553425830621293
1956,121,23.198863344842398,19.864233581139178,0.05857375073786581,0.061098605075217985,0.9586757449823307,0.8621989092552175,0.8562589160453596
1957,12,26.968930176528144,17.328293576199155,0.28939361366596894,0.30012424375665886,0.9642460403852269,0.6553090683311324,0.6425280299505718
1958,186,4556.348199215912,103.85278276517757,0.8347218778624418,0.8349050776183353,0.9997805741505177,0.023007410928841777,0.022792986449773366
1959,73,27.25310572595929,15.110966285176792,0.12544279637984154,0.1300456771539162,0.9646056610660968,0.5702370012502324,0.5544676792848312
1960,8,143.44869100903367,90.04012883385501,0.24490468910904256,0.24661195243355497,0.9930771266045088,0.6302592858260062,0.6276817738837697
1961,12,57.55995248596093,20.907182968931924,0.4262244488558036,0.4336293272555861,0.9829234834123246,0.37409837335820784,0.36322446537861997
1962,120,34664.34175479401,651.7649204760085,1.2056257776518118,1.2056605576509871,0.9999711527436519,0.018830476996111973,0.018802172130843092
1963,55,68.51799859372278,36.40686506579201,0.12793119368058628,0.12979831175622,0.985615236050678,0.538088924055557,0.5313474680086088
1964,9,578.9641087140459,266.70909072012404,0.3182004524912154,0.3187500555628082,0.998275755370074,0.46159596205654047,0.4606660183349178
1965,10,8.120383437302154,5.638512000970809,0.16792195357571382,0.18860102062621048,0.8903554870390621,0.7278764151317861,0.6943652408172611
1966,93,2964.671585022095,39.325384033156816,0.6873264006727254,0.6875582396407056,0.9996628082471947,0.013597386924707775,0.013264667908524423
1967,10,10987.58773777342,1058.80955351252,0.9624986570657399,0.9625862557889572,0.9999089964949214,0.09644638408531885,0.09636415005565932
1968,616,226.91265608150087,101.74115965977171,0.20702131343888833,0.20793365264911087,0.9956123542360787,0.450791813961537,0.4483714633494442
1969,240,58.38858168235376,5.00283734327568,0.42861114883360857,0.4359518160751138,0.9831617463884118,0.10107729757518885,0.0856817754281509
1970,14,660.9291520272334,148.04909697017666,1.058542661178962,1.0601442589567753,0.9984892643012664,0.22517379165685156,0.2240014629647874
1971,61,21.760326333767082,2.0081132677679188,0.4386362669275046,0.45879388130329823,0.9560638988503252,0.1321647688023304,0.09228323311731695
1972,15,3535.8155926198096,127.88084049831016,0.7064335017217815,0.7066332953714267,0.9997172597853032,0.036439796512784776,0.03616728224323452
1973,8,173.87991211214623,52.842697217097374,0.46564805085600947,0.46832603731919387,0.9942817903558944,0.30788383049145956,0.3039034042242657
1974,36,1699.1442283492374,51.86849936316209,1.6476302553556306,1.648599937756845,0.9994118146076519,0.0310964790407782,0.030526248742023317
1975,8,40784.595716246884,36119.370780917685,0.07033232020155922,0.07033404468402536,0.99997548153993,0.8856158687055584,0.8856130641140383
1976,221,47686.674640951576,19351.731747914087,0.29922069474576124,0.29922696946919286,0.9999790302209632,0.40582250851239904,0.4058100484804098
1977,143,4548.064598564962,3771.305735641479,0.07925528162442078,0.07927270778007597,0.9997801745879106,0.8292486628638956,0.8292111191277777
1978,67,133.57075557210902,35.792434373802415,0.29745611479094464,0.2996830701863594,0.9925689649601163,0.2734058690343563,0.26796609946912847
1979,398,2030.033035550533,129.43911562857227,1.1014503124138886,1.1019928899449558,0.9995076397170817,0.06422303987449193,0.0637620735041236
1980,262,12766.53474109847,4330.859443466953,0.16928868831997723,0.1693019486675777,0.9999216763439238,0.3392870692196179,0.3392353157137387
1981,4,1040.1610875598474,461.86702134720565,0.5213220217035752,0.5218232152474778,0.9990395338320376,0.4445681142694448,0.4440341278587115
1982,5,69.34520191830511,23.20865038800574,0.8615149158863347,0.8739384851031538,0.9857843893722649,0.3441407477388477,0.3346828583086054
1983,9,10192.375338259691,4710.0700676647775,0.5376897474380654,0.5377425015537248,0.9999018970687513,0.46216978295523997,0.46211701505774844
1984,15,12080.464538350849,9558.73700110433,0.10529710465175549,0.10530582096430435,0.9999172285779736,0.791273025779146,0.791255747720545
1985,88,1791.4215210521645,1266.8562323062883,0.142746992809205,0.1428266764521286,0.9994420955181275,0.7073426743738535,0.7071793083976234
1986,10,638.0264843481593,130.69463474385876,0.6467957363254849,0.6478094806639921,0.9984351196319817,0.20608634848396654,0.20484202137374144
1987,474,117.57085106610752,0.08182983411579116,0.6268443090488935,0.6321759393242959,0.991566223983309,0.009123910509106764,0.0006960044379518868
1988,22,2218.8354274460144,134.068881906286,1.182849167489695,1.1833822620819563,0.9995495161543799,0.060846349344774044,0.06042308512290418
1989,90,109.06463361867986,77.09481519081669,0.08288390461194022,0.0836438567784851,0.9909144293936915,0.7095359574027842,0.7068727288844292
1990,571,784.7282005661372,349.5120295266393,0.14526112090067936,0.1454462310073327,0.9987272952666335,0.4460983190804231,0.44539246744858424
1991,653,49885.06495262673,773.8228964067386,0.6909278150811786,0.6909416654753947,0.9999799543218941,0.015531850370289441,0.015512115643060667
1992,28,1436.025612640185,168.02289055332213,0.43042239824974965,0.4307221299498399,0.9993041181791028,0.1176199568515579,0.1170054970289882
1993,295,1861.8544472420092,37.08184651591743,0.3454968025646355,0.34568236852177914,0.9994631894072666,0.020442738600591318,0.019916619460155587
1994,6,14.400827995870193,7.648053722069229,0.28517039466880223,0.3049727556685017,0.9350684261737,0.5615317387083504,0.5310843046151585
1995,140,122.16016882836755,44.96774490104919,0.5765272485445797,0.5812466857725568,0.9918804918058083,0.37323548139259627,0.3681048031640159
1996,53,500.8859837577388,67.7334419883442,1.0251472260222851,1.0271938938454317,0.9980075155864833,0.13695031184915885,0.13522726565474133
1997,73,4304.361509437534,3409.4871796010175,0.08538956246808989,0.08540940038418521,0.9997677314674253,0.7921488525702397,0.792100564073334
1998,41,28960.600619920926,22302.627024606005,0.15703360200224112,0.15703902432079253,0.9999654715216497,0.7701103028561445,0.770102364840626
1999,867,21486.929126395236,1012.8493072783057,0.36642352999190336,0.36644058331431334,0.9999534622441223,0.04718227155882222,0.047137927496307
2000,8,45765.90912285345,15859.175968994117,0.5059263626853895,0.5059374173409701,0.9999781501521696,0.34654243148516284,0.3465281532247494
2001,132,43.54470253396913,29.09186734467093,0.11610126910501521,0.11876752383518463,0.9775506414205501,0.6755431203457543,0.6680919986070964
2002,106,427.32712345211354,245.95135424021822,0.20163041743539278,0.20210225834220563,0.9976653358023644,0.5765484853023255,0.5755575547213765
2003,16,9418.304088853001,952.2100621970584,1.1223476006485258,1.1224667672829922,0.9998938350444397,0.10119750389257598,0.10110207243404289
2004,350,15.899310427551729,0.798177647133387,0.2775334356278157,0.29498912572786434,0.9408259878835262,0.1064053858790436,0.05020202924966068
2005,248,177.63960854030628,89.27983721252096,0.150973599189822,0.1518234862191304,0.994402137307783,0.50537413259138,0.5025896980191973
2006,326,148.683006975967,43.06655738493638,0.3507958556882738,0.3531552097450893,0.9933192149182268,0.29439919918238733,0.28965352706310027
2007,620,315.9484814508303,39.78613895994973,0.3204465334077229,0.32146077007040996,0.9968449131056802,0.12868381250243371,0.12592603318507
2008,130,12672.025621750918,9745.137356200623,0.20442836198957928,0.2044444942456283,0.9999210922450685,0.7690458180304766,0.7690275925163509
2009,50,32.59558592378198,2.4333908319983455,0.3664919275909855,0.3777355336561733,0.9702341848637885,0.10219767679562576,0.07465399878647143
2010,12,93.20774698244323,25.862035347600496,0.6555859450430473,0.6626195443549858,0.9893851617087673,0.285136161388156,0.27746658603894714
2011,945,5776.06945299319,3460.3014509195586,0.17032938834878839,0.1703588771542356,0.9998269018560124,0.5991448569354146,0.5990754576412533
2012,38,13638.737027755844,53.013007724069915,0.40225602758932405,0.40228552123135036,0.9999266848035295,0.003959974273269161,0.003886944048864972
2013,73,57924.272618703464,2502.9035928427043,0.7728314768402902,0.7728448189409657,0.9999827363781855,0.04322644468718857,0.04320992702521272
2014,233,1036.5198551476453,803.2077843755187,0.09365731428798726,0.09374767176046872,0.9990361630237354,0.7751251991809593,0.7749082474267771
2015,706,5486.24853656888,0.0022149011260914806,0.7750686289691755,0.7752099037626529,0.9998177593026203,0.0001826443425055367,4.0371869982337474e-07
2016,9,1682.280311114145,427.45076358741665,0.6178508356525723,0.6182181055014618,0.9994059218815798,0.25453322346759333,0.2540900947145505
2017,91,661.8468555339354,64.27876943863215,0.7047040220618439,0.7057687759640036,0.9984913558966882,0.09848243058503899,0.09712030645937902
2018,25,120.10096006838863,67.54997362499887,0.38120223753668525,0.3843762524431407,0.9917424271497496,0.5660564010911808,0.5624432443049093
2019,89,25.461069465821478,10.110267411370058,0.45439065593509137,0.472237143355624,0.9622086325236533,0.4198721985035665,0.39708730322353175
2020,292,45.794653654974724,14.441760789149663,0.3227507549243898,0.3297985373436227,0.9786300373676622,0.3299898510416276,0.315359100604986
2021,8,105.11300038691678,44.48570550861315,0.5581981311747712,0.5635085887691703,0.9905760840203016,0.4286534669904718,0.42321792114070605
2022,195,278.2593652764184,136.81414660629787,0.12061118023074563,0.12104462900294034,0.9964190995026786,0.49349874612042366,0.4916784973989604
2023,30,37.87851666524865,6.829486093451795,0.3333321647968025,0.3421321969559977,0.9742788540877169,0.2013833542278669,0.1802997238198996
2024,135,446.3392438395508,22.29823426680357,0.6174968572094226,0.6188803269932972,0.997764560087738,0.052081802765241075,0.049958041051884956
2025,4,101201.45384116936,815.633981209273,1.716144867466548,1.716161825176169,0.9999901188166685,0.008069310083043308,0.008059508537193248
2026,177,198.91640128810263,61.9459292580433,0.49550578647172583,0.4979968117630696,0.9949979091582439,0.31486125626746825,0.3114169010544448
2027,10,337.85749596899876,274.62942660862467,0.13589290683760383,0.1362951264374616,0.9970489069538202,0.8134080841872281,0.8128558042525249
2028,315,2921.1960732072366,1109.4039544346133,0.28243070618182,0.2825273894235826,0.9996577916146118,0.37998954437574645,0.37977729896664475
2029,11,7916.561492703651,2774.0261244380067,0.486600153074409,0.4866616191734879,0.9998736984864693,0.3504899996034516,0.350407955145009
2030,220,17.24523583421517,4.9475911639397605,0.48056252898969865,0.5084289225612059,0.9451911715975352,0.32598050351238994,0.28689611504897844
2031,457,142.6910916450328,0.022131858979613606,0.7156688878775087,0.7206843999156244,0.9930406263286636,0.00711339754801666,0.00015510329849231365
2032,78,13691.114781738488,989.249431358141,1.1127312391780968,1.1128125131471578,0.9999269652631501,0.07232260663479546,0.07225484901182946
2033,422,52.62935849385989,4.836295627860559,0.5101287664110056,0.5198216219009792,0.9813534968889385,0.10882650458197753,0.09189349378873381
2034,4,117.73557266049139,43.37509443582393,0.6870097009886146,0.6928448932373473,0.9915779241419136,0.3737304115482613,0.3684111221075272
2035,770,90.19174461370795,75.47377608162823,0.09255264264792461,0.09357881907952961,0.9890340950901197,0.838604156610605,0.8368146819299603
2036,658,131.4250217812505,61.2984935439971,0.2738017789007277,0.27588510957238976,0.9924485570283545,0.470443521216907,0.4664141783139664
2037,541,1222.8239860115352,601.4563445109084,0.2213157284631138,0.2214967158586791,0.9991828890335295,0.4922736859197576,0.4918584779095384
2038,254,34.41500856660618,18.051675872140173,0.22917210374004296,0.23583117817544547,0.9717633839303108,0.5379548570857763,0.5245291698011142
2039,5,5283.70195686594,858.9900677113793,0.995478819449573,0.9956672250083226,0.9998107745700396,0.16273199032427388,0.16257352794003818
2040,489,2028.7324615814118,387.70712784189226,0.8497265389540758,0.8501453849848095,0.9995073242316769,0.19150658286217756,0.1911080614048398
2041,553,1822.2069922952574,17.209993194091084,0.8033610455264293,0.8038019180776398,0.9994515159253851,0.009987891265799888,0.00944458739696379
2042,8,3207.2285938328614,2132.302195538045,0.3956120729291901,0.3957354230619776,0.9996883015125785,0.6649470675621013,0.6648425995073196
2043,21,15442.400056452703,1235.3791030397854,0.7440797244795758,0.7441279086816276,0.999935247419846,0.08005873696985465,0.07999916454201525
2044,10,19.524934282142702,6.16700143763941,0.5611165044044512,0.5898549624343786,0.9512787721386261,0.34918511012602427,0.3158526092085075
2045,513,1424.0183667918511,339.80124972577096,0.31450418431303917,0.3147250411444167,0.9992982546588145,0.2391556892652675,0.23862139537659469
2046,397,32165.400119762704,1040.3751383123642,1.414991207536563,1.4150351986326561,0.9999689116594869,0.03237462490160825,0.032344542099233785
2047,14,2257.9642370141387,1934.179148023747,0.09717131696925535,0.0972143518922078,0.9995573192423258,0.856666571482174,0.8566030924304829
2048,555,13.390758671768959,6.625223327512624,0.36490333995354596,0.39215372575303403,0.9305109603455622,0.5298694461794701,0.4947608638097734
2049,10,132.76627368830472,26.77263685582459,0.4521442700361094,0.45554983575302943,0.9925242740757648,0.20762062132745776,0.20165239342845978
2050,19,662.5059031479441,41.28269733340461,0.5653012728327781,0.5661545501698505,0.9984928544037729,0.06372618108263718,0.062312950174854186
2051,16,29.811224105487174,13.986829279338926,0.4666865166232564,0.48234124166815506,0.9675442950083275,0.48640810985078387,0.46917997160554215
2052,459,4277.746576829777,3536.6515638513756,0.08894958698619629,0.08897038054780369,0.9997662866958714,0.8267962358435595,0.8267557463566193
2053,323,44.52574069788769,8.182808945289771,0.5916951240000535,0.6049839568128477,0.9780344046099969,0.20170586583593655,0.18377704260578342
2054,208,10337.730213777319,300.43703046574666,0.9923211454989423,0.9924171357332568,0.9999032763231728,0.029156097918490397,0.029062185243076636
2055,885,706.7088334331771,455.65602850788883,0.2151296404317281,0.2154340510040237,0.9985869895177809,0.645259755050107,0.6447577940894288
2056,45,4604.829828681939,2560.238500999798,0.3078505273811363,0.30791738121479223,0.999782883858676,0.5560862203484304,0.5559898185711298
2057,5,525.0587711127193,364.653793407687,0.3358185117601407,0.3364580944701838,0.9980990717104005,0.6950816400879624,0.6945009082219546
2058,167,578.8237614527078,144.25507717228953,0.2765367697070717,0.27701452612987815,0.9982753380139262,0.25051590988331196,0.24922107000280042
2059,24,388.304257024038,108.77256295172131,0.43648223687097937,0.4376063096282965,0.9974313150140091,0.2819711343278306,0.2801219945033663
2060,13,113.79694979762611,77.12421898861105,0.14338576319162366,0.1446457773084047,0.9912889671566802,0.6805426374684616,0.6777353797774632
2061,167,16520.78902157241,49.30858172708773,1.1371053056747868,1.1371741344277104,0.9999394738669832,0.0030449839095148886,0.002984638425120125
2062,29,24.59007660805044,20.14418616784534,0.08800895153692474,0.09158799494291854,0.960922352233779,0.8262650593704571,0.8191998133609076
2063,25,85.53095574372048,29.12079231609071,0.7314905770183516,0.7400429259387843,0.988443442102249,0.3480926803270235,0.34047079285944615
2064,41,985.6513886048974,8.844719134237428,0.6949934082928761,0.6956985190615799,0.9989864707924708,0.009977910382468154,0.008973476055014083
2065,405,40.947451973875395,32.677530827083565,0.05800959148515517,0.05942627527593575,0.9761606497428545,0.8028504531826561,0.7980357568508032
2066,7,43.62598658031027,37.390422494974636,0.10182602142777765,0.10416008947779935,0.9775915318264086,0.8602705606493669,0.8570676659917662
2067,196,96.7889185996318,14.800314221244763,0.36537575814729434,0.3691507332522304,0.9897738924377085,0.16157571274445257,0.15291331317034743
2068,4,785.8130246086445,90.3423598794807,0.8512979567921758,0.8523812907789293,0.9987290500173185,0.11609157070692085,0.11496673769752488
2069,116,26.628540952583396,11.495977014104747,0.21327891122531414,0.2212883215645848,0.9638055443566051,0.4522850857578969,0.43171636908590943
2070,112,33611.477570594514,4764.583578150485,0.33773432373868717,0.337744371923062,0.999970249143405,0.14178019362427483,0.14175466009024398
2071,77,151.29977504336438,115.66891309893474,0.09605314061382755,0.0966879937759443,0.9934340021203885,0.766047836024154,0.7645015537252623
2072,96,1464.855117184287,46.44036162672801,0.7016976394247515,0.7021766612960567,0.9993178043394079,0.03236360883867885,0.031703040854985494
2073,199,1272.4156230891158,402.3444780933097,0.3310246566704867,0.3312848111755585,0.9992147104355654,0.31674220951903853,0.3162052326240031
2074,162,2163.8318028561225,928.444801636034,0.24577981267320084,0.2458933981248744,0.9995380703486155,0.42933811320112336,0.4290743857311575
2075,12,113.4269007214109,19.612121337168936,0.6939783835718233,0.7000966710253111,0.9912607962489988,0.18013352810587935,0.17290537969770056
2076,14,30733.117793042853,17320.427200764614,0.2954174211427947,0.2954270334907228,0.9999674628695467,0.5635895364689982,0.5635753364627877
2077,22,3569.9131969420505,937.9800248802654,0.9477082380563105,0.9479737090035785,0.9997199595888087,0.26295235226786257,0.2627458913241165
2078,15,55.83908944146206,17.32047331806606,0.7254548914141487,0.738446773958628,0.982406473963136,0.32232172432906603,0.3101854541561549
2079,34,1231.9013219830904,115.86697072917448,0.719860732675502,0.7204450820221824,0.9991889050792876,0.09479020635746982,0.09405539929338994
2080,8,290.00788554222714,207.1306769286097,0.1944245670761348,0.19509497838827075,0.9965636670011992,0.7152063131925288,0.7142242926992757
2081,263,47.830545283080255,8.843033467473765,0.3724276367542098,0.3802140342236519,0.979521015089985,0.2015753338491669,0.18488255601388534
2082,813,676.8450387184998,251.53350799641217,0.4130779806644677,0.4136882798570961,0.998524736565321,0.3725534503783335,0.3716264338328482
2083,6,27504.566427365527,22567.49785109913,0.15223700332231593,0.15224253829425324,0.9999636437227116,0.8205065658508139,0.8205000399004914
2084,194,9606.406313880798,1788.9010295722235,0.6304820602997642,0.6305476917169351,0.99989591363503,0.1863042918239204,0.1862195883789911
2085,20,14018.839754246888,3490.93742557769,0.6687960371757007,0.6688437441221314,0.9999286725085642,0.24907113681666104,0.24901757112389708
2086,9,13.478569140811743,9.980099972746466,0.1733875203685422,0.18625146153003697,0.9309324015187919,0.7583691362011802,0.7404420950386887
2087,81,123.81292537933115,24.45310389271765,1.023060132788657,1.0313230837661442,0.9919880092790002,0.2039300322090892,0.1975004129641521
2088,278,1660.1921321493828,1.0099590418437199,1.2145477370147337,1.2152793076043635,0.9993980226726052,0.0012099497721814241,0.0006083386508621549
2089,368,14.383898161904229,5.775132174547129,0.14794581524384526,0.15823133128258363,0.9349969695927693,0.4404041227550936,0.4014997957815478
2090,6,7410.462095266892,5836.658111698034,0.19630876786578236,0.19633525862510906,0.9998650738562589,0.787652697492183,0.7876240424232038
2091,37,111.30656220847818,36.88086131201395,0.5855091367461106,0.5907694657431509,0.9910958008122116,0.33729873452714654,0.3313448962958335
2092,19,44.139858519609604,42.006687519431,0.02886153374304384,0.02951539931287165,0.9778466297238045,0.9527430729706006,0.9516724549710344
2093,435,71.88261806117914,6.1215768443510745,0.2172776902554097,0.2203003638323582,0.9862793073766838,0.09771296687466796,0.08516073856882916
2094,146,55.47179337094689,31.258094833035866,0.217633171870307,0.2215564842178088,0.9822920445711495,0.5712249055230417,0.5634952997464682
2095,316,22584.176374657432,1073.2029187869518,0.41383358386527325,0.41385190791557286,0.9999557231706581,0.0475622993138235,0.04752012652501394
2096,9,116.94354001743461,43.73974369852924,0.6368998160543222,0.6423460323734056,0.9915213669196957,0.37933187092668014,0.37402445395451744
2097,16,11.382959063481346,7.437680154068262,0.24188870954061287,0.2631387824075739,0.9192438580412411,0.6813944963245394,0.6534048056036437
2098,192,957.5061946895821,76.97347085571005,0.7494299407276822,0.7502126301190242,0.9989567099247345,0.08134894827775445,0.08038952779899705
2099,930,264633.7531845988,0.09193688891937694,0.053064504420971145,0.05306470494151617,0.9999962212068221,4.126203666672929e-06,3.47411801453933e-07
2100,867,86.64404872228033,0.0020776002970138607,0.8988541558013445,0.9092282573011767,0.9885902121755156,0.011433492803057508,2.397856895714997e-05
2101,234,2374.749501024575,52.057385864692435,0.21397696465415167,0.21406706972189107,0.9995790802020298,0.02233290413901411,0.021921211412922716
2102,48,790.3818739311022,565.3695260902357,0.24398557104968546,0.24429426432707071,0.9987363875355995,0.7156715926242505,0.7153118571384636
2103,6,85.06242183291964,47.01719239386724,0.23562657101673137,0.23839661407381182,0.9883805268466489,0.5579344779198421,0.5527375235826089
2104,92,16066.76183504434,19.376368073484397,2.0359922105587125,2.036118931314983,0.9999377635783836,0.0012681522344352178,0.0012059908693748882
2105,83,16.67838380617502,14.779913522360152,0.05076768526168587,0.05381160641445907,0.9434337430975615,0.8926106422040834,0.8861718074198546
2106,17,49291.293492539466,599.1081509137239,0.9563532079851302,0.9563726100567789,0.999979712853082,0.012174482224174698,0.01215444165620045
2107,6,12.934307253357979,8.776211224783738,0.2673599152350075,0.2880305170691796,0.9282346813646577,0.7015929135930172,0.6785219380423545
2108,296,12261.130192685085,4669.61745024047,0.22519284154653893,0.22521120794816812,0.9999184481012445,0.3808977214274486,0.3808472283433003
2109,631,23224.140485829423,739.5975294797619,0.6214900074090545,0.621516767926103,0.9999569432098545,0.031887752409146014,0.031846066808415965
2110,17,153.34162127794582,102.56984807906511,0.2133727182639575,0.2147642042576865,0.9935208662982803,0.671042893171062,0.6688976366902226
2111,217,211.44840854020254,47.896634283118054,0.6070975669365306,0.6099687049655552,0.995292974859773,0.23015768684313365,0.22651688236287434
2112,126,4586.81876191846,518.5272223991775,0.2891192952669592,0.2891823279068506,0.9997820314942906,0.11324057234160008,0.11304724457486541
2113,8,23382.10142377959,13384.77795569057,0.38990356973480916,0.389920245035402,0.9999572340733646,0.5724551980122629,0.572436912880647
2114,4,2140.3482896137384,654.6993987666293,0.6753916985734878,0.6757072508141446,0.9995330045070899,0.3062086639277658,0.30588451512477005
2115,5,105.44289237754774,55.9348742927622,0.3284362035568845,0.3315510289960511,0.9906052909906556,0.5348865764640911,0.5304755307022722
2116,790,1463283.969046871,0.014068266008466012,0.04561642856168411,0.04561645973569376,0.9999993166061147,6.930080520604215e-07,9.61417353436159e-09
2117,74,7290.910044956306,779.7753629531687,0.5705676899259761,0.570645947329566,0.999862861720203,0.10707419018330022,0.10695171907827891
2118,120,36.18003846368041,6.3177075399736795,0.1600566832759542,0.16448057805529862,0.9731038470824374,0.19681818100113144,0.17461859655886644
2119,8,495.52452292742987,30.71337098342548,0.5776625833171408,0.5788283431465523,0.9979860007838001,0.06387070430368368,0.061981535852108555
2120,160,50.400984436819165,48.24495111589792,0.016890760568122977,0.017225888160507553,0.9805451196906702,0.9580546297985522,0.9572223966453677
2121,11,23157.333332131704,6604.806587011934,0.6224710766537596,0.6224979567382549,0.9999568189996378,0.28524533662560747,0.2852144714714413
2122,820,11310.362937008416,13.583876012132151,0.6550425835528884,0.6551004988105332,0.9999115933238487,0.0012893120036328032,0.001201011504916842
2123,11,4942.607987463699,4261.108380855634,0.11935245953089159,0.11937660719945715,0.9997977185888252,0.8621452978601352,0.862117406774601
2124,367,2480.5557089823847,216.68803674565723,0.6004192933706995,0.6006613436867624,0.9995970269793338,0.08772240573028477,0.08735463427045977
2125,6,87.31781060583728,62.38053276745364,0.2673186975276272,0.2703801427891711,0.9886772555485664,0.7176415757215857,0.7144078892340372
2126,12,222.2651704446986,75.70744846703863,0.49749316623912754,0.49973145290025295,0.9955210210441323,0.34357104744216516,0.3406176879425887
2127,10,4430.326954158945,1039.4556784027168,0.5429266681568804,0.5430492159222653,0.9997743339612842,0.2347955114045952,0.2346227917618887
2128,17,447.04100317555697,418.8992800052663,0.038693710005167754,0.03878026517511929,0.997768061420914,0.9371894023742647,0.9370488993842044
2129,14,412.98390172199396,78.41029189092545,0.5047918957171279,0.5060141997672672,0.9975844471346822,0.19181975811284688,0.1898628289480118
2130,80,1129.285316643592,50.95893655065783,0.5351921321284658,0.535666053221958,0.9991152676361669,0.04596975275672082,0.045124943891164324
2131,484,2389.0432818952863,4.117096021215474,0.9568130511192738,0.9572135516285657,0.9995815975352517,0.0021410055876300515,0.0017233241659603928
2132,29,5762.2213390509205,1115.5108374259098,0.6256789126039031,0.6257874955402027,0.9998264859284126,0.19373034137359285,0.19359041796364637
2133,181,8.492390602035805,0.07852387742409693,0.27649955695445894,0.30905806372970973,0.8946524598571056,0.1136198374720051,0.009246380801805454
2134,263,29497.6672052792,6869.921545056663,0.29172114878971733,0.29173103842426906,0.9999661001633383,0.23292311809351898,0.2328971134309615
2135,53,5286.388673638679,3655.702629765615,0.14371056248740957,0.1437377475037524,0.9998108707224446,0.6915895266025794,0.6915311861186617
2136,18,257.6137679848785,75.32279009377886,0.44882992606373034,0.450572185142407,0.9961332298439017,0.2951226869647619,0.2923865082327439
2137,73,1021.7311275867391,658.4568196374762,0.34463102454307426,0.34496832563456303,0.9990222259076443,0.6447997932687806,0.6444521477902971
2138,16,20.703963068764672,16.49606965092493,0.0963175047256541,0.10096963361545899,0.9539254652787744,0.8061232686165254,0.7967590357525299
2139,148,538.815443579086,324.4488842935563,0.18894889733124348,0.1892995719445697,0.9981475150222268,0.6028891691867208,0.6021521620434669
2140,200,9.794627219637531,3.6292917316738293,0.31351515121719536,0.3455240418249584,0.907361321548853,0.42885146818708525,0.3705390363808188
2141,11,2330.633954142851,1246.136542625902,0.38242013705144534,0.3825842212210644,0.9995711162130645,0.5348766432269472,0.5346770737681971
2142,47,2169.192587048155,9.756289355255815,0.48515295228266453,0.48537660828959533,0.9995392114018041,0.004956375493792588,0.004497659365751479
2143,5,1288.1353840187476,842.9549265944809,0.18869056947283386,0.18883705296503028,0.9992242862833517,0.6546674127922374,0.6543993256086291
2144,58,106.20651348769519,35.962619338652566,0.35885239995825574,0.36223121720942014,0.9906722085490192,0.34477960467294755,0.3386102994786577
2145,39,144.52406935973457,78.65372520325292,0.17101329053710923,0.17219657641671898,0.9931282845209061,0.5473577364466727,0.5442257857234568
2146,53,163.34718575963652,81.15600611470906,0.2895353824544514,0.29130789773292387,0.993915320208388,0.49989299016574024,0.4968313701720529
2147,35,3472.487715777352,227.73000444655798,1.4646752492818547,1.465097043502358,0.9997121049268551,0.06585024136046762,0.0655812267994095
2148,96,10689.01878248154,75.24009034645123,1.0109120366673172,1.0110066114881906,0.9999064547948562,0.007131894891652673,0.007039008151970301
2149,50,41.77311041294886,14.042536157875105,0.835330004690439,0.8553268398897518,0.9766208257864442,0.3516820734486783,0.3361620913323751
2150,59,1062.194937888269,125.72789332274718,0.4805914695615019,0.4810439208512029,0.999059438712165,0.11919535054827829,0.11836611985056585
2151,143,222453.2436099978,133471.99512978437,0.6487328564034684,0.6487357726695829,0.9999955046935326,0.6000020182298095,0.600000220108212
2152,13,21.828960879264738,8.495536897426685,0.5510044020774689,0.5762462999912109,0.9561959913423704,0.41594258046371985,0.38918650064999516
2153,6,367.4423632430016,362.69410570673915,0.00941995889704519,0.00944559545896447,0.997285871279301,0.9871126178475552,0.9870775446403216
2154,34,419.3039640407136,101.48678386051917,0.5187058653791412,0.5199429294421196,0.9976207695250212,0.24383967944349813,0.2420363091312559
2155,27,67449.22095179345,30211.78879649659,0.8908732337267676,0.8908864417849356,0.9999851742516797,0.4479272027602343,0.4479190177465388
2156,34,668.8667077401412,20.552111612995596,0.8988337114490231,0.9001775273409607,0.9985071656966298,0.03217373152593847,0.030726767194668353
2157,109,600.0667064462508,389.6046965917491,0.1452029313059192,0.14544490928894355,0.9983362911482612,0.6498524912503669,0.6492689769427272
2158,425,23.874254074639516,0.192112377032189,0.3780416553836275,0.3938763555674211,0.9597977894332295,0.047925552800701036,0.00804684311524777
2159,44,3578.3428531299433,0.3754829266518261,1.1027009022068932,1.1030090618627635,0.9997206191077435,0.0003842836473318112,0.0001049320710907829
2160,168,65.38843745093945,15.448852702166514,0.3868915558215435,0.39280837492449006,0.9849371360677227,0.24776683009480513,0.23626275996819307
2161,150,2782.9568831149463,173.20601289651154,0.40367072692648565,0.40381577794376,0.9996407990346168,0.0625749680079793,0.062238123036474476
2162,4,4009.453737062249,945.1565934288902,1.1160498145093896,1.116328169090263,0.9997506516555072,0.23592258020210255,0.23573201124435775
2163,80,5.262376396109969,4.609298990798262,0.043518848827840434,0.05178865804559426,0.8403162095748231,0.8957141244787868,0.8758968655692374
2164,67,23.064653180761336,15.617876278239846,0.17640289343263732,0.18405108532393266,0.9584452768760673,0.6905512476500234,0.6771346681799235
2165,105,829.4159244323105,256.7745798841909,0.3042550765077433,0.30462190702973496,0.9987957841720299,0.31041622914494443,0.3095848202576277
2166,95,1250.9856396068162,721.2885316544935,0.24919641622762448,0.2493956162890304,0.9992012687938546,0.5769143900734571,0.5765761882615965
2167,330,10692.513505764739,7836.537021249252,0.10704015618163716,0.10705016693880141,0.9999064853661557,0.7329244047827811,0.7328994269704946
2168,927,27.063515226710866,24.08862398383035,0.04085326694652991,0.04236279985843372,0.9643665452484655,0.893994347506081,0.8900774264555112
2169,4,268.37011785665976,95.01577691631057,0.4034136255626617,0.40491682431215187,0.9962876357334776,0.35644553924650085,0.3540475283729608
2170,298,2348.10831594161,100.7743782092327,0.1720551863728911,0.17212846032929457,0.9995743065599768,0.04332468516609791,0.04291726132268365
2171,473,14194.137066147028,56.46317324661126,1.0462020630251718,1.0462757696589848,0.9999295533396162,0.004048088650278066,0.003977922221230042
2172,10,18.12746541268111,11.185806445660283,0.32605559057189604,0.3440424179164295,0.9477191578484296,0.6370842232751521,0.6170640070748791
2173,81,610.5054111335633,408.70438594427105,0.117832015624585,0.11802502294847717,0.9983646914944772,0.6699930670847074,0.6694525199791502
2174,18,54833.167944230525,17255.394885814414,0.36347706066850405,0.36348368944948267,0.9999817631955132,0.3147014996810958,0.31468900179840886
2175,7,3168.7175639204806,389.8241528080993,0.5534087039535653,0.5535833514861366,0.9996845144780775,0.12329936182853672,0.12302268818360423
2176,158,84.41824351484759,60.020375640113095,0.21488824929360634,0.21743376837036624,0.9882928990476586,0.7143716977685967,0.7109882075378249
2177,113,88.41717328826608,36.636999887681306,0.3512912959297076,0.355264407519516,0.9888164659737546,0.42091466888967605,0.4143652022015437
2178,121,186.08103393618362,87.2500693007222,0.15819215915154478,0.15904228425997352,0.9946547227211657,0.4717210902887448,0.4688821179413941
2179,32,133.44127180345706,21.098629664672345,0.5767429876045234,0.5810650611265293,0.992561807943457,0.16437385163224924,0.15811172495229278
2180,56,163.68585841151548,134.095205850189,0.06128790492462342,0.06166232887009671,0.9939278332113909,0.8203206222638397,0.8192229136439269
2181,12,138.2830670579141,74.58924336922105,0.29121511752391316,0.2933210522830978,0.9928203763664666,0.5427023181345578,0.5393953501044524
2182,5,207.643073372952,99.60207349539789,0.5387882840968768,0.5413830650127283,0.9952071258161901,0.48217308089385014,0.47967924899907716
2183,83,907.8033124575903,17.0843222837646,0.16977898657585713,0.16996600835055872,0.9988996518979498,0.019899049701811593,0.018819409501287455
2184,56,13297.157743251926,530.3646642966684,0.3048800621145404,0.30490299032732104,0.9999248016139296,0.03995776516986395,0.03988556611399298
2185,30,1300.8926470418896,89.8401653120029,0.6224284308700682,0.6229068934336667,0.9992318875121753,0.06977546537220747,0.06906039903929903
2186,6,10466.751281049104,342.8055405034588,0.7157303332065779,0.7157987145327399,0.9999044684982332,0.03284425960004294,0.03275185693235454
2187,6,218.44861057549534,103.27245594047315,0.6608100211152844,0.6638350347300399,0.995443124486514,0.47515660120619013,0.4727540068504232
2188,85,13.607721456650355,6.250759340013027,0.180634848858671,0.1939092864222347,0.9315430539275009,0.4963648411239403,0.4593538572880003
2189,14,11.391166994508696,4.954267509879299,0.3369743841700032,0.3665564616105716,0.9192973510531202,0.4805251605856017,0.43492185763474345
2190,48,2478.448122174919,776.2592294701594,0.34082824575028786,0.3409657625466657,0.9995966844431806,0.31348073892684003,0.3132037433121524
2191,10,124.33647127599723,28.1509402343382,0.33962784690258163,0.34235936922597693,0.9920214763522586,0.2325814660135625,0.22640935475681828
2192,169,27.58838457015919,25.47327156040516,0.02668056439080569,0.027647658506916584,0.9650207587789412,0.9260149518220137,0.9233332055244065
2193,677,571.1927565814685,27.06835916743651,0.48753628340679295,0.4883898241385148,0.9982523371914486,0.04905402741399461,0.04738918492145791
2194,95,24128.597268663765,285.15644256388333,0.2495463712892601,0.24955671363815465,0.9999585571201681,0.011859147062330143,0.011818193962490352
2195,429,334.6005796956182,94.6701655346573,0.45071523253299756,0.4520622571942907,0.9970202673639391,0.28507151454096974,0.28293485211764285
2196,7,581.0743506202729,484.2725514710042,0.18050324693271477,0.18081388402543797,0.9982820064156164,0.8336951301047465,0.8334089277113389
2197,12,2213.570732319766,727.2512633718328,1.3613083199221556,1.3619233028996798,0.9995484452199218,0.32884533907345037,0.32854213906672497
2198,339,567.989762462545,15.670561665764986,0.6202221094394577,0.6213140694542831,0.9982424991344803,0.029298526556288194,0.027589514286005028
2199,103,53.6273726025503,37.650319700751275,0.11711993670098206,0.11930389483685787,0.9816941589470967,0.7075266090858426,0.7020728011381407
2200,5,732.3226698322958,654.9941799128898,0.06807356446914821,0.06816652016651144,0.9986363438072507,0.8945505258454777,0.8944065326598254
2201,798,179.52412775919925,131.48238636783958,0.08042488497966495,0.08087287426101403,0.994460574260002,0.7338763411423738,0.7323939573414923
2202,11,162.90345036748715,62.85739285770712,0.4415163032610961,0.4442265976241995,0.9938988471703438,0.389603713128264,0.38585673118592473
2203,5,3551.164007081429,1592.3426136400878,0.303892399136643,0.30397797457008696,0.9997184814670702,0.4485554750466685,0.4484001894772457
2204,295,521.4052536414994,405.4660239116268,0.09183612907404397,0.09201226103365247,0.9980857772906583,0.7780664935474867,0.7776408486102665
2205,329,8047.606202292447,1726.7522303697517,0.6172733013549722,0.6173500040769789,0.9998757548853969,0.2146647738682561,0.2145671876784761
2206,621,750.7782172886965,124.32987539686455,0.7575435793840243,0.7585525905166591,0.9986698204643298,0.16671123546099714,0.16560133543279937
2207,180,1120.7054561247865,27.26431057971195,0.2638349621929932,0.2640703808400169,0.9991085003692015,0.025197622446589605,0.024327811050360557
2208,4,2861.6521023071964,2324.890411585132,0.11016590442270495,0.11020440173142175,0.9996506735837047,0.8124949621753011,0.8124294388233628
2209,26,417.4681863953882,57.864932404907776,0.6627333832600487,0.6643208895775538,0.9976103320813613,0.1406676405008467,0.13860920254676204
2210,264,36.97685237821592,9.551195134104871,0.5317067001811233,0.5460861474835217,0.9736681705466036,0.27783227080075734,0.25830200570916473
2211,12,67.8313774192864,61.0908831910503,0.07751839603192692,0.07866120632092877,0.9854717421400925,0.9020723617489685,0.9006286694346328
2212,27,12.430833333815691,5.986296814035474,0.2574775447957748,0.27819035928548064,0.9255444561669722,0.520168528667958,0.48156842371548053
2213,122,8982.034067846445,62.33992141582184,0.7865688121826186,0.7866563835285119,0.9998886790373448,0.007051061026534289,0.006940512688432567
2214,229,443.38300558322265,411.82181039333125,0.085501874571167,0.08569471433609822,0.9977496889227625,0.9289774928533339,0.9288173096567469
2215,703,80.88351893406741,0.06354852827805547,0.46706161898085763,0.47283611575271034,0.9877875302256465,0.01298855425515389,0.0007856795687865331
2216,12,48.59417462096432,24.893478319940055,0.6019931238283052,0.6143812985122844,0.9798363415130359,0.5221072538828871,0.5122728910226331
2217,4,16.857444751250792,11.412229489271805,0.28862645304819584,0.30574805464957616,0.9440009467239171,0.695073100444699,0.6769845405202967
2218,460,39.82923836937632,5.344572239847132,0.17944677527134617,0.1839521784027633,0.9755077478802532,0.1553928628902819,0.1341871564372277
2219,9,1481.1411506724908,96.5189164228489,0.6090502939524719,0.6094614973638929,0.9993253004280015,0.06579597117224747,0.06516523855881384
2220,6,43.71550048035514,42.63628825277241,0.01766903247122818,0.01807321479276351,0.9776363903063241,0.9758649189656983,0.9753128246108561
2221,21,36.96572086117765,34.61104475626084,0.04669786044119144,0.04796113515498808,0.9736604500766229,0.9379788911811597,0.9363010905763303
2222,10,875.1169550680836,371.3450480317565,0.6776186071719217,0.6783929249396755,0.9988585998773164,0.4249946835041234,0.42433762239570144
2223,300,166.98494531473793,29.919909865077656,0.7925103640441321,0.797256362927746,0.9940470855996868,0.18406357669222007,0.17917728935793445
2224,62,633.2284808297085,76.35980180324037,0.8177339799357064,0.8190253526466502,0.9984232811514676,0.12197465762186675,0.1205880722597749
2225,79,37.96777518349222,10.887026771476416,0.4607636108088754,0.47289926027956664,0.9743377702398669,0.30504761217448395,0.2867438694751311
2226,59,51929.0163044169,17251.94087778884,0.3151548309604479,0.3151608999148281,0.9999807433143456,0.33223445909685556,0.332221599898118
2227,631,3563.252061211054,87.5000113368607,0.2995978691502127,0.299681949048015,0.9997194362287439,0.024829896936859833,0.02455622275206705
2228,67,3114.4968450978,229.59865462828256,0.4396959291635996,0.43983710635883605,0.9996790239086348,0.07401665483665214,0.07371934089118425
2229,297,5569.071733874972,789.7897301892913,0.17508370861478312,0.17511514719503155,0.9998204690984646,0.1419711931859012,0.1418171228402824
2230,5,2659.575262121921,2558.0511389992926,0.03401361261932273,0.034026401733849285,0.9996241414350365,0.9618412887738953,0.9618269411027579
2231,14,71.61434973659318,22.782978242095595,0.7177679894728486,0.7277906733638968,0.9862286172963406,0.3275244952047051,0.31813426116266263
2232,135,103.12110534806581,58.892363550834986,0.18445036258230482,0.18623903971061648,0.9903957992315094,0.5752182840416568,0.5710990330452232
2233,11,26739.831479091892,5670.268044420288,0.30103472694810995,0.30104598486225126,0.9999626040050112,0.21208271137172888,0.21205324531883904
2234,5,1706.7740869094846,499.5347839724149,1.0359198834434291,1.0365268295480066,0.999414442456022,0.2930919187784492,0.2926777408936059
2235,33,405.54293094570477,261.0756293324894,0.20472665659298006,0.20523147776225942,0.9975402351784255,0.6446444136240326,0.6437681670931233
2236,79,2347.7135601270143,124.93060281212715,0.6543804374026055,0.6546591683553573,0.9995742350123165,0.0536168415553053,0.05321373311204466
2237,103,851.4732403230249,71.61632636754005,0.6422111934265516,0.6429654287483605,0.9988269426502805,0.08518311535506239,0.08410872236028327
2238,389,59.59543034382116,3.144766770867338,0.36062561016748923,0.36667683939910906,0.9834971054033949,0.06840064914713449,0.05276858901302299
2239,102,457.1011595410427,69.73400923293896,0.6554126603644994,0.6568465063451627,0.9978170760340318,0.15440696396360393,0.15255706046109385
2240,14,13.824889530259213,6.458132617226192,0.37825439597313215,0.4056147879057569,0.9325458717274829,0.5030818342358189,0.4671380992297234
2241,20,3177.1039739929297,127.55779157368882,0.8916129249482083,0.8918935619472642,0.9996853469841814,0.04045109682556119,0.04014907683785255
2242,28,127.40258492216303,16.1214852936478,0.46418961696870636,0.4678331036157968,0.9922119947927358,0.1333422166230279,0.12653970328386405
2243,950,21074.398212246702,792.1024327045573,0.9948684579938691,0.9949156654371363,0.9999525513117271,0.03763167009787238,0.037586004816225434
2244,210,18.786090358804948,2.723805608840297,0.38204510248880075,0.4023816970218798,0.9494594443942284,0.18820320443867666,0.14499055188264132
2245,5,649.9053996309426,179.83282102891243,0.4407971780020867,0.4414754262182923,0.9984636784384229,0.27781736198753765,0.2767061500505041
2246,112,15.469996068321722,2.7470531618696783,0.17920028416620426,0.190784015886289,0.9392835313468354,0.2275078358444016,0.17757297091334653
2247,34,9905.689720567529,1251.4397785316187,0.9610596985994013,0.9611567195768103,0.9998990581083887,0.12642364037418038,0.12633545102197283
2248,41,101.00897311417607,72.83906563986547,0.15646743569183977,0.15801648060208728,0.990196940823228,0.7238487300251446,0.7211148019248885
2249,242,51.373231733747915,45.00692526263726,0.040881333871998264,0.04167710498649372,0.9809062766055047,0.878443505196026,0.8760773605969483
2250,298,1684.3119207873901,129.49025343180978,0.4512371565894145,0.4515050625224073,0.9994066380308205,0.07742795373502359,0.07688020955837863
2251,11,572.9324604622315,364.7148674943207,0.24753718893625026,0.2479692419372908,0.9982576347063649,0.6372088924884692,0.6365756745569545
2252,35,152908.77716360567,5647.319586192205,0.17894630968988134,0.17894747997135904,0.999993460195819,0.036938904045022515,0.03693260577285123
2253,26,2157.5524327054436,146.63281509171023,0.789856106309425,0.79022219526019,0.9995367265650588,0.06839436135756644,0.0679625731773486
2254,59,289.6420059912233,54.752360948356866,0.4157024715551652,0.4171377000888597,0.9965593411159223,0.19182485600529628,0.18903460069951306
2255,9,303.63539180983554,45.25724693936117,0.9315838796506721,0.934651980092119,0.996717387319776,0.15184462535540394,0.14905129033082357
2256,24,70558.97046934004,708.7743847478528,0.4083084704411035,0.4083142572102092,0.9999858276584678,0.01005916499151975,0.010045135013071601
2257,621,3675.1580425240563,833.3034118309938,0.7982721057783289,0.7984893133368999,0.9997279768746519,0.22694982157463495,0.22673947683041423
2258,6,105.05019633879958,84.21400519574271,0.141880087054299,0.1432306803135131,0.9905705030775681,0.8035251997413443,0.8016549052811132
2259,86,221.89066098645728,28.398241591488983,0.2097541162936421,0.21069942023460628,0.9955134952914839,0.13189534932230831,0.12798304113043416
2260,15,142.2016109742625,91.8672364529392,0.3023712177228459,0.3044975735049725,0.9930168383358502,0.6485069254537237,0.6460351315539352
2261,23,2856.434838599534,1183.8367680748206,0.4963791488709991,0.4965529246358663,0.9996500357640736,0.41465049423682554,0.4144455711285322
2262,100,610.4490538464299,249.75398945012773,0.2738706949018959,0.2743193329875417,0.9983645407680175,0.4100979270026093,0.4091315857997187
2263,12,112.88280597539845,36.573739653605465,0.43288622257119397,0.4367210512577306,0.9912190431958969,0.32993338486691604,0.3239974355490091
2264,224,48.851984084430356,36.99024808640598,0.09415658473293313,0.0960839698022929,0.9799406178436876,0.7620609045783394,0.7571902918513224
2265,194,367.2722899516837,175.28303664716117,0.20023011478315852,0.20077529643791794,0.9972846178567193,0.47867580987504926,0.4772563611325549
2266,162,754.136747265917,0.9252469921064491,0.9644011199439677,0.9656799345932211,0.9986757365422612,0.0025495342387681264,0.0012268955139248727
2267,8,2650.921969816784,431.0681133302385,0.814074611658649,0.8143817027842752,0.9996229149984874,0.16292640516873474,0.16261063819997362
2268,845,58.27197321803165,12.210084689509303,0.46071754134698273,0.46862387291435814,0.983128619721812,0.22287236230378352,0.20953614602724696
2269,123,143.05534876753325,14.610168802679318,0.22543397664744066,0.22700982808249442,0.993058223741392,0.10836229918730717,0.10212948294873635
2270,10,2048.742174456079,1324.849101696578,0.2001052898698456,0.20020296213547512,0.9995121337637182,0.6468370111223409,0.6466646307255878
2271,21,16289.812483413136,406.22458546917926,0.9440725826337418,0.9441305374188934,0.9999386157074105,0.02499719310401518,0.024937339572374546
2272,69,1563.5696564085365,7.5523714779111915,1.0435010629487558,1.0441684467513714,0.9993608466098626,0.005466277223823403,0.004830211079472288
2273,52,8.435738009384716,2.7966423732214607,0.33252333593861927,0.3719417407739387,0.8940199485185573,0.40236835417063815,0.33152314238661873
2274,944,17.079533707121676,1.3633554995340056,0.17578744446863767,0.18607973039886416,0.9446888389822747,0.13071993657685213,0.07982392979297352
2275,37,936.8373614580597,62.5719023438334,0.9613054356109634,0.9623315533504551,0.9989337170376269,0.06778563635489834,0.06679057104047255
2276,297,16.90116939599322,6.495913874990915,0.524564939667315,0.5556021375899437,0.9441377276601923,0.41873878232048395,0.3843470071680903
2277,49,5214.240165235766,2764.2138108947984,0.2880367000309278,0.2880919404285511,0.9998082542762525,0.5302179234865191,0.5301278275067356
2278,364,1316.3424183141833,341.2538406411419,0.3475208256596344,0.34778483054227327,0.9992408959234155,0.2598062856573978,0.2592439747388675
2279,5,27.88573204822194,21.482727854578187,0.11671617549257127,0.12090169141486216,0.9653808323662841,0.7783333244608599,0.7703842171842132
2280,5,1420.6408923483382,728.7654795615873,0.3297475478933217,0.32997965971670323,0.9992965874818442,0.5133261736415895,0.5129836002094297
2281,47,25.72092826932208,10.175101186130659,0.3861172742864506,0.4011290681938648,0.9625761504270764,0.41821530575195753,0.3955961884263224
2282,285,127.17814718623583,33.399464705461824,0.5510893798053719,0.55542258792326,0.9921983581292757,0.2683723041766338,0.262619525794417
2283,60,70.15226220618071,18.07371656786608,0.5576675510635661,0.5656169390594168,0.9859456330832843,0.2680690111102219,0.2576355487260924
2284,166,47.44995449790999,1.0570566686732104,0.3167445836495295,0.3234199237420786,0.9793601457346438,0.04245734985699412,0.022277295728908866
2285,42,183.50884043355467,144.302461211388,0.08916772698618468,0.08965363124439654,0.994580205492321,0.7875094812257211,0.7863515505327242
2286,13,68.40420939177734,17.655188093206917,0.515621518755137,0.523159381166527,0.9855916520227882,0.26879044162726373,0.2581009012484719
2287,379,801.4898880446741,0.4650194833421902,0.40901466387788254,0.4095249818119936,0.9987538783791575,0.001825592453148311,0.000580193824374576
2288,577,469.5606691841427,1.1479875155868782,1.706851624480601,1.7104866214820456,0.9978748755144924,0.004564740863938024,0.0024448119080788767
2289,333,209401.05710370798,12667.413225456708,0.1282845061793691,0.1282851188052457,0.9999952244977257,0.060498036173458315,0.060493549558267246
2290,996,40821.95990952042,0.21443339175757575,0.9955941538198653,0.9956185425105609,0.9999755039810386,2.9748783391729393e-05,5.2528931053985485e-06
2291,12,7890.291681309437,3958.8306040998914,0.43620692445954845,0.4362622084645103,0.9998732780335101,0.5017975211179647,0.5017343799187538
2292,423,2373.957507334264,383.57306017427715,0.8751784640703597,0.875547122086085,0.9995789398349607,0.1619283961867324,0.16157536897321909
2293,40,170.32750143367525,109.04915573080773,0.13506356080159265,0.13585652470739026,0.9941632254504853,0.6423321113651461,0.6402322279897411
2294,27,26.20589446272098,11.318099631233418,0.24338148446162333,0.25266876464997345,0.963243259604265,0.45277319031404606,0.43189136884199486
2295,32,946.3551461284111,188.58181169530374,0.8132345860242509,0.8140939194249844,0.9989444296533495,0.2001169386898612,0.19927171365507115
2296,9,570.4527169064511,126.53801570449755,0.44077192622626865,0.44154459662148837,0.9982500739424016,0.2231820970156941,0.22182034015143204
2297,6,247.65887555879715,131.2922586545425,0.3334006685724329,0.3347468778202144,0.9959784262767507,0.5320230711944206,0.5301334682970898
2298,19,7581.373422107236,4596.416055251747,0.2498500897332278,0.24988304551522436,0.9998681151739263,0.6063294168350347,0.606277490810389
2299,10,20.14683202032996,14.887957277541803,0.2095012611412879,0.21989998094646043,0.9527115929686946,0.7513161906363836,0.7389726217262604
2300,11,175.4533526088975,46.89627202167468,0.4112072199365741,0.4135509039632521,0.9943327798241586,0.27143871914882256,0.26728626911000675
2301,20,3863.6462755950843,1956.423627090875,0.3616827932530985,0.3617764050300195,0.9997412441065269,0.5064948995337142,0.5063671691295145
2302,486,12793.918726725196,1207.2818462908317,0.612556569059944,0.612604447789061,0.9999218439740525,0.09443450733040226,0.0943637263983038
2303,913,383.86176094180405,46.72465824964788,0.4519441610686507,0.45312152283544876,0.9974016644377636,0.12400467672563721,0.12172261736883878
2304,7,1707.5691396315099,120.73737860942296,0.520804720729846,0.5211097184653063,0.9994147149349688,0.07125106955617744,0.07070716834076649
2305,545,14.161637724126992,7.613328208730825,0.1295289271354855,0.138675392371975,0.934044064487263,0.5681001198850885,0.5376022432603328
2306,491,85.60962615734906,71.6457895945926,0.05337663002201597,0.054000118669471464,0.9884539393094337,0.838772695573267,0.8368894108112193
2307,85,37.88827696055042,20.936097107556634,0.22911924729803576,0.23516648052367428,0.9742853096573441,0.5640799444472521,0.5525745372204566
2308,133,105.06381392575953,39.8785858141717,0.4400624396149457,0.4442509648851772,0.9905717137354692,0.3854150091452028,0.3795653738817326
2309,42,13.716084544372828,6.869544063783978,0.3730531329296094,0.4002513564257351,0.9320471422283056,0.5347580084943964,0.5008385623142199
2310,304,6110.063163871479,93.0042499227724,0.8516031471281662,0.8517425242711332,0.9998363623524771,0.015382634314520626,0.015221487475399965
2311,97,1575.3938560172933,0.8879123832667305,0.34293730293219277,0.343154986466772,0.9993656407653563,0.0011976146545232536,0.0005636129529611317
2312,5,23953.877976030803,18569.740273589625,0.14485981091089442,0.14486585835803667,0.9999582548489285,0.7752383582238017,0.7752289751234118
2313,109,15026.849610133797,90.12382752373983,0.8348624411470424,0.8349179991956562,0.9999334568799962,0.0060636637900802455,0.005997519763754219
2314,13,9.984466993069349,7.8863681682487,0.1435632693444266,0.15794193066346143,0.9089623556035128,0.8089940252772901,0.7898637126771985
2315,66,14.169173442563382,6.103032081040417,0.3753535593627458,0.40184441720172215,0.9340768299745267,0.46825439157481885,0.4307260480492997
2316,205,4573.808853157777,355.2103959472419,0.6620967454293913,0.6622415037187486,0.9997814116322454,0.07786344902724548,0.07766183663359766
2317,82,13.018195220172185,9.100754008839884,0.10501062468512455,0.11307707498096943,0.9286641408331225,0.7205459654538765,0.6990795463520106
2318,5,185.91976312719402,168.82746606511537,0.061928842211068355,0.06226193666627537,0.9946501109178083,0.9085581065580113,0.9080662713065892
2319,10,504.7108503747986,457.03130689402826,0.060398053908776145,0.06051772253461199,0.9980225854373914,0.9057177763826236,0.9055309719508438
2320,670,1776.3566017373546,100.99516686278027,1.3483632480276508,1.3491223091568798,0.9994373667056893,0.05738587673575502,0.05685523208797297
2321,50,3090.850937468938,236.03715139515887,1.3123285692882574,1.3127531541666089,0.9996765691424897,0.07666512913756543,0.07636639752949295
2322,14,55297.48776789627,7449.920353324263,0.5894364830493813,0.5894471424212054,0.9999819163228439,0.134740038183285,0.13472439081851775
2323,10,76.93037487948143,31.36626392822815,0.39251096902792815,0.3976131275659936,0.9871680329839748,0.41532283115899626,0.4077227490099497
2324,6,86.88389521739906,82.68112492773977,0.0364617482674963,0.03688140887521033,0.9886213509593961,0.9521781518756894,0.9516277409162746
2325,233,27693.439637790078,136.43493080986767,0.4900332140211779,0.4900509089417232,0.9999638916687584,0.004962546005889668,0.00492661556651455
2326,5,28.45108028407851,17.758163487482932,0.38285795460461514,0.39631466523851216,0.966045388136726,0.6369261604853166,0.6241648229231058
2327,17,4177.095019646005,3256.3158112461356,0.1414629209955359,0.14149678733573892,0.9997606564725553,0.7796174562641028,0.7795646965009901
2328,265,1975.9377143649726,1.588598666320639,0.11239479388479685,0.11245167563418992,0.9994941671693883,0.0013093981907023016,0.0008039720355412029
2329,35,3650.251223870672,75.98604000457107,0.5885669884976533,0.5887282286294689,0.9997261212831752,0.02108483784990247,0.020816660373308937
2330,57,73.13505104892823,35.30318727117941,0.24315263008320284,0.24647733727347376,0.9865111039130463,0.4896899207261589,0.4827122804298195
2331,4,10.81109283373576,6.151074888513261,0.27816458705314917,0.30389414014561206,0.91533382947057,0.605454125979588,0.5689595846701988
2332,115,3201.3572418179588,2103.314220763641,0.16706920863301858,0.16712139562622597,0.9996877300299472,0.6571141386989775,0.6570070322952241
2333,608,3787.5548746994978,2852.794229707234,0.15247031884449277,0.1525105744510486,0.9997360471121381,0.7532672282946918,0.7532020852723812
2334,78,181.62523907416866,70.10970956923836,0.38952651126966875,0.3916711829752935,0.9945243055939603,0.3893750389033519,0.3860130339077395
2335,163,74.4118919530599,39.03322866095527,0.26438810602365165,0.26794114168884386,0.9867394919541013,0.5308609507619029,0.5245563260987639
2336,25,14.67534291291862,5.200801402787656,0.5952527741693653,0.6358141959842769,0.9362055423249551,0.3955767626414954,0.35439045163363236
2337,157,494.10561799161303,104.86806417988475,0.48432513539464506,0.4853053410789343,0.9979802289377033,0.21382925245190437,0.2122381538711118
2338,36,32268.67282034176,23388.2205565888,0.12075477152031197,0.12075851368758958,0.9999690111515674,0.7248050107853895,0.724796482545299
2339,6,11.075714200501515,8.476189972240308,0.15393487130528855,0.16783328620825866,0.9171891630261947,0.7847312229240033,0.7652951149512779
2340,10,136.0927648827481,33.7283075005882,0.520055140498824,0.5238764688475195,0.9927056690347209,0.25331976877328594,0.24783321530462782
2341,245,20.60157922108624,18.83752857480828,0.024567507621814665,0.02576001366021919,0.9537070882751085,0.9183369591536164,0.9143730377488534
2342,25,39603.3255185661,13333.666259625415,0.6199713191237703,0.6199869736505305,0.9999747502327865,0.336697218928126,0.33668047026441184
2343,8,420.26540467202415,62.16267323411977,0.593113939582303,0.5945252238160008,0.9976261995670437,0.14993558106983654,0.1479128963342382
2344,6,8505.11109110126,7662.374647572601,0.05480361457987388,0.05481005818936858,0.9998824374629847,0.9009257656639008,0.9009141168760983
2345,227,13533.838165324652,1279.3479508285031,0.21411348881228878,0.21412930941588967,0.9999261165898118,0.09459647283472282,0.09452957359179519
2346,363,8484.151630310324,277.8844710384003,0.999827783579434,0.9999456301040066,0.9998821470677758,0.03286735266370258,0.03275335981097219
2347,124,413.630118414757,366.6372789924006,0.03894845919155175,0.03904262172338289,0.9975882118650157,0.8866632274519208,0.8863892223263211
2348,23,68.94383949683835,29.073780631536426,0.26453376484702695,0.2683707104940584,0.985702815184385,0.4299703997933348,0.42170237172343294
2349,941,512.6198396547352,1.0284502403754598,0.38633557100192417,0.38708922027789083,0.9980530347101229,0.003949322210253837,0.002006263044887517
2350,6,8.905650456708189,5.0828607452671815,0.3340767256594773,0.3715896201171565,0.8990475179423689,0.6140798902456545,0.5707455923602427
2351,13,173.77903352579517,18.9815152956021,0.7305471195332205,0.7347510048047126,0.9942784899319608,0.11432444093846693,0.10922787928144709
2352,33,777.2938957536796,608.525148222831,0.16220716616523287,0.16241584806412768,0.9987151383231246,0.7831555040433443,0.7828765304181283
2353,445,87.4979583369598,69.65203482131339,0.0704560729010492,0.07126130395146663,0.988700304291852,0.7983464946423139,0.7960418293770845
2354,172,55683.09942008886,14638.66913001021,0.7756107472852056,0.7756246763005686,0.9999820415520694,0.26290573579302123,0.26289249848633606
2355,6,193.76061006479623,85.96866751882558,0.37017818974274846,0.3720886822294254,0.9948654915402695,0.4465413591069128,0.4436849548010634
2356,136,5896.457232935458,651.6534820616206,1.023715729360104,1.0238893447513326,0.9998304353960527,0.11066692920073326,0.11051610421622701
2357,154,651.0079177391177,0.1053358733702432,0.6192466368070316,0.6201978489504378,0.998466276293902,0.0016952798321883441,0.0001618042891645061
2358,46,257.71335158855055,152.38056943013288,0.36580821486398785,0.3672276532151991,0.9961347182359944,0.5928591179710911,0.5912792972923437
2359,11,237.93559778965752,190.17155817280693,0.15413191406053567,0.15477970243475275,0.9958147718077559,0.8000965948200871,0.799256437201652
2360,6,56.89615156838858,27.692400495355038,0.4592933023427485,0.46736578685500385,0.9827276947964534,0.49558389837816347,0.4867183409069252
2361,24,196.99829931441045,57.94235323898781,0.2840169205814899,0.2854586432845281,0.9949494515687124,0.297691209687567,0.29412615967060446
2362,194,295.0135158098862,1.67804802096449,1.0256021723208635,1.0290786305756836,0.9966217758764698,0.009047046428395041,0.005688037771279145
2363,8,931.263326001679,391.48191709462355,0.47862792218764955,0.4791418777025121,0.9989273416940156,0.42099898832008403,0.420377251164208
2364,123,172.33194214300696,17.277707357599798,0.7217400559362019,0.7259281364914437,0.994230722925986,0.10544915802374057,0.100258298854789
2365,33,1285.7686571709728,622.764262352471,0.3183633493616987,0.31861095482912555,0.9992228595292348,0.4847524524912262,0.48435172134520305
2366,115,6.693370414031903,5.601977337959254,0.06216582516845383,0.07145349659899804,0.8700179575162393,0.8581384988194433,0.8369441688473321
2367,13,2270.569949462498,817.529935292859,0.584815643687613,0.5850732070557118,0.9995597758280628,0.360336662970269,0.3600549436877685
2368,7,369.535807877578,60.134595504565645,0.7097694362233389,0.7116901416626843,0.9973012055009527,0.16498971004919452,0.16273009062355165
2369,450,551.8657979797512,157.15948572156157,0.2619119641635903,0.2623865577425408,0.9981912427868496,0.28607211062702453,0.2847784484867243
2370,403,410.0618423189524,31.57388575976577,0.7436110717596934,0.7454244837747067,0.9975672760226086,0.0792432729245906,0.07699786349593365
2371,18,119.86306299384508,47.57492144723548,0.21592909011270475,0.21773055492362653,0.9917261736114452,0.4019004668920988,0.3969106099823132
2372,19,254.04508648337804,148.56654091704678,0.39202563305921306,0.3935687671480704,0.9960791246215004,0.5864317677290145,0.5848038353096325
2373,80,103.81631155801006,81.14080997522406,0.10630501448030175,0.10732898665659024,0.9904595001948094,0.7836643815668294,0.7815805508548098
2374,896,6926.956557820012,119.20437222884404,1.2422666961060929,1.2424460341293269,0.99985565729351,0.01735062441942739,0.017208765672750075
2375,16,1430.3096043077933,236.61103460919148,0.3764426723638648,0.37670586200562495,0.9993013391393516,0.16600952993961385,0.16542644606214524
2376,239,30581.470109605456,150.89373409709924,1.9674858185991844,1.9675501544800802,0.9999673015293921,0.00496669279991847,0.004934155668654543
2377,176,8126.444613763777,1401.9350264032685,0.9271086982563921,0.9272227836581047,0.9998769600966204,0.17261699009642056,0.17251517644368217
2378,55,3370.4055300034943,228.09381568604485,0.6285664410112797,0.6287529368010045,0.9997033878033657,0.06795201990601452,0.0676754810824822
2379,6,15981.299915042859,2597.344106983325,0.5379943454119772,0.5380280094035342,0.9999374307824711,0.1625763576453544,0.1625239574246711
2380,63,39.54908963675786,2.2059403313223025,0.6395191619688706,0.6556894244917908,0.9753385338867507,0.07906318884200321,0.05577727203288263
2381,43,12.20566992915139,5.844050957595301,0.28906794644100475,0.31275103373723,0.924274951186497,0.5182660928460072,0.4787980497193089
2382,30,70790.47269545935,27582.882532102933,0.5173669177414366,0.5173742261672466,0.9999858740048492,0.3896497908832485,0.38964116895736106
2383,68,2762.372691141366,2356.1071127786754,0.09998490468876298,0.10002109998746737,0.9996381233688798,0.8529819811619803,0.8529287595169396
2384,15,513.8334028465455,169.95546927117667,0.8006926898578676,0.8022509628027991,0.9980576240887422,0.33205978541010234,0.3307598695017756
2385,52,24.445986564285263,9.400249353600293,0.30221762638796984,0.3145802948199938,0.9607010717594439,0.4087186530310274,0.3845313965497195
2386,702,57.00925070196222,24.755659138825504,0.4034371416291376,0.41051383772076416,0.9827613701625322,0.4439922741142094,0.4342393354412818
2387,75,283.37849164995663,119.90892292272122,0.3088562940656682,0.30994620139161716,0.99648355965953,0.4251690140882694,0.42314052214957354
2388,4,117.6929607577683,83.73006266053301,0.2519473510854198,0.2540880683336159,0.9915749005365126,0.713859205462507,0.711427957300381
2389,51,127.77096425959353,7.840727069112109,0.7417760058115836,0.7475815189037797,0.9922342741956637,0.06865466232969882,0.06136548404833219
2390,192,1092.331623183154,444.20437318284087,0.22703787204411047,0.22724571906348223,0.9990853644230204,0.4071997587398609,0.40665706618324277
2391,853,84615.90382927153,17390.912599490166,0.3214128253524349,0.3214166238443355,0.9999881820303657,0.20553709498259592,0.20552770593314937
2392,92,13953.456038046996,1277.4738736447164,1.0692426908686141,1.069319320105697,0.9999283383030289,0.0916176073190486,0.09155250643004992
2393,247,10761.448160276028,647.5533272189033,0.7726320133989549,0.7727038096852809,0.999907084337587,0.06026076200884294,0.060173437401225535
2394,95,63.499600901028174,8.007925832446674,0.20304652671691023,0.20624412991182453,0.9844960280989264,0.13965862899320794,0.126109860830905
2395,12,26.526262520156706,24.201000849829825,0.03993946376995365,0.04144512118172072,0.9636710578027906,0.9155257031853068,0.9123411498864581
2396,82,23.110283109670082,15.753065954198345,0.1282051218959435,0.1337526576525392,0.9585239212890483,0.6948514821660918,0.6816474674690055
2397,5,74.32062977475206,53.67408686970995,0.1565393940416182,0.15864566513372336,0.9867234248705771,0.7258846219583395,0.7221963408058192
2398,63,608.8372141156494,41.52197774957875,0.6471216517761301,0.6481845330139601,0.9983602181420657,0.06972676767724262,0.0681988170021611
2399,258,538.6137630572038,123.32925186875542,0.40961723330236516,0.41037773602509053,0.9981468226563859,0.2304041527116784,0.2289753072196508
2400,5,68358.08761001048,28679.87246899194,0.46012447140082413,0.4601312024912844,0.9999853713670713,0.4195619554289066,0.4195534642896009
2401,31,43.938365501532914,34.10317608099045,0.17446049715878142,0.17843107037349723,0.9777472992433185,0.7811404729393869,0.776159415392925
2402,89,294.4321651689228,0.4176510678577093,0.7042417225283244,0.7066335866173727,0.9966151282158862,0.004798567099310673,0.0014184967448039954
2403,903,122.3326823593202,10.131255587205073,0.44742855252733676,0.45108602609775295,0.991891849095712,0.09025390005525886,0.08281724386167848
2404,135,1537.1882144246936,79.28560998773519,0.7473164938165747,0.7478026519114676,0.9993498845000748,0.0521949194739886,0.05157833584965946
2405,20,932.1319349180336,223.70664414542338,0.7033730879527168,0.7041276732872644,0.9989283401815117,0.24080908147802446,0.23999461424427526
2406,46,2565.162555778575,118.53499295609372,0.6416225700816008,0.6418726994812508,0.999610313073212,0.04658122404869505,0.046209544377243617
2407,42,69.9404759363988,15.733741926895286,0.42801176803918733,0.4341314256810428,0.9859036750627871,0.23588426361697667,0.22495903432517317
2408,13,40.61836464273252,25.974943273088666,0.20512295907286998,0.2101729644307192,0.9759721457442073,0.6481500055240417,0.639487667747257
2409,363,36.675610345977574,25.289612862007136,0.070934954752879,0.07286907266076705,0.9734576297287041,0.6977886388724142,0.6895485207591315
2410,276,253.39632676169356,177.02183482152302,0.28335876703873714,0.28447701042710805,0.9960691256327111,0.6997814673176687,0.6985966887673282
2411,81,22540.563978431917,5823.061727380387,0.23607160012786665,0.2360820733174618,0.9999556375058556,0.2583699042778456,0.2583370022574511
2412,9,34997.857896260466,22052.53799035426,0.22544989797296308,0.22545633979287794,0.9999714276390685,0.6301216472755421,0.6301110786757775
2413,786,102.13214586198248,18.06337766880779,0.7595412126050819,0.7669780602909367,0.9903037021906026,0.1848441871297774,0.17686280373681715
2414,6,1877.518221313764,224.59859188509014,0.4732414807600788,0.4734935376910783,0.9994676655309201,0.12009390663632483,0.11962525281268951
2415,5,63.73971163055751,34.83670605034024,0.3372404456194984,0.34253134570348653,0.9845535302086827,0.5535505974268985,0.546546339152861
2416,61,3065.8425977761003,74.68546375081188,0.7390141034320309,0.7392551510657117,0.9996739317496357,0.024678626743248794,0.024360501679044837
2417,339,150.31686858673118,9.09047257444713,0.9970233747840601,1.0036561857530348,0.9933913514775997,0.06668438666944469,0.06047539880197829
2418,21,4924.055756798824,2723.128007266389,0.5195404523111495,0.5196459629873017,0.9997969566134112,0.5531161760972654,0.5530254208649986
2419,5,2438.8844902991577,936.2260056350351,0.4489655799481059,0.4491496663948949,0.9995901445318515,0.384127203300563,0.38387468096949356
2420,29,1329.4940837680383,808.5054622863872,0.17736983460695246,0.17750324613301524,0.9992483995139853,0.6084246988861609,0.6081301693309755
2421,21,3721.1149593006003,1680.4721719004324,0.2351344625688424,0.2351976518186077,0.9997313355415044,0.4517518105395615,0.45160447615310556
2422,118,2938.3039862224227,1556.1032843632715,0.501340105455749,0.5015107277289401,0.999659783402912,0.5297523807207338,0.5295923402274819
2423,12,20.330726159325902,13.62518667930238,0.25607558771697814,0.2686710840957198,0.9531192706459833,0.685639418464344,0.6701770793884002
2424,27,195.14744823946984,99.61418930545796,0.2941371199499649,0.2956443757332382,0.9949017944970706,0.5129518135898534,0.5104560177657006
2425,890,121.9921235958868,108.27713484639689,0.03980449929782721,0.040130786750857246,0.9918693980495394,0.8884888857228531,0.8875748011820631
2426,359,20.062105295021045,0.9665393033896329,0.4250969113540732,0.446285959318026,0.9525213654574031,0.09336860089928954,0.04817736170637614
2427,60,6254.337155650168,1174.1608377555688,0.6926911197063432,0.6928018734285153,0.9998401365146085,0.18786530741897714,0.18773545597790997
2428,589,8308.766895125596,3056.7518716166373,0.5947203537867811,0.5947919312375983,0.9998796596808766,0.3679708360303435,0.36789476828503936
2429,40,243.93815617155002,107.89165175580564,0.34709952794039683,0.34852242763508956,0.9959173367856184,0.44456794097666025,0.44229100297015694
2430,309,2209.184514818664,39.82712891030634,0.6409525068018962,0.6412426376182687,0.9995475490877367,0.018472271720560866,0.018027977583201314
2431,143,285.4358932159691,68.05414778098574,0.6391476518616638,0.6413868504595014,0.9965088174223818,0.2410806376452262,0.23842182920384858
2432,25,101201.32746467412,1301.4349970762269,0.4379706716325817,0.43797499934924905,0.9999901188043295,0.012869615054365794,0.01285986092949732
2433,14,2077.819717985911,1466.1953900965761,0.13784801617965717,0.13791435880552907,0.9995189578050719,0.7057828908406187,0.7056412918815692
2434,77,171.98537082412776,47.623010513500375,0.6429863571372644,0.6467249678926803,0.9942191643418408,0.28108163298348987,0.27690151950307257
2435,290,44.444128021021065,12.196352979769458,0.16051108744783368,0.1641226126277611,0.9779949568063571,0.2903863173183833,0.2744198957846773
2436,29,87280.11594987943,8775.78574421368,0.5371325039120919,0.5371386580343462,0.9999885427679384,0.1005576710230617,0.10054736578550343
2437,210,102.5913497841022,65.24447855483287,0.1783924030102859,0.18013126699234383,0.9903466843314224,0.6394788627901359,0.6359647152721574
2438,237,135.57674055568194,22.94049579348128,0.32190988868675163,0.3242842626934386,0.9926781090547969,0.17528969937396338,0.1692067215914482
2439,62,81.17081578501592,46.74839758036436,0.2906667113156241,0.2942476376436958,0.9878302291337072,0.5810870577856843,0.5759261765235836
2440,190,26155.74646134161,1004.5177314204648,0.36586516853680306,0.3658791564827817,0.9999617689454816,0.038442003209633535,0.03840524042795527
2441,84,951.7720630658235,209.25111475949376,0.16585635184203137,0.1660306124221411,0.9989504310225235,0.2206730475313782,0.21985423073404728
2442,17,8048.568989168682,839.1838850497885,0.52688983886193,0.5269553026530175,0.9998757697460147,0.10437625743444413,0.10426498004541127
2443,833,925.7649602960032,113.32259730980256,0.7671927356723219,0.7680214478925674,0.9989209777636816,0.12335662461093544,0.12240968514683133
2444,4,9.33112364657234,3.4231616772200115,0.3303694810247372,0.36577459337110446,0.903205107768526,0.42813945786889585,0.3668541760752964
2445,390,15267.646902904044,61.78090387912158,0.5647933965253061,0.5648303893507312,0.9999345063117664,0.004111752945651056,0.004046524279217533
2446,5,6103.1262449114365,5021.605386143164,0.16610236014888624,0.16612957609584256,0.9998361763895635,0.8228213481544787,0.8227923173521102
2447,13,20251.853462036743,778.3125793146455,0.7741839696412357,0.7742221974494259,0.9999506242415729,0.038479149655402355,0.03843167148990274
2448,5,21.829663762303344,10.0755906280184,0.4874613016985545,0.5097915266166464,0.9561973399866182,0.48514033072648965,0.4615550077971187
2449,472,3111.1516971388332,65.12675403211584,0.153248834117912,0.1532980920291411,0.99967867890215,0.021247921202848078,0.020933326424426548
2450,651,913.9358150470208,300.8913941189804,0.24314871348941616,0.24341475921110275,0.9989070271558355,0.3299590956590386,0.3292259578463942
2451,490,236.73314987425258,11.32764520271933,1.0166374788316193,1.0209319237767889,0.9957936030354669,0.05185496936056229,0.04784984785078188
2452,133,20.103751548458412,6.319212802557451,0.37578324675845054,0.3944754418869397,0.9526150600425805,0.3468204591847607,0.3143300287672934
2453,212,349.1035597205294,27.793817335324544,0.4321859041438354,0.4334238918185811,0.9971437022782679,0.08224371485485393,0.0796148207642871
2454,539,81.09680650159845,2.520195139272218,0.5632480530829909,0.5701934320366231,0.9878192582316765,0.04287858796558278,0.03107637955167253
2455,7,16.781507689756925,9.714011894116899,0.30463231146917197,0.3227851685962532,0.9437617991990603,0.6025367522850005,0.5788521552235814
2456,234,1128.3899748509339,735.6248650808745,0.17933493060815062,0.17949386053007926,0.9991145662505709,0.6522325162113293,0.651924318255357
2457,6,105.68327976485826,99.76461940330479,0.05157834182509745,0.05206638820234707,0.9906264599082059,0.9445211998112653,0.9439962463814305
2458,381,238.67448522440455,97.61331732350578,0.3396743852046707,0.34109755528037145,0.9958276743598149,0.4114468723325941,0.4089809483897225
2459,6,60.14956115548123,54.7618877112213,0.05274725522847277,0.053624190225423495,0.9836466528769143,0.9118935059801815,0.91042871567536
2460,581,3067.983527423137,16.76991190244428,0.69717439684283,0.6974016387398647,0.9996741592155629,0.005790162033670066,0.005466102328303464
2461,12,52143.275803491946,42486.2530052295,0.1347571468669311,0.13475973122981952,0.9999808224395758,0.8148018617680035,0.8147983100514039
2462,5,329.02892591923495,303.97915455771977,0.09174073458096549,0.09201955728424198,0.9969699625655095,0.924098255049179,0.9238675709391458
2463,47,6730.649052637255,1147.2990787182457,0.6640699721906438,0.6641686357767257,0.9998514479896111,0.17058213667101035,0.1704589066738968
2464,199,2530.838699538143,1213.5319830603548,0.554986425774204,0.5552057153029578,0.9996050301307973,0.47970353849236497,0.47949795586807425
2465,42,321.11689924577496,57.84952935324128,0.5022617607659157,0.5038258695435777,0.9968955369856674,0.18269618728801662,0.1801509963789376
2466,36,396.16047785590376,236.0580870130002,0.20707094113614197,0.20759363573267722,0.997482126103286,0.5968823692950855,0.5958648078440123
2467,21,300.44485408862533,166.4344708299503,0.49603318626413784,0.49768418204427456,0.9966826436529385,0.5554398045246587,0.5539601313353012
2468,5,5630.649011249324,296.57101666331107,0.8807469983261387,0.8809034184824238,0.9998224321157084,0.05283905585538222,0.05267084062082359
2469,210,117.90418256397543,47.36468858669036,0.3658937223666129,0.3689970365528426,0.9915898669126972,0.40675346774002785,0.40172186903539264
2470,203,5270.454504523194,515.3315984795989,0.33097708664556247,0.33103988523083844,0.9998102990362259,0.09794860185866318,0.09777744937127007
2471,43,224.80946842979972,56.5253093765005,0.6786744135969262,0.6816933007387233,0.9955714877371896,0.25475153799577777,0.2514365154248448
2472,7,46.300367776304405,9.82421105055415,0.4787154979962616,0.4890548434699115,0.9788585153348225,0.2288398919379364,0.21218429836278715
2473,5,4593.839029708237,152.14302798318582,0.7530411360414272,0.7532050601866079,0.9997823645195106,0.0333293564786556,0.03311892885216065
2474,63,27.42063407034234,24.539492113387315,0.04408128890080361,0.04568888443589306,0.9648142966295206,0.8986249937343386,0.8949279601061007
2475,115,16.8996570875542,6.123298091084188,0.4247023572919004,0.4498331842129197,0.9441330079616268,0.397957237741559,0.36233268280891384
2476,453,79315.8805069164,60970.86561183498,0.12774321899655727,0.12774482955951363,0.9999873923432994,0.7687123500339662,0.7687094340019119
2477,43,26775.21856203104,20658.8032692427,0.13699794042151964,0.13700305701618368,0.999962653427044,0.7715728500415857,0.7715643187517504
2478,283,88.46119785367293,19.97578567330513,0.26007429809447113,0.26301427974071423,0.9888219694795986,0.2344679724455975,0.22581409881367245
2479,71,4481.75254868083,1665.4624533410072,0.21472786641687366,0.21477577800147912,0.9997769227747594,0.37174982005897433,0.37160964048120493
2480,931,11.956903926692489,3.2676052770471253,0.47309735527481855,0.5126642329695269,0.9228210685471007,0.32936921514525097,0.27328188777636253
2481,336,148.5988287652966,27.242874829595692,0.4785121568529384,0.48173231787862675,0.9933154556873643,0.1887907483146511,0.18333169282662562
2482,7,1042.0315727210234,149.99912677284297,0.6536345056659207,0.654261775052739,0.9990412562513412,0.14476946884639538,0.14394873504759081
2483,425,3685.9110311778622,322.07600948030586,0.8168976431389162,0.8171192702037664,0.9997287702384072,0.08762782902767587,0.08738029940385834
2484,369,166.29902746590196,85.94457273241717,0.18443234887353685,0.1855413893272542,0.9940226789411324,0.5196956255477204,0.5168074284140916
2485,46,6467.002441820004,412.93572499718687,0.34076098419772444,0.3408136764592882,0.9998453927609033,0.06399745960527363,0.0638527244596145
2486,983,39.92457529225895,0.0007135478125470671,0.5145633984717334,0.5274517860051007,0.9755648044516383,0.024452631228694417,1.7872395819459556e-05
2487,49,953.3105676896035,485.76582348033696,0.37361692891813364,0.3740088441465818,0.9989521230992747,0.5100706624875825,0.5095567383225542
2488,25,233.76812172890254,58.42397107355175,0.7457436745951422,0.7489337745500881,0.9957404779122663,0.2531177173286385,0.24992274670070358
2489,22,67982.80535567804,11055.996886754412,0.4941142722187309,0.4941215404429477,0.9999852906145109,0.16264162956025124,0.16262931235200928
2490,877,30.877595202768354,12.432949601391822,0.14550647871682576,0.1502188430626016,0.9686300050665945,0.42139156093635505,0.4026527817256033
2491,16,710.8753440903811,538.8988631726146,0.11246030173283178,0.1126185014828551,0.9985952596781142,0.7584177028388105,0.7580778650611052
2492,73,187.67377981982625,25.024577264467755,0.6908660795359376,0.6945472867892856,0.9946998464706913,0.13793425503702678,0.13334082836980357
2493,223,10821.377196336083,32.1557225043676,2.2534943239309553,2.2537025686195054,0.9999075988591176,0.003063626586180389,0.0029715000152896374
2494,5,3908.552898982061,3018.8958020690698,0.169407353838683,0.1694506965688998,0.9997442162759173,0.7724401945949796,0.7723819736085208
2495,48,415.77044687699635,287.2791423517659,0.21068502063561867,0.21119175463323242,0.9976005976251593,0.6916976587758087,0.6909561381998756
2496,8,12.730777007561095,9.28445452414564,0.11092720828620443,0.11964051841804652,0.9271709095960606,0.7490074682942068,0.7292920548864688
2497,19,17.37030060194283,16.958718673320995,0.011983877049573929,0.012673783190186928,0.9455643093889139,0.9775952534724278,0.9763054227987396
2498,187,5879.712608306304,3005.751355518836,0.2960647027258689,0.2961150563268779,0.9998299525811567,0.5112903071086833,0.5112071891528497
2499,342,311.581694475919,34.81555398802536,0.23918368196685358,0.2399513255293843,0.9968008363327974,0.11457981903922577,0.11173812391830394
2500,57,4450.563664240918,3270.323422922861,0.18573113077240244,0.1857728628191238,0.999775359834111,0.7348706364015773,0.7348110643150731
2501,25,10392.210350750016,7361.024317253539,0.18715492657311822,0.1871729357280772,0.9999037833387133,0.7083494001179593,0.7083213357707185
2502,9,13325.370487516124,1271.032173871849,0.4676463748934399,0.46768146933042615,0.9999249608135288,0.09545225949282013,0.09538437787246634
2503,908,6351.4266391863475,204.45758329601674,0.7387324040001264,0.7388487136807645,0.9998425798428223,0.03234316505579242,0.03219081238135955
2504,29,15.630621394914266,14.328194931861548,0.05704432712853648,0.06069385107817913,0.9398699557729211,0.9216850391741221,0.9166746842530209
2505,269,292.34471014162983,102.44473823947475,0.21513433633370557,0.21587022902774297,0.9965910413059189,0.3526388397783978,0.3504244636061456
2506,4,308.082173557763,192.36404177477255,0.3385015128630888,0.33960025060878185,0.9967646144438251,0.6256072278417428,0.6243919911150126
2507,826,71722.39343848308,0.5746818743391093,0.09373166431009324,0.09373297117758353,0.9999860575475857,2.1954927100454454e-05,8.01258640137294e-06
2508,345,8.773366142672865,6.050874032814922,0.1288237562901048,0.1435072602263554,0.8976811074708684,0.721437622400036,0.689686710256399
2509,8,480.4611968140342,209.72154912032144,0.4417386007127613,0.4426580060750297,0.9979229894192571,0.437670887113491,0.43650049267453245
2510,494,19.017064314954684,4.565211578623589,0.23411912074825536,0.2464301229550549,0.9500426244195606,0.2780233650179081,0.24005869165797514
2511,197,19.337656189513332,12.138489107179373,0.22890262427154265,0.24073976844394107,0.9508301256210818,0.6460178589287958,0.6277125308372162
2512,111,757.2789758870789,567.9784942705552,0.10726988637658347,0.10741153811892971,0.9986812241512695,0.7503550966910707,0.7500254362736315
2513,25,31.505962479544788,7.610679448117577,0.4212522474234985,0.43462280379666096,0.9692364131463799,0.2648953850708487,0.2415631470728375
2514,139,19289.75256491586,15370.619449084708,0.07211608619673139,0.07211982476652144,0.999948161690601,0.796838764965609,0.7968282328846842
2515,8,991.6923362175169,960.8578836358791,0.03123674568806228,0.03126824411206666,0.998992638541151,0.9689385608645604,0.9689072392156971
2516,13,14.236384853814288,6.196898577798041,0.326400076397076,0.3493272506585688,0.9343676331626882,0.4723494875489683,0.4352859691157995
2517,17,212.96130422659888,72.65906922424217,0.8061937399959043,0.8099793748694496,0.9953262576912462,0.3442635082567661,0.34118437379088445
2518,95,399.63216274151534,11.504651110166856,1.2404108486390355,1.2435147300687226,0.9975039447827726,0.031212299643138628,0.028788101115895765
2519,190,479549.7272614443,542.1129781610052,0.11185095399495648,0.11185118723657385,0.9999979147148713,0.0011325454165454902,0.001130462488753439
2520,59,21894.681481538017,18689.614222549284,0.07045885015669945,0.07046206823731944,0.9999543288935381,0.8536210319970549,0.8536143464022848
2521,622,5308.010089183282,1594.2357871064344,0.20282894020751907,0.20286715206785835,0.9998116409682406,0.30047706828747794,0.30034528200222993
2522,7,401.78829164312293,92.70848630917112,0.7444198044531428,0.7462725707480709,0.997517306186035,0.2326494792758236,0.23073964134205485
2523,366,11.845043330480843,6.019713029879269,0.3055090316682304,0.33130117300063605,0.9221489586082566,0.5464919696472905,0.5082052350444971
2524,45,13354.941406392909,18.216160836580734,1.3276673213760757,1.3277667353144054,0.9999251269551453,0.00143877247225589,0.0013640015543505714
2525,165,454.63208128209226,21.62579020868339,0.4433568638987953,0.4443320631470501,0.997805246730682,0.049658027031409244,0.04756767306807132
2526,33,3792.3465888131573,995.1696435160374,0.2899578611194099,0.2900343198117601,0.9997363805345526,0.2626097089187186,0.26241526722574243
2527,31,25.79129183329388,16.268798619393763,0.15413431880439857,0.16011053433484468,0.9626744389101354,0.6445675978167505,0.6307864966419571
2528,6,19345.621814045957,16728.86891173797,0.12337736299334309,0.12338374052745284,0.9999483113894709,0.864743678381712,0.8647366868089975
2529,170,201.74904930232492,20.69232438761136,0.5489115992235354,0.5516323634656557,0.9950677943820646,0.10699100421065509,0.102564668627526
2530,30,52666.928563364396,26706.378074408993,0.2149377909786616,0.21494187205566462,0.9999810131131549,0.5070899654289146,0.507080606424165
2531,16,3014.457749437328,176.71237114064672,1.0354044045626218,1.0357478840506844,0.9996683753900425,0.05893379576411148,0.05862161152321059
2532,41,25.802154001177094,8.745959832228229,0.2802939108023378,0.2911571089209736,0.9626895659223478,0.36362599184379757,0.33896239173788506
2533,18,278.11118923198313,178.5226813340322,0.2868190564506428,0.287850367190936,0.9964171984550255,0.6431941400415231,0.6419111788599042
2534,319,48.61724505228787,2.895887036265357,0.42544457849144884,0.4341954770261947,0.9798457169690463,0.07851880998551564,0.05956501716933629
2535,989,7593.877226264532,2757.706409052895,0.4255924779120777,0.42564852207308157,0.9998683323021283,0.3632325219837344,0.3631486692351261
2536,17,1193.8905403801625,469.89942368065675,0.549226410239067,0.5496864410305533,0.9991631032582434,0.3940941933734256,0.3935866880484955
2537,75,1043.1299958547766,66.60687500605975,0.4390892868129555,0.4395102212013422,0.9990422648482756,0.06474948069154303,0.06385289970640695
2538,607,2448.1674620706635,145.00093123318888,1.0338797466700014,1.034302054278728,0.9995916979890163,0.05961247382804584,0.05922835487346396
2539,339,75.34315161663486,9.751240850511083,0.4775963052135609,0.48393525301393553,0.9869012481300011,0.14082783619543987,0.1294243821937245
2540,35,2059.1882369396308,470.60780501038795,0.41301236891142284,0.413212939389392,0.9995146074605854,0.22891491008168852,0.2285404493713533
2541,6,15.567065128120717,5.43201350409223,0.3375757592404849,0.35926101310575465,0.9396392787577919,0.3882409741466287,0.34894268504598924
2542,204,2320.968104404368,1583.1091661876596,0.12481266149684903,0.12486643761779614,0.9995693308628558,0.6822269277441326,0.6820900137246539
2543,622,5174.540387492305,3.533365132596284,0.9176036397030035,0.9177809701654193,0.9998067834612175,0.0008759211199572586,0.0006828365164830862
2544,61,40.88603333590434,11.147293698335933,0.25410885805169975,0.2603239109027317,0.9761256934505944,0.29000821349973427,0.27264307121099135
2545,11,141.4571705851922,106.00829444837196,0.18585612817749608,0.18716999673155119,0.9929803463322194,0.7511611666074675,0.7494020558295329
2546,145,22.179873021001065,0.03438317062728771,0.5585860418995725,0.5837704079854681,0.956859125194776,0.04462419486466263,0.0015501969102677878
2547,141,5956.082793232775,2553.4428639368866,0.3481502592093866,0.3482087121005395,0.9998321326000137,0.42880768198130886,0.42871178131339543
2548,392,7364.581227275073,401.4594654823005,0.4411509243412107,0.4412108260397225,0.9998642333891726,0.054640557623881106,0.054512191948603475
2549,557,18.826130763460093,0.2263847205342267,0.3325417291620069,0.3502055674376574,0.9495615149556554,0.06185698738527818,0.01202502645809834
2550,13,16.213744932507947,10.412614114936964,0.2554575163385068,0.27121313093599086,0.9419068887147556,0.6629942618345868,0.6422090737384222
2551,144,160.14569214052142,47.76441029110814,0.3272283921040036,0.32927170895961333,0.9937944354160705,0.3026106974587,0.2982559796188385
2552,46,10.992857480719826,4.168181773087644,0.4326359216200674,0.47199201464491203,0.9166170362978431,0.43093831319151504,0.3791718195563022
2553,503,3780.1344013764674,3565.982556140399,0.027030244910921677,0.027037395515117413,0.9997355291048009,0.9433630697818862,0.9433480869997404
2554,68,1416.9958935160585,440.56927434105825,0.3678407055792383,0.3681002975140226,0.9992947793399314,0.3114037751168266,0.31091782012709507
2555,88,4279.252594290656,164.5268818143862,0.6825452218839342,0.6827047229198847,0.9997663689284756,0.03867222276441797,0.03844757424086081
2556,23,61.756124362913454,50.38365962284461,0.14142893433173084,0.14371905431239246,0.9840653002371993,0.8187831888039672,0.8158487946355265
2557,58,238.81303353786214,192.48109264453754,0.06485682982103945,0.06512840976313987,0.9958300848571597,0.806799738071744,0.8059907359035369
2558,59,7.954424744296463,3.681527462949692,0.26523823155621373,0.29858297238695664,0.8883233676583242,0.5228172212772907,0.46282761875262524
2559,165,996.2777461791517,539.9302263665481,0.14918785145717395,0.14933759669842753,0.9989972703152845,0.54240679533761,0.5419474924911726
2560,19,314.28387606943426,265.5139765837488,0.06436293849160377,0.06456773085733551,0.9968282551823876,0.8453143240507961,0.8448221394758705
2561,43,110.3004284542231,40.348947058133135,0.3831622541045108,0.3866360597775642,0.9910153086211051,0.37150752815960275,0.3658095224433218
2562,157,1906.2792509663632,928.5098293046407,0.435795322468554,0.43602393290023556,0.999475692927769,0.48734857721211244,0.48707964944482546
2563,55,10346.717035159745,856.644018138524,0.719215021259547,0.7192845326822345,0.9999033603260892,0.08288243824453245,0.08279379973642993
2564,5,7126.1991006019525,2928.4592343538857,0.4135799350208856,0.41363797156030613,0.9998596924281355,0.4110253120481043,0.4109426628434389
2565,159,16165.95071216335,42.34615774596422,1.7557549435853914,1.755863551793771,0.9999381454166705,0.0026811585262861196,0.0026194659689332553
2566,33,6702.841266867545,1914.0441440445695,0.36140890569098383,0.36146282445338646,0.9998508317902839,0.28566370649456,0.2855571343313437
2567,410,79.27771118262605,65.97783077998375,0.04650013941533441,0.04708668686633504,0.9875432422615407,0.8343266118737986,0.8322368266661436
2568,762,638.3711061581631,21.609898086377715,0.47672320485298464,0.47746998552688136,0.9984359631044187,0.03536271481242795,0.033851623104357166
2569,13,52.68520603034972,26.024463546559332,0.18870036184302352,0.19228201931503414,0.9813728944351139,0.503387535316185,0.49396150280911383
2570,32,13.24553719604229,2.7899807542270927,0.32612746456387764,0.3507491510788892,0.9298025770289783,0.2660468820565102,0.21063553051368328
2571,19,59.95240944591193,13.208984565501822,0.41133800894110584,0.4181990844632198,0.983593757669459,0.23311604405254263,0.22032449884134764
2572,10,693.7064740960307,306.8085369393823,0.43605839978670624,0.4366869918729413,0.9985605431397463,0.44307711014196377,0.4422742880397429
2573,26,160.13269690269448,8.150083558948847,0.6772607911934312,0.6814901634846188,0.9937939349416846,0.05678601385586216,0.050895811515004274
2574,124,496.2101926308484,249.46989214371405,0.39851970890991845,0.39932283571954125,0.9979887781569625,0.5037505181026616,0.5027504389239847
2575,132,852.4856160017263,30.25477933546658,0.5149086890551624,0.515512697708669,0.9988283340911072,0.036620159437348226,0.035490076040655814
2576,9,27.119494277021836,25.02839943083111,0.04714611599916454,0.04888457452341186,0.9644374827602368,0.9256354034823633,0.9228932949548954
2577,117,152.17532069035528,13.00272845091272,0.8103654988248074,0.8156907085575584,0.993471533171969,0.09141634819371007,0.08544571085459075
2578,37,10.042412431365571,4.220126912570839,0.4006097078161946,0.4405014878595003,0.9094400787676129,0.47273428202548007,0.42023039199127815
2579,755,669424.4828046691,839.7699514704077,0.06886350371580827,0.06886360658552022,0.9999985061817547,0.0012559574935030297,0.0012544655492013781
2580,62,1382.2397007006145,865.0541899027502,0.09594514017031636,0.09601455297919578,0.9992770595006106,0.6261056485467352,0.6258351496229496
2581,257,88.39815095603583,62.26858917787096,0.09014802746410644,0.09116782286128554,0.9888140863171566,0.7077169773789297,0.7044105391846915
2582,267,67.04684067939249,54.96394082841948,0.09014634720242624,0.0914908750920175,0.9853042405787572,0.8224326106791284,0.8197842026777735
2583,23,1764.0479222424387,512.1578087508425,0.5463594044918981,0.5466691236313856,0.9994334431448586,0.29073307431726353,0.2903310064841056
2584,19,34.3949572636491,20.382844147528452,0.257078395019615,0.26455269984427354,0.9717473878397075,0.6041212025840982,0.5926114107741722
2585,357,6217.664931181915,978.0639863176241,0.4777170138687409,0.47779384609099085,0.9998391937801657,0.15743957861571808,0.15730406786840218
2586,25,111.63805232500319,19.163141013537494,0.637763550371588,0.6434763296353728,0.9911220055801867,0.17900825340409154,0.1716542040499715
2587,6,34116.8993976585,30947.5500572856,0.07096421265123383,0.07096629268235925,0.9999706898719547,0.9071059650117144,0.9071032421958481
2588,8,14897.63752636347,4236.732980633513,0.6304887223112193,0.6305310437008488,0.9999328797684868,0.28443761875102674,0.2843895868144205
2589,4,38.05983228879527,29.484717650385484,0.14731407352318387,0.1511846652905195,0.9743982515693783,0.7804620722636936,0.7746938406522017
2590,50,213.43942819130288,25.39443040959099,0.602374659041121,0.6051968867061112,0.9953366784810301,0.12308571530998645,0.11897722283452851
2591,761,11.28920478683014,5.637408884147246,0.18511112541208485,0.2015083056304855,0.9186277698723304,0.5401007631722677,0.4993627975217337
2592,243,52.96007842246762,1.0824877003214173,0.7148065441615786,0.7283036265952468,0.9814677808254699,0.038593118490619575,0.02043969217126737
2593,70,126.33009226539289,50.822551700226796,0.29340390983985054,0.29572642781303043,0.9921463969576358,0.4069937496959756,0.40229964839619786
2594,20,25147.890014918412,4655.082324860708,0.64188325708476,0.6419087814232515,0.9999602368136562,0.18514066911496702,0.18510826642311487
2595,25,2961.6688325281348,470.06156790736014,0.5331014749983278,0.5332814753647237,0.999662466493379,0.15899906285016308,0.15871510100813904
2596,207,149509.80701006626,54.20604077370895,0.09473142777389701,0.094732061387368,0.9999933115202845,0.00036924448391206956,0.0003625584291608332
2597,515,8105.521198092996,1543.6836365675672,0.4536636488470795,0.4537196185543643,0.9998766425232765,0.19054827574261368,0.1904484115013792
2598,23,131.13323676436588,29.91109232158305,0.6439749416906146,0.648885786245209,0.992431881451725,0.2339388111464114,0.22809695741233382
2599,897,3968.453801814359,68.00522832340326,0.06918132536498008,0.06919875818108931,0.9997480761711993,0.017384061326488377,0.017136454578937414
2600,49,17413.220793048313,1113.899749938568,0.3607890793470675,0.3608097986088074,0.9999425756677901,0.06402237362142735,0.06396862264465503
2601,206,12186.73221787909,1543.1982195978746,0.2619659204773592,0.26198741647118223,0.9999179502813054,0.12670102952644263,0.12662936971191152
2602,301,69706.3972520807,5023.128363099979,0.5844983408268801,0.5845067259732063,0.9999856543202096,0.07207453672285853,0.07206122481032458
2603,94,15.777772250862059,6.527173708620667,0.25381208149836254,0.2698987683552155,0.9403973313591371,0.4486396403571346,0.41369425320891157
2604,32,121.10673467425741,17.826774136149965,0.734363325289294,0.7404270948002507,0.9918104435216644,0.15418293009287254,0.147198867049788
2605,749,18.856883946108173,10.727622023701993,0.3474676928405855,0.36589426288437565,0.9496396311367882,0.590607371001961,0.5688968577396395
2606,223,1232.3409552548578,378.32365997474824,0.3802109302799761,0.38051945766329376,0.9991891941999175,0.30755782361606954,0.30699593189817176
2607,12,107.288266718402,85.98459867577644,0.11200409071546016,0.11304804541937422,0.9907653891755378,0.8032689164928215,0.8014352482872987
2608,828,416.93140944121893,140.1049028669353,0.36360145383434694,0.36447354321308106,0.9976072628727835,0.33762693992201936,0.3360382540013167
2609,194,62814.18227165922,2037.3872413632455,0.4597825719971895,0.45978989172269374,0.999984080281807,0.03245055045049068,0.03243514709069902
2610,45,105075.9566532492,72308.93271851873,0.3763032721709734,0.3763068534209963,0.9999904831655594,0.6881616580992095,0.6881586903570938
2611,817,9.030483165706695,4.994973794284234,0.2684356591523829,0.29816116267491516,0.9003039052576342,0.5976754753729612,0.5531236482730705
2612,14,14.413625844687724,2.966920601729383,0.39976519825173307,0.4275004261922494,0.93512233850255,0.25736453198626036,0.2058413777143292
2613,24,268.8706511714968,88.83576563204058,0.42511111692001496,0.4266922159171267,0.9962945211135072,0.332884532801427,0.3304033565767558
2614,10,5221.808051541215,363.7220004297074,0.612066182710956,0.6121833961697176,0.9998085321171809,0.06983254923988265,0.06965441794099556
2615,4,31.41060464844125,29.006258340069856,0.060569711440474974,0.062498031895251036,0.9691459011380071,0.9258160613030393,0.9234543131123485
2616,9,206.21157044182505,70.60416826796443,0.7099401295289799,0.7133829049659153,0.9951740146659389,0.34556066591883394,0.34238703539616744
2617,30,6350.827205173742,4560.99577251849,0.22739740456042057,0.22743321051092333,0.999842564986783,0.7182178647433318,0.7181734953838527
2618,673,3168.523056862855,2365.6668063396887,0.1250314462223045,0.12507090670404267,0.9996844951173853,0.7466949329222357,0.7466149887139936
2619,415,24.953016652760812,16.176724267872626,0.14983411251525497,0.15583876175667957,0.9614688337244361,0.6618392188349099,0.6482873190437608
2620,833,19071.517388310087,9688.534879626633,0.2475193675668647,0.24753234605004076,0.9999475685364634,0.5080364947296121,0.5080106990105169
2621,13,20666.213217131553,168.33003618063205,0.8761458000570571,0.8761881951388677,0.9999516141828367,0.0081931721708987,0.008145180464948094
2622,248,544.7082095707051,2.033487973394331,0.7002785263415009,0.7015641293745329,0.9981675188636309,0.005558809488647238,0.003733169314626195
2623,41,21.32679340741147,9.39336142185672,0.4009621428180653,0.41976300683725365,0.9552107648531362,0.46551070868988303,0.4404488402176929
2624,129,130.91465913740524,86.73916277669153,0.24600737427576497,0.24788651734420897,0.9924193413640376,0.6651206420152325,0.662562644613022
2625,18,2357.577380464697,93.1487141909368,0.49587325613224437,0.49608358783131873,0.9995760156065758,0.03991758547789821,0.03951035285746441
2626,552,32179.169283184256,0.04685385786251002,1.4315561467675995,1.4316006338124379,0.9999689249614818,3.253102395609657e-05,1.4560306840175101e-06
2627,76,5372.628794656614,162.72105667019852,0.22627646647668467,0.2263185830038309,0.999813906014313,0.03046750397664203,0.03028704622810232
2628,97,33.89365456792224,26.759798770901565,0.0840815467201504,0.0865622926825444,0.9713414942521013,0.7955543526364007,0.7895223785111587
2629,159,602.2489319096895,74.88093021119309,0.5071148050254201,0.5079568402340461,0.9983423095390583,0.1257870941784825,0.12433551351224627
2630,61,107.16674108896923,67.73294876561022,0.3304364081905361,0.3335197939950573,0.9907550140650215,0.635435144607676,0.632033297619629
2631,5,16.605847668056207,10.295649281369808,0.3581651022415062,0.37973371526271854,0.9432006899722083,0.6415850854977275,0.6200014288445513
2632,11,1426.2871351749934,1163.451540353597,0.16190942869966318,0.16202294681583115,0.9992993701299792,0.8158495313634483,0.8157204195849747
2633,8,29669.40527979561,818.5756403001577,0.5711939062295096,0.5712131581794845,0.9999662963821838,0.027622664152088843,0.027589890413394793
2634,5,58.29562859112965,42.52349729474869,0.2133952479431804,0.21705581826552617,0.9831353503831546,0.734008531975654,0.729445728992776
2635,21,62.812899654322734,52.02076943095415,0.08416249042263121,0.08550238224239753,0.9843291872737796,0.8308785483526053,0.8281860846615783
2636,12,24.74743167908633,20.957537721191553,0.07871387851506878,0.0818945673047499,0.9611611747352546,0.852804970797411,0.8468570796743503
2637,37,2655.7360084996803,35.25599599460881,0.7920064729283172,0.7923046977783751,0.999623598281199,0.013646819209215823,0.013275414379204873
2638,204,13.221233171045617,1.8172095578587515,0.4119305138391232,0.443087253041125,0.9296826099415909,0.1980988233562319,0.13744629826500787
2639,451,90.35817532197417,59.66842580446588,0.16842608616521862,0.1702900689821034,0.9890540721016405,0.6640722145626462,0.6603544791807581
2640,6,1285.1377342727494,71.16195000177014,0.4279810529936418,0.42831407648332703,0.9992224782981229,0.056107482176140595,0.055373014194498145
2641,435,6.16465886440545,4.112195312720295,0.0888135538552813,0.10322044251023801,0.8604260134466314,0.7135294798358168,0.6670596708057901
2642,37,855.0787253136684,503.0384929498813,0.19499301109037748,0.19522105209446033,0.9988318831312695,0.5887758661041377,0.5882949464861866
2643,38,716.828495137486,54.10473568211173,0.7964467866057267,0.7975578568156976,0.9986069095796926,0.07676587939234357,0.07547793656240545
2644,9,1989.535598694022,1183.3425553551526,0.32523574644254066,0.3253992196403342,0.9994976226495742,0.5949868749557619,0.594783303265308
2645,247,17486.582565259476,8014.091622640058,0.36513367993926865,0.3651545607305026,0.9999428165673402,0.4583304520638946,0.45829947576844554
2646,596,275.35553769447955,21.078330844929386,0.7044701327635674,0.7070285346706509,0.9963814729086214,0.07989103829479882,0.07654950767075848
2647,48,327.543947841541,263.88214266647867,0.08436939689703088,0.08462697881070387,0.9969562671704356,0.8062304735993284,0.8056388903089713
2648,76,63.44446986731875,21.115123713755608,0.41871918702032956,0.4253189614040702,0.9844827647421281,0.34316557742327997,0.33281267473608983
2649,108,11.154801383110948,4.177565003669155,0.338958642640764,0.36934543582508444,0.9177279851409585,0.425968704915521,0.3745082373222928
2650,102,1622.385873458212,22.194082511532066,0.6277142185289106,0.6281011266182858,0.9993840035099789,0.014287473416362158,0.013679903699003529
2651,528,105.04441689638696,73.67378218447325,0.0987183826903272,0.0996581602206999,0.9905699891680572,0.7041745748617291,0.7013583811612104
2652,681,719.0412105955736,234.58502595267163,0.299666305546606,0.30008306372559607,0.9986111906023089,0.3271826979983691,0.32624698347729963
2653,659,405.5140769006386,80.14144164295696,0.8990132005117297,0.9012301721329935,0.9975400605862799,0.1996030303835943,0.1976292469437348
2654,793,19539.302060533264,3246.41249591466,0.651087097211841,0.6511204191337395,0.9999488237184408,0.16619049622951615,0.16614782277571585
2655,144,402.69110497762864,195.89840278297623,0.2147528347910727,0.21528612900129124,0.9975228584735465,0.48774521002608606,0.4864731312946664
2656,81,23.575943305526287,14.97092741946278,0.2935640321548553,0.306015878867858,0.9593098019649511,0.6498601995013338,0.6350086283060216
2657,161,536.2495631142393,25.75923274383766,1.1021105941022227,1.104165813667721,0.9981386676348261,0.04980782597332266,0.04803590439168352
2658,10,8.58894443718736,6.937259831688912,0.13128969763552067,0.14657559203100404,0.8957132344909782,0.8277511548515218,0.8076964384183013
2659,19,114.05856754443074,100.54507220162981,0.057164233866910934,0.057665417031819974,0.9913087741196343,0.8825511595424426,0.8815214355770613
2660,19,21.21585342848306,15.925102470697128,0.1466130733502593,0.15352361663075847,0.9549870994954489,0.7618479535428229,0.7506227606812693
2661,6,161.85355507774906,120.80615202557058,0.19004018169221293,0.1912143306418664,0.9938595138465192,0.7479489899217628,0.7463917117392901
2662,6,24.887295398747657,20.51675694916897,0.08220593483974538,0.08550906334457603,0.9613710129004684,0.8311705266132158,0.82438676523289
2663,9,47.39493156596042,25.703850162472612,0.4685400729385068,0.47842594168981895,0.979336679118204,0.5517902246865728,0.542333311035592
2664,18,608.1248366329468,107.16701993410314,0.49488545620215374,0.4956992454546077,0.9983583004010675,0.17757775324351718,0.17622536275193645
2665,219,5814.816589736443,1238.1171142136152,0.562399232552211,0.5624959508620447,0.9998280551003337,0.21305986787829026,0.21292453426630484
2666,106,459.4724841894717,185.81557529006932,0.15984545407028175,0.16019334313778982,0.9978283175774112,0.40570410112322774,0.4044106702447169
2667,112,105.81900911266108,74.7726698816164,0.12120970942882343,0.12235515305417224,0.9906383703770804,0.7093556709714431,0.7066090535964956
2668,853,2165.593897572043,752.3994985521326,0.25091079616393264,0.25102665851303013,0.9995384460368321,0.3477345244055276,0.3474333296726066
2669,11,49.401624913463436,34.57286212290721,0.21704133313049517,0.22143473787195225,0.9801593698275217,0.7057880015571656,0.6998324889812493
2670,32,771.4887695893683,305.966459079354,0.3705234019083945,0.37100367254422717,0.9987054827987574,0.3973733614826894,0.3965922397576926
2671,628,15821.25472046859,14891.870183739205,0.031399023170192386,0.03140100778037185,0.9999367978826238,0.9412609294219566,0.9412572167536748
2672,9,193.88801520741234,25.757028069458904,0.6009957626550607,0.6040954682351717,0.9948688481488421,0.13729437411008757,0.13284486945675955
2673,881,19.596420871085964,4.03882216877495,0.3941979900564027,0.41431380572751997,0.9514478750332864,0.24464552362340972,0.20609999118431532
2674,13,8658.852276700203,3040.643669738287,0.6540133832880808,0.6540889144742461,0.999884524589098,0.35123505257959103,0.351160127528708
2675,203,19613.1375532213,310.73400851575053,0.5109625341997652,0.5109885862545582,0.9999490163665221,0.015893332432786643,0.01584315654099489
2676,65,3144.024059908611,652.2663862421228,1.1431190422129618,1.143482626912198,0.9996820374086329,0.20771427302247908,0.20746227567389627
2677,980,682.6708324682338,4.187378731233426,0.14387764720772747,0.14408840419391292,0.9985373077912515,0.007587538454003671,0.006133818133248389
2678,569,427.1190036271551,335.3861011605649,0.09842999053897346,0.09866044151329932,0.9976642008611446,0.7857303654138196,0.7852287028027753
2679,4,649.1477309013187,110.83668306344393,0.7227147755952614,0.7238281042586643,0.9984618880410244,0.17201733967201804,0.17074184779102763
2680,36,21877.720682422332,6887.2855152950115,0.7469677528319871,0.7470018956827748,0.9999542934884302,0.31483950159979673,0.31480818387212545
2681,5,348.8709958654109,126.75043050025133,0.6480319060845237,0.6498894176396961,0.9971418036595846,0.36513581294230696,0.36331604519267546
2682,556,21736.13744056833,8530.257890604009,0.1407738143860687,0.1407802908731985,0.9999539957824379,0.39247384408040775,0.39244589402913577
2683,72,32.659670579403674,17.53308770366324,0.31829934498986695,0.32804528973894226,0.9702908560070133,0.5506021712227814,0.5368421479033599
2684,8,12767.557760161835,315.35218044454484,0.839071262451441,0.8391369814619374,0.9999216826192288,0.024775874173633784,0.024699491192319272
2685,10,32.980412149287446,14.034281012359251,0.5450200168638981,0.5615455840519866,0.970571281018998,0.4424396309941318,0.42553382743770435
2686,341,369.6699105328596,81.71555387581373,0.4777414632615786,0.47903380935102063,0.9973021818831684,0.22315151978995354,0.2210500545149187
2687,5,26.177303205999642,10.375501724472722,0.4095100113190202,0.425153716405691,0.9632045905209888,0.41856624398117154,0.39635487440489037
2688,393,94.4713086041036,4.520571607394307,0.3414122987257579,0.34502622451730686,0.989525648965945,0.05782440492448659,0.04785126483574447
2689,8,19456.95158924211,2178.074450712082,1.1665101125183797,1.166570065903532,0.9999486071287917,0.11198889259837845,0.11194325281234473
2690,341,305.8340036004991,58.79302131627021,0.1612537325399766,0.16178099154532452,0.9967409088032434,0.19487090939934193,0.19223834048574143
2691,54,15931.334518955675,907.7655585986779,0.749891118434049,0.749938188635076,0.9999372345591405,0.05703907092318855,0.05697988184973367
2692,20,115.58014435530477,54.502294853201306,0.40225956527764023,0.40573991709344204,0.9914222099695449,0.47608703145919357,0.47155413377626415
2693,266,177.4204569756807,69.16291958981945,0.3848162758379408,0.3869852268281341,0.9943952615246563,0.39324481496750613,0.3898249433508094
2694,700,633.6658710803395,54.5310235024031,1.0743788053306706,1.0760743026808737,0.9984243677727653,0.08749647024169932,0.0860564313009835
2695,104,1607.1460273848368,111.92680770530498,0.6342620462317133,0.6346566973931039,0.9993781659233856,0.07022173719444265,0.06964320963878642
2696,11,59756.46574631637,48326.664909988926,0.1154150380258168,0.11541696944924665,0.9999832656892738,0.8087301612680586,0.8087269604455812
2697,10,111.36877318487355,44.19603024982677,0.29436126888994335,0.297004391018992,0.9911007304640165,0.4022116551496782,0.39684400739928066
2698,766,5777.699910283304,0.06537376928464946,0.09895243777484315,0.0989695643891207,0.9998269506955673,0.00018436218973558343,1.1314843328622083e-05
2699,496,108.0511088971079,15.925866396597051,0.40503257971380285,0.4087811074600521,0.9908299877909217,0.15521040150602206,0.1473919755119082
2700,205,385.13420817229013,65.41071418167802,0.7056327609981519,0.7074649346820915,0.9974102268619675,0.17198868366525574,0.1698387543710905
2701,661,2362.795991012727,48.462935989862196,0.8805947663060922,0.880967458137996,0.9995769516473497,0.02092521358777272,0.020510842313174196
2702,8,2261.7869550974324,2135.1013867896168,0.048738226025116176,0.04875977457367212,0.9995580671005074,0.9440134794738726,0.9439887262492597
2703,239,61.17459486589398,7.869760777751585,0.5109046923359273,0.519256275104165,0.9839162602963971,0.14265892358258234,0.12864426474754032
2704,76,1223.1565113309,39.253618037609066,0.43261165498945875,0.4329653396168812,0.9991831109905115,0.032882738167071,0.03209206481261972
2705,464,3995.2485456414006,0.5156598021427315,0.34305035584905513,0.34313622043343084,0.9997497653139991,0.0003792706546733237,0.00012906826602947853
2706,30,2581.3868475491677,856.7292294534951,0.5440336488838718,0.5442444013518333,0.9996127613486919,0.33214591000086957,0.3318871908977513
2707,334,2034.8379665734212,126.45505681785826,0.3452367932983355,0.3454064563373438,0.9995088017728233,0.06260569795364491,0.06214502525270014
2708,736,42.11753196352462,22.160203826705402,0.13297338239981865,0.13613058027444672,0.9768075779280234,0.5371412224219566,0.5261515286768698
2709,16,2957.570794693924,971.0305100060384,0.5076123720670874,0.5077840035874478,0.999661998961866,0.3285473214801334,0.32832029304188787
2710,11,365.8611247397112,28.585087337076498,0.5614615013756734,0.5629961314946157,0.9972741728884207,0.08064383316184615,0.07813097758722826
2711,854,365.83081063287847,22.730116039477405,0.17693809051270132,0.17742175149851772,0.9972739476319484,0.06468953902355364,0.06213286409680708
2712,86,22296.14066849617,1943.2383327701489,0.4251265666686246,0.4251456339400861,0.999955151200108,0.08719675592831419,0.08715581596217192
2713,259,12.152799516164748,3.297013643288212,0.17185477732211318,0.18599594513233872,0.9239705586045766,0.3266995469677156,0.2712966373634955
2714,5,1151.7347597973899,289.5044161604735,0.85855623978142,0.8593016859290488,0.9991324977480723,0.25201323521426033,0.25136379161761374
2715,13,1318.196984817388,95.02257593846477,0.6780557118781162,0.6785700930515582,0.9992419630945878,0.07278865631409615,0.07208526269814552
2716,990,7011.342380335357,5885.958971484817,0.11694829864373303,0.11696497851647347,0.9998573942991141,0.8395139102154451,0.8394910207199563
2717,11,40.17527569655077,24.455475899676287,0.1986828994964355,0.20362830176317073,0.975713580951596,0.618222354776089,0.6087195538965747
2718,497,30.761230229161324,12.241126831483536,0.24186748691025,0.24973022468466324,0.9685150734784242,0.4168959053521264,0.39794009343225406
2719,304,381.8744037900695,140.02174592203048,0.33281701861120494,0.3336885538995301,0.997388177454275,0.3683237754366909,0.3666696288945452
2720,74,3712.2123564792855,147.7395321131492,1.0030150585992936,1.003285251940159,0.9997306914057166,0.04005683430779539,0.03979824372258366
2721,28,331.20127539114407,47.7098724883288,0.5506366607614166,0.5522992046634927,0.9969897767586158,0.14662759024924357,0.14405099265389032
2722,127,330.0570357995766,4.51979517191729,0.7218784227961925,0.724065555153627,0.9969793724589336,0.016673245317338607,0.013693982196040459
2723,10,13.811277538116968,5.94106022771865,0.2773217659235079,0.2974011369417313,0.9324838794339999,0.4686334591905231,0.4301600783361461
2724,12,697.5936176103963,573.1725367812734,0.11362413953608728,0.11378701966667869,0.9985685526251717,0.8218977704738891,0.8216424610429682
2725,239,19856.187333478447,2703.2193585663977,0.8534749818477047,0.8535179646705151,0.9999496404005661,0.1361834036790895,0.13613990003048798
2726,117,6651.665926574859,3297.449604299075,0.2816985486422042,0.2817408987168699,0.999849684320386,0.49580869394373595,0.4957328946910943
2727,569,67.77197819680856,12.076349544998624,0.14068978381342062,0.1427657123543415,0.9854591939010646,0.19014066321572595,0.17819089638979005
2728,30,88.80611871920183,72.67129248068433,0.09789604786945146,0.09899840488360036,0.9888649012532573,0.8203371165725744,0.8183140253034299
2729,375,37.419730843965105,12.435485324677433,0.39413207613428386,0.404664810262644,0.9739717072964067,0.3497027446455381,0.3323242857232624
2730,7,4119.314375984586,1961.1081697373193,0.3180214451266785,0.3180986476453745,0.9997573000725799,0.4762035103858928,0.4760763541550725
2731,416,118.090445893,101.26603209042563,0.05063549169316086,0.05106427736934536,0.9916030207755,0.8587257468353866,0.8575294243717335
2732,19,4647.40548785602,294.6597746654089,1.011219716186401,1.0114373041973521,0.9997848724680727,0.06360455761396491,0.06340306982796627
2733,25,715.0286522653405,159.20501477035765,0.7165536185230718,0.7175557512575471,0.998603407842918,0.2237410671535391,0.22265543382907424
2734,8,9224.202396956061,115.13352795268983,0.765605627167367,0.7656886268235129,0.9998916012942621,0.012588724122845167,0.0124816784148929
2735,82,515.5016530159851,403.75532249248624,0.14510505275682015,0.14538653595267,0.9980638977742651,0.7836476807557469,0.7832279879807995
2736,105,8690.592035548596,1989.4660759236044,0.4140591959912596,0.41410684052391017,0.9998849462795875,0.22901052739044833,0.22892181197618705
2737,15,1889.451121954747,522.4416614307456,0.6368426241101509,0.637179675763253,0.9994710257311671,0.2768871701319108,0.27650445960742787
2738,344,231.05149967686054,20.96330519668443,0.6541704391345955,0.6570017145863865,0.9956906117762975,0.0946484087681789,0.09073001138708417
2739,19,33.485145039390474,14.756241520262346,0.3716685622710629,0.38276806809174385,0.9710020068392419,0.456899383843822,0.4406802330676407
2740,508,3140.175148361321,1310.945637500409,0.4650382963392542,0.4651863894469211,0.9996816478060698,0.4176607720154735,0.4174753240068526
2741,44,418.3394630513528,135.35937899218024,0.5720502563614397,0.5734176871368891,0.997615297180181,0.32517659559143736,0.32356349555185127
2742,34,27.725384266921623,23.20074721115832,0.10042801438517843,0.10405025505164943,0.965187584935059,0.8424864567965555,0.8368052535466021
2743,8,1559.1714371556457,770.6020924437042,0.2708494968739749,0.2710232106109121,0.9993590447971389,0.49456237569020933,0.49423820503631904
2744,92,3175.025620309052,438.94828451379107,1.0513512485348984,1.0516823801143758,0.9996851410789621,0.13852164217459326,0.13825031259781284
2745,332,372.4104860368919,110.03639946773704,0.29156529796649405,0.2923482117374495,0.997321982008022,0.29735747553904246,0.2954707334874469
2746,56,8796.173818900703,7858.944323492729,0.05715571715241986,0.05716221494547502,0.9998863271295321,0.8934624329697409,0.8934503211619
2747,727,2086.23818034963,361.0099002127803,0.4765888439683719,0.4768172880877719,0.999520897993619,0.17343966952163578,0.17304347299035583
2748,9,9.804586500374404,8.134880207222363,0.09964262219062636,0.1098054803781513,0.9074467125636554,0.8454631935156258,0.8297015082596007
2749,903,10555.223699113483,2831.798782208795,0.15496792692572176,0.15498260855932258,0.9999052691541502,0.2683534247618014,0.2682841086964962
2750,242,437.80307833669673,133.81708887491337,0.36391842032138577,0.3647496580132357,0.9977210734168261,0.30723824770314684,0.3056558884494641
2751,161,77.7721273676416,9.889815099607844,0.4991640297164601,0.5055823192324049,0.9873051543303782,0.13824452206023846,0.12716400379350645
2752,499,134411.91551008,652.8572084811084,0.29585737852039756,0.29585957964503296,0.9999925602387524,0.00486454152117602,0.004857137895874629
2753,9,1074.9616696206404,235.54516006885146,0.6028580025661917,0.603418820704739,0.9990705988621763,0.21984534091465535,0.21911958977288612
2754,224,84.31809314473887,80.86504873655825,0.017374327705112984,0.017580384638531635,0.9882791567047385,0.9595274076001363,0.9590474086949146
2755,49,309.7420549881754,241.83670939390174,0.08050770421844067,0.08076762276331348,0.9967818968049302,0.7814735903807495,0.7807680794367235
2756,707,13.391246605982339,0.5606898972321694,0.6283084726917831,0.6752278141973826,0.9305133163666092,0.10844716513880054,0.04186988065634529
2757,8,921.7268226488812,497.05551208903603,0.39028838719812053,0.3907118189325649,0.9989162556290179,0.5397648576631413,0.5392655392848238
2758,167,1181.371211663909,112.18895480578371,0.398688521053142,0.39902600051524245,0.9991542419249255,0.09573047253619861,0.09496503190370666
2759,81,4673.615760518729,493.07366178577655,0.9439282768334245,0.9441302464272469,0.9997860786744344,0.105692892656262,0.10550154036005943
2760,78,30479.606487448484,21721.387818544674,0.10250795135251921,0.10251131451770293,0.9999671922538547,0.7126625852241382,0.7126531580218909
2761,26,836.806668922242,693.0999298014416,0.10016028842067323,0.10027998188409849,0.9988064072093312,0.8284726722148615,0.8282676937722231
2762,7,17.569652957805335,17.151326190394986,0.016894174705479825,0.017855728968734358,0.9461486974327271,0.9774725586761968,0.9761903796042536
2763,154,2616.670907157708,14.747024255487878,0.4209814345213919,0.42114231888532544,0.999617981008512,0.006015662325019361,0.005635796314755705
2764,262,4907.83907726529,11.245444376410992,0.20868933375963047,0.20873185539297545,0.9997962858459485,0.002494570342125152,0.002291322962992726
2765,48,489.29336282090463,93.27071093058002,0.6956399110211797,0.6970616346002828,0.9979604047783832,0.19227409155243944,0.19062329068362976
2766,52,3369.8760569793794,419.10198799291595,1.444963981210782,1.445392769675633,0.99970334121365,0.12462694590122862,0.12436718173207297
2767,26,86.67017640177414,15.635890310621164,0.3215612785709396,0.32527145076535496,0.9885936125482717,0.18975541048739708,0.18040681304418224
2768,810,161.30053460161542,16.057364865631037,0.17420240296658532,0.17528238948613928,0.9938385908434951,0.10509740406894051,0.0995493592460184
2769,11,2045.6997261659178,615.8804210413856,0.6303300977305364,0.6306382221779654,0.9995114085436102,0.30140250333496044,0.30106100771479216
2770,14,1076.283525638231,153.8189043409305,0.5344239435898287,0.5349204892777066,0.9990717392625054,0.1437123103216573,0.1429167135580902
2771,12,360.2512130551866,234.5079947620985,0.18026277234585833,0.18076315309632712,0.9972318432053343,0.6519230558988354,0.650956849730786
2772,86,2385.55300643139,16.866207734731645,0.7746951496570836,0.7750198941283105,0.9995809856318694,0.0074861977448583755,0.00707014586943186
2773,112,416.5359968789854,5.433379959035841,0.7756286537449127,0.7774907464801305,0.9976049969164934,0.015407964839257753,0.01304420266134737
2774,8,189.08933488205238,95.71724030050602,0.4396020256649447,0.4419268634245104,0.9947393155927422,0.508798877961868,0.5062011580939307
2775,7,26.220869574905773,7.967139036071998,0.40724630397330863,0.42277768453297754,0.9632634807184166,0.3294214760993005,0.30384724706829747
2776,20,4310.235322859511,2254.9287203696745,0.14587146503413836,0.14590530807381197,0.9997680479201176,0.5232673587563264,0.5231567539736327
2777,686,755.4330588494429,658.3896608918176,0.04485404567225798,0.04491342094733605,0.9986780059539955,0.8717092056959658,0.8715393815231933
2778,37,518.4516711598886,64.55780840535559,0.6908206760714678,0.6921531448713584,0.9980748930930045,0.12620578976860528,0.12452039793974584
2779,59,9.321761787719087,3.7889780536608666,0.41705742292740583,0.46179761608240116,0.9031173146051666,0.4639690541355866,0.4064658741497384
2780,8,4019.133315707169,2282.5371729722697,0.34416601197162955,0.34425164386909024,0.9997512520303512,0.5680252353946078,0.5679177558136451
2781,24,1324.414209963647,1141.3442017102013,0.10313750911066033,0.1032153831687418,0.9992455188781874,0.8618771348026616,0.8617728450237101
2782,90,4445.02956871521,3687.380521644812,0.06716259922348967,0.06717770881909196,0.9997750802183061,0.829589741732343,0.8295514044714467
2783,761,44.572809516843414,32.581909888262544,0.20132994754290567,0.20584682565144904,0.9780570912655627,0.7368847838062494,0.7309817406944096
2784,53,44.50192689394528,28.831054006843917,0.2170078217705963,0.22188419088350586,0.9780229087367934,0.65559979638606,0.6478608010739089
2785,295,913.1960639922736,74.58553334414567,0.9405657541077832,0.9415957254263142,0.9989061427418177,0.08267978426210386,0.08167526808873404
2786,270,707.6752355830447,171.55220734526318,0.18648065783283913,0.1867441694670695,0.9985889164037496,0.2434855892816689,0.24241657573890302
2787,145,225.48502483969418,1.5484972188600767,0.7108118237834624,0.7139641919919001,0.9955846970425186,0.011252387307566584,0.00686740602823164
2788,6,812.773980000426,243.42108429093759,0.6252525861856976,0.6260218684235289,0.9987711575639225,0.30035500064871773,0.2994941893819115
2789,194,11.695956953257983,0.19143869930812255,0.2741258124163844,0.29756346813894796,0.9212347675971457,0.0938439460447588,0.01636793808947767
2790,5,6595.036808744296,3141.027798822707,0.309600406132947,0.30964735058755904,0.9998483938114665,0.47635085884562595,0.4762714583576014
2791,8,39.17027036112682,15.17378155357102,0.37309750781716516,0.3826225252443472,0.9751059678959066,0.4026306372391895,0.38738005670314996
2792,789,436.2156162946596,11.461570354393835,0.5813987033082759,0.5827315274475096,0.9977127989881177,0.02850211632421522,0.02627501154532636
2793,57,1756.7257339177909,1164.8895705420523,0.18540425214461445,0.1855097918134227,0.9994310830292215,0.6632943627350802,0.6631026961415056
2794,9,13.5894458760458,7.0606359034408595,0.22499488781780064,0.24155147812104474,0.931457300812097,0.5524977419927579,0.5195676091463513
2795,142,1775.7665537695427,0.24735780829694318,1.192179506449562,1.1928508669411306,0.9994371798603037,0.0007020380959167542,0.0001392963550146046
2796,144,308.1973994396606,13.337745746943709,0.5419121869819917,0.5436705152091839,0.9967658201465724,0.04637084843833461,0.04327663299947797
2797,662,11118.748771039232,33.29551509462936,0.9400793303060435,0.9401638793276704,0.9999100699106975,0.0030841987351324087,0.002994537944894796
2798,505,3989.3602024672764,1015.8333587506687,0.6657870968514714,0.6659539875464855,0.9997493960571827,0.25482244889119315,0.25463565764816426
2799,190,54.72181632098846,32.3624362352665,0.24372583925671595,0.24817974549818758,0.9820537077571297,0.5987320306122189,0.5913991605365252
2800,86,141.27966697829117,30.738242621337545,0.45912975435351583,0.4623795479308469,0.9929715888345971,0.22306941881006875,0.21757018032935155
2801,80,22.314130003442575,11.616744612638184,0.3995658445385185,0.41747224933569743,0.9571075566683235,0.5411630033278184,0.5206003823965343
2802,175,3791.2746631223176,15.624975404467685,0.6168384125986717,0.6170011120777146,0.9997363060197817,0.004383905935436579,0.004121298716880534
2803,9,927.7782509334429,492.38541084452027,0.26660058854873975,0.2668879423299698,0.9989233167346512,0.5312198152235551,0.53071454342579
2804,124,115.15181019266804,97.9577678485785,0.06575519191932558,0.06632622238605734,0.991390577569637,0.8519692261741876,0.8506836990636877
2805,8,440.7828300524693,313.9448497404942,0.2678847966241994,0.26849254442733483,0.9977364443976212,0.7128951790704249,0.7122438269728503
2806,11,86970.20784389031,1295.6550263443312,0.4469486826834202,0.44695382178442694,0.9999885019419092,0.014909014816395018,0.014897688052787048
2807,12,3772.917721856316,192.8694679287843,0.8313384484584907,0.831558792104906,0.9997350233699561,0.05137087828015067,0.05111944710893151
2808,12,266.6897669586779,54.932763212572894,0.6137746487719796,0.6160761043387658,0.9962643323599504,0.20894621355177534,0.20598001880246278
2809,630,876.0833361584708,0.3017998250521292,0.44638877830095847,0.4468983060591947,0.9988598574858577,0.001484237325444889,0.0003444875762338869
2810,437,20420.65069890278,10364.167801678546,0.18811096819079207,0.1881201799916776,0.9999510323619404,0.5075577853378644,0.5075336704248813
2811,17,159.33317475860053,20.03760020786628,0.25830566461626076,0.25992683148880696,0.9937629875943914,0.13121177348069563,0.1257591222808713
2812,14,56.497322443316726,19.11904896742722,0.44330679667243456,0.45115330651574975,0.9826078857674486,0.3499127978917874,0.3384062844147914
2813,72,1427.3115461102377,1130.1328539282697,0.09306101478978897,0.09312621500136395,0.9992998726344239,0.7919370651373061,0.7917912925234506
2814,12,600.6545411866203,576.2425271140213,0.02632967205612382,0.026373507023231657,0.9983379166422871,0.9594251976816262,0.9593576467025922
2815,237,14335.341964484884,127.26240193599577,1.0770645814823294,1.077139714993909,0.9999302471995659,0.008946661725406488,0.008877528157422558
2816,674,24859.509584778185,4182.836523835398,0.5195512654297151,0.5195721649274971,0.9999597755630636,0.16829246840527817,0.16825901209236266
2817,8,52388.833277379046,46789.72400113033,0.06059320980229339,0.06059436640773794,0.9999809123271168,0.893126033698101,0.8931239936838533
2818,55,44.99325669312615,28.41964434109142,0.20834768865450357,0.21297833119890805,0.9782576822799885,0.6396512544737517,0.631642304421881
2819,29,51.059213119168305,33.071811977790446,0.2601767380319158,0.2652723265092526,0.9807911042045351,0.6544818858440474,0.6477148776383091
2820,26,83.76181519422902,40.299733467996894,0.39962258852318716,0.4043935284508442,0.9882022347243449,0.4872445614025592,0.48112297201951576
2821,266,868.2832190163153,34.886342143855096,0.6468587994003631,0.6476037853510683,0.9988496269361653,0.041282681361851474,0.04017852859505692
2822,10,50.86805378274645,22.675093363419972,0.28597685447705906,0.29159878874052514,0.9807203099582534,0.4564484617561519,0.44576294308926295
2823,49,2697.1399041051295,532.2023216066726,0.7057620894600379,0.7060237600127541,0.9996293742965372,0.19761848553346814,0.19732099206149611
2824,989,14045.179384898976,2640.781310508297,0.28102184885264286,0.28104185727269576,0.9999288062630703,0.188078283646902,0.18802047579026285
2825,869,6258.1935950522775,6.544305951231049,1.6894555943383842,1.6897255533239406,0.9998402350103393,0.0012053159622981814,0.001045718041769269
2826,486,64.12166461310262,0.8030248091608259,0.37185211216383446,0.3776512771482047,0.9846441271742491,0.027687019671147246,0.012523455434385834
2827,34,142.18955856940985,18.346938878429114,0.6658140198833109,0.670496600141539,0.9930162505563196,0.13511417362915368,0.12903154818835064
2828,21,11.328352386532382,4.885100462737899,0.4046272219923117,0.4403453218700441,0.9188861602388645,0.47736309591270637,0.4312277987172707
2829,17,31057.21927627752,2743.160780001798,0.6650361240128705,0.665057537266842,0.9999678024038949,0.08835538044184672,0.08832602673147594
2830,53,10575.232213477153,258.64480016040267,0.6897254118480866,0.6897906326770883,0.9999054483695312,0.024549839197889466,0.02445760007338504
2831,5,41.96141007846239,23.188424708980204,0.5363450478249906,0.5491269120860366,0.9767232966009808,0.5630267876404377,0.5526130953564443
2832,167,9.407476992319683,6.2436648578989775,0.07671766932287663,0.08487263684344666,0.903915233179188,0.6960058487993318,0.6636917489137991
2833,4,6806.803436116146,2817.5230791615854,0.5646551282019325,0.5647380827243456,0.9998531097424618,0.4140135809751807,0.41392749263363765
2834,61,18219.27823761834,7226.024665249146,0.3038322629624317,0.3038489393784235,0.9999451160960907,0.3966473272799936,0.39661421111233586
2835,36,6847.3343053467615,3401.5852325537867,0.21563246217592977,0.2156639536224635,0.9998539790910592,0.4968485884074403,0.49677510705117006
2836,6,21.229824251191648,13.434785673398238,0.4495926278343274,0.4707700347932706,0.9550153888442733,0.6493432206340746,0.6328260429496553
2837,454,1125.6246870932096,173.45303906269368,0.34403318473985045,0.3443388223015392,0.9991123929632857,0.15484574504824478,0.1540949137412891
2838,37,22.857090366367224,10.031407247175705,0.33481112583377376,0.3494591462277618,0.9580837401106648,0.46239533311771097,0.43887507492800976
2839,8,112.02875327500081,46.90829172924768,0.4421073413135831,0.44605371515413034,0.9911526937082373,0.4238593308437723,0.41871653801323927
2840,95,48.56964406156048,46.48610471216285,0.016284941231214118,0.016620231751576453,0.9798263631113007,0.9579674337219349,0.9571020255623696
2841,209,25.617702745804888,6.459879045706828,0.25169374398808136,0.2615187367474067,0.9624310178248718,0.2802600628967708,0.2521646499612338
2842,14,51798.376278639866,303.53239349613824,0.6263774195570578,0.6263895121642892,0.9999806947482413,0.005879074525106127,0.005859882399852486
2843,859,11.09178389240369,0.2574757366108066,0.453094178685964,0.49394371047284547,0.9172992166500576,0.10399422846125946,0.023213194478765603
2844,833,37.277671652846585,0.2528100979933329,0.7255296265043849,0.7449924736816705,0.9738751089912326,0.032729527264758945,0.006781810311214218
2845,205,11.251732535243754,6.520933379787749,0.26470942692883664,0.28823553067327673,0.9183788907304853,0.6138669252003971,0.579549270244583
2846,37,56.01563639536614,22.655535729082764,0.346614435353813,0.35280225107204133,0.9824609517104107,0.414895583468491,0.404450206888249
2847,18,36.988320328035826,29.680571467070305,0.0729413397538954,0.07491334981293582,0.9736761196240099,0.8076316931661672,0.802430908022971
2848,14,6520.586366966457,5609.27680447003,0.1573069102853599,0.15733103494247389,0.9998466630749439,0.8602625939123572,0.8602411637221529
2849,104,9.252221869647995,5.156770527911194,0.15471787027486386,0.1714401098033405,0.9024601678821905,0.6005303636803351,0.5573548279065843
2850,22,2969.167268370702,177.9961902563244,0.9351395592215803,0.9354545093320655,0.9996633186249644,0.06026468346158617,0.05994818552408395
2851,189,293.1207083275549,118.35503097726496,0.19062462405403666,0.19127495212243442,0.9966000353878981,0.40580288159901423,0.40377574021486823
2852,21,121.30127642126655,40.16068623321886,0.48491289490126477,0.4889104859341672,0.9918234704554062,0.3365515670616629,0.33108214041989986
2853,187,725.756257076849,572.8598269948462,0.18108061185018418,0.1813301179482501,0.9986240228546196,0.7896180065969007,0.7893281269143604
2854,106,51.06340736252623,16.78747163115369,0.38647505431958545,0.3940435867439064,0.9807926516788108,0.34165016337283777,0.32875737241681735
2855,4,8878.575004709004,691.8224902257537,0.9426480104149114,0.9427541815076728,0.999887381997509,0.07802428493011625,0.07792044217217582
2856,489,35.88459049163508,3.3331757867333334,0.5250921412295873,0.5397249441691104,0.9728884071458844,0.1174792976952269,0.09288599203912658
2857,146,25.09795254929587,12.433769647375144,0.3140614136308038,0.3265748412904483,0.9616828179102893,0.5147441977297024,0.49540972009384
2858,11,17.021640260771438,15.530692400015647,0.09958868706847608,0.10543939743144798,0.9445111551706679,0.9172690255058964,0.9124086845971083
2859,43,22.23203129320791,19.041696507168947,0.06464561858529749,0.06755338790842935,0.956955980844759,0.8626751683581071,0.856498277464478
2860,112,26468.362655510144,1876.3258253918077,0.9048017794526839,0.904835963727368,0.9999622204730422,0.07092448162899018,0.07088938026928526
2861,97,591.4676688695777,36.97493879654897,0.6331952965726443,0.6342658458687416,0.9983121441851706,0.06409622126554984,0.06251387986636033
2862,954,894.9829923802092,36.270993859566545,0.7036831170101496,0.7044693700708238,0.9988839073860726,0.041597880960390646,0.04052702025443384
2863,14,33.116472765778475,32.185122787810506,0.020208105299573134,0.020818318393295357,0.9706886463068629,0.9727008713836858,0.9718765345405264
2864,6,692.1233120518432,272.0354662692084,0.8300759586929501,0.8312752767107644,0.9985572552782277,0.3939204778164875,0.39304479640014167
2865,303,750.0507716764181,437.44851106705664,0.08977718411466404,0.08989687892400876,0.998668532091688,0.5837801219328982,0.5832251996612541
2866,634,24723.069687418014,577.039662648673,0.753013894173318,0.753044352118213,0.9999595535843151,0.023379632477853563,0.023340130086772284
2867,268,1116.360861019579,115.7427789777076,0.401041817667066,0.40140105797337766,0.9991050339824079,0.10448081998431658,0.1036786428288063
2868,35,13580.971550123539,2124.9566907064345,0.5843799902507536,0.5844230195721902,0.999926372986697,0.15652784154794502,0.1564657346393679
2869,24,15552.869270525332,1735.8732600278338,0.6488636592921861,0.6489053791605915,0.9999357073161277,0.1116682434331127,0.11161112652811496
2870,93,25.625765263450003,12.564797832705294,0.23787635842461152,0.24715906104750235,0.9624423940455626,0.5094613318523507,0.4903189311043307
2871,295,562.6247542558505,4.123342853570606,0.8468533130628382,0.8483584962362714,0.9982257699072846,0.009089989066102885,0.007328761883263208
2872,282,42.02354065405461,14.535778880107086,0.5458044250876326,0.5587924888393473,0.9767569106401344,0.3610994967854411,0.34589610142011235
2873,114,800.589681644756,361.0874172770422,0.16050246919733974,0.16070294950938618,0.9987524789516403,0.4517116743994094,0.45102681880087836
2874,89,29.084644045017658,10.736997288543705,0.40321186902150974,0.4170752626527817,0.9667604509960751,0.3901324965314814,0.3691637852581182
2875,29,53168.30973110011,908.9354549616294,1.1394245128790725,1.1394459433988433,0.9999811921575614,0.017113922666356987,0.017095436352191566
2876,110,832.8473416465981,166.81125588078697,0.8025377625778234,0.8035013698590701,0.9988007397157074,0.20124937443514557,0.20029031437020536
2877,108,849.093139824036,481.7627817973754,0.3608598330267075,0.3612848274308567,0.9988236583108917,0.5678939861781549,0.567385083216212
2878,35,44667.130963971606,12023.383062668108,0.5802903118173008,0.5803033032564039,0.9999776126742168,0.26919378096134644,0.269177419798154
2879,13,176.4178143485953,161.66538388673794,0.04635523948137811,0.04661799775016485,0.994363587424005,0.9168492154182929,0.9163778866871852
2880,22,2104.5214086915144,409.48223458027024,0.45239231261224405,0.45260727469851403,0.9995250582606894,0.19495514644772302,0.19457261536477585
2881,122,10725.655049335546,934.1210914837917,0.8300744459166473,0.8301518374085514,0.9999067742930671,0.08717732482147052,0.08709221834816144
2882,35,31.845561192687214,22.020631379920285,0.17369134080678664,0.17914551822749017,0.9695544857908336,0.7008749597813428,0.6914819697062504
2883,6,10863.888941191428,632.8340424431898,0.4524620496380346,0.4525036978960467,0.9999079604029629,0.058337829854861314,0.05825115167035091
2884,52,23103.648263629686,54.70089016211341,0.8613969567443732,0.861434240767525,0.9999567186659326,0.0024108088349388676,0.002367629975055708
2885,19,8459.1387591565,956.2535471691803,1.1883925545684781,1.1885330408033543,0.9998817986290215,0.11314868164935644,0.11304384221550856
2886,642,67.41449979413723,14.412005297102144,0.3811134971616427,0.38676678389261965,0.9853832155024292,0.2252739601031604,0.21378198074764176
2887,10,23.286749393278942,21.65746867503382,0.05320340967379423,0.055488117117296405,0.9588252843636318,0.9329148297344392,0.9300339995621987
2888,92,60.15976346329989,11.597982338412436,0.679839748520911,0.6911403206871501,0.9836493808449726,0.2059848113371482,0.19278636867459956
2889,28,5146.498563433614,364.48384178136854,0.5267212711517377,0.5268236167105016,0.9998057308831314,0.07100222317256448,0.07082171252724379
2890,175,103.41314599185061,3.466171973024359,0.4562827027756265,0.46069493391316085,0.9904226619119583,0.042774038944990135,0.03351771131010276
2891,855,36113.3838334892,1131.5414999748464,0.6477103865401623,0.6477283220066787,0.999972310201813,0.03135984557279447,0.03133302337970136
2892,458,2720.2805155969577,262.11627829604595,0.3156313416780866,0.31574737064637437,0.9996325259398036,0.09668840708923647,0.09635634148507118
2893,18,132.09336370246527,35.14926750902019,0.6100178061866802,0.6146358868312214,0.9924864773706107,0.27160833946486695,0.26609412103542485
2894,79,358.51310321692426,66.58093240018079,1.0175086884303526,1.0203468237155078,0.9972184602145177,0.18797905221107775,0.18571408353768007
2895,29,35.326507978078965,22.45511071742156,0.20937199288063865,0.21529876019685798,0.9724718929602744,0.6456747984577934,0.6356447892148172
2896,103,2021.4693001341461,276.0106429909764,0.5517937699738614,0.5520667366570247,0.9995055549174795,0.1369665502327293,0.1365396164921526
2897,271,8.373959226854138,0.062350984759312375,0.2730925868088388,0.3057047096303912,0.8933214903330023,0.11333001979739067,0.0074458190051082795
2898,61,16448.322396357857,1799.2556487979523,0.9409236989000281,0.940980903742943,0.9999392072222855,0.10944254148709236,0.10938839873398642
2899,263,84.55310267860352,42.12772828985786,0.3452778276763817,0.349361389565161,0.9883113531982971,0.5041047833399492,0.49823988659517804
2900,115,1075.4217377621146,66.88701454228298,0.5840071026334026,0.5845501520084775,0.9990709960929631,0.06306730174682311,0.06219607823947346
2901,868,4984.493792641381,109.58475128314467,0.6451185980345387,0.6452480231326273,0.999799418063367,0.02218130357445604,0.02198513145806799
2902,35,1818.377111761828,262.01168167757567,1.2687225343255262,1.2694202567760118,0.9994503613387598,0.14456138860782047,0.14409094790228205
2903,56,320.9450910177692,145.01312753922065,0.44397425083412073,0.4453575848163487,0.9968938802674745,0.45353425665733077,0.45183157991094486
2904,74,31180.34778956278,0.03436120702848259,0.13259242340426505,0.13259667583994345,0.9999679295453566,3.3172434174725144e-05,1.1020148736116586e-06
2905,15,2390.908028584851,128.39489789729828,0.7115569551306895,0.711854564635791,0.9995819237244706,0.05409693698542979,0.05370131195439318
2906,339,305.58610123580064,114.81061439408543,0.19980039727799506,0.20045422412571492,0.9967382735356586,0.3777425458208019,0.37570627044157895
2907,6,25.74506103198335,8.44443429785388,0.490860829510087,0.5099270429830435,0.9626099189377755,0.3531281639836102,0.3280021083408298
2908,499,27.136374057675262,10.79897046735943,0.47886064140806767,0.496507090428497,0.9644588176873767,0.4193493604816792,0.39795185769504254
2909,22,52.45615927519416,45.725454883814415,0.10017483046834874,0.10208451718297859,0.9812930817784358,0.874089263376932,0.87168895923033
2910,17,31.723140797820246,26.4262166717726,0.07779551128482333,0.08024783817706375,0.9694405862145538,0.8381291038419979,0.8330264912983771
2911,108,3448.742458789531,0.3462684354500856,0.5673383000406359,0.56750280588786,0.999710123288348,0.00039025186706907777,0.00010040426027393818
2912,5,1221.6597922152146,1161.916937701971,0.04163505514465334,0.04166913587270051,0.9991821109957431,0.951136976210691,0.9510969789675136
2913,15,344.5571720103448,2.362282249000486,0.8282926101975926,0.8306965439348148,0.9971061228618632,0.00973003173234625,0.0068559950014030245
2914,81,554.894096846834,247.46360775661265,0.20038390513017984,0.20074502611933584,0.9982010962057843,0.4469621267179458,0.44596547190322583
2915,7,7213.370014927345,123.57035823541739,0.5829803275088747,0.5830611469214799,0.9998613877583304,0.01726697660054409,0.01713073888899376
2916,318,159.02211684766624,15.110034864914407,0.7164097833814438,0.7209148786322367,0.9937508638199558,0.10067380173610893,0.09501844878212082
2917,122,485.6168335963868,219.2712641076216,0.15559372683643638,0.15591413114714392,0.9979449950536866,0.45265853727189503,0.45153143165104037
2918,12,1390.1270062348333,279.3020857125242,1.7952685342429,1.7965599763386155,0.9992811583733778,0.20149280723920257,0.2009183941178263
2919,330,6.6179552985368435,5.327572123204733,0.06943506617841762,0.07992698748132653,0.8687311803743366,0.8306129237093383,0.8050178465821006
2920,38,90137.7787984042,656.2212588376992,0.7174809638655302,0.7174889236907385,0.9999889059956949,0.0072912154746136255,0.00728020223690399
2921,910,2257.0061268606346,846.5532216336755,0.18739060351737033,0.18747362970028017,0.9995571314054005,0.3753547041132484,0.37507794576135345
2922,8,2580.4866605530297,2240.8828269696537,0.09748622099617928,0.0975239992271178,0.9996126263151849,0.8684464116074019,0.8683954314607483
2923,790,29167.31046742049,14809.002544609593,0.20642287367074424,0.20642995087019678,0.9999657162179098,0.5077428999924972,0.5077260229787405
2924,303,44.70055111210949,28.72000328538168,0.09427983680980286,0.09638897941462997,0.9781184258030748,0.6503204570219424,0.6424977449014351
2925,131,31873.778836899237,27044.64892642972,0.06396950578331449,0.0639715127466592,0.9999686272333022,0.8484968339645649,0.8484920807419611
2926,24,157.25114679191938,19.264490161078186,0.6317988803121292,0.6358166499322653,0.9936809304686121,0.12805272234597753,0.12250778804538502
2927,10,1456.9520827874858,62.88272869583384,0.6268379160360648,0.6272681552480757,0.9993141064018454,0.04381675464511513,0.04316046453327735
2928,830,114349.54822200163,1145.6607258332892,0.26630685882036265,0.2663091877045862,0.9999912549610336,0.010027592728345712,0.010018935305359224
2929,51,445.7146096411772,300.45471908391613,0.370823000023013,0.3716549740979071,0.9977614343063388,0.6748261923335329,0.6740966362439799
2930,330,3817.477307832673,1037.948854386238,0.506828850134498,0.5069616155209732,0.9997381155053745,0.2720845956724919,0.2718939159786443
2931,28,6860.109518718152,166.934475035576,1.2958907149778722,1.2960796173141165,0.9998542509783189,0.024476285442963007,0.0243340830900858
2932,671,694.520294376768,54.720183107804154,1.396961807673417,1.398973212982929,0.9985622274316294,0.08011295077699078,0.07878845809236956
2933,151,13.65256143979786,7.852332568270228,0.17755443129163848,0.1905596414915398,0.9317525468766233,0.6041491519855624,0.575154530737383
2934,24,2851.604003661652,54.42532033399553,0.31685310729946087,0.3169642212924601,0.9996494431057671,0.019429728158149757,0.019085861944403832
2935,204,3067.5615583708873,117.44479958201306,0.8286775083202843,0.8289476504160668,0.9996741144080126,0.03859945362963353,0.038286044908055684
2936,81,20.838150410853686,13.14714432793137,0.3429489555509023,0.3594067000622518,0.9542085762215928,0.647817881174596,0.6309170472770748
2937,126,12564.650057706393,25.24150721355516,0.8668385021292327,0.8669074923914486,0.9999204179652139,0.002088352539903934,0.0020089303798853956
2938,168,5099.363845354276,9.572094871192059,0.19850120373269314,0.1985401303929104,0.9998039355563018,0.0020728118996494282,0.0018771154915554061
2939,5,526.7790481297807,274.8357180648295,0.3328616734102955,0.33349355441352074,0.9981052677184826,0.5226348394129537,0.5217286432339641
2940,14,4005.240181573326,1424.500278415215,0.468032881287495,0.46814973642228586,0.9997503894038606,0.3558199742920541,0.355659139985869
2941,649,85.56479603005342,34.3795377837371,0.12968340531748881,0.13119902168466788,0.9884479598420955,0.408705841245835,0.4017953571894424
2942,194,20994.27131812493,1877.3031682387077,0.30963898610571194,0.3096537348427085,0.9999523702273314,0.0894631529061115,0.08941978217733998
2943,25,974.5843148461496,864.9584845866194,0.04211121877441562,0.04215442819009461,0.9989749732700884,0.8876305936952069,0.887515293864712
2944,290,19.94711218967828,7.8535051685725366,0.3797154144919244,0.39875152412429565,0.9522607225786115,0.4226599393941812,0.3937163983384205
2945,5,26771.243710934148,22134.863224444776,0.14761317438527868,0.14761868825590713,0.9999626478822323,0.8268213700521555,0.8268149012219503
2946,22,101964.30351558309,39237.06551297871,0.6604409462291888,0.6604474234072156,0.9999901927423784,0.38481781704285384,0.38481178373353137
2947,25,155.3523277964194,26.803044438639322,0.7330741492985668,0.7377929337525675,0.9936041886034338,0.17782302847988707,0.17253069084206596
2948,82,107449.01588355418,4908.515511037349,0.4514777193122465,0.4514819210977688,0.9999906933471177,0.045691156680310714,0.04568227517650659
2949,178,7595.306686689923,4124.69281212836,0.18619335271000306,0.18621786697392823,0.9998683570791379,0.5431182523682602,0.5430580992017748
2950,749,161.522843947373,111.5744232310962,0.10223314201549315,0.10286607503918856,0.9938470188207892,0.692668307401446,0.6907655939208768
2951,25,205.48341579581083,105.12717850971951,0.4041906059475337,0.40615762895219887,0.9951569960418085,0.5139743455942607,0.5116090663695436
2952,244,18.761879879416853,14.711577964277259,0.11369977880152979,0.11975992733314184,0.949397526647171,0.7950447052682363,0.7841206776095465
2953,27,663.3757026598804,35.27723290691038,0.5727398415450708,0.5736032132954207,0.9984948275561608,0.05460349131022044,0.05317836147067536
2954,52,262.96187518772433,49.34994376306344,1.3404496158044248,1.3455471213452852,0.9962115741173272,0.19074703014310526,0.18766957654159294
2955,6,1411.6878671472111,729.1990648830241,0.23910535977536965,0.23927473529055246,0.9992921295473292,0.5168863425985187,0.5165441184648101
2956,4,2283.666600050352,1177.970194305864,0.5726532109095431,0.5729039713361732,0.9995622993744567,0.5160359915446221,0.5158240674360659
2957,43,42.91061683402251,9.212716371318006,0.52858826288821,0.5409066190873946,0.9772264643017906,0.23257966085789675,0.21469550081166686
2958,215,682.8591067207442,227.14520958887215,0.3950228565511745,0.3956013402422659,0.998537710487186,0.3336143473805283,0.33263847161631743
2959,688,12.818287321457806,11.599930159520282,0.03382489487070993,0.0364636947370608,0.9276321314836793,0.9118300890989876,0.9049516420264667
2960,11,1003.2044616198468,454.41474983860473,0.45456319474931256,0.4550163059665566,0.9990041868581356,0.4535079928882125,0.4529632464999943
2961,628,237.42486942907183,66.05779204745907,0.2776182512337951,0.2787875400783098,0.9958058066576925,0.2812533449553083,0.2782260856089178
2962,33,137.29931924858147,102.9585415562306,0.10879922685306517,0.10959165049688585,0.9927693064186199,0.7516923591603065,0.7498838458901852
2963,318,11257.607274553231,1074.6331109538608,0.9152317327676576,0.9153130317249267,0.9999111790672138,0.09553873625070952,0.09545839402152254
2964,322,2976.6199330511704,229.52445823912532,0.5556258825777179,0.5558125459392068,0.9996641613024884,0.07741903379955771,0.07710909131884108
2965,5,4311.240793467082,725.6961213337704,0.9679258176003636,0.9681503297220403,0.9997681020035998,0.16851937452906007,0.16832651111332814
2966,353,102.47445229617719,40.98555987589798,0.18916646874664397,0.19101245537558348,0.990335778756889,0.40575773965656553,0.3999588088301199
2967,352,104.05065473455501,95.739655543792,0.06758720035671648,0.06823676090517376,0.9904807827944829,0.9208857935082511,0.9201254503206605
2968,77,442.4680745310765,50.43452940659978,0.5975799392642603,0.5989304998440207,0.9977450462447445,0.11598248523523748,0.11398456139473975
2969,723,23.7638722298747,17.69619805742741,0.10992615714796647,0.11455192503985799,0.9596185931377234,0.7549787805346793,0.7446681200036361
2970,181,118.79517115610763,22.480293122802273,0.5498795452836628,0.5545083491309257,0.9916524181204528,0.19600366939836503,0.18923574842331872
2971,62,48912.07987842676,671.0908027087548,0.46062529526824053,0.46063471268202494,0.9999795555707698,0.013740512852170289,0.013720348927642867
2972,10,998.6680065435896,14.545531240148126,0.9451068787098872,0.9460532461438265,0.9989996678962874,0.015550693968788405,0.014564931633777381
2973,4,3987.906117624096,3603.549847322618,0.08045894288907302,0.08047911862554126,0.9997493047039677,0.9036436910351725,0.9036195289044395
2974,5,1103.9615951486874,1043.7215730569783,0.05501274353389309,0.05506257565103887,0.9990949911703806,0.94548224811053,0.9454328643709787
2975,548,117356.49876985999,143.44025302358358,0.3335402525842097,0.3335430946956912,0.9999914790276678,0.0012307713996770953,0.001222260842195665
2976,8,377.2565569460397,304.58793373950385,0.1789583157436341,0.17943268341849264,0.9973562916976939,0.8078853575117207,0.8073761161507661
2977,39,3537.736664143923,2632.8257683755214,0.1266766452642293,0.12671245252104074,0.999717413276288,0.7442841947135069,0.7442119123958663
2978,6,1920.6443095629759,473.2158086529077,0.5855791212245938,0.5858840080369563,0.9994796123325091,0.24677605855204016,0.24638388602030295
2979,41,26.355871249702687,10.369653998295659,0.3503192107259359,0.3636110957638813,0.9634447760456223,0.415620248191482,0.393447588966069
2980,16,9.617025703194866,8.534642902649233,0.05496433029260196,0.06067964519233677,0.9058116625168304,0.8980521634962302,0.8874513977657297
2981,39,10897.37182929147,3709.814688148317,0.4224873206195154,0.422526090272165,0.9999082431747005,0.34049257506289055,0.34043205520220593
2982,26,114.754378068577,40.55795112149377,0.7587313960816046,0.7653431821315292,0.9913610179011324,0.35901839580420336,0.35343271258249004
2983,16,6658.843706367861,2752.3959506441147,0.3851480222469673,0.38520586232239645,0.9998498463261166,0.413432517644736,0.41334442915546954
2984,18,138.49717437261145,34.73668307626526,0.8524210279655465,0.8585758179952131,0.9928313960157438,0.25618212868462026,0.2508114929681527
2985,476,15.203228360113904,7.493704762440151,0.2201382959303133,0.23461800318169238,0.9382839038137848,0.5241983000960705,0.4929022037253677
2986,5,10476.128966410177,2283.8688323209703,0.5396750605544396,0.5397265752945011,0.9999045540048989,0.21808157937601913,0.21800694127036666
2987,9,22.69065135302776,21.041596617762046,0.04240151711285724,0.04427019494202849,0.9577892568212479,0.9303921740819946,0.9273244866527082
2988,241,7003.001863608003,2693.298654592826,0.3544444195878776,0.35449503280011024,0.9998572244811644,0.38467988830672584,0.38459202311353047
2989,77,4136.448149760825,3099.3037997210167,0.1365595930222,0.13659260675477397,0.9997583051282326,0.7493275293130228,0.7492669284154384
2990,445,412.93696358604416,233.56817537190668,0.2467166193891099,0.2473140873833688,0.9975841732245008,0.5666760787434426,0.5656267081143435
2991,484,59.74008032362101,37.85016149450641,0.1067317889224073,0.10851839162438268,0.9835364063617954,0.6396132716241749,0.6335806930534138
2992,584,55.515051522327745,14.4489026892003,0.19075670709929096,0.19419283301232498,0.9823055987199284,0.2733590835194906,0.26027000413372686
2993,56,43889.335586405396,8580.479191186047,0.4838218973662768,0.4838329210441452,0.9999772159408983,0.19552092907314375,0.19550259935682024
2994,5,36327.0033283827,33993.91683394204,0.039581830520355896,0.0395829201183655,0.9999724730260844,0.9357771889263774,0.935775421018067
2995,22,16443.544142073282,882.0552457231867,0.8807567749263151,0.8808103373923695,0.9999391895578644,0.05369897992270241,0.05364143143972932
2996,751,42.975075955312576,8.852562354250969,0.346893138201118,0.35496509922712843,0.9772598459860261,0.2240487853679465,0.2059929425943601
2997,13,5821.62201108119,261.15324074289157,0.6952449389185887,0.6953643635287052,0.9998282560677823,0.04502322840877883,0.04485918877003666
2998,205,18859.74382550999,11381.363836089007,0.22961133538406167,0.22962351006350107,0.9999469798217263,0.6034949597636683,0.6034739358810586
2999,346,3261.3712352474163,1693.3134925111647,0.29169044070391864,0.29177987867943994,0.9996934744920517,0.5193503039155717,0.5192029273486573
3000,8,7965.53506537387,2731.2705775131108,0.41011786558522584,0.4101693521284673,0.9998744749139001,0.34296849949092456,0.3428860152014052
3001,22,3591.289267237717,1156.9937128631948,0.3402896073227436,0.3403843614853857,0.9997216259812037,0.3223553635906475,0.3221666724031702
3002,261,207.55758389693472,31.190162769566022,0.5266974604840312,0.52923505728293,0.99520516117748,0.15434664215075392,0.15027233495382122
3003,687,1658.6166956865425,0.0022063647010341202,1.4992036756273464,1.5001075635958723,0.999397451229191,0.0006038782131475522,1.330243875376433e-06
3004,62,263.16269100885194,93.8443953199707,0.22670937145427972,0.2275708513646164,0.9962144540692673,0.35903781475633334,0.35660220284346494
3005,12,344.69841873237283,223.11213080316784,0.25867604247642095,0.2594264841042872,0.997107305252749,0.6482879835694804,0.6472676365144403
3006,11,21.781973672943863,21.12253203015223,0.020555488810801277,0.02149918147701427,0.9561056467558108,0.971054235587376,0.9697253493786585
3007,13,1761.904339823705,530.0044580543148,0.7195197511814685,0.7199281273542939,0.9994327542468355,0.30121002374264766,0.30081341312057086
3008,15,44.584678643725915,8.38306812412445,0.47109957429057947,0.48166597487081286,0.9780628046582128,0.20583819834421263,0.18802576084742373
3009,20,17.158853435788682,16.582563332620058,0.017166891273496063,0.018167359710256025,0.9449304437895195,0.9682639597700132,0.9664144165969365
3010,241,24843.851028675912,318.5470462890227,0.6536072999134078,0.6536336085279281,0.9999597502114687,0.012861701038987986,0.012821967331930187
3011,123,413.0715479819451,133.65818850976936,0.26878481773725754,0.26943551570725904,0.9975849584332138,0.3252051225592561,0.32357151966228237
3012,7,19.195668706568746,12.07621123780123,0.2108264274507617,0.221809448187029,0.9504844323538172,0.6474760221011213,0.6291112553775612
3013,13,22.670369081477045,13.890547107732889,0.14119016276102642,0.14741812324343367,0.957753087982792,0.6290796335484816,0.6127181722454726
3014,549,37.09431202331761,28.016029416962887,0.18012637269605705,0.18498227547120027,0.9737493618630546,0.7616892883956563,0.7552648341166677
3015,91,15134.414906022397,12302.254401858265,0.2296198647159235,0.22963503675039865,0.9999339297927274,0.8128785684601739,0.812866204491517
3016,9,90.87939425852761,49.457266032530114,0.36897589318069407,0.37303595427805414,0.9891161668177063,0.5491684663326676,0.5442076989624006
3017,343,35712.31951553758,8170.9423576673735,0.3591660903039828,0.35917614750819626,0.9999719992424796,0.2288205764270122,0.22879898221431377
3018,14,17.725751387574853,14.016396069222852,0.10799568811547157,0.11408827543400825,0.9465976035192083,0.8019115366012345,0.7907363565444039
3019,306,268.533611843509,58.13466895381832,0.4531432890313773,0.4548307622900151,0.9962898875833692,0.21939626953892438,0.21648935697366986
3020,22,53.41240808239468,12.068979552797817,0.3941312980560299,0.40151031937721876,0.9816218389289859,0.24018381125510838,0.22595834911955387
3021,5,501.9150368517203,399.73529186264176,0.14117114082505267,0.14145240584096166,0.9980115925619163,0.7968250350422407,0.7964202355243138
3022,682,2255.218988475312,82.60732426578028,0.3925874388798337,0.3927615183997764,0.9995567806116752,0.03705638712059582,0.036629402593682796
3023,585,205.7938183948728,43.61198768139272,0.31529979859091073,0.31683191360316015,0.9951642655096656,0.21573172751327666,0.21192078567545194
3024,59,955.5557107825106,102.38032727137343,0.8960134648513225,0.8969511532087262,0.9989545825834002,0.108075594663277,0.10714218555350744
3025,558,3085.544651499068,605.0692367037693,0.10810063942268143,0.10813567396329977,0.9996760131108052,0.196358486636315,0.19609803293878927
3026,24,2626.193713957166,906.3637586921785,0.25913585750595897,0.25923453105624916,0.9996193657153306,0.345373755224725,0.3451244871523448
3027,830,884.1753395333593,12.779800714426338,0.2916223701584072,0.29195219429748837,0.998870280321493,0.015567312032993011,0.014453921233735298
3028,6,166.53850804831595,156.92955351640848,0.053113831307907165,0.053432759536161105,0.9940312229609234,0.9426462928204161,0.9423019057603198
3029,144,245.63847858910674,12.000802646282407,0.6037346444684164,0.6061924623475049,0.9959454826119571,0.05271198038786724,0.04885554867141489
3030,5,67.6572598748043,39.00677306858612,0.4316603277414976,0.43804043134812093,0.985434897899749,0.5827027344455342,0.5765349223537255
3031,46,69.16923276362786,12.491095337133569,0.6294498740933009,0.6385500165835946,0.9857487397166134,0.19226511115747388,0.1805874496225715
3032,866,3938.0674301680315,0.14207343977921255,1.5365041784715374,1.5368943455282769,0.9997461328048511,0.00028993498081105314,3.607694441462382e-05
3033,6,306.5266131727313,292.1428583527,0.04912886030520777,0.04928913630798843,0.996748248908661,0.9532276095664207,0.953075021215447
3034,131,938.2801847345462,33.19626717443269,0.5707012842887346,0.5713095261482279,0.9989353549491916,0.03640688660338027,0.03537990859715792
3035,17,108.96699578639002,46.86145601420475,0.4429405907806121,0.4470054967421283,0.990906362469495,0.4352347326753859,0.43005183061179475
3036,645,48.33226742862941,18.071979484621533,0.22913370172472594,0.23387450355164374,0.979729291757231,0.3866025317448379,0.37391126976005834
3037,238,8378.277912651976,5435.395246775,0.09990736044576126,0.09991928501564157,0.9998806579742996,0.6487904212565284,0.6487485021912497
3038,11,371.44738905069084,97.9343023546353,0.5703889466179222,0.5719245313694417,0.9973150570271175,0.2656329598840875,0.26365591801553995
3039,254,634.4065455073867,29.255503771983573,0.7193733411986946,0.7205072723447286,0.9984262044401803,0.04761597749646073,0.04611475713666472
3040,18,92070.95111904874,72246.20913168213,0.16661847868135812,0.16662028835614326,0.9999891389289804,0.7846820693336533,0.7846797307249167
3041,14,15.61979403882947,14.315862423473849,0.050156676707223576,0.05336777389471136,0.9398307826400456,0.9215434552131515,0.9165205628118938
3042,11,22678.97799673664,1105.1527381068897,0.8548127283895814,0.8548504202436197,0.9999559082464655,0.04877221390012155,0.04873027074967461
3043,81,56557.627336398975,3853.582368390432,0.7386520510450423,0.7386651112119167,0.9999823192314403,0.0681519787505481,0.06813550267004163
3044,23,497.07819360406165,465.4491933538568,0.033808580164144425,0.0338765947755258,0.9979922831136938,0.9364979221006656,0.9363701714193515
3045,14,47612.01154333176,41963.8817107883,0.10882237961504947,0.10882466522273732,0.9999789973377528,0.8813742368007284,0.8813717452915618
3046,5,1058.2597204580259,166.62552921262835,1.1207143387399976,1.1217733550826543,0.9990559444669831,0.15824780832801494,0.15745239660119642
3047,625,12773.552588834924,4673.947607595191,0.2838897342645801,0.2839119590710535,0.9999217193719274,0.36595783492888334,0.3659081978243534
3048,339,32010.590042353724,5020.140465402633,0.684927490341676,0.6849488872446833,0.9999687613143028,0.15685382884009477,0.1568274892390426
3049,25,9147.886281302077,1343.1115027185763,0.9360640649737783,0.9361663906953916,0.9998906970783928,0.14691531421322698,0.14682205937166531
3050,506,46414.43984334268,5880.443435014775,0.29625235426685065,0.29625873702952676,0.9999784554449259,0.1267130820017069,0.12669426701824602
3051,131,32.438241102827945,0.07137507110910549,0.4710584124188756,0.48558011262221384,0.9700941207725361,0.03204041348390472,0.0022003372773156636
3052,129,28050.72455873427,9.530084600700576,1.3913244425040003,1.3913740428071795,0.9999643515678365,0.0003753810065635304,0.0003397446857654575
3053,41,5385.462246142675,1239.8735601099872,0.5402390707082586,0.5403393850445247,0.9998143493903228,0.23036893296682717,0.23022602395886144
3054,60,15297.083138996812,9098.993841446107,0.34545597589951393,0.34547855902681746,0.9999346323332854,0.5948453645312617,0.5948188787867712
3055,45,24787.134460204834,118.15623835174438,2.7293989725423864,2.7295090860763613,0.9999596581178144,0.004806986929292288,0.004766837350297246
3056,253,95.30412432091501,11.610874182323169,0.8614350071686353,0.8704738080946891,0.989616228722794,0.13094843311486692,0.12182971371969366
3057,202,11.700520843117204,7.526608275751279,0.2716475710621916,0.2948642786519215,0.9212630716210406,0.6713589451232708,0.6432712164415129
3058,80,248.5583019723236,241.73663555759575,0.01777161486253005,0.017843113640569282,0.9959929203232406,0.9726650391479087,0.9725550651070692
3059,429,3814.1841822904694,1745.7067892665,0.19233775688992563,0.19238818386138204,0.9997378894563881,0.45783026606538657,0.4576881204038184
3060,896,46.82764068788698,3.6412764824497614,0.4455016428044469,0.4550152897928523,0.9790915883447862,0.09704171930072289,0.07775912749308464
3061,161,166.38062255841197,19.04643295384231,0.39108112229896286,0.3934316431485988,0.994025592779409,0.11976555378652966,0.11447506723420027
3062,8,28.59228713740358,13.36618923288933,0.2614075528315338,0.2705501426346967,0.9662074108920081,0.48547072979468986,0.4674753428662962
3063,201,472.22396035566686,406.5529885027511,0.062010556753814235,0.06214187274359822,0.9978868356554718,0.8612264438099063,0.8609325714784695
3064,13,1263.349409040853,171.33199945799518,0.6057487693286909,0.6062282477413878,0.9992090793946286,0.13630092933624086,0.13561727122512535
3065,711,104.56533639148203,62.314761289756625,0.2513588108755236,0.25376265539560877,0.990527193544938,0.5997684794463027,0.5959409058510219
3066,844,920.3647049431293,523.6641330983426,0.14763469872573956,0.1477951076353086,0.9989146534541262,0.5694424046021247,0.5689745926650899
3067,44,13.25699663474445,8.710983263014008,0.23230873132413277,0.24983221252614876,0.9298590000671675,0.6811380763988005,0.6570857263540315
3068,275,934.2800656419487,0.001104333213709806,0.6638605475757299,0.6645711059746395,0.998930801546258,0.0010703792051064203,1.182015173309957e-06
3069,897,1221.0341694175781,464.3077356077735,0.7485456784278941,0.7491587207957296,0.999181692275858,0.3807649141509188,0.380257774300652
3070,149,31798.675898438894,9634.641384119068,0.2711627685543666,0.27117129604052426,0.999968553138617,0.3030106789419228,0.3029887601260801
3071,5,8.568411084194015,7.410145154787867,0.13363895988963434,0.1492356625427267,0.8954894400751767,0.878948979175918,0.8648213865995786
3072,18,16671.62925864535,104.70725975840818,0.6175940742342971,0.617631118848513,0.9999400214576544,0.006340167355643396,0.006280565512462467
3073,25,5062.574763310346,309.41622968152365,1.2005708263156452,1.2008079726063068,0.9998025110624916,0.061303771385136416,0.06111835264615446
3074,235,51.13678799453553,14.467250988293207,0.49039297758307804,0.499982805118501,0.980819685322678,0.2966667411485788,0.282912782669087
3075,6,85.87021891250846,35.56496558407842,0.3052138965289092,0.3087682591518796,0.9884885751121779,0.4209148548469172,0.41417112981061444
3076,95,440.4215727414464,207.16127930344513,0.33277110701245355,0.3335266810524376,0.9977345919145063,0.47157024522082275,0.4703704180836325
3077,21,1282.3580707459082,0.027770143093113167,0.6330442130090138,0.6335378693655732,0.9992207942406762,0.000800844414759286,2.1655529548747746e-05
3078,132,13.430097350690644,9.47734742367162,0.14093032350463372,0.1514239424133147,0.93070039822343,0.7260760041352153,0.7056797263784723
3079,25,225.7621844015816,68.52376680242824,0.49067712402900826,0.49285054880043144,0.9955900936364722,0.3065933016384514,0.3035218984262636
3080,4,6811.818191058676,431.8104058506679,0.8900401157518184,0.890170776919041,0.9998532178649193,0.06352883545589104,0.06339135803968911
3081,451,45447.61933899164,70.63648030929492,1.1924391208212477,1.192465358479857,0.999977997131386,0.0015762080642092464,0.00155423939332049
3082,96,816.934402427717,84.49057750298448,0.6869835500682676,0.6878244787254851,0.9987774080696056,0.10452009017989618,0.10342394352826911
3083,25,8.78163084601026,7.254462484763363,0.11815995700277356,0.1316153116031616,0.8977675588311655,0.8438738503539212,0.8260951310722959
3084,76,223.56703572418203,65.3126501248502,0.4057750782164453,0.40759008227955346,0.9955469866858456,0.2952911139028294,0.2921389994427773
3085,84,201529.66512158667,26.744976328567805,0.24255983581140314,0.24256103940510568,0.9999950379759854,0.00013767123882526175,0.0001327098733202978
3086,40,817.3391445747203,316.4099143643712,1.0676717216024654,1.0689779990867745,0.9987780127510341,0.38787086804863136,0.3871219388727629
3087,45,14.155032021232822,12.334783128140609,0.05578966487087344,0.059730995754985035,0.9340153159294576,0.879891451859556,0.8714062327544152
3088,47,19.695324073089857,5.034292931927858,0.32589934954304683,0.3424463912842045,0.9516799062209276,0.2915776003611489,0.2556085349621802
3089,111,84.07713008421335,31.140912632821326,0.2851612815938783,0.2885529444789965,0.9882459598835768,0.3777855764646355,0.37038505716869685
3090,24,102.44446703958708,35.70432626918875,0.5039785288592373,0.5088980578823565,0.9903329774069279,0.3548215513077408,0.34852371534513144
3091,4,85.11358671850934,29.751129025025975,0.4143856908685517,0.41925431063708546,0.9883874306238246,0.35709961919884003,0.3495461790773776
3092,507,2180.693183982754,236.4042828934247,0.6740814718681164,0.6743905852623432,0.9995416404069364,0.10881653049858973,0.10840786068843616
3093,37,9219.573890291067,3298.5356958591337,0.3371226241467489,0.33715919011261214,0.9998915468807151,0.35784493840816417,0.357775287134772
3094,78,430.3264865738395,79.45891577085892,0.6848192622746625,0.6864106569102264,0.9976815706173221,0.18653831442156296,0.1846479783373144
3095,633,2205.601823169073,14.082123759330948,1.6522383657905289,1.6529874757832912,0.9995468144775825,0.006835000135035841,0.006384708069880601
3096,167,885.8687619637698,188.47234635857475,0.7191367554744176,0.719948542486616,0.9988724374531066,0.21364192142592914,0.2127542526059666
3097,248,48.10423839251992,23.016307246565454,0.14314963373331807,0.14612545537641838,0.9796351591484549,0.4890882749181153,0.478467345408475
3098,26,249.30447245930674,222.0696855152669,0.07708782843423727,0.07739704000863776,0.9960048656335438,0.8911933667167392,0.890756925957334
3099,4,105.28674577412374,87.471707712526,0.12084699714276961,0.12199478641343461,0.990591489157781,0.8323870212429164,0.8307950546803191
3100,6,1038.3095576609082,176.32779748929053,0.7534517770859727,0.7541774294422732,0.9990378227616317,0.1706207704741869,0.16982199209118304
3101,322,34.80847247518998,6.04578866483696,0.28865953453618726,0.29695232976705904,0.972073648193375,0.19676317300936694,0.17368727309554144
3102,421,31.498038957472595,18.928496315357837,0.12605404226797634,0.1300560070391219,0.9692289125104253,0.6132215036555454,0.6009420567710372
3103,59,204.8136502580485,2.352018546844683,0.7304850334266322,0.7340516171602176,0.9951412357793267,0.016286667782442674,0.011483700153194533
3104,393,1046.9802853471322,161.10082049119796,0.47794805225438847,0.4784045537367405,0.9990457835762925,0.15467926520917694,0.15387187585655834
3105,814,52.63501033056078,10.896694414756901,0.3081772227841642,0.3140322082937848,0.9813554617807129,0.22180837369911466,0.2070236967053485
3106,436,8066.634502217996,3967.6125207797036,0.29885720444865893,0.2988942530101583,0.9998760479295729,0.4919177386740354,0.49185475301859427
3107,47,5510.086803982152,639.5142332218247,0.820151775808734,0.8203006213360342,0.9998185475867887,0.11622285331434223,0.11606246071471077
3108,233,25.247820298931824,10.314881507925996,0.43804309460463065,0.45539283368777683,0.961901598357076,0.431078900231059,0.4085454263298283
3109,145,857.0684689766772,61.05138125246761,0.3917515891390568,0.3922086723282293,0.9988345918348537,0.07231518637023149,0.0712327934842379
3110,18,407.66722463186005,256.2263695262682,0.16708451055127124,0.16749436569894022,0.9975530212854702,0.6294274510464732,0.6285184435850857
3111,126,7393.146598711276,1022.5737753175046,1.396352832059272,1.396541703308261,0.9998647578883312,0.1384302788229683,0.1383137425539151
3112,645,721.1679840498499,111.20747756469639,0.6180959191977979,0.6189529954031596,0.9986152806243334,0.15537586827852357,0.1542046791098387
3113,20,220.7783321905734,40.87486850522725,0.7038465768478808,0.7070346006447101,0.9954909932358015,0.18881406534000045,0.18513985543628672
3114,82,2199.688799316664,127.2367873541591,0.6236828613580161,0.6239663936747474,0.9995455968148197,0.05827120463101277,0.057843085528137154
3115,11,70.06535870861444,43.55181525038901,0.4504878862014017,0.45691742419998493,0.9859284464586994,0.626913253657981,0.6215884147758509
3116,44,784.505993079596,53.79239582923968,0.6713345697649098,0.6721903115638088,0.9987269352381646,0.06975426834673115,0.06856849572056985
3117,151,76.73783455392098,21.193292099446882,0.4869587685375683,0.49330451404066034,0.9871362508907247,0.2854889414761488,0.27617787526379967
3118,225,164.99784713195552,88.46552560610318,0.1514902599840519,0.15240839475136736,0.993975825486429,0.5389559391995306,0.5361616963120355
3119,485,10669.31934831956,3178.1101349590613,0.8350479742916671,0.8351262405753004,0.9999062820926577,0.29793954905948816,0.2978737472563909
3120,17,55.901392381118185,3.8145417339369496,0.7389753815857719,0.7521946476918406,0.9824257376110919,0.0846120197145576,0.06823697177219842
3121,25,5275.120056122578,632.6223367246292,0.2653901532112334,0.2654404629957288,0.9998104667844244,0.1200924789399653,0.11992567562332064
3122,78,11.97297960176987,4.770694014556718,0.27717285235530065,0.3003227165974753,0.9229167060538994,0.4448241029970815,0.39845503569149193
3123,241,11.656162722996283,7.812244772626565,0.1173178599757146,0.1273827383378071,0.9209871094511928,0.6962809317088419,0.6702244090341922
3124,10,17.185287350924067,15.894590198110205,0.0382811158187815,0.040508667505121096,0.9450104922345819,0.929025198892539,0.9248952242428194
3125,10,29.141548680327155,17.99895506640955,0.24084845946370015,0.24911323846037342,0.9668232043878794,0.6303244490821345,0.6176389341504099
3126,20,8.220643138855952,6.359605829367936,0.11249117745311964,0.1261751648921821,0.8915476952159677,0.7981662144969507,0.7736141469647821
3127,4,183.1897000235303,143.3398509130424,0.22370945928131428,0.22493064944240188,0.994570814763951,0.7836477875505684,0.7824667592917655
3128,5,26.605969113671073,20.819619984998837,0.18167964292728886,0.18850817235055778,0.9637759501982212,0.7903950009924952,0.7825168816835539
3129,174,156.77468722796976,10.986257290833516,0.4197182729896573,0.4223954798807119,0.9936618476793107,0.07597072446427662,0.0700767291269294
3130,715,13937.835982219065,5.143794365096556,0.313505103888943,0.31352759698645744,0.9999282579979222,0.0004407681081070059,0.0003690525826002441
3131,139,16.66623661149431,4.884161641944061,0.27890381843475354,0.2956384793504878,0.9433948484902912,0.33307386124986055,0.29305726036408064
3132,27,10.711385303338577,6.515785910305887,0.20065861605179097,0.21939182472361873,0.9146130048581932,0.6417503750101496,0.6083046894293882
3133,12,1799.7652382620743,444.75289791080934,0.5511183161575892,0.5514245329376675,0.9994446805287264,0.24753526358661124,0.24711717309324222
3134,17,14051.80284977991,1256.8395082020838,0.9497289885641355,0.9497965762607969,0.9999288398185983,0.08950808757854194,0.08944329219803773
3135,352,20612.179313065102,4419.082572201854,0.624802288043247,0.624832600329908,0.9999514873477393,0.21442992878834102,0.2143918168517389
3136,8,241.0880448145267,185.14753282026635,0.1465847050195671,0.14719271818393756,0.9958692714430978,0.7689249296175752,0.7679664620562319
3137,9,1795.9063907641842,1726.6796905543642,0.03445446084223091,0.03447364584041306,0.9994434879829373,0.9614745094315239,0.9614530575948544
3138,24,105.43403243157383,100.01804703396716,0.036410672732010985,0.03675601352845298,0.9906045089417909,0.949114157625395,0.9486315255833394
3139,22,35.354128611779,12.119613165536977,0.3939848907290959,0.40512884777737784,0.9724928078821836,0.3608837198558551,0.34280616271501213
3140,32,5382.852789131404,3793.5195749964155,0.11416681022790107,0.11418801957816577,0.9998142594087974,0.704796309188944,0.704741467694596
3141,377,5363.481562235778,161.1541617739239,1.264674861730685,1.264910655374618,0.9998135886966157,0.03022736864554386,0.030046558360265242
3142,6,15.35619907340847,13.683909479742482,0.06972906529524853,0.07426984162680798,0.9388611011939947,0.8977580557585191,0.8911000316112204
3143,7,39.366139888199896,37.17447222797273,0.03694553863911842,0.03788404921556928,0.9752267617669242,0.9457052949254667,0.9443260714296215
3144,4,35.06605145816937,26.78117497639303,0.1894976674994049,0.19490168818663448,0.9722730945149393,0.7702860128343847,0.7637351188040248
3145,583,54.82710455921357,5.664130999402749,0.24992725143788502,0.25448571305002365,0.9820875539239305,0.11937088717066408,0.10330895721997241
3146,90,11977.726462020393,10.270672314309987,1.234294239724287,1.234397288849982,0.9999165186713989,0.000940890699027534,0.0008574809540756149
3147,25,10862.174040327629,363.94165770777596,0.8536200361737172,0.8536986226549321,0.9999079458732515,0.03359438561446167,0.03350541579950588
3148,449,3782.797677471063,2979.5584919798016,0.0863748091586655,0.0863976427375463,0.9997357152561422,0.787716137605932,0.7876600193885454
3149,18,1129.1314516007214,165.90215554207214,0.5850065192844119,0.5855246223967244,0.9991151471816988,0.14768384271198845,0.14692900043381107
3150,128,376.58033209240995,173.31904758156819,0.3530881651274399,0.35402578224399395,0.9973515569668091,0.4616740671198544,0.4602445555734361
3151,49,1590.945390057901,1473.4354398667851,0.07153910751363887,0.07158407392666644,0.9993718377488039,0.9261846851500088,0.9261382880107285
3152,752,7618.247628630045,163.84610040314476,0.6396593836954971,0.6397433478057332,0.9998687534453871,0.021635482719280563,0.021507058892047126
3153,386,2984.892662015893,2.0806156604510373,1.107534762768599,1.1079058095324785,0.9996650917788434,0.0010317235109085245,0.0006970487371046239
3154,31,991.3929019980766,706.3562028502618,0.2220082276240389,0.2222321632878677,0.9989923345904763,0.7127783778240211,0.7124886625944717
3155,162,3048.0125494775084,1.5599101338986903,0.7849798246024161,0.7852373628545919,0.9996720249642228,0.000839586617751825,0.0005117794328524306
3156,209,3455.5165567978443,2468.1907388638697,0.10226851746792065,0.10229811319283959,0.9997106913901418,0.7143581401361363,0.7142754775717501
3157,81,219.28647844565035,26.369378889828663,0.72208397512189,0.7253768547387281,0.9954604567331775,0.1242444796564366,0.12025082019074082
3158,109,7847.129285758945,74.22811749560778,0.14135205485608626,0.14137006807464164,0.9998725811000821,0.009585483974138293,0.009459270364044819
3159,5,50618.894658474455,41582.87188705477,0.13316629592415835,0.13316892668677813,0.999980244921355,0.8214926595089834,0.821489133012767
3160,7,7622.8193724424145,6837.867222397578,0.12402406092443603,0.12404033102803744,0.9998688321494585,0.8970395137006815,0.8970260068233348
3161,15,26921.669745515992,977.9420387090869,0.6132710344945533,0.6132938143236017,0.9999628565811094,0.03636125421299019,0.03632546004587886
3162,7,1031.1690658430073,404.8751310464231,0.37773875281548025,0.37810507368887325,0.9990311664696294,0.39322543610133404,0.392637002464215
3163,353,98.65366593682934,0.8764075719404552,0.6144795090977841,0.6207081626735291,0.9899652462295376,0.018829287957453703,0.00888367972561347
3164,51,4932.330282344492,358.2938977013788,0.9709566430489357,0.9711534986095873,0.9997972971719368,0.07282988916984283,0.07264191106258813
3165,8,527.7688688201638,139.7697214833647,0.7279658404286304,0.7293451674095037,0.998108814533217,0.2662216514324352,0.2648313110923391
3166,797,7201.062283500442,0.004192753896793726,1.8493385136061204,1.8495953282871769,0.9998611508814232,0.00013943127875988356,5.822410266330351e-07
3167,62,57.66954562715365,10.0144689579666,0.5142432516677563,0.5231603195252431,0.9829553818883304,0.18773741709137837,0.17365264194575683
3168,79,2389.095853314605,159.41760651788795,1.0864385376670707,1.0868932864943976,0.9995816067382349,0.06711764563560055,0.0667271705723794
3169,12,28.038322466360977,8.548114292340998,0.6279368237542634,0.6503324868509993,0.9655627489790971,0.3288108086616185,0.30487252946736065
3170,157,3936.3223932920864,3.135280628838636,1.433515021055868,1.4338791972787046,0.9997460202899047,0.001050277375275087,0.0007964999600087354
3171,11,137.11794717058524,58.96427297614424,0.4240249607282387,0.4271173710908349,0.992759811302691,0.43415265144423415,0.430025931636711
3172,13,23.24165739273928,22.099891726676546,0.0292394892566314,0.030497553118538513,0.9587486951160559,0.9529006764032268,0.950874171890193
3173,34,958.8312493254738,22.593744405823845,0.7288858462247878,0.7296460277966104,0.9989581501949402,0.024581138009837113,0.02356383818499686
3174,354,24690.362877821204,2182.228260411939,0.8106029547285294,0.8106357854713881,0.9999595000079602,0.0884207271674341,0.08838380671886299
3175,12,3735.898381115019,172.02948846500615,1.0645704932515418,1.064855450277845,0.9997323983962061,0.04630296861681785,0.046047689448571696
3176,34,16.61189424638973,9.229163830220047,0.23006891176528063,0.24391856120037028,0.9432201905138631,0.580809973482377,0.5555756431706049
3177,105,8.050959570833912,3.6692863647026615,0.22832098150423938,0.256680455861976,0.8895144772027899,0.5158885450940596,0.45575764384599926
3178,7,12.684735166450064,11.013223649245466,0.0767487562105984,0.08279923777000786,0.9269258785181582,0.8778557643334941,0.8682265340765183
3179,6,45.41302657216443,44.10257636120443,0.013837707306602312,0.014142415192226516,0.978454324704617,0.971765465263885,0.9711437376040637
3180,119,8244.099400277995,4398.828455843965,0.206712711688911,0.2067377857087223,0.9998787158345276,0.5336295224889124,0.5335729522736752
3181,35,16107.142245098124,11579.871371551986,0.13215926977933248,0.13216747478974136,0.9999379195946512,0.7189451890441411,0.7189277399643056
3182,102,18957.64727308916,191.67629225405662,1.0385137999728968,1.0385685807051792,0.9999472536207044,0.010162976792524163,0.010110763719406562
3183,788,19.168255504803458,15.03187117412316,0.14035870521716842,0.14768116109647342,0.9504171295449013,0.7949061915793788,0.784206532011025
3184,62,17.622168614213464,6.150027388158903,0.32825673242283343,0.34688422031090604,0.9463005614052518,0.38395245668120564,0.3489937886077479
3185,21,1294.5827717003103,925.4024986087599,0.1779162340126488,0.17805366534411857,0.9992281465747748,0.7150469416886103,0.7148268298004093
3186,55,143.27951175815323,20.919564521769733,0.9383253144755442,0.9448742292712574,0.993069008982535,0.15192430480713115,0.14600527503946717
3187,741,286.0231706077901,57.13517077586417,0.27486057388893526,0.2758215469922851,0.9965159607223263,0.202545218397383,0.19975714084440693
3188,6,974.1182681583541,204.1650361322437,0.6904706771270736,0.6911794931915054,0.9989744833702184,0.21040015640331125,0.20958957737055223
3189,377,10.943388898012833,10.224485211762309,0.01974413860135143,0.02154834557830869,0.9162716705836833,0.9398073953390116,0.9343070329538351
3190,25,406.6690180103841,120.53157871381146,0.5916592998290685,0.5931141913345089,0.9975470296838339,0.29811335506176684,0.2963874142749024
3191,31,15.781171842557661,14.34805939939419,0.0602850215792894,0.064105081469691,0.940409405887617,0.9145999780820403,0.9091884647438699
3192,14,1792.0938843888732,669.6982506728524,0.314100246295083,0.31427551626784017,0.9994423047177248,0.37404525023040913,0.37369596342394085
3193,171,308.23572805009366,43.77607723553011,0.45772119591403065,0.4592061671690164,0.9967662210110536,0.14479593777170777,0.1420214246818777
3194,30,862.1498535936851,354.6078326511566,0.5152610248329343,0.5158586715444486,0.9988414526216551,0.4119885222370132,0.41130649291773425
3195,21,144.56849933446316,114.40559187118488,0.14183884866657165,0.14281996730112584,0.9931303818850094,0.7927923444894837,0.7913590609148154
3196,538,1637.35783452806,1239.4120180724324,0.059254781694007684,0.05929097096213495,0.9993896327292332,0.7571068980969846,0.7569585535526334
3197,32,592.6911912077494,336.29390627363006,0.3580082379786701,0.3586122763772317,0.9983156226421925,0.5681302186536928,0.5674015596357205
3198,715,214.350863398194,1.4494488346961711,0.7755221638289186,0.7791401672814555,0.9953564151811596,0.011374223423321148,0.00676203870475468
3199,6,5594.857274734069,840.5067810871724,0.6260540163378965,0.6261659144589024,0.9998212963714217,0.15038031525333412,0.1502284579953155
3200,31,3966.832557128506,298.7891377288736,0.913607037440778,0.9138373489107692,0.9997479732358655,0.07555488630443342,0.07532184266057346
3201,10,56.259462082548794,47.50616835981469,0.0869736545409006,0.08851959279415456,0.9825356375412965,0.8471293057186807,0.8444120615676967
3202,8,897.3556565866365,141.31824201651168,0.6951457343281077,0.6959203945525413,0.9988868551194973,0.15842082250281533,0.15748297899414634
3203,460,197.25230668182,154.07256623985106,0.26199987481947085,0.26332812227688634,0.9949559224972604,0.7821980426625292,0.7810938631423942
3204,69,5750.772913814878,209.47926858560882,1.1103853530915826,1.1105784376333883,0.999826140563095,0.036593807116423155,0.036426280732175007
3205,10,9652.937360281658,4656.331496543666,0.43474315476670167,0.43478819216190484,0.9998964153212643,0.4824281868354474,0.48237456877144813
3206,774,19711.946210930226,18122.439852810727,0.0892996742356863,0.08930420446691158,0.9999492719155574,0.9193673872433048,0.9193632966978105
3207,6,842.7920873306325,658.7444658688398,0.18043875856789082,0.18065285497586664,0.9988148739304208,0.7818803657616248,0.781621559779085
3208,41,4859.813670499606,34.70715579757624,0.3346795757405429,0.33474844249108765,0.9997942731263146,0.007345921530439198,0.007141663888938405
3209,97,18.590701123253854,4.956634576550398,0.4472275521870185,0.4712840710467408,0.9489553746081597,0.30405418055609895,0.26661902333260995
3210,299,619.9204829274817,89.92796098131114,0.4072248036160358,0.4078817020648383,0.9983894878209121,0.14644058858005296,0.14506370326181162
3211,58,1287.752040682393,20.804841506534412,0.5333044418957841,0.5337185778668777,0.9992240555448738,0.01691934586189968,0.016155937516907148
3212,174,23135.346413801108,2.9268899532947477,0.1933513751807082,0.19335973258205072,0.999956777963897,0.0001697281793357101,0.0001265116113216592
3213,471,34579.472694872165,464.5057756024923,0.07318020704886302,0.07318232333929042,0.9999710819453272,0.01346152146935576,0.01343299187067634
3214,84,94.22664742733862,43.99677547762735,0.12777532531868188,0.1291313676783256,0.9894987377271361,0.47252294072372464,0.46692498012894673
3215,15,323.88111237998504,44.25180788265541,0.5558064086411704,0.5575224902136859,0.9969219509479199,0.13928728435812646,0.13662978849701535
3216,30,19.21641278390559,10.384970848055284,0.304065678272468,0.31988890613980087,0.9505352403174068,0.5631548469923867,0.5404219281110081
3217,32,684.1285881463089,35.490088385947345,0.7186060083015469,0.7196564044123842,0.9985404199776489,0.053260204021956394,0.05187634167154169
3218,9,14089.414030797814,10514.229273463954,0.1397190470621446,0.1397289636595813,0.999929029764646,0.7462682963382425,0.7462502876614369
3219,153,297.05005574477195,156.54627070958492,0.2483349388247631,0.24917094250165894,0.9966448588727785,0.5285899722981293,0.5270030006124317
3220,59,11199.576836274793,1848.1604491685787,0.3953000126398609,0.39533530861741595,0.9999107188839811,0.16509510860010243,0.1650205607039091
3221,7,24.3008723248283,9.945089442847411,0.3978692115779863,0.41424184241443096,0.9604756710693061,0.4325973153149646,0.40924824878350036
3222,289,2870.7054124463375,1638.5883101485372,0.1407475329818702,0.14079656188339792,0.9996517748667164,0.5709458578315005,0.5707963983501102
3223,34,12.171452078094045,1.6435852863641909,0.2158499425471625,0.23358405850655947,0.9240782266016713,0.20070568307049763,0.1350360890236166
3224,46,126.79705310951056,31.279462141872852,0.605185934664216,0.6099588053250312,0.992175093433938,0.2525837752628949,0.2466891885480791
3225,16,179.12475857025692,48.86752349073422,0.8462885606752918,0.8510131368166931,0.9944482923506045,0.2768499116199154,0.27281278077238685
3226,10,603.9361158800491,440.45935620832563,0.3225130791479572,0.32304709768181816,0.9983469328847308,0.7297619444759044,0.729314483149419
3227,813,68.37488071840558,5.16500915621046,0.7255605082154938,0.7361720149646409,0.9855855608017688,0.08886514963873438,0.07553957099365163
3228,228,1336.9897429999546,318.2209128940402,1.353393925252983,1.3544061947429613,0.9992526101151136,0.23858248134122734,0.2380129799500272
3229,13,10092.944073783605,36.118055618124444,1.2132143982707382,1.2133346024836418,0.9999009306973876,0.0036772598844220807,0.0035785451057775103
3230,47,2779.7699072204896,377.69688171114376,0.7114143356619993,0.7116702612815314,0.9996403873627215,0.1361841843612545,0.1358734335277431
3231,167,152.59818577821267,60.964999825570914,0.22070842502171417,0.2221547621711117,0.9934895064356823,0.4034227325773559,0.3995132675704146
3232,88,31.631861413798756,25.184563149188268,0.09690769496447793,0.0999713052179739,0.969355103978925,0.8024232150641527,0.7961770829648999
3233,122,4233.034919969079,1479.2353894803982,0.5516843974742661,0.5518147258102954,0.9997638186696849,0.34960396346736045,0.3494503157775045
3234,249,32103.076491358155,16.37004106429142,0.24966639402523333,0.24967417104916104,0.9999688513077063,0.0005410540642390734,0.0005099212553257343
3235,303,8599.280501681274,18.863595187325156,1.0230544447040735,1.0231734144765452,0.999883724722722,0.002309645038140559,0.002193624825197535
3236,964,3649.0266618386504,11.081913481307387,0.24685048420502967,0.2469181325143135,0.9997260293985096,0.003310089103628983,0.003036950537303966
3237,76,14757.133490228309,741.3222274125224,0.5236802370883632,0.5237157236710004,0.9999322407538417,0.05029919453595067,0.05023483916462514
3238,152,12540.152656785885,721.3586812043312,0.9992611855846533,0.9993408705145685,0.9999202625127558,0.057599066128381,0.057523915453611366
3239,469,3234.7887182415966,260.7085125707378,0.9949749273143487,0.9952825130684672,0.9996909563364373,0.08087935751038663,0.08059522128927689
3240,7,54.05636416884575,48.43310714105668,0.05625857427598428,0.05729931342189245,0.9818367955258862,0.8978636327937716,0.8959741907497746
3241,8,277.9775005556552,148.31539207232723,0.21481512347914197,0.215587902294153,0.996415481542389,0.5352237788887181,0.5335517866584757
3242,31,788.2744599171217,125.71486247561906,0.39387514364178294,0.39437481116073714,0.9987330136083399,0.16054600637771155,0.15948108034457514
3243,140,30953.492758499167,10084.700029066713,0.30337560342068487,0.3033854044342824,0.999967694511818,0.32582346309963306,0.325801682793864
3244,5,5176.176498714048,2864.0959054149594,0.5010530642824306,0.5011498641238593,0.9998068445222509,0.5534089684071263,0.5533226902379597
3245,64,371.9716847584489,67.04713155701636,0.961190493734339,0.9637745358351739,0.9973188313191989,0.18244583794902916,0.18024794441156308
3246,10,5550.283004537248,847.1206851150758,0.5637859202604336,0.5638874981294899,0.9998198614628038,0.1527792195825503,0.15262657497330698
3247,128,62398.00406726727,113.38590149480166,0.3907456797334475,0.39075194188374496,0.9999839741031937,0.0018331366534551025,0.0018171398779449359
3248,700,3292.7769587848175,0.8510613388704376,1.2938218023976835,1.2942147296498456,0.9996963971718446,0.0005619874575700946,0.00025846309954273897
3249,9,9586.183966581088,738.0684448944764,1.2533735018170364,1.253504249725296,0.9998956940845728,0.07708921070782766,0.07699293561103111
3250,145,60610.73281819729,116.73238503822257,0.9658386244120158,0.9658545595208573,0.9999835015441151,0.0019424025607609112,0.0019259358798442998
3251,26,900.9170005991543,211.5173758963838,0.8661244465432497,0.8670858274983958,0.9988912505260065,0.2356285287395691,0.23478009156860655
3252,518,1560.1417599949998,1211.769617111435,0.10226012237698291,0.10232566778125268,0.9993594431808656,0.7768478482795307,0.7767048150261158
3253,548,1712.3441510301834,716.9906338620094,0.14363826383312403,0.14372214782557188,0.9994163460975433,0.4190580353808678,0.41871876832157384
3254,101,126902.72482496516,3119.974214167916,0.4018207321886378,0.40182389855667855,0.9999921200106511,0.024593243566905468,0.024585557311485984
3255,589,14.450679287108292,6.349480979600706,0.2953480099853393,0.315786357838566,0.9352779265288114,0.47567364793682254,0.43938979292587244
3256,620,1162.9242918005893,63.14741448920449,0.26605329268989597,0.26628207223691014,0.9991408375896571,0.055113047249807395,0.05430053782042125
3257,10,2945.7360153421005,475.7193991364351,0.6016039369887133,0.6018081657226715,0.9996606414708366,0.16177879411471152,0.161494240033314
3258,16,32814.36755991926,1095.6293924228426,0.5972455745317687,0.5972637752657441,0.9999695264726757,0.033418165754823585,0.033388709699256454
3259,76,3405.503163371937,550.8605464481641,0.6906568720602668,0.6908596781769926,0.9997064438363795,0.16200206486874458,0.16175599317392297
3260,863,8826.825195389127,2354.0610100890617,0.6896935886642146,0.6897717247520374,0.9998867218167707,0.26677703261717695,0.2666939650417858
3261,28,14211.27384247186,11872.62986693404,0.10256252359951579,0.10256974058264738,0.9999296382822985,0.835448992788963,0.8354374138827344
3262,229,3789.7058521630815,649.4118588052988,0.6268504264634879,0.627015835192006,0.9997361968881256,0.1715806723526585,0.1713620750894502
3263,103,8222.910668994595,315.5907947130434,0.3687944164880272,0.3688392661077462,0.9998784033484496,0.03849638054881108,0.03837945070995528
3264,44,1681.8229422744873,528.4987818053655,0.2996900765480787,0.29986827014326345,0.999405760419068,0.3146491342040417,0.3142416294372979
3265,4,1456.1929822037823,236.42639163977705,0.48841070641316864,0.488746108871759,0.9993137490969194,0.16293407567795573,0.16235924395266116
3266,177,13.673735556258391,3.848598943136192,0.36024578266657686,0.3865916031765906,0.9318510275610429,0.3304270357433456,0.28145921992580225
3267,9,494.9200703749484,411.795881826842,0.1160974659877625,0.11633204420137143,0.9979835460193335,0.832383899112494,0.8320452260399703
3268,489,125.14548859839145,53.40484320158975,0.18368409901869664,0.1851518634669075,0.9920726455530748,0.4312864756883862,0.42674205678298965
3269,32,204.167700680596,121.75431715371464,0.20693468443564453,0.20794823694050116,0.9951259384557964,0.5983120966239122,0.5963446556328197
3270,15,18.083068195507938,11.575443992925106,0.14479614833837867,0.1528034260178572,0.9475975252116221,0.6589843867919156,0.6401261040314271
3271,191,887.8105348547075,17.478815351838062,0.8647531249154752,0.8657271538225065,0.9988749008244333,0.02079049991780168,0.019687551189847635
3272,20,33923.89630385989,539.2574877842827,0.7179319762405136,0.7179531392569848,0.9999705231228697,0.015925103586029637,0.015896095276146847
3273,52,137.4653330218769,18.228288554814917,0.8836403776386518,0.8900684737863405,0.9927779756984947,0.1388671672192269,0.13260280358767967
3274,12,48.38535478556798,38.84555050824828,0.09255018697394651,0.09446295969999359,0.9797510819889417,0.8068292853470085,0.8028369468489427
3275,518,22.49484166441117,3.2516195813008975,0.4859618052288881,0.5075650604319564,0.9574374658793828,0.18095970349700383,0.14454956517632428
3276,25,58.666987347206934,43.406875670039774,0.1534763577719735,0.15609241775241287,0.9832403135391954,0.7442453129338111,0.7398858818699223
3277,87,164841.94783361332,30661.952619795884,0.1392700291167115,0.1392708739867882,0.9999939336197691,0.1860131296047071,0.18600819162089233
3278,27,35538.260268853366,8262.30709385298,0.7217592382565452,0.7217795476142007,0.9999718621042635,0.23251207344613609,0.23249047734321074
3279,16,368.63225058198805,76.97914009796425,0.680918343398039,0.6827654914495811,0.9972946083616201,0.21096411358907577,0.20882367176618802
3280,6,32.80099349320667,28.186936391554926,0.11801447733420682,0.12161237071382801,0.9704150707818404,0.8634934472390855,0.8593317881482051
3281,154,39098.4847391489,196.13706401020565,0.3017451441050615,0.3017528616712567,0.9999744242153911,0.005041935087518415,0.005016487603516145
3282,67,247.4870872428978,74.2262857208475,0.7711834653808626,0.7742995207434769,0.9959756460140615,0.3027372027879795,0.2999198323749216
3283,5,280.3537017113724,55.96098318690584,0.6158945453924496,0.6180913936653022,0.996445754955711,0.20245329220988692,0.19960850470424094
3284,5,126.99045073706387,122.59907627914417,0.03757298627171316,0.03786885880428259,0.9921869171157603,0.965689827384536,0.9654196482299908
3285,259,17.4256912337515,11.781220370658364,0.11758649402027208,0.1243343752057553,0.9457279519495999,0.6936630060991251,0.6760833881779986
3286,422,987.6997333075217,846.3973802948899,0.06896611248554331,0.06903593746388426,0.9989885705777882,0.8570826427352928,0.8569379455642344
3287,9,26.6771464728643,5.219981984890136,0.5359095522408606,0.5559982657314876,0.963869107641554,0.22473349956753805,0.19567242659179626
3288,10,16.620752039479303,6.549415085158745,0.24799290100215643,0.2629135797062908,0.9432487332118685,0.42843886959218747,0.39405046592367826
3289,187,80.8948698956312,14.3219302304855,0.7765828817888205,0.7861827845118333,0.987789222923555,0.1870926744252984,0.1770437389782979
3290,43,379.1223758632617,174.6739595758178,0.4933306191500977,0.49463186289237693,0.9973692682580735,0.46215106168601755,0.46073239327561494
3291,117,1082.9209233234787,8.224259225782763,0.577197908614125,0.5777309095897112,0.9990774234739064,0.008510085032309992,0.007594515027507783
3292,154,8547.438636711468,9.792303457923548,0.8262519520646204,0.8263486186787001,0.9998830195732229,0.0012624882644154164,0.0011456418553115262
3293,112,65.55635564238322,15.294873244768509,0.4608379688843964,0.4678676148183209,0.9849751388827067,0.24482820742654818,0.23330877830066762
3294,31,4.853460511298148,0.8586975286059766,0.32136378605491006,0.38757711679218965,0.8291608872956715,0.3175382365727731,0.1769247996572866
3295,737,824.0266945707781,291.32954628384056,0.44461222363401526,0.44515178409554323,0.9987879180072832,0.3543273789897497,0.35354382109621985
3296,56,247.95277144040833,42.28355221918098,0.21658638916752918,0.21745988772900657,0.9959831738597882,0.17386250399522762,0.17053066990760857
3297,57,15218.100181107771,182.37303539739608,0.28162642698372925,0.2816449330011449,0.9999342930930145,0.0120488749804687,0.011983955502132895
3298,194,2659.232830030218,169.63042566789625,0.3003473887230737,0.30046033384970244,0.9996240930535435,0.06414116228539216,0.06378923415516372
3299,24,25869.320369762223,21808.019538854118,0.1452555169611709,0.14526113193345794,0.9999613456661648,0.8430131218763321,0.8430070534185652
3300,212,757.3968973664648,466.38184737754864,0.13417738233307233,0.13435453830347519,0.9986814292048498,0.6162760541354182,0.6157694189125926
3301,9,422.221212076109,66.67475104221171,0.5085338134668906,0.509738238538209,0.9976371694719778,0.15990396773884194,0.15791426184952786
3302,173,198.4634594726108,13.031663747552086,1.1181983162533071,1.1238325943175151,0.9949865504055525,0.07034703892458476,0.06566278639998482
3303,699,185.2648505648368,22.991889122163883,0.6600845831919014,0.6636475071959932,0.9946313005541969,0.12880524183392597,0.12410281309199261
3304,13,16556.559622936347,1392.096735155421,0.5155927137745506,0.5156238550699356,0.9999396046263594,0.08413659783689588,0.08408128058361251
3305,10,166.02266081211081,61.10644650187273,0.5422043003056152,0.5454701454477986,0.994012788473506,0.37184443236560744,0.3680608791773756
3306,37,11.47879124531764,6.198920411148866,0.2608087246867844,0.28352964704811495,0.9198640332752405,0.5768924465220207,0.5400325067918186
3307,19,2764.95412718903,1199.6845671965957,0.2862313629378977,0.28633488413563585,0.9996384611045537,0.43409417220408547,0.43388950123966297
3308,88,586.8003756237341,28.13740675140785,0.821465568371791,0.8228654747155771,0.9982987421555509,0.04957024180273651,0.04795056022501596
3309,790,190.73955098417053,2.3590353447690497,0.24817078000583115,0.24947187764774825,0.994784591938037,0.017518740017527016,0.012367835263305333
3310,37,1562.676549118735,116.33795689833492,1.042286061062055,1.0429530487772352,0.9993604815519144,0.07503978809713867,0.07444788044201676
3311,246,777.1782704725044,162.25438675315516,1.2372140483567196,1.2388059791856716,0.9987149474125089,0.20979047211640622,0.2087737047183636
3312,37,681.8418270428411,61.99317412929602,0.39527987035191414,0.39585959405714105,0.9985355320069792,0.09225148729113201,0.09092016897549599
3313,518,8403.813658373194,90.78583099471808,0.2712449985369621,0.27127727495449855,0.9998810205626628,0.010920626527308854,0.010802932416791873
3314,419,52254.07162243075,4492.001282273072,0.40511322988652065,0.40512098264563234,0.9999808631015331,0.08598210934887379,0.08596461754656495
3315,608,162.2605691743527,59.851800477911105,0.39071299588015695,0.39312093144865806,0.9938748222852753,0.3727280921881692,0.36886226137663164
3316,38,549.0526284716649,132.67985950786044,0.6288636285599957,0.6300089898531572,0.9981819921435906,0.2430310348289641,0.24165235284855335
3317,347,189.27428180101316,35.58032995472939,0.4362058471687863,0.4385104700843675,0.9947444289867519,0.19225052176512597,0.1879829082755972
3318,8,92.06333358566042,76.10887818731794,0.13536145377262662,0.13683176174976158,0.98925462949294,0.8285634655064538,0.8267013068400609
3319,13,35.89017454590849,21.034520365729104,0.16766161951639766,0.1723331381600848,0.9728925110192814,0.5973005180094211,0.5860801913577501
3320,30,3132.235755240034,183.2237838966003,0.9542744207658052,0.9545790831524629,0.9996808411246016,0.058796655690049444,0.05849616638532984
3321,11,1461.5651725529708,921.1127900352014,0.23863487877388265,0.23879815228590606,0.9993162697849188,0.6304763762599472,0.6302235489275234
3322,105,87126.42891814084,40471.3902831693,0.5003464701872083,0.500352212950643,0.999988522558138,0.46451950649426915,0.46451336047749614
3323,14,134.00275982865247,39.143876659883595,0.6468284013175305,0.6516553795241331,0.9925927440204246,0.29735597043226975,0.29211246626514514
3324,153,398.7259038546676,117.26539760567505,0.5595281112140326,0.5609314013083174,0.9974982857244008,0.29586623349952823,0.29410027407804773
3325,240,9033.655632017146,138.87309730315926,1.0049014086212857,1.0050126483507547,0.9998893150950374,0.01548184048183031,0.015372857120097012
3326,308,67570.41201383696,2317.1375058509475,0.6017064292175013,0.6017153340977778,0.9999852008420396,0.03430648312301436,0.034292191460612194
3327,64,61150.54394504954,7.377766691627698,0.398136572063503,0.39814308282442806,0.999983647183121,0.00013700008456296568,0.00012064924063892921
3328,670,4547.6219348711875,2061.879549019735,0.3240889634886708,0.32416022907937514,0.9997801531948977,0.45351747816301063,0.4533973093078016
3329,10,87.98250538416286,46.820489581992675,0.23586064635322737,0.2385414139140439,0.988761835872313,0.5374145105887722,0.5321568120566446
3330,926,6073.413051588243,248.22510556211378,0.18333041992381052,0.18336060565601195,0.9998353750409286,0.04102867280270812,0.040870776193494864
3331,64,4682.934906366443,623.7223607805992,0.5746636386974362,0.5747863531169591,0.999786504291799,0.1333755428435761,0.13319048273181194
3332,7,4530.7632729920915,2306.522527391465,0.4177235072242604,0.417815704384442,0.9997793353404046,0.5091886730146709,0.5090803443959785
3333,29,12134.056012829671,4994.803384800178,0.1763784125866637,0.1763929484032447,0.999917594117494,0.41168358675216765,0.4116351020235142
3334,63,46808.80989968748,206.76578372415932,0.45099869845849005,0.4510083333690854,0.9999786369566093,0.004438509452813361,0.004417240775128953
3335,162,853.755583973852,24.225475217803123,1.0269817953271259,1.0281846943940305,0.9988300749141052,0.02951191626093524,0.02837518801932085
3336,268,24.197466776029547,1.2285162502654972,0.4616191864218781,0.48069635638742036,0.9603134708386121,0.08844207515278853,0.05077044889188515
3337,430,4652.485284960797,456.82501610137115,1.9727143324082188,1.9731383454274074,0.9997851073037168,0.09838325213598006,0.09818945963742484
3338,617,1540.6685755778142,65.47405698445604,0.4641900985641991,0.46449138990350614,0.9993513521545155,0.04311825384359391,0.042497171696969656
3339,13,138.0604219744879,21.292867192094032,0.7528763777259873,0.7583296160035373,0.9928088813064045,0.1603106539989063,0.15422861155696546
3340,99,192.34593264257853,17.27523875926214,0.5771741530091153,0.5801748619145728,0.9948279232651426,0.09452093721074523,0.08981338218034156
3341,14,22170.688591701622,19615.268721287335,0.10910448915870562,0.10910941027284728,0.9999548974361666,0.8847440121736725,0.8847388135986552
3342,5,22308.30510992232,674.919511884532,0.7470382752405382,0.7470717622433186,0.999955175654505,0.030297649727508053,0.030254181505897565
3343,144,2715.8818118461622,13.198962059627862,0.7493160397521513,0.7495919413162341,0.9996319309895484,0.0052261979147261665,0.00485991768936943
3344,223,18395.093841398982,348.5806950722433,1.1071890635304904,1.1072492528979967,0.9999456406338963,0.019002984986168047,0.018949655711336836
3345,99,2402.2333877779265,54.97116847186638,1.145282790631641,1.145759548134246,0.999583893930117,0.023289942939590375,0.022883358774192578
3346,30,565.4449939595355,419.5181138731331,0.09212132983049078,0.09228424811752944,0.9982346035172635,0.7423811991587186,0.7419255955127524
3347,17,30.40035106772147,17.73937930561955,0.45565403619955835,0.47064248272060405,0.968153222304958,0.5967888468891361,0.5835254752848856
3348,918,2054.270417832511,220.88243155052265,0.19078109991989073,0.19087397040970736,0.9995134460208625,0.10795777997161071,0.10752354199968411
3349,6,4905.215265675986,1976.7333706010186,0.6536974351753492,0.6538307009750686,0.9997961769009612,0.40310774466772675,0.40298605943619187
3350,5,74.19059638518667,51.8413706961253,0.2729579685546309,0.27663711364651666,0.9867004645783467,0.7027656813018124,0.6987593202105092
3351,999,5.518650688792136,4.973605142981634,0.07697800992507886,0.09092671120479819,0.8465940195692104,0.9163867536655049,0.9012357229064273
3352,278,9455.673703032597,386.67415706020006,1.0909402450144552,1.0910556191569307,0.9998942545728652,0.040994769327388283,0.04089334818482442
3353,490,8.360477931730284,3.0395675255397756,0.403408019802906,0.4516598091260813,0.8931678481276918,0.43155569138691,0.36356384770825023
3354,97,151.97750783311884,104.51623627862146,0.3123588858804186,0.314414182682781,0.9934630913121498,0.6897500016389844,0.6877085811499625
3355,30,95.59347733938148,67.51279265813936,0.13170444604632633,0.13308220161827553,0.9896473340897902,0.7092900529651651,0.7062489464469583
3356,51,40.80712279700092,9.218350201091052,0.5558343322334679,0.5694553447953808,0.9760806309284755,0.24441648976198083,0.22590051856752189
3357,571,904.0897932939997,146.09594585962782,0.2602065164181061,0.26049432689705204,0.9988951372478078,0.16252083157880307,0.16159450858009972
3358,30,31.219360183794752,10.504894628655343,0.46611445264817464,0.4810447539068828,0.9689627604553437,0.3570801705256058,0.3364865444650653
3359,71,2091.7350015529014,1008.4856581909323,0.22784293493129412,0.22795186026589062,0.9995221564128959,0.4823762480399332,0.4821287866016651
3360,467,1448.4815753351043,120.14594475389208,0.9150920946910309,0.9157238542593079,0.9993100981640497,0.08357880970365868,0.08294613255684422
3361,26,46.04910148619935,41.224433132974546,0.03514599484610192,0.03590922352400859,0.9787456089827065,0.8974546122917991,0.8952277417471277
3362,11,131.59481455081888,41.21978651398733,0.35278486785713636,0.355465709568577,0.9924582269420746,0.31841204844255794,0.3132326046028903
3363,315,8373.167244747285,545.5279288771395,0.18701992381879676,0.18704225944381797,0.9998805851410926,0.06526355551591717,0.06515192076443523
3364,18,276.1728640600018,197.75350072401338,0.31638728809465566,0.3175329013292199,0.9963921432085664,0.7170741674083493,0.7160497154457909
3365,28,86.51751178657257,39.4652517634053,0.31132527479398153,0.31492368242690066,0.988573715367518,0.462367484373724,0.4561533376128631
3366,110,23853.421922684985,9385.668505635154,0.1935502319391141,0.1935583460886297,0.999958079051203,0.39349804979799813,0.3934726235949079
3367,379,59.95997596471038,16.730677953829655,0.30501615877860305,0.31010315479337996,0.9835957940570893,0.29085769266204947,0.27903076485014844
3368,5,2243.938069216383,593.7440274059292,0.47255973850484656,0.4727703324356629,0.9995545534134272,0.26492669689259185,0.264599115078641
3369,9,53.38984062184247,26.479010094990016,0.5264862907686628,0.5363474606960603,0.9816142134529734,0.5052232141300795,0.4959559681501861
3370,180,402.66023655564743,62.54306289278424,0.3658417668393658,0.3667503287822305,0.9975226690433202,0.15741719678654645,0.1553246564095256
3371,77,12.844465209583447,6.472993610325541,0.2510391397048687,0.2705836778081417,0.9277689686917068,0.5397820354341002,0.5039519750106796
3372,24,21.767729956969998,21.275058264749035,0.011632637666153925,0.01216703595615242,0.956078186016351,0.9783609655792611,0.9773668777959453
3373,19,2982.9444306776973,200.17641898279615,1.1099838790066774,1.1103559891497934,0.9996648731156924,0.06741962648986263,0.06710698896168103
3374,22,65.84640339111502,32.37991951449374,0.31129784301780145,0.31602547925889957,0.9850403320258078,0.4993525129420872,0.49174925048165846
3375,38,64.40452159880978,19.233112356056544,0.8560347743876557,0.8693263066145397,0.9847105371990342,0.30935341871569844,0.29862984583386737
3376,7,12714.287827898555,386.39114024844986,0.7397907228642815,0.7398489086418004,0.9999213545132807,0.030466564775551264,0.030390309349502386
3377,8,7807.120496791918,261.14529417138175,0.3711130139009064,0.37116054909830126,0.9998719282059736,0.03357341812015939,0.03344963028029232
3378,6,141.58159641419343,95.10247895379334,0.1958364092614409,0.1972196145241399,0.9929864721314031,0.6740174143836891,0.6717149782346952
3379,17,61.489314484078555,55.99960235268122,0.05361847655023203,0.05449047320526245,0.9839972640401624,0.9121495862657281,0.9107208760179172
3380,553,2874.9902544542547,55.85610379374569,0.4953306772086833,0.4955029667239056,0.9996522936757344,0.01976922686218721,0.019428275872311985
3381,293,966.8239743426274,1.7370110138339172,0.8185771035589332,0.819423769679429,0.9989667542585114,0.002828004974451031,0.001796615578357956
3382,4,29.672834877600344,26.82151421870797,0.09870871377626317,0.10203528214033869,0.9673978618542929,0.9070408499810813,0.9039080468497872
3383,666,349.03381972563574,28.54884293091542,0.5913908270522922,0.5930851924508004,0.9971431331955758,0.08441710847847919,0.08179391599747196
3384,432,18985.965302273467,2568.8015042640723,0.4500744429753246,0.4500981486145065,0.9999473322890688,0.13534556277702622,0.13530002100849053
3385,59,1710.7033416665936,757.3733046218065,0.804617441587212,0.8050877846455257,0.999415786616958,0.4430518339021405,0.4427262671293795
3386,740,519.6112381490406,0.6937409400529717,0.6775914031202873,0.6788954384324064,0.9980791809190379,0.003253369915860494,0.0013351153499378036
3387,129,22.840379197366996,21.634099243518847,0.03384177572356896,0.03532344007910078,0.9580543584595983,0.9494018134585135,0.9471865180772827
3388,32,5.783930828586544,3.847082945670283,0.13552440179626193,0.15895559518578956,0.8525928366211902,0.7144947476830612,0.6651329449958894
3389,4,3717.3733337332465,39.54732496082069,0.9401769512740941,0.9404298655947361,0.9997310651969968,0.010904586850646106,0.010638513114071461
3390,90,3539.316161617612,2800.7249262245837,0.07198300504402169,0.0720033431550457,0.9997175393511908,0.7913770404461399,0.791318096020147
3391,8,166.07393457966572,29.455743245047298,0.7851322623883591,0.7898598691881591,0.9940146259048973,0.18228901666600253,0.17736523988306768
3392,380,5294.401428698792,636.7051759813316,0.2550819130521495,0.25513009260870323,0.9998111569040676,0.12042621972439041,0.1202600869155883
3393,240,70.68802140497081,15.418410140327595,0.3921163695550926,0.397663509816788,0.986050668153457,0.22902585144007268,0.21811913580089773
3394,217,19.23859312328848,13.288032371994152,0.13620432831136586,0.14328407304314095,0.9505894508621103,0.7059795256001743,0.6906966786416869
3395,95,96.3740660407297,44.51739517441966,0.18998264797308914,0.1919539526588621,0.989730325119815,0.4674488498342115,0.46192297371375485
3396,27,74724.93785253094,1625.9185901546427,0.37768620576631046,0.37769126011920295,0.9999866177658151,0.021771805572588603,0.02175871451861733
3397,67,1555.11194099142,144.8031462922236,0.7970142397816565,0.7975267522373662,0.999357372709728,0.09369708081497688,0.09311429130941419
3398,20,65.76076072431638,48.54905772674665,0.2139524901019957,0.21720598789833243,0.9850211413238774,0.7421883332239999,0.7382678848603199
3399,15,862.0816038998198,245.72277766093885,0.692213111083931,0.6930160665210408,0.9988413610074863,0.28586263053936745,0.2850342433353834
3400,342,11808.683248997764,276.0860569789831,0.7970080188131647,0.7970755121993457,0.9999153237238531,0.023462615477218507,0.0233799189255428
3401,465,29692.831686594993,131.61572039463462,0.9085037312980997,0.9085343280340691,0.9999663229720382,0.004466103323893453,0.0044325755719032125
3402,12,1727.0973527998565,1583.5624146570835,0.044548892854667545,0.04457468693789189,0.9994213288977153,0.9169404791285525,0.916892387154619
3403,9,83.02280981405762,59.59323290637026,0.16834956766358952,0.17037731844726733,0.9880984699010543,0.7211521852275949,0.7177934960264353
3404,11,470.458299685179,424.6556774213774,0.06894962270646221,0.06909618112142182,0.9978789216338589,0.9028490488037081,0.9026425460142764
3405,10,1330.9502885742427,1004.0769470143457,0.21863897417160189,0.21880324700436551,0.999249221229517,0.7545904345200515,0.7544060477945767
3406,587,8356.452576296562,609.1797779021616,0.6896938609673614,0.6897763952550476,0.9998803463147565,0.07301025908693227,0.0728993280749449
3407,6,15633.012584576927,7470.71725580537,0.3000826998339714,0.30010189528323045,0.9999360368942658,0.47791424085050793,0.47788084448775797
3408,70,361.52006751412495,69.04686016495914,0.3302888422580578,0.33120245362278555,0.9972415320154353,0.1932220211843304,0.19099039408721458
3409,4,208.94648644007333,149.5906970370081,0.1651196086314006,0.16590985694542887,0.9952368814693862,0.7172813395950419,0.7159282722847379
3410,24,3887.0596117845125,357.7863732822811,0.7635416621034794,0.7637380937866438,0.9997428022973288,0.0922790309579662,0.09204550714827467
3411,60,27.438145135356248,4.700585695654719,0.28792780964678666,0.2984215149693002,0.964835962569277,0.20045560877904658,0.17131572387514044
3412,7,380.28371116168097,177.17139172012847,0.6300284985556099,0.6316852313581564,0.9973772810882655,0.4672934785944108,0.46589266518649936
3413,4,530.669291714656,414.5596442655434,0.15426337129264392,0.15455406716237138,0.9981191315436425,0.7816130266341808,0.7812014954286343
3414,407,370.376595103945,1.0705238153018055,0.860517667751214,0.8628410264059629,0.9973073155034983,0.005575267377100821,0.002890365723572156
3415,6,376.2275653590672,287.62178897697237,0.22387468783438585,0.22446973909709897,0.997349080258628,0.765113198189123,0.7644888771041257
3416,101,17975.681425288414,9702.663857110352,0.17546311330557315,0.1754728744439219,0.9999443723801774,0.5397917239307515,0.5397661222155686
3417,5,18.063772184514594,16.06250081999048,0.061438689430536236,0.06483989980913066,0.9475444843590664,0.8950222786364528,0.8892107725849349
3418,5,11.1961937505678,9.234150514079307,0.17690704904380317,0.19270769102848045,0.9180072061454875,0.8391265933769583,0.8247580132856319
3419,41,20900.338918196496,16629.893739601768,0.09711270414769654,0.09711735061321689,0.9999521561750706,0.7956855685031297,0.795675792851534
3420,8,9.286787135318132,7.628360588026021,0.07252656045904338,0.08033621081521669,0.9027879174668011,0.8387809016093902,0.8214208505991238
3421,11,2048.1980728173266,435.5232346001892,0.2837667419353873,0.28390528651547525,0.9995120042258164,0.21302149381784166,0.21263726412998746
3422,4,178.39561947995003,153.42313516254893,0.11260394402576847,0.11323514755169602,0.9944257278806531,0.8607965769186905,0.8600162695126728
3423,8,1030.7619477108055,351.41480595748794,0.5126808998499524,0.5131782803566625,0.9990307841821279,0.341566004386379,0.34092722062347824
3424,4,3763.602086566204,733.3843451131792,0.7407164013163935,0.740913211814496,0.999734367676316,0.1950762200695243,0.19486234948453243
3425,17,1817.454653038918,347.53991156316516,0.6906939291029701,0.6910739627549504,0.9994500825201614,0.19166818978999628,0.1912234294165485
3426,108,666.1147648970405,51.35468855007718,0.5118751317420855,0.5126435806021273,0.9985010075438003,0.07847928318324264,0.07709585683484277
3427,697,78.60103117917525,2.4835718417672292,0.38217290524876657,0.38703509216305254,0.9874373486726686,0.04376289842183075,0.03159719159543587
3428,10,688.197637822108,496.52064888207855,0.22188493141158191,0.22220734596114908,0.9985490373949044,0.721883856790722,0.7214797343004307
3429,209,706.2184871260996,285.2532116911965,0.354353083280871,0.35485484454843985,0.9985860098142175,0.40475923197997016,0.4039163755851421
3430,806,109.78365534917043,16.612675472869388,0.633620107743814,0.6393916418189782,0.9909733976835465,0.15898261722234527,0.15132193786071563
3431,19,56037.76796894472,1204.3344517393396,0.46052262700640734,0.4605308450822461,0.9999821552108257,0.021508939175952365,0.021491477897670076
3432,6,128.3623607451648,116.06284468611904,0.06352030024991329,0.06401515169921013,0.992269776198891,0.9049219882182346,0.9041812881311544
3433,5,73.88872106525422,69.05916813862733,0.06841190024341756,0.06933777768800073,0.9866468543490197,0.9355102763416314,0.9346374811067347
3434,31,1334.6869038340171,58.96183777065137,0.7541940740986988,0.7547591460057747,0.9992513215506347,0.04489213572322537,0.044176531290805204
3435,8,7159.893114604643,519.5127904103759,0.5540547723100308,0.5541321554166555,0.9998603526146816,0.07268825020566079,0.072558735458031
3436,6,1628.4593728727016,1225.5400083567233,0.16980928854011718,0.16991356457633208,0.9993862995195533,0.7527281924153529,0.7525763484014931
3437,6,1315.6557187076423,1203.8499200495683,0.06538681295856466,0.0654365119885075,0.9992405000139437,0.9150834974781284,0.9150189543751613
3438,7,17886.795564537206,6375.9199695844045,0.48320227887047634,0.48322929333917336,0.9999440959621666,0.356495575241632,0.3564595987346922
3439,302,13.653870067484643,11.041867095447282,0.11307430531372502,0.12135578922670003,0.9317586415469253,0.8217533689047023,0.8086987089281309
3440,208,65.2506659506742,27.76484700521932,0.22234835233169895,0.22575595513685318,0.984905812105428,0.43418200545539715,0.42551055381117436
3441,168,40.882264125007886,16.576781008177438,0.30990359789762917,0.3174839901418067,0.9761235448729503,0.41967122301973037,0.4054760997945155
3442,13,10.660516137201277,4.805748030974799,0.3522215966631029,0.38526142251487194,0.9142405028873773,0.49789803149899653,0.45079881397154004
3443,7,317.7080264720188,86.63988476733748,0.8231993233567464,0.8257903794672826,0.9968623319247099,0.27498486855658744,0.2727028515125287
3444,267,1030.5626002246186,395.19444851417865,0.3325018680232402,0.3328245091398021,0.9990305968830367,0.3840721333130039,0.3834744715440315
3445,117,325.6390401650507,86.65465212821545,0.6317462173188627,0.6336862372163499,0.9969385165977263,0.26835326262262943,0.2661064597300569
3446,14,56.31228682116126,53.3602165676597,0.02712699190784692,0.027608716118302068,0.9825517344453475,0.9484914942809162,0.9475768003725926
3447,351,30154.046528815405,442.0241505121252,0.23614506323605305,0.23615289452539628,0.9999668380548162,0.014691542594331017,0.014658866765683471
3448,15,8678.462734650146,6639.540488332067,0.15768902274412103,0.15770719290023796,0.9998847854953044,0.7650865832768318,0.7650595147251879
3449,554,3609.341161729351,214.14677768468474,0.39725926915359305,0.3973693333595944,0.9997230178658458,0.059591813639470456,0.05933126520577516
3450,265,433.49354110896735,12.624585621600131,1.4020312501857288,1.4052655111774823,0.9976984698151146,0.03135739506466726,0.029122892095009754
3451,13,111.83824087422515,90.1334519237659,0.14169028068947923,0.14295720226819775,0.9911377562052335,0.8076468688070702,0.8059269460893188
3452,390,1569.3305947248477,239.24087390352213,0.7371758766579773,0.7376456157168703,0.999363191417553,0.15298745035634803,0.1524477217915123
3453,22,18.2059397365699,16.877040679534876,0.05270397442387732,0.055598852424490065,0.9479327742502539,0.930807912798733,0.9270073901010618
3454,792,894.3474074137741,1.3442302244824766,0.4302786631208542,0.4307597722061538,0.9988831150995471,0.002618235340909541,0.0015030291510204625
3455,876,367.4862674499626,43.40051611809208,0.3052927071652694,0.30612346666353246,0.9972861946608746,0.12049435770118978,0.11810105563740976
3456,542,453.8720720980602,16.660442005900013,0.1660603155109229,0.16642619022699276,0.9978015796938521,0.03882507432131999,0.03670735220364139
3457,108,37.53963300617144,24.34085847486959,0.08567914649019234,0.0879615115435776,0.97405268493761,0.6575272387988672,0.6484042737143435
3458,48,2893.7934181445175,358.0773861842074,1.2155740923780691,1.2159941548762268,0.9996545522061326,0.12404249088502006,0.1237397887281824
3459,311,3286.6314337839503,21.14384655774502,0.5203939246331265,0.5205522611959927,0.9996958296511815,0.006735501531647731,0.006433287998283939
3460,6,19601.32278455835,6345.278603653695,0.5394789713056303,0.5395064938854701,0.9999489856375191,0.3237513570918723,0.3237168569384724
3461,19,5887.774097798439,2594.8834630676006,0.37988805455809926,0.37995257606457156,0.999830185369078,0.4408189921970501,0.4407240189527451
3462,531,34.41503167856874,3.4118384641517006,0.5025317809541452,0.5171338823163557,0.9717634023576167,0.12457530757544139,0.09913803061458036
3463,131,6294.255692552944,2094.7637569713565,0.38771539356975654,0.38777699186072345,0.9998411502171097,0.33291161778393974,0.33280563410377156
3464,50,24.171738111824997,6.683431656800856,0.40323172848713357,0.41991367856543044,0.9602729062428065,0.30524040980671846,0.2764977688357161
3465,38,261.8131766965551,30.481316661711357,0.795951605893607,0.798991756950695,0.996195015742477,0.1197859143039079,0.11642392123387893
3466,328,79.54376754627873,36.392363823959755,0.4347638290500558,0.44022954738929726,0.9875843900718274,0.46424900353059473,0.45751370530427293
3467,50,251.02781326177237,88.35894157415169,0.21004703197082644,0.21088378001576039,0.9960321839599451,0.35455984170024013,0.35198865187902817
3468,773,40969.04791105808,21.181568003463113,0.9944079537901761,0.9944322259664772,0.999975591925053,0.0005414093742730568,0.0005170139186404166
3469,706,232.13212613428405,16.71188898583443,0.44092338886508503,0.44282283895933877,0.9957105868822901,0.07597360895525994,0.07199300357145275
3470,980,16240.210212352134,57.41097835832759,1.2661654702801657,1.2662434351250613,0.999938428233677,0.003596467110185148,0.0035351130070139978
3471,273,939.8891732250694,287.9223358167802,0.2558552602608031,0.25612747880267955,0.9989371755691774,0.30707371711638065,0.30633647457478824
3472,9,55.39953544274073,45.93134408917317,0.0954800526435539,0.09720353375003787,0.9822693575017966,0.8321228840053111,0.8290925857428247
3473,4,3289.299239433425,774.4748195170562,0.6219571202575839,0.6221462052495486,0.9996960762753687,0.23568519550537584,0.23545283148226362
3474,13,21.405526974869243,14.43277073651662,0.19271853244641204,0.20172174608710725,0.9553681553162472,0.6887930265521766,0.6742543995044431
3475,7,1674.8716681658182,35.988684811457205,1.382162280303478,1.3829875150403086,0.9994032955989437,0.022071311016278475,0.021487428258231304
3476,11,25.6879834909989,10.459708694116149,0.6423115524131341,0.6673159110712671,0.9625299528404881,0.429395825202799,0.40718294208579053
3477,45,35.65276141122122,14.767190892423907,0.295551118072695,0.30384082990353445,0.9727169260514746,0.43017743507851475,0.4141948704084429
3478,119,6720.524854847299,25.748464063414588,1.138723675885669,1.138893115579812,0.999851224235334,0.00397952319466983,0.0038313174371854375
3479,52,223.81899869403543,40.47437412400853,0.7542531816876842,0.7576231064308414,0.9955519773426224,0.18447895580414247,0.18083529262561718
3480,53,263.16155813192273,86.72817081484533,0.3301590062154628,0.33141359297410306,0.9962144378346657,0.3321004442706752,0.32956246128991434
3481,63,3334.257811144724,61.62385794844228,0.6247987753594799,0.6249861630213671,0.9997001731030631,0.01877631700289717,0.01848203151611886
3482,8,22.135020748114094,10.55697594658788,0.44248051080664835,0.4624705761353356,0.9567754872196724,0.49954465450522556,0.4769354439158289
3483,221,35.93542482541702,23.01078594500161,0.09732367375207689,0.10003196714849277,0.972925720910841,0.6500747198250348,0.6403371062619565
3484,576,35919.91057303305,918.2938638339663,0.6530735492000354,0.6530917305801885,0.9999721610620654,0.025592164819009597,0.025565037584569527
3485,128,2916.302114838657,25.1191786242064,0.5895401177044628,0.5897422710117984,0.9996572175384532,0.008953196342385311,0.008613366391772515
3486,32,13265.209194442568,7518.885303992048,0.2510119381305319,0.2510308607072098,0.99992462051628,0.5668450718493306,0.5668124183930751
3487,60,21.718458344142878,7.3762290120735425,0.35724821071981894,0.3736972700894572,0.9559829287334622,0.36869706936927993,0.3396294937325878
3488,892,3255.187243350767,210.45357530791068,0.9141681035677073,0.9144489378286045,0.9996928923537666,0.06493900980040546,0.06465175720315176
3489,840,15.653994872100364,2.046558754712852,0.4660565046656417,0.4958288732190696,0.9399543468291051,0.1829326103502412,0.13073715504790223
3490,18,90.93041680765847,53.8316188668996,0.3178036707819157,0.3212986912815375,0.989122207483381,0.596446973384458,0.5920089311893016
3491,188,93081.78847450072,107.96242353620411,0.23354646503943347,0.23354897408517555,0.9999892568753431,0.0011705968989750828,0.001159866234905659
3492,220,64.83799678672703,44.79832939565196,0.07584049120634696,0.07701018328452468,0.9848112025151774,0.6956215503337568,0.6909271047192904
3493,598,203.95004568495312,4.101742071069199,0.4947720188447826,0.4971979659299285,0.995120762248879,0.02489261250964315,0.020111503565952937
3494,7,1213.232293483294,600.4180595896406,0.3370669626471103,0.3373447882246667,0.9991764343566163,0.49530725118860075,0.49489126098497505
3495,11,289.055669347399,30.58037853120921,0.9966522828507711,1.0001002424950185,0.9965523859531865,0.10887695662788603,0.10579407973644155
3496,267,21.690853046625556,5.520693785829357,0.598133863839156,0.6257092599083396,0.9559293783294447,0.28737102886482596,0.254517135585325
3497,52,17074.570063090054,3866.016238469751,0.19332316265197114,0.19333448493779956,0.9999414368014476,0.22646483977882273,0.2264195364325386
3498,100,18.476317436802272,3.5835397125036668,0.23354265335857805,0.24618276165707445,0.9486555914255942,0.2353391357158028,0.19395313621131832
3499,208,3328.8426743749665,182.56031082186422,1.224109062345615,1.224476790466793,0.9996996855113621,0.05512582087870554,0.054841976230114955
3500,87,14.424673592476841,5.5289076547750176,0.5428545193797936,0.580488266576882,0.9351688063929126,0.4232768762095165,0.38329516569848815
3501,73,12.112688390147817,5.713033747272279,0.27796001176681395,0.30090784983659385,0.9237379879513227,0.511949460517654,0.4716569570070943
3502,373,89.01015331669602,74.73784996096754,0.045956384540351704,0.04647268951037956,0.9888901422433806,0.8414367398585343,0.8396553334208069
3503,9,9463.562696352203,8808.676668366783,0.05124469138628702,0.05125010633338786,0.9998943427148108,0.9308065201746908,0.9307992086069393
3504,15,61.12928218909806,21.871813569456773,0.3813497671001688,0.38758818105570153,0.9839045299613092,0.3681325900377154,0.35779601503904856
3505,168,21610.37072102369,9240.182092466135,0.2872008654942329,0.28721415544974543,0.9999537280622826,0.4276074022216578,0.42758091528142117
3506,72,518.8566384695023,459.1174843671875,0.050797127003911424,0.050895029050907974,0.9980763927475388,0.885085329912894,0.8848638531858619
3507,414,16.775188298145764,11.01256167993515,0.09957145046181942,0.10550708878027723,0.9437418055310102,0.675805031060529,0.6564791693666066
3508,28,198.48160437523083,47.05013042103584,0.575189733302167,0.5780876831404542,0.9949870064303323,0.24087499482234018,0.23705033304792944
3509,42,4620.668256462205,233.46414027505926,0.2583976974307238,0.2584536195794454,0.9997836279143137,0.050731495049914484,0.05052605539221508
3510,8,247.98267398462576,152.3595787104822,0.1858748757267905,0.18662442355906494,0.9959836562761722,0.6159447814427115,0.614396063492436
3511,4,15590.633178680391,14190.048247229275,0.053985781911208466,0.053989244617391845,0.9999358630370193,0.9101707360992664,0.910164974353552
3512,16,107.94449911076745,86.25177490393675,0.2516624683385765,0.25399387448165683,0.9908210142947809,0.8008827945982385,0.7990381688225662
3513,11,653.9105793350366,47.08022053425433,0.7480951594689568,0.7492391922818677,0.9984730739866574,0.07341493946100638,0.07199794898888214
3514,106,27.821152656496313,18.089110519449953,0.31476367480260026,0.32607750060589963,0.9653032613955989,0.662329877883883,0.650192705629186
3515,303,33.63363080035266,7.346386929472278,0.5056400204749778,0.5206737830644652,0.9711263307689413,0.24099081547601672,0.21842384407083543
3516,162,7774.226571477523,0.004586404552227888,1.2970766020170783,1.297243445186632,0.9998713863845891,0.00012920348948253566,5.899499467966012e-07
3517,150,14.34086685597565,3.3417751031151957,0.5573619603585747,0.5962272511360516,0.9348146353535116,0.2830201933096086,0.23302462373275032
3518,25,451.3343335468713,210.74829903594048,0.2884695610506083,0.28910870932630806,0.9977892458612224,0.46812342847284427,0.4669449748698415
3519,5,250.58912399514293,215.96628241054506,0.11022312300788838,0.11066297898108704,0.9960252653846068,0.8623833930704163,0.8618342207650284
3520,100,20.31512164968606,9.647021291296689,0.14076991510286163,0.14769923196988796,0.953084949903876,0.4995055372556837,0.47486898959552964
3521,99,39.72926244342897,6.559060775354552,0.4804967246889657,0.4925910021846314,0.9754476280686658,0.18559287160806634,0.16509394768387875
3522,547,104.37143112367633,12.90997320714467,0.4267494028441336,0.4308381596835263,0.9905097616181535,0.13200896162089976,0.12369259545600006
3523,41,30.106131453953772,25.44322924273961,0.11711731440936185,0.1210074626533662,0.9678519972346835,0.8500970068194873,0.845117855200164
3524,21,56.53671778221427,20.40640702369507,0.7008637444984056,0.7132603563285831,0.9826197941324154,0.3720477609571294,0.36094078015463904
3525,92,18618.975900658206,6797.606691758403,0.32274494731882103,0.32276228151319575,0.9999462942376864,0.3651243550491425,0.3650902567373804
3526,149,54.67101796874737,15.424200398483539,0.4438104046530693,0.4519282415096425,0.9820373322334184,0.29502245508971586,0.28212755078569723
3527,25,173.86504103267245,113.90365365430763,0.22367496530339925,0.22496145144215882,0.9942813040611522,0.6570990575116646,0.6551268327305835
3528,241,1022.8386132978388,6.5666933511618915,0.798330457220989,0.7991109620306843,0.9990232835653864,0.007390513751761294,0.006420067902979867
3529,630,46.63616637027552,19.051413705291246,0.28830770967771885,0.29448977248684116,0.9790075466563154,0.42092836668324185,0.40851157348632416
3530,5,35.98735716939653,25.891306276910214,0.1537251533018476,0.15799679660641833,0.9729637347318395,0.7270404899098921,0.7194556175669397
3531,149,18.543792747550242,7.028988775852266,0.2792562134561247,0.2943154959479986,0.9488328589584877,0.4108204011147568,0.379048065923884
3532,26,18262.42333083083,2682.306570230737,0.7410967827381714,0.7411373631567342,0.9999452457525688,0.14692243188061008,0.146875719702677
3533,8,168785.64254103796,151988.67422116245,0.07837002013340255,0.07837048445026598,0.9999940753605558,0.9004840189543342,0.9004834293545344
3534,655,25.6529070088755,14.908890577501914,0.19457336699324274,0.20215821369018527,0.9624806404919733,0.5968913849511502,0.5811774303919504
3535,149,3270.6196950930166,148.1299993048362,0.7338267775457908,0.7340511468843129,0.9996943410013397,0.04558292625775265,0.04529111089469647
3536,942,357.3339338383671,117.74250534798594,0.23254337641647477,0.23319414969713853,0.9972093070023028,0.3313738782036391,0.3295027261565492
3537,548,20.625611069067645,0.05630097395210088,0.37406579268647955,0.3922017786426711,0.9537585321031525,0.048844907576414756,0.0027296633182682184
3538,9,1106.8697093253702,244.67640248370904,0.7321628592461373,0.7328243308295384,0.9990973667827701,0.22175568157135736,0.22105257775356207
3539,10,5754.709547264056,1144.8749351365173,0.7004725710266343,0.7005942926470345,0.9998262594747377,0.19908491311574303,0.1989457375274173
3540,14,52.726808305663454,28.42658847988263,0.24678766659183016,0.25146816356333607,0.9813873179603229,0.5477077348884823,0.5391297025810927
3541,84,2653.7122556807217,768.7407779544694,0.8482362327585089,0.848555874132943,0.9996233113408581,0.2899526215345295,0.28968505394993344
3542,720,1597.1297069786162,108.9623948015273,0.188075894954657,0.1881936536402121,0.9993742685617858,0.06880692744859829,0.06822388584059202
3543,5,43361.4837634261,614.5550335152964,1.2103498714485699,1.210377784466446,0.9999769385903853,0.014195566768582652,0.014172832204456346
3544,601,114.8599276179853,59.60227119550289,0.14865625255572373,0.14995049203191552,0.9913688880999716,0.5230649840842417,0.5189126654661942
3545,7,93871.75279189306,885.9956580784103,1.6529486417379609,1.6529662503219336,0.99998934728161,0.009448914958793157,0.009438362784623816
3546,28,115.08260976727573,69.40719996599988,0.22669680255497132,0.22866666405718616,0.9913854452272841,0.6065266805006655,0.6031076294355652
3547,66,36.25873191726658,22.36796147350376,0.16777211314920584,0.17239919480037943,0.9731606539315263,0.6271808049021254,0.6168986142301361
3548,18,78.39520797984812,56.16806362850897,0.12011032828046256,0.12164244142073684,0.9874047814037618,0.7200442581247374,0.7164731757959906
3549,37,16922.421557509664,1364.0825159329643,1.1884708262362806,1.1885410567775887,0.9999409102942574,0.0806623241815552,0.08060799757866954
3550,95,650.6801729821498,132.2474721438054,0.2917815205477629,0.2922299459534588,0.9984655049494232,0.20446758650651045,0.20324496985623283
3551,47,263.13804729165736,126.76097853354395,0.3792662864757751,0.3807076070692026,0.9962141008830289,0.48369017581352886,0.48172805049755657
3552,99,68.03201006000634,13.649491381319232,0.6319228966370128,0.641211507925723,0.9855139666492291,0.21221302072162038,0.20063336904612927
3553,15,5402.202386600676,699.4886072792384,0.5129328301319339,0.5130277789682463,0.9998149245709398,0.12964322954408852,0.1294821180735863
3554,510,23.797979281701814,4.595896124844815,0.32345952844319165,0.3370514189400415,0.9596741335799933,0.22565935963072492,0.1931212759891166
3555,173,11.56901668471879,5.997848936514711,0.24010205166271767,0.2608559375119672,0.9204392813627353,0.5567538903041305,0.5184406851480396
3556,8,6005.047270278988,421.20335745360654,1.4893087930794322,1.4895568025831125,0.9998335011439307,0.07029637604467183,0.07014155567738568
3557,749,185.793473714426,36.443361036679164,0.6139557920453885,0.6172602988171876,0.9946464939051949,0.20045326151985055,0.1961498448147563
3558,24,20.00834520682268,8.545503563897052,0.43072012385328395,0.4522471476726456,0.952399868235446,0.4543672274005213,0.4270969675684677
3559,320,30.096303015787772,5.337122214750732,0.7506039424317151,0.7755440137101696,0.9678418363915386,0.20379021298877034,0.1773348112540936
3560,76,3146.409190651609,283.2395118456991,1.1166418859708263,1.1169967800161684,0.9996822783631149,0.09030904297094364,0.09001992261122314
3561,4,47522.524162841,1092.3653567030449,0.9915871204429754,0.9916079860669695,0.999978957789482,0.023006824009023208,0.0229862654803423
3562,870,36.308665407091965,25.937361229247433,0.2091327107016576,0.21489256742888407,0.9731965754044396,0.7220135305115186,0.7143573287103314
3563,872,8211.672134568176,803.3415611483055,1.2874913020212546,1.2876480899788014,0.9998782369509441,0.0979390809676585,0.09782922990392266
3564,552,4221.057827341014,629.3729577876893,0.8331154832644762,0.8333128545200578,0.9997631486727812,0.14930467169481862,0.14910313564316946
3565,846,10257.169952848231,2072.0659366857244,0.33580741475039416,0.3358401535483564,0.9999025167252447,0.2020892562917743,0.20201146575623904
3566,251,24.431628066727864,6.349404162229266,0.16222147472348178,0.1688612890772539,0.9606788838930727,0.2889867743797525,0.25988461124603407
3567,19,4117.743524719973,1101.4245881248053,0.8494096031863673,0.8496158835430934,0.9997572075090383,0.26766041184847933,0.2674825621150622
3568,156,5014.875871315552,79.54608676200175,0.5215748876629716,0.5216788932058897,0.9998006330248882,0.016058229674825727,0.015862025063670106
3569,86,7472.618258468507,0.899756119651382,0.28020606533224773,0.2802435630413024,0.9998661960023356,0.00025419496339657574,0.00012040707668048129
3570,285,208.40920533255957,71.02719209571713,0.6588010483688997,0.6619621421762373,0.995224660738233,0.343954278329512,0.34080640527551886
3571,24,238.28403735645495,103.8292282675042,0.4264835410627493,0.42827335269173716,0.9958208662347571,0.43809536743708044,0.43573723787541635
3572,17,7023.98461553948,338.5549058024092,0.9526785475737218,0.9528141797824636,0.999857650933813,0.048335323760183534,0.04819983589562666
3573,7,517.085261779836,377.2148196146426,0.24316133236251078,0.24363158620715825,0.9980698157740203,0.7300242788519387,0.729502168203844
3574,296,324.43807074740823,120.54080347315379,0.2349817007101805,0.23570597360506262,0.9969272187556194,0.3734683013392395,0.3715371725502616
3575,20,124.43415035682006,21.242183558954064,0.507905498334331,0.5119872194444754,0.9920276894517537,0.1773215946030819,0.17071023909466354
3576,5,119.89263236174206,88.7022433145813,0.23956711847852752,0.24156529896517914,0.9917281973229952,0.7419992563828783,0.7398473247876266
3577,19,1263.2816016278905,583.1505930726586,0.5402866266158638,0.5407143116434296,0.99920903697506,0.4620415201174371,0.46161567802554776
3578,5,9758.389780424473,5711.29327826845,0.41192469653335323,0.4119669088968479,0.9998975345772123,0.5853125458444391,0.5852700503648071
3579,275,2008.0750328695503,45.651771033589206,0.1942364543904216,0.19433318207798855,0.9995022585101903,0.023220522016520584,0.02273409622963768
3580,9,192.07338168394054,46.544325171584774,0.3855638096889155,0.3875711873188018,0.994820622131967,0.24625002554424838,0.2423257442729577
3581,206,23.234490770432245,6.529726751326734,0.4548501455405749,0.47442665143582796,0.9587364962823952,0.3107029077959221,0.2810359312731887
3582,34,24397.54475126663,5110.902154749303,0.6671246337981506,0.6671519777231478,0.9999590139489797,0.2095166825260725,0.20948428240853884
3583,6,1482.824562311401,1268.363900678231,0.1150628744956958,0.11514047158804255,0.9993260658804284,0.8554676428195138,0.8553701718436114
3584,27,99252.62322227236,32322.552718990217,0.22044966134038974,0.22045188243696318,0.9999899248010546,0.32566622426068637,0.3256594301452882
3585,13,167.4644710993468,64.06827030120267,0.3481486381278215,0.35022757842985897,0.9940640302760914,0.386243282495041,0.38257828589321935
3586,32,23.3203027769462,6.798863787040823,0.27408269804817126,0.28583566286469686,0.9588820908534111,0.3206729726421644,0.2915426893068468
3587,19,59.024483709015406,16.946341417263717,0.555683682337453,0.5650981430395053,0.9833401315895066,0.2989836864614007,0.28710698260077
3588,700,9291.417086424186,0.6010799692174452,0.7622397859073922,0.762321822886124,0.9998923853728583,0.0001722996239112591,6.469195857063517e-05
3589,5,2482.6387833601502,2064.9599924257996,0.14261406758032158,0.14267151213026427,0.9995973649603557,0.8318278834536208,0.831760144192608
3590,160,86.60075190785201,22.93024357475062,0.8176227063028689,0.8270639950710414,0.9885845728692838,0.27317395174784626,0.2647811141310836
3591,6,17763.418167624124,9580.875370316582,0.6999613494375245,0.7000007540916757,0.9999437076975691,0.5393858262005828,0.5393598957085203
3592,24,112.16202089866624,51.16861816958608,0.3509254384238089,0.3540541751888219,0.9911631129237655,0.4610081876878266,0.4562027124655218
3593,30,20440.703124910633,374.55755461330796,0.632813818719708,0.6328447772349242,0.9999510803970739,0.018372126447509487,0.018324103252438658
3594,88,3673.21073969998,334.44783590955353,0.6788721293486936,0.6790569464412746,0.999727832704533,0.09129793026976583,0.09105054395459775
3595,51,80.19733170733946,15.6222784851376,0.8180822916611509,0.8282831583763499,0.9876843243617371,0.20471459019182406,0.194797983331257
3596,346,96.58805292569262,0.927468684844995,0.6076290386154025,0.6139199723303917,0.9897528440211688,0.01975107225791917,0.00960231267482447
3597,94,1156.5251259701815,937.8252317751982,0.05964852885272729,0.05970010449731409,0.9991360878674992,0.8110625080283422,0.8108991415024198
3598,89,2739.5454324301627,1429.868983955979,0.2477917622005344,0.24788221215594206,0.9996351091325958,0.522111024697432,0.5219365837227924
3599,13,134.43548651158767,21.82555813239616,0.8756987623708881,0.8822126582557771,0.9926164107668012,0.1685345452681136,0.16234967937959527
3600,19,627.8006345081773,206.63842330172653,0.3433232509529797,0.3438701176365757,0.9984096708159621,0.33021344430438276,0.3291465665108929
3601,105,122.96358963101405,104.49453442117186,0.06432993898924867,0.06485310148948382,0.9919331151753785,0.8510122588026325,0.8498006176847663
3602,57,4507.861589199033,17.601437098092916,0.9247075813744428,0.9249127135780557,0.9997782145270558,0.004125528524240489,0.0039046090368582897
3603,10,1038.1478112202628,368.34058554364196,0.33164367495841146,0.33196313204474753,0.9990376729958885,0.35542641918278045,0.35480553112247665
3604,11,12305.326636367567,2565.572615358574,0.4990045920485857,0.4990451439662059,0.999918740983435,0.20855716666692864,0.2084928495742808
3605,23,7425.877425592202,180.8433841154352,0.9872268000765447,0.987359744204692,0.999865353910844,0.024484500510109797,0.02435313347513452
3606,490,35776.13129220853,181.99791497435973,0.3577989822182311,0.3578089832711481,0.9999720491843845,0.0051149409794689895,0.005087132353351911
3607,22,90.98116285183261,38.14172264817403,0.5993787820791912,0.6059667258171196,0.9891282087658445,0.42554063717617135,0.4192265899072948
3608,743,93.17579767761305,78.44674739989301,0.04157185695032429,0.042018022778645525,0.9893815606062266,0.8436004722981886,0.8419219298912541
3609,135,92.78143872923198,5.314102156434518,0.687964072440268,0.6953789614726312,0.9893369091629398,0.06732784484853922,0.0572754877399874
3610,297,1134.0636867426376,733.2652667026497,0.1317386630160083,0.13185482815254873,0.9991189921660963,0.6468934521285022,0.6465820881795464
3611,932,121.93650901704054,8.885237852445979,0.2714676551220032,0.27369395844420236,0.9918657198907334,0.08040929363852166,0.07286774013847053
3612,10,520.6057242690802,0.0042268972477767725,0.719930454765336,0.721313325566029,0.998082843125617,0.0019252604994989039,8.11919087849303e-06
3613,27,13.334687364975471,7.874692259046175,0.24184018415397243,0.25997635619420956,0.9302391482605099,0.6191060909169233,0.590541948492143
3614,14,59.41850394975267,49.645815066032405,0.09597641877561627,0.0975916802244198,0.9834487791880506,0.8382500683590616,0.8355278535456808
3615,165,278.51434283081596,74.3628051185551,0.6835101662833406,0.6859642954292086,0.9964223660586702,0.2696205295059602,0.266998117090605
3616,10,2159.4957704013027,1367.1710676565062,0.2270862672258873,0.22719142430483996,0.9995371432734557,0.633267181727634,0.6330973583719697
3617,45,15.050228508919774,4.830410515057351,0.3361576813673018,0.3584934007996062,0.9376955910973943,0.36326028080018613,0.3209526361805421
3618,39,6943.578011536049,2053.336199200357,0.5640446414424132,0.5641258740058703,0.9998560027695941,0.2958187230077591,0.2957173082507243
3619,75,20128.226816474904,1026.294010948915,0.17471877489252569,0.17472745517899532,0.999950320992996,0.05103494636505954,0.05098780038134784
3620,76,2972.103597681476,35.8884693351003,0.59818515364258,0.5983864202317085,0.9996636511419317,0.012407394536761901,0.012075107127186523
3621,71,178.44958853783456,103.87044612443202,0.3353462707382815,0.33722549205499086,0.9944274043303852,0.5844005939435268,0.5820716482201896
3622,282,464.3523706122486,50.970514032956416,0.2035749767079827,0.20401338294770874,0.9978510907794789,0.1116799168006398,0.10976688665495946
3623,172,309321.84111242037,592.6578342918936,0.16758684225156462,0.16758738403950188,0.9999967671317244,0.0019192175791380838,0.0019159909050085382
3624,19,698.4410276472436,54.117446709197516,0.3015617631007952,0.3019935272027933,0.9985702868998639,0.07880213560619935,0.07748320125393637
3625,41,41.646748101494154,13.136520126115327,0.4997686078481891,0.5117687910709041,0.976551553294987,0.3314794387715589,0.31542727163478174
3626,10,27376.908397042098,13668.304574826696,0.35790900429325984,0.3579220776833996,0.9999634742002382,0.49928228177955053,0.4992639919963888
3627,350,1261.0321769221714,251.3299436272073,0.6344199772008863,0.6349230729892501,0.9992076271760054,0.19993939001031374,0.19930494100525947
3628,12,53.10441703021015,14.128225384554291,0.4288343642212872,0.4369096692185595,0.9815172206838189,0.2796116512281646,0.2660461440809528
3629,98,258.7918100764381,13.551785709407461,0.8520592385129984,0.8553516890672155,0.996150763953237,0.05601325809742007,0.05236558956562318
3630,896,53.70133082419903,1.0611274719206996,0.16698544112214575,0.17009496259133994,0.9817189091209895,0.03767965862740744,0.01975979841904647
3631,64,639.6085215197556,205.23922287860228,0.182888602492251,0.18317454083787796,0.9984389842370068,0.32194267786093145,0.3208825648397229
3632,201,2359.9974094204667,272.989209762281,0.7559763911324333,0.7562967204633533,0.9995764501917663,0.11604807725288217,0.1156735209422614
3633,12,2982.9836596916507,2070.013521451551,0.17575875462646423,0.17581767508151117,0.999664877521446,0.6940431844273431,0.6939406170483438
3634,5,1638.3108716069564,691.2175773578907,0.6292685213935343,0.6296526173134842,0.9993899875750716,0.42226132294195984,0.42190868005404975
3635,11,1084.9745368392544,783.0932507735035,0.1814379363124284,0.18160516414142525,0.9990791680964171,0.7220180806960899,0.7217618701493301
3636,385,89.49450842296108,10.229286558694175,0.7043646020099954,0.7122350804831671,0.9889496057006453,0.1240880441740151,0.11430071787588822
3637,540,13.388827494591567,7.544010536873718,0.2559581371103728,0.27507543003342877,0.930501633967335,0.593794771678597,0.5634556528509409
3638,15,193.0351218262228,130.9912588815088,0.17328355898845138,0.1741812379048532,0.994846293853462,0.6802441621868835,0.6785876976285791
3639,7,15.059380600035409,13.513265469794186,0.05853734101632585,0.062424442522757514,0.9377310977985173,0.9037251081627761,0.897332090123442
3640,682,92.48333515562832,17.666061595338437,0.30150547971877,0.30476558576070073,0.9893029062523794,0.19967261078419724,0.1910188637294545
3641,13,18.737071628137183,8.469618543518976,0.3923971435236749,0.4133394311613235,0.9493339225372017,0.47978842666908506,0.45202466594621304
3642,184,83.13217117670133,20.18493296421743,0.6195293553695224,0.6269816971837724,0.9881139404105034,0.2518053756121792,0.24280531445898854
3643,968,68.99598600695019,22.827334428181715,0.2732000705168528,0.27715972217672374,0.9857134664850538,0.3404100118800498,0.3308501805580725
3644,654,8791.02420252537,292.79961987065946,1.0138641963745028,1.0139795258484088,0.9998862605496797,0.03341660726846841,0.03330665609890459
3645,583,17.12065801993392,0.9016549813670037,0.30929709110629655,0.3273628156097692,0.9448143660732445,0.10494403565671058,0.05266473872191063
3646,254,99.39730850278697,11.596670640205227,0.5337459349352489,0.5391157577501219,0.9900395736209182,0.12546821053330878,0.11666986576281461
3647,410,76.36880846061574,33.8300154572091,0.16540429520764718,0.1675701571418811,0.9870748946520348,0.45018161905568405,0.44298210407008803
3648,14,24616.39786571145,1815.8240140178898,0.3986069220997077,0.3986231148393717,0.9999593783223772,0.07380243939382677,0.07376481416670545
3649,72,67.15334855826052,59.91597899521928,0.0472625791785431,0.047966379959788426,0.9853272066427498,0.893807571951444,0.8922262296903588
3650,168,101.6225001071569,32.39478968742286,0.7144592529455189,0.7214897752431613,0.9902555482573916,0.32541391656364355,0.31877575982940626
3651,236,115881.97181211133,9049.713270300881,0.1318811935494353,0.13188233161423937,0.9999913706044613,0.07810218471938567,0.07809422922984001
3652,12,207.51952015403938,190.062658851664,0.04918791150208126,0.049424939380063884,0.9952042859140413,0.9162818843555773,0.9158784615085012
3653,125,22.51821007514137,15.198535135291223,0.0994903005910849,0.10390851590478412,0.9574797573112503,0.6887656451548153,0.6749441933694993
3654,154,35.3498991338215,15.083973704630717,0.4366490408568452,0.4490012413314166,0.9724896072938605,0.44247643288961697,0.4267048584078962
3655,19,8.648675598778958,4.465247265972265,0.37146356655755397,0.4144139076028347,0.8963588329027716,0.566424605120302,0.5162926063041006
3656,14,262.76045137134446,66.35579408201254,0.50227513932606,0.504186671813939,0.9962086810406914,0.2553672991224272,0.25253341488683795
3657,24,29662.95448734223,998.0394615405041,1.4894219426628614,1.4894721541798328,0.9999662890529168,0.033678566421978556,0.03364598971307418
3658,365,10339.235387664035,933.2569875161684,0.7107621646080361,0.71083090877895,0.9999032904027316,0.09035161700774652,0.0902636367704383
3659,76,30.461783077600224,7.313840073738807,0.4715632198920776,0.48704370633276933,0.9682154060520499,0.26425203089198057,0.24009888242940605
3660,36,139.63968908715285,90.67776077176521,0.1526833654331052,0.15377677495321526,0.9928896316076162,0.6518626524760981,0.6493695407411771
3661,107,7178.229806433197,2182.715444120255,0.2598173238005818,0.25985351898112163,0.9998607092923669,0.30417126948122786,0.30407433350268126
3662,227,43.100026876712406,11.896379055929469,0.3655115260058409,0.37399206656446715,0.9773242768582515,0.2924347210033009,0.27601790342170907
3663,23,6524.99613353489,248.11193792767543,0.7640478592777842,0.7641649548045313,0.9998467666882511,0.03817224724476518,0.038024840605271254
3664,531,2577.55848724617,267.83061607860907,1.0289859239255328,1.029385133460066,0.9996121864192934,0.10425616382497216,0.10390864742889144
3665,452,142.22214440821213,106.33106485024267,0.09993529314607519,0.1006379635604604,0.993017839495897,0.7494027218607158,0.7476407087847492
3666,127,78.86670748479523,17.411085195381236,0.5373458054119771,0.5441591468401783,0.9874791382856194,0.23052265174304676,0.22076597021294356
3667,15,34180.15470286055,2524.023340522435,1.3747837476913511,1.3748239693860638,0.9999707441129859,0.07387179755841078,0.0738447020636568
3668,932,21446.891368692308,264.1564606969124,1.7946655303186168,1.7947492098365232,0.9999533753699693,0.01236282188019489,0.012316771515079435
3669,16,27.52677427624542,17.948426896358704,0.11925654807984094,0.12358893177591226,0.9649452128615638,0.6642330714600733,0.6520352408980782
3670,356,302.206132880869,15.015548693097832,0.5971376387992,0.5991135670608366,0.9967019136766837,0.052820662105111216,0.04968644596970184
3671,5,810.8562437138401,388.3035238964307,0.3205181232550951,0.32091340679115954,0.9987682548385345,0.47952273190085964,0.4788808459042553
3672,10,403.66301649954397,229.19013623183028,0.22635749206378786,0.22691825062429885,0.9975288080224124,0.5688440179758549,0.5677759092703237
3673,8,10487.442894451822,464.53405882287524,0.8007791422597816,0.800855498255263,0.9999046569629007,0.04438543104135443,0.04429431115840716
3674,107,15.65314895945653,6.916644707020802,0.31538231488772595,0.33553048543823966,0.9399512967526692,0.4753842487264438,0.4418692190904024
3675,501,22845.583987386566,0.0002559014063455474,2.677617529349898,2.677734734387459,0.999956229780323,4.378142053790534e-05,1.1201351057028566e-08
3676,212,44877.96418177688,35211.45852038928,0.0901325287414418,0.09013453713309648,0.9999777178458051,0.7846094303283254,0.7846046308554974
3677,27,285.86321623369963,40.03982238199525,0.8628235425840368,0.8658418516688916,0.9965140180287693,0.1430640809261555,0.14006636778780868
3678,60,4942.488780133707,2.701777280029022,0.6916577758283463,0.6917977170212546,0.9997977137110096,0.0007488187886468511,0.0005466430780558964
3679,34,157.29393231562736,19.217242346091606,0.7358060898574849,0.7404839949681601,0.993682638460165,0.12771962923872404,0.12217408556822218
3680,264,9.175954802473516,4.788492389450059,0.12606918819175797,0.13980826939971838,0.9017291232703858,0.5688402220539563,0.521852220562295
3681,71,6928.903676805595,247.3864939165808,0.979302874650094,0.9794442105555025,0.9998556978499793,0.03584270510828758,0.035703555058025055
3682,267,574.5008718674181,345.5581613165211,0.12364231381601641,0.12385753074582562,0.9982623831711059,0.6021852932941515,0.601492840547452
3683,533,2472.350190554269,1306.8032490302687,0.1552899511458592,0.15535276180744714,0.9995956900871463,0.5287578176453835,0.5285672126962323
3684,91,227.07106567327256,140.6352505557195,0.15934708518429144,0.16004883502948555,0.9956154017299481,0.6210136745650222,0.6193446537925549
3685,8,34.507108730820065,16.846242095671627,0.45532268150773825,0.46851772155179355,0.9718366255168501,0.5026103992573505,0.4881962794125776
3686,7,16.475572725596514,9.885074803264295,0.3973244614624541,0.42144043412573934,0.9427772688367864,0.6228737091586647,0.5999836829894724
3687,6,35588.280171314116,2306.4319049977776,0.9916784686855734,0.9917063339958361,0.9999719016514189,0.0648350259935189,0.06480874866374897
3688,176,11452.628315282192,3814.0000045494835,0.31546708286449726,0.31549462825182495,0.9999126914221003,0.3330822250848892,0.3330239923581687
3689,10,3460.533195143487,2983.957795181885,0.13748098110478038,0.13752070937015218,0.9997111106715945,0.8623224527702826,0.8622826677026454
3690,164,284.6211397725552,35.803275245245665,0.4259138198454749,0.42741024354817586,0.9964988585901023,0.12885347098100905,0.12579274776939117
3691,14,1091.1838792716774,910.681851788672,0.09331440182846949,0.09339991848941098,0.999084403259397,0.8347329319643748,0.8345814753023263
3692,328,41711.07472886772,3.7313662117533397,0.8985207593995953,0.8985423009389885,0.9999760261265712,0.00011342917470558945,8.945744591833562e-05
3693,443,172.3272866413756,13.539218887433636,0.4663223371795467,0.46902836445049184,0.9942305679655099,0.0838830352056231,0.07856688950026608
3694,506,525.9978768091797,120.24343154037035,0.5454687870463031,0.5465058041353361,0.998102459148309,0.2300643643470907,0.22860060247732136
3695,50,1694.0509583647345,108.79729609656987,1.0876567465192795,1.088298791400603,0.9994100472348248,0.064775218440922,0.06422315430321635
3696,7,28895.871423236542,21188.825377168854,0.2577347423746777,0.25774366180605934,0.9999653941776138,0.7332913334046848,0.7332821034125281
3697,35,72.37046739796244,22.724338575222127,0.5671706548851096,0.5750077005098982,0.9863705379635108,0.32334997195180704,0.3140001632193676
3698,534,6.1422496748331445,2.712064623618649,0.12888421341727319,0.14986743947292427,0.8599880926140597,0.5197332482927194,0.4415425564237297
3699,390,3240.7454058478193,2255.9623033493435,0.25770955040809107,0.257789072097744,0.999691524202303,0.6962182468981015,0.6961245086635109
3700,17,7506.33719751395,1394.9489783383526,0.5016019244902357,0.5016687482834242,0.9998667969782506,0.1859446221225577,0.1858361730406077
3701,195,3582.7891488362834,219.00745495185495,0.5779495971095614,0.5781109098670529,0.9997209657269249,0.06138962026359589,0.06112764269786577
3702,15,4788.678751747562,3899.25815786255,0.12370633373729002,0.12373216681988974,0.9997912177304926,0.8143047498622954,0.814265971890382
3703,4,53.005771066853974,9.493186834571693,0.4798852457941255,0.48893869858116007,0.9814834603738535,0.19429750982690594,0.17909723117881507
3704,941,8584.705378075621,5588.526514146371,0.1554128438330646,0.15543094728996718,0.999883527333403,0.6510270581168245,0.650986407573036
3705,200,3545.4038862961893,511.63185467788963,0.9485789202585767,0.94884647198207,0.9997180242205734,0.14454976678171716,0.14430848249912112
3706,193,49345.943234345665,29491.24875063203,0.27119353666597185,0.2711990324275054,0.9999797353202761,0.5976509752706487,0.5976428216312945
3707,42,44.86617963164918,36.384583810444255,0.10212589093644293,0.10440212421003331,0.978197442908239,0.8150795228789375,0.8109579221846226
3708,601,3254.750273594039,2315.8085816779117,0.23884844183104778,0.23892182639875756,0.9996928511353864,0.7116051253895389,0.7115165180155876
3709,38,86875.33696068723,1003.1899548706554,0.2537408517301813,0.2537437724768581,0.9999884893857757,0.011558843178725013,0.011547465482920868
3710,199,33.437969035480656,4.400471291412895,0.4244628979482985,0.4371569373948302,0.9709622829682634,0.15681735719806567,0.13160103374530924
3711,34,38.70640767444836,29.06808396463258,0.13566796849116836,0.13917302041001972,0.9748151480184516,0.757260244018041,0.7509889372611962
3712,183,1609.8304135945004,3.089301294151278,0.7118938528821702,0.7123360695572128,0.9993792021856797,0.0025386293055059557,0.001919022816355761
3713,79,666.4594391789369,552.2001637566977,0.19465802124677117,0.19495009906847127,0.9985017816195235,0.8288146534225463,0.828557795560666
3714,969,17.768139689496966,7.536205295448541,0.4560028860477516,0.4816669619733424,0.9467182141360753,0.45482426264258763,0.42414149298383297
3715,10,15.646497192277698,14.49214336770245,0.04297169932398775,0.04571810951381579,0.9399273019152709,0.9306548512133379,0.9262228593154398
3716,862,3332.5151771731817,337.3822562154286,0.7904458358267858,0.7906830277955549,0.999700016365053,0.10150913922113187,0.10123952578713065
3717,237,15549.184392241737,41.63257499069103,0.2686228836098186,0.26864015929945184,0.9999356920808926,0.002741612183837587,0.002677476447669088
3718,14,24.63989088716567,11.548546810946629,0.39905207448711333,0.41524744143555087,0.9609982739629929,0.48941498488310425,0.46869309867609804
3719,17,118.68374267925185,0.40609785966935824,0.6627053504180569,0.6682891425656391,0.99164464631859,0.011748444928210929,0.003421680598385374
3720,14,64.94476812135692,21.121125019991396,0.8099232761230235,0.8223942310521352,0.9848357947341668,0.33544928051429806,0.32521672847494193
3721,8,152.99604231899846,132.6572395189915,0.10298071432758855,0.10365380830287503,0.9935063266241053,0.8679264577600267,0.8670632096639446
3722,6,252.19726258169047,107.10178278523028,0.5072291925934868,0.5092404324753199,0.9960505102235168,0.42694688592990926,0.42467464431949736
3723,17,353.50275550220977,225.97041296312517,0.24394589998212998,0.24463598201454737,0.9971791474551919,0.640250067003246,0.6392323947859937
3724,4,2040.9710167278154,1010.8953482210451,0.4815068507959725,0.48174277127051596,0.9995102770843426,0.495548340271044,0.4953011776922545
3725,79,13413.711761879635,9552.745067273212,0.117495882223878,0.11750464161011723,0.9999254549767634,0.7121841480352885,0.7121626911964154
3726,44,1928.1552497650782,1631.1842741283608,0.06927815641180841,0.06931408617235038,0.9994816384009936,0.8460616502104323,0.8459818130967931
3727,342,18.748247307345874,9.484357240596609,0.13895142435099941,0.14636285978136931,0.9493625948451623,0.5309006453801437,0.5058796742498953
3728,186,14811.974515011892,7181.54302246686,0.16859973569442938,0.16861111835887582,0.9999324916140926,0.48488188615918193,0.4848471090190161
3729,576,41.54212930736175,4.676775604017089,0.6937680964632524,0.7104684463978984,0.9764938893214506,0.1334389156453141,0.11257910179361726
3730,5,5063.218771044778,3201.143766370057,0.2092346104676271,0.20927593489383287,0.9998025361768101,0.6323075505107841,0.6322349302140685
3731,265,262.8398559258161,44.30997458099744,0.375465231281239,0.3768937255632752,0.9962098220661506,0.171732865840168,0.16858164232711909
3732,41,397.09824716317786,133.32899274587325,0.7536625914828893,0.7555605162329153,0.9974880572644416,0.33742673750284735,0.33575820013903246
3733,194,417.68995273413725,91.36705939758605,0.3478237100547272,0.3486564418639985,0.9976115978100982,0.2206096869399633,0.21874373276041392
3734,5,142.3565320720173,62.61685336352196,0.6293417225314074,0.6337626065847857,0.9930243848288849,0.44376668746118303,0.43985936192829195
3735,178,78.76654023121186,13.689392390147638,0.6068055114251574,0.6145093601614854,0.9874634151474869,0.1841548141309484,0.173797050752308
3736,65,10.803157555397863,2.5737031255051783,0.39975445452333525,0.4367579372989423,0.9152769082928429,0.30277517763633,0.23823619273415225
3737,8,6196.53469095292,1027.3746619659973,0.5558344358169462,0.5559241366680734,0.9998386455179572,0.16593286092729828,0.16579825873741777
3738,40,9.538369828123678,4.620593548843081,0.23296040758306108,0.2573839109469359,0.9051086632648528,0.5333456350946653,0.4844217232193451
3739,95,152.30772935974232,20.600514998834193,0.5263552853526788,0.5298111525471103,0.9934771716717983,0.14089645113814045,0.13525587365416583
3740,6,1860.488274431919,1604.4916460989214,0.08153055329957402,0.08157437542649633,0.9994627954343115,0.8624774424587114,0.862403525004121
3741,640,21.11303213967547,9.225685241612672,0.4258284818684302,0.4459974693947749,0.9547777982827698,0.4624280006931127,0.43696638079169237
3742,5,50211.482348569785,32832.873435755326,0.210962809180154,0.21096701066553766,0.9999800846332779,0.6538986303809085,0.6538917375079354
3743,6,223.4094419792847,39.1438505812486,0.697674577029,0.7007974288245552,0.9955438595133074,0.17888663786684292,0.17521126338464313
3744,82,41.931792819358776,20.162761415107507,0.3183045085733346,0.3258955149952298,0.9767072387540948,0.49293914894615837,0.4808466335309876
3745,33,1002.5279347355179,915.4246029339821,0.0814130524994257,0.08149426026399625,0.9990035155321676,0.9132028827633064,0.913116304510243
3746,216,26547.233155517253,1699.8742795371331,0.7256516758150339,0.7256790101768321,0.9999623327098967,0.06406732491663603,0.064032069541072
3747,72,227.2438419707591,151.77408122988552,0.16138264050615672,0.16209281438416623,0.9956187207884097,0.669345906162313,0.6678908432177241
3748,24,97.11922478152512,62.76556591288514,0.13547011735184783,0.13686500201713006,0.9898083173585337,0.6498784112376269,0.6462733413912604
3749,57,16.848255582765066,14.114134652361267,0.04865079522229337,0.05153838171356554,0.9439721156298525,0.8468129886573359,0.8377208300899311
3750,118,27.56081126129161,19.919840453499802,0.1164578361811309,0.12068332269083655,0.9649869889601035,0.7324666047512595,0.7227595829690493
3751,65,5128.830914425191,126.83019555824886,1.628969671571816,1.6292872819003201,0.9998050618009283,0.02491898810909882,0.024728870511509786
3752,9,12550.372815723582,5366.450837387474,0.4987407370558494,0.49878047617311555,0.9999203274402979,0.42763854728810735,0.4275929421526173
3753,13,33998.901481066416,379.18783673196765,1.1752096209220642,1.1752441870277242,0.99997058815007,0.011182027599217707,0.011152943777996265
3754,49,15.381078205461975,9.532359198677034,0.1759112035916163,0.18734806134903595,0.9389539572757447,0.6429588496296421,0.6197458377977688
3755,6,1043.3731334032059,1009.5509872293243,0.01841071637806157,0.018428361758979158,0.9990424878158802,0.967614882945458,0.9675838440812035
3756,298,488.1154122590231,46.25134019594587,0.1357431673976407,0.13602126385595456,0.9979554927631876,0.09660570697969084,0.09475492687660138
3757,187,1700.0563945977722,171.42292795287528,0.7503780578537366,0.7508194420691299,0.99941213001334,0.1013622643555248,0.10083367145795973
3758,31,6890.245163469304,1833.597062455681,0.6216291458456188,0.6217193645723981,0.9998548883436479,0.266221418471793,0.26611492319272534
3759,4,391.4114966292554,220.98514817420974,0.378394917294142,0.3793616618086817,0.9974516546824195,0.5656948129222066,0.5645852257209671
3760,434,33.84278197496125,1.8034330714389357,0.5443751469006785,0.5604605605437837,0.9712996510807139,0.08045950732216335,0.05328855862893348
3761,88,25.35068636003273,7.082291369056173,0.415955193622646,0.43236323826945405,0.9620503243696626,0.30672033580555785,0.27937276602585165
3762,109,232.64417885482274,40.203769947735815,0.9269049735908979,0.9308891909401285,0.9957199875258979,0.17635264935634545,0.17281227557739248
3763,282,341.9025140404838,317.1702188182451,0.025717411636142495,0.025792630186986767,0.9970837192524001,0.9278736835994186,0.9276627278051829
3764,4,46217.602000084196,27373.03040063384,0.30784312013579107,0.30784978086907905,0.9999783636900141,0.5922730073182216,0.5922641854197449
3765,124,401.3194440424552,250.27304012432103,0.3265750568602224,0.3273888102472267,0.9975144129501867,0.6245610145002218,0.6236255029244108
3766,76,290.8352236923113,61.881983283136506,0.24659311597196448,0.24744099510036355,0.9965734088320525,0.21547084854100565,0.2127733446365646
3767,756,6692.867164288963,19.922525105921384,1.2506386248402848,1.2508254862547041,0.9998506095242919,0.0031256259785883904,0.0029766801905499814
3768,7,34.568645832032686,14.04257640959138,0.7583468356714752,0.7802842537397514,0.9718853508024359,0.42291675878321516,0.406222924606985
3769,530,2324.6158719095397,0.0002992537992605018,0.8496297237699891,0.849995216294598,0.9995700063746216,0.0004301223026044817,1.2873258024117413e-07
3770,476,3825.6576518528755,1764.3162788014504,0.11189257492684651,0.11192182285886484,0.9997386753425629,0.4613206718261511,0.4611798648389099
3771,727,13.632349231117608,0.40079287495589955,0.40591925731456857,0.43569543531828386,0.9316582741291214,0.09573260266211593,0.02940013259351057
3772,37,4050.201822827556,396.79818789198225,0.6607062051585828,0.6608693343640055,0.9997531596687268,0.09819263647900342,0.09796997908982388
3773,537,32753.824935123303,6223.430807169413,0.2890367374764356,0.2890455619950391,0.9999694701467042,0.19003095939294423,0.19000623040198786
3774,51,98.16736373423171,82.83727177883785,0.1256809030492373,0.12696117480421173,0.9899160372692772,0.8454119240632586,0.8438371840472665
3775,998,26.545222058537494,16.503033644224878,0.09091215733348021,0.09433696037837473,0.9636960632274134,0.6354290267483942,0.6216950684319915
3776,135,54.2788058364534,47.87866850795519,0.03805207064880832,0.03875311906102769,0.9819098841795063,0.8842207744604051,0.8820877277996432
3777,83,82.5923616030812,43.288360034747654,0.1462218427158287,0.14799224665970107,0.988037184488838,0.5298134803876051,0.5241206231973482
3778,805,37.37441114604043,21.253482071704656,0.19269442954572819,0.19785021457717056,0.9739409682094058,0.5799041967579698,0.5686639981739571
3779,20,4067.139018216182,894.4011508731007,0.45356669098094704,0.4536782108205565,0.9997541873580225,0.22010092252592703,0.21990916633712182
3780,359,1930.7117543200422,356.9491890794796,0.6683724970151403,0.6687186763428,0.9994823244214549,0.18530155354646938,0.18487958561436837
3781,365,65081.0103933447,31887.529553850945,0.14953859991716473,0.14954089764731693,0.9999846347708998,0.48997456226570213,0.48996672548759046
3782,84,5568.619936629464,67.81226867940782,0.758359371271213,0.7584955557082731,0.9998204545352505,0.012354930760509048,0.01217757172353421
3783,11,40.19637284995782,39.15528495184814,0.01702257864082545,0.017446064080777132,0.9757260183161715,0.9747286514300313,0.9740999541924895
3784,272,9744.098911201369,49.18376487881786,1.413752748220508,1.4138978363154775,0.999897384315017,0.005149641408065631,0.005047543680234861
3785,239,36137.21916384097,1879.9436651735814,0.6579881458571332,0.6580063539030502,0.9999723284649016,0.05204859864969794,0.05202236665334392
3786,52,53.43521584793018,21.822241503009305,0.3563253070452161,0.3629936680013929,0.9816295391793137,0.41925509337127187,0.4083868878739561
3787,7,7796.436541001013,7064.539835023032,0.0774993224241036,0.0775092627759575,0.9998717527235081,0.9061362407851,0.90612420146961
3788,27,150.42832089971648,39.33674413418523,0.7356739076580341,0.7405644356068802,0.9933962154895564,0.266375166115051,0.26149825976193136
3789,29,9.009544777948461,3.3971377304721497,0.3546594343508919,0.394024290521977,0.9000953567635712,0.4392944762242603,0.3770598641994543
3790,849,8964.26041591247,0.15323166360782672,1.1301059675199534,1.1302320354737039,0.9998884583432484,0.00012863337037716743,1.709362027633925e-05
3791,311,12.35623304441281,3.257282846764272,0.35429558538610006,0.38296901555795204,0.9251285900242417,0.3187487694028506,0.26361455267607925
3792,127,353.2970203105533,198.4572380546939,0.2138051653023476,0.21441033645582752,0.9971775094266289,0.5629661742000057,0.5617291588823677
3793,180,1595.4740289911354,0.0012141462619518865,0.8767651859259379,0.8773147186478718,0.9993736196255992,0.0006271408917905494,7.609940618836814e-07
3794,694,639.7605009039219,52.783385664922555,0.7254571595081222,0.7265911106640361,0.998439354488004,0.08393679945791016,0.08250491487102526
3795,353,193.6457521779261,42.46787733855623,0.32901383956606295,0.33071288969169527,0.9948624617346598,0.22331788313994208,0.21930704320090522
3796,164,37.95753624612172,6.5610203888950025,0.4950041454482432,0.5080451432158162,0.9743310256151132,0.19408363868615316,0.17285158726721547
3797,65,27.424008889943046,12.695624358823084,0.21403110312988738,0.22183561865454415,0.9648184742739152,0.4818329607147307,0.46293831108984335
3798,16,20174.203209484847,4594.958711348442,0.515923640275041,0.5159492137083466,0.9999504342043246,0.22780235042132174,0.22776407393319675
3799,34,92.92099036843587,68.53201243788568,0.12795958667509907,0.12933666612902797,0.9893527528183299,0.7403245234651336,0.7375299398570032
3800,552,106.21672361541512,59.97204648659905,0.2236080475727944,0.22571325323120306,0.990673096824083,0.5686803740180023,0.5646196234007671
3801,5,2198.4371468045183,1797.6614588701957,0.21688747093884975,0.21698612623643423,0.999545338223712,0.8177826138307271,0.8176997288656354
3802,13,16.029391872268057,9.59172381227609,0.1532997219567975,0.1628633862042239,0.9412779970359086,0.6219672370993147,0.5983835125317778
3803,6,19.83355294055575,13.38129831626948,0.21437816937066775,0.22518703301770024,0.9520005059697071,0.6902950426796404,0.6746798395817086
3804,49,353.93421341990927,299.2049227623033,0.07710977750135557,0.07732764221908454,0.997182576482654,0.8458044094135895,0.8453687476868056
3805,27,56.82139401513245,31.20041672120581,0.27901122284466373,0.28392154276343157,0.9827053633515256,0.5568945071227206,0.549096291317609
3806,4,11585.536602089473,9467.742797876554,0.15851316956349149,0.1585268515512153,0.9999136929322072,0.8172194265686776,0.8172036499517018
3807,6,3820.28763260615,779.8562632146512,0.5425842742679314,0.5427263013419239,0.9997383081055012,0.20434375485158146,0.20413548355850983
3808,949,6060.510846292593,27.01178848785099,0.9254408905514391,0.9255935906973546,0.9998350246291134,0.004621255194978966,0.0044570151218151785
3809,26,12.499716565305242,7.065622186703374,0.4310903013966221,0.4655783075161508,0.9259243706960459,0.597466039207987,0.5652625921386908
3810,544,42.56048495551618,5.049753847082987,0.5295708601916865,0.5420136427573737,0.9770434144380807,0.13888169181911025,0.11864887940917361
3811,235,122.40745162833628,36.985000130744105,0.44224435996273376,0.44585724752864364,0.991896761607138,0.3078015114123154,0.3021466392670362
3812,208,2838.270419192472,2298.8247119098187,0.07114446061259029,0.07116952674446116,0.9996477968448368,0.8100055198560201,0.809938579624089
3813,277,21228.19665149328,11260.476687974404,0.18422536348142712,0.18423404181461317,0.9999528950616261,0.5304711653882702,0.530449047219576
3814,101,12.670027608039819,6.422737314736086,0.15520730994226045,0.1674572682488843,0.9268472582007173,0.5429935862287882,0.5069237032017603
3815,313,14.32294351393079,10.069495632793378,0.16106486625679534,0.17231010129525937,0.9347383876282742,0.7224131331378721,0.7030325591244272
3816,471,13199.687263537866,7.759952430141914,1.0034335836652966,1.0035096031620945,0.9999242463683872,0.0006635982093400639,0.000587889112462354
3817,96,5303.146552125368,3570.9097730782946,0.12481239242262716,0.12483592795784118,0.9998114682559819,0.6734183789938898,0.6733567963810398
3818,5,62713.303910520175,5349.405769691833,0.7486717599530448,0.7486836979584324,0.9999840546743303,0.08531396246262593,0.08529937726330614
3819,322,311.63737783333096,3.2731624078629302,0.3172832654268349,0.3183013822767222,0.9968014061308655,0.013668111079606679,0.010503112401406079
3820,113,12495.586273153423,9302.836434524326,0.09688407831569779,0.09689183177969682,0.9999199781461799,0.7445102391292154,0.7444897927287596
3821,11,26.320061335403967,18.179478410490265,0.18680612025100746,0.19390360068125734,0.9633968610932766,0.7020291124176815,0.6907080564450077
3822,36,7036.477068796649,326.78379084308983,0.5246979924920765,0.5247725607721065,0.9998579036222467,0.04657688936514548,0.04644139214099295
3823,757,910.2607582693623,606.0626752405007,0.48376089717089715,0.48429235026582207,0.998902619265753,0.666178884289295,0.6658121529843605
3824,6,2106.587303726588,1100.5800140327906,0.2750006451467213,0.27513118834550554,0.9995255238071362,0.5226734911929873,0.5224469036179257
3825,9,65.61991840990474,55.11483445356129,0.13198456831228766,0.1339959174805056,0.9849894742613292,0.8423131668864128,0.8399101338297641
3826,222,24.13625032902723,13.295862898577901,0.2277969473044138,0.2372349065648237,0.9602168188607986,0.5687349032353128,0.5508669622384451
3827,12,5698.322525251231,3072.3921803639196,0.37324206187930536,0.37330756221913797,0.9998245405492371,0.5392557039449951,0.5391748478168954
3828,50,263.7500334211333,106.42098134922452,0.34422743104114817,0.34553255857639864,0.9962228522237452,0.4057449208263246,0.40349182128557565
3829,15,116.62134932615365,78.19906793609523,0.15247518564599502,0.1537826236625075,0.9914981420828026,0.6733392227671456,0.6705381852288191
3830,43,4621.115935570517,2357.939773242849,0.1780390893296303,0.17807761662299668,0.9997836488712226,0.5103592826586424,0.5102533254127806
3831,5,25031.112515405257,921.9197104681747,0.5358928758336567,0.5359142849050875,0.9999600513141116,0.03686942961366891,0.036830952275923985
3832,12,290.6367368867815,101.855895335011,0.4001171810632653,0.40149387275526965,0.9965710767077048,0.35268497526407816,0.35045774469553487
3833,129,2624.3643237559363,284.5093291083168,0.9068374003252045,0.9071829458701262,0.9996191004840923,0.108750365244492,0.10841075933433393
3834,214,21753.72224501104,382.6953568193917,1.250928946048191,1.2509864501815966,0.9999540329686246,0.017637336505520483,0.017592178134349323
3835,6,925.3093307462664,310.79519710824974,0.7022454306615699,0.703004361115773,0.9989204470182822,0.3365994347234491,0.33588248467957404
3836,10,212.4258222764287,81.46679381390908,0.5271687820125541,0.5296504425581658,0.9953145313470796,0.38639557732193364,0.38350701878369914
3837,135,129.35401034848593,26.405376288309444,0.5369452937310757,0.5410962689678273,0.9923285827775715,0.21023807564527117,0.20413264511221638
3838,529,9645.23066808613,7.472908183212657e-08,0.1731406425395071,0.17315859344690349,0.999896332564044,0.00010366744370290783,7.747775496897972e-12
3839,92,15.732899136951055,11.171128180041457,0.07206470211113608,0.0766452121292726,0.9402374931077122,0.7273771317466502,0.71004892885917
3840,766,651.350873552592,439.6099435052179,0.08085142485432348,0.08097555368893047,0.9984670826076245,0.6754186456526547,0.6749203253654998
3841,9,950.8624182302697,378.4832972530622,0.5178624496988286,0.5184070736525892,0.9989494280046695,0.39867452478963145,0.39804212470347644
3842,699,13379.839495835717,10315.694145985286,0.12252089777955158,0.1225300549071702,0.9999252662734416,0.7710049992899152,0.7709878843610866
3843,43,1225.0667661467908,152.34108329662246,0.6268096947172239,0.6273213482140277,0.9991843837321008,0.12506748207402574,0.12435329037272123
3844,5,23.713247939739926,20.83551022992536,0.07030331312497179,0.07326804040752824,0.9595358731301373,0.8835548562118765,0.8786443039297077
3845,100,11.974911683465514,1.481644667591555,0.2718483888339448,0.2945498830929214,0.9229281844535142,0.19126486007253687,0.12372906846881816
3846,950,15315.388854997062,1908.1302719481441,0.42250798733580247,0.42253557448956897,0.9999347104588772,0.12464623939900032,0.12458908422201535
3847,6,11943.347255079512,323.4101994970059,0.8665333683952667,0.8666059220395583,0.9999162783885427,0.02716014467505084,0.027078690135167876
3848,163,13724.21308953015,47.256683435869604,0.9035912622502883,0.9036571014540631,0.9999271413861863,0.003515915062381123,0.0034433073231659827
3849,19,14.391731136883529,13.570724478914693,0.032321925882302,0.034567793705629096,0.9350300501544194,0.9466592386088761,0.9429528907842964
3850,558,3239.736379226456,1526.8651307975506,0.20743703326086543,0.20750106224624554,0.9996914281561406,0.471456160578616,0.47129301648985295
3851,8,403.8096713223411,173.69296918989463,0.3254490897117294,0.3262550364555159,0.9975297032881318,0.43154346737627824,0.4301357335526622
3852,16,65.25897861042623,20.91090250212518,0.6729266277336423,0.6832382605857403,0.98490770577857,0.3306857872191434,0.3204295094312786
3853,4,58409.46039544036,27459.98960208923,0.31846311330064025,0.31846856555291486,0.9999828797788405,0.47013821524736504,0.4701291437411199
3854,10,4244.714978794962,428.89894137070064,0.7007894028355075,0.7009544997634134,0.9997644684099158,0.10125478123656725,0.10104304847635762
3855,239,26.651989422290434,19.20965602939347,0.07658281354963677,0.07945625058790855,0.9638362367087449,0.7308572168446711,0.720758804343793
3856,7,10739.039540196629,5916.202235838828,0.33410744121845676,0.33413855270100296,0.9999068904731444,0.5509479004888743,0.5509060855669876
3857,97,12.17922305759918,10.490982622135045,0.04129905973734257,0.04469000344056789,0.924122993014873,0.871901368685714,0.8613835687646132
3858,62,208.8174223124046,147.84438508344985,0.08876789291348786,0.08919299102996922,0.9952339515518822,0.7093995505379442,0.7080079020526597
3859,25,408.4869138975331,219.4364711550782,0.32838634313718773,0.32919025222696474,0.9975579195181553,0.5383236036945458,0.537193392712019
3860,195,777.6836696527306,68.47354729685922,0.9257678299663454,0.92695824692647,0.9987157814668873,0.08921921699968657,0.08804807143171159
3861,30,12.198013065925835,6.89183306732214,0.3496565372873479,0.37832157768348307,0.9242310190931872,0.5979561489976848,0.5649963670373431
3862,613,431.4608631584893,64.26924165585625,0.7245493312072825,0.726228624494519,0.9976876520277546,0.15092519859290995,0.14895729171210625
3863,41,36416.317053601626,9.87343052980875,0.2870155533440552,0.2870234348536796,0.9999725405361817,0.00029857857221619194,0.00027112655338748086
3864,47,15.177130314271267,11.634680295097613,0.206800232992462,0.22042601261682263,0.9381843392138705,0.7810211112629446,0.7665928969561104
3865,29,1018.6281714542924,37.94684377040055,0.5664694945073406,0.5670256046860905,0.9990192503228178,0.03819710445509836,0.03725289053828538
3866,15,10.787052085825941,8.417285745669547,0.09662510992799152,0.10558261835190612,0.9151611452364319,0.7989517376438793,0.7803138131436077
3867,9,381.2862833233595,216.27448917439102,0.5297038401943158,0.5310930951016188,0.9973841593496199,0.5683554410729612,0.5672233663621566
3868,19,13.216740087047514,12.763820352846068,0.01775405170350385,0.01909735206248597,0.9296603867077027,0.968141801043821,0.965731358018812
3869,47,56.30503900424522,32.02185202607761,0.3782704363847611,0.3849886705441628,0.9825495276266031,0.5762469164994604,0.5687208923461232
3870,15,12.615239883985852,8.167215548079453,0.16830589786358524,0.18164737209724113,0.9265528915743751,0.673305474320865,0.647408659937347
3871,29,1153.9865629212843,842.6892465908403,0.27395534219408524,0.27419274126873355,0.999134189061498,0.7304753783948049,0.7302418188107809
3872,14,1167.9894892631687,293.16933465189817,0.9086807612758162,0.9094587483806909,0.9991445603153966,0.2516441228546182,0.2510034014405775
3873,43,8394.678294206771,296.47211842922263,1.1794757156947737,1.1796162184840835,0.9998808911007596,0.03543157658083277,0.03531667421178251
3874,234,112.3185302780908,10.536483152968636,0.6335887070239131,0.6392297059352702,0.9911753179506831,0.10180579579224494,0.09380894788136232
3875,189,422.02539636532833,109.93253236698459,0.33937836217282463,0.34018252790573006,0.9976360757330598,0.262236105255445,0.26048795478606923
3876,87,113.48162940364327,97.0934737599155,0.16399825216040564,0.16544340458747456,0.9912649740817875,0.8568490357003407,0.8555875895521673
3877,114,558.7152333332247,29.103013347938482,0.4352178155242741,0.435996777309382,0.99821337719532,0.05378273013701728,0.05208917103318192
3878,29,2948.2989932732844,69.24884101212882,0.5794503192866284,0.5796468564494496,0.9996609363776678,0.023818826498212386,0.023487726709578667
3879,55,1542.7315746095876,19.044690957469637,1.0694219132804026,1.0701151135304534,0.9993522189890732,0.012984570172142119,0.012344785879091892
3880,466,30706.249568118117,206.4910563166945,0.6174532422814687,0.6174733506714859,0.9999674344002129,0.006757070699426062,0.006724724094312429
3881,233,886.9240208949517,439.460612752392,0.20116045459621926,0.20138726145887842,0.998873777511963,0.4960566471762362,0.4954884549287027
3882,15,34081.30073068016,20955.206299008452,0.3520066038237703,0.35201693226183695,0.9999706592577798,0.6148706469262541,0.6148593466136247
3883,21,2137.627577589178,459.0236257252516,0.37882328978056223,0.37900050647338196,0.9995324104063377,0.21510226022794712,0.21473507852239612
3884,5,66.86562574918091,59.68055339010587,0.0747730438860117,0.0758913022294914,0.9852649999324278,0.8941279583035193,0.8925446030217843
3885,9,211.0718633704297,162.89547747800103,0.22009883538669292,0.2211416026787049,0.9952846172796939,0.7728299024360524,0.7717536334633127
3886,644,12.184313888271754,0.2543323304586499,0.2890086510759289,0.3127283823407414,0.9241522912398528,0.0951382332890644,0.020873750692147086
3887,87,2068.6283982083255,1681.426698927462,0.08529150984434447,0.0853327407923089,0.9995168214734274,0.8129124534548987,0.8128220130709675
3888,23,124.19659758617153,38.13346227555655,0.45538825600136307,0.4590549285580359,0.9920125624874774,0.3125760845746738,0.3070411188124405
3889,21,2475.3761107798273,434.50950653624875,0.7899517087282085,0.7902708326404445,0.9995961841193484,0.17586565491423026,0.17553272193426944
3890,54,32.560535904943976,9.782537662944495,0.6013653737755843,0.6198345223034583,0.9702030979829294,0.321286218238132,0.30044154345319357
3891,254,1508.022135271415,491.1207976332136,0.381306989631948,0.3815598420143591,0.9993373191972293,0.32611900523559917,0.32567214110873866
3892,13,22833.102078433636,4643.873528287074,0.4758973818451429,0.47591822427733677,0.9999562058540088,0.2034182694082841,0.20338338226382802
3893,32,298.63439459640915,114.10692391860283,0.44245487863342936,0.4439364724707078,0.996662599427723,0.3841579137590177,0.3820957196601991
3894,14,57.48543379192146,13.270872006424574,0.5603795568519605,0.5701277577419519,0.9829017255209602,0.24400728662109702,0.23085625576838834
3895,177,40.76699701913232,19.85592410895902,0.29411722360404974,0.3013318149428726,0.9760576514624232,0.4993398040899491,0.48705878678384024
3896,380,241.28917082228585,125.10362806012672,0.11061663489068978,0.11107507500432491,0.9958727003909987,0.5204674547861702,0.5184800777995461
3897,224,621.2118772018417,62.287026915613666,1.0712508286913938,1.072975281922257,0.9983928304221753,0.10171298432974744,0.10026696076091862
3898,80,9230.548495063897,968.5191849535205,1.02646601964696,1.0265772227916263,0.999891675811427,0.10502237901603635,0.10492542078853095
3899,37,879.4085472879573,72.49081496732623,0.41931054907096726,0.4197873587976455,0.9988641636850526,0.08347353645499016,0.0824313286365973
3900,5,5076.930383271254,2631.588997430374,0.3905324433455801,0.3906093662919007,0.9998030693758043,0.518437394514738,0.5183425414107695
3901,128,143.54032920195164,36.46069670574761,0.3333275269016414,0.3356497141834657,0.9930815156882423,0.2591712424662293,0.2540101232069062
3902,281,5177.795885648075,3007.182819104062,0.17957316111823007,0.17960784250874526,0.9998069049211284,0.5808652987155948,0.5807843502366394
3903,24,11667.520151610539,687.1490887479061,0.514838550266246,0.5148826760567803,0.9999142993295634,0.05897483826626677,0.058894184866957765
3904,99,427.42461623963425,72.80653240110416,0.26039736513187867,0.26100658920376946,0.9976658670811749,0.17227425690175877,0.17033771485048352
3905,124,349.5350950225604,14.364792227761914,0.2941298997493321,0.29497138864111383,0.9971472185975111,0.04383239352046344,0.04109685245435727
3906,30,13.01130672358169,5.8359861163645945,0.3778371777337961,0.4068763192866582,0.9286290693845886,0.48789069079897507,0.4485318992432524
3907,335,235.5822909716669,30.486511778298976,0.47668974362737493,0.478713196840523,0.9957731409401229,0.13308904757402065,0.12940918289127912
3908,9,91.30919924776062,64.82907540868885,0.15883285718652265,0.16057236271822206,0.9891668435199402,0.7131366748399763,0.7099950053529661
3909,157,516.5259592975987,124.1524515357232,0.5181055878984019,0.5191086460769356,0.9980677297785076,0.2418283552492396,0.2403605265155555
3910,127,53.81393109307658,23.700502175906397,0.1560804603378038,0.15898083310685213,0.9817564626353481,0.45062453437181516,0.4404157379789632
3911,17,4411.0025692226345,446.250617668198,0.8728734188684887,0.8730713043616778,0.9997733455535641,0.10137134116560603,0.10116761680935547
3912,15,537.0103753193164,85.396570146932,0.47503251309936384,0.47591710031579676,0.9981412997855174,0.1605853234626832,0.15902219784143576
3913,113,8939.105747472297,48.84642242485845,1.4346039202979317,1.434764406588264,0.9998881444998249,0.005575596512261827,0.00546435222993874
3914,198,416.222688928965,44.782100068089015,0.6703997782608431,0.6720104539786561,0.9976031984200886,0.10973060977487667,0.1075916841134333
3915,45,1456.795602877845,1279.1897242020864,0.06407681307610331,0.06412079784167339,0.9993140327779657,0.8781681887878207,0.8780845587912917
3916,107,9812.259239132745,706.8507849790305,0.45837649246174667,0.4584232071358387,0.9998980970566829,0.07213207841858536,0.07203751631020966
3917,5,4473.24582358756,3215.3040254054818,0.2901419114005782,0.2902067730073048,0.9997764986459329,0.7188483047689521,0.7187854529369002
3918,653,1597.1465128139025,1121.3133158085102,0.2514462686395378,0.2516037033311094,0.999374275141871,0.7022593403106834,0.7020729199307741
3919,127,16.174101700785393,5.708893388883353,0.39153439408350565,0.41574188339739393,0.9417727915309675,0.39064013395102615,0.3529650978147452
3920,35,83.084268359149,49.09451431312706,0.35096073766810665,0.3551848915855607,0.9881071689209604,0.5957655967125556,0.5909002424009541
3921,204,114.53160471520279,5.8902949841247105,0.8815153656040055,0.8892120652861237,0.9913443598185527,0.059639914126614894,0.051429428573638414
3922,123,15545.73131202464,12.69328247467999,0.4320230121592852,0.43205080261851075,0.9999356777974786,0.0008807820885210065,0.0008165124058757996
3923,4,241.13693828626288,169.87825487239684,0.2786156347369584,0.2797710596864375,0.9958701055399579,0.7057091581391787,0.7044887277731289
3924,91,547.6077452990926,60.99234128934676,0.7371603568374191,0.7385065035330522,0.9981772040067445,0.11299939131473523,0.11137961764224855
3925,282,158.36138982614983,13.16782133984191,0.8164918927933956,0.8216477700794548,0.9937249543249408,0.088903726023586,0.08315045324051291
3926,33,18.98177171989237,9.534138953281273,0.22408465970724895,0.2358899149286261,0.9499543877280675,0.5271874336745758,0.5022786647091408
3927,11,934.4198510230391,72.99052306846984,0.8477917804690107,0.8486990726027774,0.9989309613229761,0.0790987308934579,0.07811319824654515
3928,36,7585.257365896339,6495.366843712692,0.06479674822613482,0.06480529068489399,0.9998681826951336,0.8563335687656474,0.8563146285472336
3929,253,1071.659777998966,74.70084460876662,0.8925376376204731,0.89337049302472,0.9990677379533467,0.07057302432835286,0.06970574630341186
3930,95,22752.32798436486,496.6225034255317,1.0639595506393313,1.0640063133069302,0.9999560503852148,0.021870317334126997,0.02182732702195595
3931,41,81235.94059726241,1598.2769184561082,0.1969841442286283,0.19698656906845632,0.9999876903291454,0.019686572471809726,0.019674504987635597
3932,5,2072.1262864279233,1281.2880587848974,0.31330381342645003,0.31345501261516673,0.9995176367177694,0.6185286768006445,0.6183445802396879
3933,6,14.37830068810028,11.98199566962622,0.16807052603322398,0.1797597047254127,0.9349733094519475,0.844176215104942,0.8333387880490438
3934,189,87.7550087391644,1.4085033661811985,0.2971973179244301,0.30058398863638675,0.9887330302345098,0.02713653460684538,0.0160504042608863
3935,20,231.31996262328659,49.85888541901641,0.2720418226329821,0.273217863903039,0.995695591593988,0.2189174139180004,0.21554078106182956
3936,709,72977.42463191465,19.948611413573083,0.0883235619534865,0.08832477223957702,0.999986297319995,0.00028705211874924355,0.0002733531844154598
3937,13,2808.443619376072,313.3721620856163,0.5792560894700326,0.5794623446661399,0.9996440576372118,0.11189837016748277,0.1115821446168948
3938,65,1176.1699525988352,481.1382704495061,0.44338808702348137,0.4437650632300608,0.9991505049905562,0.40957405460875945,0.4090720642764213
3939,22,16647.658973209574,10182.343259319428,0.34563978582346977,0.3456605478889578,0.9999399351021839,0.6116614722967237,0.6116381453816104
3940,12,18.71391954641591,10.10187739570467,0.26864421525608106,0.28299953053836413,0.9492744201554885,0.5631491682597969,0.5398055372980046
3941,858,65.99700918201461,28.06304215266858,0.2227123239428257,0.22608690601409204,0.9850739605810873,0.43379611280424996,0.4252168772568602
3942,95,67.10676607460492,63.39454479349367,0.024618150913923716,0.024985001417292558,0.9853171710002411,0.945494089720178,0.9446818629736345
3943,611,8924.08192247819,0.0002448852942290675,1.5521275682480784,1.552301493989878,0.9998879562105216,0.00011207122735479557,2.7440950941098445e-08
3944,15,1627.3761564095869,1200.5110589643712,0.19408956193638424,0.1942088272710593,0.9993858912782138,0.7378584206327288,0.7376973382804191
3945,8,37.9094974842977,32.82793524024057,0.07667396165827399,0.07869651449453964,0.9742993339761447,0.8694004658860515,0.8659554311907738
3946,87,60.19307699067266,7.743027285955171,0.5912055787218361,0.6010273989091218,0.9836582821263847,0.14287608526840098,0.12863650893199907
3947,51,3594.4808998749895,3130.8895694764465,0.06916580274923255,0.06918504497215038,0.9997218730879546,0.871062774825292,0.871026903936347
3948,5,133.1885267937461,129.12652592308706,0.01733790614055637,0.017468081813776407,0.9925477980577482,0.9697291492222542,0.969501871006131
3949,67,389.27591955577174,80.2568859145715,0.5438079567006497,0.5452049297199963,0.9974377102201477,0.20820368832148667,0.20616966496709555
3950,81,29198.716334421908,10.033343301718425,0.23517580899593823,0.23518386331607694,0.9999657530919633,0.0003778578933902805,0.00034362275337050603
3951,33,12.49932341346386,6.402638477862959,0.2588744825120235,0.2795855621399954,0.9259222133308823,0.5483710739517336,0.5122388041392901
3952,125,16624.1763393135,4315.267364836397,0.16771409081393787,0.1677241793793736,0.9999398502620609,0.25962235086973084,0.25957781466931895
3953,144,3349.802618308704,2460.0810411628167,0.11888342201233768,0.11891891169204674,0.9997015640388556,0.7344750859735902,0.7343958201348882
3954,335,1664.4866411334633,1282.219124860045,0.11425738197678623,0.1143260261936596,0.9993995748898234,0.770476984424647,0.7703390902476056
3955,6,100.41392160352325,17.028461435466482,0.8731827190295621,0.8818785522873975,0.9901394208587109,0.17777107078009052,0.1695826750268959
3956,725,5889.067740021544,213.30696153368487,0.8191837119125855,0.8193228143559732,0.9998302226656571,0.036384464660316626,0.03622083680309382
3957,14,16773.647124046947,672.6841000601459,0.7919375932246989,0.7919848064268945,0.9999403862273463,0.04016085078143909,0.04010362773733186
3958,6,7.896559538977631,7.746796640429065,0.015299757728418408,0.017237279715417716,0.8875969979609769,0.9831662006090752,0.9810344115295614
3959,81,19.255383889529888,10.527326007855333,0.26386633547306987,0.27756984494277964,0.9506304098972469,0.5690993599886234,0.5467211699466332
3960,61,90.96497808817132,17.15883663273091,0.5966081357347413,0.6031667932342953,0.9891262954573721,0.19745382438215933,0.18863124021311856
3961,89,1939.636055729357,965.4241718503554,0.49185506377497,0.49210864488484984,0.9994847050290304,0.4979935155781388,0.497734700795366
3962,308,457.32349512028316,46.11137394610491,0.6516001838283214,0.6530249962221325,0.9978181349840298,0.10279065866728243,0.10082878845745047
3963,55,66.87215779775933,37.65320540122043,0.17025939226587042,0.1728054353108815,0.9852664180358062,0.5695001699577098,0.5630625157198392
3964,50,7182.65791567892,2841.732681035304,0.29262849770568766,0.2926692386822372,0.9998607951531463,0.39572216750895217,0.3956380373945036
3965,119,2870.8979506717797,1746.7387925441712,0.12779693534697628,0.12784144996837446,0.9996517982124796,0.6085657716825729,0.6084294261088036
3966,34,2283.8846830183456,19.325049719973556,0.38728450255279134,0.38745407525732956,0.9995623411512046,0.008895437862152435,0.008461482255940294
3967,4,16677.3358845368,12174.298847768428,0.16663679203972642,0.16664678385096016,0.999940041979792,0.7300068143523042,0.7299906251247491
3968,58,47.57750882209398,29.559939792706658,0.2205343830034665,0.22516964845689968,0.9794143416521769,0.6290964797027099,0.6213007054076705
3969,371,5159.584536842431,1475.6179029279494,0.49340377693103676,0.4934994055176814,0.9998062235018412,0.28613384634745986,0.28599548905365935
3970,412,5702.789699453786,3165.3614218119633,0.13355178966173548,0.13357520833868133,0.9998246779680368,0.5551329184025113,0.5550549097251722
3971,71,16.79686970786409,14.31532716112805,0.06986693433618525,0.07402645545835444,0.9438103432561452,0.8605629761036293,0.8522616064840812
3972,184,5298.526581172031,841.3470606421874,0.6072358724409006,0.6073504771075259,0.9998113038995687,0.15894760555307866,0.15878887229364091
3973,23,695.5843809226424,84.9314580301496,0.6845660138755361,0.6855501734292159,0.9985644237404873,0.12336116109340747,0.12210086994405217
3974,48,227.06029367536505,202.50882938225905,0.08004950261390809,0.08040204995416811,0.9956151946317167,0.8923466075683738,0.8918724894797857
3975,39,1559.1084909307751,21.624842630873797,0.9933582126589284,0.9939953448523824,0.9993590189363024,0.014502095695521538,0.013870005042409808
3976,185,1636.0350541244707,188.65192751552468,0.8017245789707984,0.8022146201694568,0.9993891395315697,0.11585086528092431,0.11531044340396628
3977,55,289.47325302412315,203.29061109299886,0.31930674259339964,0.3204098038926997,0.9965573422351663,0.703302658561933,0.7022777025829661
3978,51,188.16036101053743,44.87352015255767,0.4707879598952949,0.4732900169564468,0.9947134801675267,0.242511274071856,0.23848551263166765
3979,7,1532.3433009246312,548.0718576231092,0.8278795198053304,0.82841979006938,0.9993478303264527,0.3580880141400884,0.35766910541025443
3980,48,748.2464900666382,586.4789483283065,0.08786814815148089,0.08798558024012815,0.9986653257462557,0.7840930269503911,0.7838044763512023
3981,11,10673.686134435558,1428.0509218129298,0.7227702567143818,0.7228379718642944,0.999906320430652,0.1338728749319329,0.13379172891413182
3982,890,620.9571094972052,412.06976652514203,0.07469081887423601,0.07481110225247883,0.9983921720891522,0.664145099746622,0.6636042332437401
3983,7,24298.187845541313,170.46085487134638,0.6445459037474325,0.6445724302484147,0.9999588463611886,0.007056238091628562,0.007015373160950591
3984,32,2328.2308522395974,410.30769800448553,0.47774323407624,0.477948429894179,0.9995706737273214,0.17658520090827656,0.1762315354638471
3985,5,145.40871683141842,27.03542506079739,0.46844006098758284,0.4716616014233649,0.9931698055850632,0.19148740367063416,0.1859271276847954
3986,7,533.1395576599768,37.738607054260044,0.6504835388712065,0.6517036388047518,0.9981278301042127,0.07252525393170807,0.07078560671787328
3987,756,23865.971316375908,281.7346389719344,0.9391761308733422,0.9392154829750615,0.9999581010934843,0.011846272207062188,0.011804867911603453
3988,966,20.937951649874282,6.2395202894937345,0.19878043187271063,0.20827421785506123,0.9544168928822608,0.32999982883703827,0.2980005109301701
3989,612,19.19615735691653,3.268290711670335,0.43530485175706995,0.45798151790766417,0.9504856303935694,0.2113417238853402,0.17025754951382202
3990,989,1865.6774320061027,85.1622530200281,0.15129039553631227,0.1513714869366481,0.9994642888038104,0.046158083631744694,0.04564682595128778
3991,16,342.5449339346262,141.67112009941584,0.333058349908145,0.33403065548593447,0.9970891726198752,0.41529100273842195,0.41358404712665636
3992,81,149.31229856466783,16.969848781451915,0.5119733967538923,0.5154022730197824,0.9933471844316867,0.1195500897334816,0.11365338920224444
3993,15,377.1374553905846,221.5021751743765,0.30940821051218376,0.31022862282098435,0.9973554590116787,0.5884161222393328,0.5873247857203059
3994,83,1413.3111365663904,96.29095383272133,0.29398456856641064,0.2941925797827383,0.9992929420025439,0.06879034698752393,0.06813146188507237
3995,5,2363.748370918903,922.0306412979237,0.5792616768520358,0.5795067374870758,0.9995771220260481,0.3903293274874945,0.3900714021177668
3996,479,8212.094343498375,2629.5215309050536,0.6011544951414177,0.6012276986958336,0.9998782432103932,0.3202838565938816,0.32020108646059103
3997,361,3596.4442377718,296.2606050891926,2.1179922305384236,2.1185811433897035,0.9997220248782458,0.08263105289251435,0.0823759762427855
3998,188,609.2474367139725,1.3748848167197656,0.9618186007300829,0.9633973001923534,0.9983613204417789,0.0038916752022882996,0.002256693641807215
3999,340,98.52944604802674,5.308636849809866,0.44032778801441524,0.4447967849049467,0.9899527221369496,0.06338462736711815,0.05387868360918469
