realization,dataset,n,method,w1,rank
0,AccessFlooring,53,"Normal, Uniform",0.2465080901592645,5.0
0,AccessFlooring,53,"Normal, Variable",0.3176549684058382,6.0
0,AccessFlooring,53,"Lognormal, Uniform",0.13683992274169157,2.0
0,AccessFlooring,53,"Lognormal, Variable",0.14101077002017787,4.0
0,AccessFlooring,53,"KDE, Uniform",0.12792913290969324,1.0
0,AccessFlooring,53,"KDE, Variable",0.13753428267186107,3.0
0,AccessFlooringPedestals,13,"Normal, Uniform",0.1138980509018157,1.0
0,AccessFlooringPedestals,13,"Normal, Variable",0.12116977438481794,3.0
0,AccessFlooringPedestals,13,"Lognormal, Uniform",0.14808439080739577,6.0
0,AccessFlooringPedestals,13,"Lognormal, Variable",0.11836019199063033,2.0
0,AccessFlooringPedestals,13,"KDE, Uniform",0.14252795585863,5.0
0,AccessFlooringPedestals,13,"KDE, Variable",0.13554930836472728,4.0
0,AcousticalCeilings,412,"Normal, Uniform",0.8705475620535964,5.0
0,AcousticalCeilings,412,"Normal, Variable",0.9017858459467021,6.0
0,AcousticalCeilings,412,"Lognormal, Uniform",0.32261325870628127,4.0
0,AcousticalCeilings,412,"Lognormal, Variable",0.30790962909776115,3.0
0,AcousticalCeilings,412,"KDE, Uniform",0.06768797348194583,1.0
0,AcousticalCeilings,412,"KDE, Variable",0.1069246221074936,2.0
0,Aggregates,384,"Normal, Uniform",5.449821749842866,5.0
0,Aggregates,384,"Normal, Variable",6.971795100056163,6.0
0,Aggregates,384,"Lognormal, Uniform",1.2866124996355666,3.0
0,Aggregates,384,"Lognormal, Variable",1.3747173749931987,4.0
0,Aggregates,384,"KDE, Uniform",0.9290836032578178,1.0
0,Aggregates,384,"KDE, Variable",1.1195002774913037,2.0
0,AluminiumBillets,120,"Normal, Uniform",0.36783486972129126,6.0
0,AluminiumBillets,120,"Normal, Variable",0.2793096231849843,5.0
0,AluminiumBillets,120,"Lognormal, Uniform",0.1464074461035187,3.0
0,AluminiumBillets,120,"Lognormal, Variable",0.09419068070661007,1.0
0,AluminiumBillets,120,"KDE, Uniform",0.20117145465008168,4.0
0,AluminiumBillets,120,"KDE, Variable",0.1386096633297629,2.0
0,AluminiumExtrusions,36,"Normal, Uniform",0.36124503797318525,5.0
0,AluminiumExtrusions,36,"Normal, Variable",0.4684234354272614,6.0
0,AluminiumExtrusions,36,"Lognormal, Uniform",0.24273307991956855,3.0
0,AluminiumExtrusions,36,"Lognormal, Variable",0.23928512838020372,2.0
0,AluminiumExtrusions,36,"KDE, Uniform",0.1743915725610338,1.0
0,AluminiumExtrusions,36,"KDE, Variable",0.25842967020652696,4.0
0,AluminiumSheetGoods,26,"Normal, Uniform",0.33176684524532407,6.0
0,AluminiumSheetGoods,26,"Normal, Variable",0.2871332993028882,4.0
0,AluminiumSheetGoods,26,"Lognormal, Uniform",0.2232677764322736,3.0
0,AluminiumSheetGoods,26,"Lognormal, Variable",0.19425459324385738,1.0
0,AluminiumSheetGoods,26,"KDE, Uniform",0.30405890707897043,5.0
0,AluminiumSheetGoods,26,"KDE, Variable",0.21313548329258353,2.0
0,AluminiumSiding,3,"Normal, Uniform",0.23789182705123252,4.0
0,AluminiumSiding,3,"Normal, Variable",0.1652587556837645,1.0
0,AluminiumSiding,3,"Lognormal, Uniform",0.23795190552142814,5.0
0,AluminiumSiding,3,"Lognormal, Variable",0.16528804149379472,2.0
0,AluminiumSiding,3,"KDE, Uniform",0.33595846067071145,6.0
0,AluminiumSiding,3,"KDE, Variable",0.19215574512278943,3.0
0,AluminiumSuspensionAssembly,22,"Normal, Uniform",0.44325896106511614,5.0
0,AluminiumSuspensionAssembly,22,"Normal, Variable",0.4766621842804076,6.0
0,AluminiumSuspensionAssembly,22,"Lognormal, Uniform",0.28161581153176013,1.0
0,AluminiumSuspensionAssembly,22,"Lognormal, Variable",0.28575769233998666,2.0
0,AluminiumSuspensionAssembly,22,"KDE, Uniform",0.3613139365146856,3.0
0,AluminiumSuspensionAssembly,22,"KDE, Variable",0.4302395002364176,4.0
0,Asphalt,7232,"Normal, Uniform",0.05434060125494265,6.0
0,Asphalt,7232,"Normal, Variable",0.05277476584596619,5.0
0,Asphalt,7232,"Lognormal, Uniform",0.031650125589291186,4.0
0,Asphalt,7232,"Lognormal, Variable",0.0312745325700575,3.0
0,Asphalt,7232,"KDE, Uniform",0.004110896527001081,2.0
0,Asphalt,7232,"KDE, Variable",0.0033610047821261667,1.0
0,BackingAndUnderlay,45,"Normal, Uniform",0.8630518625597046,5.0
0,BackingAndUnderlay,45,"Normal, Variable",0.9876633930943604,6.0
0,BackingAndUnderlay,45,"Lognormal, Uniform",0.4014177442033654,2.0
0,BackingAndUnderlay,45,"Lognormal, Variable",0.4297939323766412,3.0
0,BackingAndUnderlay,45,"KDE, Uniform",0.21566709367711734,1.0
0,BackingAndUnderlay,45,"KDE, Variable",0.6466169931942323,4.0
0,BituminousRoofing,66,"Normal, Uniform",0.27281438595603374,5.0
0,BituminousRoofing,66,"Normal, Variable",0.33647319681801935,6.0
0,BituminousRoofing,66,"Lognormal, Uniform",0.14035894240957536,4.0
0,BituminousRoofing,66,"Lognormal, Variable",0.0976396105739599,2.0
0,BituminousRoofing,66,"KDE, Uniform",0.11206851204802393,3.0
0,BituminousRoofing,66,"KDE, Variable",0.06978137230906853,1.0
0,BlanketFacing,28,"Normal, Uniform",0.16064896263840575,5.0
0,BlanketFacing,28,"Normal, Variable",0.16423500164661659,6.0
0,BlanketFacing,28,"Lognormal, Uniform",0.11922694358833484,4.0
0,BlanketFacing,28,"Lognormal, Variable",0.11508303967582342,3.0
0,BlanketFacing,28,"KDE, Uniform",0.0950010386662193,1.0
0,BlanketFacing,28,"KDE, Variable",0.11334083343850836,2.0
0,BlanketInsulation [mineral wool],184,"Normal, Uniform",0.5373560372243524,6.0
0,BlanketInsulation [mineral wool],184,"Normal, Variable",0.4683599355811075,5.0
0,BlanketInsulation [mineral wool],184,"Lognormal, Uniform",0.19141228743573757,3.0
0,BlanketInsulation [mineral wool],184,"Lognormal, Variable",0.19380544564451618,4.0
0,BlanketInsulation [mineral wool],184,"KDE, Uniform",0.09466525174745212,2.0
0,BlanketInsulation [mineral wool],184,"KDE, Variable",0.0295579484155511,1.0
0,BlanketInsulation [other],3,"Normal, Uniform",0.8026435842702198,5.0
0,BlanketInsulation [other],3,"Normal, Variable",0.31744826297309187,2.0
0,BlanketInsulation [other],3,"Lognormal, Uniform",0.7415380052613235,4.0
0,BlanketInsulation [other],3,"Lognormal, Variable",0.18216393134558148,1.0
0,BlanketInsulation [other],3,"KDE, Uniform",0.9592254306332795,6.0
0,BlanketInsulation [other],3,"KDE, Variable",0.37712042044614674,3.0
0,BlanketInsulation [type not stated],129,"Normal, Uniform",0.5966068420243414,6.0
0,BlanketInsulation [type not stated],129,"Normal, Variable",0.3083494898634619,5.0
0,BlanketInsulation [type not stated],129,"Lognormal, Uniform",0.14883688104343057,3.0
0,BlanketInsulation [type not stated],129,"Lognormal, Variable",0.1025212595346628,2.0
0,BlanketInsulation [type not stated],129,"KDE, Uniform",0.21180828421243808,4.0
0,BlanketInsulation [type not stated],129,"KDE, Variable",0.047361870536972786,1.0
0,BlownInsulation [cellulose],3,"Normal, Uniform",1.2064130323474571,5.0
0,BlownInsulation [cellulose],3,"Normal, Variable",0.4220178578016638,2.0
0,BlownInsulation [cellulose],3,"Lognormal, Uniform",1.7792065167462632,6.0
0,BlownInsulation [cellulose],3,"Lognormal, Variable",0.4227796720403536,3.0
0,BlownInsulation [cellulose],3,"KDE, Uniform",1.1822366400749216,4.0
0,BlownInsulation [cellulose],3,"KDE, Variable",0.41961534168925724,1.0
0,BlownInsulation [type not stated],16,"Normal, Uniform",0.28262163383581607,5.0
0,BlownInsulation [type not stated],16,"Normal, Variable",0.10699810966031194,3.0
0,BlownInsulation [type not stated],16,"Lognormal, Uniform",0.19004785877900945,4.0
0,BlownInsulation [type not stated],16,"Lognormal, Variable",0.07525124152987298,1.0
0,BlownInsulation [type not stated],16,"KDE, Uniform",0.29327374042092885,6.0
0,BlownInsulation [type not stated],16,"KDE, Variable",0.08857617694775954,2.0
0,BoardInsulation [EPS],47,"Normal, Uniform",1.0031374257678898,5.0
0,BoardInsulation [EPS],47,"Normal, Variable",1.3893265023799288,6.0
0,BoardInsulation [EPS],47,"Lognormal, Uniform",0.4358538542378967,2.0
0,BoardInsulation [EPS],47,"Lognormal, Variable",0.48544273309575914,3.0
0,BoardInsulation [EPS],47,"KDE, Uniform",0.3183194959774737,1.0
0,BoardInsulation [EPS],47,"KDE, Variable",0.8138517742858875,4.0
0,BoardInsulation [PIR or PUR],50,"Normal, Uniform",0.7450633842860845,5.0
0,BoardInsulation [PIR or PUR],50,"Normal, Variable",0.9430050672563253,6.0
0,BoardInsulation [PIR or PUR],50,"Lognormal, Uniform",0.4088928996824745,3.0
0,BoardInsulation [PIR or PUR],50,"Lognormal, Variable",0.3646178126265924,2.0
0,BoardInsulation [PIR or PUR],50,"KDE, Uniform",0.20560830852483075,1.0
0,BoardInsulation [PIR or PUR],50,"KDE, Variable",0.6180323127131175,4.0
0,BoardInsulation [XPS],19,"Normal, Uniform",0.701920810625261,5.0
0,BoardInsulation [XPS],19,"Normal, Variable",0.9352773302888863,6.0
0,BoardInsulation [XPS],19,"Lognormal, Uniform",0.4578813384038517,3.0
0,BoardInsulation [XPS],19,"Lognormal, Variable",0.4329932238160248,2.0
0,BoardInsulation [XPS],19,"KDE, Uniform",0.40534723224882413,1.0
0,BoardInsulation [XPS],19,"KDE, Variable",0.7011731060787791,4.0
0,BoardInsulation [mineral wool],77,"Normal, Uniform",0.18802574596606103,6.0
0,BoardInsulation [mineral wool],77,"Normal, Variable",0.16196701961270002,5.0
0,BoardInsulation [mineral wool],77,"Lognormal, Uniform",0.058844494618917005,4.0
0,BoardInsulation [mineral wool],77,"Lognormal, Variable",0.0545448295819298,3.0
0,BoardInsulation [mineral wool],77,"KDE, Uniform",0.05448374204318407,2.0
0,BoardInsulation [mineral wool],77,"KDE, Variable",0.0491960159390471,1.0
0,BoardInsulation [other],7,"Normal, Uniform",0.24828868613190275,5.0
0,BoardInsulation [other],7,"Normal, Variable",0.23964097922361005,2.0
0,BoardInsulation [other],7,"Lognormal, Uniform",0.26263138993833407,6.0
0,BoardInsulation [other],7,"Lognormal, Variable",0.24781198565497586,4.0
0,BoardInsulation [other],7,"KDE, Uniform",0.2403914350564445,3.0
0,BoardInsulation [other],7,"KDE, Variable",0.21392064537323224,1.0
0,BoardInsulation [type not stated],131,"Normal, Uniform",0.4599881682277902,6.0
0,BoardInsulation [type not stated],131,"Normal, Variable",0.28446706278300676,4.0
0,BoardInsulation [type not stated],131,"Lognormal, Uniform",0.2610175363185288,3.0
0,BoardInsulation [type not stated],131,"Lognormal, Variable",0.09194549006252184,2.0
0,BoardInsulation [type not stated],131,"KDE, Uniform",0.3354787833171225,5.0
0,BoardInsulation [type not stated],131,"KDE, Variable",0.058790727920367714,1.0
0,Brick,215,"Normal, Uniform",0.8619116281368646,5.0
0,Brick,215,"Normal, Variable",1.0240140108073754,6.0
0,Brick,215,"Lognormal, Uniform",0.27908438271978847,3.0
0,Brick,215,"Lognormal, Variable",0.30462596832918376,4.0
0,Brick,215,"KDE, Uniform",0.0773711825354724,2.0
0,Brick,215,"KDE, Variable",0.0371087916023417,1.0
0,CMU [3000-3999 psi],137,"Normal, Uniform",0.057146675115183176,6.0
0,CMU [3000-3999 psi],137,"Normal, Variable",0.04943787736282617,5.0
0,CMU [3000-3999 psi],137,"Lognormal, Uniform",0.04235875832137028,4.0
0,CMU [3000-3999 psi],137,"Lognormal, Variable",0.03690901833364038,2.0
0,CMU [3000-3999 psi],137,"KDE, Uniform",0.0413801139150274,3.0
0,CMU [3000-3999 psi],137,"KDE, Variable",0.022073369760850635,1.0
0,CMU [4000-4999 psi],18,"Normal, Uniform",0.07694956578822787,6.0
0,CMU [4000-4999 psi],18,"Normal, Variable",0.06812202973091219,5.0
0,CMU [4000-4999 psi],18,"Lognormal, Uniform",0.06742589077046891,4.0
0,CMU [4000-4999 psi],18,"Lognormal, Variable",0.05779681604069803,2.0
0,CMU [4000-4999 psi],18,"KDE, Uniform",0.0572938772648329,1.0
0,CMU [4000-4999 psi],18,"KDE, Variable",0.06674813431434429,3.0
0,CMU [5000-5999 psi],8,"Normal, Uniform",0.03598593484772146,4.0
0,CMU [5000-5999 psi],8,"Normal, Variable",0.0346489739208372,2.0
0,CMU [5000-5999 psi],8,"Lognormal, Uniform",0.03515966244989027,3.0
0,CMU [5000-5999 psi],8,"Lognormal, Variable",0.034370095889118504,1.0
0,CMU [5000-5999 psi],8,"KDE, Uniform",0.04139855170726886,5.0
0,CMU [5000-5999 psi],8,"KDE, Variable",0.04254257596618552,6.0
0,CMU [<3000 psi],274,"Normal, Uniform",0.07976694793216765,6.0
0,CMU [<3000 psi],274,"Normal, Variable",0.07862305293612276,5.0
0,CMU [<3000 psi],274,"Lognormal, Uniform",0.034646908775735556,3.0
0,CMU [<3000 psi],274,"Lognormal, Variable",0.03484933345990968,4.0
0,CMU [<3000 psi],274,"KDE, Uniform",0.0241925180484366,1.0
0,CMU [<3000 psi],274,"KDE, Variable",0.02487120519956937,2.0
0,CMU [>=6000 psi],8,"Normal, Uniform",0.08168254041451738,5.0
0,CMU [>=6000 psi],8,"Normal, Variable",0.058317287621577216,1.0
0,CMU [>=6000 psi],8,"Lognormal, Uniform",0.08059475048584369,4.0
0,CMU [>=6000 psi],8,"Lognormal, Variable",0.058461115402597616,2.0
0,CMU [>=6000 psi],8,"KDE, Uniform",0.10314739844468983,6.0
0,CMU [>=6000 psi],8,"KDE, Variable",0.07292952632681704,3.0
0,CMU [strength not stated],39,"Normal, Uniform",0.10251593480638294,6.0
0,CMU [strength not stated],39,"Normal, Variable",0.060596695391761254,3.0
0,CMU [strength not stated],39,"Lognormal, Uniform",0.0839016686116217,4.0
0,CMU [strength not stated],39,"Lognormal, Variable",0.04690422117329371,1.0
0,CMU [strength not stated],39,"KDE, Uniform",0.08704538136777165,5.0
0,CMU [strength not stated],39,"KDE, Variable",0.05243929380927939,2.0
0,CableTrays,59,"Normal, Uniform",0.6502733453495155,5.0
0,CableTrays,59,"Normal, Variable",0.7731772774133235,6.0
0,CableTrays,59,"Lognormal, Uniform",0.23246209564375214,2.0
0,CableTrays,59,"Lognormal, Variable",0.2549422662452819,3.0
0,CableTrays,59,"KDE, Uniform",0.16787518653647798,1.0
0,CableTrays,59,"KDE, Variable",0.48368740806262966,4.0
0,Carpet,1989,"Normal, Uniform",0.0919278592984455,6.0
0,Carpet,1989,"Normal, Variable",0.08592337002255954,5.0
0,Carpet,1989,"Lognormal, Uniform",0.041860329885644074,4.0
0,Carpet,1989,"Lognormal, Variable",0.038718464483363274,3.0
0,Carpet,1989,"KDE, Uniform",0.0255556737993273,2.0
0,Carpet,1989,"KDE, Variable",0.013350757134855274,1.0
0,CastDecksAndUnderlayment,255,"Normal, Uniform",0.04219832588422608,5.0
0,CastDecksAndUnderlayment,255,"Normal, Variable",0.044691558417318665,6.0
0,CastDecksAndUnderlayment,255,"Lognormal, Uniform",0.03427137790237829,4.0
0,CastDecksAndUnderlayment,255,"Lognormal, Variable",0.02113166455214478,2.0
0,CastDecksAndUnderlayment,255,"KDE, Uniform",0.029032168179943023,3.0
0,CastDecksAndUnderlayment,255,"KDE, Variable",0.019682192733400657,1.0
0,Cement,1084,"Normal, Uniform",0.062213190671332144,6.0
0,Cement,1084,"Normal, Variable",0.05933294445845286,5.0
0,Cement,1084,"Lognormal, Uniform",0.03588738136609092,3.0
0,Cement,1084,"Lognormal, Variable",0.03753915599892351,4.0
0,Cement,1084,"KDE, Uniform",0.012439572100718945,2.0
0,Cement,1084,"KDE, Variable",0.011588712085412137,1.0
0,CementBoard,21,"Normal, Uniform",0.1738077197798384,6.0
0,CementBoard,21,"Normal, Variable",0.1626702401515983,5.0
0,CementBoard,21,"Lognormal, Uniform",0.14797190992257764,3.0
0,CementBoard,21,"Lognormal, Variable",0.142551381343099,1.0
0,CementBoard,21,"KDE, Uniform",0.16169292020414966,4.0
0,CementBoard,21,"KDE, Variable",0.14686401384227243,2.0
0,CementGrout,3764,"Normal, Uniform",0.10061739090915897,6.0
0,CementGrout,3764,"Normal, Variable",0.09655223205057006,5.0
0,CementGrout,3764,"Lognormal, Uniform",0.03536472590374385,4.0
0,CementGrout,3764,"Lognormal, Variable",0.02917488625839072,3.0
0,CementGrout,3764,"KDE, Uniform",0.011021868361052432,2.0
0,CementGrout,3764,"KDE, Variable",0.006483837672563416,1.0
0,CementitiousSheathingBoard,51,"Normal, Uniform",0.300842934774892,6.0
0,CementitiousSheathingBoard,51,"Normal, Variable",0.291390632682361,5.0
0,CementitiousSheathingBoard,51,"Lognormal, Uniform",0.16294234243163191,2.0
0,CementitiousSheathingBoard,51,"Lognormal, Variable",0.149336118932958,1.0
0,CementitiousSheathingBoard,51,"KDE, Uniform",0.22425923155677052,4.0
0,CementitiousSheathingBoard,51,"KDE, Variable",0.18224703545927198,3.0
0,Chairs,86,"Normal, Uniform",1.992579824159828,5.0
0,Chairs,86,"Normal, Variable",2.153919152111692,6.0
0,Chairs,86,"Lognormal, Uniform",0.570736957960519,2.0
0,Chairs,86,"Lognormal, Variable",0.6103280063723502,3.0
0,Chairs,86,"KDE, Uniform",0.39390806926016775,1.0
0,Chairs,86,"KDE, Variable",0.6523648236264911,4.0
0,Coil,140,"Normal, Uniform",0.23099907829994681,6.0
0,Coil,140,"Normal, Variable",0.22560198721860114,5.0
0,Coil,140,"Lognormal, Uniform",0.12773223956413124,4.0
0,Coil,140,"Lognormal, Variable",0.10779185096262725,3.0
0,Coil,140,"KDE, Uniform",0.09645281386890078,2.0
0,Coil,140,"KDE, Variable",0.04376624967051321,1.0
0,CompositeLumber,16,"Normal, Uniform",0.12418059906215832,6.0
0,CompositeLumber,16,"Normal, Variable",0.10405754342252585,3.0
0,CompositeLumber,16,"Lognormal, Uniform",0.09808104418630523,2.0
0,CompositeLumber,16,"Lognormal, Variable",0.11547085566535624,5.0
0,CompositeLumber,16,"KDE, Uniform",0.09057220933964957,1.0
0,CompositeLumber,16,"KDE, Variable",0.10525724590941879,4.0
0,CompositionSiding,3,"Normal, Uniform",0.522630593907573,5.0
0,CompositionSiding,3,"Normal, Variable",0.33615062228030773,2.0
0,CompositionSiding,3,"Lognormal, Uniform",0.5225814738603654,4.0
0,CompositionSiding,3,"Lognormal, Variable",0.30099803851713325,1.0
0,CompositionSiding,3,"KDE, Uniform",0.6617607312539859,6.0
0,CompositionSiding,3,"KDE, Variable",0.3983545047748207,3.0
0,ConcreteAdmixtures,118,"Normal, Uniform",2.6502930498324586,6.0
0,ConcreteAdmixtures,118,"Normal, Variable",1.5622981996992513,5.0
0,ConcreteAdmixtures,118,"Lognormal, Uniform",0.36128193127072256,4.0
0,ConcreteAdmixtures,118,"Lognormal, Variable",0.26731452742736006,2.0
0,ConcreteAdmixtures,118,"KDE, Uniform",0.32662016148106704,3.0
0,ConcreteAdmixtures,118,"KDE, Variable",0.07987132450340223,1.0
0,ConcretePaving [3000-3999 psi],108,"Normal, Uniform",0.04876347589988527,5.0
0,ConcretePaving [3000-3999 psi],108,"Normal, Variable",0.04216427141316917,2.0
0,ConcretePaving [3000-3999 psi],108,"Lognormal, Uniform",0.04918367570221957,6.0
0,ConcretePaving [3000-3999 psi],108,"Lognormal, Variable",0.042180006078307505,3.0
0,ConcretePaving [3000-3999 psi],108,"KDE, Uniform",0.04434998054598596,4.0
0,ConcretePaving [3000-3999 psi],108,"KDE, Variable",0.02422577965569402,1.0
0,ConcretePaving [4000-4999 psi],160,"Normal, Uniform",0.034235558478701064,6.0
0,ConcretePaving [4000-4999 psi],160,"Normal, Variable",0.032822953140590846,5.0
0,ConcretePaving [4000-4999 psi],160,"Lognormal, Uniform",0.0294514785224218,4.0
0,ConcretePaving [4000-4999 psi],160,"Lognormal, Variable",0.02475620037511712,3.0
0,ConcretePaving [4000-4999 psi],160,"KDE, Uniform",0.0185166067433186,2.0
0,ConcretePaving [4000-4999 psi],160,"KDE, Variable",0.018305537771053575,1.0
0,ConcretePaving [5000-5999 psi],42,"Normal, Uniform",0.07621559044778917,5.0
0,ConcretePaving [5000-5999 psi],42,"Normal, Variable",0.06294467837988799,3.0
0,ConcretePaving [5000-5999 psi],42,"Lognormal, Uniform",0.08220759124068949,6.0
0,ConcretePaving [5000-5999 psi],42,"Lognormal, Variable",0.062222031929428316,2.0
0,ConcretePaving [5000-5999 psi],42,"KDE, Uniform",0.06924854814863995,4.0
0,ConcretePaving [5000-5999 psi],42,"KDE, Variable",0.05403954289392552,1.0
0,ConcretePaving [<3000 psi],32,"Normal, Uniform",0.048299972140523076,5.0
0,ConcretePaving [<3000 psi],32,"Normal, Variable",0.047177230498875664,3.0
0,ConcretePaving [<3000 psi],32,"Lognormal, Uniform",0.04832372968128798,6.0
0,ConcretePaving [<3000 psi],32,"Lognormal, Variable",0.04722181443995728,4.0
0,ConcretePaving [<3000 psi],32,"KDE, Uniform",0.04490736711277178,1.0
0,ConcretePaving [<3000 psi],32,"KDE, Variable",0.045011208811064796,2.0
0,ConcretePaving [strength not stated],38,"Normal, Uniform",0.22661078583814998,5.0
0,ConcretePaving [strength not stated],38,"Normal, Variable",0.2647884332038099,6.0
0,ConcretePaving [strength not stated],38,"Lognormal, Uniform",0.13481982040253557,4.0
0,ConcretePaving [strength not stated],38,"Lognormal, Variable",0.13331747456957005,2.0
0,ConcretePaving [strength not stated],38,"KDE, Uniform",0.08390106360400505,1.0
0,ConcretePaving [strength not stated],38,"KDE, Variable",0.13434963972590952,3.0
0,Countertops,76,"Normal, Uniform",0.4700786646256214,6.0
0,Countertops,76,"Normal, Variable",0.4046211142999133,5.0
0,Countertops,76,"Lognormal, Uniform",0.20347459359601794,1.0
0,Countertops,76,"Lognormal, Variable",0.20744383208359882,2.0
0,Countertops,76,"KDE, Uniform",0.23188273991875946,3.0
0,Countertops,76,"KDE, Variable",0.2498871982484588,4.0
0,CurtainWalls,54,"Normal, Uniform",0.30793046061266416,6.0
0,CurtainWalls,54,"Normal, Variable",0.15171019666768953,4.0
0,CurtainWalls,54,"Lognormal, Uniform",0.12842016222014338,3.0
0,CurtainWalls,54,"Lognormal, Variable",0.08249368177884492,1.0
0,CurtainWalls,54,"KDE, Uniform",0.17739407907027807,5.0
0,CurtainWalls,54,"KDE, Variable",0.09705257776485947,2.0
0,DampproofingAndWaterproofing,162,"Normal, Uniform",1.905117760020599,5.0
0,DampproofingAndWaterproofing,162,"Normal, Variable",1.9073469026576682,6.0
0,DampproofingAndWaterproofing,162,"Lognormal, Uniform",0.6438788140301934,3.0
0,DampproofingAndWaterproofing,162,"Lognormal, Variable",0.6576774861544663,4.0
0,DampproofingAndWaterproofing,162,"KDE, Uniform",0.10288628249681488,2.0
0,DampproofingAndWaterproofing,162,"KDE, Variable",0.07982682790464969,1.0
0,DataCabling,951,"Normal, Uniform",1.253569871733839,6.0
0,DataCabling,951,"Normal, Variable",1.2256980565452509,5.0
0,DataCabling,951,"Lognormal, Uniform",0.5050652733386045,3.0
0,DataCabling,951,"Lognormal, Variable",0.5059036852286698,4.0
0,DataCabling,951,"KDE, Uniform",0.340487661288543,2.0
0,DataCabling,951,"KDE, Variable",0.30924536999412633,1.0
0,DeckingBoards,7,"Normal, Uniform",0.3117524868066027,6.0
0,DeckingBoards,7,"Normal, Variable",0.21455716846617146,3.0
0,DeckingBoards,7,"Lognormal, Uniform",0.22559577254689914,4.0
0,DeckingBoards,7,"Lognormal, Variable",0.12278426293351899,1.0
0,DeckingBoards,7,"KDE, Uniform",0.2952367617824605,5.0
0,DeckingBoards,7,"KDE, Variable",0.1814578825487283,2.0
0,DeckingSteel,62,"Normal, Uniform",0.048662541672794254,5.0
0,DeckingSteel,62,"Normal, Variable",0.04762961375379652,3.0
0,DeckingSteel,62,"Lognormal, Uniform",0.04870264489564165,6.0
0,DeckingSteel,62,"Lognormal, Variable",0.047708852496290866,4.0
0,DeckingSteel,62,"KDE, Uniform",0.04088369477049305,2.0
0,DeckingSteel,62,"KDE, Variable",0.028526775551058627,1.0
0,DemountablePartitionTrack,4,"Normal, Uniform",0.7799633600264113,5.0
0,DemountablePartitionTrack,4,"Normal, Variable",0.18548879477409197,1.0
0,DemountablePartitionTrack,4,"Lognormal, Uniform",1.1039576224583723,6.0
0,DemountablePartitionTrack,4,"Lognormal, Variable",0.18574054729886746,2.0
0,DemountablePartitionTrack,4,"KDE, Uniform",0.7659394620320836,4.0
0,DemountablePartitionTrack,4,"KDE, Variable",0.19870968363774216,3.0
0,DemountablePartitions,45,"Normal, Uniform",0.08786198087073074,4.0
0,DemountablePartitions,45,"Normal, Variable",0.08406559287096213,2.0
0,DemountablePartitions,45,"Lognormal, Uniform",0.0996694501946482,6.0
0,DemountablePartitions,45,"Lognormal, Variable",0.08490642896102353,3.0
0,DemountablePartitions,45,"KDE, Uniform",0.07829284898782059,1.0
0,DemountablePartitions,45,"KDE, Variable",0.09065821233271444,5.0
0,DoorsAndFrames,61,"Normal, Uniform",0.5576882874187231,5.0
0,DoorsAndFrames,61,"Normal, Variable",0.6575145736062125,6.0
0,DoorsAndFrames,61,"Lognormal, Uniform",0.21725957862382791,3.0
0,DoorsAndFrames,61,"Lognormal, Variable",0.22337166625658997,4.0
0,DoorsAndFrames,61,"KDE, Uniform",0.10168987744289756,1.0
0,DoorsAndFrames,61,"KDE, Variable",0.10222513040999566,2.0
0,Electrical,3,"Normal, Uniform",0.004185554263156276,2.0
0,Electrical,3,"Normal, Variable",0.0038998535409464296,1.0
0,Electrical,3,"Lognormal, Uniform",0.0055030957280955565,6.0
0,Electrical,3,"Lognormal, Variable",0.005139933867256799,4.0
0,Electrical,3,"KDE, Uniform",0.005291871791402663,5.0
0,Electrical,3,"KDE, Variable",0.004583598858633127,3.0
0,Elevators,20,"Normal, Uniform",1.3308001558200413,6.0
0,Elevators,20,"Normal, Variable",1.255419822726783,5.0
0,Elevators,20,"Lognormal, Uniform",0.5855567868191281,2.0
0,Elevators,20,"Lognormal, Variable",0.5374441615230169,1.0
0,Elevators,20,"KDE, Uniform",1.1063130445253486,4.0
0,Elevators,20,"KDE, Variable",1.0419066243185433,3.0
0,FenestrationAccessories,17,"Normal, Uniform",0.7003052618626809,5.0
0,FenestrationAccessories,17,"Normal, Variable",0.8190809772551899,6.0
0,FenestrationAccessories,17,"Lognormal, Uniform",0.3730249592698189,1.0
0,FenestrationAccessories,17,"Lognormal, Variable",0.3991500321629961,3.0
0,FenestrationAccessories,17,"KDE, Uniform",0.3735394534796152,2.0
0,FenestrationAccessories,17,"KDE, Variable",0.5551556530423205,4.0
0,FenestrationFraming,259,"Normal, Uniform",0.5830480984333023,5.0
0,FenestrationFraming,259,"Normal, Variable",0.6294555366334964,6.0
0,FenestrationFraming,259,"Lognormal, Uniform",0.18410736851305518,3.0
0,FenestrationFraming,259,"Lognormal, Variable",0.12580919726203946,2.0
0,FenestrationFraming,259,"KDE, Uniform",0.19515365217232422,4.0
0,FenestrationFraming,259,"KDE, Variable",0.06442360926495701,1.0
0,FiberCementSiding,29,"Normal, Uniform",0.18528846045032887,6.0
0,FiberCementSiding,29,"Normal, Variable",0.09052272948723113,3.0
0,FiberCementSiding,29,"Lognormal, Uniform",0.11417380617324217,4.0
0,FiberCementSiding,29,"Lognormal, Variable",0.07838802615402585,2.0
0,FiberCementSiding,29,"KDE, Uniform",0.15929808504748258,5.0
0,FiberCementSiding,29,"KDE, Variable",0.07408053743133974,1.0
0,FireAndSmokeProtection,22,"Normal, Uniform",0.29767650389530576,6.0
0,FireAndSmokeProtection,22,"Normal, Variable",0.23403862124673086,5.0
0,FireAndSmokeProtection,22,"Lognormal, Uniform",0.18643979267917377,3.0
0,FireAndSmokeProtection,22,"Lognormal, Variable",0.14179287863442286,1.0
0,FireAndSmokeProtection,22,"KDE, Uniform",0.2265854363132854,4.0
0,FireAndSmokeProtection,22,"KDE, Variable",0.16471429152043987,2.0
0,FlashingAndSheetMetal,12,"Normal, Uniform",0.9936066102999674,5.0
0,FlashingAndSheetMetal,12,"Normal, Variable",0.3951030868202431,3.0
0,FlashingAndSheetMetal,12,"Lognormal, Uniform",0.42714534194207815,4.0
0,FlashingAndSheetMetal,12,"Lognormal, Variable",0.13722443061035358,1.0
0,FlashingAndSheetMetal,12,"KDE, Uniform",1.0056815983028637,6.0
0,FlashingAndSheetMetal,12,"KDE, Variable",0.2650466438489041,2.0
0,FlatGlassPanes,47,"Normal, Uniform",0.7797398399608919,4.0
0,FlatGlassPanes,47,"Normal, Variable",1.1844676305592856,6.0
0,FlatGlassPanes,47,"Lognormal, Uniform",0.7788068698267968,3.0
0,FlatGlassPanes,47,"Lognormal, Variable",0.56019039313755,1.0
0,FlatGlassPanes,47,"KDE, Uniform",0.6684449043120211,2.0
0,FlatGlassPanes,47,"KDE, Variable",0.7991339319791951,5.0
0,FlowableFill,2008,"Normal, Uniform",0.28649392306398835,6.0
0,FlowableFill,2008,"Normal, Variable",0.25102105795186647,5.0
0,FlowableFill,2008,"Lognormal, Uniform",0.07520045470960054,3.0
0,FlowableFill,2008,"Lognormal, Variable",0.0805247571949601,4.0
0,FlowableFill,2008,"KDE, Uniform",0.03523958389099019,2.0
0,FlowableFill,2008,"KDE, Variable",0.019745155297460383,1.0
0,FoamedInPlace [PIR or PUR],8,"Normal, Uniform",0.7738883341472298,3.0
0,FoamedInPlace [PIR or PUR],8,"Normal, Variable",0.6516844354461075,1.0
0,FoamedInPlace [PIR or PUR],8,"Lognormal, Uniform",1.077691304898098,6.0
0,FoamedInPlace [PIR or PUR],8,"Lognormal, Variable",0.7852954505494493,5.0
0,FoamedInPlace [PIR or PUR],8,"KDE, Uniform",0.7803614346709367,4.0
0,FoamedInPlace [PIR or PUR],8,"KDE, Variable",0.6674259678562453,2.0
0,FoamedInPlace [type not stated],5,"Normal, Uniform",0.059997704013931015,4.0
0,FoamedInPlace [type not stated],5,"Normal, Variable",0.03353410275947158,1.0
0,FoamedInPlace [type not stated],5,"Lognormal, Uniform",0.06000830381011606,5.0
0,FoamedInPlace [type not stated],5,"Lognormal, Variable",0.033550509029119366,2.0
0,FoamedInPlace [type not stated],5,"KDE, Uniform",0.08412038148951947,6.0
0,FoamedInPlace [type not stated],5,"KDE, Variable",0.0419342883099532,3.0
0,Furnishings,7,"Normal, Uniform",0.15600653221307753,4.0
0,Furnishings,7,"Normal, Variable",0.1223784679763451,1.0
0,Furnishings,7,"Lognormal, Uniform",0.15608296238912323,5.0
0,Furnishings,7,"Lognormal, Variable",0.12246637540504049,2.0
0,Furnishings,7,"KDE, Uniform",0.16933470118744154,6.0
0,Furnishings,7,"KDE, Variable",0.12356278943727361,3.0
0,GlazedDoors,141,"Normal, Uniform",0.5062943318341178,6.0
0,GlazedDoors,141,"Normal, Variable",0.38511969686803443,5.0
0,GlazedDoors,141,"Lognormal, Uniform",0.07460630231259473,1.0
0,GlazedDoors,141,"Lognormal, Variable",0.07662606630552933,2.0
0,GlazedDoors,141,"KDE, Uniform",0.11392752782726609,4.0
0,GlazedDoors,141,"KDE, Variable",0.09318634520288024,3.0
0,Grouting,219,"Normal, Uniform",3.1187339728783146,6.0
0,Grouting,219,"Normal, Variable",1.9066562595527223,5.0
0,Grouting,219,"Lognormal, Uniform",0.560109907612939,4.0
0,Grouting,219,"Lognormal, Variable",0.5014483676860482,3.0
0,Grouting,219,"KDE, Uniform",0.3085749233950925,2.0
0,Grouting,219,"KDE, Variable",0.14055574875056756,1.0
0,Gypsum,771,"Normal, Uniform",0.18873144887128562,6.0
0,Gypsum,771,"Normal, Variable",0.11989788803792256,5.0
0,Gypsum,771,"Lognormal, Uniform",0.046319029083747035,3.0
0,Gypsum,771,"Lognormal, Variable",0.02405251415955102,2.0
0,Gypsum,771,"KDE, Uniform",0.049854784567473234,4.0
0,Gypsum,771,"KDE, Variable",0.017392037793993554,1.0
0,GypsumSheathingBoard,19,"Normal, Uniform",0.09285046571426725,4.0
0,GypsumSheathingBoard,19,"Normal, Variable",0.08695284149729388,1.0
0,GypsumSheathingBoard,19,"Lognormal, Uniform",0.1106168656602541,5.0
0,GypsumSheathingBoard,19,"Lognormal, Variable",0.08698488418825631,2.0
0,GypsumSheathingBoard,19,"KDE, Uniform",0.11236584394667559,6.0
0,GypsumSheathingBoard,19,"KDE, Variable",0.09019664132288399,3.0
0,HeavyTimber,5,"Normal, Uniform",0.5637116231620743,5.0
0,HeavyTimber,5,"Normal, Variable",0.4701412778664369,3.0
0,HeavyTimber,5,"Lognormal, Uniform",0.45238577607170233,2.0
0,HeavyTimber,5,"Lognormal, Variable",0.36872233278885624,1.0
0,HeavyTimber,5,"KDE, Uniform",0.6825463567761769,6.0
0,HeavyTimber,5,"KDE, Variable",0.49388755548408997,4.0
0,Hollow,145,"Normal, Uniform",0.038331450673997805,4.0
0,Hollow,145,"Normal, Variable",0.028554744036183348,2.0
0,Hollow,145,"Lognormal, Uniform",0.057352023183666605,6.0
0,Hollow,145,"Lognormal, Variable",0.02824384271711985,1.0
0,Hollow,145,"KDE, Uniform",0.0518968726551845,5.0
0,Hollow,145,"KDE, Variable",0.030166243864450378,3.0
0,HotRolled,81,"Normal, Uniform",0.5496319888930221,6.0
0,HotRolled,81,"Normal, Variable",0.3318228742601317,5.0
0,HotRolled,81,"Lognormal, Uniform",0.19803222833041928,4.0
0,HotRolled,81,"Lognormal, Variable",0.16917048453191152,2.0
0,HotRolled,81,"KDE, Uniform",0.19608998933909177,3.0
0,HotRolled,81,"KDE, Variable",0.0322717081326727,1.0
0,InsulatedRoofPanels,271,"Normal, Uniform",0.03890283629625796,6.0
0,InsulatedRoofPanels,271,"Normal, Variable",0.02956669381563086,4.0
0,InsulatedRoofPanels,271,"Lognormal, Uniform",0.029352006641741257,3.0
0,InsulatedRoofPanels,271,"Lognormal, Variable",0.019686255007115475,2.0
0,InsulatedRoofPanels,271,"KDE, Uniform",0.031905092965561946,5.0
0,InsulatedRoofPanels,271,"KDE, Variable",0.015346834299186731,1.0
0,InsulatedWallPanels,420,"Normal, Uniform",0.04673657394290685,5.0
0,InsulatedWallPanels,420,"Normal, Variable",0.07074793911463607,6.0
0,InsulatedWallPanels,420,"Lognormal, Uniform",0.02522634015558701,3.0
0,InsulatedWallPanels,420,"Lognormal, Variable",0.026583658461261195,4.0
0,InsulatedWallPanels,420,"KDE, Uniform",0.02166725924406368,2.0
0,InsulatedWallPanels,420,"KDE, Variable",0.01673273508609375,1.0
0,InsulatingGlazingUnits,32,"Normal, Uniform",0.5307606684886299,6.0
0,InsulatingGlazingUnits,32,"Normal, Variable",0.4805929862533467,5.0
0,InsulatingGlazingUnits,32,"Lognormal, Uniform",0.2486213306542442,2.0
0,InsulatingGlazingUnits,32,"Lognormal, Variable",0.2641525035509173,3.0
0,InsulatingGlazingUnits,32,"KDE, Uniform",0.1856481898584985,1.0
0,InsulatingGlazingUnits,32,"KDE, Variable",0.3298328250507551,4.0
0,JointProtection,5,"Normal, Uniform",0.28254423709033566,5.0
0,JointProtection,5,"Normal, Variable",0.22028010632389808,2.0
0,JointProtection,5,"Lognormal, Uniform",0.2827076703170916,6.0
0,JointProtection,5,"Lognormal, Variable",0.2204676746770155,3.0
0,JointProtection,5,"KDE, Uniform",0.2724456834578997,4.0
0,JointProtection,5,"KDE, Variable",0.20204543354999818,1.0
0,Laminate,26,"Normal, Uniform",0.2683511180673656,4.0
0,Laminate,26,"Normal, Variable",0.26725323372775855,3.0
0,Laminate,26,"Lognormal, Uniform",0.27781408931867346,5.0
0,Laminate,26,"Lognormal, Variable",0.28611633421953514,6.0
0,Laminate,26,"KDE, Uniform",0.19916400326830602,1.0
0,Laminate,26,"KDE, Variable",0.24521654242351987,2.0
0,MBQ,40,"Normal, Uniform",0.2660297537512739,6.0
0,MBQ,40,"Normal, Variable",0.2001008103026195,5.0
0,MBQ,40,"Lognormal, Uniform",0.08202588384539249,2.0
0,MBQ,40,"Lognormal, Variable",0.07370950928809579,1.0
0,MBQ,40,"KDE, Uniform",0.10382391733998209,3.0
0,MBQ,40,"KDE, Variable",0.1156676214057969,4.0
0,MasonryCement,26,"Normal, Uniform",0.13693696204300562,5.0
0,MasonryCement,26,"Normal, Variable",0.08483967779839433,2.0
0,MasonryCement,26,"Lognormal, Uniform",0.13639510712240138,4.0
0,MasonryCement,26,"Lognormal, Variable",0.08490419239551844,3.0
0,MasonryCement,26,"KDE, Uniform",0.14246801826651243,6.0
0,MasonryCement,26,"KDE, Variable",0.07348982518891942,1.0
0,MassTimber,66,"Normal, Uniform",0.5608947364660507,6.0
0,MassTimber,66,"Normal, Variable",0.5551455635261313,5.0
0,MassTimber,66,"Lognormal, Uniform",0.26854482933051976,4.0
0,MassTimber,66,"Lognormal, Variable",0.26453651823154456,3.0
0,MassTimber,66,"KDE, Uniform",0.11565922279592483,2.0
0,MassTimber,66,"KDE, Variable",0.07326834334335272,1.0
0,MechanicalInsulation,22,"Normal, Uniform",0.48148235858379296,5.0
0,MechanicalInsulation,22,"Normal, Variable",0.558948935228,6.0
0,MechanicalInsulation,22,"Lognormal, Uniform",0.2294675547726605,1.0
0,MechanicalInsulation,22,"Lognormal, Variable",0.22952041121390376,2.0
0,MechanicalInsulation,22,"KDE, Uniform",0.26323664468398444,3.0
0,MechanicalInsulation,22,"KDE, Variable",0.387730004795477,4.0
0,MetalDoorAndFrames,42,"Normal, Uniform",0.30083035086146814,6.0
0,MetalDoorAndFrames,42,"Normal, Variable",0.26023522006044947,5.0
0,MetalDoorAndFrames,42,"Lognormal, Uniform",0.13957346728576553,4.0
0,MetalDoorAndFrames,42,"Lognormal, Variable",0.12433209544170494,1.0
0,MetalDoorAndFrames,42,"KDE, Uniform",0.13399232361914704,2.0
0,MetalDoorAndFrames,42,"KDE, Variable",0.1392193964459991,3.0
0,MetalRailings,13,"Normal, Uniform",0.26973771372315725,5.0
0,MetalRailings,13,"Normal, Variable",0.2684669345380478,4.0
0,MetalRailings,13,"Lognormal, Uniform",0.2781420090458652,6.0
0,MetalRailings,13,"Lognormal, Variable",0.23149266423247306,1.0
0,MetalRailings,13,"KDE, Uniform",0.24955747964896816,2.0
0,MetalRailings,13,"KDE, Variable",0.2544252114880799,3.0
0,MetalStairs,5,"Normal, Uniform",0.1260773949642909,5.0
0,MetalStairs,5,"Normal, Variable",0.10288365286113992,2.0
0,MetalStairs,5,"Lognormal, Uniform",0.12468893286513007,4.0
0,MetalStairs,5,"Lognormal, Variable",0.08642937279212361,1.0
0,MetalStairs,5,"KDE, Uniform",0.14478971725342193,6.0
0,MetalStairs,5,"KDE, Variable",0.10379523939410076,3.0
0,Mirrors,19,"Normal, Uniform",0.06048313122457941,3.0
0,Mirrors,19,"Normal, Variable",0.06029192344606379,1.0
0,Mirrors,19,"Lognormal, Uniform",0.06049344999876878,4.0
0,Mirrors,19,"Lognormal, Variable",0.06030291569665021,2.0
0,Mirrors,19,"KDE, Uniform",0.06822148967166185,5.0
0,Mirrors,19,"KDE, Variable",0.07104565907118152,6.0
0,MiscMetalFabrication,69,"Normal, Uniform",0.28586065538206595,5.0
0,MiscMetalFabrication,69,"Normal, Variable",0.3917388896825794,6.0
0,MiscMetalFabrication,69,"Lognormal, Uniform",0.27211891669315047,4.0
0,MiscMetalFabrication,69,"Lognormal, Variable",0.20451705010430582,2.0
0,MiscMetalFabrication,69,"KDE, Uniform",0.25938500507641543,3.0
0,MiscMetalFabrication,69,"KDE, Variable",0.06169707572281889,1.0
0,Mortar,248,"Normal, Uniform",0.7989100649105472,6.0
0,Mortar,248,"Normal, Variable",0.6140313071605602,5.0
0,Mortar,248,"Lognormal, Uniform",0.1815844236075228,4.0
0,Mortar,248,"Lognormal, Variable",0.15931024129933766,3.0
0,Mortar,248,"KDE, Uniform",0.12321036692702511,2.0
0,Mortar,248,"KDE, Variable",0.06369672187907303,1.0
0,NetworkingCableTrays,22,"Normal, Uniform",0.09646518077773898,4.0
0,NetworkingCableTrays,22,"Normal, Variable",0.09426411586703543,2.0
0,NetworkingCableTrays,22,"Lognormal, Uniform",0.11186479782638832,6.0
0,NetworkingCableTrays,22,"Lognormal, Variable",0.1010770209587091,5.0
0,NetworkingCableTrays,22,"KDE, Uniform",0.09566200842092418,3.0
0,NetworkingCableTrays,22,"KDE, Variable",0.09199228469931023,1.0
0,NetworkingRaceways,32,"Normal, Uniform",0.638978293519898,5.0
0,NetworkingRaceways,32,"Normal, Variable",0.7554638061299721,6.0
0,NetworkingRaceways,32,"Lognormal, Uniform",0.3459590376409298,2.0
0,NetworkingRaceways,32,"Lognormal, Variable",0.35601534378328065,3.0
0,NetworkingRaceways,32,"KDE, Uniform",0.22061054186404488,1.0
0,NetworkingRaceways,32,"KDE, Variable",0.6010446575293372,4.0
0,NonStructuralWood,57,"Normal, Uniform",0.24350761499984402,6.0
0,NonStructuralWood,57,"Normal, Variable",0.12463096300782428,2.0
0,NonStructuralWood,57,"Lognormal, Uniform",0.15590998694799826,5.0
0,NonStructuralWood,57,"Lognormal, Variable",0.13136473668751664,3.0
0,NonStructuralWood,57,"KDE, Uniform",0.13493360815973288,4.0
0,NonStructuralWood,57,"KDE, Variable",0.07793280229364699,1.0
0,OilPatch,282,"Normal, Uniform",0.5580618267964597,5.0
0,OilPatch,282,"Normal, Variable",0.6727576641453801,6.0
0,OilPatch,282,"Lognormal, Uniform",0.21545788568004406,4.0
0,OilPatch,282,"Lognormal, Variable",0.21398865440139742,3.0
0,OilPatch,282,"KDE, Uniform",0.09229348966075611,2.0
0,OilPatch,282,"KDE, Variable",0.033758532191937037,1.0
0,OpenWebMembranes,17,"Normal, Uniform",0.16489739143091595,5.0
0,OpenWebMembranes,17,"Normal, Variable",0.1853154210955732,6.0
0,OpenWebMembranes,17,"Lognormal, Uniform",0.08567012967916666,2.0
0,OpenWebMembranes,17,"Lognormal, Variable",0.07911745616693923,1.0
0,OpenWebMembranes,17,"KDE, Uniform",0.11611023092056966,3.0
0,OpenWebMembranes,17,"KDE, Variable",0.13045291781151727,4.0
0,Openings,12,"Normal, Uniform",0.28486233610350276,5.0
0,Openings,12,"Normal, Variable",0.24990558776227953,2.0
0,Openings,12,"Lognormal, Uniform",0.28498612295033476,6.0
0,Openings,12,"Lognormal, Variable",0.2500594762742596,3.0
0,Openings,12,"KDE, Uniform",0.22185615531393543,1.0
0,Openings,12,"KDE, Variable",0.26023104778274997,4.0
0,OtherFlooring,217,"Normal, Uniform",0.562409345107884,6.0
0,OtherFlooring,217,"Normal, Variable",0.41410936381268115,5.0
0,OtherFlooring,217,"Lognormal, Uniform",0.20823825661823,3.0
0,OtherFlooring,217,"Lognormal, Variable",0.09059560797995543,1.0
0,OtherFlooring,217,"KDE, Uniform",0.3036023256652395,4.0
0,OtherFlooring,217,"KDE, Variable",0.15056594244221624,2.0
0,PaintingAndCoating,19,"Normal, Uniform",0.6656486163660191,4.0
0,PaintingAndCoating,19,"Normal, Variable",0.9556367596519904,6.0
0,PaintingAndCoating,19,"Lognormal, Uniform",0.5948306693118747,3.0
0,PaintingAndCoating,19,"Lognormal, Variable",0.47984516079744916,2.0
0,PaintingAndCoating,19,"KDE, Uniform",0.41511488010376013,1.0
0,PaintingAndCoating,19,"KDE, Variable",0.7981714483353194,5.0
0,PlateSteel,72,"Normal, Uniform",0.3246959339116441,6.0
0,PlateSteel,72,"Normal, Variable",0.17491002378529397,5.0
0,PlateSteel,72,"Lognormal, Uniform",0.1636000665602169,4.0
0,PlateSteel,72,"Lognormal, Variable",0.12765280693638947,2.0
0,PlateSteel,72,"KDE, Uniform",0.1277309757454569,3.0
0,PlateSteel,72,"KDE, Variable",0.0639797269182747,1.0
0,PostTensioningSteel,35,"Normal, Uniform",0.04570554572247232,6.0
0,PostTensioningSteel,35,"Normal, Variable",0.045479052153439316,5.0
0,PostTensioningSteel,35,"Lognormal, Uniform",0.04474337607096551,4.0
0,PostTensioningSteel,35,"Lognormal, Variable",0.029544570632731505,1.0
0,PostTensioningSteel,35,"KDE, Uniform",0.04024320582413694,3.0
0,PostTensioningSteel,35,"KDE, Variable",0.036630821431413225,2.0
0,PowerCabling,400,"Normal, Uniform",10.689202136673442,6.0
0,PowerCabling,400,"Normal, Variable",6.807475824585447,5.0
0,PowerCabling,400,"Lognormal, Uniform",1.3509862336305962,4.0
0,PowerCabling,400,"Lognormal, Variable",0.9480421561754271,2.0
0,PowerCabling,400,"KDE, Uniform",0.9871337272682499,3.0
0,PowerCabling,400,"KDE, Variable",0.8180376602350636,1.0
0,PrecastConcrete,499,"Normal, Uniform",0.1425989178970899,6.0
0,PrecastConcrete,499,"Normal, Variable",0.132782852813532,5.0
0,PrecastConcrete,499,"Lognormal, Uniform",0.07660656581040054,4.0
0,PrecastConcrete,499,"Lognormal, Variable",0.07437970935288524,3.0
0,PrecastConcrete,499,"KDE, Uniform",0.02375345585434823,2.0
0,PrecastConcrete,499,"KDE, Variable",0.01782428552784711,1.0
0,ProcessedNonInsulatingGlassPanes,130,"Normal, Uniform",0.9777227615448627,5.0
0,ProcessedNonInsulatingGlassPanes,130,"Normal, Variable",1.0773774185696743,6.0
0,ProcessedNonInsulatingGlassPanes,130,"Lognormal, Uniform",0.4009500568177826,4.0
0,ProcessedNonInsulatingGlassPanes,130,"Lognormal, Variable",0.39141669904104465,3.0
0,ProcessedNonInsulatingGlassPanes,130,"KDE, Uniform",0.3411786121698892,2.0
0,ProcessedNonInsulatingGlassPanes,130,"KDE, Variable",0.22071719130388284,1.0
0,ReadyMix [3000-3999 psi],20814,"Normal, Uniform",0.025566958737262377,6.0
0,ReadyMix [3000-3999 psi],20814,"Normal, Variable",0.025259487066264585,5.0
0,ReadyMix [3000-3999 psi],20814,"Lognormal, Uniform",0.004038564108617893,4.0
0,ReadyMix [3000-3999 psi],20814,"Lognormal, Variable",0.0035943853532100093,3.0
0,ReadyMix [3000-3999 psi],20814,"KDE, Uniform",0.002986583365543008,2.0
0,ReadyMix [3000-3999 psi],20814,"KDE, Variable",0.0027434221508656877,1.0
0,ReadyMix [4000-4999 psi],31025,"Normal, Uniform",0.018161605586676448,5.0
0,ReadyMix [4000-4999 psi],31025,"Normal, Variable",0.01861033790413989,6.0
0,ReadyMix [4000-4999 psi],31025,"Lognormal, Uniform",0.003727194605450945,4.0
0,ReadyMix [4000-4999 psi],31025,"Lognormal, Variable",0.003673500717456286,3.0
0,ReadyMix [4000-4999 psi],31025,"KDE, Uniform",0.0019414413804287975,1.0
0,ReadyMix [4000-4999 psi],31025,"KDE, Variable",0.002334925078503559,2.0
0,ReadyMix [5000-5999 psi],14366,"Normal, Uniform",0.011257797435609423,5.0
0,ReadyMix [5000-5999 psi],14366,"Normal, Variable",0.011534790577949542,6.0
0,ReadyMix [5000-5999 psi],14366,"Lognormal, Uniform",0.008306161769136209,3.0
0,ReadyMix [5000-5999 psi],14366,"Lognormal, Variable",0.00831619759044254,4.0
0,ReadyMix [5000-5999 psi],14366,"KDE, Uniform",0.0030406662678591464,2.0
0,ReadyMix [5000-5999 psi],14366,"KDE, Variable",0.002922553250530584,1.0
0,ReadyMix [<3000 psi],3974,"Normal, Uniform",0.018993498453147278,3.0
0,ReadyMix [<3000 psi],3974,"Normal, Variable",0.020598704074464173,4.0
0,ReadyMix [<3000 psi],3974,"Lognormal, Uniform",0.02249082515643663,5.0
0,ReadyMix [<3000 psi],3974,"Lognormal, Variable",0.023313316954830184,6.0
0,ReadyMix [<3000 psi],3974,"KDE, Uniform",0.004289052098291939,1.0
0,ReadyMix [<3000 psi],3974,"KDE, Variable",0.005560324591030548,2.0
0,ReadyMix [>=6000 psi],7887,"Normal, Uniform",0.017321114777901568,5.0
0,ReadyMix [>=6000 psi],7887,"Normal, Variable",0.01768470191822147,6.0
0,ReadyMix [>=6000 psi],7887,"Lognormal, Uniform",0.012659997212339132,4.0
0,ReadyMix [>=6000 psi],7887,"Lognormal, Variable",0.011352167586747376,3.0
0,ReadyMix [>=6000 psi],7887,"KDE, Uniform",0.004560126990321621,2.0
0,ReadyMix [>=6000 psi],7887,"KDE, Variable",0.003986639117157658,1.0
0,ReadyMix [strength not stated],8777,"Normal, Uniform",0.07998836074957122,6.0
0,ReadyMix [strength not stated],8777,"Normal, Variable",0.07736972343683104,5.0
0,ReadyMix [strength not stated],8777,"Lognormal, Uniform",0.014299720619273733,3.0
0,ReadyMix [strength not stated],8777,"Lognormal, Variable",0.014800482067416304,4.0
0,ReadyMix [strength not stated],8777,"KDE, Uniform",0.009706924060565652,2.0
0,ReadyMix [strength not stated],8777,"KDE, Variable",0.006906584590077687,1.0
0,RebarSteel,204,"Normal, Uniform",0.32066252897965963,6.0
0,RebarSteel,204,"Normal, Variable",0.23760656286768256,5.0
0,RebarSteel,204,"Lognormal, Uniform",0.09097481229498833,3.0
0,RebarSteel,204,"Lognormal, Variable",0.08862939199384891,2.0
0,RebarSteel,204,"KDE, Uniform",0.10946665719483073,4.0
0,RebarSteel,204,"KDE, Variable",0.04809659736140871,1.0
0,ResilientFlooring,468,"Normal, Uniform",0.5524637131428727,5.0
0,ResilientFlooring,468,"Normal, Variable",0.5862129523975972,6.0
0,ResilientFlooring,468,"Lognormal, Uniform",0.2251682169637085,3.0
0,ResilientFlooring,468,"Lognormal, Variable",0.23362435656242042,4.0
0,ResilientFlooring,468,"KDE, Uniform",0.04508411996635116,2.0
0,ResilientFlooring,468,"KDE, Variable",0.02690975224919898,1.0
0,RoofCoverBoards,20,"Normal, Uniform",0.06636799683843381,4.0
0,RoofCoverBoards,20,"Normal, Variable",0.04639767627193603,2.0
0,RoofCoverBoards,20,"Lognormal, Uniform",0.06642279899134186,5.0
0,RoofCoverBoards,20,"Lognormal, Variable",0.04647185401858971,3.0
0,RoofCoverBoards,20,"KDE, Uniform",0.07671989345128946,6.0
0,RoofCoverBoards,20,"KDE, Variable",0.03568566266225526,1.0
0,RoofPanels,61,"Normal, Uniform",0.338660784167278,6.0
0,RoofPanels,61,"Normal, Variable",0.17747826122076976,3.0
0,RoofPanels,61,"Lognormal, Uniform",0.20808266046055107,4.0
0,RoofPanels,61,"Lognormal, Variable",0.1462440440922611,2.0
0,RoofPanels,61,"KDE, Uniform",0.27078795842124553,5.0
0,RoofPanels,61,"KDE, Variable",0.11465342099911931,1.0
0,SheathingPanels,71,"Normal, Uniform",0.3895949534810068,5.0
0,SheathingPanels,71,"Normal, Variable",0.41482918645315986,6.0
0,SheathingPanels,71,"Lognormal, Uniform",0.329830491846106,4.0
0,SheathingPanels,71,"Lognormal, Variable",0.2546220145990763,3.0
0,SheathingPanels,71,"KDE, Uniform",0.2008898162328894,1.0
0,SheathingPanels,71,"KDE, Variable",0.22231094273598037,2.0
0,Shotcrete [3000-3999 psi],183,"Normal, Uniform",0.03555008980295622,6.0
0,Shotcrete [3000-3999 psi],183,"Normal, Variable",0.031013828998532625,5.0
0,Shotcrete [3000-3999 psi],183,"Lognormal, Uniform",0.02598002974746191,3.0
0,Shotcrete [3000-3999 psi],183,"Lognormal, Variable",0.01973416364908851,2.0
0,Shotcrete [3000-3999 psi],183,"KDE, Uniform",0.02620863849369509,4.0
0,Shotcrete [3000-3999 psi],183,"KDE, Variable",0.016948609369952468,1.0
0,Shotcrete [4000-4999 psi],651,"Normal, Uniform",0.013570343207281396,6.0
0,Shotcrete [4000-4999 psi],651,"Normal, Variable",0.012438114491605225,5.0
0,Shotcrete [4000-4999 psi],651,"Lognormal, Uniform",0.009400655989895292,3.0
0,Shotcrete [4000-4999 psi],651,"Lognormal, Variable",0.008075563062515756,2.0
0,Shotcrete [4000-4999 psi],651,"KDE, Uniform",0.009571227741144925,4.0
0,Shotcrete [4000-4999 psi],651,"KDE, Variable",0.007129697470798554,1.0
0,Shotcrete [5000-5999 psi],471,"Normal, Uniform",0.0276132840379942,5.0
0,Shotcrete [5000-5999 psi],471,"Normal, Variable",0.02799325688208992,6.0
0,Shotcrete [5000-5999 psi],471,"Lognormal, Uniform",0.02667606606556421,3.0
0,Shotcrete [5000-5999 psi],471,"Lognormal, Variable",0.02679272026348283,4.0
0,Shotcrete [5000-5999 psi],471,"KDE, Uniform",0.017267075931427865,2.0
0,Shotcrete [5000-5999 psi],471,"KDE, Variable",0.010703845793011393,1.0
0,Shotcrete [<3000 psi],4,"Normal, Uniform",0.11657202602688176,3.0
0,Shotcrete [<3000 psi],4,"Normal, Variable",0.11559633157472327,2.0
0,Shotcrete [<3000 psi],4,"Lognormal, Uniform",0.11939451652671196,4.0
0,Shotcrete [<3000 psi],4,"Lognormal, Variable",0.15456118576996333,6.0
0,Shotcrete [<3000 psi],4,"KDE, Uniform",0.1078628511894083,1.0
0,Shotcrete [<3000 psi],4,"KDE, Variable",0.12128480248539891,5.0
0,Shotcrete [>=6000 psi],264,"Normal, Uniform",0.04048921821220127,6.0
0,Shotcrete [>=6000 psi],264,"Normal, Variable",0.034665152585135264,5.0
0,Shotcrete [>=6000 psi],264,"Lognormal, Uniform",0.022319156975954192,3.0
0,Shotcrete [>=6000 psi],264,"Lognormal, Variable",0.013900860707113643,2.0
0,Shotcrete [>=6000 psi],264,"KDE, Uniform",0.02636605526319326,4.0
0,Shotcrete [>=6000 psi],264,"KDE, Variable",0.012923522905631417,1.0
0,Shotcrete [strength not stated],96,"Normal, Uniform",0.1047670898886636,6.0
0,Shotcrete [strength not stated],96,"Normal, Variable",0.0796481437618943,5.0
0,Shotcrete [strength not stated],96,"Lognormal, Uniform",0.06381757160500316,4.0
0,Shotcrete [strength not stated],96,"Lognormal, Variable",0.03844254396738829,2.0
0,Shotcrete [strength not stated],96,"KDE, Uniform",0.0531078543561444,3.0
0,Shotcrete [strength not stated],96,"KDE, Variable",0.0174502780389893,1.0
0,SinglePlyEPDM,29,"Normal, Uniform",0.15030888384215163,6.0
0,SinglePlyEPDM,29,"Normal, Variable",0.14986990388318094,5.0
0,SinglePlyEPDM,29,"Lognormal, Uniform",0.13803114971689306,4.0
0,SinglePlyEPDM,29,"Lognormal, Variable",0.0783947531341666,1.0
0,SinglePlyEPDM,29,"KDE, Uniform",0.1356549680148513,3.0
0,SinglePlyEPDM,29,"KDE, Variable",0.111663694390455,2.0
0,SinglePlyKEE,11,"Normal, Uniform",0.07587075916292058,4.0
0,SinglePlyKEE,11,"Normal, Variable",0.05293463386169181,1.0
0,SinglePlyKEE,11,"Lognormal, Uniform",0.08750641970845945,5.0
0,SinglePlyKEE,11,"Lognormal, Variable",0.05297875896080165,2.0
0,SinglePlyKEE,11,"KDE, Uniform",0.09614374830109998,6.0
0,SinglePlyKEE,11,"KDE, Variable",0.05827377021912235,3.0
0,SinglePlyPVC,74,"Normal, Uniform",0.24781392223691956,5.0
0,SinglePlyPVC,74,"Normal, Variable",0.3149898701780317,6.0
0,SinglePlyPVC,74,"Lognormal, Uniform",0.13411181610223433,3.0
0,SinglePlyPVC,74,"Lognormal, Variable",0.15115586554469038,4.0
0,SinglePlyPVC,74,"KDE, Uniform",0.08003287292021283,2.0
0,SinglePlyPVC,74,"KDE, Variable",0.0307113152115287,1.0
0,SinglePlyPolyurethane,27,"Normal, Uniform",1.0082211907944012,5.0
0,SinglePlyPolyurethane,27,"Normal, Variable",1.0717018224911992,6.0
0,SinglePlyPolyurethane,27,"Lognormal, Uniform",0.4496004567467543,2.0
0,SinglePlyPolyurethane,27,"Lognormal, Variable",0.433953988555138,1.0
0,SinglePlyPolyurethane,27,"KDE, Uniform",0.7397790138501081,3.0
0,SinglePlyPolyurethane,27,"KDE, Variable",0.8080387075916673,4.0
0,SinglePlyTPO,62,"Normal, Uniform",0.06870606695692996,6.0
0,SinglePlyTPO,62,"Normal, Variable",0.06647312320277693,5.0
0,SinglePlyTPO,62,"Lognormal, Uniform",0.0541451024174599,4.0
0,SinglePlyTPO,62,"Lognormal, Variable",0.04506353823191933,3.0
0,SinglePlyTPO,62,"KDE, Uniform",0.04505760353892059,2.0
0,SinglePlyTPO,62,"KDE, Variable",0.03314445678192049,1.0
0,SprayedInsulation,11,"Normal, Uniform",0.5992149941252207,4.0
0,SprayedInsulation,11,"Normal, Variable",0.6762107422753354,6.0
0,SprayedInsulation,11,"Lognormal, Uniform",0.5690300402063966,3.0
0,SprayedInsulation,11,"Lognormal, Variable",0.5134474362054783,2.0
0,SprayedInsulation,11,"KDE, Uniform",0.46370998335768443,1.0
0,SprayedInsulation,11,"KDE, Variable",0.6061283988759214,5.0
0,SteelSuspensionAssembly,98,"Normal, Uniform",0.03972837315407521,6.0
0,SteelSuspensionAssembly,98,"Normal, Variable",0.038655162955143,5.0
0,SteelSuspensionAssembly,98,"Lognormal, Uniform",0.016546995641085718,2.0
0,SteelSuspensionAssembly,98,"Lognormal, Variable",0.01598173847303241,1.0
0,SteelSuspensionAssembly,98,"KDE, Uniform",0.018756698331332575,4.0
0,SteelSuspensionAssembly,98,"KDE, Variable",0.018525023924580875,3.0
0,StoneCladding,19,"Normal, Uniform",0.44350396389146096,6.0
0,StoneCladding,19,"Normal, Variable",0.42536740024609954,5.0
0,StoneCladding,19,"Lognormal, Uniform",0.29625418333793074,2.0
0,StoneCladding,19,"Lognormal, Variable",0.2840183155381147,1.0
0,StoneCladding,19,"KDE, Uniform",0.38108562669524576,4.0
0,StoneCladding,19,"KDE, Variable",0.37738262821750307,3.0
0,StorageFurniture,15,"Normal, Uniform",0.25477960717704784,6.0
0,StorageFurniture,15,"Normal, Variable",0.11770948058502956,3.0
0,StorageFurniture,15,"Lognormal, Uniform",0.19808503847679992,4.0
0,StorageFurniture,15,"Lognormal, Variable",0.09037547254756668,1.0
0,StorageFurniture,15,"KDE, Uniform",0.2318585736789991,5.0
0,StorageFurniture,15,"KDE, Variable",0.10506898824374364,2.0
0,SupplementaryCementitiousMaterials,28,"Normal, Uniform",0.24440915359607324,5.0
0,SupplementaryCementitiousMaterials,28,"Normal, Variable",0.2728152382267247,6.0
0,SupplementaryCementitiousMaterials,28,"Lognormal, Uniform",0.18148030841573326,3.0
0,SupplementaryCementitiousMaterials,28,"Lognormal, Variable",0.16016985102687464,1.0
0,SupplementaryCementitiousMaterials,28,"KDE, Uniform",0.16317749946242985,2.0
0,SupplementaryCementitiousMaterials,28,"KDE, Variable",0.20366391103988585,4.0
0,Tables,161,"Normal, Uniform",0.7869345227711286,6.0
0,Tables,161,"Normal, Variable",0.5737928712578286,5.0
0,Tables,161,"Lognormal, Uniform",0.3329739449580374,3.0
0,Tables,161,"Lognormal, Variable",0.24984586293734817,1.0
0,Tables,161,"KDE, Uniform",0.4698098333333195,4.0
0,Tables,161,"KDE, Variable",0.3255723076475938,2.0
0,TileGrout,43,"Normal, Uniform",0.7585471427659024,6.0
0,TileGrout,43,"Normal, Variable",0.24290189023241412,4.0
0,TileGrout,43,"Lognormal, Uniform",0.13409248447123776,3.0
0,TileGrout,43,"Lognormal, Variable",0.10076230569502774,1.0
0,TileGrout,43,"KDE, Uniform",0.24400037899856317,5.0
0,TileGrout,43,"KDE, Variable",0.13142444829477118,2.0
0,Timber,17,"Normal, Uniform",0.21252633869039028,4.0
0,Timber,17,"Normal, Variable",0.21064118441543805,3.0
0,Timber,17,"Lognormal, Uniform",0.35463955744296993,6.0
0,Timber,17,"Lognormal, Variable",0.2516415223913329,5.0
0,Timber,17,"KDE, Uniform",0.15170500992305758,1.0
0,Timber,17,"KDE, Variable",0.19695901255421766,2.0
0,TranslucentWallAndRoofAssemblies,46,"Normal, Uniform",0.5467084511951285,5.0
0,TranslucentWallAndRoofAssemblies,46,"Normal, Variable",0.5879225262584776,6.0
0,TranslucentWallAndRoofAssemblies,46,"Lognormal, Uniform",0.3038227730420007,2.0
0,TranslucentWallAndRoofAssemblies,46,"Lognormal, Variable",0.31584903256792707,3.0
0,TranslucentWallAndRoofAssemblies,46,"KDE, Uniform",0.22273828243693855,1.0
0,TranslucentWallAndRoofAssemblies,46,"KDE, Variable",0.4190203782650907,4.0
0,UnitSkylights,17,"Normal, Uniform",0.30052842423294024,5.0
0,UnitSkylights,17,"Normal, Variable",0.13143044054820424,3.0
0,UnitSkylights,17,"Lognormal, Uniform",0.2536975148777246,4.0
0,UnitSkylights,17,"Lognormal, Variable",0.07694802124147021,1.0
0,UnitSkylights,17,"KDE, Uniform",0.33453640877716617,6.0
0,UnitSkylights,17,"KDE, Variable",0.10811116499322462,2.0
0,VinylSiding,11,"Normal, Uniform",0.8237524535943943,4.0
0,VinylSiding,11,"Normal, Variable",0.868572948543954,5.0
0,VinylSiding,11,"Lognormal, Uniform",0.7746156970162218,3.0
0,VinylSiding,11,"Lognormal, Variable",0.7101039522155691,2.0
0,VinylSiding,11,"KDE, Uniform",0.5752366534516555,1.0
0,VinylSiding,11,"KDE, Variable",0.9551642282815969,6.0
0,WallBase,14,"Normal, Uniform",0.1987900302320282,6.0
0,WallBase,14,"Normal, Variable",0.11520488083315106,3.0
0,WallBase,14,"Lognormal, Uniform",0.17627765362201528,4.0
0,WallBase,14,"Lognormal, Variable",0.07305953496504121,1.0
0,WallBase,14,"KDE, Uniform",0.19540552899344987,5.0
0,WallBase,14,"KDE, Variable",0.10580424104096467,2.0
0,WallFinishes,173,"Normal, Uniform",1.9384907979146453,5.0
0,WallFinishes,173,"Normal, Variable",3.1643124444333077,6.0
0,WallFinishes,173,"Lognormal, Uniform",0.8932361615260309,3.0
0,WallFinishes,173,"Lognormal, Variable",1.0430214310260046,4.0
0,WallFinishes,173,"KDE, Uniform",0.48176763904357084,2.0
0,WallFinishes,173,"KDE, Variable",0.29767985797827357,1.0
0,WallPanels,163,"Normal, Uniform",0.3974466353250823,5.0
0,WallPanels,163,"Normal, Variable",0.4717577438600151,6.0
0,WallPanels,163,"Lognormal, Uniform",0.10375855161245004,3.0
0,WallPanels,163,"Lognormal, Variable",0.1072533255197766,4.0
0,WallPanels,163,"KDE, Uniform",0.05069885405229868,1.0
0,WallPanels,163,"KDE, Variable",0.06622807263911037,2.0
0,WeatherBarriers,59,"Normal, Uniform",0.7401212690458087,5.0
0,WeatherBarriers,59,"Normal, Variable",0.9080639665982723,6.0
0,WeatherBarriers,59,"Lognormal, Uniform",0.4084460486195849,4.0
0,WeatherBarriers,59,"Lognormal, Variable",0.35413507856661885,3.0
0,WeatherBarriers,59,"KDE, Uniform",0.28794424406064095,2.0
0,WeatherBarriers,59,"KDE, Variable",0.1350016151507395,1.0
0,WindTurbines,3,"Normal, Uniform",0.3928813652784372,4.0
0,WindTurbines,3,"Normal, Variable",0.19369388612033742,1.0
0,WindTurbines,3,"Lognormal, Uniform",0.539883425279468,6.0
0,WindTurbines,3,"Lognormal, Variable",0.19383786542309595,2.0
0,WindTurbines,3,"KDE, Uniform",0.44028047709201734,5.0
0,WindTurbines,3,"KDE, Variable",0.2078996277590948,3.0
0,Windows,358,"Normal, Uniform",0.38874577726720216,6.0
0,Windows,358,"Normal, Variable",0.2775868815193637,5.0
0,Windows,358,"Lognormal, Uniform",0.1297294859812131,4.0
0,Windows,358,"Lognormal, Variable",0.10739412277919477,3.0
0,Windows,358,"KDE, Uniform",0.10389868339321966,2.0
0,Windows,358,"KDE, Variable",0.032054582034591064,1.0
0,WireMeshSteel,53,"Normal, Uniform",0.527033680448352,6.0
0,WireMeshSteel,53,"Normal, Variable",0.5044595186291128,5.0
0,WireMeshSteel,53,"Lognormal, Uniform",0.24120871652554662,3.0
0,WireMeshSteel,53,"Lognormal, Variable",0.15364090989006648,1.0
0,WireMeshSteel,53,"KDE, Uniform",0.1905684329849601,2.0
0,WireMeshSteel,53,"KDE, Variable",0.30182837234124466,4.0
0,WoodDoors,32,"Normal, Uniform",0.29806868615968185,5.0
0,WoodDoors,32,"Normal, Variable",0.3114058510124683,6.0
0,WoodDoors,32,"Lognormal, Uniform",0.19796397259669404,2.0
0,WoodDoors,32,"Lognormal, Variable",0.20774661319162033,3.0
0,WoodDoors,32,"KDE, Uniform",0.12436886807992127,1.0
0,WoodDoors,32,"KDE, Variable",0.2124162416868427,4.0
0,WoodFlooring,86,"Normal, Uniform",0.20062000114983636,6.0
0,WoodFlooring,86,"Normal, Variable",0.16400042251372637,5.0
0,WoodFlooring,86,"Lognormal, Uniform",0.13650296473658122,3.0
0,WoodFlooring,86,"Lognormal, Variable",0.10562419137331187,2.0
0,WoodFlooring,86,"KDE, Uniform",0.1409489340991017,4.0
0,WoodFlooring,86,"KDE, Variable",0.08562447163620676,1.0
0,WoodFraming,7,"Normal, Uniform",0.29539949893139544,5.0
0,WoodFraming,7,"Normal, Variable",0.1169123218922398,2.0
0,WoodFraming,7,"Lognormal, Uniform",0.25104054623947425,4.0
0,WoodFraming,7,"Lognormal, Variable",0.10167444457524662,1.0
0,WoodFraming,7,"KDE, Uniform",0.32606135834767497,6.0
0,WoodFraming,7,"KDE, Variable",0.122184510958898,3.0
0,WoodJoists,5,"Normal, Uniform",0.38770492040715365,5.0
0,WoodJoists,5,"Normal, Variable",0.18226039674858685,3.0
0,WoodJoists,5,"Lognormal, Uniform",0.27420635428374457,4.0
0,WoodJoists,5,"Lognormal, Variable",0.08956908653285627,1.0
0,WoodJoists,5,"KDE, Uniform",0.4376795694566681,6.0
0,WoodJoists,5,"KDE, Variable",0.17560325534295426,2.0
0,WorkSurfaces,12,"Normal, Uniform",0.2404983741596301,6.0
0,WorkSurfaces,12,"Normal, Variable",0.12117976211516687,3.0
0,WorkSurfaces,12,"Lognormal, Uniform",0.19667574404259408,4.0
0,WorkSurfaces,12,"Lognormal, Variable",0.10708873466212405,1.0
0,WorkSurfaces,12,"KDE, Uniform",0.22246481796506531,5.0
0,WorkSurfaces,12,"KDE, Variable",0.11975184162559947,2.0
1,AccessFlooring,53,"Normal, Uniform",0.16670522194594503,5.0
1,AccessFlooring,53,"Normal, Variable",0.20156183875365033,6.0
1,AccessFlooring,53,"Lognormal, Uniform",0.1467132435492261,4.0
1,AccessFlooring,53,"Lognormal, Variable",0.11905122552452398,2.0
1,AccessFlooring,53,"KDE, Uniform",0.08487665805617377,1.0
1,AccessFlooring,53,"KDE, Variable",0.12251072959764586,3.0
1,AccessFlooringPedestals,13,"Normal, Uniform",0.22568344897741363,5.0
1,AccessFlooringPedestals,13,"Normal, Variable",0.13472001613352863,2.0
1,AccessFlooringPedestals,13,"Lognormal, Uniform",0.20295379872795638,4.0
1,AccessFlooringPedestals,13,"Lognormal, Variable",0.1316843718945418,1.0
1,AccessFlooringPedestals,13,"KDE, Uniform",0.2522927932040754,6.0
1,AccessFlooringPedestals,13,"KDE, Variable",0.16688457765647513,3.0
1,AcousticalCeilings,412,"Normal, Uniform",1.0175366436881248,5.0
1,AcousticalCeilings,412,"Normal, Variable",1.0512208306368422,6.0
1,AcousticalCeilings,412,"Lognormal, Uniform",0.33804943878055693,3.0
1,AcousticalCeilings,412,"Lognormal, Variable",0.3421962881036365,4.0
1,AcousticalCeilings,412,"KDE, Uniform",0.1393022528489955,2.0
1,AcousticalCeilings,412,"KDE, Variable",0.060371235049646046,1.0
1,Aggregates,384,"Normal, Uniform",5.086971405048908,6.0
1,Aggregates,384,"Normal, Variable",3.047634088466123,5.0
1,Aggregates,384,"Lognormal, Uniform",0.8946762305881479,3.0
1,Aggregates,384,"Lognormal, Variable",0.7124012120357133,1.0
1,Aggregates,384,"KDE, Uniform",1.212999874346761,4.0
1,Aggregates,384,"KDE, Variable",0.7406455043573461,2.0
1,AluminiumBillets,120,"Normal, Uniform",0.3431190490914317,6.0
1,AluminiumBillets,120,"Normal, Variable",0.22742827501271407,5.0
1,AluminiumBillets,120,"Lognormal, Uniform",0.14045460817298613,3.0
1,AluminiumBillets,120,"Lognormal, Variable",0.10022944092228893,2.0
1,AluminiumBillets,120,"KDE, Uniform",0.19090535132810846,4.0
1,AluminiumBillets,120,"KDE, Variable",0.09760073421855288,1.0
1,AluminiumExtrusions,36,"Normal, Uniform",0.27612103123716103,3.0
1,AluminiumExtrusions,36,"Normal, Variable",0.4246296572747,6.0
1,AluminiumExtrusions,36,"Lognormal, Uniform",0.34055155638662266,5.0
1,AluminiumExtrusions,36,"Lognormal, Variable",0.2033656066290926,1.0
1,AluminiumExtrusions,36,"KDE, Uniform",0.3007375784479753,4.0
1,AluminiumExtrusions,36,"KDE, Variable",0.2589912070641394,2.0
1,AluminiumSheetGoods,26,"Normal, Uniform",0.3079989899061344,5.0
1,AluminiumSheetGoods,26,"Normal, Variable",0.31454846410572246,6.0
1,AluminiumSheetGoods,26,"Lognormal, Uniform",0.20846498577018785,2.0
1,AluminiumSheetGoods,26,"Lognormal, Variable",0.20696467806161414,1.0
1,AluminiumSheetGoods,26,"KDE, Uniform",0.21500812859349933,3.0
1,AluminiumSheetGoods,26,"KDE, Variable",0.2574639629890905,4.0
1,AluminiumSiding,3,"Normal, Uniform",0.4829657894774727,4.0
1,AluminiumSiding,3,"Normal, Variable",0.31061074424987417,1.0
1,AluminiumSiding,3,"Lognormal, Uniform",0.4831975759706026,5.0
1,AluminiumSiding,3,"Lognormal, Variable",0.31091463290386684,2.0
1,AluminiumSiding,3,"KDE, Uniform",0.48879094010472596,6.0
1,AluminiumSiding,3,"KDE, Variable",0.3144330568980846,3.0
1,AluminiumSuspensionAssembly,22,"Normal, Uniform",0.719880449101239,5.0
1,AluminiumSuspensionAssembly,22,"Normal, Variable",0.40721095581832956,3.0
1,AluminiumSuspensionAssembly,22,"Lognormal, Uniform",0.41387474767420745,4.0
1,AluminiumSuspensionAssembly,22,"Lognormal, Variable",0.21286986820749187,1.0
1,AluminiumSuspensionAssembly,22,"KDE, Uniform",0.7270180913735951,6.0
1,AluminiumSuspensionAssembly,22,"KDE, Variable",0.3770788366306975,2.0
1,Asphalt,7232,"Normal, Uniform",0.055642134045185955,6.0
1,Asphalt,7232,"Normal, Variable",0.0555084483469664,5.0
1,Asphalt,7232,"Lognormal, Uniform",0.03302501509561253,3.0
1,Asphalt,7232,"Lognormal, Variable",0.033314396899514806,4.0
1,Asphalt,7232,"KDE, Uniform",0.004387945952058669,2.0
1,Asphalt,7232,"KDE, Variable",0.0031434585405160703,1.0
1,BackingAndUnderlay,45,"Normal, Uniform",0.6053650963371222,5.0
1,BackingAndUnderlay,45,"Normal, Variable",0.6671013047354517,6.0
1,BackingAndUnderlay,45,"Lognormal, Uniform",0.2968627022833374,2.0
1,BackingAndUnderlay,45,"Lognormal, Variable",0.3052086769800824,3.0
1,BackingAndUnderlay,45,"KDE, Uniform",0.2530025939987399,1.0
1,BackingAndUnderlay,45,"KDE, Variable",0.5331176969498586,4.0
1,BituminousRoofing,66,"Normal, Uniform",0.44125890442384064,5.0
1,BituminousRoofing,66,"Normal, Variable",0.5377772487632569,6.0
1,BituminousRoofing,66,"Lognormal, Uniform",0.17984575357881746,3.0
1,BituminousRoofing,66,"Lognormal, Variable",0.17726425855905642,2.0
1,BituminousRoofing,66,"KDE, Uniform",0.18177928077246153,4.0
1,BituminousRoofing,66,"KDE, Variable",0.11598335387590182,1.0
1,BlanketFacing,28,"Normal, Uniform",0.22307107243028063,6.0
1,BlanketFacing,28,"Normal, Variable",0.11137729784966219,2.0
1,BlanketFacing,28,"Lognormal, Uniform",0.18616061542538484,4.0
1,BlanketFacing,28,"Lognormal, Variable",0.11450886559260506,3.0
1,BlanketFacing,28,"KDE, Uniform",0.21225057494783922,5.0
1,BlanketFacing,28,"KDE, Variable",0.08953896304172806,1.0
1,BlanketInsulation [mineral wool],184,"Normal, Uniform",0.5622810897367828,5.0
1,BlanketInsulation [mineral wool],184,"Normal, Variable",0.5824465804633467,6.0
1,BlanketInsulation [mineral wool],184,"Lognormal, Uniform",0.1991172395053613,3.0
1,BlanketInsulation [mineral wool],184,"Lognormal, Variable",0.2020468478100368,4.0
1,BlanketInsulation [mineral wool],184,"KDE, Uniform",0.05586155662071339,2.0
1,BlanketInsulation [mineral wool],184,"KDE, Variable",0.05228807930156848,1.0
1,BlanketInsulation [other],3,"Normal, Uniform",0.4236946493151997,2.0
1,BlanketInsulation [other],3,"Normal, Variable",0.4357612099696953,3.0
1,BlanketInsulation [other],3,"Lognormal, Uniform",0.5924299202598233,5.0
1,BlanketInsulation [other],3,"Lognormal, Variable",0.6260793465596356,6.0
1,BlanketInsulation [other],3,"KDE, Uniform",0.42046822591612754,1.0
1,BlanketInsulation [other],3,"KDE, Variable",0.5110215019279332,4.0
1,BlanketInsulation [type not stated],129,"Normal, Uniform",0.6086379849675108,6.0
1,BlanketInsulation [type not stated],129,"Normal, Variable",0.3667182536760992,5.0
1,BlanketInsulation [type not stated],129,"Lognormal, Uniform",0.14893000150249572,3.0
1,BlanketInsulation [type not stated],129,"Lognormal, Variable",0.11630282468903276,2.0
1,BlanketInsulation [type not stated],129,"KDE, Uniform",0.1913452140189863,4.0
1,BlanketInsulation [type not stated],129,"KDE, Variable",0.04431677366069406,1.0
1,BlownInsulation [cellulose],3,"Normal, Uniform",0.7637345969856875,5.0
1,BlownInsulation [cellulose],3,"Normal, Variable",0.6247274911692646,3.0
1,BlownInsulation [cellulose],3,"Lognormal, Uniform",0.5273608629834665,2.0
1,BlownInsulation [cellulose],3,"Lognormal, Variable",0.4147734888408853,1.0
1,BlownInsulation [cellulose],3,"KDE, Uniform",0.9827975413315883,6.0
1,BlownInsulation [cellulose],3,"KDE, Variable",0.7137307518251278,4.0
1,BlownInsulation [type not stated],16,"Normal, Uniform",0.26817754062300503,6.0
1,BlownInsulation [type not stated],16,"Normal, Variable",0.21048472267627652,4.0
1,BlownInsulation [type not stated],16,"Lognormal, Uniform",0.16325479890598482,3.0
1,BlownInsulation [type not stated],16,"Lognormal, Variable",0.10860335342223366,1.0
1,BlownInsulation [type not stated],16,"KDE, Uniform",0.2517787802725985,5.0
1,BlownInsulation [type not stated],16,"KDE, Variable",0.1423022895982548,2.0
1,BoardInsulation [EPS],47,"Normal, Uniform",1.069644918122958,6.0
1,BoardInsulation [EPS],47,"Normal, Variable",1.0525254997140832,5.0
1,BoardInsulation [EPS],47,"Lognormal, Uniform",0.40255181050970457,3.0
1,BoardInsulation [EPS],47,"Lognormal, Variable",0.30084564480248654,1.0
1,BoardInsulation [EPS],47,"KDE, Uniform",0.321099195631017,2.0
1,BoardInsulation [EPS],47,"KDE, Variable",0.5791641126803739,4.0
1,BoardInsulation [PIR or PUR],50,"Normal, Uniform",0.8259254222324448,5.0
1,BoardInsulation [PIR or PUR],50,"Normal, Variable",0.9409788491408682,6.0
1,BoardInsulation [PIR or PUR],50,"Lognormal, Uniform",0.3759295195475412,2.0
1,BoardInsulation [PIR or PUR],50,"Lognormal, Variable",0.382390740041173,3.0
1,BoardInsulation [PIR or PUR],50,"KDE, Uniform",0.173422213007841,1.0
1,BoardInsulation [PIR or PUR],50,"KDE, Variable",0.5889483142883378,4.0
1,BoardInsulation [XPS],19,"Normal, Uniform",0.7890362577439157,6.0
1,BoardInsulation [XPS],19,"Normal, Variable",0.5743631888301419,4.0
1,BoardInsulation [XPS],19,"Lognormal, Uniform",0.2892401858467416,2.0
1,BoardInsulation [XPS],19,"Lognormal, Variable",0.19460898532491985,1.0
1,BoardInsulation [XPS],19,"KDE, Uniform",0.6221591951088021,5.0
1,BoardInsulation [XPS],19,"KDE, Variable",0.45177267278825933,3.0
1,BoardInsulation [mineral wool],77,"Normal, Uniform",0.1890550567291548,6.0
1,BoardInsulation [mineral wool],77,"Normal, Variable",0.18139724636802143,5.0
1,BoardInsulation [mineral wool],77,"Lognormal, Uniform",0.06833274837617495,4.0
1,BoardInsulation [mineral wool],77,"Lognormal, Variable",0.0679752229826108,3.0
1,BoardInsulation [mineral wool],77,"KDE, Uniform",0.06560988484697539,2.0
1,BoardInsulation [mineral wool],77,"KDE, Variable",0.05632676255639602,1.0
1,BoardInsulation [other],7,"Normal, Uniform",0.3386317405953461,5.0
1,BoardInsulation [other],7,"Normal, Variable",0.21960722665826565,3.0
1,BoardInsulation [other],7,"Lognormal, Uniform",0.25397084560139666,4.0
1,BoardInsulation [other],7,"Lognormal, Variable",0.17381243789550063,1.0
1,BoardInsulation [other],7,"KDE, Uniform",0.3784307449731915,6.0
1,BoardInsulation [other],7,"KDE, Variable",0.1974901841531208,2.0
1,BoardInsulation [type not stated],131,"Normal, Uniform",0.28666120392950023,5.0
1,BoardInsulation [type not stated],131,"Normal, Variable",0.2912953124518483,6.0
1,BoardInsulation [type not stated],131,"Lognormal, Uniform",0.1377332176541259,4.0
1,BoardInsulation [type not stated],131,"Lognormal, Variable",0.13030205859467298,3.0
1,BoardInsulation [type not stated],131,"KDE, Uniform",0.08920737500928654,1.0
1,BoardInsulation [type not stated],131,"KDE, Variable",0.11504249245403964,2.0
1,Brick,215,"Normal, Uniform",0.8188805047560246,5.0
1,Brick,215,"Normal, Variable",0.926500721699331,6.0
1,Brick,215,"Lognormal, Uniform",0.29539409234265684,3.0
1,Brick,215,"Lognormal, Variable",0.3003377457317289,4.0
1,Brick,215,"KDE, Uniform",0.0890977368325761,2.0
1,Brick,215,"KDE, Variable",0.039962331129337086,1.0
1,CMU [3000-3999 psi],137,"Normal, Uniform",0.048122500073903465,6.0
1,CMU [3000-3999 psi],137,"Normal, Variable",0.04467604653666239,5.0
1,CMU [3000-3999 psi],137,"Lognormal, Uniform",0.03459547047966686,4.0
1,CMU [3000-3999 psi],137,"Lognormal, Variable",0.03243199710906028,2.0
1,CMU [3000-3999 psi],137,"KDE, Uniform",0.0337785175616974,3.0
1,CMU [3000-3999 psi],137,"KDE, Variable",0.02324571844574275,1.0
1,CMU [4000-4999 psi],18,"Normal, Uniform",0.11557485983423266,6.0
1,CMU [4000-4999 psi],18,"Normal, Variable",0.09756490195199095,4.0
1,CMU [4000-4999 psi],18,"Lognormal, Uniform",0.08612053065644999,3.0
1,CMU [4000-4999 psi],18,"Lognormal, Variable",0.05997059436367433,1.0
1,CMU [4000-4999 psi],18,"KDE, Uniform",0.10126698052185398,5.0
1,CMU [4000-4999 psi],18,"KDE, Variable",0.07769491514073534,2.0
1,CMU [5000-5999 psi],8,"Normal, Uniform",0.04827415809604392,6.0
1,CMU [5000-5999 psi],8,"Normal, Variable",0.031506659948724716,1.0
1,CMU [5000-5999 psi],8,"Lognormal, Uniform",0.041680562981842535,4.0
1,CMU [5000-5999 psi],8,"Lognormal, Variable",0.035322867869797984,2.0
1,CMU [5000-5999 psi],8,"KDE, Uniform",0.04603443822844275,5.0
1,CMU [5000-5999 psi],8,"KDE, Variable",0.03867169313727571,3.0
1,CMU [<3000 psi],274,"Normal, Uniform",0.08443192990419329,6.0
1,CMU [<3000 psi],274,"Normal, Variable",0.07103454267203099,5.0
1,CMU [<3000 psi],274,"Lognormal, Uniform",0.03618956007276638,3.0
1,CMU [<3000 psi],274,"Lognormal, Variable",0.028916938999773087,2.0
1,CMU [<3000 psi],274,"KDE, Uniform",0.04373241897959643,4.0
1,CMU [<3000 psi],274,"KDE, Variable",0.0170411243738326,1.0
1,CMU [>=6000 psi],8,"Normal, Uniform",0.11612082170901222,5.0
1,CMU [>=6000 psi],8,"Normal, Variable",0.0667484262273605,1.0
1,CMU [>=6000 psi],8,"Lognormal, Uniform",0.105023291082918,4.0
1,CMU [>=6000 psi],8,"Lognormal, Variable",0.07752519164779786,2.0
1,CMU [>=6000 psi],8,"KDE, Uniform",0.13660540639700552,6.0
1,CMU [>=6000 psi],8,"KDE, Variable",0.07896862294089686,3.0
1,CMU [strength not stated],39,"Normal, Uniform",0.07052305608611142,5.0
1,CMU [strength not stated],39,"Normal, Variable",0.07857778511690838,6.0
1,CMU [strength not stated],39,"Lognormal, Uniform",0.06668025356994858,4.0
1,CMU [strength not stated],39,"Lognormal, Variable",0.05130575507153262,1.0
1,CMU [strength not stated],39,"KDE, Uniform",0.06561018287535475,3.0
1,CMU [strength not stated],39,"KDE, Variable",0.06178895443670823,2.0
1,CableTrays,59,"Normal, Uniform",0.8858830446455217,5.0
1,CableTrays,59,"Normal, Variable",0.9480592292047574,6.0
1,CableTrays,59,"Lognormal, Uniform",0.3724193955644575,4.0
1,CableTrays,59,"Lognormal, Variable",0.3322687438502906,2.0
1,CableTrays,59,"KDE, Uniform",0.3569675764154101,3.0
1,CableTrays,59,"KDE, Variable",0.2628048359558183,1.0
1,Carpet,1989,"Normal, Uniform",0.07547105797337678,5.0
1,Carpet,1989,"Normal, Variable",0.07686030703720224,6.0
1,Carpet,1989,"Lognormal, Uniform",0.03782449684563748,4.0
1,Carpet,1989,"Lognormal, Variable",0.03755035744320994,3.0
1,Carpet,1989,"KDE, Uniform",0.015903868583200784,2.0
1,Carpet,1989,"KDE, Variable",0.01401186619090486,1.0
1,CastDecksAndUnderlayment,255,"Normal, Uniform",0.039688394749642836,4.0
1,CastDecksAndUnderlayment,255,"Normal, Variable",0.0438395322898021,6.0
1,CastDecksAndUnderlayment,255,"Lognormal, Uniform",0.04044089135523142,5.0
1,CastDecksAndUnderlayment,255,"Lognormal, Variable",0.02870301265022669,2.0
1,CastDecksAndUnderlayment,255,"KDE, Uniform",0.028997823646042028,3.0
1,CastDecksAndUnderlayment,255,"KDE, Variable",0.020888663316026956,1.0
1,Cement,1084,"Normal, Uniform",0.07442068679431052,5.0
1,Cement,1084,"Normal, Variable",0.10150366228027716,6.0
1,Cement,1084,"Lognormal, Uniform",0.049559817584727155,3.0
1,Cement,1084,"Lognormal, Variable",0.055642512245616366,4.0
1,Cement,1084,"KDE, Uniform",0.022213315552933727,2.0
1,Cement,1084,"KDE, Variable",0.012604976413521983,1.0
1,CementBoard,21,"Normal, Uniform",0.16680473359079628,6.0
1,CementBoard,21,"Normal, Variable",0.16346427234799513,5.0
1,CementBoard,21,"Lognormal, Uniform",0.1545395160248105,4.0
1,CementBoard,21,"Lognormal, Variable",0.1405436881601209,3.0
1,CementBoard,21,"KDE, Uniform",0.1093541566173718,1.0
1,CementBoard,21,"KDE, Variable",0.13391751871298513,2.0
1,CementGrout,3764,"Normal, Uniform",0.100087379177123,6.0
1,CementGrout,3764,"Normal, Variable",0.09967331270434397,5.0
1,CementGrout,3764,"Lognormal, Uniform",0.03556057554588608,4.0
1,CementGrout,3764,"Lognormal, Variable",0.03429367880873938,3.0
1,CementGrout,3764,"KDE, Uniform",0.009469638332435113,2.0
1,CementGrout,3764,"KDE, Variable",0.006409432229990058,1.0
1,CementitiousSheathingBoard,51,"Normal, Uniform",0.20799031595568718,2.0
1,CementitiousSheathingBoard,51,"Normal, Variable",0.2185592100962913,4.0
1,CementitiousSheathingBoard,51,"Lognormal, Uniform",0.2935721767137234,6.0
1,CementitiousSheathingBoard,51,"Lognormal, Variable",0.29096541161440687,5.0
1,CementitiousSheathingBoard,51,"KDE, Uniform",0.14275928536793436,1.0
1,CementitiousSheathingBoard,51,"KDE, Variable",0.21811200586090346,3.0
1,Chairs,86,"Normal, Uniform",2.0050127116818084,6.0
1,Chairs,86,"Normal, Variable",1.9117517479224702,5.0
1,Chairs,86,"Lognormal, Uniform",0.5079032922592512,2.0
1,Chairs,86,"Lognormal, Variable",0.5334532825232282,3.0
1,Chairs,86,"KDE, Uniform",0.4884925996831832,1.0
1,Chairs,86,"KDE, Variable",0.5812515126034998,4.0
1,Coil,140,"Normal, Uniform",0.14285650012756468,5.0
1,Coil,140,"Normal, Variable",0.16296677630477488,6.0
1,Coil,140,"Lognormal, Uniform",0.1138910562454115,4.0
1,Coil,140,"Lognormal, Variable",0.10540699332349225,3.0
1,Coil,140,"KDE, Uniform",0.06639279296175138,2.0
1,Coil,140,"KDE, Variable",0.05765362072996951,1.0
1,CompositeLumber,16,"Normal, Uniform",0.11622051900899343,5.0
1,CompositeLumber,16,"Normal, Variable",0.06318887830661103,2.0
1,CompositeLumber,16,"Lognormal, Uniform",0.08125054530781525,4.0
1,CompositeLumber,16,"Lognormal, Variable",0.05060708404426565,1.0
1,CompositeLumber,16,"KDE, Uniform",0.12237581003490142,6.0
1,CompositeLumber,16,"KDE, Variable",0.07072224853139097,3.0
1,CompositionSiding,3,"Normal, Uniform",0.3453538583359007,2.0
1,CompositionSiding,3,"Normal, Variable",0.34628533786030535,4.0
1,CompositionSiding,3,"Lognormal, Uniform",0.3455243747443355,3.0
1,CompositionSiding,3,"Lognormal, Variable",0.346458724701422,5.0
1,CompositionSiding,3,"KDE, Uniform",0.3412889591924363,1.0
1,CompositionSiding,3,"KDE, Variable",0.36697466027209424,6.0
1,ConcreteAdmixtures,118,"Normal, Uniform",2.6533386455643146,6.0
1,ConcreteAdmixtures,118,"Normal, Variable",2.0795089174172032,5.0
1,ConcreteAdmixtures,118,"Lognormal, Uniform",0.39469102192245636,4.0
1,ConcreteAdmixtures,118,"Lognormal, Variable",0.3615618925023276,3.0
1,ConcreteAdmixtures,118,"KDE, Uniform",0.23416472736198923,2.0
1,ConcreteAdmixtures,118,"KDE, Variable",0.190001564842239,1.0
1,ConcretePaving [3000-3999 psi],108,"Normal, Uniform",0.028825808903959797,4.0
1,ConcretePaving [3000-3999 psi],108,"Normal, Variable",0.028896806431004486,6.0
1,ConcretePaving [3000-3999 psi],108,"Lognormal, Uniform",0.028798550603465922,3.0
1,ConcretePaving [3000-3999 psi],108,"Lognormal, Variable",0.0288934102823392,5.0
1,ConcretePaving [3000-3999 psi],108,"KDE, Uniform",0.01818187577216295,1.0
1,ConcretePaving [3000-3999 psi],108,"KDE, Variable",0.019702564260862507,2.0
1,ConcretePaving [4000-4999 psi],160,"Normal, Uniform",0.0498700992018518,6.0
1,ConcretePaving [4000-4999 psi],160,"Normal, Variable",0.0382665033743703,4.0
1,ConcretePaving [4000-4999 psi],160,"Lognormal, Uniform",0.03849329510460235,5.0
1,ConcretePaving [4000-4999 psi],160,"Lognormal, Variable",0.03089817340293904,2.0
1,ConcretePaving [4000-4999 psi],160,"KDE, Uniform",0.033880342210585335,3.0
1,ConcretePaving [4000-4999 psi],160,"KDE, Variable",0.018782645473234397,1.0
1,ConcretePaving [5000-5999 psi],42,"Normal, Uniform",0.08218587790288556,5.0
1,ConcretePaving [5000-5999 psi],42,"Normal, Variable",0.08064709192217898,4.0
1,ConcretePaving [5000-5999 psi],42,"Lognormal, Uniform",0.08615964404097044,6.0
1,ConcretePaving [5000-5999 psi],42,"Lognormal, Variable",0.08063849907479925,3.0
1,ConcretePaving [5000-5999 psi],42,"KDE, Uniform",0.055946689987759965,1.0
1,ConcretePaving [5000-5999 psi],42,"KDE, Variable",0.06476857217570198,2.0
1,ConcretePaving [<3000 psi],32,"Normal, Uniform",0.060198066121081396,4.0
1,ConcretePaving [<3000 psi],32,"Normal, Variable",0.03627539598326476,2.0
1,ConcretePaving [<3000 psi],32,"Lognormal, Uniform",0.06020441453668035,5.0
1,ConcretePaving [<3000 psi],32,"Lognormal, Variable",0.036193094645601734,1.0
1,ConcretePaving [<3000 psi],32,"KDE, Uniform",0.062301686397110714,6.0
1,ConcretePaving [<3000 psi],32,"KDE, Variable",0.039857038060495564,3.0
1,ConcretePaving [strength not stated],38,"Normal, Uniform",0.2817683508578923,5.0
1,ConcretePaving [strength not stated],38,"Normal, Variable",0.3217476156421617,6.0
1,ConcretePaving [strength not stated],38,"Lognormal, Uniform",0.14513046461887308,2.0
1,ConcretePaving [strength not stated],38,"Lognormal, Variable",0.14911102569216517,3.0
1,ConcretePaving [strength not stated],38,"KDE, Uniform",0.0884810205213552,1.0
1,ConcretePaving [strength not stated],38,"KDE, Variable",0.16433727259549752,4.0
1,Countertops,76,"Normal, Uniform",0.33096042349443333,5.0
1,Countertops,76,"Normal, Variable",0.4525944848391037,6.0
1,Countertops,76,"Lognormal, Uniform",0.2781874266630166,3.0
1,Countertops,76,"Lognormal, Variable",0.24420858264627787,2.0
1,Countertops,76,"KDE, Uniform",0.17896759612441326,1.0
1,Countertops,76,"KDE, Variable",0.3015936728938122,4.0
1,CurtainWalls,54,"Normal, Uniform",0.24690681132803338,5.0
1,CurtainWalls,54,"Normal, Variable",0.3112606657515452,6.0
1,CurtainWalls,54,"Lognormal, Uniform",0.13935859448833154,3.0
1,CurtainWalls,54,"Lognormal, Variable",0.13576771420261793,2.0
1,CurtainWalls,54,"KDE, Uniform",0.09464179977837654,1.0
1,CurtainWalls,54,"KDE, Variable",0.1641591740661601,4.0
1,DampproofingAndWaterproofing,162,"Normal, Uniform",1.906858248787806,6.0
1,DampproofingAndWaterproofing,162,"Normal, Variable",1.3863519818631822,5.0
1,DampproofingAndWaterproofing,162,"Lognormal, Uniform",0.5835683648414703,4.0
1,DampproofingAndWaterproofing,162,"Lognormal, Variable",0.43520629817796797,3.0
1,DampproofingAndWaterproofing,162,"KDE, Uniform",0.3016505658515921,2.0
1,DampproofingAndWaterproofing,162,"KDE, Variable",0.054479264592525584,1.0
1,DataCabling,951,"Normal, Uniform",1.2611275810265519,5.0
1,DataCabling,951,"Normal, Variable",1.2711242951978672,6.0
1,DataCabling,951,"Lognormal, Uniform",0.5139070607599768,3.0
1,DataCabling,951,"Lognormal, Variable",0.5184251123544334,4.0
1,DataCabling,951,"KDE, Uniform",0.30874203397753763,2.0
1,DataCabling,951,"KDE, Variable",0.2937132376454116,1.0
1,DeckingBoards,7,"Normal, Uniform",0.18058682087134706,4.0
1,DeckingBoards,7,"Normal, Variable",0.18270297738235625,6.0
1,DeckingBoards,7,"Lognormal, Uniform",0.16357620323744343,2.0
1,DeckingBoards,7,"Lognormal, Variable",0.18096350872619707,5.0
1,DeckingBoards,7,"KDE, Uniform",0.14627343708663293,1.0
1,DeckingBoards,7,"KDE, Variable",0.17505940610007303,3.0
1,DeckingSteel,62,"Normal, Uniform",0.0493594710353092,5.0
1,DeckingSteel,62,"Normal, Variable",0.0432227322190689,2.0
1,DeckingSteel,62,"Lognormal, Uniform",0.049375089455168414,6.0
1,DeckingSteel,62,"Lognormal, Variable",0.043211927059554844,1.0
1,DeckingSteel,62,"KDE, Uniform",0.04906067413135026,4.0
1,DeckingSteel,62,"KDE, Variable",0.04456084882163911,3.0
1,DemountablePartitionTrack,4,"Normal, Uniform",0.27448358482917695,4.0
1,DemountablePartitionTrack,4,"Normal, Variable",0.20882206498405456,1.0
1,DemountablePartitionTrack,4,"Lognormal, Uniform",0.5832789979567142,6.0
1,DemountablePartitionTrack,4,"Lognormal, Variable",0.20894501442859384,2.0
1,DemountablePartitionTrack,4,"KDE, Uniform",0.3022797676980822,5.0
1,DemountablePartitionTrack,4,"KDE, Variable",0.22590517589132278,3.0
1,DemountablePartitions,45,"Normal, Uniform",0.10331159084610958,5.0
1,DemountablePartitions,45,"Normal, Variable",0.10234329647845247,3.0
1,DemountablePartitions,45,"Lognormal, Uniform",0.11578362103528862,6.0
1,DemountablePartitions,45,"Lognormal, Variable",0.10237843121878645,4.0
1,DemountablePartitions,45,"KDE, Uniform",0.09554946022290434,2.0
1,DemountablePartitions,45,"KDE, Variable",0.0948213894070786,1.0
1,DoorsAndFrames,61,"Normal, Uniform",0.5946914373721568,5.0
1,DoorsAndFrames,61,"Normal, Variable",0.6809931251732835,6.0
1,DoorsAndFrames,61,"Lognormal, Uniform",0.24229122826739796,3.0
1,DoorsAndFrames,61,"Lognormal, Variable",0.25207290916427805,4.0
1,DoorsAndFrames,61,"KDE, Uniform",0.10593663426226405,1.0
1,DoorsAndFrames,61,"KDE, Variable",0.10659532522051329,2.0
1,Electrical,3,"Normal, Uniform",0.004677110972286621,4.0
1,Electrical,3,"Normal, Variable",0.003673923225485081,1.0
1,Electrical,3,"Lognormal, Uniform",0.005551077969623996,5.0
1,Electrical,3,"Lognormal, Variable",0.004423983735361713,3.0
1,Electrical,3,"KDE, Uniform",0.006281772687661513,6.0
1,Electrical,3,"KDE, Variable",0.00433454203018944,2.0
1,Elevators,20,"Normal, Uniform",1.1066240010671686,6.0
1,Elevators,20,"Normal, Variable",0.820137574444467,4.0
1,Elevators,20,"Lognormal, Uniform",0.4840532917093444,2.0
1,Elevators,20,"Lognormal, Variable",0.459503467497318,1.0
1,Elevators,20,"KDE, Uniform",1.0633413571796362,5.0
1,Elevators,20,"KDE, Variable",0.7989505099665382,3.0
1,FenestrationAccessories,17,"Normal, Uniform",0.9280468245874409,5.0
1,FenestrationAccessories,17,"Normal, Variable",1.0036023171074695,6.0
1,FenestrationAccessories,17,"Lognormal, Uniform",0.41629203100987755,1.0
1,FenestrationAccessories,17,"Lognormal, Variable",0.4179229045065065,2.0
1,FenestrationAccessories,17,"KDE, Uniform",0.5715584044761873,3.0
1,FenestrationAccessories,17,"KDE, Variable",0.785337520050785,4.0
1,FenestrationFraming,259,"Normal, Uniform",0.49873830733827373,5.0
1,FenestrationFraming,259,"Normal, Variable",0.6192508092351472,6.0
1,FenestrationFraming,259,"Lognormal, Uniform",0.11457552031537753,3.0
1,FenestrationFraming,259,"Lognormal, Variable",0.11814610923277,4.0
1,FenestrationFraming,259,"KDE, Uniform",0.10871081504518151,2.0
1,FenestrationFraming,259,"KDE, Variable",0.08609464164934191,1.0
1,FiberCementSiding,29,"Normal, Uniform",0.17987451882621308,5.0
1,FiberCementSiding,29,"Normal, Variable",0.20517156588493712,6.0
1,FiberCementSiding,29,"Lognormal, Uniform",0.10426999244984227,3.0
1,FiberCementSiding,29,"Lognormal, Variable",0.10274959293374594,2.0
1,FiberCementSiding,29,"KDE, Uniform",0.09234535438314774,1.0
1,FiberCementSiding,29,"KDE, Variable",0.12374025599162322,4.0
1,FireAndSmokeProtection,22,"Normal, Uniform",0.4143875420722747,6.0
1,FireAndSmokeProtection,22,"Normal, Variable",0.28479256916182355,4.0
1,FireAndSmokeProtection,22,"Lognormal, Uniform",0.1933774250261267,2.0
1,FireAndSmokeProtection,22,"Lognormal, Variable",0.15074750973439197,1.0
1,FireAndSmokeProtection,22,"KDE, Uniform",0.3244953038358256,5.0
1,FireAndSmokeProtection,22,"KDE, Variable",0.20251716900403066,3.0
1,FlashingAndSheetMetal,12,"Normal, Uniform",0.6629594648543714,3.0
1,FlashingAndSheetMetal,12,"Normal, Variable",0.7192896078624265,5.0
1,FlashingAndSheetMetal,12,"Lognormal, Uniform",0.6776094210923215,4.0
1,FlashingAndSheetMetal,12,"Lognormal, Variable",0.5488352593083455,2.0
1,FlashingAndSheetMetal,12,"KDE, Uniform",0.45757514580930103,1.0
1,FlashingAndSheetMetal,12,"KDE, Variable",0.792600941635496,6.0
1,FlatGlassPanes,47,"Normal, Uniform",0.544002550523427,6.0
1,FlatGlassPanes,47,"Normal, Variable",0.3211327686491141,5.0
1,FlatGlassPanes,47,"Lognormal, Uniform",0.1747155866773371,2.0
1,FlatGlassPanes,47,"Lognormal, Variable",0.12469076679723569,1.0
1,FlatGlassPanes,47,"KDE, Uniform",0.2622998281361053,4.0
1,FlatGlassPanes,47,"KDE, Variable",0.20199659495692593,3.0
1,FlowableFill,2008,"Normal, Uniform",0.2984407854441392,6.0
1,FlowableFill,2008,"Normal, Variable",0.2893859135620739,5.0
1,FlowableFill,2008,"Lognormal, Uniform",0.10213177676853757,4.0
1,FlowableFill,2008,"Lognormal, Variable",0.10121814585171755,3.0
1,FlowableFill,2008,"KDE, Uniform",0.02797332832543702,2.0
1,FlowableFill,2008,"KDE, Variable",0.02193400806026585,1.0
1,FoamedInPlace [PIR or PUR],8,"Normal, Uniform",0.6469665691348909,4.0
1,FoamedInPlace [PIR or PUR],8,"Normal, Variable",0.705486681267449,6.0
1,FoamedInPlace [PIR or PUR],8,"Lognormal, Uniform",0.47571895097114786,3.0
1,FoamedInPlace [PIR or PUR],8,"Lognormal, Variable",0.45478425901220704,1.0
1,FoamedInPlace [PIR or PUR],8,"KDE, Uniform",0.4614078061226761,2.0
1,FoamedInPlace [PIR or PUR],8,"KDE, Variable",0.694548348149935,5.0
1,FoamedInPlace [type not stated],5,"Normal, Uniform",0.06213484753762182,4.0
1,FoamedInPlace [type not stated],5,"Normal, Variable",0.030948375900996677,1.0
1,FoamedInPlace [type not stated],5,"Lognormal, Uniform",0.062180129331870455,5.0
1,FoamedInPlace [type not stated],5,"Lognormal, Variable",0.03097705891480298,2.0
1,FoamedInPlace [type not stated],5,"KDE, Uniform",0.08609802538283746,6.0
1,FoamedInPlace [type not stated],5,"KDE, Variable",0.03544265238181114,3.0
1,Furnishings,7,"Normal, Uniform",0.11352661324636193,4.0
1,Furnishings,7,"Normal, Variable",0.10093032678535448,1.0
1,Furnishings,7,"Lognormal, Uniform",0.11356283809525701,5.0
1,Furnishings,7,"Lognormal, Variable",0.10097728411629908,2.0
1,Furnishings,7,"KDE, Uniform",0.1372001026561499,6.0
1,Furnishings,7,"KDE, Variable",0.11249048696686899,3.0
1,GlazedDoors,141,"Normal, Uniform",0.679789485937492,6.0
1,GlazedDoors,141,"Normal, Variable",0.3546362315810166,5.0
1,GlazedDoors,141,"Lognormal, Uniform",0.17522061504214437,3.0
1,GlazedDoors,141,"Lognormal, Variable",0.08202151072187995,2.0
1,GlazedDoors,141,"KDE, Uniform",0.24470735796275472,4.0
1,GlazedDoors,141,"KDE, Variable",0.07818019363295851,1.0
1,Grouting,219,"Normal, Uniform",3.293999390103363,6.0
1,Grouting,219,"Normal, Variable",2.4406492532349624,5.0
1,Grouting,219,"Lognormal, Uniform",0.6304691750147216,4.0
1,Grouting,219,"Lognormal, Variable",0.5139347432919608,3.0
1,Grouting,219,"KDE, Uniform",0.3305624557390391,2.0
1,Grouting,219,"KDE, Variable",0.12053696755151669,1.0
1,Gypsum,771,"Normal, Uniform",0.19092773849235847,5.0
1,Gypsum,771,"Normal, Variable",0.19270726764330798,6.0
1,Gypsum,771,"Lognormal, Uniform",0.04286450133524836,3.0
1,Gypsum,771,"Lognormal, Variable",0.04527028494963054,4.0
1,Gypsum,771,"KDE, Uniform",0.02176108410069038,2.0
1,Gypsum,771,"KDE, Variable",0.015934353869781204,1.0
1,GypsumSheathingBoard,19,"Normal, Uniform",0.07523085039850821,4.0
1,GypsumSheathingBoard,19,"Normal, Variable",0.059695153388730146,1.0
1,GypsumSheathingBoard,19,"Lognormal, Uniform",0.10068941911350796,6.0
1,GypsumSheathingBoard,19,"Lognormal, Variable",0.059720885308637006,2.0
1,GypsumSheathingBoard,19,"KDE, Uniform",0.09041802364429,5.0
1,GypsumSheathingBoard,19,"KDE, Variable",0.066065800152853,3.0
1,HeavyTimber,5,"Normal, Uniform",0.460244387171835,1.0
1,HeavyTimber,5,"Normal, Variable",0.4637142662318528,2.0
1,HeavyTimber,5,"Lognormal, Uniform",0.5140478215010585,5.0
1,HeavyTimber,5,"Lognormal, Variable",0.4991222124487558,4.0
1,HeavyTimber,5,"KDE, Uniform",0.4795971419995674,3.0
1,HeavyTimber,5,"KDE, Variable",0.515661375166283,6.0
1,Hollow,145,"Normal, Uniform",0.04444503309446951,6.0
1,Hollow,145,"Normal, Variable",0.037360030942637984,3.0
1,Hollow,145,"Lognormal, Uniform",0.0394587130520908,4.0
1,Hollow,145,"Lognormal, Variable",0.03543121873608268,2.0
1,Hollow,145,"KDE, Uniform",0.040587571048350306,5.0
1,Hollow,145,"KDE, Variable",0.03175433436123721,1.0
1,HotRolled,81,"Normal, Uniform",0.4666772747099721,5.0
1,HotRolled,81,"Normal, Variable",0.514635386743288,6.0
1,HotRolled,81,"Lognormal, Uniform",0.3304481360255402,4.0
1,HotRolled,81,"Lognormal, Variable",0.28573370647427754,3.0
1,HotRolled,81,"KDE, Uniform",0.19892849305824992,2.0
1,HotRolled,81,"KDE, Variable",0.09293017762239425,1.0
1,InsulatedRoofPanels,271,"Normal, Uniform",0.06566933833785157,6.0
1,InsulatedRoofPanels,271,"Normal, Variable",0.054957288910853525,5.0
1,InsulatedRoofPanels,271,"Lognormal, Uniform",0.046413610143656164,4.0
1,InsulatedRoofPanels,271,"Lognormal, Variable",0.02796100394095938,2.0
1,InsulatedRoofPanels,271,"KDE, Uniform",0.04431499247374346,3.0
1,InsulatedRoofPanels,271,"KDE, Variable",0.012766378340154282,1.0
1,InsulatedWallPanels,420,"Normal, Uniform",0.04480780305147145,6.0
1,InsulatedWallPanels,420,"Normal, Variable",0.035270794699830604,5.0
1,InsulatedWallPanels,420,"Lognormal, Uniform",0.02503915355051325,3.0
1,InsulatedWallPanels,420,"Lognormal, Variable",0.01714128136487373,2.0
1,InsulatedWallPanels,420,"KDE, Uniform",0.026602114630987158,4.0
1,InsulatedWallPanels,420,"KDE, Variable",0.015449344284003396,1.0
1,InsulatingGlazingUnits,32,"Normal, Uniform",0.6380268071050825,4.0
1,InsulatingGlazingUnits,32,"Normal, Variable",0.6001692264021493,3.0
1,InsulatingGlazingUnits,32,"Lognormal, Uniform",0.7423676466899228,6.0
1,InsulatingGlazingUnits,32,"Lognormal, Variable",0.5594725880222675,2.0
1,InsulatingGlazingUnits,32,"KDE, Uniform",0.6547101647812426,5.0
1,InsulatingGlazingUnits,32,"KDE, Variable",0.5245098225174953,1.0
1,JointProtection,5,"Normal, Uniform",0.2030373886641348,4.0
1,JointProtection,5,"Normal, Variable",0.10458630117779777,1.0
1,JointProtection,5,"Lognormal, Uniform",0.2032323356618781,5.0
1,JointProtection,5,"Lognormal, Variable",0.10468769981856807,2.0
1,JointProtection,5,"KDE, Uniform",0.24418346501060473,6.0
1,JointProtection,5,"KDE, Variable",0.12182181724308418,3.0
1,Laminate,26,"Normal, Uniform",0.2012320942332566,4.0
1,Laminate,26,"Normal, Variable",0.20976520260880993,5.0
1,Laminate,26,"Lognormal, Uniform",0.24069515268171493,6.0
1,Laminate,26,"Lognormal, Variable",0.16257056203164913,2.0
1,Laminate,26,"KDE, Uniform",0.09169103875055634,1.0
1,Laminate,26,"KDE, Variable",0.17967985875958242,3.0
1,MBQ,40,"Normal, Uniform",0.29800585316782635,6.0
1,MBQ,40,"Normal, Variable",0.27300528530255125,5.0
1,MBQ,40,"Lognormal, Uniform",0.13231466045970683,3.0
1,MBQ,40,"Lognormal, Variable",0.12144373314441302,2.0
1,MBQ,40,"KDE, Uniform",0.09895217640770274,1.0
1,MBQ,40,"KDE, Variable",0.1476702013608744,4.0
1,MasonryCement,26,"Normal, Uniform",0.08536454112807468,5.0
1,MasonryCement,26,"Normal, Variable",0.06833753801600718,2.0
1,MasonryCement,26,"Lognormal, Uniform",0.08580804013892392,6.0
1,MasonryCement,26,"Lognormal, Variable",0.06833753304872575,1.0
1,MasonryCement,26,"KDE, Uniform",0.07279551707811577,3.0
1,MasonryCement,26,"KDE, Variable",0.07813690987006441,4.0
1,MassTimber,66,"Normal, Uniform",0.48588334410741896,6.0
1,MassTimber,66,"Normal, Variable",0.43279330265900817,5.0
1,MassTimber,66,"Lognormal, Uniform",0.1796150445614616,4.0
1,MassTimber,66,"Lognormal, Variable",0.1714761096423426,3.0
1,MassTimber,66,"KDE, Uniform",0.13814091459328393,2.0
1,MassTimber,66,"KDE, Variable",0.08516788257940569,1.0
1,MechanicalInsulation,22,"Normal, Uniform",0.5895963143020346,5.0
1,MechanicalInsulation,22,"Normal, Variable",0.6477829506216466,6.0
1,MechanicalInsulation,22,"Lognormal, Uniform",0.3005903257691879,2.0
1,MechanicalInsulation,22,"Lognormal, Variable",0.29179309612415544,1.0
1,MechanicalInsulation,22,"KDE, Uniform",0.3725481841884658,3.0
1,MechanicalInsulation,22,"KDE, Variable",0.44335931235992915,4.0
1,MetalDoorAndFrames,42,"Normal, Uniform",0.29670838407098654,6.0
1,MetalDoorAndFrames,42,"Normal, Variable",0.1920594304199896,5.0
1,MetalDoorAndFrames,42,"Lognormal, Uniform",0.1493184887215216,3.0
1,MetalDoorAndFrames,42,"Lognormal, Variable",0.08262616018611184,1.0
1,MetalDoorAndFrames,42,"KDE, Uniform",0.17517092639038906,4.0
1,MetalDoorAndFrames,42,"KDE, Variable",0.1201467054826572,2.0
1,MetalRailings,13,"Normal, Uniform",0.259023869174995,6.0
1,MetalRailings,13,"Normal, Variable",0.16001720229968924,3.0
1,MetalRailings,13,"Lognormal, Uniform",0.1869820457317305,4.0
1,MetalRailings,13,"Lognormal, Variable",0.1112641891192111,1.0
1,MetalRailings,13,"KDE, Uniform",0.25370826246419587,5.0
1,MetalRailings,13,"KDE, Variable",0.15492665052776097,2.0
1,MetalStairs,5,"Normal, Uniform",0.1351456265766306,5.0
1,MetalStairs,5,"Normal, Variable",0.0842286504307195,2.0
1,MetalStairs,5,"Lognormal, Uniform",0.11548990555334851,4.0
1,MetalStairs,5,"Lognormal, Variable",0.0839614990181138,1.0
1,MetalStairs,5,"KDE, Uniform",0.1410374116604427,6.0
1,MetalStairs,5,"KDE, Variable",0.09330727621176982,3.0
1,Mirrors,19,"Normal, Uniform",0.06718232930671786,3.0
1,Mirrors,19,"Normal, Variable",0.06600475123008195,1.0
1,Mirrors,19,"Lognormal, Uniform",0.06719024372494053,4.0
1,Mirrors,19,"Lognormal, Variable",0.066007876680563,2.0
1,Mirrors,19,"KDE, Uniform",0.0936335701145515,6.0
1,Mirrors,19,"KDE, Variable",0.0828928456489134,5.0
1,MiscMetalFabrication,69,"Normal, Uniform",0.23298652809270187,6.0
1,MiscMetalFabrication,69,"Normal, Variable",0.20214168521201675,5.0
1,MiscMetalFabrication,69,"Lognormal, Uniform",0.10857288891928708,3.0
1,MiscMetalFabrication,69,"Lognormal, Variable",0.10325366742870823,1.0
1,MiscMetalFabrication,69,"KDE, Uniform",0.12465933615423566,4.0
1,MiscMetalFabrication,69,"KDE, Variable",0.10665530588247274,2.0
1,Mortar,248,"Normal, Uniform",0.8294180522253973,6.0
1,Mortar,248,"Normal, Variable",0.6448935132445741,5.0
1,Mortar,248,"Lognormal, Uniform",0.20222953968228058,4.0
1,Mortar,248,"Lognormal, Variable",0.16870664293563148,3.0
1,Mortar,248,"KDE, Uniform",0.12900270444103576,2.0
1,Mortar,248,"KDE, Variable",0.056641621953446714,1.0
1,NetworkingCableTrays,22,"Normal, Uniform",0.11510997954514851,2.0
1,NetworkingCableTrays,22,"Normal, Variable",0.11327533090413044,1.0
1,NetworkingCableTrays,22,"Lognormal, Uniform",0.1471441661490382,6.0
1,NetworkingCableTrays,22,"Lognormal, Variable",0.1161847739203798,3.0
1,NetworkingCableTrays,22,"KDE, Uniform",0.13680701753817653,5.0
1,NetworkingCableTrays,22,"KDE, Variable",0.12511803725871734,4.0
1,NetworkingRaceways,32,"Normal, Uniform",0.6754579743639506,5.0
1,NetworkingRaceways,32,"Normal, Variable",0.7199757033297591,6.0
1,NetworkingRaceways,32,"Lognormal, Uniform",0.38465288268451564,3.0
1,NetworkingRaceways,32,"Lognormal, Variable",0.37624325163066946,2.0
1,NetworkingRaceways,32,"KDE, Uniform",0.24277412467127052,1.0
1,NetworkingRaceways,32,"KDE, Variable",0.6291287369183267,4.0
1,NonStructuralWood,57,"Normal, Uniform",0.23619527264022766,5.0
1,NonStructuralWood,57,"Normal, Variable",0.25061515421808805,6.0
1,NonStructuralWood,57,"Lognormal, Uniform",0.1457083168431897,3.0
1,NonStructuralWood,57,"Lognormal, Variable",0.14774768642235223,4.0
1,NonStructuralWood,57,"KDE, Uniform",0.0698116375953618,1.0
1,NonStructuralWood,57,"KDE, Variable",0.08924348547254582,2.0
1,OilPatch,282,"Normal, Uniform",0.6122566749011862,5.0
1,OilPatch,282,"Normal, Variable",0.8614827483879754,6.0
1,OilPatch,282,"Lognormal, Uniform",0.24931598011556105,3.0
1,OilPatch,282,"Lognormal, Variable",0.25860239898558746,4.0
1,OilPatch,282,"KDE, Uniform",0.14164145592366464,2.0
1,OilPatch,282,"KDE, Variable",0.0415717912435944,1.0
1,OpenWebMembranes,17,"Normal, Uniform",0.14439388785444654,6.0
1,OpenWebMembranes,17,"Normal, Variable",0.10928470061820764,4.0
1,OpenWebMembranes,17,"Lognormal, Uniform",0.07343652071771478,2.0
1,OpenWebMembranes,17,"Lognormal, Variable",0.0672023152346492,1.0
1,OpenWebMembranes,17,"KDE, Uniform",0.1110226969277751,5.0
1,OpenWebMembranes,17,"KDE, Variable",0.08774346239262665,3.0
1,Openings,12,"Normal, Uniform",0.27525999852732547,2.0
1,Openings,12,"Normal, Variable",0.27119284279238803,1.0
1,Openings,12,"Lognormal, Uniform",0.2752896442215022,3.0
1,Openings,12,"Lognormal, Variable",0.46981108687737627,6.0
1,Openings,12,"KDE, Uniform",0.279726749330268,4.0
1,Openings,12,"KDE, Variable",0.31669627813603707,5.0
1,OtherFlooring,217,"Normal, Uniform",0.42986498163165754,5.0
1,OtherFlooring,217,"Normal, Variable",0.49747655017436065,6.0
1,OtherFlooring,217,"Lognormal, Uniform",0.12418053220603921,3.0
1,OtherFlooring,217,"Lognormal, Variable",0.11186241307232672,2.0
1,OtherFlooring,217,"KDE, Uniform",0.10021512287740855,1.0
1,OtherFlooring,217,"KDE, Variable",0.15836837322019942,4.0
1,PaintingAndCoating,19,"Normal, Uniform",0.8528658359593992,6.0
1,PaintingAndCoating,19,"Normal, Variable",0.3290393923978377,3.0
1,PaintingAndCoating,19,"Lognormal, Uniform",0.3732345131106587,4.0
1,PaintingAndCoating,19,"Lognormal, Variable",0.10985229972564614,1.0
1,PaintingAndCoating,19,"KDE, Uniform",0.8171714951039009,5.0
1,PaintingAndCoating,19,"KDE, Variable",0.2596998756412998,2.0
1,PlateSteel,72,"Normal, Uniform",0.35053890400012144,5.0
1,PlateSteel,72,"Normal, Variable",0.42005676372965917,6.0
1,PlateSteel,72,"Lognormal, Uniform",0.19400320036348873,3.0
1,PlateSteel,72,"Lognormal, Variable",0.1983743508739553,4.0
1,PlateSteel,72,"KDE, Uniform",0.09668447769120343,2.0
1,PlateSteel,72,"KDE, Variable",0.08261603595094649,1.0
1,PostTensioningSteel,35,"Normal, Uniform",0.03365746379365412,6.0
1,PostTensioningSteel,35,"Normal, Variable",0.018216823618713733,3.0
1,PostTensioningSteel,35,"Lognormal, Uniform",0.02428657609723288,4.0
1,PostTensioningSteel,35,"Lognormal, Variable",0.012870232681063867,1.0
1,PostTensioningSteel,35,"KDE, Uniform",0.03295681799453251,5.0
1,PostTensioningSteel,35,"KDE, Variable",0.01760872464385125,2.0
1,PowerCabling,400,"Normal, Uniform",11.107507248022745,5.0
1,PowerCabling,400,"Normal, Variable",12.320279192490556,6.0
1,PowerCabling,400,"Lognormal, Uniform",1.827985074289645,2.0
1,PowerCabling,400,"Lognormal, Variable",1.8712094953265797,3.0
1,PowerCabling,400,"KDE, Uniform",2.3084229073114297,4.0
1,PowerCabling,400,"KDE, Variable",1.1204731771810006,1.0
1,PrecastConcrete,499,"Normal, Uniform",0.13986369042822783,6.0
1,PrecastConcrete,499,"Normal, Variable",0.1260922086920249,5.0
1,PrecastConcrete,499,"Lognormal, Uniform",0.07495924879294141,4.0
1,PrecastConcrete,499,"Lognormal, Variable",0.07195871147951127,3.0
1,PrecastConcrete,499,"KDE, Uniform",0.0200841862323421,2.0
1,PrecastConcrete,499,"KDE, Variable",0.017500220504015146,1.0
1,ProcessedNonInsulatingGlassPanes,130,"Normal, Uniform",0.8012849912017503,5.0
1,ProcessedNonInsulatingGlassPanes,130,"Normal, Variable",0.9739963373195524,6.0
1,ProcessedNonInsulatingGlassPanes,130,"Lognormal, Uniform",0.3050475118645737,3.0
1,ProcessedNonInsulatingGlassPanes,130,"Lognormal, Variable",0.31853383059142104,4.0
1,ProcessedNonInsulatingGlassPanes,130,"KDE, Uniform",0.18183097053704034,1.0
1,ProcessedNonInsulatingGlassPanes,130,"KDE, Variable",0.24498253487549526,2.0
1,ReadyMix [3000-3999 psi],20814,"Normal, Uniform",0.02423628458100043,5.0
1,ReadyMix [3000-3999 psi],20814,"Normal, Variable",0.024852123010575492,6.0
1,ReadyMix [3000-3999 psi],20814,"Lognormal, Uniform",0.0037172170410105713,4.0
1,ReadyMix [3000-3999 psi],20814,"Lognormal, Variable",0.003664398838171978,3.0
1,ReadyMix [3000-3999 psi],20814,"KDE, Uniform",0.0027644290363868997,1.0
1,ReadyMix [3000-3999 psi],20814,"KDE, Variable",0.00278167302506735,2.0
1,ReadyMix [4000-4999 psi],31025,"Normal, Uniform",0.017094913398210454,5.0
1,ReadyMix [4000-4999 psi],31025,"Normal, Variable",0.01771481424770654,6.0
1,ReadyMix [4000-4999 psi],31025,"Lognormal, Uniform",0.004462402903558628,4.0
1,ReadyMix [4000-4999 psi],31025,"Lognormal, Variable",0.0037418801543860295,3.0
1,ReadyMix [4000-4999 psi],31025,"KDE, Uniform",0.00292685885233094,2.0
1,ReadyMix [4000-4999 psi],31025,"KDE, Variable",0.0023390279185130794,1.0
1,ReadyMix [5000-5999 psi],14366,"Normal, Uniform",0.010901074295863261,6.0
1,ReadyMix [5000-5999 psi],14366,"Normal, Variable",0.01076412756912222,5.0
1,ReadyMix [5000-5999 psi],14366,"Lognormal, Uniform",0.0081231317674179,3.0
1,ReadyMix [5000-5999 psi],14366,"Lognormal, Variable",0.008171920981798506,4.0
1,ReadyMix [5000-5999 psi],14366,"KDE, Uniform",0.0028649928041905664,2.0
1,ReadyMix [5000-5999 psi],14366,"KDE, Variable",0.002818943469198811,1.0
1,ReadyMix [<3000 psi],3974,"Normal, Uniform",0.021897659828788208,5.0
1,ReadyMix [<3000 psi],3974,"Normal, Variable",0.01859644746518402,3.0
1,ReadyMix [<3000 psi],3974,"Lognormal, Uniform",0.024421670463299894,6.0
1,ReadyMix [<3000 psi],3974,"Lognormal, Variable",0.02017322403709333,4.0
1,ReadyMix [<3000 psi],3974,"KDE, Uniform",0.01197886496293276,2.0
1,ReadyMix [<3000 psi],3974,"KDE, Variable",0.005464621727640999,1.0
1,ReadyMix [>=6000 psi],7887,"Normal, Uniform",0.0176677815632704,5.0
1,ReadyMix [>=6000 psi],7887,"Normal, Variable",0.018163449766632048,6.0
1,ReadyMix [>=6000 psi],7887,"Lognormal, Uniform",0.010549645672488915,4.0
1,ReadyMix [>=6000 psi],7887,"Lognormal, Variable",0.010061757676942618,3.0
1,ReadyMix [>=6000 psi],7887,"KDE, Uniform",0.0052530218666391355,2.0
1,ReadyMix [>=6000 psi],7887,"KDE, Variable",0.0037816945196351474,1.0
1,ReadyMix [strength not stated],8777,"Normal, Uniform",0.08633803155629458,6.0
1,ReadyMix [strength not stated],8777,"Normal, Variable",0.08144576314177684,5.0
1,ReadyMix [strength not stated],8777,"Lognormal, Uniform",0.017665361367093475,4.0
1,ReadyMix [strength not stated],8777,"Lognormal, Variable",0.014113278804291703,3.0
1,ReadyMix [strength not stated],8777,"KDE, Uniform",0.012536834480981904,2.0
1,ReadyMix [strength not stated],8777,"KDE, Variable",0.0067649022925565915,1.0
1,RebarSteel,204,"Normal, Uniform",0.31428176755915893,6.0
1,RebarSteel,204,"Normal, Variable",0.2840328067381088,5.0
1,RebarSteel,204,"Lognormal, Uniform",0.16398219857115395,4.0
1,RebarSteel,204,"Lognormal, Variable",0.15508877224697337,3.0
1,RebarSteel,204,"KDE, Uniform",0.10422261459791737,2.0
1,RebarSteel,204,"KDE, Variable",0.0724098181860739,1.0
1,ResilientFlooring,468,"Normal, Uniform",0.5872528049633606,5.0
1,ResilientFlooring,468,"Normal, Variable",0.7088341834081338,6.0
1,ResilientFlooring,468,"Lognormal, Uniform",0.26630747131382765,3.0
1,ResilientFlooring,468,"Lognormal, Variable",0.2965376014373285,4.0
1,ResilientFlooring,468,"KDE, Uniform",0.10361454088312146,2.0
1,ResilientFlooring,468,"KDE, Variable",0.024504170930962514,1.0
1,RoofCoverBoards,20,"Normal, Uniform",0.07420169306785951,4.0
1,RoofCoverBoards,20,"Normal, Variable",0.04747280120200714,2.0
1,RoofCoverBoards,20,"Lognormal, Uniform",0.0742568111494801,5.0
1,RoofCoverBoards,20,"Lognormal, Variable",0.04753345694098536,3.0
1,RoofCoverBoards,20,"KDE, Uniform",0.0838871822264188,6.0
1,RoofCoverBoards,20,"KDE, Variable",0.03816260004050716,1.0
1,RoofPanels,61,"Normal, Uniform",0.16441914033227784,4.0
1,RoofPanels,61,"Normal, Variable",0.18949937400272027,6.0
1,RoofPanels,61,"Lognormal, Uniform",0.18086006457721843,5.0
1,RoofPanels,61,"Lognormal, Variable",0.1300553396452634,2.0
1,RoofPanels,61,"KDE, Uniform",0.09217575096443911,1.0
1,RoofPanels,61,"KDE, Variable",0.14112763358384356,3.0
1,SheathingPanels,71,"Normal, Uniform",0.3844910290570732,5.0
1,SheathingPanels,71,"Normal, Variable",0.38449291473425823,6.0
1,SheathingPanels,71,"Lognormal, Uniform",0.21934903242862852,3.0
1,SheathingPanels,71,"Lognormal, Variable",0.22889507960929,4.0
1,SheathingPanels,71,"KDE, Uniform",0.13227854427079877,2.0
1,SheathingPanels,71,"KDE, Variable",0.12697134773441876,1.0
1,Shotcrete [3000-3999 psi],183,"Normal, Uniform",0.021259978857273674,5.0
1,Shotcrete [3000-3999 psi],183,"Normal, Variable",0.019851898624154287,3.0
1,Shotcrete [3000-3999 psi],183,"Lognormal, Uniform",0.025970471621651725,6.0
1,Shotcrete [3000-3999 psi],183,"Lognormal, Variable",0.01945138161065382,2.0
1,Shotcrete [3000-3999 psi],183,"KDE, Uniform",0.020946858351280805,4.0
1,Shotcrete [3000-3999 psi],183,"KDE, Variable",0.017543814528062675,1.0
1,Shotcrete [4000-4999 psi],651,"Normal, Uniform",0.01060153585049212,4.0
1,Shotcrete [4000-4999 psi],651,"Normal, Variable",0.00730767772046661,3.0
1,Shotcrete [4000-4999 psi],651,"Lognormal, Uniform",0.01187404887716728,5.0
1,Shotcrete [4000-4999 psi],651,"Lognormal, Variable",0.006619278642937985,1.0
1,Shotcrete [4000-4999 psi],651,"KDE, Uniform",0.012802892743380223,6.0
1,Shotcrete [4000-4999 psi],651,"KDE, Variable",0.006775746009829422,2.0
1,Shotcrete [5000-5999 psi],471,"Normal, Uniform",0.028114129116297144,6.0
1,Shotcrete [5000-5999 psi],471,"Normal, Variable",0.02764415924242479,5.0
1,Shotcrete [5000-5999 psi],471,"Lognormal, Uniform",0.02714735767343249,4.0
1,Shotcrete [5000-5999 psi],471,"Lognormal, Variable",0.02705410182211048,3.0
1,Shotcrete [5000-5999 psi],471,"KDE, Uniform",0.012208256495009024,2.0
1,Shotcrete [5000-5999 psi],471,"KDE, Variable",0.010771417483493726,1.0
1,Shotcrete [<3000 psi],4,"Normal, Uniform",0.18802879013710638,5.0
1,Shotcrete [<3000 psi],4,"Normal, Variable",0.06183694297953453,2.0
1,Shotcrete [<3000 psi],4,"Lognormal, Uniform",0.1804092861670302,4.0
1,Shotcrete [<3000 psi],4,"Lognormal, Variable",0.053999047847789486,1.0
1,Shotcrete [<3000 psi],4,"KDE, Uniform",0.2397361602720213,6.0
1,Shotcrete [<3000 psi],4,"KDE, Variable",0.06996216181407944,3.0
1,Shotcrete [>=6000 psi],264,"Normal, Uniform",0.038123569219198114,6.0
1,Shotcrete [>=6000 psi],264,"Normal, Variable",0.027573743240696218,4.0
1,Shotcrete [>=6000 psi],264,"Lognormal, Uniform",0.02508290464226912,3.0
1,Shotcrete [>=6000 psi],264,"Lognormal, Variable",0.014719950310176798,2.0
1,Shotcrete [>=6000 psi],264,"KDE, Uniform",0.028291711992639586,5.0
1,Shotcrete [>=6000 psi],264,"KDE, Variable",0.012346350125818608,1.0
1,Shotcrete [strength not stated],96,"Normal, Uniform",0.10051086020670005,6.0
1,Shotcrete [strength not stated],96,"Normal, Variable",0.07835408714335526,5.0
1,Shotcrete [strength not stated],96,"Lognormal, Uniform",0.06035356511541814,4.0
1,Shotcrete [strength not stated],96,"Lognormal, Variable",0.04359981784807911,2.0
1,Shotcrete [strength not stated],96,"KDE, Uniform",0.04862596146551179,3.0
1,Shotcrete [strength not stated],96,"KDE, Variable",0.018643840031420993,1.0
1,SinglePlyEPDM,29,"Normal, Uniform",0.08587358129681014,5.0
1,SinglePlyEPDM,29,"Normal, Variable",0.06760761979346877,2.0
1,SinglePlyEPDM,29,"Lognormal, Uniform",0.07892945496350491,4.0
1,SinglePlyEPDM,29,"Lognormal, Variable",0.058472907163229226,1.0
1,SinglePlyEPDM,29,"KDE, Uniform",0.10450283433489556,6.0
1,SinglePlyEPDM,29,"KDE, Variable",0.07080103942241608,3.0
1,SinglePlyKEE,11,"Normal, Uniform",0.1665560246901026,6.0
1,SinglePlyKEE,11,"Normal, Variable",0.12225890515172244,3.0
1,SinglePlyKEE,11,"Lognormal, Uniform",0.1549287883832807,4.0
1,SinglePlyKEE,11,"Lognormal, Variable",0.08813085472090866,1.0
1,SinglePlyKEE,11,"KDE, Uniform",0.16445350136978398,5.0
1,SinglePlyKEE,11,"KDE, Variable",0.11895065861735302,2.0
1,SinglePlyPVC,74,"Normal, Uniform",0.1617550536917378,6.0
1,SinglePlyPVC,74,"Normal, Variable",0.1420856978723027,5.0
1,SinglePlyPVC,74,"Lognormal, Uniform",0.07344528668150722,2.0
1,SinglePlyPVC,74,"Lognormal, Variable",0.0751840337889494,3.0
1,SinglePlyPVC,74,"KDE, Uniform",0.08635553782036076,4.0
1,SinglePlyPVC,74,"KDE, Variable",0.050784791024669,1.0
1,SinglePlyPolyurethane,27,"Normal, Uniform",0.5238101028022479,6.0
1,SinglePlyPolyurethane,27,"Normal, Variable",0.4270518200951121,3.0
1,SinglePlyPolyurethane,27,"Lognormal, Uniform",0.3575521625364533,1.0
1,SinglePlyPolyurethane,27,"Lognormal, Variable",0.3999195273852531,2.0
1,SinglePlyPolyurethane,27,"KDE, Uniform",0.4947987503261614,5.0
1,SinglePlyPolyurethane,27,"KDE, Variable",0.44707048692114043,4.0
1,SinglePlyTPO,62,"Normal, Uniform",0.05395237005368665,5.0
1,SinglePlyTPO,62,"Normal, Variable",0.051307011174493024,4.0
1,SinglePlyTPO,62,"Lognormal, Uniform",0.056119496407261965,6.0
1,SinglePlyTPO,62,"Lognormal, Variable",0.04801389555198292,3.0
1,SinglePlyTPO,62,"KDE, Uniform",0.04697540280767763,2.0
1,SinglePlyTPO,62,"KDE, Variable",0.03669001162885829,1.0
1,SprayedInsulation,11,"Normal, Uniform",0.6131149765419248,6.0
1,SprayedInsulation,11,"Normal, Variable",0.24754918196610692,3.0
1,SprayedInsulation,11,"Lognormal, Uniform",0.3509287939966215,4.0
1,SprayedInsulation,11,"Lognormal, Variable",0.1630666729196229,1.0
1,SprayedInsulation,11,"KDE, Uniform",0.6085226029717681,5.0
1,SprayedInsulation,11,"KDE, Variable",0.19387668402838432,2.0
1,SteelSuspensionAssembly,98,"Normal, Uniform",0.0441073188417246,6.0
1,SteelSuspensionAssembly,98,"Normal, Variable",0.02926466593491116,5.0
1,SteelSuspensionAssembly,98,"Lognormal, Uniform",0.021711660686991856,3.0
1,SteelSuspensionAssembly,98,"Lognormal, Variable",0.013607738615301013,2.0
1,SteelSuspensionAssembly,98,"KDE, Uniform",0.02436775566308946,4.0
1,SteelSuspensionAssembly,98,"KDE, Variable",0.010655761730105026,1.0
1,StoneCladding,19,"Normal, Uniform",0.4686353382076429,4.0
1,StoneCladding,19,"Normal, Variable",0.46786595543925363,3.0
1,StoneCladding,19,"Lognormal, Uniform",0.6386137303885564,6.0
1,StoneCladding,19,"Lognormal, Variable",0.5649008944376931,5.0
1,StoneCladding,19,"KDE, Uniform",0.35215206605150406,1.0
1,StoneCladding,19,"KDE, Variable",0.4311560265643921,2.0
1,StorageFurniture,15,"Normal, Uniform",0.1559851890802586,5.0
1,StorageFurniture,15,"Normal, Variable",0.06053720157217063,2.0
1,StorageFurniture,15,"Lognormal, Uniform",0.10849124535612566,4.0
1,StorageFurniture,15,"Lognormal, Variable",0.05496060459919871,1.0
1,StorageFurniture,15,"KDE, Uniform",0.1721536754190221,6.0
1,StorageFurniture,15,"KDE, Variable",0.07353993989324208,3.0
1,SupplementaryCementitiousMaterials,28,"Normal, Uniform",0.2381779026857942,6.0
1,SupplementaryCementitiousMaterials,28,"Normal, Variable",0.18291071703235123,4.0
1,SupplementaryCementitiousMaterials,28,"Lognormal, Uniform",0.14597817956918,3.0
1,SupplementaryCementitiousMaterials,28,"Lognormal, Variable",0.09383709333915836,1.0
1,SupplementaryCementitiousMaterials,28,"KDE, Uniform",0.21005290770139312,5.0
1,SupplementaryCementitiousMaterials,28,"KDE, Variable",0.1263629183818814,2.0
1,Tables,161,"Normal, Uniform",0.650079441604204,5.0
1,Tables,161,"Normal, Variable",0.6914204534252546,6.0
1,Tables,161,"Lognormal, Uniform",0.2356895684819716,2.0
1,Tables,161,"Lognormal, Variable",0.2343423893933821,1.0
1,Tables,161,"KDE, Uniform",0.241241411085389,3.0
1,Tables,161,"KDE, Variable",0.2842845742509014,4.0
1,TileGrout,43,"Normal, Uniform",0.8059010460113617,6.0
1,TileGrout,43,"Normal, Variable",0.46127725577259465,5.0
1,TileGrout,43,"Lognormal, Uniform",0.20999691537581391,3.0
1,TileGrout,43,"Lognormal, Variable",0.17908025591381216,1.0
1,TileGrout,43,"KDE, Uniform",0.20107365185387077,2.0
1,TileGrout,43,"KDE, Variable",0.2299612561143375,4.0
1,Timber,17,"Normal, Uniform",0.2484125026606788,6.0
1,Timber,17,"Normal, Variable",0.22771426024534314,3.0
1,Timber,17,"Lognormal, Uniform",0.22987297041810748,4.0
1,Timber,17,"Lognormal, Variable",0.22430423758000784,2.0
1,Timber,17,"KDE, Uniform",0.2363387946665948,5.0
1,Timber,17,"KDE, Variable",0.21202859898893966,1.0
1,TranslucentWallAndRoofAssemblies,46,"Normal, Uniform",0.6439469045821608,5.0
1,TranslucentWallAndRoofAssemblies,46,"Normal, Variable",0.7199889193275628,6.0
1,TranslucentWallAndRoofAssemblies,46,"Lognormal, Uniform",0.32069348097003536,3.0
1,TranslucentWallAndRoofAssemblies,46,"Lognormal, Variable",0.31354169529986364,2.0
1,TranslucentWallAndRoofAssemblies,46,"KDE, Uniform",0.13059954105955376,1.0
1,TranslucentWallAndRoofAssemblies,46,"KDE, Variable",0.46906574862223127,4.0
1,UnitSkylights,17,"Normal, Uniform",0.2070486407842359,4.0
1,UnitSkylights,17,"Normal, Variable",0.19295658276777938,3.0
1,UnitSkylights,17,"Lognormal, Uniform",0.2301662010756875,6.0
1,UnitSkylights,17,"Lognormal, Variable",0.16114749890752988,2.0
1,UnitSkylights,17,"KDE, Uniform",0.23000244777749235,5.0
1,UnitSkylights,17,"KDE, Variable",0.15541073891941423,1.0
1,VinylSiding,11,"Normal, Uniform",0.9159837904759528,5.0
1,VinylSiding,11,"Normal, Variable",0.5525356195401918,4.0
1,VinylSiding,11,"Lognormal, Uniform",0.4399751600510127,2.0
1,VinylSiding,11,"Lognormal, Variable",0.23774307458158656,1.0
1,VinylSiding,11,"KDE, Uniform",0.9955466821573427,6.0
1,VinylSiding,11,"KDE, Variable",0.5021161730029695,3.0
1,WallBase,14,"Normal, Uniform",0.13901615796278113,5.0
1,WallBase,14,"Normal, Variable",0.11308094293926603,4.0
1,WallBase,14,"Lognormal, Uniform",0.11220175360765403,3.0
1,WallBase,14,"Lognormal, Variable",0.08014738595382136,1.0
1,WallBase,14,"KDE, Uniform",0.13931615990727467,6.0
1,WallBase,14,"KDE, Variable",0.109021718933104,2.0
1,WallFinishes,173,"Normal, Uniform",1.7569518787282317,5.0
1,WallFinishes,173,"Normal, Variable",2.9450982475218677,6.0
1,WallFinishes,173,"Lognormal, Uniform",0.8308071619436613,3.0
1,WallFinishes,173,"Lognormal, Variable",0.9878630753200166,4.0
1,WallFinishes,173,"KDE, Uniform",0.4431676445026819,2.0
1,WallFinishes,173,"KDE, Variable",0.354947434064652,1.0
1,WallPanels,163,"Normal, Uniform",0.4761918337321542,5.0
1,WallPanels,163,"Normal, Variable",0.4998911355203149,6.0
1,WallPanels,163,"Lognormal, Uniform",0.1412841285269615,4.0
1,WallPanels,163,"Lognormal, Variable",0.13132915321238392,3.0
1,WallPanels,163,"KDE, Uniform",0.09432287828647624,2.0
1,WallPanels,163,"KDE, Variable",0.05837810220153013,1.0
1,WeatherBarriers,59,"Normal, Uniform",0.9366328771339598,5.0
1,WeatherBarriers,59,"Normal, Variable",1.123905250124953,6.0
1,WeatherBarriers,59,"Lognormal, Uniform",0.3907318473167484,3.0
1,WeatherBarriers,59,"Lognormal, Variable",0.3997674661597516,4.0
1,WeatherBarriers,59,"KDE, Uniform",0.1697163736779564,2.0
1,WeatherBarriers,59,"KDE, Variable",0.06549887901665673,1.0
1,WindTurbines,3,"Normal, Uniform",0.3521566929007196,5.0
1,WindTurbines,3,"Normal, Variable",0.10583462429882232,2.0
1,WindTurbines,3,"Lognormal, Uniform",0.3228132448949614,4.0
1,WindTurbines,3,"Lognormal, Variable",0.08945831377203727,1.0
1,WindTurbines,3,"KDE, Uniform",0.4060571352203633,6.0
1,WindTurbines,3,"KDE, Variable",0.12129905318170003,3.0
1,Windows,358,"Normal, Uniform",0.3625547532721768,6.0
1,Windows,358,"Normal, Variable",0.3055318077153659,5.0
1,Windows,358,"Lognormal, Uniform",0.11222107424747989,4.0
1,Windows,358,"Lognormal, Variable",0.11006728954911281,3.0
1,Windows,358,"KDE, Uniform",0.06075209008274508,2.0
1,Windows,358,"KDE, Variable",0.04061154278669154,1.0
1,WireMeshSteel,53,"Normal, Uniform",0.41018532486202985,6.0
1,WireMeshSteel,53,"Normal, Variable",0.1976748750982611,4.0
1,WireMeshSteel,53,"Lognormal, Uniform",0.15507690896633086,3.0
1,WireMeshSteel,53,"Lognormal, Variable",0.12639650551053586,2.0
1,WireMeshSteel,53,"KDE, Uniform",0.20501771538112057,5.0
1,WireMeshSteel,53,"KDE, Variable",0.12067357288341649,1.0
1,WoodDoors,32,"Normal, Uniform",0.19535155879162341,5.0
1,WoodDoors,32,"Normal, Variable",0.22758651240433292,6.0
1,WoodDoors,32,"Lognormal, Uniform",0.16949823495256994,4.0
1,WoodDoors,32,"Lognormal, Variable",0.12104336885941107,2.0
1,WoodDoors,32,"KDE, Uniform",0.11312760244822168,1.0
1,WoodDoors,32,"KDE, Variable",0.15936800362608977,3.0
1,WoodFlooring,86,"Normal, Uniform",0.26368947090566935,5.0
1,WoodFlooring,86,"Normal, Variable",0.26718319195392665,6.0
1,WoodFlooring,86,"Lognormal, Uniform",0.15450436571626167,3.0
1,WoodFlooring,86,"Lognormal, Variable",0.1612684199622589,4.0
1,WoodFlooring,86,"KDE, Uniform",0.11160778812882505,2.0
1,WoodFlooring,86,"KDE, Variable",0.09588004299049233,1.0
1,WoodFraming,7,"Normal, Uniform",0.2567348567982219,5.0
1,WoodFraming,7,"Normal, Variable",0.16310462827960232,3.0
1,WoodFraming,7,"Lognormal, Uniform",0.20127285801409656,4.0
1,WoodFraming,7,"Lognormal, Variable",0.15309514227818993,1.0
1,WoodFraming,7,"KDE, Uniform",0.2570249611047432,6.0
1,WoodFraming,7,"KDE, Variable",0.1567542825310237,2.0
1,WoodJoists,5,"Normal, Uniform",0.23685562915496744,2.0
1,WoodJoists,5,"Normal, Variable",0.24149759953929212,5.0
1,WoodJoists,5,"Lognormal, Uniform",0.2378225394355284,3.0
1,WoodJoists,5,"Lognormal, Variable",0.24020817799883507,4.0
1,WoodJoists,5,"KDE, Uniform",0.21694806476180828,1.0
1,WoodJoists,5,"KDE, Variable",0.2506223249625289,6.0
1,WorkSurfaces,12,"Normal, Uniform",0.33060433928375027,6.0
1,WorkSurfaces,12,"Normal, Variable",0.2685117433568476,3.0
1,WorkSurfaces,12,"Lognormal, Uniform",0.28550581243541107,5.0
1,WorkSurfaces,12,"Lognormal, Variable",0.1860284467189862,1.0
1,WorkSurfaces,12,"KDE, Uniform",0.2687172440890872,4.0
1,WorkSurfaces,12,"KDE, Variable",0.22007534444580984,2.0
2,AccessFlooring,53,"Normal, Uniform",0.20362882706475527,5.0
2,AccessFlooring,53,"Normal, Variable",0.2602627511095375,6.0
2,AccessFlooring,53,"Lognormal, Uniform",0.1476362601237668,3.0
2,AccessFlooring,53,"Lognormal, Variable",0.13734029333575506,2.0
2,AccessFlooring,53,"KDE, Uniform",0.09747943881134995,1.0
2,AccessFlooring,53,"KDE, Variable",0.19344323064878793,4.0
2,AccessFlooringPedestals,13,"Normal, Uniform",0.3789895643102737,5.0
2,AccessFlooringPedestals,13,"Normal, Variable",0.228289550863456,3.0
2,AccessFlooringPedestals,13,"Lognormal, Uniform",0.48023072479437684,6.0
2,AccessFlooringPedestals,13,"Lognormal, Variable",0.21958116895550703,1.0
2,AccessFlooringPedestals,13,"KDE, Uniform",0.3727215837160227,4.0
2,AccessFlooringPedestals,13,"KDE, Variable",0.22435622009645934,2.0
2,AcousticalCeilings,412,"Normal, Uniform",0.9429633346577295,6.0
2,AcousticalCeilings,412,"Normal, Variable",0.8756369193502849,5.0
2,AcousticalCeilings,412,"Lognormal, Uniform",0.2999218797429928,3.0
2,AcousticalCeilings,412,"Lognormal, Variable",0.30325898771307974,4.0
2,AcousticalCeilings,412,"KDE, Uniform",0.10802596562060818,2.0
2,AcousticalCeilings,412,"KDE, Variable",0.056779605343387204,1.0
2,Aggregates,384,"Normal, Uniform",5.132666190219496,6.0
2,Aggregates,384,"Normal, Variable",2.9222388241098205,5.0
2,Aggregates,384,"Lognormal, Uniform",0.9480716603092183,2.0
2,Aggregates,384,"Lognormal, Variable",0.6848743371754271,1.0
2,Aggregates,384,"KDE, Uniform",1.3018490285749904,4.0
2,Aggregates,384,"KDE, Variable",0.9983593873085057,3.0
2,AluminiumBillets,120,"Normal, Uniform",0.33158485921338954,6.0
2,AluminiumBillets,120,"Normal, Variable",0.18013929966216996,4.0
2,AluminiumBillets,120,"Lognormal, Uniform",0.15912024580385567,3.0
2,AluminiumBillets,120,"Lognormal, Variable",0.08588843342403607,2.0
2,AluminiumBillets,120,"KDE, Uniform",0.19299028693746167,5.0
2,AluminiumBillets,120,"KDE, Variable",0.08480692100413453,1.0
2,AluminiumExtrusions,36,"Normal, Uniform",0.30851208329479896,6.0
2,AluminiumExtrusions,36,"Normal, Variable",0.18290798919083373,5.0
2,AluminiumExtrusions,36,"Lognormal, Uniform",0.11364256846265335,2.0
2,AluminiumExtrusions,36,"Lognormal, Variable",0.08215547340708082,1.0
2,AluminiumExtrusions,36,"KDE, Uniform",0.15026786878415915,4.0
2,AluminiumExtrusions,36,"KDE, Variable",0.11723158785833541,3.0
2,AluminiumSheetGoods,26,"Normal, Uniform",0.23093847409973262,3.0
2,AluminiumSheetGoods,26,"Normal, Variable",0.25129149855622307,4.0
2,AluminiumSheetGoods,26,"Lognormal, Uniform",0.2885206160642832,6.0
2,AluminiumSheetGoods,26,"Lognormal, Variable",0.28722216152888846,5.0
2,AluminiumSheetGoods,26,"KDE, Uniform",0.17994959677239242,1.0
2,AluminiumSheetGoods,26,"KDE, Variable",0.2191189376062848,2.0
2,AluminiumSiding,3,"Normal, Uniform",0.19431039224695346,3.0
2,AluminiumSiding,3,"Normal, Variable",0.16896004273072845,1.0
2,AluminiumSiding,3,"Lognormal, Uniform",0.19443591869541754,4.0
2,AluminiumSiding,3,"Lognormal, Variable",0.16901248862755372,2.0
2,AluminiumSiding,3,"KDE, Uniform",0.23431051550045007,6.0
2,AluminiumSiding,3,"KDE, Variable",0.19518032259865226,5.0
2,AluminiumSuspensionAssembly,22,"Normal, Uniform",0.7929824575572264,6.0
2,AluminiumSuspensionAssembly,22,"Normal, Variable",0.5542297212315219,4.0
2,AluminiumSuspensionAssembly,22,"Lognormal, Uniform",0.4715515145904941,2.0
2,AluminiumSuspensionAssembly,22,"Lognormal, Variable",0.25277837973952,1.0
2,AluminiumSuspensionAssembly,22,"KDE, Uniform",0.7862875350622411,5.0
2,AluminiumSuspensionAssembly,22,"KDE, Variable",0.5266850701309203,3.0
2,Asphalt,7232,"Normal, Uniform",0.05527336864304838,6.0
2,Asphalt,7232,"Normal, Variable",0.05321982026005725,5.0
2,Asphalt,7232,"Lognormal, Uniform",0.033137872023295885,4.0
2,Asphalt,7232,"Lognormal, Variable",0.032915133821403916,3.0
2,Asphalt,7232,"KDE, Uniform",0.005155597776777892,2.0
2,Asphalt,7232,"KDE, Variable",0.003237649396711524,1.0
2,BackingAndUnderlay,45,"Normal, Uniform",0.8617869807860702,6.0
2,BackingAndUnderlay,45,"Normal, Variable",0.5841912576747119,5.0
2,BackingAndUnderlay,45,"Lognormal, Uniform",0.2694596173579472,2.0
2,BackingAndUnderlay,45,"Lognormal, Variable",0.16212360268402998,1.0
2,BackingAndUnderlay,45,"KDE, Uniform",0.36448418169160435,3.0
2,BackingAndUnderlay,45,"KDE, Variable",0.3718270944762535,4.0
2,BituminousRoofing,66,"Normal, Uniform",0.26107372336274326,6.0
2,BituminousRoofing,66,"Normal, Variable",0.258151650089115,5.0
2,BituminousRoofing,66,"Lognormal, Uniform",0.09820278958737406,3.0
2,BituminousRoofing,66,"Lognormal, Variable",0.08901766137595611,1.0
2,BituminousRoofing,66,"KDE, Uniform",0.09118606622599873,2.0
2,BituminousRoofing,66,"KDE, Variable",0.10407482782677509,4.0
2,BlanketFacing,28,"Normal, Uniform",0.23398354822137105,6.0
2,BlanketFacing,28,"Normal, Variable",0.2139654888469577,4.0
2,BlanketFacing,28,"Lognormal, Uniform",0.21479582702629632,5.0
2,BlanketFacing,28,"Lognormal, Variable",0.1632609863978221,2.0
2,BlanketFacing,28,"KDE, Uniform",0.18942832004815813,3.0
2,BlanketFacing,28,"KDE, Variable",0.14405597991139885,1.0
2,BlanketInsulation [mineral wool],184,"Normal, Uniform",0.515642980520227,6.0
2,BlanketInsulation [mineral wool],184,"Normal, Variable",0.39119388950844597,5.0
2,BlanketInsulation [mineral wool],184,"Lognormal, Uniform",0.14144193566598243,4.0
2,BlanketInsulation [mineral wool],184,"Lognormal, Variable",0.13837356403638698,3.0
2,BlanketInsulation [mineral wool],184,"KDE, Uniform",0.0914480549732216,2.0
2,BlanketInsulation [mineral wool],184,"KDE, Variable",0.03872020924273476,1.0
2,BlanketInsulation [other],3,"Normal, Uniform",0.32781236880724884,4.0
2,BlanketInsulation [other],3,"Normal, Variable",0.26153459307065163,1.0
2,BlanketInsulation [other],3,"Lognormal, Uniform",0.7221863960734117,6.0
2,BlanketInsulation [other],3,"Lognormal, Variable",0.26161221552489433,2.0
2,BlanketInsulation [other],3,"KDE, Uniform",0.33610552744271593,5.0
2,BlanketInsulation [other],3,"KDE, Variable",0.2926286159754961,3.0
2,BlanketInsulation [type not stated],129,"Normal, Uniform",0.582567382871424,6.0
2,BlanketInsulation [type not stated],129,"Normal, Variable",0.5508879972466023,5.0
2,BlanketInsulation [type not stated],129,"Lognormal, Uniform",0.2190136643971881,4.0
2,BlanketInsulation [type not stated],129,"Lognormal, Variable",0.20745226057491753,3.0
2,BlanketInsulation [type not stated],129,"KDE, Uniform",0.10779296576040831,2.0
2,BlanketInsulation [type not stated],129,"KDE, Variable",0.07636123320590246,1.0
2,BlownInsulation [cellulose],3,"Normal, Uniform",0.6069338492121261,1.0
2,BlownInsulation [cellulose],3,"Normal, Variable",0.6361261854891215,2.0
2,BlownInsulation [cellulose],3,"Lognormal, Uniform",0.6427112856109388,4.0
2,BlownInsulation [cellulose],3,"Lognormal, Variable",0.6762113416730638,5.0
2,BlownInsulation [cellulose],3,"KDE, Uniform",0.6403682778448476,3.0
2,BlownInsulation [cellulose],3,"KDE, Variable",0.7315380138893046,6.0
2,BlownInsulation [type not stated],16,"Normal, Uniform",0.26479718957451026,5.0
2,BlownInsulation [type not stated],16,"Normal, Variable",0.2890074982145577,6.0
2,BlownInsulation [type not stated],16,"Lognormal, Uniform",0.20397485780724772,3.0
2,BlownInsulation [type not stated],16,"Lognormal, Variable",0.19733886891261465,1.0
2,BlownInsulation [type not stated],16,"KDE, Uniform",0.19933384529285744,2.0
2,BlownInsulation [type not stated],16,"KDE, Variable",0.23427935628907479,4.0
2,BoardInsulation [EPS],47,"Normal, Uniform",1.1375478260498446,4.0
2,BoardInsulation [EPS],47,"Normal, Variable",1.8635749496385687,6.0
2,BoardInsulation [EPS],47,"Lognormal, Uniform",0.9265980732052151,3.0
2,BoardInsulation [EPS],47,"Lognormal, Variable",0.8421730128557741,2.0
2,BoardInsulation [EPS],47,"KDE, Uniform",0.7854049278463661,1.0
2,BoardInsulation [EPS],47,"KDE, Variable",1.2846853444755644,5.0
2,BoardInsulation [PIR or PUR],50,"Normal, Uniform",0.7596612820348407,5.0
2,BoardInsulation [PIR or PUR],50,"Normal, Variable",0.8596551846096401,6.0
2,BoardInsulation [PIR or PUR],50,"Lognormal, Uniform",0.28884527906842955,2.0
2,BoardInsulation [PIR or PUR],50,"Lognormal, Variable",0.3038096054996305,3.0
2,BoardInsulation [PIR or PUR],50,"KDE, Uniform",0.15184815390551648,1.0
2,BoardInsulation [PIR or PUR],50,"KDE, Variable",0.4598534138991806,4.0
2,BoardInsulation [XPS],19,"Normal, Uniform",0.5488032459673475,6.0
2,BoardInsulation [XPS],19,"Normal, Variable",0.4321430248929107,5.0
2,BoardInsulation [XPS],19,"Lognormal, Uniform",0.20571857719583211,2.0
2,BoardInsulation [XPS],19,"Lognormal, Variable",0.20378504841609069,1.0
2,BoardInsulation [XPS],19,"KDE, Uniform",0.42846920761303026,4.0
2,BoardInsulation [XPS],19,"KDE, Variable",0.30165531578590415,3.0
2,BoardInsulation [mineral wool],77,"Normal, Uniform",0.17360693104042219,5.0
2,BoardInsulation [mineral wool],77,"Normal, Variable",0.18434039954728298,6.0
2,BoardInsulation [mineral wool],77,"Lognormal, Uniform",0.08311167479774483,4.0
2,BoardInsulation [mineral wool],77,"Lognormal, Variable",0.0717352260180297,2.0
2,BoardInsulation [mineral wool],77,"KDE, Uniform",0.08288812295503079,3.0
2,BoardInsulation [mineral wool],77,"KDE, Variable",0.05585439044957463,1.0
2,BoardInsulation [other],7,"Normal, Uniform",0.38141324433464807,5.0
2,BoardInsulation [other],7,"Normal, Variable",0.14255022799744474,1.0
2,BoardInsulation [other],7,"Lognormal, Uniform",0.3234067610682144,4.0
2,BoardInsulation [other],7,"Lognormal, Variable",0.1955760424622769,3.0
2,BoardInsulation [other],7,"KDE, Uniform",0.444799258959536,6.0
2,BoardInsulation [other],7,"KDE, Variable",0.14599931478869616,2.0
2,BoardInsulation [type not stated],131,"Normal, Uniform",0.2770182842106582,6.0
2,BoardInsulation [type not stated],131,"Normal, Variable",0.276138205691464,5.0
2,BoardInsulation [type not stated],131,"Lognormal, Uniform",0.06958710527252195,1.0
2,BoardInsulation [type not stated],131,"Lognormal, Variable",0.07468106519643325,2.0
2,BoardInsulation [type not stated],131,"KDE, Uniform",0.09208581232687674,3.0
2,BoardInsulation [type not stated],131,"KDE, Variable",0.09450507284562258,4.0
2,Brick,215,"Normal, Uniform",0.9141906711279528,6.0
2,Brick,215,"Normal, Variable",0.7138750784897634,5.0
2,Brick,215,"Lognormal, Uniform",0.2756112288024472,4.0
2,Brick,215,"Lognormal, Variable",0.20827547085359757,3.0
2,Brick,215,"KDE, Uniform",0.14934395301723075,2.0
2,Brick,215,"KDE, Variable",0.025056492366261698,1.0
2,CMU [3000-3999 psi],137,"Normal, Uniform",0.048565560470849124,6.0
2,CMU [3000-3999 psi],137,"Normal, Variable",0.04555494311942428,5.0
2,CMU [3000-3999 psi],137,"Lognormal, Uniform",0.04531925266317135,4.0
2,CMU [3000-3999 psi],137,"Lognormal, Variable",0.03259666231683344,2.0
2,CMU [3000-3999 psi],137,"KDE, Uniform",0.044148958207630914,3.0
2,CMU [3000-3999 psi],137,"KDE, Variable",0.02843186915003168,1.0
2,CMU [4000-4999 psi],18,"Normal, Uniform",0.07561692953914977,5.0
2,CMU [4000-4999 psi],18,"Normal, Variable",0.07846175774274976,6.0
2,CMU [4000-4999 psi],18,"Lognormal, Uniform",0.06586332812415131,3.0
2,CMU [4000-4999 psi],18,"Lognormal, Variable",0.05588254692458792,1.0
2,CMU [4000-4999 psi],18,"KDE, Uniform",0.0608844944158322,2.0
2,CMU [4000-4999 psi],18,"KDE, Variable",0.06851490645482726,4.0
2,CMU [5000-5999 psi],8,"Normal, Uniform",0.057400608894669296,5.0
2,CMU [5000-5999 psi],8,"Normal, Variable",0.024408579981128564,1.0
2,CMU [5000-5999 psi],8,"Lognormal, Uniform",0.05441175085482315,4.0
2,CMU [5000-5999 psi],8,"Lognormal, Variable",0.02442419381350377,2.0
2,CMU [5000-5999 psi],8,"KDE, Uniform",0.06543118547895624,6.0
2,CMU [5000-5999 psi],8,"KDE, Variable",0.027393052715099196,3.0
2,CMU [<3000 psi],274,"Normal, Uniform",0.08367272377861099,6.0
2,CMU [<3000 psi],274,"Normal, Variable",0.08095254379119687,5.0
2,CMU [<3000 psi],274,"Lognormal, Uniform",0.03892866549024294,4.0
2,CMU [<3000 psi],274,"Lognormal, Variable",0.035860922479885766,3.0
2,CMU [<3000 psi],274,"KDE, Uniform",0.023161318674075282,2.0
2,CMU [<3000 psi],274,"KDE, Variable",0.021926214918963655,1.0
2,CMU [>=6000 psi],8,"Normal, Uniform",0.11956520798855866,5.0
2,CMU [>=6000 psi],8,"Normal, Variable",0.05314522581326504,2.0
2,CMU [>=6000 psi],8,"Lognormal, Uniform",0.11038478216501013,4.0
2,CMU [>=6000 psi],8,"Lognormal, Variable",0.04835189673608383,1.0
2,CMU [>=6000 psi],8,"KDE, Uniform",0.14302552545709554,6.0
2,CMU [>=6000 psi],8,"KDE, Variable",0.06695739480630604,3.0
2,CMU [strength not stated],39,"Normal, Uniform",0.07528564259230683,6.0
2,CMU [strength not stated],39,"Normal, Variable",0.05521343277686783,3.0
2,CMU [strength not stated],39,"Lognormal, Uniform",0.0700210805607736,4.0
2,CMU [strength not stated],39,"Lognormal, Variable",0.050657383853407,1.0
2,CMU [strength not stated],39,"KDE, Uniform",0.07076516968564087,5.0
2,CMU [strength not stated],39,"KDE, Variable",0.050854073886953864,2.0
2,CableTrays,59,"Normal, Uniform",0.7309252585194864,5.0
2,CableTrays,59,"Normal, Variable",0.8309378241179812,6.0
2,CableTrays,59,"Lognormal, Uniform",0.2508734170716847,2.0
2,CableTrays,59,"Lognormal, Variable",0.27849502767322576,3.0
2,CableTrays,59,"KDE, Uniform",0.21276495906303233,1.0
2,CableTrays,59,"KDE, Variable",0.46818188806272704,4.0
2,Carpet,1989,"Normal, Uniform",0.07483757266808713,6.0
2,Carpet,1989,"Normal, Variable",0.07460171630206426,5.0
2,Carpet,1989,"Lognormal, Uniform",0.0387927394378513,3.0
2,Carpet,1989,"Lognormal, Variable",0.03884829353697751,4.0
2,Carpet,1989,"KDE, Uniform",0.01630788510750836,2.0
2,Carpet,1989,"KDE, Variable",0.01238458851165387,1.0
2,CastDecksAndUnderlayment,255,"Normal, Uniform",0.05996187732047841,6.0
2,CastDecksAndUnderlayment,255,"Normal, Variable",0.05336319990181951,5.0
2,CastDecksAndUnderlayment,255,"Lognormal, Uniform",0.03446450117789938,3.0
2,CastDecksAndUnderlayment,255,"Lognormal, Variable",0.0401864616384035,4.0
2,CastDecksAndUnderlayment,255,"KDE, Uniform",0.02454055734656318,2.0
2,CastDecksAndUnderlayment,255,"KDE, Variable",0.02043647788871506,1.0
2,Cement,1084,"Normal, Uniform",0.05967558585362612,6.0
2,Cement,1084,"Normal, Variable",0.03428813282435693,4.0
2,Cement,1084,"Lognormal, Uniform",0.03690283315926862,5.0
2,Cement,1084,"Lognormal, Variable",0.024981379100935217,3.0
2,Cement,1084,"KDE, Uniform",0.02316883149503508,2.0
2,Cement,1084,"KDE, Variable",0.011229273724105305,1.0
2,CementBoard,21,"Normal, Uniform",0.22353652414410513,6.0
2,CementBoard,21,"Normal, Variable",0.20709437288757848,4.0
2,CementBoard,21,"Lognormal, Uniform",0.2165127749000986,5.0
2,CementBoard,21,"Lognormal, Variable",0.20420941291764821,3.0
2,CementBoard,21,"KDE, Uniform",0.17330190069921309,2.0
2,CementBoard,21,"KDE, Variable",0.1595650273342939,1.0
2,CementGrout,3764,"Normal, Uniform",0.10327080200104553,6.0
2,CementGrout,3764,"Normal, Variable",0.10057540859593447,5.0
2,CementGrout,3764,"Lognormal, Uniform",0.038580984122332254,4.0
2,CementGrout,3764,"Lognormal, Variable",0.03493934222287047,3.0
2,CementGrout,3764,"KDE, Uniform",0.012807608226859783,2.0
2,CementGrout,3764,"KDE, Variable",0.006420577685001807,1.0
2,CementitiousSheathingBoard,51,"Normal, Uniform",0.21156496082250725,2.0
2,CementitiousSheathingBoard,51,"Normal, Variable",0.21785874946573713,3.0
2,CementitiousSheathingBoard,51,"Lognormal, Uniform",0.37619002050867384,5.0
2,CementitiousSheathingBoard,51,"Lognormal, Variable",0.3934954850546849,6.0
2,CementitiousSheathingBoard,51,"KDE, Uniform",0.1565488265126445,1.0
2,CementitiousSheathingBoard,51,"KDE, Variable",0.2559661820240974,4.0
2,Chairs,86,"Normal, Uniform",2.143670084367966,6.0
2,Chairs,86,"Normal, Variable",1.847886963128568,5.0
2,Chairs,86,"Lognormal, Uniform",0.5733479405323209,2.0
2,Chairs,86,"Lognormal, Variable",0.5257880173866252,1.0
2,Chairs,86,"KDE, Uniform",0.6658877121071141,4.0
2,Chairs,86,"KDE, Variable",0.5848010395565124,3.0
2,Coil,140,"Normal, Uniform",0.15020026933961284,6.0
2,Coil,140,"Normal, Variable",0.14163560449688703,5.0
2,Coil,140,"Lognormal, Uniform",0.1029903787430198,4.0
2,Coil,140,"Lognormal, Variable",0.10108279171424692,3.0
2,Coil,140,"KDE, Uniform",0.07080066876736571,2.0
2,Coil,140,"KDE, Variable",0.06247379022315192,1.0
2,CompositeLumber,16,"Normal, Uniform",0.08166934552136668,6.0
2,CompositeLumber,16,"Normal, Variable",0.0753331325464947,4.0
2,CompositeLumber,16,"Lognormal, Uniform",0.05702590565404572,2.0
2,CompositeLumber,16,"Lognormal, Variable",0.0558037400596484,1.0
2,CompositeLumber,16,"KDE, Uniform",0.0744530530699528,3.0
2,CompositeLumber,16,"KDE, Variable",0.07982158930783997,5.0
2,CompositionSiding,3,"Normal, Uniform",0.3444892384290995,5.0
2,CompositionSiding,3,"Normal, Variable",0.32653815546546267,2.0
2,CompositionSiding,3,"Lognormal, Uniform",0.3447136704022591,6.0
2,CompositionSiding,3,"Lognormal, Variable",0.3267655594363932,3.0
2,CompositionSiding,3,"KDE, Uniform",0.3322305141466123,4.0
2,CompositionSiding,3,"KDE, Variable",0.3167346662363849,1.0
2,ConcreteAdmixtures,118,"Normal, Uniform",2.5506534832804064,6.0
2,ConcreteAdmixtures,118,"Normal, Variable",1.1716118179204957,5.0
2,ConcreteAdmixtures,118,"Lognormal, Uniform",0.25407167242427164,3.0
2,ConcreteAdmixtures,118,"Lognormal, Variable",0.2045756867820159,2.0
2,ConcreteAdmixtures,118,"KDE, Uniform",0.33589852536700293,4.0
2,ConcreteAdmixtures,118,"KDE, Variable",0.1543192574670577,1.0
2,ConcretePaving [3000-3999 psi],108,"Normal, Uniform",0.03545359612946613,6.0
2,ConcretePaving [3000-3999 psi],108,"Normal, Variable",0.03306758842472046,4.0
2,ConcretePaving [3000-3999 psi],108,"Lognormal, Uniform",0.034703593200084315,5.0
2,ConcretePaving [3000-3999 psi],108,"Lognormal, Variable",0.030602731550065734,3.0
2,ConcretePaving [3000-3999 psi],108,"KDE, Uniform",0.02531563651648693,2.0
2,ConcretePaving [3000-3999 psi],108,"KDE, Variable",0.021670719276498933,1.0
2,ConcretePaving [4000-4999 psi],160,"Normal, Uniform",0.061777352253437126,6.0
2,ConcretePaving [4000-4999 psi],160,"Normal, Variable",0.027496910793995244,3.0
2,ConcretePaving [4000-4999 psi],160,"Lognormal, Uniform",0.05210310973293988,4.0
2,ConcretePaving [4000-4999 psi],160,"Lognormal, Variable",0.02165356360547963,2.0
2,ConcretePaving [4000-4999 psi],160,"KDE, Uniform",0.054480374735148565,5.0
2,ConcretePaving [4000-4999 psi],160,"KDE, Variable",0.017313234405894683,1.0
2,ConcretePaving [5000-5999 psi],42,"Normal, Uniform",0.07764350537256645,6.0
2,ConcretePaving [5000-5999 psi],42,"Normal, Variable",0.07292708420251326,4.0
2,ConcretePaving [5000-5999 psi],42,"Lognormal, Uniform",0.07219923066103963,3.0
2,ConcretePaving [5000-5999 psi],42,"Lognormal, Variable",0.07529510636681933,5.0
2,ConcretePaving [5000-5999 psi],42,"KDE, Uniform",0.0496916979200184,1.0
2,ConcretePaving [5000-5999 psi],42,"KDE, Variable",0.062421367656943255,2.0
2,ConcretePaving [<3000 psi],32,"Normal, Uniform",0.06554539823317625,5.0
2,ConcretePaving [<3000 psi],32,"Normal, Variable",0.05161512130346624,2.0
2,ConcretePaving [<3000 psi],32,"Lognormal, Uniform",0.06556918240854238,6.0
2,ConcretePaving [<3000 psi],32,"Lognormal, Variable",0.051625400102832134,3.0
2,ConcretePaving [<3000 psi],32,"KDE, Uniform",0.05953435560686676,4.0
2,ConcretePaving [<3000 psi],32,"KDE, Variable",0.04904538468048371,1.0
2,ConcretePaving [strength not stated],38,"Normal, Uniform",0.30556807383606854,5.0
2,ConcretePaving [strength not stated],38,"Normal, Variable",0.39030806990452616,6.0
2,ConcretePaving [strength not stated],38,"Lognormal, Uniform",0.19421961885885125,3.0
2,ConcretePaving [strength not stated],38,"Lognormal, Variable",0.18690291313348162,2.0
2,ConcretePaving [strength not stated],38,"KDE, Uniform",0.16176675927723094,1.0
2,ConcretePaving [strength not stated],38,"KDE, Variable",0.2337633259589276,4.0
2,Countertops,76,"Normal, Uniform",0.6223499717943493,5.0
2,Countertops,76,"Normal, Variable",0.6528639139653581,6.0
2,Countertops,76,"Lognormal, Uniform",0.22517911677606264,2.0
2,Countertops,76,"Lognormal, Variable",0.20921825649129092,1.0
2,Countertops,76,"KDE, Uniform",0.31567487174641795,4.0
2,Countertops,76,"KDE, Variable",0.283083213174688,3.0
2,CurtainWalls,54,"Normal, Uniform",0.3282091043636848,5.0
2,CurtainWalls,54,"Normal, Variable",0.3618316754345989,6.0
2,CurtainWalls,54,"Lognormal, Uniform",0.15953046067257826,2.0
2,CurtainWalls,54,"Lognormal, Variable",0.16436980828432218,3.0
2,CurtainWalls,54,"KDE, Uniform",0.12069746166394149,1.0
2,CurtainWalls,54,"KDE, Variable",0.19034282088727467,4.0
2,DampproofingAndWaterproofing,162,"Normal, Uniform",2.0115642032118175,5.0
2,DampproofingAndWaterproofing,162,"Normal, Variable",2.4159156941016215,6.0
2,DampproofingAndWaterproofing,162,"Lognormal, Uniform",0.945989650509184,3.0
2,DampproofingAndWaterproofing,162,"Lognormal, Variable",1.0611205821461147,4.0
2,DampproofingAndWaterproofing,162,"KDE, Uniform",0.38674698995955387,2.0
2,DampproofingAndWaterproofing,162,"KDE, Variable",0.11499393999488564,1.0
2,DataCabling,951,"Normal, Uniform",1.227213550012927,5.0
2,DataCabling,951,"Normal, Variable",1.2978821292086793,6.0
2,DataCabling,951,"Lognormal, Uniform",0.5177693332690038,4.0
2,DataCabling,951,"Lognormal, Variable",0.5137494617037153,3.0
2,DataCabling,951,"KDE, Uniform",0.27036938653016523,1.0
2,DataCabling,951,"KDE, Variable",0.38078479138304683,2.0
2,DeckingBoards,7,"Normal, Uniform",0.32015930865308917,5.0
2,DeckingBoards,7,"Normal, Variable",0.1454778796823472,3.0
2,DeckingBoards,7,"Lognormal, Uniform",0.2544010274847705,4.0
2,DeckingBoards,7,"Lognormal, Variable",0.0921283125838974,1.0
2,DeckingBoards,7,"KDE, Uniform",0.3482778118171245,6.0
2,DeckingBoards,7,"KDE, Variable",0.12519033407414584,2.0
2,DeckingSteel,62,"Normal, Uniform",0.057430284802657994,5.0
2,DeckingSteel,62,"Normal, Variable",0.05577616931261785,3.0
2,DeckingSteel,62,"Lognormal, Uniform",0.0574772067139709,6.0
2,DeckingSteel,62,"Lognormal, Variable",0.05584595584872631,4.0
2,DeckingSteel,62,"KDE, Uniform",0.04353448589036893,2.0
2,DeckingSteel,62,"KDE, Variable",0.020946075239184354,1.0
2,DemountablePartitionTrack,4,"Normal, Uniform",0.3188605168024971,4.0
2,DemountablePartitionTrack,4,"Normal, Variable",0.1933620805330123,1.0
2,DemountablePartitionTrack,4,"Lognormal, Uniform",0.612431599823245,6.0
2,DemountablePartitionTrack,4,"Lognormal, Variable",0.1934673714587384,2.0
2,DemountablePartitionTrack,4,"KDE, Uniform",0.39402585884476327,5.0
2,DemountablePartitionTrack,4,"KDE, Variable",0.21814962482881403,3.0
2,DemountablePartitions,45,"Normal, Uniform",0.16444054083288573,6.0
2,DemountablePartitions,45,"Normal, Variable",0.10315442262734412,3.0
2,DemountablePartitions,45,"Lognormal, Uniform",0.14338011249201404,4.0
2,DemountablePartitions,45,"Lognormal, Variable",0.08979066633273311,1.0
2,DemountablePartitions,45,"KDE, Uniform",0.15458350614446809,5.0
2,DemountablePartitions,45,"KDE, Variable",0.09182839179769434,2.0
2,DoorsAndFrames,61,"Normal, Uniform",0.387254959195601,5.0
2,DoorsAndFrames,61,"Normal, Variable",0.49121913349386115,6.0
2,DoorsAndFrames,61,"Lognormal, Uniform",0.2586532405521475,4.0
2,DoorsAndFrames,61,"Lognormal, Variable",0.1586648699343329,2.0
2,DoorsAndFrames,61,"KDE, Uniform",0.19723845215532793,3.0
2,DoorsAndFrames,61,"KDE, Variable",0.10986242396636198,1.0
2,Electrical,3,"Normal, Uniform",0.004203379131574805,3.0
2,Electrical,3,"Normal, Variable",0.0037596199091215546,2.0
2,Electrical,3,"Lognormal, Uniform",0.006021081955884176,5.0
2,Electrical,3,"Lognormal, Variable",0.0037013712040055093,1.0
2,Electrical,3,"KDE, Uniform",0.006053873824888783,6.0
2,Electrical,3,"KDE, Variable",0.004600234550527428,4.0
2,Elevators,20,"Normal, Uniform",1.399416155844167,5.0
2,Elevators,20,"Normal, Variable",0.7286116413724948,4.0
2,Elevators,20,"Lognormal, Uniform",0.699313027549328,2.0
2,Elevators,20,"Lognormal, Variable",0.40202250030369613,1.0
2,Elevators,20,"KDE, Uniform",1.4377385559490812,6.0
2,Elevators,20,"KDE, Variable",0.7175425776277146,3.0
2,FenestrationAccessories,17,"Normal, Uniform",0.8852791225353889,6.0
2,FenestrationAccessories,17,"Normal, Variable",0.15548783737601074,1.0
2,FenestrationAccessories,17,"Lognormal, Uniform",0.42956505247685894,4.0
2,FenestrationAccessories,17,"Lognormal, Variable",0.15758249982114345,2.0
2,FenestrationAccessories,17,"KDE, Uniform",0.838955132813576,5.0
2,FenestrationAccessories,17,"KDE, Variable",0.19246112732026813,3.0
2,FenestrationFraming,259,"Normal, Uniform",0.4287078593799274,5.0
2,FenestrationFraming,259,"Normal, Variable",0.44948234981554874,6.0
2,FenestrationFraming,259,"Lognormal, Uniform",0.07355218654688074,3.0
2,FenestrationFraming,259,"Lognormal, Variable",0.07193808570932583,2.0
2,FenestrationFraming,259,"KDE, Uniform",0.053504506034803084,1.0
2,FenestrationFraming,259,"KDE, Variable",0.08385466431595812,4.0
2,FiberCementSiding,29,"Normal, Uniform",0.20630148768051712,6.0
2,FiberCementSiding,29,"Normal, Variable",0.20572809115202395,5.0
2,FiberCementSiding,29,"Lognormal, Uniform",0.09144452797892332,2.0
2,FiberCementSiding,29,"Lognormal, Variable",0.08139937382877609,1.0
2,FiberCementSiding,29,"KDE, Uniform",0.114872154792458,3.0
2,FiberCementSiding,29,"KDE, Variable",0.13336014007165486,4.0
2,FireAndSmokeProtection,22,"Normal, Uniform",0.39255480386183955,5.0
2,FireAndSmokeProtection,22,"Normal, Variable",0.09499682284700353,2.0
2,FireAndSmokeProtection,22,"Lognormal, Uniform",0.36090968202241447,4.0
2,FireAndSmokeProtection,22,"Lognormal, Variable",0.09936155228780422,3.0
2,FireAndSmokeProtection,22,"KDE, Uniform",0.42279587107056027,6.0
2,FireAndSmokeProtection,22,"KDE, Variable",0.07867929990868121,1.0
2,FlashingAndSheetMetal,12,"Normal, Uniform",0.9210178180865485,6.0
2,FlashingAndSheetMetal,12,"Normal, Variable",0.6430850446365659,4.0
2,FlashingAndSheetMetal,12,"Lognormal, Uniform",0.3745799449728795,2.0
2,FlashingAndSheetMetal,12,"Lognormal, Variable",0.22730031536153833,1.0
2,FlashingAndSheetMetal,12,"KDE, Uniform",0.8356886110532694,5.0
2,FlashingAndSheetMetal,12,"KDE, Variable",0.4292604479025369,3.0
2,FlatGlassPanes,47,"Normal, Uniform",0.6095540194556228,6.0
2,FlatGlassPanes,47,"Normal, Variable",0.33841459851684275,5.0
2,FlatGlassPanes,47,"Lognormal, Uniform",0.20344278327998278,3.0
2,FlatGlassPanes,47,"Lognormal, Variable",0.11579906187108098,1.0
2,FlatGlassPanes,47,"KDE, Uniform",0.28586139641583086,4.0
2,FlatGlassPanes,47,"KDE, Variable",0.18707861406845527,2.0
2,FlowableFill,2008,"Normal, Uniform",0.3031345289415287,5.0
2,FlowableFill,2008,"Normal, Variable",0.30356658978800244,6.0
2,FlowableFill,2008,"Lognormal, Uniform",0.10098950498763212,3.0
2,FlowableFill,2008,"Lognormal, Variable",0.10436849320993388,4.0
2,FlowableFill,2008,"KDE, Uniform",0.03531847233985774,2.0
2,FlowableFill,2008,"KDE, Variable",0.020404683528688666,1.0
2,FoamedInPlace [PIR or PUR],8,"Normal, Uniform",0.5872357351042113,6.0
2,FoamedInPlace [PIR or PUR],8,"Normal, Variable",0.4200015455740627,4.0
2,FoamedInPlace [PIR or PUR],8,"Lognormal, Uniform",0.2658397395077177,2.0
2,FoamedInPlace [PIR or PUR],8,"Lognormal, Variable",0.20465554838762626,1.0
2,FoamedInPlace [PIR or PUR],8,"KDE, Uniform",0.5265100085275805,5.0
2,FoamedInPlace [PIR or PUR],8,"KDE, Variable",0.31097405802593503,3.0
2,FoamedInPlace [type not stated],5,"Normal, Uniform",0.09067643515683008,4.0
2,FoamedInPlace [type not stated],5,"Normal, Variable",0.04082766028652622,1.0
2,FoamedInPlace [type not stated],5,"Lognormal, Uniform",0.0907168759963377,5.0
2,FoamedInPlace [type not stated],5,"Lognormal, Variable",0.04086934423766926,2.0
2,FoamedInPlace [type not stated],5,"KDE, Uniform",0.09989189931292526,6.0
2,FoamedInPlace [type not stated],5,"KDE, Variable",0.04674456578860588,3.0
2,Furnishings,7,"Normal, Uniform",0.16309231941452557,4.0
2,Furnishings,7,"Normal, Variable",0.12352052807248427,1.0
2,Furnishings,7,"Lognormal, Uniform",0.16317688186764556,5.0
2,Furnishings,7,"Lognormal, Variable",0.12363029929542257,2.0
2,Furnishings,7,"KDE, Uniform",0.2020565592726725,6.0
2,Furnishings,7,"KDE, Variable",0.13346849083818568,3.0
2,GlazedDoors,141,"Normal, Uniform",0.6470367289585275,6.0
2,GlazedDoors,141,"Normal, Variable",0.5445340591829817,5.0
2,GlazedDoors,141,"Lognormal, Uniform",0.1532460639406243,4.0
2,GlazedDoors,141,"Lognormal, Variable",0.1282068873005107,2.0
2,GlazedDoors,141,"KDE, Uniform",0.13795773040636666,3.0
2,GlazedDoors,141,"KDE, Variable",0.08367382150740565,1.0
2,Grouting,219,"Normal, Uniform",3.391457311943493,6.0
2,Grouting,219,"Normal, Variable",3.3748456650996985,5.0
2,Grouting,219,"Lognormal, Uniform",0.8488698530571406,4.0
2,Grouting,219,"Lognormal, Variable",0.8032110674874392,3.0
2,Grouting,219,"KDE, Uniform",0.20483906007244357,2.0
2,Grouting,219,"KDE, Variable",0.14532166190371296,1.0
2,Gypsum,771,"Normal, Uniform",0.20475395619546505,6.0
2,Gypsum,771,"Normal, Variable",0.16584211217509479,5.0
2,Gypsum,771,"Lognormal, Uniform",0.06089946324844614,4.0
2,Gypsum,771,"Lognormal, Variable",0.04064896257657519,2.0
2,Gypsum,771,"KDE, Uniform",0.040997518215195775,3.0
2,Gypsum,771,"KDE, Variable",0.016801393254290264,1.0
2,GypsumSheathingBoard,19,"Normal, Uniform",0.09790991250204154,4.0
2,GypsumSheathingBoard,19,"Normal, Variable",0.0747300044968748,3.0
2,GypsumSheathingBoard,19,"Lognormal, Uniform",0.11977700291807565,5.0
2,GypsumSheathingBoard,19,"Lognormal, Variable",0.07448144314452883,2.0
2,GypsumSheathingBoard,19,"KDE, Uniform",0.12083095682051054,6.0
2,GypsumSheathingBoard,19,"KDE, Variable",0.07423245397180214,1.0
2,HeavyTimber,5,"Normal, Uniform",0.514174323549169,4.0
2,HeavyTimber,5,"Normal, Variable",0.48585565432575467,2.0
2,HeavyTimber,5,"Lognormal, Uniform",0.49401871445197454,3.0
2,HeavyTimber,5,"Lognormal, Variable",0.4697245460590242,1.0
2,HeavyTimber,5,"KDE, Uniform",0.5723275441221236,6.0
2,HeavyTimber,5,"KDE, Variable",0.5222254640091294,5.0
2,Hollow,145,"Normal, Uniform",0.04986688264487099,5.0
2,Hollow,145,"Normal, Variable",0.03792371905544196,3.0
2,Hollow,145,"Lognormal, Uniform",0.05187867712390505,6.0
2,Hollow,145,"Lognormal, Variable",0.03748905659955211,2.0
2,Hollow,145,"KDE, Uniform",0.04475970542457766,4.0
2,Hollow,145,"KDE, Variable",0.029646485873760186,1.0
2,HotRolled,81,"Normal, Uniform",0.5153699695470801,6.0
2,HotRolled,81,"Normal, Variable",0.4649831420501295,5.0
2,HotRolled,81,"Lognormal, Uniform",0.2282381156022028,3.0
2,HotRolled,81,"Lognormal, Variable",0.2345199612648406,4.0
2,HotRolled,81,"KDE, Uniform",0.09760175460589678,2.0
2,HotRolled,81,"KDE, Variable",0.05182708292370618,1.0
2,InsulatedRoofPanels,271,"Normal, Uniform",0.053481958404894246,5.0
2,InsulatedRoofPanels,271,"Normal, Variable",0.062319974028584274,6.0
2,InsulatedRoofPanels,271,"Lognormal, Uniform",0.03686386478798643,4.0
2,InsulatedRoofPanels,271,"Lognormal, Variable",0.031792176784195054,3.0
2,InsulatedRoofPanels,271,"KDE, Uniform",0.030650357694873474,2.0
2,InsulatedRoofPanels,271,"KDE, Variable",0.019219340509396124,1.0
2,InsulatedWallPanels,420,"Normal, Uniform",0.056170234439875025,5.0
2,InsulatedWallPanels,420,"Normal, Variable",0.05894511418916801,6.0
2,InsulatedWallPanels,420,"Lognormal, Uniform",0.0225281069568955,3.0
2,InsulatedWallPanels,420,"Lognormal, Variable",0.01983164500623602,2.0
2,InsulatedWallPanels,420,"KDE, Uniform",0.025139658363831092,4.0
2,InsulatedWallPanels,420,"KDE, Variable",0.017116963626350328,1.0
2,InsulatingGlazingUnits,32,"Normal, Uniform",0.5627541804534937,6.0
2,InsulatingGlazingUnits,32,"Normal, Variable",0.3526558067594202,5.0
2,InsulatingGlazingUnits,32,"Lognormal, Uniform",0.24726602564185562,3.0
2,InsulatingGlazingUnits,32,"Lognormal, Variable",0.18846596077695357,1.0
2,InsulatingGlazingUnits,32,"KDE, Uniform",0.3128926371993677,4.0
2,InsulatingGlazingUnits,32,"KDE, Variable",0.2144879484018017,2.0
2,JointProtection,5,"Normal, Uniform",0.12073623398521582,3.0
2,JointProtection,5,"Normal, Variable",0.11044606741161797,1.0
2,JointProtection,5,"Lognormal, Uniform",0.12086369554921118,4.0
2,JointProtection,5,"Lognormal, Variable",0.11052336777602594,2.0
2,JointProtection,5,"KDE, Uniform",0.1570892932193984,6.0
2,JointProtection,5,"KDE, Variable",0.12259132326875713,5.0
2,Laminate,26,"Normal, Uniform",0.3230644546537388,5.0
2,Laminate,26,"Normal, Variable",0.11777469536344715,3.0
2,Laminate,26,"Lognormal, Uniform",0.2372509144542776,4.0
2,Laminate,26,"Lognormal, Variable",0.0846678965308679,1.0
2,Laminate,26,"KDE, Uniform",0.3297224575210578,6.0
2,Laminate,26,"KDE, Variable",0.11134223090431045,2.0
2,MBQ,40,"Normal, Uniform",0.27870867762387996,6.0
2,MBQ,40,"Normal, Variable",0.2519089955197996,5.0
2,MBQ,40,"Lognormal, Uniform",0.10402853478528944,2.0
2,MBQ,40,"Lognormal, Variable",0.10736729533241263,3.0
2,MBQ,40,"KDE, Uniform",0.09217661517432643,1.0
2,MBQ,40,"KDE, Variable",0.14195098707970816,4.0
2,MasonryCement,26,"Normal, Uniform",0.09750875577646456,4.0
2,MasonryCement,26,"Normal, Variable",0.038469722797984544,2.0
2,MasonryCement,26,"Lognormal, Uniform",0.10038759119089855,5.0
2,MasonryCement,26,"Lognormal, Variable",0.03748444194247526,1.0
2,MasonryCement,26,"KDE, Uniform",0.12121428145645274,6.0
2,MasonryCement,26,"KDE, Variable",0.0484976819548057,3.0
2,MassTimber,66,"Normal, Uniform",0.48123798459851097,5.0
2,MassTimber,66,"Normal, Variable",0.5076770334891167,6.0
2,MassTimber,66,"Lognormal, Uniform",0.29949049803152966,3.0
2,MassTimber,66,"Lognormal, Variable",0.30438249118961147,4.0
2,MassTimber,66,"KDE, Uniform",0.14354637658714792,2.0
2,MassTimber,66,"KDE, Variable",0.08509188567182635,1.0
2,MechanicalInsulation,22,"Normal, Uniform",0.41600167726622167,5.0
2,MechanicalInsulation,22,"Normal, Variable",0.5495757683487928,6.0
2,MechanicalInsulation,22,"Lognormal, Uniform",0.2713590022552983,3.0
2,MechanicalInsulation,22,"Lognormal, Variable",0.26985266221110465,2.0
2,MechanicalInsulation,22,"KDE, Uniform",0.2152441199662679,1.0
2,MechanicalInsulation,22,"KDE, Variable",0.3437872800989871,4.0
2,MetalDoorAndFrames,42,"Normal, Uniform",0.24619615918903967,5.0
2,MetalDoorAndFrames,42,"Normal, Variable",0.29304348931985563,6.0
2,MetalDoorAndFrames,42,"Lognormal, Uniform",0.2208988269951375,4.0
2,MetalDoorAndFrames,42,"Lognormal, Variable",0.15010660971161763,1.0
2,MetalDoorAndFrames,42,"KDE, Uniform",0.19068511977436128,3.0
2,MetalDoorAndFrames,42,"KDE, Variable",0.18045043956902457,2.0
2,MetalRailings,13,"Normal, Uniform",0.38036436931467427,6.0
2,MetalRailings,13,"Normal, Variable",0.2533666945731547,3.0
2,MetalRailings,13,"Lognormal, Uniform",0.30213150046350795,4.0
2,MetalRailings,13,"Lognormal, Variable",0.17270251409750814,1.0
2,MetalRailings,13,"KDE, Uniform",0.31389163256113195,5.0
2,MetalRailings,13,"KDE, Variable",0.2043613790385856,2.0
2,MetalStairs,5,"Normal, Uniform",0.1114375006096591,4.0
2,MetalStairs,5,"Normal, Variable",0.10261454405452222,3.0
2,MetalStairs,5,"Lognormal, Uniform",0.09778818855822603,2.0
2,MetalStairs,5,"Lognormal, Variable",0.08808512411091055,1.0
2,MetalStairs,5,"KDE, Uniform",0.12718320608416872,6.0
2,MetalStairs,5,"KDE, Variable",0.11212628577916116,5.0
2,Mirrors,19,"Normal, Uniform",0.08405268980230549,4.0
2,Mirrors,19,"Normal, Variable",0.051659255515884274,2.0
2,Mirrors,19,"Lognormal, Uniform",0.08413460912372342,5.0
2,Mirrors,19,"Lognormal, Variable",0.05159114018722767,1.0
2,Mirrors,19,"KDE, Uniform",0.12086445730548612,6.0
2,Mirrors,19,"KDE, Variable",0.06800657253355805,3.0
2,MiscMetalFabrication,69,"Normal, Uniform",0.12102882166720505,3.0
2,MiscMetalFabrication,69,"Normal, Variable",0.15565272271365593,5.0
2,MiscMetalFabrication,69,"Lognormal, Uniform",0.17130959254203165,6.0
2,MiscMetalFabrication,69,"Lognormal, Variable",0.10830488318879757,2.0
2,MiscMetalFabrication,69,"KDE, Uniform",0.14869369953744993,4.0
2,MiscMetalFabrication,69,"KDE, Variable",0.09819719889024499,1.0
2,Mortar,248,"Normal, Uniform",0.9161014381132078,6.0
2,Mortar,248,"Normal, Variable",0.8988313749866337,5.0
2,Mortar,248,"Lognormal, Uniform",0.31739408904749444,4.0
2,Mortar,248,"Lognormal, Variable",0.29199407221168777,3.0
2,Mortar,248,"KDE, Uniform",0.12372707042116753,2.0
2,Mortar,248,"KDE, Variable",0.061683845672521595,1.0
2,NetworkingCableTrays,22,"Normal, Uniform",0.15812709085139373,4.0
2,NetworkingCableTrays,22,"Normal, Variable",0.11193929719913731,1.0
2,NetworkingCableTrays,22,"Lognormal, Uniform",0.16267285922150387,5.0
2,NetworkingCableTrays,22,"Lognormal, Variable",0.12184004444925994,3.0
2,NetworkingCableTrays,22,"KDE, Uniform",0.18113645199126582,6.0
2,NetworkingCableTrays,22,"KDE, Variable",0.11571845234808709,2.0
2,NetworkingRaceways,32,"Normal, Uniform",0.5245504667501375,4.0
2,NetworkingRaceways,32,"Normal, Variable",0.5620641886969856,5.0
2,NetworkingRaceways,32,"Lognormal, Uniform",0.36597758331368613,3.0
2,NetworkingRaceways,32,"Lognormal, Variable",0.3653611652663544,2.0
2,NetworkingRaceways,32,"KDE, Uniform",0.26808883583430276,1.0
2,NetworkingRaceways,32,"KDE, Variable",0.58771413637204,6.0
2,NonStructuralWood,57,"Normal, Uniform",0.25274076493893916,5.0
2,NonStructuralWood,57,"Normal, Variable",0.42348372032863485,6.0
2,NonStructuralWood,57,"Lognormal, Uniform",0.17273370477360653,4.0
2,NonStructuralWood,57,"Lognormal, Variable",0.16769903687937115,3.0
2,NonStructuralWood,57,"KDE, Uniform",0.1271510701521348,2.0
2,NonStructuralWood,57,"KDE, Variable",0.08674144244577084,1.0
2,OilPatch,282,"Normal, Uniform",0.6218034755311701,6.0
2,OilPatch,282,"Normal, Variable",0.48255128976105005,5.0
2,OilPatch,282,"Lognormal, Uniform",0.1727667302428421,4.0
2,OilPatch,282,"Lognormal, Variable",0.14116546699191773,3.0
2,OilPatch,282,"KDE, Uniform",0.11311678976314134,2.0
2,OilPatch,282,"KDE, Variable",0.03608704441971991,1.0
2,OpenWebMembranes,17,"Normal, Uniform",0.15169994195378309,6.0
2,OpenWebMembranes,17,"Normal, Variable",0.12528569941292703,5.0
2,OpenWebMembranes,17,"Lognormal, Uniform",0.06966421078851134,2.0
2,OpenWebMembranes,17,"Lognormal, Variable",0.06075157430710038,1.0
2,OpenWebMembranes,17,"KDE, Uniform",0.11672394769135862,4.0
2,OpenWebMembranes,17,"KDE, Variable",0.09807723917576161,3.0
2,Openings,12,"Normal, Uniform",0.2659565324170401,5.0
2,Openings,12,"Normal, Variable",0.22479140250574964,2.0
2,Openings,12,"Lognormal, Uniform",0.26608211868047377,6.0
2,Openings,12,"Lognormal, Variable",0.22488776730215007,3.0
2,Openings,12,"KDE, Uniform",0.19736584492273113,1.0
2,Openings,12,"KDE, Variable",0.25766049856204565,4.0
2,OtherFlooring,217,"Normal, Uniform",0.43965286033917794,6.0
2,OtherFlooring,217,"Normal, Variable",0.42631326884000986,5.0
2,OtherFlooring,217,"Lognormal, Uniform",0.09459357127622547,2.0
2,OtherFlooring,217,"Lognormal, Variable",0.09453014799880981,1.0
2,OtherFlooring,217,"KDE, Uniform",0.15070548304068523,3.0
2,OtherFlooring,217,"KDE, Variable",0.15910481805386067,4.0
2,PaintingAndCoating,19,"Normal, Uniform",0.6287483048824974,5.0
2,PaintingAndCoating,19,"Normal, Variable",0.6320751697292474,6.0
2,PaintingAndCoating,19,"Lognormal, Uniform",0.2277678694053768,1.0
2,PaintingAndCoating,19,"Lognormal, Variable",0.24603498977420457,2.0
2,PaintingAndCoating,19,"KDE, Uniform",0.44770876990467845,3.0
2,PaintingAndCoating,19,"KDE, Variable",0.4882087535116554,4.0
2,PlateSteel,72,"Normal, Uniform",0.3269649218982462,6.0
2,PlateSteel,72,"Normal, Variable",0.27641821905659025,5.0
2,PlateSteel,72,"Lognormal, Uniform",0.1961243778032598,4.0
2,PlateSteel,72,"Lognormal, Variable",0.1821287389995717,3.0
2,PlateSteel,72,"KDE, Uniform",0.1102545252125339,2.0
2,PlateSteel,72,"KDE, Variable",0.07521865027122009,1.0
2,PostTensioningSteel,35,"Normal, Uniform",0.028715403510065712,6.0
2,PostTensioningSteel,35,"Normal, Variable",0.026364449459412388,4.0
2,PostTensioningSteel,35,"Lognormal, Uniform",0.024011437350305857,3.0
2,PostTensioningSteel,35,"Lognormal, Variable",0.01868565160676853,1.0
2,PostTensioningSteel,35,"KDE, Uniform",0.026654624699981908,5.0
2,PostTensioningSteel,35,"KDE, Variable",0.023542385467189272,2.0
2,PowerCabling,400,"Normal, Uniform",10.728611329012342,6.0
2,PowerCabling,400,"Normal, Variable",8.399563187831117,5.0
2,PowerCabling,400,"Lognormal, Uniform",1.3488852319802056,4.0
2,PowerCabling,400,"Lognormal, Variable",1.1186769706196606,2.0
2,PowerCabling,400,"KDE, Uniform",0.9825888910023136,1.0
2,PowerCabling,400,"KDE, Variable",1.2826873564747139,3.0
2,PrecastConcrete,499,"Normal, Uniform",0.15150552949976248,5.0
2,PrecastConcrete,499,"Normal, Variable",0.17166227819757474,6.0
2,PrecastConcrete,499,"Lognormal, Uniform",0.08949376209155571,3.0
2,PrecastConcrete,499,"Lognormal, Variable",0.09430877341079738,4.0
2,PrecastConcrete,499,"KDE, Uniform",0.02794908444833521,2.0
2,PrecastConcrete,499,"KDE, Variable",0.017874535511351347,1.0
2,ProcessedNonInsulatingGlassPanes,130,"Normal, Uniform",0.7781003439989043,6.0
2,ProcessedNonInsulatingGlassPanes,130,"Normal, Variable",0.6159784958852239,5.0
2,ProcessedNonInsulatingGlassPanes,130,"Lognormal, Uniform",0.179512958675599,2.0
2,ProcessedNonInsulatingGlassPanes,130,"Lognormal, Variable",0.1561512194104159,1.0
2,ProcessedNonInsulatingGlassPanes,130,"KDE, Uniform",0.2985755741341012,4.0
2,ProcessedNonInsulatingGlassPanes,130,"KDE, Variable",0.18319447848670045,3.0
2,ReadyMix [3000-3999 psi],20814,"Normal, Uniform",0.023969830139724674,5.0
2,ReadyMix [3000-3999 psi],20814,"Normal, Variable",0.024025103062821285,6.0
2,ReadyMix [3000-3999 psi],20814,"Lognormal, Uniform",0.004053865011387434,4.0
2,ReadyMix [3000-3999 psi],20814,"Lognormal, Variable",0.0040315369109929725,3.0
2,ReadyMix [3000-3999 psi],20814,"KDE, Uniform",0.0025855818143392206,1.0
2,ReadyMix [3000-3999 psi],20814,"KDE, Variable",0.0027861262248724886,2.0
2,ReadyMix [4000-4999 psi],31025,"Normal, Uniform",0.01798435285488297,5.0
2,ReadyMix [4000-4999 psi],31025,"Normal, Variable",0.018322570043325534,6.0
2,ReadyMix [4000-4999 psi],31025,"Lognormal, Uniform",0.0039682166337677086,4.0
2,ReadyMix [4000-4999 psi],31025,"Lognormal, Variable",0.0038090001664549435,3.0
2,ReadyMix [4000-4999 psi],31025,"KDE, Uniform",0.002333081120584848,1.0
2,ReadyMix [4000-4999 psi],31025,"KDE, Variable",0.0023722987493511403,2.0
2,ReadyMix [5000-5999 psi],14366,"Normal, Uniform",0.011936270812582828,6.0
2,ReadyMix [5000-5999 psi],14366,"Normal, Variable",0.011721165006672111,5.0
2,ReadyMix [5000-5999 psi],14366,"Lognormal, Uniform",0.009027920890386948,4.0
2,ReadyMix [5000-5999 psi],14366,"Lognormal, Variable",0.008558645411608851,3.0
2,ReadyMix [5000-5999 psi],14366,"KDE, Uniform",0.002659234990553208,1.0
2,ReadyMix [5000-5999 psi],14366,"KDE, Variable",0.002987305113469749,2.0
2,ReadyMix [<3000 psi],3974,"Normal, Uniform",0.01831258345676612,3.0
2,ReadyMix [<3000 psi],3974,"Normal, Variable",0.019992539628992723,4.0
2,ReadyMix [<3000 psi],3974,"Lognormal, Uniform",0.022157729662965225,5.0
2,ReadyMix [<3000 psi],3974,"Lognormal, Variable",0.022715870753618125,6.0
2,ReadyMix [<3000 psi],3974,"KDE, Uniform",0.00449409328348619,1.0
2,ReadyMix [<3000 psi],3974,"KDE, Variable",0.0055130123681940545,2.0
2,ReadyMix [>=6000 psi],7887,"Normal, Uniform",0.019573382928466623,5.0
2,ReadyMix [>=6000 psi],7887,"Normal, Variable",0.01963749165152759,6.0
2,ReadyMix [>=6000 psi],7887,"Lognormal, Uniform",0.010106859972518308,4.0
2,ReadyMix [>=6000 psi],7887,"Lognormal, Variable",0.010049082621625195,3.0
2,ReadyMix [>=6000 psi],7887,"KDE, Uniform",0.0034520479815240736,1.0
2,ReadyMix [>=6000 psi],7887,"KDE, Variable",0.003946456446427412,2.0
2,ReadyMix [strength not stated],8777,"Normal, Uniform",0.07892799542252997,5.0
2,ReadyMix [strength not stated],8777,"Normal, Variable",0.08288619061952121,6.0
2,ReadyMix [strength not stated],8777,"Lognormal, Uniform",0.0164345472232498,4.0
2,ReadyMix [strength not stated],8777,"Lognormal, Variable",0.013267503692291469,3.0
2,ReadyMix [strength not stated],8777,"KDE, Uniform",0.009381230470974325,2.0
2,ReadyMix [strength not stated],8777,"KDE, Variable",0.006808725703588143,1.0
2,RebarSteel,204,"Normal, Uniform",0.30757488210993467,5.0
2,RebarSteel,204,"Normal, Variable",0.35052743661661867,6.0
2,RebarSteel,204,"Lognormal, Uniform",0.15759955578337723,4.0
2,RebarSteel,204,"Lognormal, Variable",0.12776450611364942,3.0
2,RebarSteel,204,"KDE, Uniform",0.07028402219813262,1.0
2,RebarSteel,204,"KDE, Variable",0.08011517395745199,2.0
2,ResilientFlooring,468,"Normal, Uniform",0.5937233884428975,5.0
2,ResilientFlooring,468,"Normal, Variable",0.6363600864170058,6.0
2,ResilientFlooring,468,"Lognormal, Uniform",0.25578364243437796,3.0
2,ResilientFlooring,468,"Lognormal, Variable",0.26466104493747866,4.0
2,ResilientFlooring,468,"KDE, Uniform",0.05012136501263038,2.0
2,ResilientFlooring,468,"KDE, Variable",0.022853369760958232,1.0
2,RoofCoverBoards,20,"Normal, Uniform",0.06148293544082331,4.0
2,RoofCoverBoards,20,"Normal, Variable",0.04686753655243868,2.0
2,RoofCoverBoards,20,"Lognormal, Uniform",0.06154969999217138,5.0
2,RoofCoverBoards,20,"Lognormal, Variable",0.04693266748961113,3.0
2,RoofCoverBoards,20,"KDE, Uniform",0.0702539428255288,6.0
2,RoofCoverBoards,20,"KDE, Variable",0.03936215187071302,1.0
2,RoofPanels,61,"Normal, Uniform",0.2670289295426001,6.0
2,RoofPanels,61,"Normal, Variable",0.21839280006345785,5.0
2,RoofPanels,61,"Lognormal, Uniform",0.14804532845469945,3.0
2,RoofPanels,61,"Lognormal, Variable",0.1363324332446974,2.0
2,RoofPanels,61,"KDE, Uniform",0.18513830221379482,4.0
2,RoofPanels,61,"KDE, Variable",0.13609356261596928,1.0
2,SheathingPanels,71,"Normal, Uniform",0.428439469222476,5.0
2,SheathingPanels,71,"Normal, Variable",0.47430074764507374,6.0
2,SheathingPanels,71,"Lognormal, Uniform",0.28737724895890976,4.0
2,SheathingPanels,71,"Lognormal, Variable",0.2559936715553286,3.0
2,SheathingPanels,71,"KDE, Uniform",0.14600834707669352,1.0
2,SheathingPanels,71,"KDE, Variable",0.16202617835718197,2.0
2,Shotcrete [3000-3999 psi],183,"Normal, Uniform",0.020590630256165275,4.0
2,Shotcrete [3000-3999 psi],183,"Normal, Variable",0.016522434493548115,2.0
2,Shotcrete [3000-3999 psi],183,"Lognormal, Uniform",0.027820715128742613,6.0
2,Shotcrete [3000-3999 psi],183,"Lognormal, Variable",0.01734840904532805,3.0
2,Shotcrete [3000-3999 psi],183,"KDE, Uniform",0.022281766452348653,5.0
2,Shotcrete [3000-3999 psi],183,"KDE, Variable",0.015572183280084285,1.0
2,Shotcrete [4000-4999 psi],651,"Normal, Uniform",0.01112012836999864,5.0
2,Shotcrete [4000-4999 psi],651,"Normal, Variable",0.010853749631244487,3.0
2,Shotcrete [4000-4999 psi],651,"Lognormal, Uniform",0.011264316302724467,6.0
2,Shotcrete [4000-4999 psi],651,"Lognormal, Variable",0.011113707085391143,4.0
2,Shotcrete [4000-4999 psi],651,"KDE, Uniform",0.008486285377142046,2.0
2,Shotcrete [4000-4999 psi],651,"KDE, Variable",0.007722869978209725,1.0
2,Shotcrete [5000-5999 psi],471,"Normal, Uniform",0.021783723272166895,4.0
2,Shotcrete [5000-5999 psi],471,"Normal, Variable",0.023028933969373538,6.0
2,Shotcrete [5000-5999 psi],471,"Lognormal, Uniform",0.02267582132826191,5.0
2,Shotcrete [5000-5999 psi],471,"Lognormal, Variable",0.019330667960524905,3.0
2,Shotcrete [5000-5999 psi],471,"KDE, Uniform",0.01813957253958299,2.0
2,Shotcrete [5000-5999 psi],471,"KDE, Variable",0.009117782895132787,1.0
2,Shotcrete [<3000 psi],4,"Normal, Uniform",0.15913711539318423,5.0
2,Shotcrete [<3000 psi],4,"Normal, Variable",0.14059466718725244,2.0
2,Shotcrete [<3000 psi],4,"Lognormal, Uniform",0.147175022021743,3.0
2,Shotcrete [<3000 psi],4,"Lognormal, Variable",0.12203431303246558,1.0
2,Shotcrete [<3000 psi],4,"KDE, Uniform",0.15960273681161735,6.0
2,Shotcrete [<3000 psi],4,"KDE, Variable",0.14789237289740642,4.0
2,Shotcrete [>=6000 psi],264,"Normal, Uniform",0.037582524774522896,6.0
2,Shotcrete [>=6000 psi],264,"Normal, Variable",0.03538175295672342,5.0
2,Shotcrete [>=6000 psi],264,"Lognormal, Uniform",0.01920059237027184,3.0
2,Shotcrete [>=6000 psi],264,"Lognormal, Variable",0.016251323557893924,2.0
2,Shotcrete [>=6000 psi],264,"KDE, Uniform",0.019679367858384974,4.0
2,Shotcrete [>=6000 psi],264,"KDE, Variable",0.011472987608212297,1.0
2,Shotcrete [strength not stated],96,"Normal, Uniform",0.1003501370040387,6.0
2,Shotcrete [strength not stated],96,"Normal, Variable",0.07939033106051602,5.0
2,Shotcrete [strength not stated],96,"Lognormal, Uniform",0.05689781105340346,4.0
2,Shotcrete [strength not stated],96,"Lognormal, Variable",0.03351782862701842,2.0
2,Shotcrete [strength not stated],96,"KDE, Uniform",0.048456371908870116,3.0
2,Shotcrete [strength not stated],96,"KDE, Variable",0.024752700727552486,1.0
2,SinglePlyEPDM,29,"Normal, Uniform",0.10261179491791866,5.0
2,SinglePlyEPDM,29,"Normal, Variable",0.08409123170368961,4.0
2,SinglePlyEPDM,29,"Lognormal, Uniform",0.07152806853013331,2.0
2,SinglePlyEPDM,29,"Lognormal, Variable",0.05812651877700326,1.0
2,SinglePlyEPDM,29,"KDE, Uniform",0.10680420813299685,6.0
2,SinglePlyEPDM,29,"KDE, Variable",0.0771969662235786,3.0
2,SinglePlyKEE,11,"Normal, Uniform",0.06754593546519491,4.0
2,SinglePlyKEE,11,"Normal, Variable",0.04828899292325746,2.0
2,SinglePlyKEE,11,"Lognormal, Uniform",0.06763504069001906,5.0
2,SinglePlyKEE,11,"Lognormal, Variable",0.04751973580842436,1.0
2,SinglePlyKEE,11,"KDE, Uniform",0.08898326288327282,6.0
2,SinglePlyKEE,11,"KDE, Variable",0.05787082165019036,3.0
2,SinglePlyPVC,74,"Normal, Uniform",0.23591457710587474,6.0
2,SinglePlyPVC,74,"Normal, Variable",0.08551412300006625,3.0
2,SinglePlyPVC,74,"Lognormal, Uniform",0.10973046205481846,4.0
2,SinglePlyPVC,74,"Lognormal, Variable",0.04898095436790924,2.0
2,SinglePlyPVC,74,"KDE, Uniform",0.11036767662191645,5.0
2,SinglePlyPVC,74,"KDE, Variable",0.028959898388962617,1.0
2,SinglePlyPolyurethane,27,"Normal, Uniform",0.7157727855145642,5.0
2,SinglePlyPolyurethane,27,"Normal, Variable",0.8089595272739314,6.0
2,SinglePlyPolyurethane,27,"Lognormal, Uniform",0.33667734449294684,2.0
2,SinglePlyPolyurethane,27,"Lognormal, Variable",0.3349582339248099,1.0
2,SinglePlyPolyurethane,27,"KDE, Uniform",0.5047247800457018,3.0
2,SinglePlyPolyurethane,27,"KDE, Variable",0.6759666718770969,4.0
2,SinglePlyTPO,62,"Normal, Uniform",0.0765957384334905,6.0
2,SinglePlyTPO,62,"Normal, Variable",0.06516120038161957,5.0
2,SinglePlyTPO,62,"Lognormal, Uniform",0.062258055941609186,4.0
2,SinglePlyTPO,62,"Lognormal, Variable",0.04245028899763096,2.0
2,SinglePlyTPO,62,"KDE, Uniform",0.056121418255999006,3.0
2,SinglePlyTPO,62,"KDE, Variable",0.03345358865852234,1.0
2,SprayedInsulation,11,"Normal, Uniform",0.5725630159629183,5.0
2,SprayedInsulation,11,"Normal, Variable",0.5749681037641609,6.0
2,SprayedInsulation,11,"Lognormal, Uniform",0.2917965468960842,2.0
2,SprayedInsulation,11,"Lognormal, Variable",0.26589556292348393,1.0
2,SprayedInsulation,11,"KDE, Uniform",0.3430135495938316,3.0
2,SprayedInsulation,11,"KDE, Variable",0.4268771811262061,4.0
2,SteelSuspensionAssembly,98,"Normal, Uniform",0.04350468731015564,6.0
2,SteelSuspensionAssembly,98,"Normal, Variable",0.023254886080258042,3.0
2,SteelSuspensionAssembly,98,"Lognormal, Uniform",0.023560860155592393,4.0
2,SteelSuspensionAssembly,98,"Lognormal, Variable",0.011745423866296971,1.0
2,SteelSuspensionAssembly,98,"KDE, Uniform",0.02724776956705297,5.0
2,SteelSuspensionAssembly,98,"KDE, Variable",0.013827198556663018,2.0
2,StoneCladding,19,"Normal, Uniform",0.4546117551646002,3.0
2,StoneCladding,19,"Normal, Variable",0.48361233012972227,5.0
2,StoneCladding,19,"Lognormal, Uniform",0.4825200398115862,4.0
2,StoneCladding,19,"Lognormal, Variable",0.5027147788640008,6.0
2,StoneCladding,19,"KDE, Uniform",0.325926520959767,1.0
2,StoneCladding,19,"KDE, Variable",0.445599608990686,2.0
2,StorageFurniture,15,"Normal, Uniform",0.1597542652710654,5.0
2,StorageFurniture,15,"Normal, Variable",0.1688695009093062,6.0
2,StorageFurniture,15,"Lognormal, Uniform",0.1548533637576061,3.0
2,StorageFurniture,15,"Lognormal, Variable",0.11512716871417984,1.0
2,StorageFurniture,15,"KDE, Uniform",0.14479669040613258,2.0
2,StorageFurniture,15,"KDE, Variable",0.15491524608578017,4.0
2,SupplementaryCementitiousMaterials,28,"Normal, Uniform",0.20073103088923955,5.0
2,SupplementaryCementitiousMaterials,28,"Normal, Variable",0.20552750645186313,6.0
2,SupplementaryCementitiousMaterials,28,"Lognormal, Uniform",0.11072868614483004,2.0
2,SupplementaryCementitiousMaterials,28,"Lognormal, Variable",0.10623136026548798,1.0
2,SupplementaryCementitiousMaterials,28,"KDE, Uniform",0.14094014992166182,4.0
2,SupplementaryCementitiousMaterials,28,"KDE, Variable",0.13703171968241828,3.0
2,Tables,161,"Normal, Uniform",0.7553905563430676,6.0
2,Tables,161,"Normal, Variable",0.6086483548804469,5.0
2,Tables,161,"Lognormal, Uniform",0.27414079985247797,2.0
2,Tables,161,"Lognormal, Variable",0.23727679718727512,1.0
2,Tables,161,"KDE, Uniform",0.4134514529457584,4.0
2,Tables,161,"KDE, Variable",0.2782773750966102,3.0
2,TileGrout,43,"Normal, Uniform",0.8520259337108569,6.0
2,TileGrout,43,"Normal, Variable",0.5585211234494354,5.0
2,TileGrout,43,"Lognormal, Uniform",0.2607167262495403,3.0
2,TileGrout,43,"Lognormal, Variable",0.22084948065337343,2.0
2,TileGrout,43,"KDE, Uniform",0.2182422752064867,1.0
2,TileGrout,43,"KDE, Variable",0.2990940851329984,4.0
2,Timber,17,"Normal, Uniform",0.43408200173094535,5.0
2,Timber,17,"Normal, Variable",0.24327765333176823,3.0
2,Timber,17,"Lognormal, Uniform",0.33029126486201177,4.0
2,Timber,17,"Lognormal, Variable",0.1172705167705383,1.0
2,Timber,17,"KDE, Uniform",0.45291526707758256,6.0
2,Timber,17,"KDE, Variable",0.1681300823735259,2.0
2,TranslucentWallAndRoofAssemblies,46,"Normal, Uniform",0.5353343256106335,5.0
2,TranslucentWallAndRoofAssemblies,46,"Normal, Variable",0.6765086125491949,6.0
2,TranslucentWallAndRoofAssemblies,46,"Lognormal, Uniform",0.40916362996540606,3.0
2,TranslucentWallAndRoofAssemblies,46,"Lognormal, Variable",0.3235650308688408,2.0
2,TranslucentWallAndRoofAssemblies,46,"KDE, Uniform",0.2862830644940174,1.0
2,TranslucentWallAndRoofAssemblies,46,"KDE, Variable",0.4556356342680972,4.0
2,UnitSkylights,17,"Normal, Uniform",0.21244261000044157,4.0
2,UnitSkylights,17,"Normal, Variable",0.2327068384682546,6.0
2,UnitSkylights,17,"Lognormal, Uniform",0.21705391039121397,5.0
2,UnitSkylights,17,"Lognormal, Variable",0.20387482162735762,3.0
2,UnitSkylights,17,"KDE, Uniform",0.16831814304969345,1.0
2,UnitSkylights,17,"KDE, Variable",0.19037606458930306,2.0
2,VinylSiding,11,"Normal, Uniform",0.8946174443581627,5.0
2,VinylSiding,11,"Normal, Variable",0.41670952990954424,4.0
2,VinylSiding,11,"Lognormal, Uniform",0.3666247551905054,3.0
2,VinylSiding,11,"Lognormal, Variable",0.16570417468351123,1.0
2,VinylSiding,11,"KDE, Uniform",0.9613887714650609,6.0
2,VinylSiding,11,"KDE, Variable",0.3417591675621704,2.0
2,WallBase,14,"Normal, Uniform",0.1063207883640489,5.0
2,WallBase,14,"Normal, Variable",0.10711881401402987,6.0
2,WallBase,14,"Lognormal, Uniform",0.10175767648929367,3.0
2,WallBase,14,"Lognormal, Variable",0.10024399498936742,2.0
2,WallBase,14,"KDE, Uniform",0.0866030695673709,1.0
2,WallBase,14,"KDE, Variable",0.10506274159909908,4.0
2,WallFinishes,173,"Normal, Uniform",1.6009949265395065,6.0
2,WallFinishes,173,"Normal, Variable",1.2524572029088974,5.0
2,WallFinishes,173,"Lognormal, Uniform",0.5136800399313738,4.0
2,WallFinishes,173,"Lognormal, Variable",0.4567356237754876,3.0
2,WallFinishes,173,"KDE, Uniform",0.32135191764226195,2.0
2,WallFinishes,173,"KDE, Variable",0.2371131063906836,1.0
2,WallPanels,163,"Normal, Uniform",0.40552750195284193,5.0
2,WallPanels,163,"Normal, Variable",0.5311345547196942,6.0
2,WallPanels,163,"Lognormal, Uniform",0.1495641255643514,4.0
2,WallPanels,163,"Lognormal, Variable",0.1461188258660834,3.0
2,WallPanels,163,"KDE, Uniform",0.09567820932082079,2.0
2,WallPanels,163,"KDE, Variable",0.06980140235901038,1.0
2,WeatherBarriers,59,"Normal, Uniform",0.904527676369813,6.0
2,WeatherBarriers,59,"Normal, Variable",0.792187836424659,5.0
2,WeatherBarriers,59,"Lognormal, Uniform",0.2695065802475971,4.0
2,WeatherBarriers,59,"Lognormal, Variable",0.23876888825884082,3.0
2,WeatherBarriers,59,"KDE, Uniform",0.13573944048825487,2.0
2,WeatherBarriers,59,"KDE, Variable",0.0660517046220656,1.0
2,WindTurbines,3,"Normal, Uniform",0.19790492055493036,3.0
2,WindTurbines,3,"Normal, Variable",0.1865192338025885,1.0
2,WindTurbines,3,"Lognormal, Uniform",0.21367939219596055,6.0
2,WindTurbines,3,"Lognormal, Variable",0.21072309747690776,5.0
2,WindTurbines,3,"KDE, Uniform",0.19941324669500943,4.0
2,WindTurbines,3,"KDE, Variable",0.19261515935789522,2.0
2,Windows,358,"Normal, Uniform",0.40902928546473794,5.0
2,Windows,358,"Normal, Variable",0.5142606602642528,6.0
2,Windows,358,"Lognormal, Uniform",0.17876870116481208,3.0
2,Windows,358,"Lognormal, Variable",0.18106773092172376,4.0
2,Windows,358,"KDE, Uniform",0.07751277393516592,2.0
2,Windows,358,"KDE, Variable",0.04142428678340078,1.0
2,WireMeshSteel,53,"Normal, Uniform",0.43683490632386,5.0
2,WireMeshSteel,53,"Normal, Variable",0.6052878250230849,6.0
2,WireMeshSteel,53,"Lognormal, Uniform",0.24027071380123433,3.0
2,WireMeshSteel,53,"Lognormal, Variable",0.22846175714598563,2.0
2,WireMeshSteel,53,"KDE, Uniform",0.17693871737016242,1.0
2,WireMeshSteel,53,"KDE, Variable",0.30370686809879976,4.0
2,WoodDoors,32,"Normal, Uniform",0.2759829721050696,5.0
2,WoodDoors,32,"Normal, Variable",0.30041351812708583,6.0
2,WoodDoors,32,"Lognormal, Uniform",0.19381188811728864,4.0
2,WoodDoors,32,"Lognormal, Variable",0.17888659948745447,3.0
2,WoodDoors,32,"KDE, Uniform",0.10816757233653207,1.0
2,WoodDoors,32,"KDE, Variable",0.17871139320628115,2.0
2,WoodFlooring,86,"Normal, Uniform",0.24357101963888117,6.0
2,WoodFlooring,86,"Normal, Variable",0.18393506028566572,5.0
2,WoodFlooring,86,"Lognormal, Uniform",0.13896840089158644,3.0
2,WoodFlooring,86,"Lognormal, Variable",0.10938767912049932,2.0
2,WoodFlooring,86,"KDE, Uniform",0.15079089417982838,4.0
2,WoodFlooring,86,"KDE, Variable",0.1003193633105091,1.0
2,WoodFraming,7,"Normal, Uniform",0.3238776768257531,5.0
2,WoodFraming,7,"Normal, Variable",0.14969037768501903,3.0
2,WoodFraming,7,"Lognormal, Uniform",0.29464795644288005,4.0
2,WoodFraming,7,"Lognormal, Variable",0.13553871677258827,2.0
2,WoodFraming,7,"KDE, Uniform",0.3810603494966176,6.0
2,WoodFraming,7,"KDE, Variable",0.1347264522906319,1.0
2,WoodJoists,5,"Normal, Uniform",0.23277659672062856,5.0
2,WoodJoists,5,"Normal, Variable",0.2332076929618649,6.0
2,WoodJoists,5,"Lognormal, Uniform",0.2068355751646195,2.0
2,WoodJoists,5,"Lognormal, Variable",0.2066678815212001,1.0
2,WoodJoists,5,"KDE, Uniform",0.21789468609370322,3.0
2,WoodJoists,5,"KDE, Variable",0.22242210248667948,4.0
2,WorkSurfaces,12,"Normal, Uniform",0.23146817010065981,5.0
2,WorkSurfaces,12,"Normal, Variable",0.24143495091923106,6.0
2,WorkSurfaces,12,"Lognormal, Uniform",0.22579936838660183,4.0
2,WorkSurfaces,12,"Lognormal, Variable",0.2143347741637829,3.0
2,WorkSurfaces,12,"KDE, Uniform",0.19537423527952055,1.0
2,WorkSurfaces,12,"KDE, Variable",0.21110505873851299,2.0
3,AccessFlooring,53,"Normal, Uniform",0.4118338204384636,6.0
3,AccessFlooring,53,"Normal, Variable",0.18398129257012014,3.0
3,AccessFlooring,53,"Lognormal, Uniform",0.26844165282594123,4.0
3,AccessFlooring,53,"Lognormal, Variable",0.10820428927654858,1.0
3,AccessFlooring,53,"KDE, Uniform",0.3465862959927112,5.0
3,AccessFlooring,53,"KDE, Variable",0.14589436979555032,2.0
3,AccessFlooringPedestals,13,"Normal, Uniform",0.13272244574688666,3.0
3,AccessFlooringPedestals,13,"Normal, Variable",0.14724266705357617,6.0
3,AccessFlooringPedestals,13,"Lognormal, Uniform",0.1237280680315405,2.0
3,AccessFlooringPedestals,13,"Lognormal, Variable",0.11116300119755373,1.0
3,AccessFlooringPedestals,13,"KDE, Uniform",0.14153038914361266,5.0
3,AccessFlooringPedestals,13,"KDE, Variable",0.13867415810522346,4.0
3,AcousticalCeilings,412,"Normal, Uniform",0.9032097745856236,6.0
3,AcousticalCeilings,412,"Normal, Variable",0.6845490015098796,5.0
3,AcousticalCeilings,412,"Lognormal, Uniform",0.2581254230742023,4.0
3,AcousticalCeilings,412,"Lognormal, Variable",0.2571985685711188,3.0
3,AcousticalCeilings,412,"KDE, Uniform",0.1364831897015354,2.0
3,AcousticalCeilings,412,"KDE, Variable",0.06628056429467635,1.0
3,Aggregates,384,"Normal, Uniform",5.221935721275225,6.0
3,Aggregates,384,"Normal, Variable",2.6064856573319983,5.0
3,Aggregates,384,"Lognormal, Uniform",0.880628107666442,3.0
3,Aggregates,384,"Lognormal, Variable",0.48350996500750254,1.0
3,Aggregates,384,"KDE, Uniform",1.4561475915174709,4.0
3,Aggregates,384,"KDE, Variable",0.8501384244860867,2.0
3,AluminiumBillets,120,"Normal, Uniform",0.2823397011575758,6.0
3,AluminiumBillets,120,"Normal, Variable",0.19905438375507978,5.0
3,AluminiumBillets,120,"Lognormal, Uniform",0.11333947793712741,3.0
3,AluminiumBillets,120,"Lognormal, Variable",0.07433369542905674,1.0
3,AluminiumBillets,120,"KDE, Uniform",0.13532586846847017,4.0
3,AluminiumBillets,120,"KDE, Variable",0.08159148865283111,2.0
3,AluminiumExtrusions,36,"Normal, Uniform",0.3320977188080222,6.0
3,AluminiumExtrusions,36,"Normal, Variable",0.32636072863796894,5.0
3,AluminiumExtrusions,36,"Lognormal, Uniform",0.14538777682472787,2.0
3,AluminiumExtrusions,36,"Lognormal, Variable",0.14804879951438996,3.0
3,AluminiumExtrusions,36,"KDE, Uniform",0.07840883305598012,1.0
3,AluminiumExtrusions,36,"KDE, Variable",0.1699715006059319,4.0
3,AluminiumSheetGoods,26,"Normal, Uniform",0.3899618937595731,6.0
3,AluminiumSheetGoods,26,"Normal, Variable",0.26432079415466836,4.0
3,AluminiumSheetGoods,26,"Lognormal, Uniform",0.22160064117683245,3.0
3,AluminiumSheetGoods,26,"Lognormal, Variable",0.16994619128849692,1.0
3,AluminiumSheetGoods,26,"KDE, Uniform",0.37608078789816257,5.0
3,AluminiumSheetGoods,26,"KDE, Variable",0.1901412889497157,2.0
3,AluminiumSiding,3,"Normal, Uniform",0.3973032873533881,5.0
3,AluminiumSiding,3,"Normal, Variable",0.2248873649429235,2.0
3,AluminiumSiding,3,"Lognormal, Uniform",0.3971794784111862,4.0
3,AluminiumSiding,3,"Lognormal, Variable",0.19628513361382616,1.0
3,AluminiumSiding,3,"KDE, Uniform",0.47620727553192477,6.0
3,AluminiumSiding,3,"KDE, Variable",0.2510759078162573,3.0
3,AluminiumSuspensionAssembly,22,"Normal, Uniform",0.6471974979110702,5.0
3,AluminiumSuspensionAssembly,22,"Normal, Variable",0.7048273419790042,6.0
3,AluminiumSuspensionAssembly,22,"Lognormal, Uniform",0.3593164606534557,1.0
3,AluminiumSuspensionAssembly,22,"Lognormal, Variable",0.3627658514786644,2.0
3,AluminiumSuspensionAssembly,22,"KDE, Uniform",0.4878649398919638,3.0
3,AluminiumSuspensionAssembly,22,"KDE, Variable",0.5889718649540389,4.0
3,Asphalt,7232,"Normal, Uniform",0.054292639949298276,6.0
3,Asphalt,7232,"Normal, Variable",0.05427419601344119,5.0
3,Asphalt,7232,"Lognormal, Uniform",0.031206859044368405,4.0
3,Asphalt,7232,"Lognormal, Variable",0.030483698539266538,3.0
3,Asphalt,7232,"KDE, Uniform",0.004132081209427155,2.0
3,Asphalt,7232,"KDE, Variable",0.00333400319209466,1.0
3,BackingAndUnderlay,45,"Normal, Uniform",0.8769746560872119,6.0
3,BackingAndUnderlay,45,"Normal, Variable",0.618669472377129,5.0
3,BackingAndUnderlay,45,"Lognormal, Uniform",0.2915339305573971,2.0
3,BackingAndUnderlay,45,"Lognormal, Variable",0.21095165022888543,1.0
3,BackingAndUnderlay,45,"KDE, Uniform",0.39208587211249757,3.0
3,BackingAndUnderlay,45,"KDE, Variable",0.42954196547939777,4.0
3,BituminousRoofing,66,"Normal, Uniform",0.3925884269664512,6.0
3,BituminousRoofing,66,"Normal, Variable",0.38255363522355174,5.0
3,BituminousRoofing,66,"Lognormal, Uniform",0.12666275417679834,3.0
3,BituminousRoofing,66,"Lognormal, Variable",0.11576803329327921,2.0
3,BituminousRoofing,66,"KDE, Uniform",0.15298212887036977,4.0
3,BituminousRoofing,66,"KDE, Variable",0.07399437358805681,1.0
3,BlanketFacing,28,"Normal, Uniform",0.3019789041054416,6.0
3,BlanketFacing,28,"Normal, Variable",0.2171847619576224,5.0
3,BlanketFacing,28,"Lognormal, Uniform",0.18682486100406256,3.0
3,BlanketFacing,28,"Lognormal, Variable",0.12117304602777,1.0
3,BlanketFacing,28,"KDE, Uniform",0.20403256999255226,4.0
3,BlanketFacing,28,"KDE, Variable",0.12987811802044025,2.0
3,BlanketInsulation [mineral wool],184,"Normal, Uniform",0.5816647450815329,6.0
3,BlanketInsulation [mineral wool],184,"Normal, Variable",0.5800363945688777,5.0
3,BlanketInsulation [mineral wool],184,"Lognormal, Uniform",0.22997496253361338,3.0
3,BlanketInsulation [mineral wool],184,"Lognormal, Variable",0.23029233779134434,4.0
3,BlanketInsulation [mineral wool],184,"KDE, Uniform",0.06847232520725496,2.0
3,BlanketInsulation [mineral wool],184,"KDE, Variable",0.04364810180587264,1.0
3,BlanketInsulation [other],3,"Normal, Uniform",0.3710232763424234,4.0
3,BlanketInsulation [other],3,"Normal, Variable",0.23082704235957036,1.0
3,BlanketInsulation [other],3,"Lognormal, Uniform",0.4704885339220811,5.0
3,BlanketInsulation [other],3,"Lognormal, Variable",0.23553706336404925,2.0
3,BlanketInsulation [other],3,"KDE, Uniform",0.5227410126786101,6.0
3,BlanketInsulation [other],3,"KDE, Variable",0.2747538327329622,3.0
3,BlanketInsulation [type not stated],129,"Normal, Uniform",0.40484026375595306,5.0
3,BlanketInsulation [type not stated],129,"Normal, Variable",0.5130457917757019,6.0
3,BlanketInsulation [type not stated],129,"Lognormal, Uniform",0.2925788249606708,4.0
3,BlanketInsulation [type not stated],129,"Lognormal, Variable",0.19247140804033794,2.0
3,BlanketInsulation [type not stated],129,"KDE, Uniform",0.1967272835440956,3.0
3,BlanketInsulation [type not stated],129,"KDE, Variable",0.15628849363381225,1.0
3,BlownInsulation [cellulose],3,"Normal, Uniform",1.0335526532645227,5.0
3,BlownInsulation [cellulose],3,"Normal, Variable",0.3723866883058735,3.0
3,BlownInsulation [cellulose],3,"Lognormal, Uniform",0.7024324082466737,4.0
3,BlownInsulation [cellulose],3,"Lognormal, Variable",0.1795181815347811,1.0
3,BlownInsulation [cellulose],3,"KDE, Uniform",1.3230614887236247,6.0
3,BlownInsulation [cellulose],3,"KDE, Variable",0.3712306692227211,2.0
3,BlownInsulation [type not stated],16,"Normal, Uniform",0.2038738581298653,6.0
3,BlownInsulation [type not stated],16,"Normal, Variable",0.18341031825942522,4.0
3,BlownInsulation [type not stated],16,"Lognormal, Uniform",0.16130508504229724,2.0
3,BlownInsulation [type not stated],16,"Lognormal, Variable",0.16908488358607865,3.0
3,BlownInsulation [type not stated],16,"KDE, Uniform",0.18604195137258037,5.0
3,BlownInsulation [type not stated],16,"KDE, Variable",0.15149266749651802,1.0
3,BoardInsulation [EPS],47,"Normal, Uniform",0.7428640152877826,6.0
3,BoardInsulation [EPS],47,"Normal, Variable",0.5425294489402208,5.0
3,BoardInsulation [EPS],47,"Lognormal, Uniform",0.12508856212265268,1.0
3,BoardInsulation [EPS],47,"Lognormal, Variable",0.13569135420770678,2.0
3,BoardInsulation [EPS],47,"KDE, Uniform",0.20072283845613437,3.0
3,BoardInsulation [EPS],47,"KDE, Variable",0.3330489205060048,4.0
3,BoardInsulation [PIR or PUR],50,"Normal, Uniform",0.8751665726332836,5.0
3,BoardInsulation [PIR or PUR],50,"Normal, Variable",0.9897284962252766,6.0
3,BoardInsulation [PIR or PUR],50,"Lognormal, Uniform",0.41384969597028276,2.0
3,BoardInsulation [PIR or PUR],50,"Lognormal, Variable",0.4175265575606826,3.0
3,BoardInsulation [PIR or PUR],50,"KDE, Uniform",0.20673230105746077,1.0
3,BoardInsulation [PIR or PUR],50,"KDE, Variable",0.5835802997851232,4.0
3,BoardInsulation [XPS],19,"Normal, Uniform",0.4701262244135903,4.0
3,BoardInsulation [XPS],19,"Normal, Variable",0.5584998128207781,6.0
3,BoardInsulation [XPS],19,"Lognormal, Uniform",0.3126584708222859,3.0
3,BoardInsulation [XPS],19,"Lognormal, Variable",0.27381195282859305,1.0
3,BoardInsulation [XPS],19,"KDE, Uniform",0.3124771472038257,2.0
3,BoardInsulation [XPS],19,"KDE, Variable",0.4858199243882879,5.0
3,BoardInsulation [mineral wool],77,"Normal, Uniform",0.11110634792259766,3.0
3,BoardInsulation [mineral wool],77,"Normal, Variable",0.15783099513536747,6.0
3,BoardInsulation [mineral wool],77,"Lognormal, Uniform",0.11247781364700474,4.0
3,BoardInsulation [mineral wool],77,"Lognormal, Variable",0.07255275960359904,2.0
3,BoardInsulation [mineral wool],77,"KDE, Uniform",0.11392256668944832,5.0
3,BoardInsulation [mineral wool],77,"KDE, Variable",0.06501588657246361,1.0
3,BoardInsulation [other],7,"Normal, Uniform",0.2818973197179139,2.0
3,BoardInsulation [other],7,"Normal, Variable",0.3117548854156209,4.0
3,BoardInsulation [other],7,"Lognormal, Uniform",0.42968486818697843,6.0
3,BoardInsulation [other],7,"Lognormal, Variable",0.40837019832832483,5.0
3,BoardInsulation [other],7,"KDE, Uniform",0.24160946637871825,1.0
3,BoardInsulation [other],7,"KDE, Variable",0.288095690451443,3.0
3,BoardInsulation [type not stated],131,"Normal, Uniform",0.2545271576801854,5.0
3,BoardInsulation [type not stated],131,"Normal, Variable",0.26327906552494673,6.0
3,BoardInsulation [type not stated],131,"Lognormal, Uniform",0.11796524286517998,4.0
3,BoardInsulation [type not stated],131,"Lognormal, Variable",0.11459608587004459,3.0
3,BoardInsulation [type not stated],131,"KDE, Uniform",0.07190216646776326,1.0
3,BoardInsulation [type not stated],131,"KDE, Variable",0.1125348130153184,2.0
3,Brick,215,"Normal, Uniform",0.8581472309643331,5.0
3,Brick,215,"Normal, Variable",1.121725729624465,6.0
3,Brick,215,"Lognormal, Uniform",0.34709037749344895,3.0
3,Brick,215,"Lognormal, Variable",0.3724123336471075,4.0
3,Brick,215,"KDE, Uniform",0.13898173476303935,2.0
3,Brick,215,"KDE, Variable",0.0325130434596194,1.0
3,CMU [3000-3999 psi],137,"Normal, Uniform",0.05041905937942542,6.0
3,CMU [3000-3999 psi],137,"Normal, Variable",0.04913343624542699,5.0
3,CMU [3000-3999 psi],137,"Lognormal, Uniform",0.03367776082037469,4.0
3,CMU [3000-3999 psi],137,"Lognormal, Variable",0.033590390214321864,3.0
3,CMU [3000-3999 psi],137,"KDE, Uniform",0.02945392270499009,2.0
3,CMU [3000-3999 psi],137,"KDE, Variable",0.025532522873645734,1.0
3,CMU [4000-4999 psi],18,"Normal, Uniform",0.08769280856797912,5.0
3,CMU [4000-4999 psi],18,"Normal, Variable",0.07267601715768313,4.0
3,CMU [4000-4999 psi],18,"Lognormal, Uniform",0.06699014496083043,2.0
3,CMU [4000-4999 psi],18,"Lognormal, Variable",0.04609772326801039,1.0
3,CMU [4000-4999 psi],18,"KDE, Uniform",0.0995498818108562,6.0
3,CMU [4000-4999 psi],18,"KDE, Variable",0.07008489821803725,3.0
3,CMU [5000-5999 psi],8,"Normal, Uniform",0.05001239008964314,4.0
3,CMU [5000-5999 psi],8,"Normal, Variable",0.04563106357109799,2.0
3,CMU [5000-5999 psi],8,"Lognormal, Uniform",0.051157280967649384,5.0
3,CMU [5000-5999 psi],8,"Lognormal, Variable",0.04186138384911579,1.0
3,CMU [5000-5999 psi],8,"KDE, Uniform",0.05310275567717654,6.0
3,CMU [5000-5999 psi],8,"KDE, Variable",0.04932077252381096,3.0
3,CMU [<3000 psi],274,"Normal, Uniform",0.08580399383652411,5.0
3,CMU [<3000 psi],274,"Normal, Variable",0.08704271449557974,6.0
3,CMU [<3000 psi],274,"Lognormal, Uniform",0.03830013883380049,4.0
3,CMU [<3000 psi],274,"Lognormal, Variable",0.03696419815412786,3.0
3,CMU [<3000 psi],274,"KDE, Uniform",0.01862078848328621,1.0
3,CMU [<3000 psi],274,"KDE, Variable",0.023850864737638942,2.0
3,CMU [>=6000 psi],8,"Normal, Uniform",0.16432086006741448,4.0
3,CMU [>=6000 psi],8,"Normal, Variable",0.09630729276433105,1.0
3,CMU [>=6000 psi],8,"Lognormal, Uniform",0.17428105661991858,5.0
3,CMU [>=6000 psi],8,"Lognormal, Variable",0.09632363743892217,2.0
3,CMU [>=6000 psi],8,"KDE, Uniform",0.1765293014000649,6.0
3,CMU [>=6000 psi],8,"KDE, Variable",0.10371019193530118,3.0
3,CMU [strength not stated],39,"Normal, Uniform",0.06257693571007367,4.0
3,CMU [strength not stated],39,"Normal, Variable",0.030402941376526944,1.0
3,CMU [strength not stated],39,"Lognormal, Uniform",0.0647528740924634,5.0
3,CMU [strength not stated],39,"Lognormal, Variable",0.03167353995040979,2.0
3,CMU [strength not stated],39,"KDE, Uniform",0.06853949242623827,6.0
3,CMU [strength not stated],39,"KDE, Variable",0.03422242265718083,3.0
3,CableTrays,59,"Normal, Uniform",0.49516079200936247,5.0
3,CableTrays,59,"Normal, Variable",0.6273687784986259,6.0
3,CableTrays,59,"Lognormal, Uniform",0.2334758045176323,4.0
3,CableTrays,59,"Lognormal, Variable",0.1911686181145431,2.0
3,CableTrays,59,"KDE, Uniform",0.14947380781283004,1.0
3,CableTrays,59,"KDE, Variable",0.21372410451515866,3.0
3,Carpet,1989,"Normal, Uniform",0.09011691565032726,6.0
3,Carpet,1989,"Normal, Variable",0.08688837345010847,5.0
3,Carpet,1989,"Lognormal, Uniform",0.050085453488176994,4.0
3,Carpet,1989,"Lognormal, Variable",0.049813443669323186,3.0
3,Carpet,1989,"KDE, Uniform",0.020511715810712393,2.0
3,Carpet,1989,"KDE, Variable",0.014878565088090418,1.0
3,CastDecksAndUnderlayment,255,"Normal, Uniform",0.05601441752075527,5.0
3,CastDecksAndUnderlayment,255,"Normal, Variable",0.056105083578376444,6.0
3,CastDecksAndUnderlayment,255,"Lognormal, Uniform",0.035088522222445045,4.0
3,CastDecksAndUnderlayment,255,"Lognormal, Variable",0.03279769424202567,2.0
3,CastDecksAndUnderlayment,255,"KDE, Uniform",0.033787828717578065,3.0
3,CastDecksAndUnderlayment,255,"KDE, Variable",0.021827481890380307,1.0
3,Cement,1084,"Normal, Uniform",0.05501192384406945,5.0
3,Cement,1084,"Normal, Variable",0.06397864086089079,6.0
3,Cement,1084,"Lognormal, Uniform",0.041393299083270496,3.0
3,Cement,1084,"Lognormal, Variable",0.043735664910022454,4.0
3,Cement,1084,"KDE, Uniform",0.01696155869756202,2.0
3,Cement,1084,"KDE, Variable",0.012863318349647239,1.0
3,CementBoard,21,"Normal, Uniform",0.18137813517096568,6.0
3,CementBoard,21,"Normal, Variable",0.15722398412340696,4.0
3,CementBoard,21,"Lognormal, Uniform",0.13727927384501679,3.0
3,CementBoard,21,"Lognormal, Variable",0.10897921107475231,1.0
3,CementBoard,21,"KDE, Uniform",0.1708863725304258,5.0
3,CementBoard,21,"KDE, Variable",0.13171721829789945,2.0
3,CementGrout,3764,"Normal, Uniform",0.09487559953280017,5.0
3,CementGrout,3764,"Normal, Variable",0.09547841690230029,6.0
3,CementGrout,3764,"Lognormal, Uniform",0.03076317920648275,3.0
3,CementGrout,3764,"Lognormal, Variable",0.033029070673846674,4.0
3,CementGrout,3764,"KDE, Uniform",0.006691585053797398,2.0
3,CementGrout,3764,"KDE, Variable",0.006505692327701777,1.0
3,CementitiousSheathingBoard,51,"Normal, Uniform",0.2847592471917203,2.0
3,CementitiousSheathingBoard,51,"Normal, Variable",0.30012272576156784,4.0
3,CementitiousSheathingBoard,51,"Lognormal, Uniform",0.2901877675679872,3.0
3,CementitiousSheathingBoard,51,"Lognormal, Variable",0.3086455165116583,6.0
3,CementitiousSheathingBoard,51,"KDE, Uniform",0.20934105156847166,1.0
3,CementitiousSheathingBoard,51,"KDE, Variable",0.30800639358181514,5.0
3,Chairs,86,"Normal, Uniform",1.996578623492794,6.0
3,Chairs,86,"Normal, Variable",1.7842015408110141,5.0
3,Chairs,86,"Lognormal, Uniform",0.5290914931803561,2.0
3,Chairs,86,"Lognormal, Variable",0.5429611460636269,3.0
3,Chairs,86,"KDE, Uniform",0.5266237621124288,1.0
3,Chairs,86,"KDE, Variable",0.6111165555497281,4.0
3,Coil,140,"Normal, Uniform",0.14343735151349474,6.0
3,Coil,140,"Normal, Variable",0.08352516450950767,2.0
3,Coil,140,"Lognormal, Uniform",0.1252853631421216,5.0
3,Coil,140,"Lognormal, Variable",0.08769911692817166,4.0
3,Coil,140,"KDE, Uniform",0.08720916647768906,3.0
3,Coil,140,"KDE, Variable",0.0362735998506222,1.0
3,CompositeLumber,16,"Normal, Uniform",0.1495912783773983,5.0
3,CompositeLumber,16,"Normal, Variable",0.15789085466248712,6.0
3,CompositeLumber,16,"Lognormal, Uniform",0.11385030135452248,2.0
3,CompositeLumber,16,"Lognormal, Variable",0.11044551705494453,1.0
3,CompositeLumber,16,"KDE, Uniform",0.12336856197381282,3.0
3,CompositeLumber,16,"KDE, Variable",0.13474214129919615,4.0
3,CompositionSiding,3,"Normal, Uniform",0.5218166052144261,5.0
3,CompositionSiding,3,"Normal, Variable",0.15119960821883638,2.0
3,CompositionSiding,3,"Lognormal, Uniform",0.5221541500531541,6.0
3,CompositionSiding,3,"Lognormal, Variable",0.15165762414084066,3.0
3,CompositionSiding,3,"KDE, Uniform",0.5110207407389316,4.0
3,CompositionSiding,3,"KDE, Variable",0.14221336708285431,1.0
3,ConcreteAdmixtures,118,"Normal, Uniform",2.6699591866296406,6.0
3,ConcreteAdmixtures,118,"Normal, Variable",1.4724048421696998,5.0
3,ConcreteAdmixtures,118,"Lognormal, Uniform",0.37650781159140034,4.0
3,ConcreteAdmixtures,118,"Lognormal, Variable",0.25798117536909904,2.0
3,ConcreteAdmixtures,118,"KDE, Uniform",0.36609645764676946,3.0
3,ConcreteAdmixtures,118,"KDE, Variable",0.11407901830223337,1.0
3,ConcretePaving [3000-3999 psi],108,"Normal, Uniform",0.03084178888401258,6.0
3,ConcretePaving [3000-3999 psi],108,"Normal, Variable",0.03041502654228995,4.0
3,ConcretePaving [3000-3999 psi],108,"Lognormal, Uniform",0.03076660905358003,5.0
3,ConcretePaving [3000-3999 psi],108,"Lognormal, Variable",0.029862414823640167,3.0
3,ConcretePaving [3000-3999 psi],108,"KDE, Uniform",0.029060014101500886,2.0
3,ConcretePaving [3000-3999 psi],108,"KDE, Variable",0.02521428898912618,1.0
3,ConcretePaving [4000-4999 psi],160,"Normal, Uniform",0.04359415711083074,6.0
3,ConcretePaving [4000-4999 psi],160,"Normal, Variable",0.0434326143230799,5.0
3,ConcretePaving [4000-4999 psi],160,"Lognormal, Uniform",0.03824381041282769,4.0
3,ConcretePaving [4000-4999 psi],160,"Lognormal, Variable",0.03640701849339116,3.0
3,ConcretePaving [4000-4999 psi],160,"KDE, Uniform",0.03175626425547802,2.0
3,ConcretePaving [4000-4999 psi],160,"KDE, Variable",0.019101463463821737,1.0
3,ConcretePaving [5000-5999 psi],42,"Normal, Uniform",0.08361414093986481,6.0
3,ConcretePaving [5000-5999 psi],42,"Normal, Variable",0.0642372501643588,3.0
3,ConcretePaving [5000-5999 psi],42,"Lognormal, Uniform",0.07516582687170326,5.0
3,ConcretePaving [5000-5999 psi],42,"Lognormal, Variable",0.055800867037308216,2.0
3,ConcretePaving [5000-5999 psi],42,"KDE, Uniform",0.07484753354608475,4.0
3,ConcretePaving [5000-5999 psi],42,"KDE, Variable",0.04915468024585577,1.0
3,ConcretePaving [<3000 psi],32,"Normal, Uniform",0.04890024832706763,5.0
3,ConcretePaving [<3000 psi],32,"Normal, Variable",0.04114380863509638,1.0
3,ConcretePaving [<3000 psi],32,"Lognormal, Uniform",0.04893069374255048,6.0
3,ConcretePaving [<3000 psi],32,"Lognormal, Variable",0.04116554755098924,2.0
3,ConcretePaving [<3000 psi],32,"KDE, Uniform",0.04841412387975927,4.0
3,ConcretePaving [<3000 psi],32,"KDE, Variable",0.046976289446970965,3.0
3,ConcretePaving [strength not stated],38,"Normal, Uniform",0.35972350005206744,6.0
3,ConcretePaving [strength not stated],38,"Normal, Variable",0.09556493101897029,3.0
3,ConcretePaving [strength not stated],38,"Lognormal, Uniform",0.18877433898442186,4.0
3,ConcretePaving [strength not stated],38,"Lognormal, Variable",0.05649689267557745,1.0
3,ConcretePaving [strength not stated],38,"KDE, Uniform",0.23192212023979425,5.0
3,ConcretePaving [strength not stated],38,"KDE, Variable",0.07530138321881097,2.0
3,Countertops,76,"Normal, Uniform",0.5336108516781299,6.0
3,Countertops,76,"Normal, Variable",0.5077353168928844,5.0
3,Countertops,76,"Lognormal, Uniform",0.15152725851776389,2.0
3,Countertops,76,"Lognormal, Variable",0.1435925777324791,1.0
3,Countertops,76,"KDE, Uniform",0.25411186248043793,4.0
3,Countertops,76,"KDE, Variable",0.21735615911984507,3.0
3,CurtainWalls,54,"Normal, Uniform",0.2605716474736358,5.0
3,CurtainWalls,54,"Normal, Variable",0.3340938200093485,6.0
3,CurtainWalls,54,"Lognormal, Uniform",0.1980016146144329,4.0
3,CurtainWalls,54,"Lognormal, Variable",0.16044762002418464,2.0
3,CurtainWalls,54,"KDE, Uniform",0.14354269475379938,1.0
3,CurtainWalls,54,"KDE, Variable",0.191108608286917,3.0
3,DampproofingAndWaterproofing,162,"Normal, Uniform",1.936740087979417,5.0
3,DampproofingAndWaterproofing,162,"Normal, Variable",2.261642267223082,6.0
3,DampproofingAndWaterproofing,162,"Lognormal, Uniform",0.7519176119125609,3.0
3,DampproofingAndWaterproofing,162,"Lognormal, Variable",0.8539815114270762,4.0
3,DampproofingAndWaterproofing,162,"KDE, Uniform",0.16930482089207693,2.0
3,DampproofingAndWaterproofing,162,"KDE, Variable",0.08947413399180454,1.0
3,DataCabling,951,"Normal, Uniform",1.285487931585021,6.0
3,DataCabling,951,"Normal, Variable",1.2413997794118385,5.0
3,DataCabling,951,"Lognormal, Uniform",0.49267074202628275,3.0
3,DataCabling,951,"Lognormal, Variable",0.4994837800701743,4.0
3,DataCabling,951,"KDE, Uniform",0.37437664472800947,2.0
3,DataCabling,951,"KDE, Variable",0.30611238577382693,1.0
3,DeckingBoards,7,"Normal, Uniform",0.21853293044156305,5.0
3,DeckingBoards,7,"Normal, Variable",0.22106042955912691,6.0
3,DeckingBoards,7,"Lognormal, Uniform",0.16208600858400057,2.0
3,DeckingBoards,7,"Lognormal, Variable",0.15310081946500698,1.0
3,DeckingBoards,7,"KDE, Uniform",0.20152213253594287,3.0
3,DeckingBoards,7,"KDE, Variable",0.20537811991275454,4.0
3,DeckingSteel,62,"Normal, Uniform",0.040328627598942436,4.0
3,DeckingSteel,62,"Normal, Variable",0.031464877803240365,1.0
3,DeckingSteel,62,"Lognormal, Uniform",0.04033400807957647,5.0
3,DeckingSteel,62,"Lognormal, Variable",0.03147699170042885,2.0
3,DeckingSteel,62,"KDE, Uniform",0.04798829040188117,6.0
3,DeckingSteel,62,"KDE, Variable",0.03202604918489555,3.0
3,DemountablePartitionTrack,4,"Normal, Uniform",0.23845075459908463,4.0
3,DemountablePartitionTrack,4,"Normal, Variable",0.19931486816713703,1.0
3,DemountablePartitionTrack,4,"Lognormal, Uniform",0.5376855811234283,6.0
3,DemountablePartitionTrack,4,"Lognormal, Variable",0.1994107687953905,2.0
3,DemountablePartitionTrack,4,"KDE, Uniform",0.2551371632042142,5.0
3,DemountablePartitionTrack,4,"KDE, Variable",0.21277583281285115,3.0
3,DemountablePartitions,45,"Normal, Uniform",0.09743207669700008,4.0
3,DemountablePartitions,45,"Normal, Variable",0.09556992007063403,3.0
3,DemountablePartitions,45,"Lognormal, Uniform",0.09846474147671833,5.0
3,DemountablePartitions,45,"Lognormal, Variable",0.09466609761729172,2.0
3,DemountablePartitions,45,"KDE, Uniform",0.100967199232437,6.0
3,DemountablePartitions,45,"KDE, Variable",0.09421322936270671,1.0
3,DoorsAndFrames,61,"Normal, Uniform",0.5873476602546079,6.0
3,DoorsAndFrames,61,"Normal, Variable",0.31505120504858597,5.0
3,DoorsAndFrames,61,"Lognormal, Uniform",0.16843651862737347,3.0
3,DoorsAndFrames,61,"Lognormal, Variable",0.1007582250358656,1.0
3,DoorsAndFrames,61,"KDE, Uniform",0.22969944085690638,4.0
3,DoorsAndFrames,61,"KDE, Variable",0.14512398529015674,2.0
3,Electrical,3,"Normal, Uniform",0.00678736041096149,2.0
3,Electrical,3,"Normal, Variable",0.006839879607945429,3.0
3,Electrical,3,"Lognormal, Uniform",0.007682474950181255,5.0
3,Electrical,3,"Lognormal, Variable",0.007545465467889302,4.0
3,Electrical,3,"KDE, Uniform",0.0067579223447385775,1.0
3,Electrical,3,"KDE, Variable",0.0077468752020468604,6.0
3,Elevators,20,"Normal, Uniform",1.0997751794530497,6.0
3,Elevators,20,"Normal, Variable",0.8416865072518359,4.0
3,Elevators,20,"Lognormal, Uniform",0.44201401991588146,2.0
3,Elevators,20,"Lognormal, Variable",0.4101994126002823,1.0
3,Elevators,20,"KDE, Uniform",1.0442378167521889,5.0
3,Elevators,20,"KDE, Variable",0.7721470029493105,3.0
3,FenestrationAccessories,17,"Normal, Uniform",0.6859102737155436,4.0
3,FenestrationAccessories,17,"Normal, Variable",0.975356964744595,6.0
3,FenestrationAccessories,17,"Lognormal, Uniform",0.580656265655351,3.0
3,FenestrationAccessories,17,"Lognormal, Variable",0.5362763498989784,2.0
3,FenestrationAccessories,17,"KDE, Uniform",0.3984806034815608,1.0
3,FenestrationAccessories,17,"KDE, Variable",0.6958746972103687,5.0
3,FenestrationFraming,259,"Normal, Uniform",0.5415522170559878,5.0
3,FenestrationFraming,259,"Normal, Variable",0.7272102160043619,6.0
3,FenestrationFraming,259,"Lognormal, Uniform",0.14943887124453928,3.0
3,FenestrationFraming,259,"Lognormal, Variable",0.16918955599048482,4.0
3,FenestrationFraming,259,"KDE, Uniform",0.13641801924873176,2.0
3,FenestrationFraming,259,"KDE, Variable",0.07399710998501735,1.0
3,FiberCementSiding,29,"Normal, Uniform",0.25013621529383323,6.0
3,FiberCementSiding,29,"Normal, Variable",0.23539050688437346,5.0
3,FiberCementSiding,29,"Lognormal, Uniform",0.12231906880242163,2.0
3,FiberCementSiding,29,"Lognormal, Variable",0.09455542048774443,1.0
3,FiberCementSiding,29,"KDE, Uniform",0.15629160020985583,4.0
3,FiberCementSiding,29,"KDE, Variable",0.14474068802155632,3.0
3,FireAndSmokeProtection,22,"Normal, Uniform",0.3443523555624308,5.0
3,FireAndSmokeProtection,22,"Normal, Variable",0.39557518235452804,6.0
3,FireAndSmokeProtection,22,"Lognormal, Uniform",0.19532020424567081,3.0
3,FireAndSmokeProtection,22,"Lognormal, Variable",0.1877240127052472,2.0
3,FireAndSmokeProtection,22,"KDE, Uniform",0.18013750811635876,1.0
3,FireAndSmokeProtection,22,"KDE, Variable",0.2709328108031983,4.0
3,FlashingAndSheetMetal,12,"Normal, Uniform",0.9428938430511433,5.0
3,FlashingAndSheetMetal,12,"Normal, Variable",0.1846784959638093,3.0
3,FlashingAndSheetMetal,12,"Lognormal, Uniform",0.3816844421721502,4.0
3,FlashingAndSheetMetal,12,"Lognormal, Variable",0.08469630358223482,1.0
3,FlashingAndSheetMetal,12,"KDE, Uniform",0.9717526984309721,6.0
3,FlashingAndSheetMetal,12,"KDE, Variable",0.11910862216510598,2.0
3,FlatGlassPanes,47,"Normal, Uniform",0.5336657712011225,6.0
3,FlatGlassPanes,47,"Normal, Variable",0.3409806658145996,5.0
3,FlatGlassPanes,47,"Lognormal, Uniform",0.1400645968710918,2.0
3,FlatGlassPanes,47,"Lognormal, Variable",0.11002951410933999,1.0
3,FlatGlassPanes,47,"KDE, Uniform",0.22436562651788788,4.0
3,FlatGlassPanes,47,"KDE, Variable",0.2186541142628226,3.0
3,FlowableFill,2008,"Normal, Uniform",0.3006091702271267,5.0
3,FlowableFill,2008,"Normal, Variable",0.3095544094144491,6.0
3,FlowableFill,2008,"Lognormal, Uniform",0.10424648006965526,3.0
3,FlowableFill,2008,"Lognormal, Variable",0.10467561681354647,4.0
3,FlowableFill,2008,"KDE, Uniform",0.029767518753802628,2.0
3,FlowableFill,2008,"KDE, Variable",0.021095783795115102,1.0
3,FoamedInPlace [PIR or PUR],8,"Normal, Uniform",0.6796627015168102,5.0
3,FoamedInPlace [PIR or PUR],8,"Normal, Variable",0.25344480652478923,3.0
3,FoamedInPlace [PIR or PUR],8,"Lognormal, Uniform",0.33933134204609644,4.0
3,FoamedInPlace [PIR or PUR],8,"Lognormal, Variable",0.17067703167724135,1.0
3,FoamedInPlace [PIR or PUR],8,"KDE, Uniform",0.6891925692179868,6.0
3,FoamedInPlace [PIR or PUR],8,"KDE, Variable",0.2105538096403318,2.0
3,FoamedInPlace [type not stated],5,"Normal, Uniform",0.060252893099734174,4.0
3,FoamedInPlace [type not stated],5,"Normal, Variable",0.032544318105153194,1.0
3,FoamedInPlace [type not stated],5,"Lognormal, Uniform",0.06028946905209652,5.0
3,FoamedInPlace [type not stated],5,"Lognormal, Variable",0.032572786592224026,2.0
3,FoamedInPlace [type not stated],5,"KDE, Uniform",0.07585462257609028,6.0
3,FoamedInPlace [type not stated],5,"KDE, Variable",0.03993330274081647,3.0
3,Furnishings,7,"Normal, Uniform",0.26686619198137546,4.0
3,Furnishings,7,"Normal, Variable",0.07400308718111431,2.0
3,Furnishings,7,"Lognormal, Uniform",0.2669495216425668,5.0
3,Furnishings,7,"Lognormal, Variable",0.07411352831228024,3.0
3,Furnishings,7,"KDE, Uniform",0.28419109881363386,6.0
3,Furnishings,7,"KDE, Variable",0.07168651050938968,1.0
3,GlazedDoors,141,"Normal, Uniform",0.5701670637581402,6.0
3,GlazedDoors,141,"Normal, Variable",0.2573330611753391,5.0
3,GlazedDoors,141,"Lognormal, Uniform",0.09347603811200605,3.0
3,GlazedDoors,141,"Lognormal, Variable",0.06009401459090474,1.0
3,GlazedDoors,141,"KDE, Uniform",0.1717559699721,4.0
3,GlazedDoors,141,"KDE, Variable",0.06960417132214605,2.0
3,Grouting,219,"Normal, Uniform",3.212451942861968,6.0
3,Grouting,219,"Normal, Variable",1.3385444552046186,5.0
3,Grouting,219,"Lognormal, Uniform",0.5718915033416017,4.0
3,Grouting,219,"Lognormal, Variable",0.3644993127694356,2.0
3,Grouting,219,"KDE, Uniform",0.4506170081465703,3.0
3,Grouting,219,"KDE, Variable",0.10421429577301813,1.0
3,Gypsum,771,"Normal, Uniform",0.19869047683425045,5.0
3,Gypsum,771,"Normal, Variable",0.23629014115202324,6.0
3,Gypsum,771,"Lognormal, Uniform",0.05442622264792396,3.0
3,Gypsum,771,"Lognormal, Variable",0.05948308613024961,4.0
3,Gypsum,771,"KDE, Uniform",0.03708773443335085,2.0
3,Gypsum,771,"KDE, Variable",0.019597637309980716,1.0
3,GypsumSheathingBoard,19,"Normal, Uniform",0.13330849014354385,5.0
3,GypsumSheathingBoard,19,"Normal, Variable",0.10741750519878324,2.0
3,GypsumSheathingBoard,19,"Lognormal, Uniform",0.14177234311044387,6.0
3,GypsumSheathingBoard,19,"Lognormal, Variable",0.11988714807290769,4.0
3,GypsumSheathingBoard,19,"KDE, Uniform",0.1112961580059511,3.0
3,GypsumSheathingBoard,19,"KDE, Variable",0.08959387272501862,1.0
3,HeavyTimber,5,"Normal, Uniform",0.520837941695133,5.0
3,HeavyTimber,5,"Normal, Variable",0.4875644143198655,1.0
3,HeavyTimber,5,"Lognormal, Uniform",0.8648332687803956,6.0
3,HeavyTimber,5,"Lognormal, Variable",0.4877897149347147,2.0
3,HeavyTimber,5,"KDE, Uniform",0.4892075859158334,3.0
3,HeavyTimber,5,"KDE, Variable",0.511721030462254,4.0
3,Hollow,145,"Normal, Uniform",0.061714049420139555,5.0
3,Hollow,145,"Normal, Variable",0.06474720694054464,6.0
3,Hollow,145,"Lognormal, Uniform",0.05315206859158827,3.0
3,Hollow,145,"Lognormal, Variable",0.05462894010034946,4.0
3,Hollow,145,"KDE, Uniform",0.044235074511214854,2.0
3,Hollow,145,"KDE, Variable",0.03734473177800279,1.0
3,HotRolled,81,"Normal, Uniform",0.537898269587907,6.0
3,HotRolled,81,"Normal, Variable",0.37642444041291195,5.0
3,HotRolled,81,"Lognormal, Uniform",0.1811395178023118,4.0
3,HotRolled,81,"Lognormal, Variable",0.16731089416867256,3.0
3,HotRolled,81,"KDE, Uniform",0.15927630969780737,2.0
3,HotRolled,81,"KDE, Variable",0.03288999642760045,1.0
3,InsulatedRoofPanels,271,"Normal, Uniform",0.04693057336931615,5.0
3,InsulatedRoofPanels,271,"Normal, Variable",0.047141484741092435,6.0
3,InsulatedRoofPanels,271,"Lognormal, Uniform",0.02988570609337244,4.0
3,InsulatedRoofPanels,271,"Lognormal, Variable",0.02826652864499481,3.0
3,InsulatedRoofPanels,271,"KDE, Uniform",0.02193787295175037,2.0
3,InsulatedRoofPanels,271,"KDE, Variable",0.0169017458278361,1.0
3,InsulatedWallPanels,420,"Normal, Uniform",0.045093703679123215,6.0
3,InsulatedWallPanels,420,"Normal, Variable",0.030772747561966705,5.0
3,InsulatedWallPanels,420,"Lognormal, Uniform",0.02734872192063756,3.0
3,InsulatedWallPanels,420,"Lognormal, Variable",0.02022891901990231,2.0
3,InsulatedWallPanels,420,"KDE, Uniform",0.02827216189029398,4.0
3,InsulatedWallPanels,420,"KDE, Variable",0.014096209924164476,1.0
3,InsulatingGlazingUnits,32,"Normal, Uniform",0.4952941627394491,6.0
3,InsulatingGlazingUnits,32,"Normal, Variable",0.4684669070773588,5.0
3,InsulatingGlazingUnits,32,"Lognormal, Uniform",0.27090310543680535,2.0
3,InsulatingGlazingUnits,32,"Lognormal, Variable",0.27580726423532415,3.0
3,InsulatingGlazingUnits,32,"KDE, Uniform",0.1406259154780785,1.0
3,InsulatingGlazingUnits,32,"KDE, Variable",0.3134999905541953,4.0
3,JointProtection,5,"Normal, Uniform",0.16180005731173053,4.0
3,JointProtection,5,"Normal, Variable",0.12929633575986915,1.0
3,JointProtection,5,"Lognormal, Uniform",0.16183813215105972,5.0
3,JointProtection,5,"Lognormal, Variable",0.1293431213676245,2.0
3,JointProtection,5,"KDE, Uniform",0.21543407271877377,6.0
3,JointProtection,5,"KDE, Variable",0.15543116068884988,3.0
3,Laminate,26,"Normal, Uniform",0.2843062384518332,6.0
3,Laminate,26,"Normal, Variable",0.2328454804168572,4.0
3,Laminate,26,"Lognormal, Uniform",0.15768981945901955,2.0
3,Laminate,26,"Lognormal, Variable",0.12690649916723867,1.0
3,Laminate,26,"KDE, Uniform",0.2402933311416494,5.0
3,Laminate,26,"KDE, Variable",0.19157803615753244,3.0
3,MBQ,40,"Normal, Uniform",0.34552560001789107,6.0
3,MBQ,40,"Normal, Variable",0.1716618571199276,4.0
3,MBQ,40,"Lognormal, Uniform",0.14633956454873726,3.0
3,MBQ,40,"Lognormal, Variable",0.07200675282389622,1.0
3,MBQ,40,"KDE, Uniform",0.19607419636727236,5.0
3,MBQ,40,"KDE, Variable",0.10726057707708198,2.0
3,MasonryCement,26,"Normal, Uniform",0.0747407945076937,5.0
3,MasonryCement,26,"Normal, Variable",0.05131333229965396,2.0
3,MasonryCement,26,"Lognormal, Uniform",0.07105795964819456,4.0
3,MasonryCement,26,"Lognormal, Variable",0.047394984970083556,1.0
3,MasonryCement,26,"KDE, Uniform",0.08384893285616993,6.0
3,MasonryCement,26,"KDE, Variable",0.061366243261899246,3.0
3,MassTimber,66,"Normal, Uniform",0.5085627695718336,5.0
3,MassTimber,66,"Normal, Variable",0.5336377332402487,6.0
3,MassTimber,66,"Lognormal, Uniform",0.3296682093871529,4.0
3,MassTimber,66,"Lognormal, Variable",0.3121493082633003,3.0
3,MassTimber,66,"KDE, Uniform",0.16872168683747463,2.0
3,MassTimber,66,"KDE, Variable",0.1540502856091584,1.0
3,MechanicalInsulation,22,"Normal, Uniform",0.3843968675849665,6.0
3,MechanicalInsulation,22,"Normal, Variable",0.35220746172868334,5.0
3,MechanicalInsulation,22,"Lognormal, Uniform",0.3035242654760738,3.0
3,MechanicalInsulation,22,"Lognormal, Variable",0.22348839357653993,2.0
3,MechanicalInsulation,22,"KDE, Uniform",0.3060945451584478,4.0
3,MechanicalInsulation,22,"KDE, Variable",0.22002365572501884,1.0
3,MetalDoorAndFrames,42,"Normal, Uniform",0.19401172135250294,5.0
3,MetalDoorAndFrames,42,"Normal, Variable",0.20453975105186845,6.0
3,MetalDoorAndFrames,42,"Lognormal, Uniform",0.08127317195043954,4.0
3,MetalDoorAndFrames,42,"Lognormal, Variable",0.07908399916894605,3.0
3,MetalDoorAndFrames,42,"KDE, Uniform",0.07543692048037601,2.0
3,MetalDoorAndFrames,42,"KDE, Variable",0.06915757104756222,1.0
3,MetalRailings,13,"Normal, Uniform",0.2548667019582044,3.0
3,MetalRailings,13,"Normal, Variable",0.2556228898298705,4.0
3,MetalRailings,13,"Lognormal, Uniform",0.3181117538179175,6.0
3,MetalRailings,13,"Lognormal, Variable",0.24033223194977055,2.0
3,MetalRailings,13,"KDE, Uniform",0.270067831340411,5.0
3,MetalRailings,13,"KDE, Variable",0.23760008228296756,1.0
3,MetalStairs,5,"Normal, Uniform",0.14217449167426904,5.0
3,MetalStairs,5,"Normal, Variable",0.06740933617152743,2.0
3,MetalStairs,5,"Lognormal, Uniform",0.13153747704196445,4.0
3,MetalStairs,5,"Lognormal, Variable",0.06443827852386289,1.0
3,MetalStairs,5,"KDE, Uniform",0.1622400220028305,6.0
3,MetalStairs,5,"KDE, Variable",0.07603285021645649,3.0
3,Mirrors,19,"Normal, Uniform",0.08470484499010715,3.0
3,Mirrors,19,"Normal, Variable",0.08085485788498059,1.0
3,Mirrors,19,"Lognormal, Uniform",0.08475616342678376,4.0
3,Mirrors,19,"Lognormal, Variable",0.08092454013855974,2.0
3,Mirrors,19,"KDE, Uniform",0.09962496931919695,6.0
3,Mirrors,19,"KDE, Variable",0.0881695749086362,5.0
3,MiscMetalFabrication,69,"Normal, Uniform",0.1381371824087556,6.0
3,MiscMetalFabrication,69,"Normal, Variable",0.08291748983987277,3.0
3,MiscMetalFabrication,69,"Lognormal, Uniform",0.13587684941228578,5.0
3,MiscMetalFabrication,69,"Lognormal, Variable",0.08280182759496751,2.0
3,MiscMetalFabrication,69,"KDE, Uniform",0.10384811299671032,4.0
3,MiscMetalFabrication,69,"KDE, Variable",0.06685949488147305,1.0
3,Mortar,248,"Normal, Uniform",0.8829008594597176,5.0
3,Mortar,248,"Normal, Variable",0.897415770229194,6.0
3,Mortar,248,"Lognormal, Uniform",0.26393230368630133,4.0
3,Mortar,248,"Lognormal, Variable",0.2638754294618583,3.0
3,Mortar,248,"KDE, Uniform",0.09935018694935116,2.0
3,Mortar,248,"KDE, Variable",0.055967269477239005,1.0
3,NetworkingCableTrays,22,"Normal, Uniform",0.17792279961465413,5.0
3,NetworkingCableTrays,22,"Normal, Variable",0.10803832762826868,2.0
3,NetworkingCableTrays,22,"Lognormal, Uniform",0.15094146419821108,4.0
3,NetworkingCableTrays,22,"Lognormal, Variable",0.12443954063298945,3.0
3,NetworkingCableTrays,22,"KDE, Uniform",0.18315323680744988,6.0
3,NetworkingCableTrays,22,"KDE, Variable",0.10251696556174902,1.0
3,NetworkingRaceways,32,"Normal, Uniform",0.8313252961966175,6.0
3,NetworkingRaceways,32,"Normal, Variable",0.38498746199674794,3.0
3,NetworkingRaceways,32,"Lognormal, Uniform",0.42643970867279607,4.0
3,NetworkingRaceways,32,"Lognormal, Variable",0.1079684547992461,1.0
3,NetworkingRaceways,32,"KDE, Uniform",0.5937889417789703,5.0
3,NetworkingRaceways,32,"KDE, Variable",0.26719014697582244,2.0
3,NonStructuralWood,57,"Normal, Uniform",0.2620656794321342,6.0
3,NonStructuralWood,57,"Normal, Variable",0.16147182201080923,5.0
3,NonStructuralWood,57,"Lognormal, Uniform",0.149282062794449,4.0
3,NonStructuralWood,57,"Lognormal, Variable",0.1481179116244306,3.0
3,NonStructuralWood,57,"KDE, Uniform",0.14124814277732864,2.0
3,NonStructuralWood,57,"KDE, Variable",0.09696151646564966,1.0
3,OilPatch,282,"Normal, Uniform",0.6054999137987558,6.0
3,OilPatch,282,"Normal, Variable",0.359385168013312,5.0
3,OilPatch,282,"Lognormal, Uniform",0.14260042610863602,4.0
3,OilPatch,282,"Lognormal, Variable",0.10211253492337322,2.0
3,OilPatch,282,"KDE, Uniform",0.1400517177304974,3.0
3,OilPatch,282,"KDE, Variable",0.03910196435353505,1.0
3,OpenWebMembranes,17,"Normal, Uniform",0.16972432214251496,5.0
3,OpenWebMembranes,17,"Normal, Variable",0.17133627272598578,6.0
3,OpenWebMembranes,17,"Lognormal, Uniform",0.07483322576924886,2.0
3,OpenWebMembranes,17,"Lognormal, Variable",0.06893604786341237,1.0
3,OpenWebMembranes,17,"KDE, Uniform",0.11046468462398627,3.0
3,OpenWebMembranes,17,"KDE, Variable",0.12243395314219913,4.0
3,Openings,12,"Normal, Uniform",0.29755824695374317,5.0
3,Openings,12,"Normal, Variable",0.27351811543513715,3.0
3,Openings,12,"Lognormal, Uniform",0.2977965252208713,6.0
3,Openings,12,"Lognormal, Variable",0.2737562575077691,4.0
3,Openings,12,"KDE, Uniform",0.27234586203822797,2.0
3,Openings,12,"KDE, Variable",0.24054355148333814,1.0
3,OtherFlooring,217,"Normal, Uniform",0.5168919294280101,5.0
3,OtherFlooring,217,"Normal, Variable",0.5372050370026886,6.0
3,OtherFlooring,217,"Lognormal, Uniform",0.15106718066460245,2.0
3,OtherFlooring,217,"Lognormal, Variable",0.13847286730830294,1.0
3,OtherFlooring,217,"KDE, Uniform",0.1997071018710943,4.0
3,OtherFlooring,217,"KDE, Variable",0.19859620789489565,3.0
3,PaintingAndCoating,19,"Normal, Uniform",0.40075495908428566,6.0
3,PaintingAndCoating,19,"Normal, Variable",0.36190696429205743,4.0
3,PaintingAndCoating,19,"Lognormal, Uniform",0.27174747167168073,2.0
3,PaintingAndCoating,19,"Lognormal, Variable",0.26380428901130615,1.0
3,PaintingAndCoating,19,"KDE, Uniform",0.37127915859044347,5.0
3,PaintingAndCoating,19,"KDE, Variable",0.3606102220642367,3.0
3,PlateSteel,72,"Normal, Uniform",0.309892212432549,6.0
3,PlateSteel,72,"Normal, Variable",0.11495660767414084,3.0
3,PlateSteel,72,"Lognormal, Uniform",0.1508517690928703,5.0
3,PlateSteel,72,"Lognormal, Variable",0.0905755822375223,2.0
3,PlateSteel,72,"KDE, Uniform",0.1373958230866502,4.0
3,PlateSteel,72,"KDE, Variable",0.057160822363264044,1.0
3,PostTensioningSteel,35,"Normal, Uniform",0.030192945699951002,6.0
3,PostTensioningSteel,35,"Normal, Variable",0.029186084114661955,4.0
3,PostTensioningSteel,35,"Lognormal, Uniform",0.023662060500896958,2.0
3,PostTensioningSteel,35,"Lognormal, Variable",0.019440570452807622,1.0
3,PostTensioningSteel,35,"KDE, Uniform",0.02939437897016482,5.0
3,PostTensioningSteel,35,"KDE, Variable",0.025629270051616776,3.0
3,PowerCabling,400,"Normal, Uniform",10.93414408034629,6.0
3,PowerCabling,400,"Normal, Variable",10.2468180276196,5.0
3,PowerCabling,400,"Lognormal, Uniform",1.5573329095458144,4.0
3,PowerCabling,400,"Lognormal, Variable",1.34111994175929,3.0
3,PowerCabling,400,"KDE, Uniform",1.192221165743307,2.0
3,PowerCabling,400,"KDE, Variable",1.041524162600397,1.0
3,PrecastConcrete,499,"Normal, Uniform",0.15971430188535224,6.0
3,PrecastConcrete,499,"Normal, Variable",0.1469185529565017,5.0
3,PrecastConcrete,499,"Lognormal, Uniform",0.09621436952207779,4.0
3,PrecastConcrete,499,"Lognormal, Variable",0.09210278391246787,3.0
3,PrecastConcrete,499,"KDE, Uniform",0.030215830265321302,2.0
3,PrecastConcrete,499,"KDE, Variable",0.01474655254181913,1.0
3,ProcessedNonInsulatingGlassPanes,130,"Normal, Uniform",0.8506186561864625,5.0
3,ProcessedNonInsulatingGlassPanes,130,"Normal, Variable",0.9613236181187439,6.0
3,ProcessedNonInsulatingGlassPanes,130,"Lognormal, Uniform",0.3097206802829362,3.0
3,ProcessedNonInsulatingGlassPanes,130,"Lognormal, Variable",0.3135271409350243,4.0
3,ProcessedNonInsulatingGlassPanes,130,"KDE, Uniform",0.21189843068875586,1.0
3,ProcessedNonInsulatingGlassPanes,130,"KDE, Variable",0.3048543843188755,2.0
3,ReadyMix [3000-3999 psi],20814,"Normal, Uniform",0.02438647404035238,6.0
3,ReadyMix [3000-3999 psi],20814,"Normal, Variable",0.02415690674987484,5.0
3,ReadyMix [3000-3999 psi],20814,"Lognormal, Uniform",0.004095682155136422,4.0
3,ReadyMix [3000-3999 psi],20814,"Lognormal, Variable",0.0036211804790729626,3.0
3,ReadyMix [3000-3999 psi],20814,"KDE, Uniform",0.0036005833246443597,2.0
3,ReadyMix [3000-3999 psi],20814,"KDE, Variable",0.002663830937447435,1.0
3,ReadyMix [4000-4999 psi],31025,"Normal, Uniform",0.01827294803651461,6.0
3,ReadyMix [4000-4999 psi],31025,"Normal, Variable",0.017745097012644248,5.0
3,ReadyMix [4000-4999 psi],31025,"Lognormal, Uniform",0.0038547511291100525,4.0
3,ReadyMix [4000-4999 psi],31025,"Lognormal, Variable",0.0035330688190933586,3.0
3,ReadyMix [4000-4999 psi],31025,"KDE, Uniform",0.003018311228472561,2.0
3,ReadyMix [4000-4999 psi],31025,"KDE, Variable",0.0022859386291290687,1.0
3,ReadyMix [5000-5999 psi],14366,"Normal, Uniform",0.011077809392625428,5.0
3,ReadyMix [5000-5999 psi],14366,"Normal, Variable",0.011207765326493648,6.0
3,ReadyMix [5000-5999 psi],14366,"Lognormal, Uniform",0.008151216423961126,3.0
3,ReadyMix [5000-5999 psi],14366,"Lognormal, Variable",0.008252179951891985,4.0
3,ReadyMix [5000-5999 psi],14366,"KDE, Uniform",0.0030303223365965954,2.0
3,ReadyMix [5000-5999 psi],14366,"KDE, Variable",0.0028556801383618807,1.0
3,ReadyMix [<3000 psi],3974,"Normal, Uniform",0.020360208304455535,3.0
3,ReadyMix [<3000 psi],3974,"Normal, Variable",0.020907052788811782,4.0
3,ReadyMix [<3000 psi],3974,"Lognormal, Uniform",0.021293142327773545,5.0
3,ReadyMix [<3000 psi],3974,"Lognormal, Variable",0.022595574650142405,6.0
3,ReadyMix [<3000 psi],3974,"KDE, Uniform",0.007128104794960541,2.0
3,ReadyMix [<3000 psi],3974,"KDE, Variable",0.005930017419158395,1.0
3,ReadyMix [>=6000 psi],7887,"Normal, Uniform",0.018289407340977816,5.0
3,ReadyMix [>=6000 psi],7887,"Normal, Variable",0.018523406362168243,6.0
3,ReadyMix [>=6000 psi],7887,"Lognormal, Uniform",0.010000620607740339,4.0
3,ReadyMix [>=6000 psi],7887,"Lognormal, Variable",0.009816269512630284,3.0
3,ReadyMix [>=6000 psi],7887,"KDE, Uniform",0.003925479505444834,1.0
3,ReadyMix [>=6000 psi],7887,"KDE, Variable",0.003936540207678424,2.0
3,ReadyMix [strength not stated],8777,"Normal, Uniform",0.07742238570865931,5.0
3,ReadyMix [strength not stated],8777,"Normal, Variable",0.08061308982990262,6.0
3,ReadyMix [strength not stated],8777,"Lognormal, Uniform",0.018467387605319338,4.0
3,ReadyMix [strength not stated],8777,"Lognormal, Variable",0.014473204844082571,3.0
3,ReadyMix [strength not stated],8777,"KDE, Uniform",0.011003211532548096,2.0
3,ReadyMix [strength not stated],8777,"KDE, Variable",0.006950619093555508,1.0
3,RebarSteel,204,"Normal, Uniform",0.34531981603584255,6.0
3,RebarSteel,204,"Normal, Variable",0.3150267086737594,5.0
3,RebarSteel,204,"Lognormal, Uniform",0.12981845367687522,4.0
3,RebarSteel,204,"Lognormal, Variable",0.12710745227955525,3.0
3,RebarSteel,204,"KDE, Uniform",0.06424888954168412,2.0
3,RebarSteel,204,"KDE, Variable",0.04951001300019052,1.0
3,ResilientFlooring,468,"Normal, Uniform",0.5706171925675532,6.0
3,ResilientFlooring,468,"Normal, Variable",0.5437559647646015,5.0
3,ResilientFlooring,468,"Lognormal, Uniform",0.22296904568474893,4.0
3,ResilientFlooring,468,"Lognormal, Variable",0.2117616546036945,3.0
3,ResilientFlooring,468,"KDE, Uniform",0.04008664768357345,2.0
3,ResilientFlooring,468,"KDE, Variable",0.023680634140375023,1.0
3,RoofCoverBoards,20,"Normal, Uniform",0.06827414194360565,4.0
3,RoofCoverBoards,20,"Normal, Variable",0.058060583345433014,2.0
3,RoofCoverBoards,20,"Lognormal, Uniform",0.06833091679141554,5.0
3,RoofCoverBoards,20,"Lognormal, Variable",0.05811675650399433,3.0
3,RoofCoverBoards,20,"KDE, Uniform",0.0748507776240801,6.0
3,RoofCoverBoards,20,"KDE, Variable",0.04785688944651312,1.0
3,RoofPanels,61,"Normal, Uniform",0.20374236637126045,5.0
3,RoofPanels,61,"Normal, Variable",0.20679601982690582,6.0
3,RoofPanels,61,"Lognormal, Uniform",0.12063025583755707,3.0
3,RoofPanels,61,"Lognormal, Variable",0.09277615962987922,1.0
3,RoofPanels,61,"KDE, Uniform",0.11387094328415984,2.0
3,RoofPanels,61,"KDE, Variable",0.13797810784376988,4.0
3,SheathingPanels,71,"Normal, Uniform",0.3608504662575621,5.0
3,SheathingPanels,71,"Normal, Variable",0.3625773352065379,6.0
3,SheathingPanels,71,"Lognormal, Uniform",0.2546436711338043,4.0
3,SheathingPanels,71,"Lognormal, Variable",0.252669358797134,3.0
3,SheathingPanels,71,"KDE, Uniform",0.12421391594536903,1.0
3,SheathingPanels,71,"KDE, Variable",0.17575804633449982,2.0
3,Shotcrete [3000-3999 psi],183,"Normal, Uniform",0.01908829787409197,4.0
3,Shotcrete [3000-3999 psi],183,"Normal, Variable",0.019670897939685517,5.0
3,Shotcrete [3000-3999 psi],183,"Lognormal, Uniform",0.02007836226366559,6.0
3,Shotcrete [3000-3999 psi],183,"Lognormal, Variable",0.018294171002883212,3.0
3,Shotcrete [3000-3999 psi],183,"KDE, Uniform",0.015924831363297896,2.0
3,Shotcrete [3000-3999 psi],183,"KDE, Variable",0.01580524288496279,1.0
3,Shotcrete [4000-4999 psi],651,"Normal, Uniform",0.014142007724068104,6.0
3,Shotcrete [4000-4999 psi],651,"Normal, Variable",0.010461299148411804,3.0
3,Shotcrete [4000-4999 psi],651,"Lognormal, Uniform",0.012635908141677294,5.0
3,Shotcrete [4000-4999 psi],651,"Lognormal, Variable",0.00977955856385899,2.0
3,Shotcrete [4000-4999 psi],651,"KDE, Uniform",0.012455994625872883,4.0
3,Shotcrete [4000-4999 psi],651,"KDE, Variable",0.007156012244283194,1.0
3,Shotcrete [5000-5999 psi],471,"Normal, Uniform",0.029640987406512657,6.0
3,Shotcrete [5000-5999 psi],471,"Normal, Variable",0.025336458570190158,5.0
3,Shotcrete [5000-5999 psi],471,"Lognormal, Uniform",0.021856880712454858,4.0
3,Shotcrete [5000-5999 psi],471,"Lognormal, Variable",0.016875632571426546,2.0
3,Shotcrete [5000-5999 psi],471,"KDE, Uniform",0.020759528750522373,3.0
3,Shotcrete [5000-5999 psi],471,"KDE, Variable",0.011128578410925693,1.0
3,Shotcrete [<3000 psi],4,"Normal, Uniform",0.2832600453602493,4.0
3,Shotcrete [<3000 psi],4,"Normal, Variable",0.1017250231822534,1.0
3,Shotcrete [<3000 psi],4,"Lognormal, Uniform",0.3188587908988727,6.0
3,Shotcrete [<3000 psi],4,"Lognormal, Variable",0.10185788969655378,2.0
3,Shotcrete [<3000 psi],4,"KDE, Uniform",0.30992535090806067,5.0
3,Shotcrete [<3000 psi],4,"KDE, Variable",0.10624408587367713,3.0
3,Shotcrete [>=6000 psi],264,"Normal, Uniform",0.038260434765978804,6.0
3,Shotcrete [>=6000 psi],264,"Normal, Variable",0.03049212808054237,5.0
3,Shotcrete [>=6000 psi],264,"Lognormal, Uniform",0.02255324236980592,3.0
3,Shotcrete [>=6000 psi],264,"Lognormal, Variable",0.01538716231738659,2.0
3,Shotcrete [>=6000 psi],264,"KDE, Uniform",0.0250292329905733,4.0
3,Shotcrete [>=6000 psi],264,"KDE, Variable",0.01363420726501641,1.0
3,Shotcrete [strength not stated],96,"Normal, Uniform",0.08265684841994585,6.0
3,Shotcrete [strength not stated],96,"Normal, Variable",0.05827652749032297,5.0
3,Shotcrete [strength not stated],96,"Lognormal, Uniform",0.04758591042080384,3.0
3,Shotcrete [strength not stated],96,"Lognormal, Variable",0.03173502537347476,2.0
3,Shotcrete [strength not stated],96,"KDE, Uniform",0.04931468834890841,4.0
3,Shotcrete [strength not stated],96,"KDE, Variable",0.019785713622210165,1.0
3,SinglePlyEPDM,29,"Normal, Uniform",0.1681408819201822,6.0
3,SinglePlyEPDM,29,"Normal, Variable",0.08106657853131652,3.0
3,SinglePlyEPDM,29,"Lognormal, Uniform",0.11075771363020283,4.0
3,SinglePlyEPDM,29,"Lognormal, Variable",0.04271738942594697,1.0
3,SinglePlyEPDM,29,"KDE, Uniform",0.1606741130755945,5.0
3,SinglePlyEPDM,29,"KDE, Variable",0.0644288469223912,2.0
3,SinglePlyKEE,11,"Normal, Uniform",0.06905804752426588,5.0
3,SinglePlyKEE,11,"Normal, Variable",0.042233262072124855,2.0
3,SinglePlyKEE,11,"Lognormal, Uniform",0.06446001241279277,4.0
3,SinglePlyKEE,11,"Lognormal, Variable",0.03962876412402764,1.0
3,SinglePlyKEE,11,"KDE, Uniform",0.10002521551369499,6.0
3,SinglePlyKEE,11,"KDE, Variable",0.05313103465915811,3.0
3,SinglePlyPVC,74,"Normal, Uniform",0.2180624845616726,6.0
3,SinglePlyPVC,74,"Normal, Variable",0.09343776928632185,5.0
3,SinglePlyPVC,74,"Lognormal, Uniform",0.09031322559038717,4.0
3,SinglePlyPVC,74,"Lognormal, Variable",0.046041038910737825,2.0
3,SinglePlyPVC,74,"KDE, Uniform",0.08171884075519605,3.0
3,SinglePlyPVC,74,"KDE, Variable",0.028446833261800763,1.0
3,SinglePlyPolyurethane,27,"Normal, Uniform",0.6676742055961555,6.0
3,SinglePlyPolyurethane,27,"Normal, Variable",0.6314790654293213,5.0
3,SinglePlyPolyurethane,27,"Lognormal, Uniform",0.3701746331906736,1.0
3,SinglePlyPolyurethane,27,"Lognormal, Variable",0.3921979203562814,2.0
3,SinglePlyPolyurethane,27,"KDE, Uniform",0.5629816279602016,3.0
3,SinglePlyPolyurethane,27,"KDE, Variable",0.6176413816551065,4.0
3,SinglePlyTPO,62,"Normal, Uniform",0.047087812368578785,6.0
3,SinglePlyTPO,62,"Normal, Variable",0.04701728033687915,5.0
3,SinglePlyTPO,62,"Lognormal, Uniform",0.043443234637137965,4.0
3,SinglePlyTPO,62,"Lognormal, Variable",0.042965813965412866,3.0
3,SinglePlyTPO,62,"KDE, Uniform",0.039462195803731934,2.0
3,SinglePlyTPO,62,"KDE, Variable",0.03366541279246401,1.0
3,SprayedInsulation,11,"Normal, Uniform",0.4720494993361549,6.0
3,SprayedInsulation,11,"Normal, Variable",0.41795914087721575,5.0
3,SprayedInsulation,11,"Lognormal, Uniform",0.22295505921793693,2.0
3,SprayedInsulation,11,"Lognormal, Variable",0.21773138248231547,1.0
3,SprayedInsulation,11,"KDE, Uniform",0.3172398790114681,4.0
3,SprayedInsulation,11,"KDE, Variable",0.2609390037753078,3.0
3,SteelSuspensionAssembly,98,"Normal, Uniform",0.036937775747506015,6.0
3,SteelSuspensionAssembly,98,"Normal, Variable",0.02963963829157778,5.0
3,SteelSuspensionAssembly,98,"Lognormal, Uniform",0.01818174013312694,3.0
3,SteelSuspensionAssembly,98,"Lognormal, Variable",0.01722601637791122,1.0
3,SteelSuspensionAssembly,98,"KDE, Uniform",0.01955154268175143,4.0
3,SteelSuspensionAssembly,98,"KDE, Variable",0.01728486519739613,2.0
3,StoneCladding,19,"Normal, Uniform",0.4599511912742516,6.0
3,StoneCladding,19,"Normal, Variable",0.4018817097226365,4.0
3,StoneCladding,19,"Lognormal, Uniform",0.27843743341791805,2.0
3,StoneCladding,19,"Lognormal, Variable",0.24255757107784057,1.0
3,StoneCladding,19,"KDE, Uniform",0.43955315736622425,5.0
3,StoneCladding,19,"KDE, Variable",0.36609346348545857,3.0
3,StorageFurniture,15,"Normal, Uniform",0.1720280681099142,5.0
3,StorageFurniture,15,"Normal, Variable",0.06083624775680699,1.0
3,StorageFurniture,15,"Lognormal, Uniform",0.13450209862590531,4.0
3,StorageFurniture,15,"Lognormal, Variable",0.0651139922016035,2.0
3,StorageFurniture,15,"KDE, Uniform",0.18924606381597836,6.0
3,StorageFurniture,15,"KDE, Variable",0.07004930517712378,3.0
3,SupplementaryCementitiousMaterials,28,"Normal, Uniform",0.127795830371062,4.0
3,SupplementaryCementitiousMaterials,28,"Normal, Variable",0.12540712503031679,3.0
3,SupplementaryCementitiousMaterials,28,"Lognormal, Uniform",0.14191092554358056,6.0
3,SupplementaryCementitiousMaterials,28,"Lognormal, Variable",0.10254225809477333,1.0
3,SupplementaryCementitiousMaterials,28,"KDE, Uniform",0.13599248222039928,5.0
3,SupplementaryCementitiousMaterials,28,"KDE, Variable",0.11530401039657392,2.0
3,Tables,161,"Normal, Uniform",0.7145219040357539,6.0
3,Tables,161,"Normal, Variable",0.6488029180183957,5.0
3,Tables,161,"Lognormal, Uniform",0.2562780997850454,2.0
3,Tables,161,"Lognormal, Variable",0.24303286856155623,1.0
3,Tables,161,"KDE, Uniform",0.3517437242563436,4.0
3,Tables,161,"KDE, Variable",0.28857163757965426,3.0
3,TileGrout,43,"Normal, Uniform",0.8987930792113052,6.0
3,TileGrout,43,"Normal, Variable",0.8678389701492677,5.0
3,TileGrout,43,"Lognormal, Uniform",0.3252437254663165,3.0
3,TileGrout,43,"Lognormal, Variable",0.299300734997552,2.0
3,TileGrout,43,"KDE, Uniform",0.11333663467636351,1.0
3,TileGrout,43,"KDE, Variable",0.44305309356210165,4.0
3,Timber,17,"Normal, Uniform",0.29228375927380823,4.0
3,Timber,17,"Normal, Variable",0.27661276533333046,3.0
3,Timber,17,"Lognormal, Uniform",0.3368963359858716,6.0
3,Timber,17,"Lognormal, Variable",0.3221953230007081,5.0
3,Timber,17,"KDE, Uniform",0.18396583956315152,1.0
3,Timber,17,"KDE, Variable",0.23534305183162085,2.0
3,TranslucentWallAndRoofAssemblies,46,"Normal, Uniform",0.7245629897456851,6.0
3,TranslucentWallAndRoofAssemblies,46,"Normal, Variable",0.6060198646630832,5.0
3,TranslucentWallAndRoofAssemblies,46,"Lognormal, Uniform",0.27726277998010923,3.0
3,TranslucentWallAndRoofAssemblies,46,"Lognormal, Variable",0.21722671243887204,1.0
3,TranslucentWallAndRoofAssemblies,46,"KDE, Uniform",0.2516075975683165,2.0
3,TranslucentWallAndRoofAssemblies,46,"KDE, Variable",0.3878662948865243,4.0
3,UnitSkylights,17,"Normal, Uniform",0.22468092805588974,6.0
3,UnitSkylights,17,"Normal, Variable",0.22256323593506808,5.0
3,UnitSkylights,17,"Lognormal, Uniform",0.1578045573706984,1.0
3,UnitSkylights,17,"Lognormal, Variable",0.1657309775908653,3.0
3,UnitSkylights,17,"KDE, Uniform",0.15884000333991083,2.0
3,UnitSkylights,17,"KDE, Variable",0.18042893785936634,4.0
3,VinylSiding,11,"Normal, Uniform",0.9950613202614957,6.0
3,VinylSiding,11,"Normal, Variable",0.9284783206450717,5.0
3,VinylSiding,11,"Lognormal, Uniform",0.5278952831282301,2.0
3,VinylSiding,11,"Lognormal, Variable",0.4448393914156855,1.0
3,VinylSiding,11,"KDE, Uniform",0.8633644363301164,4.0
3,VinylSiding,11,"KDE, Variable",0.8141415706319098,3.0
3,WallBase,14,"Normal, Uniform",0.16607122456367107,4.0
3,WallBase,14,"Normal, Variable",0.1277056100823819,2.0
3,WallBase,14,"Lognormal, Uniform",0.18303620197474163,6.0
3,WallBase,14,"Lognormal, Variable",0.13495595501126295,3.0
3,WallBase,14,"KDE, Uniform",0.17954971691523064,5.0
3,WallBase,14,"KDE, Variable",0.11708972601162557,1.0
3,WallFinishes,173,"Normal, Uniform",1.5810155371224557,6.0
3,WallFinishes,173,"Normal, Variable",1.0825369366187214,5.0
3,WallFinishes,173,"Lognormal, Uniform",0.44470540652731194,4.0
3,WallFinishes,173,"Lognormal, Variable",0.37091389897145116,3.0
3,WallFinishes,173,"KDE, Uniform",0.3435091351126195,2.0
3,WallFinishes,173,"KDE, Variable",0.23435795813195728,1.0
3,WallPanels,163,"Normal, Uniform",0.35096384543428316,6.0
3,WallPanels,163,"Normal, Variable",0.34197303094457054,5.0
3,WallPanels,163,"Lognormal, Uniform",0.08626969034637555,4.0
3,WallPanels,163,"Lognormal, Variable",0.08440976838340357,3.0
3,WallPanels,163,"KDE, Uniform",0.07559505275885599,2.0
3,WallPanels,163,"KDE, Variable",0.07019112772124542,1.0
3,WeatherBarriers,59,"Normal, Uniform",0.8618185964762036,6.0
3,WeatherBarriers,59,"Normal, Variable",0.5768744543135362,5.0
3,WeatherBarriers,59,"Lognormal, Uniform",0.19362912310823538,3.0
3,WeatherBarriers,59,"Lognormal, Variable",0.1541888050163698,2.0
3,WeatherBarriers,59,"KDE, Uniform",0.20407290858918148,4.0
3,WeatherBarriers,59,"KDE, Variable",0.06106242447896329,1.0
3,WindTurbines,3,"Normal, Uniform",0.26256458313251185,4.0
3,WindTurbines,3,"Normal, Variable",0.24400392354230088,2.0
3,WindTurbines,3,"Lognormal, Uniform",0.26742180224952355,6.0
3,WindTurbines,3,"Lognormal, Variable",0.23312782380388722,1.0
3,WindTurbines,3,"KDE, Uniform",0.2628579434636587,5.0
3,WindTurbines,3,"KDE, Variable",0.2619166207728977,3.0
3,Windows,358,"Normal, Uniform",0.42451885782161336,5.0
3,Windows,358,"Normal, Variable",0.4320453341878211,6.0
3,Windows,358,"Lognormal, Uniform",0.14387661256319823,3.0
3,Windows,358,"Lognormal, Variable",0.14937181325912777,4.0
3,Windows,358,"KDE, Uniform",0.07336669410414903,2.0
3,Windows,358,"KDE, Variable",0.04744829965776238,1.0
3,WireMeshSteel,53,"Normal, Uniform",0.36742996161283104,6.0
3,WireMeshSteel,53,"Normal, Variable",0.2544076967742165,5.0
3,WireMeshSteel,53,"Lognormal, Uniform",0.1768288829692802,3.0
3,WireMeshSteel,53,"Lognormal, Variable",0.14347112921034386,2.0
3,WireMeshSteel,53,"KDE, Uniform",0.18608593612875302,4.0
3,WireMeshSteel,53,"KDE, Variable",0.1223277489184644,1.0
3,WoodDoors,32,"Normal, Uniform",0.19646343966829688,5.0
3,WoodDoors,32,"Normal, Variable",0.21983732512560825,6.0
3,WoodDoors,32,"Lognormal, Uniform",0.1619575405466852,4.0
3,WoodDoors,32,"Lognormal, Variable",0.1465059753076271,2.0
3,WoodDoors,32,"KDE, Uniform",0.11622435340479498,1.0
3,WoodDoors,32,"KDE, Variable",0.16185189364282046,3.0
3,WoodFlooring,86,"Normal, Uniform",0.24128019101508785,6.0
3,WoodFlooring,86,"Normal, Variable",0.1951711366788721,5.0
3,WoodFlooring,86,"Lognormal, Uniform",0.12857586813700803,2.0
3,WoodFlooring,86,"Lognormal, Variable",0.1354848029595326,3.0
3,WoodFlooring,86,"KDE, Uniform",0.13998363026360655,4.0
3,WoodFlooring,86,"KDE, Variable",0.10210735766147716,1.0
3,WoodFraming,7,"Normal, Uniform",0.301533095402544,5.0
3,WoodFraming,7,"Normal, Variable",0.06369523281667964,2.0
3,WoodFraming,7,"Lognormal, Uniform",0.27549527971732846,4.0
3,WoodFraming,7,"Lognormal, Variable",0.06352117907301404,1.0
3,WoodFraming,7,"KDE, Uniform",0.3641772262078933,6.0
3,WoodFraming,7,"KDE, Variable",0.07404377711751009,3.0
3,WoodJoists,5,"Normal, Uniform",0.2002474710222053,2.0
3,WoodJoists,5,"Normal, Variable",0.20212881086476414,3.0
3,WoodJoists,5,"Lognormal, Uniform",0.2361738946353426,6.0
3,WoodJoists,5,"Lognormal, Variable",0.23045634677646215,5.0
3,WoodJoists,5,"KDE, Uniform",0.1929596384051958,1.0
3,WoodJoists,5,"KDE, Variable",0.20743053100588152,4.0
3,WorkSurfaces,12,"Normal, Uniform",0.18371964862851098,5.0
3,WorkSurfaces,12,"Normal, Variable",0.10954191833540575,3.0
3,WorkSurfaces,12,"Lognormal, Uniform",0.15016588143683215,4.0
3,WorkSurfaces,12,"Lognormal, Variable",0.1023564272908333,1.0
3,WorkSurfaces,12,"KDE, Uniform",0.19344575679126716,6.0
3,WorkSurfaces,12,"KDE, Variable",0.10290570824480436,2.0
4,AccessFlooring,53,"Normal, Uniform",0.3710790365217674,6.0
4,AccessFlooring,53,"Normal, Variable",0.2346062330908223,4.0
4,AccessFlooring,53,"Lognormal, Uniform",0.22821035693201003,3.0
4,AccessFlooring,53,"Lognormal, Variable",0.13465756246807137,1.0
4,AccessFlooring,53,"KDE, Uniform",0.3069036899949857,5.0
4,AccessFlooring,53,"KDE, Variable",0.1866378458991319,2.0
4,AccessFlooringPedestals,13,"Normal, Uniform",0.271428216610893,5.0
4,AccessFlooringPedestals,13,"Normal, Variable",0.18852842850472304,2.0
4,AccessFlooringPedestals,13,"Lognormal, Uniform",0.3466479419215748,6.0
4,AccessFlooringPedestals,13,"Lognormal, Variable",0.18852286168224053,1.0
4,AccessFlooringPedestals,13,"KDE, Uniform",0.2506074695748501,4.0
4,AccessFlooringPedestals,13,"KDE, Variable",0.20450099675968467,3.0
4,AcousticalCeilings,412,"Normal, Uniform",1.0165246029134316,5.0
4,AcousticalCeilings,412,"Normal, Variable",1.1594619895710294,6.0
4,AcousticalCeilings,412,"Lognormal, Uniform",0.3853589447127708,4.0
4,AcousticalCeilings,412,"Lognormal, Variable",0.3827814727413255,3.0
4,AcousticalCeilings,412,"KDE, Uniform",0.1330420734613536,2.0
4,AcousticalCeilings,412,"KDE, Variable",0.07469894892965226,1.0
4,Aggregates,384,"Normal, Uniform",5.2649781563754345,5.0
4,Aggregates,384,"Normal, Variable",6.193193397075191,6.0
4,Aggregates,384,"Lognormal, Uniform",1.0917874719172027,3.0
4,Aggregates,384,"Lognormal, Variable",1.1836503888114913,4.0
4,Aggregates,384,"KDE, Uniform",0.8957948526149376,1.0
4,Aggregates,384,"KDE, Variable",0.928756739735094,2.0
4,AluminiumBillets,120,"Normal, Uniform",0.2670581577649709,6.0
4,AluminiumBillets,120,"Normal, Variable",0.2538508471604609,5.0
4,AluminiumBillets,120,"Lognormal, Uniform",0.12247198187992771,4.0
4,AluminiumBillets,120,"Lognormal, Variable",0.12042566928592696,3.0
4,AluminiumBillets,120,"KDE, Uniform",0.11155161366015584,2.0
4,AluminiumBillets,120,"KDE, Variable",0.10878161146144091,1.0
4,AluminiumExtrusions,36,"Normal, Uniform",0.35232162177259685,6.0
4,AluminiumExtrusions,36,"Normal, Variable",0.3444271252846672,5.0
4,AluminiumExtrusions,36,"Lognormal, Uniform",0.15086334203462215,3.0
4,AluminiumExtrusions,36,"Lognormal, Variable",0.15009972669685237,2.0
4,AluminiumExtrusions,36,"KDE, Uniform",0.0897118703798953,1.0
4,AluminiumExtrusions,36,"KDE, Variable",0.18168583668352067,4.0
4,AluminiumSheetGoods,26,"Normal, Uniform",0.35118239956311287,5.0
4,AluminiumSheetGoods,26,"Normal, Variable",0.3705449711614992,6.0
4,AluminiumSheetGoods,26,"Lognormal, Uniform",0.3310396957837657,4.0
4,AluminiumSheetGoods,26,"Lognormal, Variable",0.282456130128992,2.0
4,AluminiumSheetGoods,26,"KDE, Uniform",0.20227066821207113,1.0
4,AluminiumSheetGoods,26,"KDE, Variable",0.31237119226714627,3.0
4,AluminiumSiding,3,"Normal, Uniform",0.32530707418923177,5.0
4,AluminiumSiding,3,"Normal, Variable",0.27358180630525536,1.0
4,AluminiumSiding,3,"Lognormal, Uniform",0.32548301564020365,6.0
4,AluminiumSiding,3,"Lognormal, Variable",0.2737562578368114,2.0
4,AluminiumSiding,3,"KDE, Uniform",0.31161064859966175,4.0
4,AluminiumSiding,3,"KDE, Variable",0.2776807456787842,3.0
4,AluminiumSuspensionAssembly,22,"Normal, Uniform",0.36739662086393365,3.0
4,AluminiumSuspensionAssembly,22,"Normal, Variable",0.48253707464792917,6.0
4,AluminiumSuspensionAssembly,22,"Lognormal, Uniform",0.43101338302759007,4.0
4,AluminiumSuspensionAssembly,22,"Lognormal, Variable",0.3524826296598203,2.0
4,AluminiumSuspensionAssembly,22,"KDE, Uniform",0.27794718108032357,1.0
4,AluminiumSuspensionAssembly,22,"KDE, Variable",0.4598596666939784,5.0
4,Asphalt,7232,"Normal, Uniform",0.053730651480306924,6.0
4,Asphalt,7232,"Normal, Variable",0.05132076294002923,5.0
4,Asphalt,7232,"Lognormal, Uniform",0.0314507789912301,4.0
4,Asphalt,7232,"Lognormal, Variable",0.029696146471081764,3.0
4,Asphalt,7232,"KDE, Uniform",0.005276557148698284,2.0
4,Asphalt,7232,"KDE, Variable",0.0032952568885565546,1.0
4,BackingAndUnderlay,45,"Normal, Uniform",0.9414571501906208,6.0
4,BackingAndUnderlay,45,"Normal, Variable",0.6146753885647259,5.0
4,BackingAndUnderlay,45,"Lognormal, Uniform",0.3489762932760086,3.0
4,BackingAndUnderlay,45,"Lognormal, Variable",0.1862250605018169,1.0
4,BackingAndUnderlay,45,"KDE, Uniform",0.42840420559691045,4.0
4,BackingAndUnderlay,45,"KDE, Variable",0.3433310179493617,2.0
4,BituminousRoofing,66,"Normal, Uniform",0.24985028987263505,6.0
4,BituminousRoofing,66,"Normal, Variable",0.2417866608846147,5.0
4,BituminousRoofing,66,"Lognormal, Uniform",0.0962582104298098,3.0
4,BituminousRoofing,66,"Lognormal, Variable",0.0907715239906135,2.0
4,BituminousRoofing,66,"KDE, Uniform",0.10345044620492075,4.0
4,BituminousRoofing,66,"KDE, Variable",0.08028711756237689,1.0
4,BlanketFacing,28,"Normal, Uniform",0.25721194205831477,5.0
4,BlanketFacing,28,"Normal, Variable",0.2887744185207537,6.0
4,BlanketFacing,28,"Lognormal, Uniform",0.2328729542698404,4.0
4,BlanketFacing,28,"Lognormal, Variable",0.19128124652858597,3.0
4,BlanketFacing,28,"KDE, Uniform",0.1793494444988945,2.0
4,BlanketFacing,28,"KDE, Variable",0.17019075100863268,1.0
4,BlanketInsulation [mineral wool],184,"Normal, Uniform",0.5988640474883158,5.0
4,BlanketInsulation [mineral wool],184,"Normal, Variable",0.6680405474684884,6.0
4,BlanketInsulation [mineral wool],184,"Lognormal, Uniform",0.256653516505848,3.0
4,BlanketInsulation [mineral wool],184,"Lognormal, Variable",0.2614200020912236,4.0
4,BlanketInsulation [mineral wool],184,"KDE, Uniform",0.09218802198276967,2.0
4,BlanketInsulation [mineral wool],184,"KDE, Variable",0.03783447623579973,1.0
4,BlanketInsulation [other],3,"Normal, Uniform",0.42206955018828984,5.0
4,BlanketInsulation [other],3,"Normal, Variable",0.35139994509653094,1.0
4,BlanketInsulation [other],3,"Lognormal, Uniform",0.7872578236373462,6.0
4,BlanketInsulation [other],3,"Lognormal, Variable",0.35157845051408115,2.0
4,BlanketInsulation [other],3,"KDE, Uniform",0.39014576475131657,4.0
4,BlanketInsulation [other],3,"KDE, Variable",0.36961750932155313,3.0
4,BlanketInsulation [type not stated],129,"Normal, Uniform",0.6439380947151816,6.0
4,BlanketInsulation [type not stated],129,"Normal, Variable",0.626258884655308,5.0
4,BlanketInsulation [type not stated],129,"Lognormal, Uniform",0.2481144519268739,3.0
4,BlanketInsulation [type not stated],129,"Lognormal, Variable",0.24848595150329258,4.0
4,BlanketInsulation [type not stated],129,"KDE, Uniform",0.11926940364714086,2.0
4,BlanketInsulation [type not stated],129,"KDE, Variable",0.04641125803186285,1.0
4,BlownInsulation [cellulose],3,"Normal, Uniform",0.782084101139575,5.0
4,BlownInsulation [cellulose],3,"Normal, Variable",0.6516789045483888,1.0
4,BlownInsulation [cellulose],3,"Lognormal, Uniform",1.2226189723014265,6.0
4,BlownInsulation [cellulose],3,"Lognormal, Variable",0.6520411976075065,2.0
4,BlownInsulation [cellulose],3,"KDE, Uniform",0.7374924542549941,4.0
4,BlownInsulation [cellulose],3,"KDE, Variable",0.6944418572584976,3.0
4,BlownInsulation [type not stated],16,"Normal, Uniform",0.2985413681352368,4.0
4,BlownInsulation [type not stated],16,"Normal, Variable",0.24110016780365665,2.0
4,BlownInsulation [type not stated],16,"Lognormal, Uniform",0.4083761724354011,6.0
4,BlownInsulation [type not stated],16,"Lognormal, Variable",0.25864105185849107,3.0
4,BlownInsulation [type not stated],16,"KDE, Uniform",0.3169914226707281,5.0
4,BlownInsulation [type not stated],16,"KDE, Variable",0.22041679998208186,1.0
4,BoardInsulation [EPS],47,"Normal, Uniform",0.6858745716532187,5.0
4,BoardInsulation [EPS],47,"Normal, Variable",0.791435771930084,6.0
4,BoardInsulation [EPS],47,"Lognormal, Uniform",0.2562378185175694,3.0
4,BoardInsulation [EPS],47,"Lognormal, Variable",0.24545181798709095,2.0
4,BoardInsulation [EPS],47,"KDE, Uniform",0.20612375811545647,1.0
4,BoardInsulation [EPS],47,"KDE, Variable",0.5047218557932642,4.0
4,BoardInsulation [PIR or PUR],50,"Normal, Uniform",0.8069322314047712,6.0
4,BoardInsulation [PIR or PUR],50,"Normal, Variable",0.550560849816516,5.0
4,BoardInsulation [PIR or PUR],50,"Lognormal, Uniform",0.22600620169616964,2.0
4,BoardInsulation [PIR or PUR],50,"Lognormal, Variable",0.21216125077505196,1.0
4,BoardInsulation [PIR or PUR],50,"KDE, Uniform",0.2950677500835409,3.0
4,BoardInsulation [PIR or PUR],50,"KDE, Variable",0.32111007532928726,4.0
4,BoardInsulation [XPS],19,"Normal, Uniform",0.4634561417756598,5.0
4,BoardInsulation [XPS],19,"Normal, Variable",0.3830426778655681,4.0
4,BoardInsulation [XPS],19,"Lognormal, Uniform",0.28887078204088773,1.0
4,BoardInsulation [XPS],19,"Lognormal, Variable",0.33086163673687546,2.0
4,BoardInsulation [XPS],19,"KDE, Uniform",0.47330400318512117,6.0
4,BoardInsulation [XPS],19,"KDE, Variable",0.36834851386203504,3.0
4,BoardInsulation [mineral wool],77,"Normal, Uniform",0.17427892347332985,6.0
4,BoardInsulation [mineral wool],77,"Normal, Variable",0.16586975679782773,5.0
4,BoardInsulation [mineral wool],77,"Lognormal, Uniform",0.05581466297681798,2.0
4,BoardInsulation [mineral wool],77,"Lognormal, Variable",0.055140992689425676,1.0
4,BoardInsulation [mineral wool],77,"KDE, Uniform",0.06665632978341518,4.0
4,BoardInsulation [mineral wool],77,"KDE, Variable",0.05635498839854513,3.0
4,BoardInsulation [other],7,"Normal, Uniform",0.4763537727662586,5.0
4,BoardInsulation [other],7,"Normal, Variable",0.1402845498837126,2.0
4,BoardInsulation [other],7,"Lognormal, Uniform",0.39211607011115673,4.0
4,BoardInsulation [other],7,"Lognormal, Variable",0.14590078883756988,3.0
4,BoardInsulation [other],7,"KDE, Uniform",0.539647437540079,6.0
4,BoardInsulation [other],7,"KDE, Variable",0.13688246514872215,1.0
4,BoardInsulation [type not stated],131,"Normal, Uniform",0.3638216610081189,6.0
4,BoardInsulation [type not stated],131,"Normal, Variable",0.2881155946987278,5.0
4,BoardInsulation [type not stated],131,"Lognormal, Uniform",0.14392759166571364,3.0
4,BoardInsulation [type not stated],131,"Lognormal, Variable",0.09131155906662598,2.0
4,BoardInsulation [type not stated],131,"KDE, Uniform",0.2116630553249037,4.0
4,BoardInsulation [type not stated],131,"KDE, Variable",0.06200128135027949,1.0
4,Brick,215,"Normal, Uniform",0.9479300764199944,5.0
4,Brick,215,"Normal, Variable",1.2197474582140009,6.0
4,Brick,215,"Lognormal, Uniform",0.35638063983598406,3.0
4,Brick,215,"Lognormal, Variable",0.37772041355700026,4.0
4,Brick,215,"KDE, Uniform",0.13654308772678073,2.0
4,Brick,215,"KDE, Variable",0.03780583438191543,1.0
4,CMU [3000-3999 psi],137,"Normal, Uniform",0.0662851027985838,6.0
4,CMU [3000-3999 psi],137,"Normal, Variable",0.06396647955562561,5.0
4,CMU [3000-3999 psi],137,"Lognormal, Uniform",0.05106866039031614,4.0
4,CMU [3000-3999 psi],137,"Lognormal, Variable",0.045828262113715545,3.0
4,CMU [3000-3999 psi],137,"KDE, Uniform",0.03518755673804928,2.0
4,CMU [3000-3999 psi],137,"KDE, Variable",0.023582362939417366,1.0
4,CMU [4000-4999 psi],18,"Normal, Uniform",0.06638656054372488,5.0
4,CMU [4000-4999 psi],18,"Normal, Variable",0.04507192707387632,2.0
4,CMU [4000-4999 psi],18,"Lognormal, Uniform",0.05499749255679228,4.0
4,CMU [4000-4999 psi],18,"Lognormal, Variable",0.040251951425219125,1.0
4,CMU [4000-4999 psi],18,"KDE, Uniform",0.0797003569685245,6.0
4,CMU [4000-4999 psi],18,"KDE, Variable",0.05356361243706116,3.0
4,CMU [5000-5999 psi],8,"Normal, Uniform",0.03616352171026445,5.0
4,CMU [5000-5999 psi],8,"Normal, Variable",0.03286891426821281,3.0
4,CMU [5000-5999 psi],8,"Lognormal, Uniform",0.03232705506740016,2.0
4,CMU [5000-5999 psi],8,"Lognormal, Variable",0.02763455924460283,1.0
4,CMU [5000-5999 psi],8,"KDE, Uniform",0.04256999422034863,6.0
4,CMU [5000-5999 psi],8,"KDE, Variable",0.035244490620431335,4.0
4,CMU [<3000 psi],274,"Normal, Uniform",0.08574429692316334,6.0
4,CMU [<3000 psi],274,"Normal, Variable",0.07224583578140517,5.0
4,CMU [<3000 psi],274,"Lognormal, Uniform",0.0373014996391161,3.0
4,CMU [<3000 psi],274,"Lognormal, Variable",0.026690939753833708,2.0
4,CMU [<3000 psi],274,"KDE, Uniform",0.03820748681213272,4.0
4,CMU [<3000 psi],274,"KDE, Variable",0.020159753218873217,1.0
4,CMU [>=6000 psi],8,"Normal, Uniform",0.07970635447368776,4.0
4,CMU [>=6000 psi],8,"Normal, Variable",0.0420241507927933,1.0
4,CMU [>=6000 psi],8,"Lognormal, Uniform",0.08364453726762106,5.0
4,CMU [>=6000 psi],8,"Lognormal, Variable",0.042197557900877126,2.0
4,CMU [>=6000 psi],8,"KDE, Uniform",0.12141502842490828,6.0
4,CMU [>=6000 psi],8,"KDE, Variable",0.05449137261782869,3.0
4,CMU [strength not stated],39,"Normal, Uniform",0.07425464406696737,6.0
4,CMU [strength not stated],39,"Normal, Variable",0.06176318075759903,5.0
4,CMU [strength not stated],39,"Lognormal, Uniform",0.05680054261210842,4.0
4,CMU [strength not stated],39,"Lognormal, Variable",0.04192064381489097,1.0
4,CMU [strength not stated],39,"KDE, Uniform",0.04964056591763016,2.0
4,CMU [strength not stated],39,"KDE, Variable",0.05342828709634737,3.0
4,CableTrays,59,"Normal, Uniform",0.6816613705503543,6.0
4,CableTrays,59,"Normal, Variable",0.654544730583372,5.0
4,CableTrays,59,"Lognormal, Uniform",0.20718484379008145,1.0
4,CableTrays,59,"Lognormal, Variable",0.20721658049455266,2.0
4,CableTrays,59,"KDE, Uniform",0.2204717658497351,3.0
4,CableTrays,59,"KDE, Variable",0.416260544863964,4.0
4,Carpet,1989,"Normal, Uniform",0.08225059329228254,6.0
4,Carpet,1989,"Normal, Variable",0.08212699045587436,5.0
4,Carpet,1989,"Lognormal, Uniform",0.041347383417984926,3.0
4,Carpet,1989,"Lognormal, Variable",0.04280716970820483,4.0
4,Carpet,1989,"KDE, Uniform",0.014333435959952758,1.0
4,Carpet,1989,"KDE, Variable",0.015172583811649182,2.0
4,CastDecksAndUnderlayment,255,"Normal, Uniform",0.0652358609115354,5.0
4,CastDecksAndUnderlayment,255,"Normal, Variable",0.05832071818202095,3.0
4,CastDecksAndUnderlayment,255,"Lognormal, Uniform",0.07273829735728674,6.0
4,CastDecksAndUnderlayment,255,"Lognormal, Variable",0.03493638714525252,2.0
4,CastDecksAndUnderlayment,255,"KDE, Uniform",0.06179566366327226,4.0
4,CastDecksAndUnderlayment,255,"KDE, Variable",0.026170620402065498,1.0
4,Cement,1084,"Normal, Uniform",0.07282948147746048,6.0
4,Cement,1084,"Normal, Variable",0.056926500427678675,5.0
4,Cement,1084,"Lognormal, Uniform",0.0444115524401173,4.0
4,Cement,1084,"Lognormal, Variable",0.040436065217819867,3.0
4,Cement,1084,"KDE, Uniform",0.026297824446746748,2.0
4,Cement,1084,"KDE, Variable",0.011695255152251534,1.0
4,CementBoard,21,"Normal, Uniform",0.2264192565981856,5.0
4,CementBoard,21,"Normal, Variable",0.2337772370411248,6.0
4,CementBoard,21,"Lognormal, Uniform",0.17355709915113396,3.0
4,CementBoard,21,"Lognormal, Variable",0.17727140109727682,4.0
4,CementBoard,21,"KDE, Uniform",0.15330938958707543,1.0
4,CementBoard,21,"KDE, Variable",0.16917238684954972,2.0
4,CementGrout,3764,"Normal, Uniform",0.09578862102638117,5.0
4,CementGrout,3764,"Normal, Variable",0.10013899396395091,6.0
4,CementGrout,3764,"Lognormal, Uniform",0.031125740760498743,4.0
4,CementGrout,3764,"Lognormal, Variable",0.030688832714458256,3.0
4,CementGrout,3764,"KDE, Uniform",0.008504006534696525,2.0
4,CementGrout,3764,"KDE, Variable",0.007179606868456598,1.0
4,CementitiousSheathingBoard,51,"Normal, Uniform",0.1990660715429638,3.0
4,CementitiousSheathingBoard,51,"Normal, Variable",0.2505844297574813,5.0
4,CementitiousSheathingBoard,51,"Lognormal, Uniform",0.2950548915366834,6.0
4,CementitiousSheathingBoard,51,"Lognormal, Variable",0.19533030529283174,2.0
4,CementitiousSheathingBoard,51,"KDE, Uniform",0.09474449393265101,1.0
4,CementitiousSheathingBoard,51,"KDE, Variable",0.21355254670786725,4.0
4,Chairs,86,"Normal, Uniform",1.9623718246315058,6.0
4,Chairs,86,"Normal, Variable",0.5748400853435406,4.0
4,Chairs,86,"Lognormal, Uniform",0.37796895478193626,2.0
4,Chairs,86,"Lognormal, Variable",0.35954412281198916,1.0
4,Chairs,86,"KDE, Uniform",0.7607165363492892,5.0
4,Chairs,86,"KDE, Variable",0.4757878724268847,3.0
4,Coil,140,"Normal, Uniform",0.19085548277564082,6.0
4,Coil,140,"Normal, Variable",0.17346266848282632,5.0
4,Coil,140,"Lognormal, Uniform",0.10732888004381701,4.0
4,Coil,140,"Lognormal, Variable",0.09624727499926052,3.0
4,Coil,140,"KDE, Uniform",0.06371691531287495,2.0
4,Coil,140,"KDE, Variable",0.04954794312022757,1.0
4,CompositeLumber,16,"Normal, Uniform",0.14533857607424863,5.0
4,CompositeLumber,16,"Normal, Variable",0.09863416800865658,3.0
4,CompositeLumber,16,"Lognormal, Uniform",0.10039714832597048,4.0
4,CompositeLumber,16,"Lognormal, Variable",0.05974415785272383,1.0
4,CompositeLumber,16,"KDE, Uniform",0.1466658946929329,6.0
4,CompositeLumber,16,"KDE, Variable",0.08421295368693116,2.0
4,CompositionSiding,3,"Normal, Uniform",0.39394705847453537,5.0
4,CompositionSiding,3,"Normal, Variable",0.3135944144714887,2.0
4,CompositionSiding,3,"Lognormal, Uniform",0.39423270389805976,6.0
4,CompositionSiding,3,"Lognormal, Variable",0.31389711043522817,3.0
4,CompositionSiding,3,"KDE, Uniform",0.37366907626370915,4.0
4,CompositionSiding,3,"KDE, Variable",0.2890174770362949,1.0
4,ConcreteAdmixtures,118,"Normal, Uniform",2.71955347480237,6.0
4,ConcreteAdmixtures,118,"Normal, Variable",0.5601889374273228,5.0
4,ConcreteAdmixtures,118,"Lognormal, Uniform",0.3932051566595432,3.0
4,ConcreteAdmixtures,118,"Lognormal, Variable",0.12162565812608132,2.0
4,ConcreteAdmixtures,118,"KDE, Uniform",0.5395174891432596,4.0
4,ConcreteAdmixtures,118,"KDE, Variable",0.08728720502942283,1.0
4,ConcretePaving [3000-3999 psi],108,"Normal, Uniform",0.02713688046196147,5.0
4,ConcretePaving [3000-3999 psi],108,"Normal, Variable",0.025682964338072347,3.0
4,ConcretePaving [3000-3999 psi],108,"Lognormal, Uniform",0.02732660707347928,6.0
4,ConcretePaving [3000-3999 psi],108,"Lognormal, Variable",0.025682015086937907,2.0
4,ConcretePaving [3000-3999 psi],108,"KDE, Uniform",0.026997730599860922,4.0
4,ConcretePaving [3000-3999 psi],108,"KDE, Variable",0.019387961212243295,1.0
4,ConcretePaving [4000-4999 psi],160,"Normal, Uniform",0.0419827416165604,6.0
4,ConcretePaving [4000-4999 psi],160,"Normal, Variable",0.03164366602650444,5.0
4,ConcretePaving [4000-4999 psi],160,"Lognormal, Uniform",0.03134663831237266,4.0
4,ConcretePaving [4000-4999 psi],160,"Lognormal, Variable",0.02476101830686758,2.0
4,ConcretePaving [4000-4999 psi],160,"KDE, Uniform",0.028189534960881252,3.0
4,ConcretePaving [4000-4999 psi],160,"KDE, Variable",0.018078423712384925,1.0
4,ConcretePaving [5000-5999 psi],42,"Normal, Uniform",0.056425391784910406,5.0
4,ConcretePaving [5000-5999 psi],42,"Normal, Variable",0.04992291302266785,3.0
4,ConcretePaving [5000-5999 psi],42,"Lognormal, Uniform",0.05954990019184033,6.0
4,ConcretePaving [5000-5999 psi],42,"Lognormal, Variable",0.04904745345668286,2.0
4,ConcretePaving [5000-5999 psi],42,"KDE, Uniform",0.051593460182927514,4.0
4,ConcretePaving [5000-5999 psi],42,"KDE, Variable",0.04775805598165264,1.0
4,ConcretePaving [<3000 psi],32,"Normal, Uniform",0.04563462864408036,1.0
4,ConcretePaving [<3000 psi],32,"Normal, Variable",0.046012977268968705,4.0
4,ConcretePaving [<3000 psi],32,"Lognormal, Uniform",0.04566257387765392,2.0
4,ConcretePaving [<3000 psi],32,"Lognormal, Variable",0.046045884597719924,5.0
4,ConcretePaving [<3000 psi],32,"KDE, Uniform",0.04573629983615034,3.0
4,ConcretePaving [<3000 psi],32,"KDE, Variable",0.052326056493459935,6.0
4,ConcretePaving [strength not stated],38,"Normal, Uniform",0.2298071113839343,5.0
4,ConcretePaving [strength not stated],38,"Normal, Variable",0.28682263509428396,6.0
4,ConcretePaving [strength not stated],38,"Lognormal, Uniform",0.1399740355099731,3.0
4,ConcretePaving [strength not stated],38,"Lognormal, Variable",0.12185555335743836,2.0
4,ConcretePaving [strength not stated],38,"KDE, Uniform",0.10905085477582477,1.0
4,ConcretePaving [strength not stated],38,"KDE, Variable",0.15963141514417686,4.0
4,Countertops,76,"Normal, Uniform",0.6037530124810939,5.0
4,Countertops,76,"Normal, Variable",0.7559961733997598,6.0
4,Countertops,76,"Lognormal, Uniform",0.2575340181344947,2.0
4,Countertops,76,"Lognormal, Variable",0.25368568820210086,1.0
4,Countertops,76,"KDE, Uniform",0.30214926988114305,3.0
4,Countertops,76,"KDE, Variable",0.3254337135188407,4.0
4,CurtainWalls,54,"Normal, Uniform",0.2537460224430408,6.0
4,CurtainWalls,54,"Normal, Variable",0.18014270674168603,5.0
4,CurtainWalls,54,"Lognormal, Uniform",0.10544962561634279,2.0
4,CurtainWalls,54,"Lognormal, Variable",0.09885760573978149,1.0
4,CurtainWalls,54,"KDE, Uniform",0.1325918348490385,4.0
4,CurtainWalls,54,"KDE, Variable",0.11849517397268876,3.0
4,DampproofingAndWaterproofing,162,"Normal, Uniform",1.9051600019436217,6.0
4,DampproofingAndWaterproofing,162,"Normal, Variable",1.5665452524079975,5.0
4,DampproofingAndWaterproofing,162,"Lognormal, Uniform",0.6062069573044714,4.0
4,DampproofingAndWaterproofing,162,"Lognormal, Variable",0.5076361776943928,3.0
4,DampproofingAndWaterproofing,162,"KDE, Uniform",0.22145757370911784,2.0
4,DampproofingAndWaterproofing,162,"KDE, Variable",0.0700965324228153,1.0
4,DataCabling,951,"Normal, Uniform",1.2457199214912618,5.0
4,DataCabling,951,"Normal, Variable",1.249336827001641,6.0
4,DataCabling,951,"Lognormal, Uniform",0.5439821464828003,4.0
4,DataCabling,951,"Lognormal, Variable",0.5387027086324909,3.0
4,DataCabling,951,"KDE, Uniform",0.30258951606924434,2.0
4,DataCabling,951,"KDE, Variable",0.2982916379092815,1.0
4,DeckingBoards,7,"Normal, Uniform",0.24980173426588886,5.0
4,DeckingBoards,7,"Normal, Variable",0.11448372092073975,1.0
4,DeckingBoards,7,"Lognormal, Uniform",0.21426414413510858,4.0
4,DeckingBoards,7,"Lognormal, Variable",0.19514358736957638,3.0
4,DeckingBoards,7,"KDE, Uniform",0.2760656903051729,6.0
4,DeckingBoards,7,"KDE, Variable",0.13106104147447456,2.0
4,DeckingSteel,62,"Normal, Uniform",0.04397990000384416,5.0
4,DeckingSteel,62,"Normal, Variable",0.029633981850880026,2.0
4,DeckingSteel,62,"Lognormal, Uniform",0.04392095389047714,4.0
4,DeckingSteel,62,"Lognormal, Variable",0.02951127963150054,1.0
4,DeckingSteel,62,"KDE, Uniform",0.04819661252786985,6.0
4,DeckingSteel,62,"KDE, Variable",0.03029878319958105,3.0
4,DemountablePartitionTrack,4,"Normal, Uniform",0.2922588123145247,4.0
4,DemountablePartitionTrack,4,"Normal, Variable",0.20039078949305655,2.0
4,DemountablePartitionTrack,4,"Lognormal, Uniform",0.3475034955604904,5.0
4,DemountablePartitionTrack,4,"Lognormal, Variable",0.19528652041706152,1.0
4,DemountablePartitionTrack,4,"KDE, Uniform",0.4192178549804594,6.0
4,DemountablePartitionTrack,4,"KDE, Variable",0.22933206033889028,3.0
4,DemountablePartitions,45,"Normal, Uniform",0.10827914362239127,4.0
4,DemountablePartitions,45,"Normal, Variable",0.09206179222397085,2.0
4,DemountablePartitions,45,"Lognormal, Uniform",0.1174224230874961,6.0
4,DemountablePartitions,45,"Lognormal, Variable",0.09212698606606068,3.0
4,DemountablePartitions,45,"KDE, Uniform",0.11733543874393326,5.0
4,DemountablePartitions,45,"KDE, Variable",0.08802770020426359,1.0
4,DoorsAndFrames,61,"Normal, Uniform",0.6318701251449614,5.0
4,DoorsAndFrames,61,"Normal, Variable",0.7719303231995738,6.0
4,DoorsAndFrames,61,"Lognormal, Uniform",0.3497128963891424,4.0
4,DoorsAndFrames,61,"Lognormal, Variable",0.33096336500034834,3.0
4,DoorsAndFrames,61,"KDE, Uniform",0.2377169207958654,2.0
4,DoorsAndFrames,61,"KDE, Variable",0.139262904128111,1.0
4,Electrical,3,"Normal, Uniform",0.00905218142615909,5.0
4,Electrical,3,"Normal, Variable",0.0032840153942935778,2.0
4,Electrical,3,"Lognormal, Uniform",0.008458367373180706,4.0
4,Electrical,3,"Lognormal, Variable",0.0025939180080387274,1.0
4,Electrical,3,"KDE, Uniform",0.010534236085845958,6.0
4,Electrical,3,"KDE, Variable",0.0037620232255858475,3.0
4,Elevators,20,"Normal, Uniform",0.9843260366060853,6.0
4,Elevators,20,"Normal, Variable",0.8727837404813171,3.0
4,Elevators,20,"Lognormal, Uniform",0.5590812906023384,1.0
4,Elevators,20,"Lognormal, Variable",0.5772642154649114,2.0
4,Elevators,20,"KDE, Uniform",0.9408102124138026,5.0
4,Elevators,20,"KDE, Variable",0.9044279238634809,4.0
4,FenestrationAccessories,17,"Normal, Uniform",1.0130042019565144,5.0
4,FenestrationAccessories,17,"Normal, Variable",1.097682733939724,6.0
4,FenestrationAccessories,17,"Lognormal, Uniform",0.5029533139038714,2.0
4,FenestrationAccessories,17,"Lognormal, Variable",0.48312340728801356,1.0
4,FenestrationAccessories,17,"KDE, Uniform",0.6510620159812512,3.0
4,FenestrationAccessories,17,"KDE, Variable",0.9243265464295791,4.0
4,FenestrationFraming,259,"Normal, Uniform",0.44884804816983626,6.0
4,FenestrationFraming,259,"Normal, Variable",0.39693681998379027,5.0
4,FenestrationFraming,259,"Lognormal, Uniform",0.0831144498920915,3.0
4,FenestrationFraming,259,"Lognormal, Variable",0.08184416588282227,2.0
4,FenestrationFraming,259,"KDE, Uniform",0.09470061372978181,4.0
4,FenestrationFraming,259,"KDE, Variable",0.07245694643889011,1.0
4,FiberCementSiding,29,"Normal, Uniform",0.19533854218963081,5.0
4,FiberCementSiding,29,"Normal, Variable",0.2062570335989619,6.0
4,FiberCementSiding,29,"Lognormal, Uniform",0.10839138078523423,1.0
4,FiberCementSiding,29,"Lognormal, Variable",0.11024734136223864,2.0
4,FiberCementSiding,29,"KDE, Uniform",0.12425600549813562,3.0
4,FiberCementSiding,29,"KDE, Variable",0.1348169385855294,4.0
4,FireAndSmokeProtection,22,"Normal, Uniform",0.4204841172600885,6.0
4,FireAndSmokeProtection,22,"Normal, Variable",0.41247744883435156,5.0
4,FireAndSmokeProtection,22,"Lognormal, Uniform",0.21415025686066344,2.0
4,FireAndSmokeProtection,22,"Lognormal, Variable",0.20242511674301275,1.0
4,FireAndSmokeProtection,22,"KDE, Uniform",0.26358655239115675,3.0
4,FireAndSmokeProtection,22,"KDE, Variable",0.2736607829490239,4.0
4,FlashingAndSheetMetal,12,"Normal, Uniform",0.9098009784761085,5.0
4,FlashingAndSheetMetal,12,"Normal, Variable",0.9482564835352256,6.0
4,FlashingAndSheetMetal,12,"Lognormal, Uniform",0.5200951907734,2.0
4,FlashingAndSheetMetal,12,"Lognormal, Variable",0.5059688625693235,1.0
4,FlashingAndSheetMetal,12,"KDE, Uniform",0.6516276879128537,3.0
4,FlashingAndSheetMetal,12,"KDE, Variable",0.764922506157337,4.0
4,FlatGlassPanes,47,"Normal, Uniform",0.7481366289172247,5.0
4,FlatGlassPanes,47,"Normal, Variable",0.8062164740410542,6.0
4,FlatGlassPanes,47,"Lognormal, Uniform",0.32182846254095554,2.0
4,FlatGlassPanes,47,"Lognormal, Variable",0.27774025344013903,1.0
4,FlatGlassPanes,47,"KDE, Uniform",0.34008763819898363,3.0
4,FlatGlassPanes,47,"KDE, Variable",0.4342499600274641,4.0
4,FlowableFill,2008,"Normal, Uniform",0.28918654608590644,6.0
4,FlowableFill,2008,"Normal, Variable",0.2711238025560804,5.0
4,FlowableFill,2008,"Lognormal, Uniform",0.092962169039083,3.0
4,FlowableFill,2008,"Lognormal, Variable",0.09384672824252632,4.0
4,FlowableFill,2008,"KDE, Uniform",0.02690362755700041,2.0
4,FlowableFill,2008,"KDE, Variable",0.021922662056914,1.0
4,FoamedInPlace [PIR or PUR],8,"Normal, Uniform",0.7280365447431265,6.0
4,FoamedInPlace [PIR or PUR],8,"Normal, Variable",0.357479839571031,3.0
4,FoamedInPlace [PIR or PUR],8,"Lognormal, Uniform",0.38261639747012194,4.0
4,FoamedInPlace [PIR or PUR],8,"Lognormal, Variable",0.14032201938384564,1.0
4,FoamedInPlace [PIR or PUR],8,"KDE, Uniform",0.7180021755275325,5.0
4,FoamedInPlace [PIR or PUR],8,"KDE, Variable",0.2473591819881369,2.0
4,FoamedInPlace [type not stated],5,"Normal, Uniform",0.06490323283335012,4.0
4,FoamedInPlace [type not stated],5,"Normal, Variable",0.03594914321059177,1.0
4,FoamedInPlace [type not stated],5,"Lognormal, Uniform",0.0649134862803975,5.0
4,FoamedInPlace [type not stated],5,"Lognormal, Variable",0.03597087065968644,2.0
4,FoamedInPlace [type not stated],5,"KDE, Uniform",0.09389120239327642,6.0
4,FoamedInPlace [type not stated],5,"KDE, Variable",0.0432246669878457,3.0
4,Furnishings,7,"Normal, Uniform",0.1624528682391549,4.0
4,Furnishings,7,"Normal, Variable",0.10711414681114029,2.0
4,Furnishings,7,"Lognormal, Uniform",0.16253661951665788,5.0
4,Furnishings,7,"Lognormal, Variable",0.10721158869962018,3.0
4,Furnishings,7,"KDE, Uniform",0.19205638245123705,6.0
4,Furnishings,7,"KDE, Variable",0.10402663900260747,1.0
4,GlazedDoors,141,"Normal, Uniform",0.6932751854929,5.0
4,GlazedDoors,141,"Normal, Variable",0.9393322437302455,6.0
4,GlazedDoors,141,"Lognormal, Uniform",0.26372574999736265,4.0
4,GlazedDoors,141,"Lognormal, Variable",0.25952137529410285,3.0
4,GlazedDoors,141,"KDE, Uniform",0.17577789775837097,2.0
4,GlazedDoors,141,"KDE, Variable",0.1420276883952185,1.0
4,Grouting,219,"Normal, Uniform",3.2330736755680705,6.0
4,Grouting,219,"Normal, Variable",1.3511343730345668,5.0
4,Grouting,219,"Lognormal, Uniform",0.502256882061898,4.0
4,Grouting,219,"Lognormal, Variable",0.31802316523521973,2.0
4,Grouting,219,"KDE, Uniform",0.4641617294081017,3.0
4,Grouting,219,"KDE, Variable",0.10604148810053957,1.0
4,Gypsum,771,"Normal, Uniform",0.15874815110528226,5.0
4,Gypsum,771,"Normal, Variable",0.16571963117041327,6.0
4,Gypsum,771,"Lognormal, Uniform",0.05169350832152604,4.0
4,Gypsum,771,"Lognormal, Variable",0.03698646167538639,2.0
4,Gypsum,771,"KDE, Uniform",0.04718252760593864,3.0
4,Gypsum,771,"KDE, Variable",0.020621381769054235,1.0
4,GypsumSheathingBoard,19,"Normal, Uniform",0.10392986399183998,4.0
4,GypsumSheathingBoard,19,"Normal, Variable",0.07227161974931769,2.0
4,GypsumSheathingBoard,19,"Lognormal, Uniform",0.10847330710601404,5.0
4,GypsumSheathingBoard,19,"Lognormal, Variable",0.067000793340741,1.0
4,GypsumSheathingBoard,19,"KDE, Uniform",0.11186111877831897,6.0
4,GypsumSheathingBoard,19,"KDE, Variable",0.07818364170887494,3.0
4,HeavyTimber,5,"Normal, Uniform",0.5567861474556273,5.0
4,HeavyTimber,5,"Normal, Variable",0.5023481110806423,1.0
4,HeavyTimber,5,"Lognormal, Uniform",0.9131857303147982,6.0
4,HeavyTimber,5,"Lognormal, Variable",0.5025997282325985,2.0
4,HeavyTimber,5,"KDE, Uniform",0.5132971545257107,4.0
4,HeavyTimber,5,"KDE, Variable",0.505169875833835,3.0
4,Hollow,145,"Normal, Uniform",0.0463535018335184,6.0
4,Hollow,145,"Normal, Variable",0.04384876056789102,4.0
4,Hollow,145,"Lognormal, Uniform",0.044119503245981434,5.0
4,Hollow,145,"Lognormal, Variable",0.04264696189207219,3.0
4,Hollow,145,"KDE, Uniform",0.03923917804349174,2.0
4,Hollow,145,"KDE, Variable",0.03483924852555683,1.0
4,HotRolled,81,"Normal, Uniform",0.6058424904227189,6.0
4,HotRolled,81,"Normal, Variable",0.46197773238837875,5.0
4,HotRolled,81,"Lognormal, Uniform",0.24552606638536822,4.0
4,HotRolled,81,"Lognormal, Variable",0.22249648307113934,3.0
4,HotRolled,81,"KDE, Uniform",0.17808886182733688,2.0
4,HotRolled,81,"KDE, Variable",0.03585737744086066,1.0
4,InsulatedRoofPanels,271,"Normal, Uniform",0.054952839601384335,6.0
4,InsulatedRoofPanels,271,"Normal, Variable",0.03613750729575169,3.0
4,InsulatedRoofPanels,271,"Lognormal, Uniform",0.04294907415692442,5.0
4,InsulatedRoofPanels,271,"Lognormal, Variable",0.026456296173290955,2.0
4,InsulatedRoofPanels,271,"KDE, Uniform",0.040834266881646736,4.0
4,InsulatedRoofPanels,271,"KDE, Variable",0.01667217528642291,1.0
4,InsulatedWallPanels,420,"Normal, Uniform",0.07238762791669592,5.0
4,InsulatedWallPanels,420,"Normal, Variable",0.09134178261644647,6.0
4,InsulatedWallPanels,420,"Lognormal, Uniform",0.042645999075663445,3.0
4,InsulatedWallPanels,420,"Lognormal, Variable",0.04291056989620692,4.0
4,InsulatedWallPanels,420,"KDE, Uniform",0.03633270148869554,2.0
4,InsulatedWallPanels,420,"KDE, Variable",0.015089450990620463,1.0
4,InsulatingGlazingUnits,32,"Normal, Uniform",0.5081837107731191,6.0
4,InsulatingGlazingUnits,32,"Normal, Variable",0.36435308010812384,5.0
4,InsulatingGlazingUnits,32,"Lognormal, Uniform",0.2334380168772133,2.0
4,InsulatingGlazingUnits,32,"Lognormal, Variable",0.22148926456166504,1.0
4,InsulatingGlazingUnits,32,"KDE, Uniform",0.25865453524649945,4.0
4,InsulatingGlazingUnits,32,"KDE, Variable",0.2358907591335137,3.0
4,JointProtection,5,"Normal, Uniform",0.26068114362251016,5.0
4,JointProtection,5,"Normal, Variable",0.17150298721645807,2.0
4,JointProtection,5,"Lognormal, Uniform",0.2605972872259116,4.0
4,JointProtection,5,"Lognormal, Variable",0.18493954642408633,3.0
4,JointProtection,5,"KDE, Uniform",0.2943059430070522,6.0
4,JointProtection,5,"KDE, Variable",0.161616319156578,1.0
4,Laminate,26,"Normal, Uniform",0.1790935389132699,5.0
4,Laminate,26,"Normal, Variable",0.13187857669399614,3.0
4,Laminate,26,"Lognormal, Uniform",0.16300668254096967,4.0
4,Laminate,26,"Lognormal, Variable",0.1073192859374871,1.0
4,Laminate,26,"KDE, Uniform",0.18357778980491596,6.0
4,Laminate,26,"KDE, Variable",0.1258859607627661,2.0
4,MBQ,40,"Normal, Uniform",0.2675852145205259,5.0
4,MBQ,40,"Normal, Variable",0.2796526940705327,6.0
4,MBQ,40,"Lognormal, Uniform",0.1313925397880437,3.0
4,MBQ,40,"Lognormal, Variable",0.12943770085934,2.0
4,MBQ,40,"KDE, Uniform",0.07208227030343259,1.0
4,MBQ,40,"KDE, Variable",0.16234160496669447,4.0
4,MasonryCement,26,"Normal, Uniform",0.10410682844760663,5.0
4,MasonryCement,26,"Normal, Variable",0.07914899938179719,3.0
4,MasonryCement,26,"Lognormal, Uniform",0.10264755783350252,4.0
4,MasonryCement,26,"Lognormal, Variable",0.07603961598219477,2.0
4,MasonryCement,26,"KDE, Uniform",0.11033667787114915,6.0
4,MasonryCement,26,"KDE, Variable",0.07023966413250697,1.0
4,MassTimber,66,"Normal, Uniform",0.5009492497981223,6.0
4,MassTimber,66,"Normal, Variable",0.4829781635546143,5.0
4,MassTimber,66,"Lognormal, Uniform",0.26952364049196104,4.0
4,MassTimber,66,"Lognormal, Variable",0.25948508472014736,3.0
4,MassTimber,66,"KDE, Uniform",0.12789148509525955,2.0
4,MassTimber,66,"KDE, Variable",0.06856883898542956,1.0
4,MechanicalInsulation,22,"Normal, Uniform",0.4650743174164692,6.0
4,MechanicalInsulation,22,"Normal, Variable",0.4440940161628439,5.0
4,MechanicalInsulation,22,"Lognormal, Uniform",0.20246510047338656,2.0
4,MechanicalInsulation,22,"Lognormal, Variable",0.19006028848611864,1.0
4,MechanicalInsulation,22,"KDE, Uniform",0.2863035961845588,4.0
4,MechanicalInsulation,22,"KDE, Variable",0.24581875154261834,3.0
4,MetalDoorAndFrames,42,"Normal, Uniform",0.2636992422239892,5.0
4,MetalDoorAndFrames,42,"Normal, Variable",0.3213711926194974,6.0
4,MetalDoorAndFrames,42,"Lognormal, Uniform",0.21635112177148366,4.0
4,MetalDoorAndFrames,42,"Lognormal, Variable",0.16506094691146037,1.0
4,MetalDoorAndFrames,42,"KDE, Uniform",0.1863576573112719,2.0
4,MetalDoorAndFrames,42,"KDE, Variable",0.20544725676378883,3.0
4,MetalRailings,13,"Normal, Uniform",0.2786289640535719,5.0
4,MetalRailings,13,"Normal, Variable",0.2964804951955635,6.0
4,MetalRailings,13,"Lognormal, Uniform",0.22923923718445224,2.0
4,MetalRailings,13,"Lognormal, Variable",0.2328500595646078,3.0
4,MetalRailings,13,"KDE, Uniform",0.21607485191497122,1.0
4,MetalRailings,13,"KDE, Variable",0.24194103055027205,4.0
4,MetalStairs,5,"Normal, Uniform",0.13510640185036626,3.0
4,MetalStairs,5,"Normal, Variable",0.13049706194995606,2.0
4,MetalStairs,5,"Lognormal, Uniform",0.13886229908183387,4.0
4,MetalStairs,5,"Lognormal, Variable",0.1922292533886607,6.0
4,MetalStairs,5,"KDE, Uniform",0.12744448756618643,1.0
4,MetalStairs,5,"KDE, Variable",0.13989718163732345,5.0
4,Mirrors,19,"Normal, Uniform",0.10945969495962762,5.0
4,Mirrors,19,"Normal, Variable",0.0853283529789694,2.0
4,Mirrors,19,"Lognormal, Uniform",0.10942490145666407,4.0
4,Mirrors,19,"Lognormal, Variable",0.08195622256921964,1.0
4,Mirrors,19,"KDE, Uniform",0.1494401565726502,6.0
4,Mirrors,19,"KDE, Variable",0.08873809942435662,3.0
4,MiscMetalFabrication,69,"Normal, Uniform",0.1738836917256097,6.0
4,MiscMetalFabrication,69,"Normal, Variable",0.12275183597042322,4.0
4,MiscMetalFabrication,69,"Lognormal, Uniform",0.14639742051740656,5.0
4,MiscMetalFabrication,69,"Lognormal, Variable",0.10069040901394698,2.0
4,MiscMetalFabrication,69,"KDE, Uniform",0.11721599964372705,3.0
4,MiscMetalFabrication,69,"KDE, Variable",0.06292922087141031,1.0
4,Mortar,248,"Normal, Uniform",0.7886885791168998,6.0
4,Mortar,248,"Normal, Variable",0.7412596512783264,5.0
4,Mortar,248,"Lognormal, Uniform",0.235185748429064,3.0
4,Mortar,248,"Lognormal, Variable",0.24316936592734095,4.0
4,Mortar,248,"KDE, Uniform",0.07858970711394503,2.0
4,Mortar,248,"KDE, Variable",0.05568953497824942,1.0
4,NetworkingCableTrays,22,"Normal, Uniform",0.08440632760178998,3.0
4,NetworkingCableTrays,22,"Normal, Variable",0.0736088690363571,1.0
4,NetworkingCableTrays,22,"Lognormal, Uniform",0.1577804329833865,6.0
4,NetworkingCableTrays,22,"Lognormal, Variable",0.07471285340416245,2.0
4,NetworkingCableTrays,22,"KDE, Uniform",0.12436754274279485,5.0
4,NetworkingCableTrays,22,"KDE, Variable",0.08936378144031881,4.0
4,NetworkingRaceways,32,"Normal, Uniform",0.7517291072091834,5.0
4,NetworkingRaceways,32,"Normal, Variable",0.8362940378566424,6.0
4,NetworkingRaceways,32,"Lognormal, Uniform",0.39559364772402367,3.0
4,NetworkingRaceways,32,"Lognormal, Variable",0.3895748035444611,2.0
4,NetworkingRaceways,32,"KDE, Uniform",0.3280176121300885,1.0
4,NetworkingRaceways,32,"KDE, Variable",0.6814598863597731,4.0
4,NonStructuralWood,57,"Normal, Uniform",0.26431956875925255,6.0
4,NonStructuralWood,57,"Normal, Variable",0.19210326793174304,5.0
4,NonStructuralWood,57,"Lognormal, Uniform",0.12729001797435377,4.0
4,NonStructuralWood,57,"Lognormal, Variable",0.11533443715153235,3.0
4,NonStructuralWood,57,"KDE, Uniform",0.11248345405268029,2.0
4,NonStructuralWood,57,"KDE, Variable",0.10188574429547222,1.0
4,OilPatch,282,"Normal, Uniform",0.5091863710528763,5.0
4,OilPatch,282,"Normal, Variable",0.5106121883211665,6.0
4,OilPatch,282,"Lognormal, Uniform",0.15352818718914144,4.0
4,OilPatch,282,"Lognormal, Variable",0.14645971526466428,3.0
4,OilPatch,282,"KDE, Uniform",0.07368276387282735,2.0
4,OilPatch,282,"KDE, Variable",0.035367189602613036,1.0
4,OpenWebMembranes,17,"Normal, Uniform",0.16093376060590434,6.0
4,OpenWebMembranes,17,"Normal, Variable",0.12035297036015546,5.0
4,OpenWebMembranes,17,"Lognormal, Uniform",0.07056996020503806,2.0
4,OpenWebMembranes,17,"Lognormal, Variable",0.05441559977537319,1.0
4,OpenWebMembranes,17,"KDE, Uniform",0.11878001705440608,4.0
4,OpenWebMembranes,17,"KDE, Variable",0.08614585373464786,3.0
4,Openings,12,"Normal, Uniform",0.22193900042885079,1.0
4,Openings,12,"Normal, Variable",0.22309984502708347,3.0
4,Openings,12,"Lognormal, Uniform",0.22202248193044719,2.0
4,Openings,12,"Lognormal, Variable",0.2231881393752933,4.0
4,Openings,12,"KDE, Uniform",0.2505092510909537,5.0
4,Openings,12,"KDE, Variable",0.2751074533703584,6.0
4,OtherFlooring,217,"Normal, Uniform",0.4259249165713332,5.0
4,OtherFlooring,217,"Normal, Variable",0.5005548353474358,6.0
4,OtherFlooring,217,"Lognormal, Uniform",0.1581703614125735,3.0
4,OtherFlooring,217,"Lognormal, Variable",0.13192371578422268,2.0
4,OtherFlooring,217,"KDE, Uniform",0.11407947130149163,1.0
4,OtherFlooring,217,"KDE, Variable",0.19408529595835217,4.0
4,PaintingAndCoating,19,"Normal, Uniform",0.6798146155184007,4.0
4,PaintingAndCoating,19,"Normal, Variable",0.8773575284895798,6.0
4,PaintingAndCoating,19,"Lognormal, Uniform",0.48412612744706024,3.0
4,PaintingAndCoating,19,"Lognormal, Variable",0.41284434713405843,1.0
4,PaintingAndCoating,19,"KDE, Uniform",0.4220948368127603,2.0
4,PaintingAndCoating,19,"KDE, Variable",0.7596842906773023,5.0
4,PlateSteel,72,"Normal, Uniform",0.39774447658231715,6.0
4,PlateSteel,72,"Normal, Variable",0.17759175258585178,3.0
4,PlateSteel,72,"Lognormal, Uniform",0.18354660816385682,4.0
4,PlateSteel,72,"Lognormal, Variable",0.07083379552599298,2.0
4,PlateSteel,72,"KDE, Uniform",0.20915188444406058,5.0
4,PlateSteel,72,"KDE, Variable",0.05803310915415258,1.0
4,PostTensioningSteel,35,"Normal, Uniform",0.030321395610884726,5.0
4,PostTensioningSteel,35,"Normal, Variable",0.032437020814653814,6.0
4,PostTensioningSteel,35,"Lognormal, Uniform",0.017478775601980703,1.0
4,PostTensioningSteel,35,"Lognormal, Variable",0.017631997934487133,2.0
4,PostTensioningSteel,35,"KDE, Uniform",0.021173405433869696,3.0
4,PostTensioningSteel,35,"KDE, Variable",0.026587830715127457,4.0
4,PowerCabling,400,"Normal, Uniform",10.885542842429093,5.0
4,PowerCabling,400,"Normal, Variable",10.929026217960814,6.0
4,PowerCabling,400,"Lognormal, Uniform",1.8666164106144927,3.0
4,PowerCabling,400,"Lognormal, Variable",2.099307679969673,4.0
4,PowerCabling,400,"KDE, Uniform",1.5086650132508925,2.0
4,PowerCabling,400,"KDE, Variable",0.9223049411378264,1.0
4,PrecastConcrete,499,"Normal, Uniform",0.1432029128369408,5.0
4,PrecastConcrete,499,"Normal, Variable",0.14339551884240997,6.0
4,PrecastConcrete,499,"Lognormal, Uniform",0.07923748380990708,3.0
4,PrecastConcrete,499,"Lognormal, Variable",0.08227406061174625,4.0
4,PrecastConcrete,499,"KDE, Uniform",0.02302881581601846,2.0
4,PrecastConcrete,499,"KDE, Variable",0.02108587023917998,1.0
4,ProcessedNonInsulatingGlassPanes,130,"Normal, Uniform",0.7904980951971458,5.0
4,ProcessedNonInsulatingGlassPanes,130,"Normal, Variable",0.8616496716808099,6.0
4,ProcessedNonInsulatingGlassPanes,130,"Lognormal, Uniform",0.2941322123685712,3.0
4,ProcessedNonInsulatingGlassPanes,130,"Lognormal, Variable",0.30185192162384666,4.0
4,ProcessedNonInsulatingGlassPanes,130,"KDE, Uniform",0.21524383071603911,1.0
4,ProcessedNonInsulatingGlassPanes,130,"KDE, Variable",0.24060116939479598,2.0
4,ReadyMix [3000-3999 psi],20814,"Normal, Uniform",0.023801500628409664,6.0
4,ReadyMix [3000-3999 psi],20814,"Normal, Variable",0.023564581819195646,5.0
4,ReadyMix [3000-3999 psi],20814,"Lognormal, Uniform",0.00370134042708698,4.0
4,ReadyMix [3000-3999 psi],20814,"Lognormal, Variable",0.0036761804668964102,3.0
4,ReadyMix [3000-3999 psi],20814,"KDE, Uniform",0.0025489002800145395,1.0
4,ReadyMix [3000-3999 psi],20814,"KDE, Variable",0.0027156528207891314,2.0
4,ReadyMix [4000-4999 psi],31025,"Normal, Uniform",0.020423735956045623,6.0
4,ReadyMix [4000-4999 psi],31025,"Normal, Variable",0.01882080106419517,5.0
4,ReadyMix [4000-4999 psi],31025,"Lognormal, Uniform",0.005716907968542757,4.0
4,ReadyMix [4000-4999 psi],31025,"Lognormal, Variable",0.004108276667897894,2.0
4,ReadyMix [4000-4999 psi],31025,"KDE, Uniform",0.004685276070807385,3.0
4,ReadyMix [4000-4999 psi],31025,"KDE, Variable",0.0023411627768098143,1.0
4,ReadyMix [5000-5999 psi],14366,"Normal, Uniform",0.010887246770451189,5.0
4,ReadyMix [5000-5999 psi],14366,"Normal, Variable",0.01159128348002728,6.0
4,ReadyMix [5000-5999 psi],14366,"Lognormal, Uniform",0.007026833082885489,3.0
4,ReadyMix [5000-5999 psi],14366,"Lognormal, Variable",0.007519752973899802,4.0
4,ReadyMix [5000-5999 psi],14366,"KDE, Uniform",0.004075332948705739,2.0
4,ReadyMix [5000-5999 psi],14366,"KDE, Variable",0.002860302957210869,1.0
4,ReadyMix [<3000 psi],3974,"Normal, Uniform",0.015191892263064206,3.0
4,ReadyMix [<3000 psi],3974,"Normal, Variable",0.016657607959805424,4.0
4,ReadyMix [<3000 psi],3974,"Lognormal, Uniform",0.020421219460543247,6.0
4,ReadyMix [<3000 psi],3974,"Lognormal, Variable",0.02039367104921365,5.0
4,ReadyMix [<3000 psi],3974,"KDE, Uniform",0.006279468877530392,2.0
4,ReadyMix [<3000 psi],3974,"KDE, Variable",0.006054839642393966,1.0
4,ReadyMix [>=6000 psi],7887,"Normal, Uniform",0.02175974095963233,6.0
4,ReadyMix [>=6000 psi],7887,"Normal, Variable",0.019154636459902147,5.0
4,ReadyMix [>=6000 psi],7887,"Lognormal, Uniform",0.01078681656038866,4.0
4,ReadyMix [>=6000 psi],7887,"Lognormal, Variable",0.010725617525185083,3.0
4,ReadyMix [>=6000 psi],7887,"KDE, Uniform",0.006783389926990467,2.0
4,ReadyMix [>=6000 psi],7887,"KDE, Variable",0.0040225244912243125,1.0
4,ReadyMix [strength not stated],8777,"Normal, Uniform",0.07777618146816656,5.0
4,ReadyMix [strength not stated],8777,"Normal, Variable",0.0780608357294143,6.0
4,ReadyMix [strength not stated],8777,"Lognormal, Uniform",0.013069616247386501,4.0
4,ReadyMix [strength not stated],8777,"Lognormal, Variable",0.01206800829879828,3.0
4,ReadyMix [strength not stated],8777,"KDE, Uniform",0.007609284623677982,2.0
4,ReadyMix [strength not stated],8777,"KDE, Variable",0.006933997141632353,1.0
4,RebarSteel,204,"Normal, Uniform",0.35033378363950995,5.0
4,RebarSteel,204,"Normal, Variable",0.3671968420029894,6.0
4,RebarSteel,204,"Lognormal, Uniform",0.18490672329403682,4.0
4,RebarSteel,204,"Lognormal, Variable",0.17253078292968668,3.0
4,RebarSteel,204,"KDE, Uniform",0.07976700549607149,2.0
4,RebarSteel,204,"KDE, Variable",0.06396334367764894,1.0
4,ResilientFlooring,468,"Normal, Uniform",0.5747307070314596,5.0
4,ResilientFlooring,468,"Normal, Variable",0.5876823541406149,6.0
4,ResilientFlooring,468,"Lognormal, Uniform",0.23606000899316057,3.0
4,ResilientFlooring,468,"Lognormal, Variable",0.23846288265080814,4.0
4,ResilientFlooring,468,"KDE, Uniform",0.04507288893701882,2.0
4,ResilientFlooring,468,"KDE, Variable",0.022610251500265646,1.0
4,RoofCoverBoards,20,"Normal, Uniform",0.06340650754792532,5.0
4,RoofCoverBoards,20,"Normal, Variable",0.06055773926705045,2.0
4,RoofCoverBoards,20,"Lognormal, Uniform",0.06347036295931505,6.0
4,RoofCoverBoards,20,"Lognormal, Variable",0.060629348009639074,3.0
4,RoofCoverBoards,20,"KDE, Uniform",0.06160098413498959,4.0
4,RoofCoverBoards,20,"KDE, Variable",0.047209287685875526,1.0
4,RoofPanels,61,"Normal, Uniform",0.28687509076056983,6.0
4,RoofPanels,61,"Normal, Variable",0.15953869246995706,3.0
4,RoofPanels,61,"Lognormal, Uniform",0.18584711098859064,4.0
4,RoofPanels,61,"Lognormal, Variable",0.1499715088546738,2.0
4,RoofPanels,61,"KDE, Uniform",0.21342322306802627,5.0
4,RoofPanels,61,"KDE, Variable",0.12990843037972977,1.0
4,SheathingPanels,71,"Normal, Uniform",0.2995313523602935,5.0
4,SheathingPanels,71,"Normal, Variable",0.3152105574576203,6.0
4,SheathingPanels,71,"Lognormal, Uniform",0.2503024318032872,4.0
4,SheathingPanels,71,"Lognormal, Variable",0.2412035481570851,3.0
4,SheathingPanels,71,"KDE, Uniform",0.1535676988252735,1.0
4,SheathingPanels,71,"KDE, Variable",0.17696008136250874,2.0
4,Shotcrete [3000-3999 psi],183,"Normal, Uniform",0.022264693607940356,6.0
4,Shotcrete [3000-3999 psi],183,"Normal, Variable",0.0195978487605573,4.0
4,Shotcrete [3000-3999 psi],183,"Lognormal, Uniform",0.021825192434110026,5.0
4,Shotcrete [3000-3999 psi],183,"Lognormal, Variable",0.015739935821918676,2.0
4,Shotcrete [3000-3999 psi],183,"KDE, Uniform",0.017655686751487838,3.0
4,Shotcrete [3000-3999 psi],183,"KDE, Variable",0.015319996580905089,1.0
4,Shotcrete [4000-4999 psi],651,"Normal, Uniform",0.01278156433778455,6.0
4,Shotcrete [4000-4999 psi],651,"Normal, Variable",0.007626687139623146,3.0
4,Shotcrete [4000-4999 psi],651,"Lognormal, Uniform",0.010662616383929222,4.0
4,Shotcrete [4000-4999 psi],651,"Lognormal, Variable",0.006889784755581038,1.0
4,Shotcrete [4000-4999 psi],651,"KDE, Uniform",0.010764298957325918,5.0
4,Shotcrete [4000-4999 psi],651,"KDE, Variable",0.007032679931369714,2.0
4,Shotcrete [5000-5999 psi],471,"Normal, Uniform",0.025154588320600992,6.0
4,Shotcrete [5000-5999 psi],471,"Normal, Variable",0.022905411723122007,5.0
4,Shotcrete [5000-5999 psi],471,"Lognormal, Uniform",0.02135359654671367,4.0
4,Shotcrete [5000-5999 psi],471,"Lognormal, Variable",0.020610982411933203,3.0
4,Shotcrete [5000-5999 psi],471,"KDE, Uniform",0.013217273936298367,2.0
4,Shotcrete [5000-5999 psi],471,"KDE, Variable",0.010825400364248793,1.0
4,Shotcrete [<3000 psi],4,"Normal, Uniform",0.1866711436573475,4.0
4,Shotcrete [<3000 psi],4,"Normal, Variable",0.1085286351106757,1.0
4,Shotcrete [<3000 psi],4,"Lognormal, Uniform",0.22355058942286565,6.0
4,Shotcrete [<3000 psi],4,"Lognormal, Variable",0.10862175916107697,2.0
4,Shotcrete [<3000 psi],4,"KDE, Uniform",0.21291492685163282,5.0
4,Shotcrete [<3000 psi],4,"KDE, Variable",0.1124447827571365,3.0
4,Shotcrete [>=6000 psi],264,"Normal, Uniform",0.037701899727335036,6.0
4,Shotcrete [>=6000 psi],264,"Normal, Variable",0.03501369511182124,5.0
4,Shotcrete [>=6000 psi],264,"Lognormal, Uniform",0.020827449265576777,3.0
4,Shotcrete [>=6000 psi],264,"Lognormal, Variable",0.016500059036654198,2.0
4,Shotcrete [>=6000 psi],264,"KDE, Uniform",0.02178426308403775,4.0
4,Shotcrete [>=6000 psi],264,"KDE, Variable",0.014448782129428165,1.0
4,Shotcrete [strength not stated],96,"Normal, Uniform",0.0936746729070066,6.0
4,Shotcrete [strength not stated],96,"Normal, Variable",0.0753124317359041,5.0
4,Shotcrete [strength not stated],96,"Lognormal, Uniform",0.0494143971726101,4.0
4,Shotcrete [strength not stated],96,"Lognormal, Variable",0.03248446926183207,2.0
4,Shotcrete [strength not stated],96,"KDE, Uniform",0.043515315958667505,3.0
4,Shotcrete [strength not stated],96,"KDE, Variable",0.01920808136105822,1.0
4,SinglePlyEPDM,29,"Normal, Uniform",0.1440539170179951,5.0
4,SinglePlyEPDM,29,"Normal, Variable",0.1500168153036411,6.0
4,SinglePlyEPDM,29,"Lognormal, Uniform",0.13209267519960993,4.0
4,SinglePlyEPDM,29,"Lognormal, Variable",0.07662823355799225,1.0
4,SinglePlyEPDM,29,"KDE, Uniform",0.12694874069624384,3.0
4,SinglePlyEPDM,29,"KDE, Variable",0.11342717462079219,2.0
4,SinglePlyKEE,11,"Normal, Uniform",0.06836527098152001,5.0
4,SinglePlyKEE,11,"Normal, Variable",0.04459422192293658,2.0
4,SinglePlyKEE,11,"Lognormal, Uniform",0.0618250381726868,4.0
4,SinglePlyKEE,11,"Lognormal, Variable",0.042070502765135784,1.0
4,SinglePlyKEE,11,"KDE, Uniform",0.09058151538615666,6.0
4,SinglePlyKEE,11,"KDE, Variable",0.04973497990698976,3.0
4,SinglePlyPVC,74,"Normal, Uniform",0.22347972634906724,5.0
4,SinglePlyPVC,74,"Normal, Variable",0.3216302953500479,6.0
4,SinglePlyPVC,74,"Lognormal, Uniform",0.13360823269598518,4.0
4,SinglePlyPVC,74,"Lognormal, Variable",0.13031647717435446,3.0
4,SinglePlyPVC,74,"KDE, Uniform",0.10769950201752988,2.0
4,SinglePlyPVC,74,"KDE, Variable",0.05285457816670454,1.0
4,SinglePlyPolyurethane,27,"Normal, Uniform",0.9809306346595227,4.0
4,SinglePlyPolyurethane,27,"Normal, Variable",1.3069207762736665,6.0
4,SinglePlyPolyurethane,27,"Lognormal, Uniform",0.7038468156795185,3.0
4,SinglePlyPolyurethane,27,"Lognormal, Variable",0.6223135482652301,1.0
4,SinglePlyPolyurethane,27,"KDE, Uniform",0.6849175821918061,2.0
4,SinglePlyPolyurethane,27,"KDE, Variable",1.0972650056143922,5.0
4,SinglePlyTPO,62,"Normal, Uniform",0.04932381531065502,4.0
4,SinglePlyTPO,62,"Normal, Variable",0.03618753079555409,3.0
4,SinglePlyTPO,62,"Lognormal, Uniform",0.056355654213812015,6.0
4,SinglePlyTPO,62,"Lognormal, Variable",0.03618198757279225,2.0
4,SinglePlyTPO,62,"KDE, Uniform",0.05547115791531,5.0
4,SinglePlyTPO,62,"KDE, Variable",0.03456312786874224,1.0
4,SprayedInsulation,11,"Normal, Uniform",0.5654028514837299,4.0
4,SprayedInsulation,11,"Normal, Variable",0.6848370063708906,6.0
4,SprayedInsulation,11,"Lognormal, Uniform",0.45572067083050566,3.0
4,SprayedInsulation,11,"Lognormal, Variable",0.4223528864851753,2.0
4,SprayedInsulation,11,"KDE, Uniform",0.36288148580945734,1.0
4,SprayedInsulation,11,"KDE, Variable",0.5751705162074021,5.0
4,SteelSuspensionAssembly,98,"Normal, Uniform",0.05334529008279991,6.0
4,SteelSuspensionAssembly,98,"Normal, Variable",0.0215054196822687,3.0
4,SteelSuspensionAssembly,98,"Lognormal, Uniform",0.02979691145016578,4.0
4,SteelSuspensionAssembly,98,"Lognormal, Variable",0.009858649140192634,1.0
4,SteelSuspensionAssembly,98,"KDE, Uniform",0.03631060087036551,5.0
4,SteelSuspensionAssembly,98,"KDE, Variable",0.011777341279160268,2.0
4,StoneCladding,19,"Normal, Uniform",0.6270557446065997,5.0
4,StoneCladding,19,"Normal, Variable",0.3860587142380995,3.0
4,StoneCladding,19,"Lognormal, Uniform",0.40798485828392916,4.0
4,StoneCladding,19,"Lognormal, Variable",0.1536279730854998,1.0
4,StoneCladding,19,"KDE, Uniform",0.6616590848067403,6.0
4,StoneCladding,19,"KDE, Variable",0.2770327694340372,2.0
4,StorageFurniture,15,"Normal, Uniform",0.18295707338975917,6.0
4,StorageFurniture,15,"Normal, Variable",0.09547041531107016,3.0
4,StorageFurniture,15,"Lognormal, Uniform",0.11446201004858782,4.0
4,StorageFurniture,15,"Lognormal, Variable",0.06503435213839043,1.0
4,StorageFurniture,15,"KDE, Uniform",0.18076314552397157,5.0
4,StorageFurniture,15,"KDE, Variable",0.0924865971527578,2.0
4,SupplementaryCementitiousMaterials,28,"Normal, Uniform",0.2434129540002104,6.0
4,SupplementaryCementitiousMaterials,28,"Normal, Variable",0.168562305075871,4.0
4,SupplementaryCementitiousMaterials,28,"Lognormal, Uniform",0.1514157391179663,3.0
4,SupplementaryCementitiousMaterials,28,"Lognormal, Variable",0.07765869700679791,1.0
4,SupplementaryCementitiousMaterials,28,"KDE, Uniform",0.21300776093150206,5.0
4,SupplementaryCementitiousMaterials,28,"KDE, Variable",0.12917369125078879,2.0
4,Tables,161,"Normal, Uniform",0.7622793237224648,5.0
4,Tables,161,"Normal, Variable",0.9175093035632416,6.0
4,Tables,161,"Lognormal, Uniform",0.28475850335867947,1.0
4,Tables,161,"Lognormal, Variable",0.2906979670964762,2.0
4,Tables,161,"KDE, Uniform",0.3377743366159256,3.0
4,Tables,161,"KDE, Variable",0.3723112215012128,4.0
4,TileGrout,43,"Normal, Uniform",0.8864944265749639,5.0
4,TileGrout,43,"Normal, Variable",0.9409870381220563,6.0
4,TileGrout,43,"Lognormal, Uniform",0.36437962188377393,2.0
4,TileGrout,43,"Lognormal, Variable",0.37145639417394094,3.0
4,TileGrout,43,"KDE, Uniform",0.14005776565490438,1.0
4,TileGrout,43,"KDE, Variable",0.5037226081994759,4.0
4,Timber,17,"Normal, Uniform",0.2215086253574038,3.0
4,Timber,17,"Normal, Variable",0.22285821986716592,4.0
4,Timber,17,"Lognormal, Uniform",0.3265113945826746,6.0
4,Timber,17,"Lognormal, Variable",0.28382501547069944,5.0
4,Timber,17,"KDE, Uniform",0.14220282812538354,1.0
4,Timber,17,"KDE, Variable",0.21157126612586383,2.0
4,TranslucentWallAndRoofAssemblies,46,"Normal, Uniform",0.6439972371162972,5.0
4,TranslucentWallAndRoofAssemblies,46,"Normal, Variable",0.7455064707915666,6.0
4,TranslucentWallAndRoofAssemblies,46,"Lognormal, Uniform",0.4583206392527438,3.0
4,TranslucentWallAndRoofAssemblies,46,"Lognormal, Variable",0.3995722470036437,2.0
4,TranslucentWallAndRoofAssemblies,46,"KDE, Uniform",0.2879146994117874,1.0
4,TranslucentWallAndRoofAssemblies,46,"KDE, Variable",0.5435057856426684,4.0
4,UnitSkylights,17,"Normal, Uniform",0.1737245439902254,4.0
4,UnitSkylights,17,"Normal, Variable",0.19391970832478972,5.0
4,UnitSkylights,17,"Lognormal, Uniform",0.23462250224618614,6.0
4,UnitSkylights,17,"Lognormal, Variable",0.160628183227478,3.0
4,UnitSkylights,17,"KDE, Uniform",0.14145395491742307,1.0
4,UnitSkylights,17,"KDE, Variable",0.15590257296859494,2.0
4,VinylSiding,11,"Normal, Uniform",0.9097351538666765,5.0
4,VinylSiding,11,"Normal, Variable",0.44044078848602486,4.0
4,VinylSiding,11,"Lognormal, Uniform",0.38060131775607897,3.0
4,VinylSiding,11,"Lognormal, Variable",0.16719451884024714,1.0
4,VinylSiding,11,"KDE, Uniform",0.9612657136438846,6.0
4,VinylSiding,11,"KDE, Variable",0.3020921065855371,2.0
4,WallBase,14,"Normal, Uniform",0.12701240289092247,5.0
4,WallBase,14,"Normal, Variable",0.1120318866771833,4.0
4,WallBase,14,"Lognormal, Uniform",0.10367263352387346,2.0
4,WallBase,14,"Lognormal, Variable",0.07656355477166492,1.0
4,WallBase,14,"KDE, Uniform",0.14096264915743983,6.0
4,WallBase,14,"KDE, Variable",0.10490219373998247,3.0
4,WallFinishes,173,"Normal, Uniform",1.774954652860799,6.0
4,WallFinishes,173,"Normal, Variable",1.7310722506267826,5.0
4,WallFinishes,173,"Lognormal, Uniform",0.46220795445105806,4.0
4,WallFinishes,173,"Lognormal, Variable",0.3897662432794256,3.0
4,WallFinishes,173,"KDE, Uniform",0.29913437279538524,2.0
4,WallFinishes,173,"KDE, Variable",0.17336965204157212,1.0
4,WallPanels,163,"Normal, Uniform",0.4914583093497041,5.0
4,WallPanels,163,"Normal, Variable",0.5996712918832581,6.0
4,WallPanels,163,"Lognormal, Uniform",0.18986492175726347,3.0
4,WallPanels,163,"Lognormal, Variable",0.19321745129556514,4.0
4,WallPanels,163,"KDE, Uniform",0.13265794395361216,2.0
4,WallPanels,163,"KDE, Variable",0.04384176892118189,1.0
4,WeatherBarriers,59,"Normal, Uniform",0.8750669356495728,6.0
4,WeatherBarriers,59,"Normal, Variable",0.44519496384634083,5.0
4,WeatherBarriers,59,"Lognormal, Uniform",0.19871086730368948,3.0
4,WeatherBarriers,59,"Lognormal, Variable",0.1226211263822263,1.0
4,WeatherBarriers,59,"KDE, Uniform",0.26047162297533066,4.0
4,WeatherBarriers,59,"KDE, Variable",0.1982169502878675,2.0
4,WindTurbines,3,"Normal, Uniform",0.22812831913819354,3.0
4,WindTurbines,3,"Normal, Variable",0.2278759186817999,2.0
4,WindTurbines,3,"Lognormal, Uniform",0.2709728617873247,5.0
4,WindTurbines,3,"Lognormal, Variable",0.2834533453991075,6.0
4,WindTurbines,3,"KDE, Uniform",0.22020533889352356,1.0
4,WindTurbines,3,"KDE, Variable",0.24202417367982915,4.0
4,Windows,358,"Normal, Uniform",0.34390819205647594,5.0
4,Windows,358,"Normal, Variable",0.37930855567782273,6.0
4,Windows,358,"Lognormal, Uniform",0.14915830777820444,4.0
4,Windows,358,"Lognormal, Variable",0.14106695436105868,3.0
4,Windows,358,"KDE, Uniform",0.05716459022908785,2.0
4,Windows,358,"KDE, Variable",0.03682381992664727,1.0
4,WireMeshSteel,53,"Normal, Uniform",0.42801150599088345,6.0
4,WireMeshSteel,53,"Normal, Variable",0.3914720565471215,5.0
4,WireMeshSteel,53,"Lognormal, Uniform",0.13285410224873373,4.0
4,WireMeshSteel,53,"Lognormal, Variable",0.118528832201188,3.0
4,WireMeshSteel,53,"KDE, Uniform",0.10429233588214018,2.0
4,WireMeshSteel,53,"KDE, Variable",0.06938045989160041,1.0
4,WoodDoors,32,"Normal, Uniform",0.3316473172427357,6.0
4,WoodDoors,32,"Normal, Variable",0.2896014043601715,5.0
4,WoodDoors,32,"Lognormal, Uniform",0.17020238451531305,3.0
4,WoodDoors,32,"Lognormal, Variable",0.13909353997308105,1.0
4,WoodDoors,32,"KDE, Uniform",0.1651475340194326,2.0
4,WoodDoors,32,"KDE, Variable",0.19394990160746733,4.0
4,WoodFlooring,86,"Normal, Uniform",0.18188028809766682,5.0
4,WoodFlooring,86,"Normal, Variable",0.18250919421583656,6.0
4,WoodFlooring,86,"Lognormal, Uniform",0.13711779557296297,4.0
4,WoodFlooring,86,"Lognormal, Variable",0.1240220836103545,3.0
4,WoodFlooring,86,"KDE, Uniform",0.10234333433569265,1.0
4,WoodFlooring,86,"KDE, Variable",0.10593485869641583,2.0
4,WoodFraming,7,"Normal, Uniform",0.3533775247104932,5.0
4,WoodFraming,7,"Normal, Variable",0.1423124484429286,3.0
4,WoodFraming,7,"Lognormal, Uniform",0.2943280254413914,4.0
4,WoodFraming,7,"Lognormal, Variable",0.12942000690095357,1.0
4,WoodFraming,7,"KDE, Uniform",0.3665707997042075,6.0
4,WoodFraming,7,"KDE, Variable",0.13903249117941688,2.0
4,WoodJoists,5,"Normal, Uniform",0.2565022394315517,5.0
4,WoodJoists,5,"Normal, Variable",0.2035590224954039,4.0
4,WoodJoists,5,"Lognormal, Uniform",0.15932756771712445,2.0
4,WoodJoists,5,"Lognormal, Variable",0.13981168125389115,1.0
4,WoodJoists,5,"KDE, Uniform",0.281074893340386,6.0
4,WoodJoists,5,"KDE, Variable",0.1910968589310555,3.0
4,WorkSurfaces,12,"Normal, Uniform",0.20599153104079435,6.0
4,WorkSurfaces,12,"Normal, Variable",0.1870568290861826,5.0
4,WorkSurfaces,12,"Lognormal, Uniform",0.15356230122309789,2.0
4,WorkSurfaces,12,"Lognormal, Variable",0.130783209738151,1.0
4,WorkSurfaces,12,"KDE, Uniform",0.16298667118193494,3.0
4,WorkSurfaces,12,"KDE, Variable",0.17112993425614048,4.0
