arm,dataset,family,status,sigma,model_mean,model_sd,w1
empirical,AccessFlooring,lognormal_offset,,0.520197687266801,1.094092522362358,0.8837053247729145,0.16616512546654055
empirical,AccessFlooring,lognormal_3p,interior,0.541741670730587,1.0940277840880823,0.9046080898422088,0.17134037835324656
empirical,AccessFlooringPedestals,lognormal_offset,,0.5152492575786988,1.0139938035822469,0.8246768397958327,0.1434774932481992
empirical,AccessFlooringPedestals,lognormal_3p,interior,0.5361597525034156,1.0138817282568946,0.84350947664335,0.14642611245077278
empirical,AcousticalCeilings,lognormal_offset,,0.5917145408886757,0.9251370391861763,0.8896343722975735,0.33247581379599345
empirical,AcousticalCeilings,lognormal_3p,interior,1.037080264973146,0.8788362217722585,2.204581322441926,0.1656847059424452
empirical,Aggregates,lognormal_offset,,0.721105541560411,0.7746060267717496,0.9621298468748559,0.7086008680827119
empirical,Aggregates,lognormal_3p,boundary_guard,1.442141399001998,0.7048327340874956,8.678733773327542,0.5912767603711045
empirical,AluminiumBillets,lognormal_offset,,0.5269162802697651,1.068659702910085,0.8798826885958693,0.1121195920786732
empirical,AluminiumBillets,lognormal_3p,interior,0.8244099157205057,1.0789635685091443,1.3892469454623484,0.11678994505152894
empirical,AluminiumExtrusions,lognormal_offset,,0.44038985979478207,1.0021551110754594,0.6929495884381008,0.17918158299896336
empirical,AluminiumExtrusions,lognormal_3p,interior,0.6158860387082455,0.999458178864197,0.806592240351491,0.16362504850061196
empirical,AluminiumSheetGoods,lognormal_offset,,0.4820229801987055,0.9450358123734672,0.7288406480962585,0.16732543646730963
empirical,AluminiumSheetGoods,lognormal_3p,interior,0.9243576470832479,0.9620030918683067,1.4802600724055985,0.19236579073791382
empirical,AluminiumSiding,lognormal_offset,,0.4047866429863204,1.2173006312794752,0.729546459051137,0.3593323336594108
empirical,AluminiumSiding,lognormal_3p,boundary_normal_limit,0.0009988394623919661,1.223244809930541,0.5424265852534194,0.26663091128092475
empirical,AluminiumSuspensionAssembly,lognormal_offset,,0.748632135009192,1.367638254684418,1.6876464516872658,0.3192739215389403
empirical,AluminiumSuspensionAssembly,lognormal_3p,boundary_guard,1.6564409483257367,2.34803352060666,69.50054429052193,0.5331706280429814
empirical,Asphalt,lognormal_offset,,0.16324722483661833,0.9950211934199845,0.24622608265621024,0.03245363443597389
empirical,Asphalt,lognormal_3p,interior,0.2035018979124125,0.9951262158967206,0.24836698939161983,0.03137407560168932
empirical,BackingAndUnderlay,lognormal_offset,,0.6936406884365373,1.1300247504998946,1.275904301531559,0.3399366148160891
empirical,BackingAndUnderlay,lognormal_3p,boundary_guard,1.4628464416901774,1.39830226055478,20.016358458848195,0.21579142984605
empirical,BituminousRoofing,lognormal_offset,,0.47422503469812893,1.0334940560474002,0.7662699592792139,0.12513425616412532
empirical,BituminousRoofing,lognormal_3p,interior,0.8423563831277586,1.0499995046157509,1.2700367674455955,0.11557236990453698
empirical,BlanketFacing,lognormal_offset,,0.3406619692592861,0.8225331253293737,0.4637690125687823,0.08055180831704616
empirical,BlanketFacing,lognormal_3p,interior,0.3130379712999989,0.8228961147885588,0.45579409246184577,0.07885518508522768
empirical,BlanketInsulation [mineral wool],lognormal_offset,,0.4072592937575466,0.873915442536641,0.5796109674119821,0.16502738966775865
empirical,BlanketInsulation [mineral wool],lognormal_3p,interior,0.7818873756239733,0.8710893117485575,0.811441395924345,0.09371431686756049
empirical,BlanketInsulation [other],lognormal_offset,,0.340869311202394,0.7961588678918519,0.4542440550368237,0.2761428182265836
empirical,BlanketInsulation [other],lognormal_3p,boundary_normal_limit,0.0009985433362187472,0.7908548422795363,0.330489877282023,0.21208750180201394
empirical,BlanketInsulation [type not stated],lognormal_offset,,0.507939477612476,0.9221476559535595,0.7551412559129872,0.25949671164997407
empirical,BlanketInsulation [type not stated],lognormal_3p,interior,0.9863230927175956,0.9042735599016961,1.6308429792985988,0.12666384256684482
empirical,BlownInsulation [cellulose],lognormal_offset,,0.7456431409649589,1.203285956401281,1.4966561615961502,0.6231854876979647
empirical,BlownInsulation [cellulose],lognormal_3p,boundary_guard,2.5481626499011494,20.942585087323746,2649.2544942452764,0.7662054583137792
empirical,BlownInsulation [type not stated],lognormal_offset,,0.3338109261951758,1.0571486534914354,0.5373239048824671,0.1503388517370263
empirical,BlownInsulation [type not stated],lognormal_3p,interior,0.579704880957478,1.0653054936138724,0.6359552801412423,0.1432698889363639
empirical,BoardInsulation [EPS],lognormal_offset,,0.5679344078086871,0.9726523795795647,0.8859793076914841,0.2072485088862158
empirical,BoardInsulation [EPS],lognormal_3p,interior,1.039127650056423,0.9861499978999037,2.4794610116589286,0.17072592626587552
empirical,BoardInsulation [PIR or PUR],lognormal_offset,,0.5054083255894211,0.8828046399399485,0.7265641305142011,0.22815075836975968
empirical,BoardInsulation [PIR or PUR],lognormal_3p,interior,0.9584107826826559,0.854540236090032,1.4390528893712211,0.17017867910353135
empirical,BoardInsulation [XPS],lognormal_offset,,0.6608050420733144,1.2303872168193826,1.2867700483558606,0.4240964152830017
empirical,BoardInsulation [XPS],lognormal_3p,boundary_guard,1.251585196837978,1.3093924328998914,7.459720523593374,0.34005725290872146
empirical,BoardInsulation [mineral wool],lognormal_offset,,0.356807294128075,1.0849173826119143,0.5870717342208122,0.0880033792383177
empirical,BoardInsulation [mineral wool],lognormal_3p,interior,0.6070501508129476,1.0930748367108627,0.7018281990917976,0.05468094724179837
empirical,BoardInsulation [other],lognormal_offset,,0.44090344038123236,0.8213975395260997,0.6005235596146038,0.22756192708300566
empirical,BoardInsulation [other],lognormal_3p,boundary_guard,2.1784815975663756,4.453294390718173,410.835362090835,0.34554643434092247
empirical,BoardInsulation [type not stated],lognormal_offset,,0.46828603100497157,0.9171669770008466,0.6918402499728258,0.10857320029461497
empirical,BoardInsulation [type not stated],lognormal_3p,interior,0.7609352803653686,0.9137113182222787,0.976436768451553,0.07969459949627683
empirical,Brick,lognormal_offset,,0.46587588906563326,0.8765207133542027,0.665455417624162,0.24578469091295138
empirical,Brick,lognormal_3p,interior,0.7877410034315305,0.8614258447076193,0.9354395962761233,0.19112090082609468
empirical,CMU [3000-3999 psi],lognormal_offset,,0.20602268594295767,1.0345030424174382,0.32040443984093214,0.046600760977547596
empirical,CMU [3000-3999 psi],lognormal_3p,interior,0.2170247681190416,1.0345814990910873,0.32157345563769724,0.046179952001024434
empirical,CMU [4000-4999 psi],lognormal_offset,,0.2362432422460398,1.176181867914262,0.40291001253754927,0.0938556494290002
empirical,CMU [4000-4999 psi],lognormal_3p,boundary_normal_limit,0.0009983775194306556,1.1757791406569245,0.3763195732181195,0.0861956375987431
empirical,CMU [5000-5999 psi],lognormal_offset,,0.05926464485944259,0.9709826881356401,0.0873768391944959,0.03104367551144257
empirical,CMU [5000-5999 psi],lognormal_3p,interior,0.14799560730470368,0.97098934500574,0.08779058091806605,0.030369379677211733
empirical,CMU [<3000 psi],lognormal_offset,,0.20828123024665235,0.9708213517456198,0.31055512770613874,0.04775027318965437
empirical,CMU [<3000 psi],lognormal_3p,interior,0.36629552026765566,0.9717061337091075,0.326598153920674,0.03214493543501182
empirical,CMU [>=6000 psi],lognormal_offset,,0.13129263196858101,1.0067286803027173,0.19904380345164813,0.07006162556066636
empirical,CMU [>=6000 psi],lognormal_3p,boundary_normal_limit,0.0009982491691064009,1.0063945793848466,0.1913539316515443,0.06482343969746326
empirical,CMU [strength not stated],lognormal_offset,,0.13953471983761784,0.9385607992295001,0.2020968423503146,0.04060586950907147
empirical,CMU [strength not stated],lognormal_3p,interior,0.4141007488132673,0.9393952466164514,0.21765786766956285,0.03852652886795189
empirical,CableTrays,lognormal_offset,,0.6548783649442024,1.0470320721285833,1.1094316137087783,0.22632749111177755
empirical,CableTrays,lognormal_3p,boundary_guard,1.7041654040781478,2.043038075272553,71.05806378460198,0.4408717635098563
empirical,Carpet,lognormal_offset,,0.29846524815127395,1.0006806646858546,0.4601138359157682,0.047885691670383077
empirical,Carpet,lognormal_3p,interior,0.42666716239086905,1.0032747057897506,0.4925271695690214,0.04348659897688039
empirical,CastDecksAndUnderlayment,lognormal_offset,,0.1979151184199797,1.0077892056373925,0.30214951521403155,0.02798078537196166
empirical,CastDecksAndUnderlayment,lognormal_3p,interior,0.43623320726011994,1.0102727449962239,0.33408209596363464,0.025990790239923203
empirical,Cement,lognormal_offset,,0.27655645588872246,0.990773224951286,0.4220209045034079,0.04893931069770843
empirical,Cement,lognormal_3p,interior,0.2500183152953044,0.990413872847609,0.4168759959751634,0.046148067840393873
empirical,CementBoard,lognormal_offset,,0.31304703542826245,0.9854151483641919,0.4787613128250712,0.0966206078812284
empirical,CementBoard,lognormal_3p,interior,0.41573624282930927,0.9871879017491677,0.5052275253523021,0.0878735598170856
empirical,CementGrout,lognormal_offset,,0.21775572728571732,0.9970930563883279,0.3308722510506054,0.05431052236347919
empirical,CementGrout,lognormal_3p,interior,0.35306108251826035,0.9971589614431039,0.3406511675853481,0.03552005008876637
empirical,CementitiousSheathingBoard,lognormal_offset,,0.5274723060256603,1.0813468914777695,0.8890326330189643,0.10723768136652258
empirical,CementitiousSheathingBoard,lognormal_3p,interior,0.7116595103981739,1.085656810909106,1.1363968693736632,0.1178044996638488
empirical,Chairs,lognormal_offset,,0.7277135923337347,0.8363955131047437,1.0435033428706046,0.4566891945668153
empirical,Chairs,lognormal_3p,boundary_guard,1.7976935123935012,1.102279305818899,48.76582723601602,0.4304363959239074
empirical,Coil,lognormal_offset,,0.4339079919338025,1.0591892513227366,0.7102819487463775,0.09642909793345433
empirical,Coil,lognormal_3p,interior,0.4837246105820356,1.05892659141677,0.7410900388476044,0.09786343683664676
empirical,CompositeLumber,lognormal_offset,,0.17428496403523513,1.0624990385124047,0.2750339483570715,0.06077201141209987
empirical,CompositeLumber,lognormal_3p,interior,0.32732043160552254,1.0631845783920266,0.287277022007187,0.0604045102142377
empirical,CompositionSiding,lognormal_offset,,0.5061859905116461,1.1197227063259965,0.8733061524551089,0.4780139084511702
empirical,CompositionSiding,lognormal_3p,boundary_normal_limit,0.000998904527927572,1.1106916834869924,0.5464483326266989,0.3442702888129965
empirical,ConcreteAdmixtures,lognormal_offset,,0.4767114116927655,0.7072934270081757,0.5798455079810635,0.1900845602856277
empirical,ConcreteAdmixtures,lognormal_3p,interior,0.9369409881309919,0.685617524321893,1.1895899938528651,0.14130620615638323
empirical,ConcretePaving [3000-3999 psi],lognormal_offset,,0.14954838212572671,1.0105980470249338,0.22763465023254636,0.03245938421206764
empirical,ConcretePaving [3000-3999 psi],lognormal_3p,boundary_normal_limit,0.0009979853606214032,1.010350631163131,0.22211086646847092,0.03192361493182582
empirical,ConcretePaving [4000-4999 psi],lognormal_offset,,0.14835537198865514,1.0079370681042576,0.2253980322071776,0.02543693302809665
empirical,ConcretePaving [4000-4999 psi],lognormal_3p,interior,0.19940990187635046,1.0080819258598697,0.2281432610456447,0.024546353157367105
empirical,ConcretePaving [5000-5999 psi],lognormal_offset,,0.15850825267236143,0.919623832115768,0.2269216162897091,0.04606354392853946
empirical,ConcretePaving [5000-5999 psi],lognormal_3p,interior,0.5637782553651867,0.924820852840944,0.2825673234667352,0.05166269554737512
empirical,ConcretePaving [<3000 psi],lognormal_offset,,0.1660087824249622,1.0366977767550751,0.25743877742588966,0.05593149912904354
empirical,ConcretePaving [<3000 psi],lognormal_3p,boundary_normal_limit,0.0009983809581789655,1.0358952968934385,0.24201932087211786,0.04583886555291042
empirical,ConcretePaving [strength not stated],lognormal_offset,,0.19111437202990528,0.8494543861164621,0.2609204687196983,0.054552863452088506
empirical,ConcretePaving [strength not stated],lognormal_3p,interior,0.5604762705059686,0.8535622733094578,0.31226146962963386,0.05555711657988987
empirical,Countertops,lognormal_offset,,0.6178198806938321,0.901863548914146,0.913721957056286,0.2069910160080867
empirical,Countertops,lognormal_3p,boundary_guard,1.4466872900519254,1.0988660984196574,14.703971450617987,0.24104882500509164
empirical,CurtainWalls,lognormal_offset,,0.39299410218554437,1.0457457665872292,0.6337846575047792,0.12984755347063087
empirical,CurtainWalls,lognormal_3p,interior,0.5987527167152633,1.0490452609978922,0.7358835502433763,0.11033319447007868
empirical,DampproofingAndWaterproofing,lognormal_offset,,0.601993326467446,0.8719394653114962,0.8634255648980432,0.5529853003978626
empirical,DampproofingAndWaterproofing,lognormal_3p,boundary_guard,1.0280059484699753,0.7631498846614518,1.8168726883468647,0.3692396898615214
empirical,DataCabling,lognormal_offset,,0.7803250482744947,1.0203033643846304,1.38496876840202,0.5287562795195214
empirical,DataCabling,lognormal_3p,boundary_guard,1.6109097896328135,1.0745128272268512,26.65182685306423,0.2911213161772365
empirical,DeckingBoards,lognormal_offset,,0.29521930042280287,1.2194290301668296,0.521389938208184,0.14554057007509363
empirical,DeckingBoards,lognormal_3p,interior,0.45951015517415983,1.2233789348892243,0.5687248791432132,0.1462007102765093
empirical,DeckingSteel,lognormal_offset,,0.16694665348339488,1.0241775462549256,0.25680689454797584,0.0433761968911586
empirical,DeckingSteel,lognormal_3p,boundary_normal_limit,0.000997270946588323,1.0233016401200354,0.24238739048319274,0.039583451479572776
empirical,DemountablePartitionTrack,lognormal_offset,,0.484569786879189,0.99103653398709,0.7595496575591058,0.275354417730208
empirical,DemountablePartitionTrack,lognormal_3p,boundary_guard,2.471724580219998,26.790513567111418,3281.008165525866,0.5723536627917154
empirical,DemountablePartitions,lognormal_offset,,0.41052898249427167,0.9980145782647909,0.6419395180559027,0.15837082982749268
empirical,DemountablePartitions,lognormal_3p,interior,0.0408181622242219,1.0127108291543319,0.49835622279953673,0.10050958878002691
empirical,DoorsAndFrames,lognormal_offset,,0.44291124325430914,0.8901526661494258,0.6394782134825521,0.11750624805569297
empirical,DoorsAndFrames,lognormal_3p,interior,0.7299011777496988,0.8888812059622233,0.8675112479377195,0.09014963999520918
empirical,Electrical,lognormal_offset,,0.004102377599916637,0.9907697388565495,0.0061237228088295076,0.003490227869815575
empirical,Electrical,lognormal_3p,boundary_guard,2.2757147945520497,1.0000765631066701,1.355628525587891,0.0022016559295566034
empirical,Elevators,lognormal_offset,,0.8302584950788067,1.0256187982564826,1.547751825137289,0.5480692212714541
empirical,Elevators,lognormal_3p,boundary_guard,2.100544543800706,2.748650813182363,231.96849534630567,0.48350476863513375
empirical,FenestrationAccessories,lognormal_offset,,0.6452008379250053,0.9740315570520205,1.024825100021467,0.37734447024844286
empirical,FenestrationAccessories,lognormal_3p,boundary_guard,1.9264742232716636,3.4608332698074484,218.8490595185026,0.5809646625468747
empirical,FenestrationFraming,lognormal_offset,,0.5597193349589824,1.069475089375348,0.9406802815737211,0.14094185263308737
empirical,FenestrationFraming,lognormal_3p,interior,0.8935810602661831,1.080502270067828,1.7036245176560227,0.10043805438407023
empirical,FiberCementSiding,lognormal_offset,,0.22121791356863113,0.9189864524119433,0.31873216652333597,0.0748287652999854
empirical,FiberCementSiding,lognormal_3p,interior,0.7139068202996736,0.9301035723544504,0.4529154858712851,0.07407120329836492
empirical,FireAndSmokeProtection,lognormal_offset,,0.5740149655882484,1.101934988149468,0.9910854293979464,0.26375699724700113
empirical,FireAndSmokeProtection,lognormal_3p,interior,1.221816886044041,1.244036916055309,6.109878786999719,0.28923535012417106
empirical,FlashingAndSheetMetal,lognormal_offset,,0.6011272105226092,1.0196663322988433,0.980556607723686,0.4784488222358221
empirical,FlashingAndSheetMetal,lognormal_3p,boundary_guard,1.6283041022029776,1.3644442535558834,31.245558833336663,0.36428825541983867
empirical,FlatGlassPanes,lognormal_offset,,0.49302518474827584,0.8735764993552282,0.7028517116412033,0.1382106703483062
empirical,FlatGlassPanes,lognormal_3p,interior,0.8768855472834023,0.8721893124065169,1.2610583891349878,0.14692820189705652
empirical,FlowableFill,lognormal_offset,,0.4318700659837683,0.9953323227079502,0.6755768190842536,0.15383941881211183
empirical,FlowableFill,lognormal_3p,interior,0.7667196060018425,0.9921659137291946,0.9180727591417526,0.06972591912870657
empirical,FoamedInPlace [PIR or PUR],lognormal_offset,,0.6661893516931894,1.7947678554912647,1.7923168516835362,0.648329894942269
empirical,FoamedInPlace [PIR or PUR],lognormal_3p,boundary_guard,2.0204596172689144,8.254823769121199,619.7681692259728,1.0316960056587625
empirical,FoamedInPlace [type not stated],lognormal_offset,,0.07985132922636706,0.9951598829275395,0.11975986390669098,0.044666381350623924
empirical,FoamedInPlace [type not stated],lognormal_3p,boundary_normal_limit,0.0009984115892301242,0.9950350559873085,0.11550832199124979,0.042332608123960315
empirical,Furnishings,lognormal_offset,,0.20506478387293015,0.9780498228545157,0.3071438306002062,0.12886863784092503
empirical,Furnishings,lognormal_3p,boundary_guard,2.2855397009702063,7.1182709618646065,713.3905208444309,0.3050705173947282
empirical,GlazedDoors,lognormal_offset,,0.5052595714840612,0.9417966012791399,0.7632607996826687,0.1363125024651832
empirical,GlazedDoors,lognormal_3p,interior,0.7748602799083638,0.9345467642439966,1.0836394852850644,0.10237064059979917
empirical,Grouting,lognormal_offset,,0.665844809663671,0.8687795981122584,0.9649873161899316,0.7787215441369406
empirical,Grouting,lognormal_3p,boundary_guard,1.254578942184474,0.7290873917334828,4.3792519934774905,0.503965510145642
empirical,Gypsum,lognormal_offset,,0.3519573675123005,1.0027877273771486,0.5479602323987719,0.06431022639051222
empirical,Gypsum,lognormal_3p,interior,0.5218534928220948,1.0057482277114043,0.6072766759280367,0.040140133341733726
empirical,GypsumSheathingBoard,lognormal_offset,,0.23745664898870397,1.1301926202467658,0.3939327149935745,0.08035322697856502
empirical,GypsumSheathingBoard,lognormal_3p,boundary_normal_limit,0.0009982335608047911,1.1298605137819588,0.366874679904971,0.07068272011491204
empirical,HeavyTimber,lognormal_offset,,0.6046100022147937,1.0342995692998604,0.9986723139875514,0.4531713073991161
empirical,HeavyTimber,lognormal_3p,boundary_guard,2.0960336178739456,3.9232896332022635,327.379124666523,0.5728947851378247
empirical,Hollow,lognormal_offset,,0.2642060695579602,1.039286758662784,0.41551024166219186,0.06339675127218768
empirical,Hollow,lognormal_3p,interior,0.3009683140593258,1.0398034132669414,0.4220746209096885,0.06561066974237366
empirical,HotRolled,lognormal_offset,,0.4834128066795473,1.0110997630297958,0.7691794303594992,0.2163033182266303
empirical,HotRolled,lognormal_3p,interior,0.8051325301376991,1.0046757232491115,1.1175172659651464,0.14300660890545747
empirical,InsulatedRoofPanels,lognormal_offset,,0.18290524278319992,1.0192025508550437,0.2808872956471266,0.02382044352452368
empirical,InsulatedRoofPanels,lognormal_3p,interior,0.13611381205554773,1.0189434972504168,0.2769031271430869,0.02582304403675305
empirical,InsulatedWallPanels,lognormal_offset,,0.18402749863409068,0.9962332954566274,0.278369811570512,0.016489416141054897
empirical,InsulatedWallPanels,lognormal_3p,interior,0.24347862342734566,0.996537777366027,0.283319186520599,0.014141400783911628
empirical,InsulatingGlazingUnits,lognormal_offset,,0.45414544411817864,0.9500869297676463,0.6880748279649417,0.27577343954222444
empirical,InsulatingGlazingUnits,lognormal_3p,interior,1.0598691881045905,0.9501328786894636,1.8554686749702551,0.2022559508748674
empirical,JointProtection,lognormal_offset,,0.3555930203441692,1.0693191999163079,0.5790760181613559,0.2256576063609126
empirical,JointProtection,lognormal_3p,boundary_normal_limit,0.0009987425905659756,1.0796372082450043,0.4704130004268663,0.18505355555732875
empirical,Laminate,lognormal_offset,,0.47521121954786333,1.0786621978656417,0.7930038933658906,0.1569973084786064
empirical,Laminate,lognormal_3p,interior,0.7838539861600251,1.0964882956037711,1.1926846905500064,0.2099521144957146
empirical,MBQ,lognormal_offset,,0.30141945108415474,0.8358728967267371,0.4131593591482501,0.21200160420409997
empirical,MBQ,lognormal_3p,interior,0.8280541853743651,0.821259449291121,0.5220807034477064,0.11824666040152908
empirical,MasonryCement,lognormal_offset,,0.14875354834765772,1.0313925152695917,0.22952614377767502,0.06395901888297231
empirical,MasonryCement,lognormal_3p,interior,0.11162628832895904,1.0312388330382432,0.2270872125556304,0.06389388550253836
empirical,MassTimber,lognormal_offset,,0.46454186066945746,0.8830102756804261,0.6671660935952094,0.25646745787361563
empirical,MassTimber,lognormal_3p,interior,0.9107702349609559,0.8709542433247103,1.1893547546039722,0.17195318321893055
empirical,MechanicalInsulation,lognormal_offset,,0.5818812594979522,1.5719917230312892,1.3424987782168787,0.20969837498178875
empirical,MechanicalInsulation,lognormal_3p,interior,0.6565292643959019,1.5769819390551587,1.4829786499113227,0.2269513418150463
empirical,MetalDoorAndFrames,lognormal_offset,,0.36941670260618736,1.0379264123167877,0.5905500548508462,0.12833108835192253
empirical,MetalDoorAndFrames,lognormal_3p,interior,0.5658110474660091,1.042621126527868,0.6761205870611819,0.11242736795712147
empirical,MetalRailings,lognormal_offset,,0.30581846020145365,0.958606357868614,0.45865027168918987,0.1633592343904257
empirical,MetalRailings,lognormal_3p,interior,0.45107284979999424,0.9595908374024498,0.48685823991684923,0.14678786968770624
empirical,MetalStairs,lognormal_offset,,0.12226061690840219,1.0608198853647957,0.19188032568545213,0.0987110005968421
empirical,MetalStairs,lognormal_3p,interior,0.40368374600559775,1.0597180635521881,0.19359714567808384,0.0879528831995375
empirical,Mirrors,lognormal_offset,,0.3081494702215065,0.9056743404615559,0.44529230636365635,0.0985696309732481
empirical,Mirrors,lognormal_3p,interior,0.13130032555067786,0.9069200707080094,0.4043321290063762,0.08845967294986322
empirical,MiscMetalFabrication,lognormal_offset,,0.3568327326336262,0.9850606490568633,0.5491845492166758,0.15406432228513728
empirical,MiscMetalFabrication,lognormal_3p,interior,0.4969399915809141,0.9883013806915627,0.6043363041175269,0.15511111769740682
empirical,Mortar,lognormal_offset,,0.6139253797879609,1.1109160460317087,1.0782849972531783,0.39108601014145417
empirical,Mortar,lognormal_3p,interior,1.0057871629624973,1.090791870635095,2.4357049027476347,0.2253387748569719
empirical,NetworkingCableTrays,lognormal_offset,,0.35852383791773057,0.9844430665098466,0.5516789634468051,0.13219171167264332
empirical,NetworkingCableTrays,lognormal_3p,interior,0.5707400964835477,0.9923160528532534,0.6510409497478832,0.1401905191265168
empirical,NetworkingRaceways,lognormal_offset,,0.720161731279504,1.1523750203118923,1.367734739886876,0.33404356848481415
empirical,NetworkingRaceways,lognormal_3p,boundary_guard,1.7866261676605397,2.446555117554244,109.44798083838258,0.45427424867307187
empirical,NonStructuralWood,lognormal_offset,,0.3440287106524199,0.8871734770804807,0.49254470592073124,0.06421958091640469
empirical,NonStructuralWood,lognormal_3p,interior,0.33741649717482913,0.8872087562143031,0.4905173821090222,0.06377252672904751
empirical,OilPatch,lognormal_offset,,0.4874516138074759,1.0810699489140065,0.8162615327001617,0.25315626794609
empirical,OilPatch,lognormal_3p,interior,0.870236596523715,1.0930787008581946,1.3838703643299963,0.19439897790140487
empirical,OpenWebMembranes,lognormal_offset,,0.13040728969780768,0.86567569551962,0.17918189231322743,0.059620270646820066
empirical,OpenWebMembranes,lognormal_3p,boundary_guard,2.1058279003361835,1.740154454898454,92.79235377527573,0.13731656450847604
empirical,Openings,lognormal_offset,,0.6125927733288488,1.0718913954754326,1.044238556936008,0.3427020477431524
empirical,Openings,lognormal_3p,boundary_guard,2.090036928168796,7.725828761313837,671.7468609813309,0.6879919876476973
empirical,OtherFlooring,lognormal_offset,,0.5398521680990449,0.9508861835697928,0.824176946349655,0.09277810282111193
empirical,OtherFlooring,lognormal_3p,interior,0.919888865737019,0.9765826709913216,1.6899864834411675,0.1697451022169343
empirical,PaintingAndCoating,lognormal_offset,,0.4906195974787778,0.9175891177260213,0.725907393287124,0.17173339202879764
empirical,PaintingAndCoating,lognormal_3p,interior,0.6977982557720243,0.9125710865101229,0.9249187642535613,0.15779914182565338
empirical,PlateSteel,lognormal_offset,,0.2921605969833599,0.8990938544400406,0.4192401503878867,0.09763346369170768
empirical,PlateSteel,lognormal_3p,interior,0.21217889791503844,0.8988388889161879,0.4028021293437744,0.09006940684234946
empirical,PostTensioningSteel,lognormal_offset,,0.07313749688604454,0.9843482510982203,0.10886601244318442,0.023245643221864926
empirical,PostTensioningSteel,lognormal_3p,interior,0.5196597896966118,0.9851093360210215,0.12157465145083698,0.014022892093468388
empirical,PowerCabling,lognormal_offset,,0.5169089456572346,0.40453434705597335,0.39962821402970944,1.144485212529211
empirical,PowerCabling,lognormal_3p,boundary_guard,0.8375246260214803,0.2723653482920735,0.41645777746394813,1.0891092267213502
empirical,PrecastConcrete,lognormal_offset,,0.2207949704794886,0.9729681518273516,0.33021124834201654,0.07164361076693972
empirical,PrecastConcrete,lognormal_3p,interior,0.3021147274233434,0.9734006492468414,0.3381092732285179,0.07022826704383289
empirical,ProcessedNonInsulatingGlassPanes,lognormal_offset,,0.7342486659411777,1.2680813683675076,1.5313374379028273,0.26953284134762606
empirical,ProcessedNonInsulatingGlassPanes,lognormal_3p,boundary_guard,1.5548752246908695,1.825108695295529,37.493680175377754,0.34135910010736964
empirical,ReadyMix [3000-3999 psi],lognormal_offset,,0.1632267544106501,1.0007688488187148,0.2471412452096423,0.005529443923819306
empirical,ReadyMix [3000-3999 psi],lognormal_3p,interior,0.20128927654058115,1.000906577101483,0.24957838175594202,0.0039041787460776583
empirical,ReadyMix [4000-4999 psi],lognormal_offset,,0.16062125197204613,1.000964629652913,0.24316908359042708,0.003419309059839745
empirical,ReadyMix [4000-4999 psi],lognormal_3p,interior,0.16360776983747005,1.0009751311166246,0.24335373601385618,0.003470742855697445
empirical,ReadyMix [5000-5999 psi],lognormal_offset,,0.1640041292655209,1.002670307653407,0.24865104985139605,0.010262122345565651
empirical,ReadyMix [5000-5999 psi],lognormal_3p,interior,0.12444481996259663,1.0025318975545892,0.24617139749882735,0.008221515191266408
empirical,ReadyMix [<3000 psi],lognormal_offset,,0.20441717428939815,1.0069854280511161,0.31214548171096057,0.03669028901155976
empirical,ReadyMix [<3000 psi],lognormal_3p,interior,0.07476154650092001,1.0060262814120557,0.2980215684440807,0.02292135352608835
empirical,ReadyMix [>=6000 psi],lognormal_offset,,0.16680549793695393,0.9962393791627052,0.2518829956005257,0.010268304766665275
empirical,ReadyMix [>=6000 psi],lognormal_3p,interior,0.12540128722932256,0.9960869621120819,0.24919597933135057,0.009136779485042917
empirical,ReadyMix [strength not stated],lognormal_offset,,0.29002524738834967,0.9968515712784329,0.44534509771597613,0.023522223634499694
empirical,ReadyMix [strength not stated],lognormal_3p,interior,0.4030416984456802,0.9989535218392014,0.471486711244572,0.014516991383145772
empirical,RebarSteel,lognormal_offset,,0.46361191844144406,0.9911210581568124,0.7252683024769114,0.1776062626388282
empirical,RebarSteel,lognormal_3p,interior,0.752926396369219,0.9843248928295836,0.9710068191568437,0.12144578782799863
empirical,ResilientFlooring,lognormal_offset,,0.4494107854584834,0.9794741497163104,0.6960277225866798,0.2649181630915314
empirical,ResilientFlooring,lognormal_3p,interior,0.7195525137332675,0.9653548141121138,0.8562525924049643,0.18905753005972573
empirical,RoofCoverBoards,lognormal_offset,,0.14776528610395864,0.9777909591555014,0.22000237606224646,0.09602789995670014
empirical,RoofCoverBoards,lognormal_3p,boundary_normal_limit,0.0009984079252923937,0.9768654108102358,0.20081190191903817,0.0827735265571856
empirical,RoofPanels,lognormal_offset,,0.5222129331030116,1.1276922079584872,0.9085437030853006,0.1450312138142137
empirical,RoofPanels,lognormal_3p,interior,0.7318962383970316,1.1350578782961032,1.2072856848287399,0.189369886267416
empirical,SheathingPanels,lognormal_offset,,0.48193996564858693,0.9819395094432017,0.7500101235088137,0.22798764141794634
empirical,SheathingPanels,lognormal_3p,interior,0.7546042537057402,0.9635795781012376,0.9794480277051144,0.20612193161790227
empirical,Shotcrete [3000-3999 psi],lognormal_offset,,0.14590459950507753,0.9935199359408008,0.21950994029362375,0.02035921665774536
empirical,Shotcrete [3000-3999 psi],lognormal_3p,interior,0.11083360993633065,0.9934329852056049,0.21781282534787927,0.01877349209172959
empirical,Shotcrete [4000-4999 psi],lognormal_offset,,0.10984942076176583,0.992070183055029,0.16467368402749236,0.009699710353592066
empirical,Shotcrete [4000-4999 psi],lognormal_3p,interior,0.06961223933676183,0.992018005823458,0.1635018892761837,0.00905686553583428
empirical,Shotcrete [5000-5999 psi],lognormal_offset,,0.12982814714014868,0.9932769421162474,0.19504521448342554,0.019605822508347238
empirical,Shotcrete [5000-5999 psi],lognormal_3p,interior,0.17055773208677244,0.993362541429511,0.19677601606505815,0.019639408603414482
empirical,Shotcrete [<3000 psi],lognormal_offset,,0.15108318047330468,1.08605308418754,0.24148983836797333,0.09532682991839926
empirical,Shotcrete [<3000 psi],lognormal_3p,boundary_normal_limit,0.0009983815669536338,1.085823618456514,0.2358018270344877,0.09221646573179659
empirical,Shotcrete [>=6000 psi],lognormal_offset,,0.12117392645281391,0.9928859523545684,0.18188393428944566,0.02051928374326173
empirical,Shotcrete [>=6000 psi],lognormal_3p,interior,0.24384268542349904,0.9931018217665004,0.18651545445742243,0.018094698386160776
empirical,Shotcrete [strength not stated],lognormal_offset,,0.17174062203168503,1.0269205037360574,0.26478033142415275,0.0694410297899624
empirical,Shotcrete [strength not stated],lognormal_3p,interior,0.42589165787855415,1.0269414459693025,0.2790965198691836,0.04971311649028243
empirical,SinglePlyEPDM,lognormal_offset,,0.28337831575399064,1.1957469905616505,0.4925530916963014,0.1453306286373406
empirical,SinglePlyEPDM,lognormal_3p,interior,0.6362056235649909,1.2047532177335867,0.6159981205534698,0.13809182168536835
empirical,SinglePlyKEE,lognormal_offset,,0.15794911361719077,1.0142856707074894,0.2411869887644613,0.06032379649751336
empirical,SinglePlyKEE,lognormal_3p,interior,0.40914127543008766,1.0164185887097064,0.2674960462331374,0.0668347394231269
empirical,SinglePlyPVC,lognormal_offset,,0.25698239337844075,0.9535273847196477,0.38118215187253307,0.08370027158077542
empirical,SinglePlyPVC,lognormal_3p,interior,0.36736356044839336,0.9540647352951032,0.3941053093602229,0.07650198717694595
empirical,SinglePlyPolyurethane,lognormal_offset,,0.6291739630917125,0.98468140857952,1.003996443958586,0.3000464967833231
empirical,SinglePlyPolyurethane,lognormal_3p,boundary_guard,1.8135619616742225,2.4029611210198474,115.1837826980043,0.6492757217030549
empirical,SinglePlyTPO,lognormal_offset,,0.2037829512046727,1.028681062217309,0.3156345134886343,0.052833185410398324
empirical,SinglePlyTPO,lognormal_3p,interior,0.13400537555741768,1.0282125142693477,0.3086266841673946,0.052053960168328424
empirical,SprayedInsulation,lognormal_offset,,0.4418077843548249,0.8766017190258153,0.630802001282523,0.27591525549038065
empirical,SprayedInsulation,lognormal_3p,boundary_guard,1.5012945834302516,1.150539451521269,14.811560867814615,0.2758686039530991
empirical,SteelSuspensionAssembly,lognormal_offset,,0.08318599543844643,0.9971106404635113,0.12494298938328141,0.02437023175878405
empirical,SteelSuspensionAssembly,lognormal_3p,interior,0.4574233515840313,0.9976727810538175,0.1360316617441759,0.014031454309228497
empirical,StoneCladding,lognormal_offset,,0.5786666182507124,1.2177345744120744,1.084214494039716,0.2515432466089811
empirical,StoneCladding,lognormal_3p,interior,0.717722168945173,1.2263456189370363,1.3313608094925045,0.2814732797660568
empirical,StorageFurniture,lognormal_offset,,0.2257805990567635,0.9561149139506192,0.3340206707650093,0.07799014843942556
empirical,StorageFurniture,lognormal_3p,interior,0.18232347299602594,0.9557357087493403,0.32875380911594837,0.076671961987367
empirical,SupplementaryCementitiousMaterials,lognormal_offset,,0.3869256016801196,0.9248712914599831,0.5721542186693961,0.09652725383885566
empirical,SupplementaryCementitiousMaterials,lognormal_3p,interior,0.3292044161654771,0.9261086773879382,0.5491058511583781,0.09233688513593058
empirical,Tables,lognormal_offset,,0.6626379071877863,0.9215258461069699,1.009339194982945,0.207908115588437
empirical,Tables,lognormal_3p,boundary_guard,1.9372302551740157,2.762836850071585,181.38348014109175,0.4858210805357818
empirical,TileGrout,lognormal_offset,,0.5124105067290214,0.9565775566686113,0.7838402690008719,0.2597227970537741
empirical,TileGrout,lognormal_3p,interior,0.8836970028249238,0.9435712835691549,1.3314247432303261,0.17163347824309877
empirical,Timber,lognormal_offset,,0.4667682578029845,1.0354252045726877,0.7545913904317613,0.1650824008913897
empirical,Timber,lognormal_3p,interior,0.9106690033882076,1.0825396892742263,1.5755726409443431,0.2079642254083623
empirical,TranslucentWallAndRoofAssemblies,lognormal_offset,,0.5567691836809899,0.9397156096359182,0.8436801774792904,0.28554312732099646
empirical,TranslucentWallAndRoofAssemblies,lognormal_3p,interior,0.9482452886720447,0.9161923187038771,1.6792913093832555,0.1887910404085086
empirical,UnitSkylights,lognormal_offset,,0.45340532179811066,1.0600721484623123,0.7446171265031684,0.16902783902502747
empirical,UnitSkylights,lognormal_3p,interior,0.5307866572834473,1.0599952596795696,0.8009274761762688,0.179154654643759
empirical,VinylSiding,lognormal_offset,,0.45560562691369244,0.5862412779072694,0.483453887361393,0.170014151632766
empirical,VinylSiding,lognormal_3p,interior,1.1372252300394732,0.598196819339493,2.1778333657812445,0.12658871040710062
empirical,WallBase,lognormal_offset,,0.27356828012918877,0.8502616413188654,0.3777412662374425,0.09126832435472951
empirical,WallBase,lognormal_3p,boundary_guard,2.0954940735326884,3.6254052729513235,280.29767937480335,0.24340797511067397
empirical,WallFinishes,lognormal_offset,,0.7551586907184975,1.1294958607391499,1.4423185575547075,0.5914110723025603
empirical,WallFinishes,lognormal_3p,boundary_guard,1.491148227655422,1.2749665984117717,20.456596291658407,0.2650391651739437
empirical,WallPanels,lognormal_offset,,0.5277648377886245,1.1221666182326018,0.9156556182845016,0.1536481381146539
empirical,WallPanels,lognormal_3p,interior,0.8310526615484796,1.1277495790968717,1.4275625401550183,0.09926098486061781
empirical,WeatherBarriers,lognormal_offset,,0.6049698999502601,1.1215008912983488,1.068066722997859,0.5224836203308111
empirical,WeatherBarriers,lognormal_3p,boundary_guard,1.2478974740766067,1.1285799480904675,5.565990837082539,0.32064180130257325
empirical,WindTurbines,lognormal_offset,,0.27922485140288955,1.0712310788107295,0.44933897562875896,0.17740828776858772
empirical,WindTurbines,lognormal_3p,boundary_guard,2.302944798511265,10.317377248193512,1085.5625883177115,0.41100831454799513
empirical,Windows,lognormal_offset,,0.457814929948208,0.9601618905084888,0.6992333319513595,0.14648806306141013
empirical,Windows,lognormal_3p,interior,0.5962378776229111,0.9553732683837854,0.7944956641062514,0.1336733163251206
empirical,WireMeshSteel,lognormal_offset,,0.44740384019490714,1.0636495788236646,0.7359884589452764,0.11859283364345828
empirical,WireMeshSteel,lognormal_3p,interior,0.7009260794423292,1.0750255877125698,0.9734457391710402,0.1318760706073327
empirical,WoodDoors,lognormal_offset,,0.43085381682227636,0.8627795185244782,0.6080155957579135,0.12378877366429841
empirical,WoodDoors,lognormal_3p,interior,0.526148385421496,0.8597961520054167,0.6607259989541622,0.12194010214184198
empirical,WoodFlooring,lognormal_offset,,0.488137879041534,1.063710427588311,0.8075253565436997,0.1298139252021737
empirical,WoodFlooring,lognormal_3p,interior,0.543806003808454,1.0631019352235653,0.8544448720944533,0.13393140356140693
empirical,WoodFraming,lognormal_offset,,0.2953228340231239,0.7600001414142505,0.38094943127568076,0.14153773467201206
empirical,WoodFraming,lognormal_3p,interior,0.20806477325354394,0.7610389265149351,0.36445264917050507,0.13675818615600693
empirical,WoodJoists,lognormal_offset,,0.2887681052308417,1.129612582621816,0.48276994532042855,0.17471323687532253
empirical,WoodJoists,lognormal_3p,boundary_guard,2.4548959059679,15.171964805254635,1779.9202740495973,0.3731071250401677
empirical,WorkSurfaces,lognormal_offset,,0.24093835728088153,0.9105053469612329,0.34598855335263734,0.10573231802456866
empirical,WorkSurfaces,lognormal_3p,boundary_normal_limit,0.0009981166819708022,0.9087480208965434,0.3036198964730827,0.07834503336702708
synthetic,dataset1029,lognormal_offset,,0.13166810640328236,1.0222737915581677,0.20167812502335417,0.07597188675682395
synthetic,dataset1029,lognormal_3p,interior,0.5189962118619077,1.0258644161237405,0.24200915647717142,0.08185786694212593
synthetic,dataset1035,lognormal_offset,,0.016681600470457567,1.0274018046001614,0.025514788772458052,0.014351704187185527
synthetic,dataset1035,lognormal_3p,boundary_normal_limit,0.0009980014249685264,1.0273987334688306,0.025081466474034284,0.014040427833926176
synthetic,dataset1069,lognormal_offset,,0.4562394088169177,1.4344315715372746,0.9405854683186153,0.545899572162813
synthetic,dataset1069,lognormal_3p,boundary_normal_limit,0.0009987522815920389,1.409653250809473,0.5946050589885915,0.3775979509431454
synthetic,dataset1070,lognormal_offset,,0.16973634527677106,0.9296997219440893,0.24497883661833267,0.14338796499223766
synthetic,dataset1070,lognormal_3p,interior,0.00288010150973767,0.9272819661413715,0.2101309169407094,0.1213995165268779
synthetic,dataset1082,lognormal_offset,,0.28933568193837567,1.039825442757969,0.45704494869356377,0.28352444083206385
synthetic,dataset1082,lognormal_3p,interior,0.558861949125112,1.0215804139700162,0.42242922954333817,0.22303232906039436
synthetic,dataset1085,lognormal_offset,,0.22365517146092895,1.378788870502618,0.42682724954383544,0.18344883509628715
synthetic,dataset1085,lognormal_3p,boundary_normal_limit,0.0009983443341914072,1.376327254260583,0.384911891852515,0.15618952664243443
synthetic,dataset1087,lognormal_offset,,0.24896507751481547,1.0062796975565627,0.38225276543822095,0.12031879450398829
synthetic,dataset1087,lognormal_3p,boundary_guard,2.136697920081487,3.8759372427780323,304.1378381509555,0.25442535023485274
synthetic,dataset1091,lognormal_offset,,0.16488632446959495,0.7098039903829785,0.20127246278302163,0.12428679028896306
synthetic,dataset1091,lognormal_3p,interior,0.2522532093484671,0.7093568816838092,0.19936908917736007,0.12355033308307733
synthetic,dataset1095,lognormal_offset,,0.09606497890939054,0.954212577637737,0.14024345916993894,0.05796998543519974
synthetic,dataset1095,lognormal_3p,boundary_guard,2.1535471824565486,2.1843464163657753,131.16908725519022,0.10032621550624878
synthetic,dataset1096,lognormal_offset,,0.1416413431716809,1.2350989833856716,0.2474780090459351,0.1324227401209393
synthetic,dataset1096,lognormal_3p,boundary_normal_limit,0.0009980371163100074,1.2341467442315133,0.22704612122067855,0.12015300552082439
synthetic,dataset1098,lognormal_offset,,0.08565877409940205,0.9752717769833841,0.1267951336713885,0.04835142795984367
synthetic,dataset1098,lognormal_3p,boundary_guard,2.041427936899915,1.4869059388692196,50.465816297878376,0.057722448941121024
synthetic,dataset1102,lognormal_offset,,0.6307852672716949,0.9509974922291468,0.9780424265347099,0.27773771150210486
synthetic,dataset1102,lognormal_3p,boundary_guard,1.7041270366731103,1.771782416441909,61.13673403245029,0.38506854167226157
synthetic,dataset1103,lognormal_offset,,0.15414207439814012,1.0031610540777929,0.233564995507031,0.05879266745051254
synthetic,dataset1103,lognormal_3p,interior,0.2632831354395255,1.0033253785732097,0.23846747596065082,0.05493015264957214
synthetic,dataset1106,lognormal_offset,,0.4475791644245625,1.4222564503160862,0.9147016639200571,0.44606938779308347
synthetic,dataset1106,lognormal_3p,boundary_normal_limit,0.0009988003768275871,1.4379611979906435,0.6656066358063697,0.3563529117792056
synthetic,dataset1109,lognormal_offset,,0.461813524491438,1.665898567141203,1.0705036659736988,0.5926037873640003
synthetic,dataset1109,lognormal_3p,boundary_normal_limit,0.0009988411073892501,1.6570598787194246,0.7228446008293749,0.43626731040285344
synthetic,dataset1121,lognormal_offset,,0.30053594004765527,0.6842188235157334,0.3633707972791855,0.23325848276856587
synthetic,dataset1121,lognormal_3p,boundary_guard,2.1440458993014415,1.20050869280431,69.51805600636527,0.15129528803212375
synthetic,dataset1132,lognormal_offset,,0.24916508720761643,0.7525758330654237,0.31795208784281254,0.1615945378763917
synthetic,dataset1132,lognormal_3p,boundary_guard,2.5336464988364957,5.079266626127732,578.5730571624863,0.19171340755503033
synthetic,dataset1145,lognormal_offset,,0.1362390294762719,0.880341388712209,0.18928870586771576,0.13693881142648387
synthetic,dataset1145,lognormal_3p,boundary_guard,1.7475853880975505,0.880938650734154,3.5548152015205736,0.06137837406348323
synthetic,dataset1149,lognormal_offset,,0.4562438005844539,1.349458044527343,0.8978905796090689,0.276564138345424
synthetic,dataset1149,lognormal_3p,interior,0.9856186681212488,1.4366411892970203,2.327036980293171,0.33036070445408866
synthetic,dataset1156,lognormal_offset,,0.5500390545581566,1.5141346635429043,1.216526849528661,0.5804101849100928
synthetic,dataset1156,lognormal_3p,boundary_normal_limit,0.0009988566570931555,1.5366918776975749,0.7763541129693091,0.4413874082622862
synthetic,dataset1167,lognormal_offset,,0.4728894991865895,1.6274274120656897,1.0799582320432262,0.5295799240502683
synthetic,dataset1167,lognormal_3p,interior,0.7474809952168449,1.6372825994951448,1.4091175612190383,0.5460160516931192
synthetic,dataset1172,lognormal_offset,,0.44321358783650017,1.675792521154743,1.0264489164419373,0.5710117334003706
synthetic,dataset1172,lognormal_3p,boundary_normal_limit,0.0009985486259418237,1.6477129793573044,0.663672602646155,0.39568360096947575
synthetic,dataset1176,lognormal_offset,,0.15880330275753154,1.1463078210623177,0.26365326067688116,0.0923549894889532
synthetic,dataset1176,lognormal_3p,boundary_normal_limit,0.0009973862362597746,1.1451725065801568,0.242937887129458,0.08462991314987368
synthetic,dataset119,lognormal_offset,,0.27780718807801746,0.8053296237014284,0.37088748084304474,0.1637596032275466
synthetic,dataset119,lognormal_3p,interior,0.46938234096509107,0.8070810699472292,0.40350371120135764,0.15567175928392726
synthetic,dataset1194,lognormal_offset,,0.44394175688137766,0.5175835370147176,0.43088155558591895,0.28067407250292564
synthetic,dataset1194,lognormal_3p,boundary_guard,1.5917274734980327,0.5230989757219523,8.86356869369589,0.19710619491179981
synthetic,dataset1201,lognormal_offset,,0.36050683702739034,0.7942360334440192,0.47994838341713664,0.21212833322010224
synthetic,dataset1201,lognormal_3p,boundary_guard,2.46053553851768,8.673929478366563,1016.8915130485934,0.3110084340736615
synthetic,dataset121,lognormal_offset,,0.5082157127784978,1.041306165863949,0.8294832291801003,0.23659690089365243
synthetic,dataset121,lognormal_3p,boundary_guard,2.3550929147322606,16.089101021285412,1832.6811138767112,0.5444763062446806
synthetic,dataset1220,lognormal_offset,,0.34373674033870666,1.005864984985792,0.5356201184240709,0.25044988468911256
synthetic,dataset1220,lognormal_3p,boundary_guard,2.5190570672010586,32.244422781454766,4015.26277152786,0.5284397099238761
synthetic,dataset1231,lognormal_offset,,0.005204058257654424,1.0024933782437888,0.00782934229145475,0.003716948527078395
synthetic,dataset1231,lognormal_3p,boundary_normal_limit,0.0009979153107973699,1.0024933076379938,0.00781591617787661,0.00370722811042691
synthetic,dataset1235,lognormal_offset,,0.3002302964825763,1.1673639664121451,0.5146201500734324,0.22946628372200734
synthetic,dataset1235,lognormal_3p,interior,0.7138382702996222,1.1922408424812343,0.7589612297746045,0.27498640743607916
synthetic,dataset1237,lognormal_offset,,0.15023363635836898,1.2431957895780847,0.2639043710849392,0.14528626420265134
synthetic,dataset1237,lognormal_3p,boundary_normal_limit,0.0009982519035876443,1.24097186240429,0.22014506532318903,0.11906245598023178
synthetic,dataset1238,lognormal_offset,,0.03388998026128236,1.0539348701667832,0.052748543231225964,0.02702810781868253
synthetic,dataset1238,lognormal_3p,boundary_normal_limit,0.0009974723202137597,1.0539266320714618,0.05221840693297843,0.026683356224316147
synthetic,dataset1240,lognormal_offset,,0.1395945240710901,1.1649765731720945,0.23400632513650202,0.15492360623810691
synthetic,dataset1240,lognormal_3p,boundary_normal_limit,0.0009963376488729553,1.1632713546160944,0.19801981264241525,0.13139780867659304
synthetic,dataset125,lognormal_offset,,0.26391839847467014,1.1866037038611763,0.4547878952669434,0.20647580069626878
synthetic,dataset125,lognormal_3p,boundary_normal_limit,0.00099768393852367,1.1741943542478852,0.316142781048155,0.12278102476531272
synthetic,dataset126,lognormal_offset,,0.1698345729081279,0.9836884857383872,0.25438021816516604,0.13208947695459836
synthetic,dataset126,lognormal_3p,interior,0.307212822770826,0.9839986227132959,0.2625453951699678,0.13040001987602487
synthetic,dataset1261,lognormal_offset,,0.5155393673884414,1.0320475934378615,0.8364965107015041,0.34911064532807373
synthetic,dataset1261,lognormal_3p,boundary_guard,2.5807423217511225,41.72617919968751,5345.080931725804,0.6490545326680798
synthetic,dataset1270,lognormal_offset,,0.20142561828773276,0.9365805906114416,0.29310057518066207,0.08497421145117853
synthetic,dataset1270,lognormal_3p,boundary_normal_limit,0.000998134425198717,0.9348750779452393,0.264030072855918,0.06906112323250642
synthetic,dataset1283,lognormal_offset,,0.33357001283904747,1.4442902116262692,0.6712580034552664,0.27812990008587185
synthetic,dataset1283,lognormal_3p,boundary_normal_limit,0.0009982166420807077,1.439022842810552,0.5361924129257837,0.20588115208231178
synthetic,dataset1286,lognormal_offset,,0.0035905260146776,0.9978695462833456,0.005385188576060479,0.0021924129091806356
synthetic,dataset1286,lognormal_3p,interior,0.20660968995664203,0.9978716835988519,0.005408705885956371,0.0020977113460396764
synthetic,dataset1294,lognormal_offset,,0.003104736723029801,1.0015264943333337,0.004667950389669639,0.0018265264764541446
synthetic,dataset1294,lognormal_3p,boundary_normal_limit,0.0009984763797184256,1.001526479624776,0.004666571313859181,0.0018256033220602022
synthetic,dataset1297,lognormal_offset,,0.1251225965177909,0.9846299581024728,0.18682379955763692,0.09949960391449134
synthetic,dataset1297,lognormal_3p,boundary_guard,2.636799955720538,14.722392368197438,1825.0120725934862,0.18403519476217467
synthetic,dataset1308,lognormal_offset,,0.04673404325789992,1.3472002253172406,0.08649264863708221,0.06916751804508212
synthetic,dataset1308,lognormal_3p,boundary_normal_limit,0.0009932971528891204,1.346924178689615,0.07023677767982153,0.05764782869428825
synthetic,dataset1312,lognormal_offset,,0.35768555493780285,0.9185193655310847,0.5249375601188078,0.14807623244106366
synthetic,dataset1312,lognormal_3p,interior,0.24848093498887605,0.9202867731746136,0.48920034792768485,0.14037295768214983
synthetic,dataset1328,lognormal_offset,,0.08201709386585368,0.968597906278999,0.12083465777353534,0.05136181364379827
synthetic,dataset1328,lognormal_3p,interior,1.043439093425198,0.9785618042410545,0.36853011866706953,0.05388263367705174
synthetic,dataset133,lognormal_offset,,0.0343289151823207,0.9158864528134262,0.04868537008517453,0.03231920821188815
synthetic,dataset133,lognormal_3p,boundary_guard,1.9595895335524394,0.9115374734401611,1.0622300642003257,0.015107032486435298
synthetic,dataset134,lognormal_offset,,0.2826109115468716,0.6260396085214452,0.3238456237110882,0.0897078895106806
synthetic,dataset134,lognormal_3p,interior,0.3805577241124091,0.6257663567270596,0.3417664962255881,0.0924516077188949
synthetic,dataset1351,lognormal_offset,,0.023833999758353812,1.0039294406080543,0.03589718828205878,0.012940152394298857
synthetic,dataset1351,lognormal_3p,interior,0.24097044186587066,1.003910559984657,0.03574145152764595,0.011463446501666611
synthetic,dataset1359,lognormal_offset,,0.3699107893518355,1.0365783465353968,0.5908491753959355,0.2921581961456643
synthetic,dataset1359,lognormal_3p,boundary_guard,2.6371207647980697,33.85486262321034,4369.3735032708755,0.49430501787781794
synthetic,dataset1363,lognormal_offset,,0.01740886150425124,0.9590899569984591,0.025436444267773965,0.013173419921389633
synthetic,dataset1363,lognormal_3p,interior,0.2545273456860584,0.9591094462265337,0.02562889644551441,0.013356275794926743
synthetic,dataset1373,lognormal_offset,,0.48241290316705165,1.204625364111151,0.8761687178061457,0.2919280399419234
synthetic,dataset1373,lognormal_3p,interior,0.962000196637906,1.2775226590819038,2.101128770852103,0.3522648283984776
synthetic,dataset1376,lognormal_offset,,0.20042568879517386,0.8886715374780394,0.2818836060346376,0.11138004069647356
synthetic,dataset1376,lognormal_3p,interior,0.5082952641723802,0.8915914766140279,0.3215066058920534,0.10585900077763559
synthetic,dataset1379,lognormal_offset,,0.055165579621505784,1.1106340103361445,0.0890432851015081,0.04240656885467783
synthetic,dataset1379,lognormal_3p,interior,0.031147312980847018,1.1106284385017968,0.0888761610338375,0.042339824580499445
synthetic,dataset1382,lognormal_offset,,0.5336784970668588,0.8650319816025939,0.7560080333245166,0.4174884662694391
synthetic,dataset1382,lognormal_3p,boundary_guard,2.1757324493062065,2.087135354657977,172.82710357122804,0.3741484654816692
synthetic,dataset140,lognormal_offset,,0.5247017071233853,1.6875335441378356,1.2544164481924471,0.530553334390968
synthetic,dataset140,lognormal_3p,boundary_normal_limit,0.0009986823650199963,1.702488360216667,0.8236361907132576,0.3902104385617865
synthetic,dataset1402,lognormal_offset,,0.08051029161604023,1.030976042434019,0.1236443226798116,0.03126683430825741
synthetic,dataset1402,lognormal_3p,interior,0.34761544782613174,1.0314075741288216,0.13098003521525312,0.03213953178463762
synthetic,dataset1418,lognormal_offset,,0.29655118931990615,1.004057031065477,0.4580553953406575,0.1638091701009396
synthetic,dataset1418,lognormal_3p,boundary_normal_limit,0.000997907682640805,1.0013002016431587,0.37549034890934185,0.12890436634595012
synthetic,dataset1421,lognormal_offset,,0.04001818074148934,1.0902235539625809,0.06374949514306194,0.039076202706735216
synthetic,dataset1421,lognormal_3p,boundary_normal_limit,0.0009961958139362889,1.0901563513271981,0.05917846110745356,0.03611858036823741
synthetic,dataset1422,lognormal_offset,,0.06551242289130343,1.0846583918820252,0.10407517071976648,0.04074995319320961
synthetic,dataset1422,lognormal_3p,boundary_normal_limit,0.0009973593803747054,1.0845725264601247,0.10064381418144235,0.038932543305302575
synthetic,dataset1427,lognormal_offset,,0.16666379862786335,1.2089096724089954,0.28743662290655864,0.21575870090957577
synthetic,dataset1427,lognormal_3p,boundary_normal_limit,0.0009981591531881679,1.2051679959803068,0.22093259239399915,0.17225166523113358
synthetic,dataset144,lognormal_offset,,0.21149842890510312,0.9695921688915492,0.31521230581846854,0.12478567206559296
synthetic,dataset144,lognormal_3p,boundary_guard,2.255886221214588,6.0933353927909675,585.3758243145076,0.28098566547202003
synthetic,dataset1453,lognormal_offset,,0.41209951202505773,0.8814797319019989,0.5901828808790528,0.1492166753313523
synthetic,dataset1453,lognormal_3p,interior,0.7212195435722707,0.8882357638506033,0.8113978214003514,0.16985283976917306
synthetic,dataset1454,lognormal_offset,,0.10300966234521608,1.103415270221974,0.16587569200410246,0.07222706338404664
synthetic,dataset1454,lognormal_3p,boundary_normal_limit,0.0009977785586902895,1.1028776614756528,0.151049897437245,0.06343846689100356
synthetic,dataset1455,lognormal_offset,,0.009356444670297568,1.0287298910514922,0.014322521771614905,0.007113225324149149
synthetic,dataset1455,lognormal_3p,boundary_normal_limit,0.0009951695353296285,1.0287291644866428,0.014158274464665204,0.007041705187983959
synthetic,dataset146,lognormal_offset,,0.002251845350235999,1.0040171530250475,0.0033912456622793557,0.002354388448209399
synthetic,dataset146,lognormal_3p,boundary_normal_limit,0.0009978673385037942,1.0040171406206304,0.0033849182522376477,0.002350484588008629
synthetic,dataset1461,lognormal_offset,,0.35213892030424165,0.5104329444847915,0.3506360292512237,0.15762282979877418
synthetic,dataset1461,lognormal_3p,boundary_guard,2.550074134644681,6.871213605095759,849.4288805219536,0.2388341008138613
synthetic,dataset1466,lognormal_offset,,0.5144400568832975,1.4523977768444958,1.0883047611014538,0.5028963067707729
synthetic,dataset1466,lognormal_3p,boundary_guard,2.3783848741347136,25.063830908457145,2895.9404515805063,0.8844860900149049
synthetic,dataset1467,lognormal_offset,,0.1629402341033644,1.4671729788922763,0.32336974178235306,0.2097329284881151
synthetic,dataset1467,lognormal_3p,boundary_normal_limit,0.0009973195086476908,1.46372587497687,0.26188628269721864,0.17471201393848512
synthetic,dataset1468,lognormal_offset,,0.1212315738088132,0.8252000981969234,0.1615315829762967,0.06390170471967468
synthetic,dataset1468,lognormal_3p,interior,0.292959642402467,0.8255614176873131,0.16811969930529516,0.0636145670736669
synthetic,dataset1478,lognormal_offset,,0.17739592056143916,1.2325997367197439,0.3105174129321335,0.19296917926863563
synthetic,dataset1478,lognormal_3p,boundary_normal_limit,0.0009983743003424434,1.2295291834924147,0.2578063287964364,0.1595558832250525
synthetic,dataset1495,lognormal_offset,,0.08763509656239304,0.9059655475908637,0.12363835888780646,0.05219279725144949
synthetic,dataset1495,lognormal_3p,boundary_guard,2.390388041522571,2.2097589722040287,164.97630432315663,0.05392235360389459
synthetic,dataset15,lognormal_offset,,0.16007430434284803,1.0274620794059883,0.24660683804561487,0.13315797179590771
synthetic,dataset15,lognormal_3p,boundary_guard,2.5441259763947808,5.991549835487682,657.2584344709732,0.17217392411052698
synthetic,dataset150,lognormal_offset,,0.16811220361900583,1.41161176312573,0.32437042791840304,0.21324395269560797
synthetic,dataset150,lognormal_3p,boundary_normal_limit,0.0009984028771933527,1.4086655975711306,0.27126296577604464,0.18154855629722222
synthetic,dataset1507,lognormal_offset,,0.01687777629054804,1.0073136951932518,0.02547537763572684,0.012749224576727117
synthetic,dataset1507,lognormal_3p,boundary_normal_limit,0.000998035982600928,1.0073105701079412,0.02503898273420033,0.012462827500970372
synthetic,dataset1514,lognormal_offset,,0.09523974781358104,0.9973994613876284,0.14316149952390622,0.06314502857338453
synthetic,dataset1514,lognormal_3p,interior,0.4019077638430168,0.9961135690301498,0.1390399544100042,0.04903378264563338
synthetic,dataset1516,lognormal_offset,,0.13002513925478898,1.051288747257775,0.20293285431083888,0.10769167242681157
synthetic,dataset1516,lognormal_3p,boundary_guard,2.6320321046059134,11.368068966246733,1374.38877717487,0.17316637011604788
synthetic,dataset1519,lognormal_offset,,0.29931578801175945,0.6223285134858864,0.3415530738565948,0.18504982478124457
synthetic,dataset1519,lognormal_3p,boundary_guard,2.320970156606554,1.471448557408245,120.73979922260582,0.17705095042253602
synthetic,dataset1533,lognormal_offset,,0.10133582948899877,0.5846463885380947,0.11037433465182445,0.08986970441202016
synthetic,dataset1533,lognormal_3p,interior,0.15710156979447618,0.5839935502368053,0.1011597239287982,0.08366489210759354
synthetic,dataset1534,lognormal_offset,,0.45476465497100615,1.0153711471779903,0.7235971871135135,0.3200643340124143
synthetic,dataset1534,lognormal_3p,boundary_guard,2.609603614783897,36.206222500007065,4659.940285263516,0.5642853732831161
synthetic,dataset1536,lognormal_offset,,0.01540523349617603,0.9924973937252571,0.023023846036471098,0.007811061089306095
synthetic,dataset1536,lognormal_3p,boundary_guard,1.9437804778572392,1.0799288857167522,7.593321404379812,0.018864081334862212
synthetic,dataset154,lognormal_offset,,0.31047552679872714,1.4448195183827746,0.622047432496589,0.323225729603771
synthetic,dataset154,lognormal_3p,boundary_normal_limit,0.00099838545414747,1.4400629508323257,0.5115559044675392,0.2663652731873863
synthetic,dataset1554,lognormal_offset,,0.09520935970035872,1.1125399912871219,0.1541202697520319,0.08597526056525151
synthetic,dataset1554,lognormal_3p,boundary_normal_limit,0.0009988035030415164,1.1123341663156503,0.14782142059178602,0.08209367274664897
synthetic,dataset1559,lognormal_offset,,0.3353903612955645,1.1821645430681318,0.5838312357244021,0.17893731102710772
synthetic,dataset1559,lognormal_3p,interior,0.5932917217719218,1.1923864443408796,0.7007855505962531,0.18202795775627495
synthetic,dataset1577,lognormal_offset,,0.3671247418285071,1.0204651284244324,0.5798038090840332,0.204059403822229
synthetic,dataset1577,lognormal_3p,interior,0.7950758545574214,1.036233037541055,0.8840421419758647,0.21191979202707892
synthetic,dataset159,lognormal_offset,,0.02128744039426446,0.9914914455943891,0.031795550035272194,0.018016055254498647
synthetic,dataset159,lognormal_3p,interior,0.3709085472892972,0.9912250999566891,0.02938604638033984,0.014680586744170705
synthetic,dataset1593,lognormal_offset,,0.06225880010685412,1.0187694051191856,0.09478287420907512,0.044728094327543905
synthetic,dataset1593,lognormal_3p,boundary_normal_limit,0.0009987726599495767,1.0187216605428173,0.09277585708711629,0.04334191920873117
synthetic,dataset1597,lognormal_offset,,0.055669805131759585,1.104178890753258,0.0894984278083107,0.05847888277869488
synthetic,dataset1597,lognormal_3p,boundary_normal_limit,0.0009982070321666115,1.104069652491612,0.08402053458314486,0.05500488074868965
synthetic,dataset1611,lognormal_offset,,0.0698533824360039,0.9602502788462247,0.10227606590124315,0.038769905179016545
synthetic,dataset1611,lognormal_3p,boundary_normal_limit,0.0009986189163743802,0.9601856992218031,0.09983200508616143,0.03698125375457614
synthetic,dataset1640,lognormal_offset,,0.16223225133834074,1.0001070127777398,0.2455043298625751,0.08844005925672735
synthetic,dataset1640,lognormal_3p,boundary_guard,1.9798339890755725,1.9430485964688615,86.38650067002776,0.15935299880799886
synthetic,dataset1644,lognormal_offset,,0.4042378701471652,1.0179857340710168,0.6405849934694803,0.3367272441019726
synthetic,dataset1644,lognormal_3p,boundary_guard,2.5479238195550735,40.44747410679004,5113.498376452207,0.6225497759506907
synthetic,dataset1645,lognormal_offset,,0.21118028959850296,0.9949044096564785,0.3201482060347836,0.15895952378415218
synthetic,dataset1645,lognormal_3p,boundary_guard,1.7417840481708349,1.3181036246249893,23.33312646020977,0.1480958768283744
synthetic,dataset1651,lognormal_offset,,0.09629397511206916,0.904839055110288,0.13580654465460335,0.046497328697122
synthetic,dataset1651,lognormal_3p,boundary_guard,2.497277760012318,5.705704137169073,616.7394422545531,0.12017694372624943
synthetic,dataset1654,lognormal_offset,,0.1613844818520104,0.9714804551422244,0.23954203474447935,0.06112106785908207
synthetic,dataset1654,lognormal_3p,interior,0.2883278931085196,0.9719366424608203,0.2477383547916055,0.06228889671121747
synthetic,dataset1662,lognormal_offset,,0.14224833460549297,0.44754128480136446,0.13571189260622193,0.11374468717558549
synthetic,dataset1662,lognormal_3p,interior,0.24263829848038165,0.4441405965397174,0.10522355936973118,0.09000858070928147
synthetic,dataset1669,lognormal_offset,,0.3875882226693265,1.3204273778907332,0.7386758896831752,0.21702538874762348
synthetic,dataset1669,lognormal_3p,interior,0.06959234206550527,1.324276363611004,0.6015598221891505,0.16985470409425368
synthetic,dataset167,lognormal_offset,,0.1108753430765942,0.8671468102840084,0.15230532398696617,0.08411367662819337
synthetic,dataset167,lognormal_3p,boundary_guard,2.3202639294103657,1.2416702032743627,52.45891917632569,0.06573678221294643
synthetic,dataset170,lognormal_offset,,0.22376913309117194,1.558656261854174,0.46793946716470664,0.25011498209288624
synthetic,dataset170,lognormal_3p,boundary_normal_limit,0.0009966631689503258,1.5504032940135217,0.36612419065293456,0.2012200593695111
synthetic,dataset1718,lognormal_offset,,0.2978235448958566,0.7693048849810072,0.3871883804574643,0.20633186189725355
synthetic,dataset1718,lognormal_3p,interior,0.9009972477742926,0.7534074842233087,0.5623338921348512,0.13575127726626304
synthetic,dataset1730,lognormal_offset,,0.24936044609334038,1.1583715887116242,0.4215599989929333,0.12898376384742372
synthetic,dataset1730,lognormal_3p,interior,0.2379432132146617,1.1582289053182078,0.4196657859967613,0.12851198434771968
synthetic,dataset1746,lognormal_offset,,0.38967613547701163,1.1441394282855533,0.6696032226350003,0.2404424356365804
synthetic,dataset1746,lognormal_3p,boundary_normal_limit,0.0009981377097366372,1.1299807512550293,0.4608103968532501,0.13870426555582382
synthetic,dataset1748,lognormal_offset,,0.08372416927664404,0.9520768753509014,0.12197173094003227,0.051588294686073025
synthetic,dataset1748,lognormal_3p,boundary_guard,2.540581839075327,9.076451529658925,1051.6941847938792,0.12875328611959916
synthetic,dataset176,lognormal_offset,,0.273734356179173,1.2478290065888553,0.48961355818252156,0.2966097615496224
synthetic,dataset176,lognormal_3p,boundary_normal_limit,0.0009985773992997047,1.2384877302920358,0.37188063458089116,0.22723755979004348
synthetic,dataset1761,lognormal_offset,,0.013290041876360638,0.9276620746712358,0.018999423891683707,0.01562763622093439
synthetic,dataset1761,lognormal_3p,boundary_guard,1.195657926083725,0.9242227753324639,0.0024688066367984183,0.005196576703483376
synthetic,dataset1766,lognormal_offset,,0.19548704392203198,1.0706472380693361,0.3108022243561042,0.1285381438475404
synthetic,dataset1766,lognormal_3p,interior,0.19815835116777047,1.0706642443223449,0.31106305490736624,0.12856671479865148
synthetic,dataset1785,lognormal_offset,,0.3375956583784203,0.6942686144457114,0.411654426209287,0.22154692986436447
synthetic,dataset1785,lognormal_3p,interior,0.23239229514927148,0.6959966714588689,0.3817394323434964,0.2101122453088748
synthetic,dataset18,lognormal_offset,,0.21260714436471212,1.3326539664377213,0.3952195574028499,0.20885634073413148
synthetic,dataset18,lognormal_3p,boundary_normal_limit,0.0009969423163136398,1.3248456339078603,0.2919911991258984,0.14218788054002035
synthetic,dataset181,lognormal_offset,,0.02232167557804783,1.0427684465143854,0.034486977226723316,0.01207722256799407
synthetic,dataset181,lognormal_3p,boundary_normal_limit,0.0009908423411227967,1.0427561942971815,0.033106020916589325,0.011524307982398469
synthetic,dataset1813,lognormal_offset,,0.25712065130424006,0.6602237143956916,0.30377034973628386,0.16681905368703426
synthetic,dataset1813,lognormal_3p,boundary_guard,2.1012164530960207,2.217903975891416,162.22706687038146,0.23308533524249192
synthetic,dataset1819,lognormal_offset,,0.05908760408676438,0.9980509645766512,0.08871836025575466,0.026151342601527676
synthetic,dataset1819,lognormal_3p,interior,0.06633408443070161,0.9980529869184065,0.0887792537672092,0.026177686487155384
synthetic,dataset1824,lognormal_offset,,0.30858363737143835,0.9631421620262195,0.4644509533628849,0.19352047324566812
synthetic,dataset1824,lognormal_3p,boundary_guard,2.048205355800825,2.774052134060292,182.49915523487795,0.2830787881246541
synthetic,dataset1826,lognormal_offset,,0.4935316579848965,1.1897368214970538,0.889888590937094,0.3191214098293279
synthetic,dataset1826,lognormal_3p,boundary_guard,2.162389085396131,7.787005409955411,718.4146263530995,0.614787047030053
synthetic,dataset1831,lognormal_offset,,0.3127893189176464,1.2776471789813282,0.5730148199377629,0.19226904646410503
synthetic,dataset1831,lognormal_3p,boundary_normal_limit,0.0009976987997658622,1.2758969810092564,0.47943658905135417,0.15548571488827337
synthetic,dataset1835,lognormal_offset,,0.6777420081465307,0.9374066675494008,1.0530311494201772,0.44922940581213233
synthetic,dataset1835,lognormal_3p,boundary_guard,2.5923116817074963,22.81329136643213,2938.689632267318,0.5919134666283133
synthetic,dataset1842,lognormal_offset,,0.5956015713342175,1.5391872818060823,1.358307029091702,0.660430765848019
synthetic,dataset1842,lognormal_3p,boundary_normal_limit,0.0009987877590689946,1.4969075386571233,0.7361557345848627,0.41942628809512583
synthetic,dataset1845,lognormal_offset,,0.15019145765254974,0.8482433558342649,0.20405394520876666,0.1451631886153238
synthetic,dataset1845,lognormal_3p,interior,0.35928374027699056,0.8438532388280026,0.18031869531798664,0.12071466123669196
synthetic,dataset1852,lognormal_offset,,0.03482874053547032,0.9952783177496433,0.05216436959699173,0.03522781147219929
synthetic,dataset1852,lognormal_3p,interior,0.5706837497653602,0.9931965550088686,0.040663106395145136,0.022306651337022844
synthetic,dataset1861,lognormal_offset,,0.05216615286589894,0.9504691717653688,0.07582184691060011,0.028447899657089444
synthetic,dataset1861,lognormal_3p,interior,0.1961445462703703,0.9504295546939462,0.07561583941659185,0.028071674413419886
synthetic,dataset1872,lognormal_offset,,0.016151067752535452,1.0126342330694242,0.024464368967307276,0.012683187832098795
synthetic,dataset1872,lognormal_3p,boundary_normal_limit,0.0009972559072069006,1.0126307528730105,0.02394166324252533,0.012297579721322408
synthetic,dataset1884,lognormal_offset,,0.18107106694813382,0.8710798697337183,0.25090344450483987,0.12105712209768771
synthetic,dataset1884,lognormal_3p,boundary_guard,2.634054791201415,11.781303470186348,1457.0385616082347,0.1941843348080371
synthetic,dataset189,lognormal_offset,,0.3019628763949757,1.0864207757122606,0.4925385065599891,0.24033697633161968
synthetic,dataset189,lognormal_3p,boundary_normal_limit,0.0009985451552958393,1.0791551614065202,0.37924118650833394,0.17323811045865853
synthetic,dataset190,lognormal_offset,,0.12695458741321086,0.9472908495482562,0.18481590150359054,0.08209852556839815
synthetic,dataset190,lognormal_3p,boundary_normal_limit,0.0009988243819140364,0.9468382185999774,0.1738940530919012,0.07520208060858555
synthetic,dataset1928,lognormal_offset,,0.170427212779491,0.8293799657666324,0.22872692279564436,0.13314967463762772
synthetic,dataset1928,lognormal_3p,boundary_guard,2.408817411866442,1.8713310671428889,142.5603238005054,0.12151266651305168
synthetic,dataset1942,lognormal_offset,,0.10196634479296585,0.8249599250875976,0.13567261054586796,0.08993434075087955
synthetic,dataset1942,lognormal_3p,boundary_guard,2.153216529112647,0.8772917876415515,11.71019264939252,0.06129572921553719
synthetic,dataset1946,lognormal_offset,,0.01514652454307777,0.9488216981352714,0.02197470145684652,0.017500995897829698
synthetic,dataset1946,lognormal_3p,interior,0.45626532416776655,0.9477424136198169,0.009473656123067763,0.007915263909939768
synthetic,dataset196,lognormal_offset,,0.40280664799923116,1.1245770532426136,0.6852480002596337,0.2527459735407907
synthetic,dataset196,lognormal_3p,boundary_normal_limit,0.0009983549876731728,1.1219297888540896,0.492060678436366,0.16542567970855204
synthetic,dataset1984,lognormal_offset,,0.09015995113811452,0.8162436338515285,0.11909820900587441,0.0803769543847663
synthetic,dataset1984,lognormal_3p,interior,0.14214329590924024,0.8162159577063371,0.11899232691911446,0.07984550798766707
synthetic,dataset1985,lognormal_offset,,0.1712166408527482,0.778974869333296,0.22108722897103208,0.10257582933071356
synthetic,dataset1985,lognormal_3p,interior,1.1374295534432128,0.7936863076557049,0.8170750991385265,0.07153411412868903
synthetic,dataset1997,lognormal_offset,,0.44799009640878384,0.7887811900040734,0.5923188427218654,0.24911498590310496
synthetic,dataset1997,lognormal_3p,boundary_guard,2.632728642824645,34.72616985390206,4514.0254302070125,0.45443833100396064
synthetic,dataset2006,lognormal_offset,,0.042685060715443215,0.9918864541486371,0.0637969090615585,0.025432869456083865
synthetic,dataset2006,lognormal_3p,boundary_guard,2.1326655167398796,1.350301879646126,38.84007695473441,0.04261615943083097
synthetic,dataset2007,lognormal_offset,,0.013982875256980597,0.948861838297822,0.020286839990700443,0.013229913807384013
synthetic,dataset2007,lognormal_3p,interior,0.24243120788199002,0.9486591277625352,0.016009904230175353,0.011076051752244772
synthetic,dataset2009,lognormal_offset,,0.4818925010764224,1.5177834611475312,1.045063830042542,0.39812233168288486
synthetic,dataset2009,lognormal_3p,boundary_normal_limit,0.0009986253183247174,1.5442651356138608,0.7441674760579,0.32445017259957765
synthetic,dataset201,lognormal_offset,,0.07090588647605596,0.961534741531634,0.10391272512385215,0.041204155972159456
synthetic,dataset201,lognormal_3p,interior,0.36622051417146995,0.9615783823806068,0.10714796189362734,0.03677386448043067
synthetic,dataset2016,lognormal_offset,,0.29672914600687994,1.5254296539796242,0.617548771587806,0.35493398249591573
synthetic,dataset2016,lognormal_3p,boundary_normal_limit,0.000998676614501841,1.516990685867113,0.49485560392257616,0.2888943514220019
synthetic,dataset2017,lognormal_offset,,0.32354147706190844,0.9265305886301739,0.47561198151756584,0.2795939614878169
synthetic,dataset2017,lognormal_3p,boundary_normal_limit,0.0009979443144897324,0.9186139293745498,0.3526466928033041,0.22337148493483452
synthetic,dataset2021,lognormal_offset,,0.11965118445469015,0.8425755185506261,0.16149874494158828,0.10751947598760128
synthetic,dataset2021,lognormal_3p,interior,0.46717813302147404,0.8398736482955663,0.15025626678720624,0.08857801160143122
synthetic,dataset2031,lognormal_offset,,0.27630764055041657,1.1948863119008082,0.4794446314244747,0.16012885042998895
synthetic,dataset2031,lognormal_3p,boundary_normal_limit,0.000998204860936444,1.1944066239090567,0.4235638440357316,0.13867380077022712
synthetic,dataset2032,lognormal_offset,,0.05618570053711231,1.0743661322515135,0.08865055380577637,0.05404701262899698
synthetic,dataset2032,lognormal_3p,boundary_normal_limit,0.000997581172657714,1.0741907375869446,0.07986635846358402,0.04836745498267843
synthetic,dataset2036,lognormal_offset,,0.3541236283241226,0.8735435318687093,0.5022474366554769,0.18174776694331593
synthetic,dataset2036,lognormal_3p,boundary_normal_limit,0.000998443197657185,0.8765425785173083,0.3852842218973621,0.12259474753370087
synthetic,dataset2043,lognormal_offset,,0.11850882639514639,0.9282644245968971,0.17015287575035876,0.04452267910121388
synthetic,dataset2043,lognormal_3p,boundary_guard,2.18291933313159,3.091262210586778,234.1720252525974,0.1650243028347043
synthetic,dataset2048,lognormal_offset,,0.3892088087415617,1.0637934229200936,0.6349653815292025,0.3281608807228904
synthetic,dataset2048,lognormal_3p,boundary_normal_limit,0.0009988466780328188,1.0608407903702424,0.4568384182528465,0.24117181353181075
synthetic,dataset2049,lognormal_offset,,0.5769751767764283,0.9560354228912071,0.8889045136392312,0.4199377159961466
synthetic,dataset2049,lognormal_3p,boundary_guard,2.6038538885381777,23.5544906597838,3026.708964155606,0.5808294612558722
synthetic,dataset2054,lognormal_offset,,0.43232812834251766,0.7738842348978764,0.5642720314240672,0.18523041260819284
synthetic,dataset2054,lognormal_3p,boundary_guard,2.58192462144614,28.19396114514124,3605.85085692042,0.4127973609885469
synthetic,dataset2059,lognormal_offset,,0.23036073341826863,0.8078300962272181,0.306248367989373,0.15803022552188728
synthetic,dataset2059,lognormal_3p,boundary_guard,2.6162803473239085,22.501515432455573,2867.484869482723,0.35184235948617787
synthetic,dataset2060,lognormal_offset,,0.0875032169728208,0.9280827050775033,0.125393505705082,0.04684913111998106
synthetic,dataset2060,lognormal_3p,boundary_guard,2.560455203939747,6.7900046433231065,766.6328479260461,0.11266894680883534
synthetic,dataset2081,lognormal_offset,,0.28120754301225054,0.8228050113875982,0.38068640559535866,0.2067399129244211
synthetic,dataset2081,lognormal_3p,boundary_guard,2.077306589042941,1.8139561762996965,108.77827919859897,0.19212782599914596
synthetic,dataset2087,lognormal_offset,,0.18535849915870786,0.9462367166653491,0.27104970011608837,0.13583515969079676
synthetic,dataset2087,lognormal_3p,boundary_normal_limit,0.0009987143008737874,0.9449267321336825,0.24687489733080425,0.12232332266923265
synthetic,dataset2090,lognormal_offset,,0.11733071179096352,1.1686624972644892,0.19680042847678897,0.09191734143881247
synthetic,dataset2090,lognormal_3p,boundary_normal_limit,0.0009967266150093257,1.1678446800784046,0.17835729696784505,0.08481026459240823
synthetic,dataset2092,lognormal_offset,,0.4977278779588308,0.7931010267259699,0.6591943276217319,0.23139403457303379
synthetic,dataset2092,lognormal_3p,boundary_guard,2.589338106513183,34.68768561746085,4464.005616735204,0.46814365283364767
synthetic,dataset2097,lognormal_offset,,0.0102375184783032,0.9737753468452798,0.015107964481346643,0.009293073768066252
synthetic,dataset2097,lognormal_3p,boundary_guard,2.1311783967497613,1.009061410835318,3.977893060004397,0.007467209257719042
synthetic,dataset2113,lognormal_offset,,0.362721710567843,1.3751449862310114,0.7083313082584918,0.29057721753104576
synthetic,dataset2113,lognormal_3p,boundary_normal_limit,0.0009987074749310699,1.3799780437895637,0.5705063514980011,0.22409276886799753
synthetic,dataset2124,lognormal_offset,,0.2641844917445299,0.45438449105302664,0.25224159373052035,0.14931178956665503
synthetic,dataset2124,lognormal_3p,boundary_guard,2.1580895687949853,0.5952240369766727,27.870202246052788,0.10772446008265468
synthetic,dataset2128,lognormal_offset,,0.09980517324726242,1.2481757870770374,0.17519325260330562,0.13172236870424553
synthetic,dataset2128,lognormal_3p,boundary_normal_limit,0.000998228230092007,1.247365283170593,0.15160511831130605,0.11627262222932871
synthetic,dataset2134,lognormal_offset,,0.05730724222884706,0.9149772953068684,0.08126889430565852,0.034963853384520266
synthetic,dataset2134,lognormal_3p,interior,0.35439456665866664,0.9147980072418357,0.0806904702398625,0.031269743367167147
synthetic,dataset2137,lognormal_offset,,0.03387575360363302,1.0195316766118274,0.05155905495427706,0.020534758117837157
synthetic,dataset2137,lognormal_3p,boundary_normal_limit,0.0009984014676715244,1.0195169613559958,0.05047108550537433,0.019746669175415767
synthetic,dataset2152,lognormal_offset,,0.505841987155766,0.7305451036154568,0.6286270468306984,0.2376540726221693
synthetic,dataset2152,lognormal_3p,boundary_guard,2.4423451691542497,10.68899902432939,1281.8221864756133,0.33711392938272683
synthetic,dataset2153,lognormal_offset,,0.28025576989660145,0.6860222628215653,0.3391834787049814,0.16792155429714467
synthetic,dataset2153,lognormal_3p,boundary_guard,2.5652710159548735,7.661922140882217,928.7535530906946,0.2604935748397502
synthetic,dataset2162,lognormal_offset,,0.1332596701300878,0.974687862260902,0.1977590271486697,0.087391482457984
synthetic,dataset2162,lognormal_3p,interior,0.7876006486506476,0.9849884021524935,0.32663902961839186,0.09950977865544926
synthetic,dataset2167,lognormal_offset,,0.17241976406632067,0.8508062499124828,0.23517746520343327,0.12644579036437925
synthetic,dataset2167,lognormal_3p,interior,0.31809342822494685,0.8502724566139264,0.23693219721633915,0.11777822882519193
synthetic,dataset2175,lognormal_offset,,0.4165590533165032,1.2351108762493945,0.7606079234147584,0.31213236724638443
synthetic,dataset2175,lognormal_3p,boundary_normal_limit,0.0009987390908269324,1.2506319364533236,0.5755776034478673,0.23862765288548632
synthetic,dataset2178,lognormal_offset,,0.12647693930620812,1.087894384324902,0.20200083542721,0.1108489345751638
synthetic,dataset2178,lognormal_3p,boundary_normal_limit,0.0009986421949834954,1.0872733528769147,0.18713735362776696,0.10210157515951088
synthetic,dataset2183,lognormal_offset,,0.2955288079732636,1.7652782438212824,0.6877445355573852,0.4665119423374154
synthetic,dataset2183,lognormal_3p,boundary_normal_limit,0.0009982217286941,1.745067294346737,0.4711865789640641,0.3378873712154977
synthetic,dataset2189,lognormal_offset,,0.3875320463556301,0.9876355200772892,0.5999014489105092,0.15126389912166235
synthetic,dataset2189,lognormal_3p,interior,0.8282612016775402,1.0186081469336614,1.029879975823832,0.16385051411402332
synthetic,dataset2193,lognormal_offset,,0.12099703533636039,1.0935672272611463,0.1938645390952117,0.10250008555841991
synthetic,dataset2193,lognormal_3p,interior,0.9909340117316544,1.1223769093451013,0.6126330325725027,0.14125354708202797
synthetic,dataset2201,lognormal_offset,,0.1309794929689817,0.9480900908053455,0.19083674760893382,0.09086619600328447
synthetic,dataset2201,lognormal_3p,boundary_normal_limit,0.0009968569566633967,0.9477781048712957,0.18461796897971042,0.08983874037267195
synthetic,dataset2206,lognormal_offset,,0.23399612905785072,1.5140894810137668,0.47939493430155533,0.2565595477944685
synthetic,dataset2206,lognormal_3p,boundary_normal_limit,0.0009982078273470462,1.508904312854171,0.4047729608447752,0.21240365811494166
synthetic,dataset221,lognormal_offset,,0.05515423618820277,0.9764086608284771,0.08160587577430665,0.02724275823343928
synthetic,dataset221,lognormal_3p,interior,0.522946685914803,0.9776828358504176,0.09658082370711278,0.027695033237060393
synthetic,dataset2227,lognormal_offset,,0.3653603234545513,0.8222082383559938,0.4978825214882279,0.23865728450671064
synthetic,dataset2227,lognormal_3p,boundary_guard,2.6159650008257547,33.28887693819914,4293.105926131165,0.4763314773787513
synthetic,dataset224,lognormal_offset,,0.37735234918341365,0.8828754233419815,0.5400102500164223,0.26802279983564625
synthetic,dataset224,lognormal_3p,boundary_guard,2.610784036805825,37.521622292566256,4835.856576587551,0.49178777954569836
synthetic,dataset2241,lognormal_offset,,0.18290445070054934,0.9133164545458788,0.2613036881233918,0.16492315186140635
synthetic,dataset2241,lognormal_3p,boundary_guard,1.5841234089192684,0.9093789124169918,3.762271018458405,0.11837870953619853
synthetic,dataset2250,lognormal_offset,,0.16233819324771512,0.7936292111700028,0.2118488428351765,0.08552060256605692
synthetic,dataset2250,lognormal_3p,boundary_guard,2.474688906636195,5.565371843555133,613.0693218885882,0.13196587052134687
synthetic,dataset2252,lognormal_offset,,0.27691212657719955,0.7228981578095757,0.34584328016318894,0.13759884353596502
synthetic,dataset2252,lognormal_3p,interior,0.2258450282756342,0.7231667655825974,0.33746353350867775,0.13596647130310932
synthetic,dataset226,lognormal_offset,,0.24019122452013042,1.3498222979760155,0.4523406035983461,0.3378122530377234
synthetic,dataset226,lognormal_3p,boundary_normal_limit,0.000997873851823351,1.336449323712148,0.2876064605048972,0.22908390183184157
synthetic,dataset2267,lognormal_offset,,0.35668369672861805,0.8525542628001664,0.4977973141968185,0.3079298846525028
synthetic,dataset2267,lognormal_3p,boundary_guard,2.1624825249773236,1.33779893073198,76.02063972323538,0.2312255406462156
synthetic,dataset2268,lognormal_offset,,0.3538871244424084,1.1959252210160938,0.6233562411924497,0.37170119380953054
synthetic,dataset2268,lognormal_3p,boundary_normal_limit,0.000998165177940372,1.1708956999381082,0.38924225115733113,0.22605761611625275
synthetic,dataset2271,lognormal_offset,,0.24509967906480096,1.8281691086242662,0.5813752325496666,0.3514577923698953
synthetic,dataset2271,lognormal_3p,boundary_normal_limit,0.000997082185967034,1.8120185965974385,0.39325741306311074,0.23141189554896907
synthetic,dataset2279,lognormal_offset,,0.3730364840203544,0.950693587275815,0.5614348070324299,0.1953212037543083
synthetic,dataset2279,lognormal_3p,boundary_normal_limit,0.0009987120420155906,0.9670511621980045,0.4486469889454826,0.14812860632876976
synthetic,dataset2284,lognormal_offset,,0.009195867779000328,0.9670922545645633,0.013509138742033732,0.011007255026017942
synthetic,dataset2284,lognormal_3p,interior,0.18530103739593567,0.9668813373634809,0.008556876924026995,0.007445724022494766
synthetic,dataset2288,lognormal_offset,,0.509441417325307,1.0194148936296055,0.8181452579650935,0.33355441840425404
synthetic,dataset2288,lognormal_3p,boundary_guard,2.1923401701782694,7.301893473446259,703.7611706197497,0.5318207556155543
synthetic,dataset23,lognormal_offset,,0.15059041147500143,1.1891846057589537,0.2563427253588809,0.15556454184300433
synthetic,dataset23,lognormal_3p,boundary_normal_limit,0.0009959748740368736,1.1849212698484448,0.17933858885763848,0.10095991732626394
synthetic,dataset230,lognormal_offset,,0.44915560974745083,1.0927691608722292,0.7539128313386865,0.3711739987297077
synthetic,dataset230,lognormal_3p,boundary_normal_limit,0.000998859703878538,1.088461070926487,0.5054575739786212,0.2616666070727077
synthetic,dataset2308,lognormal_offset,,0.07199377488312153,1.3355087323222345,0.13250968369008986,0.09013362712704098
synthetic,dataset2308,lognormal_3p,boundary_normal_limit,0.000993275969384482,1.3352498964494313,0.12347832358640293,0.08663876431372863
synthetic,dataset234,lognormal_offset,,0.3367808228061468,0.8345613102742113,0.4627497088268474,0.11540703583472363
synthetic,dataset234,lognormal_3p,interior,0.489629806534277,0.8352059234790146,0.5059095355492484,0.1037481172321224
synthetic,dataset2343,lognormal_offset,,0.074810176513195,1.0340325533644201,0.11509111514441407,0.05960001410753753
synthetic,dataset2343,lognormal_3p,boundary_normal_limit,0.0009980237095760325,1.0339476195211112,0.11198564801359912,0.05746520141897746
synthetic,dataset2359,lognormal_offset,,0.14928636215672597,1.1764550367729711,0.25217966266889913,0.17472159435969872
synthetic,dataset2359,lognormal_3p,boundary_normal_limit,0.000998342508292857,1.1742023588469714,0.2073361254202412,0.1456212591051296
synthetic,dataset2363,lognormal_offset,,0.4970729345716062,0.6675614134107205,0.5768394039537345,0.2732798716097427
synthetic,dataset2363,lognormal_3p,boundary_guard,2.069539153117753,2.0460765491011577,159.79187969834894,0.30809349998399643
synthetic,dataset2375,lognormal_offset,,0.18764347677808962,0.9972838894945458,0.2841481939895165,0.1529826586805733
synthetic,dataset2375,lognormal_3p,boundary_guard,2.4994871637380736,19.177973415906035,2320.026127807923,0.3371452915272338
synthetic,dataset2376,lognormal_offset,,0.11675338763389603,0.9125465451944278,0.16576829904008378,0.06615635494409287
synthetic,dataset2376,lognormal_3p,interior,1.2047040516830305,0.9426560459082869,1.0133327577776368,0.07626853181960552
synthetic,dataset2398,lognormal_offset,,0.5154899271965886,1.1131692984302988,0.8867886710641975,0.4902495830249047
synthetic,dataset2398,lognormal_3p,boundary_normal_limit,0.0009988321791120746,1.0839622590205715,0.5218848951638628,0.32959738633374625
synthetic,dataset2406,lognormal_offset,,0.3608222731203306,0.5649331457916973,0.3832357450222116,0.1788045667028758
synthetic,dataset2406,lognormal_3p,boundary_guard,2.537415596169044,6.181340345115119,752.5266390912518,0.23164303865359387
synthetic,dataset2411,lognormal_offset,,0.21983994082249178,0.49543240936670746,0.2213525424687306,0.11808163178162627
synthetic,dataset2411,lognormal_3p,boundary_guard,2.520121489088046,3.2390355658922267,366.7640024234765,0.1868041579492359
synthetic,dataset242,lognormal_offset,,0.27141427705811444,0.6591575746009929,0.3206096148046163,0.18275473599622663
synthetic,dataset242,lognormal_3p,boundary_guard,2.3737747515209295,1.7862693417502118,156.55369525723086,0.1687179648133021
synthetic,dataset2431,lognormal_offset,,0.44799629375675915,0.9642802369731014,0.6858551074850202,0.18284934829227611
synthetic,dataset2431,lognormal_3p,interior,0.18789548788913116,0.977472186306466,0.5651863414286371,0.15617964075912957
synthetic,dataset2434,lognormal_offset,,0.30151543010919746,0.97063892753696,0.4556606980733535,0.1677361875487829
synthetic,dataset2434,lognormal_3p,boundary_guard,2.314406164284347,6.67251189203086,686.7055995171562,0.2858351971171174
synthetic,dataset2436,lognormal_offset,,0.2468278537414064,1.134565099652989,0.4111324052140538,0.17700659502663368
synthetic,dataset2436,lognormal_3p,boundary_normal_limit,0.0009983390364242998,1.132635404296398,0.36560115863323495,0.15404742723095355
synthetic,dataset244,lognormal_offset,,0.25026402299036843,0.9521069814533744,0.37048596783955506,0.10358589543827014
synthetic,dataset244,lognormal_3p,interior,1.1384587219029176,1.0338347394609064,1.9471496912571034,0.15281295695000235
synthetic,dataset2448,lognormal_offset,,0.2988501187600087,0.5076890970894099,0.3015995133892155,0.12118731654242566
synthetic,dataset2448,lognormal_3p,boundary_guard,2.4068591083924633,5.229457049203586,596.757658416868,0.2901600274296563
synthetic,dataset2453,lognormal_offset,,0.19519803568665559,1.0966503846118711,0.31547157625187955,0.09398459154710861
synthetic,dataset2453,lognormal_3p,boundary_normal_limit,0.0009983363096423,1.095728841976055,0.296824362585495,0.08490126400331341
synthetic,dataset247,lognormal_offset,,0.028370611594788334,0.9828755100942619,0.042134525689573814,0.025293171663207673
synthetic,dataset247,lognormal_3p,boundary_guard,2.2959505303774663,1.064065103223761,11.542685931424746,0.01717333229783076
synthetic,dataset2470,lognormal_offset,,0.14442125283934448,0.8644313063856076,0.19847397857586943,0.07608784411671012
synthetic,dataset2470,lognormal_3p,interior,0.3640033469709043,0.8648048178101087,0.20778957566940753,0.0774430851335196
synthetic,dataset2476,lognormal_offset,,0.014707139481862882,1.0089711584526926,0.02222299619466694,0.010528118332308255
synthetic,dataset2476,lognormal_3p,boundary_normal_limit,0.0009987478932011312,1.0089700626954752,0.02208811164170585,0.01042624637156403
synthetic,dataset2499,lognormal_offset,,0.01853398944707,0.9897710441675344,0.027650137690807444,0.0157343367107797
synthetic,dataset2499,lognormal_3p,boundary_guard,2.3553649914015327,1.1414808528339868,19.666658870570412,0.013642366540303619
synthetic,dataset2500,lognormal_offset,,0.05815416331619532,1.0158607217986775,0.08835219779373585,0.02377172135619083
synthetic,dataset2500,lognormal_3p,boundary_normal_limit,0.0009982738160823714,1.0158406435605374,0.08761703898774602,0.02336748580868294
synthetic,dataset2501,lognormal_offset,,0.06776569915879525,1.008625694149954,0.10249808571745886,0.02933404977561037
synthetic,dataset2501,lognormal_3p,interior,0.23551931676788898,1.0086696491242908,0.10428459313073103,0.02669071405397224
synthetic,dataset2503,lognormal_offset,,0.3333959214972018,1.048941555690813,0.5337504991482341,0.14322753068463945
synthetic,dataset2503,lognormal_3p,boundary_normal_limit,0.000997835715779098,1.0500018830738183,0.42865200893629174,0.07512825158375405
synthetic,dataset2506,lognormal_offset,,0.4303633119980876,0.985473522338704,0.6682900767826856,0.08362734267111681
synthetic,dataset2506,lognormal_3p,interior,0.5612647350202269,0.9840650229104619,0.7478652182484546,0.06999366241219022
synthetic,dataset2509,lognormal_offset,,0.5399044090930173,1.2235335776700953,1.0050989612142216,0.20972768847286757
synthetic,dataset2509,lognormal_3p,interior,1.4010663620907533,1.6802341835191599,16.960798653134674,0.42483396428104736
synthetic,dataset253,lognormal_offset,,0.32531868315995216,1.1245645696757733,0.5457384854366949,0.22750696506511162
synthetic,dataset253,lognormal_3p,boundary_normal_limit,0.0009982109801340913,1.1132586094244412,0.3989767831759843,0.1559302899904778
synthetic,dataset2530,lognormal_offset,,0.10389197727608948,1.0459336638810677,0.1613072878047541,0.05031357129733056
synthetic,dataset2530,lognormal_3p,interior,0.1846687723629801,1.0459536374270904,0.16261583209788774,0.04784197401312399
synthetic,dataset2535,lognormal_offset,,0.7009187415128911,1.4294649645454058,1.5866876085233679,0.4584332174557818
synthetic,dataset2535,lognormal_3p,interior,1.1332780556308977,1.5284707584763675,5.683563478532478,0.49552809318211
synthetic,dataset2543,lognormal_offset,,0.14254312991234133,0.9950486408769718,0.21461282137062374,0.07583708548040778
synthetic,dataset2543,lognormal_3p,interior,0.3203240817561786,0.995002502160156,0.2195536881460509,0.07347842154415023
synthetic,dataset2550,lognormal_offset,,0.5088597172827699,0.9824511618953661,0.794286859069767,0.10530874898685648
synthetic,dataset2550,lognormal_3p,interior,0.6609277195135401,0.983220668243838,0.9558421560598166,0.11926106583925594
synthetic,dataset256,lognormal_offset,,0.371272712092175,1.2402011281440875,0.6736224975913132,0.28107704454828547
synthetic,dataset256,lognormal_3p,boundary_normal_limit,0.0009986003429040258,1.2441862316471224,0.5255987343754874,0.20821588245293793
synthetic,dataset2569,lognormal_offset,,0.07404370329322425,0.9827750798966598,0.11010221688766025,0.04122875408616704
synthetic,dataset2569,lognormal_3p,interior,0.03574289522696833,0.982736348070399,0.10912188858239263,0.04123580030139319
synthetic,dataset257,lognormal_offset,,0.19879345798799375,0.9014083916034359,0.28210009597639607,0.13663561713616648
synthetic,dataset257,lognormal_3p,boundary_guard,2.6134124203794573,10.239803402873136,1246.2535844506351,0.20719480398183726
synthetic,dataset2576,lognormal_offset,,0.10188121076477366,0.9577405630921634,0.1491436609511146,0.01890655408011227
synthetic,dataset2576,lognormal_3p,interior,0.15999320817779233,0.9578050015440711,0.15064577776012542,0.019740898243645548
synthetic,dataset2577,lognormal_offset,,0.3462586992760917,0.9747525906244331,0.5283164804267911,0.11502952398007218
synthetic,dataset2577,lognormal_3p,interior,0.38810960166735586,0.9750037582725185,0.5413931293730698,0.11208910848998217
synthetic,dataset2578,lognormal_offset,,0.26367403170427856,0.9377933219340798,0.38725293692340207,0.0940536988663227
synthetic,dataset2578,lognormal_3p,interior,0.4913559799615484,0.9405875349113019,0.4298673621501656,0.08638515096904745
synthetic,dataset2579,lognormal_offset,,0.6539352138070944,1.5789234626835196,1.566766218279495,0.36071551620515846
synthetic,dataset2579,lognormal_3p,boundary_guard,1.0057411012372162,1.6020251998898911,3.444738498902526,0.33248354776519484
synthetic,dataset2580,lognormal_offset,,0.26015781425080814,0.5885340950759174,0.2876515432567868,0.17261705473288413
synthetic,dataset2580,lognormal_3p,interior,0.2836131919785752,0.5883158612247598,0.29047893939237873,0.17246141982348512
synthetic,dataset2585,lognormal_offset,,0.3762037609926064,1.3579713718505038,0.7300743092380994,0.29218202154618994
synthetic,dataset2585,lognormal_3p,boundary_normal_limit,0.0009986561652385035,1.3663163435568981,0.5824153000974283,0.22873743868682705
synthetic,dataset2587,lognormal_offset,,0.35731106048157946,1.0383697971352805,0.5702911125505368,0.19265478159771088
synthetic,dataset2587,lognormal_3p,boundary_guard,2.0965002607038556,5.148157229606892,415.52620116153327,0.42397515988760576
synthetic,dataset2602,lognormal_offset,,0.7084487144009146,1.0100606433622707,1.1904950002385866,0.845820738560329
synthetic,dataset2602,lognormal_3p,boundary_guard,1.3665703106857128,0.9764424848927564,9.36418060116084,0.5836058561798935
synthetic,dataset2604,lognormal_offset,,0.258604308847705,0.9173613566060604,0.37411398363897813,0.18218861258512364
synthetic,dataset2604,lognormal_3p,interior,0.869054138981496,0.9124642348165177,0.5677445649996763,0.13563810411914143
synthetic,dataset2606,lognormal_offset,,0.14503798076894947,0.9769416624795056,0.2157684879240089,0.04694337013210169
synthetic,dataset2606,lognormal_3p,interior,0.26556273307098516,0.9770748706715154,0.22035228646506444,0.04495396380995008
synthetic,dataset2613,lognormal_offset,,0.4276966917053931,1.306096503013078,0.8158616443801924,0.2827964261834551
synthetic,dataset2613,lognormal_3p,interior,0.7486357503492429,1.3087342779885123,1.0589539435790525,0.21884254983796309
synthetic,dataset2620,lognormal_offset,,0.23221781064671287,1.0133808232146306,0.35736939778955146,0.0886488142289847
synthetic,dataset2620,lognormal_3p,interior,0.36121503865649807,1.0141146030041428,0.37190550444752135,0.08213299141258568
synthetic,dataset2639,lognormal_offset,,0.3577509303088467,1.3831750164516183,0.700862980771839,0.2228942085779661
synthetic,dataset2639,lognormal_3p,interior,0.5295447652337278,1.3837518024164104,0.7575801642496315,0.20893581439922904
synthetic,dataset265,lognormal_offset,,0.3349690394052204,0.8292466947950687,0.45827229658315344,0.21971612017595077
synthetic,dataset265,lognormal_3p,boundary_guard,2.2398590738883994,3.828033141360287,354.04018857041183,0.2581426046358323
synthetic,dataset2652,lognormal_offset,,0.35409904505049294,1.295642995582051,0.6607623089548489,0.12030438324834254
synthetic,dataset2652,lognormal_3p,interior,0.4834283287343562,1.3000965233874076,0.7150815112445994,0.10936840336440543
synthetic,dataset2662,lognormal_offset,,0.35004725042614004,0.6996588874531002,0.42869880358430995,0.11312608899735853
synthetic,dataset2662,lognormal_3p,interior,0.6091051075494875,0.6987895631699016,0.5188065635424792,0.09665806410146498
synthetic,dataset2663,lognormal_offset,,0.09442346948833483,1.0006207518685972,0.1422336353353037,0.03898476798705145
synthetic,dataset2663,lognormal_3p,boundary_normal_limit,0.0009984997624370813,1.0005551786800757,0.14043372813100932,0.03821932626258208
synthetic,dataset2670,lognormal_offset,,0.029038533613097176,1.002197730692175,0.04368890354376176,0.008352869707601903
synthetic,dataset2670,lognormal_3p,interior,0.17872056102927447,1.002211120638362,0.044061378461504395,0.00727264294500952
synthetic,dataset2685,lognormal_offset,,0.2187474060817611,1.0330934991859346,0.34041706577183467,0.046444103952317156
synthetic,dataset2685,lognormal_3p,interior,0.23585393124237852,1.033235376355146,0.3424439546957327,0.046853657675463095
synthetic,dataset2686,lognormal_offset,,0.09235206742429024,0.9655059219024192,0.1358433362525121,0.04321378228384139
synthetic,dataset2686,lognormal_3p,boundary_guard,1.7660615364429082,1.1943633743468074,15.78177742076189,0.08873353392640121
synthetic,dataset2702,lognormal_offset,,0.4451647615954511,1.0817933701615319,0.7412382295733976,0.11638210723648336
synthetic,dataset2702,lognormal_3p,interior,0.38776308446345625,1.082978392387361,0.7069126838348574,0.11229998094150125
synthetic,dataset272,lognormal_offset,,0.11187996452642307,1.0846058242700092,0.1781418585863702,0.12949350782859298
synthetic,dataset272,lognormal_3p,boundary_normal_limit,0.0009983821319712153,1.0836920773717096,0.15422437807319855,0.11394863302872366
synthetic,dataset273,lognormal_offset,,0.5865598414011517,1.0165843164738686,0.9514201830829002,0.4639983376687475
synthetic,dataset273,lognormal_3p,interior,0.9293532497723012,0.9752791867516901,1.6982334212450638,0.4412488630935672
synthetic,dataset2734,lognormal_offset,,0.5127623633229557,1.3628862402900124,1.0315656533381035,0.4942318481234185
synthetic,dataset2734,lognormal_3p,interior,0.8496159329499081,1.3654846625365695,1.559682982641263,0.4403175492164543
synthetic,dataset2749,lognormal_offset,,0.21018909125436913,0.8254292923133221,0.28247473969699194,0.08383373294118415
synthetic,dataset2749,lognormal_3p,interior,0.09018204260821688,0.8248475586665701,0.2712495429225738,0.08354159172258113
synthetic,dataset2754,lognormal_offset,,0.3684024532053501,0.7358907962311524,0.466044696730489,0.05927777204036651
synthetic,dataset2754,lognormal_3p,interior,0.47231656316504306,0.7338008333921986,0.5044066434843901,0.0636332117148331
synthetic,dataset2760,lognormal_offset,,0.5598209906619714,0.9710560237208656,0.8711404314961363,0.34545117054616065
synthetic,dataset2760,lognormal_3p,interior,0.9652139040271663,0.9455837628831965,1.7800371608720134,0.24513167556059615
synthetic,dataset277,lognormal_offset,,0.16312610836861843,1.0451580166171826,0.25429183087205304,0.09373249595705871
synthetic,dataset277,lognormal_3p,boundary_normal_limit,0.0009971674306689469,1.0443989274846197,0.2413863892299196,0.09261235419252443
synthetic,dataset2774,lognormal_offset,,0.4433961625228187,1.1839214395257414,0.7888951899317387,0.19758718513145024
synthetic,dataset2774,lognormal_3p,interior,0.5241367483426468,1.1844907798770485,0.8447801466789642,0.19622804307796604
synthetic,dataset2784,lognormal_offset,,0.3628086512780209,1.6187476238573246,0.8009090737095723,0.3306044013657376
synthetic,dataset2784,lognormal_3p,boundary_normal_limit,0.0009979264883445884,1.6053427095220267,0.6024197400683174,0.24387083134825188
synthetic,dataset2797,lognormal_offset,,0.4431106135918701,1.0736469073205595,0.7335143173573616,0.18170335065426824
synthetic,dataset2797,lognormal_3p,interior,0.6622317234379476,1.0793187578157108,0.9109337403459196,0.18385280303239804
synthetic,dataset2817,lognormal_offset,,0.06962599055269797,1.0446964643148116,0.10783753629017809,0.035583928337439966
synthetic,dataset2817,lognormal_3p,boundary_normal_limit,0.0009974446248671033,1.044560072797501,0.10244820825518283,0.031321855648679335
synthetic,dataset2821,lognormal_offset,,0.4237855872055623,1.2022750544437646,0.7597403732924298,0.11583152240074049
synthetic,dataset2821,lognormal_3p,interior,0.3952327934467228,1.2021816660846203,0.7430536302782735,0.11408583598258752
synthetic,dataset2826,lognormal_offset,,0.1979345217122818,0.9462946043693243,0.28985198588772604,0.10176158930443653
synthetic,dataset2826,lognormal_3p,interior,0.21116560284930244,0.9463740997283637,0.2910317191083041,0.10219716492835418
synthetic,dataset2846,lognormal_offset,,0.4597499195399056,1.1557796471273096,0.8058970000455619,0.19056312727381777
synthetic,dataset2846,lognormal_3p,interior,0.240596332892679,1.163994192475606,0.6799567378255822,0.15250428014574188
synthetic,dataset2849,lognormal_offset,,0.32159266772321904,0.7837879188499695,0.4237930047319825,0.13177298501922918
synthetic,dataset2849,lognormal_3p,interior,0.5163651206675514,0.7804792570729062,0.4524631236609963,0.10511173173140922
synthetic,dataset2869,lognormal_offset,,0.11875022847185922,1.1394779838398226,0.19571632886020993,0.07629298439625064
synthetic,dataset2869,lognormal_3p,boundary_normal_limit,0.0009980551718464462,1.1392018321068165,0.18876021877170393,0.07322722470519073
synthetic,dataset2872,lognormal_offset,,0.3002039279918333,1.2261673943823088,0.5327536680287192,0.21942630302665994
synthetic,dataset2872,lognormal_3p,boundary_guard,1.7846240854483701,2.215771711893537,70.1395114365467,0.4164684380678051
synthetic,dataset2890,lognormal_offset,,0.5359413610543675,1.4298916759271771,1.127240696272043,0.33261921156732793
synthetic,dataset2890,lognormal_3p,interior,0.79971650992929,1.4542209465385816,1.648426704177857,0.3736362881410001
synthetic,dataset2892,lognormal_offset,,0.2913564927849521,0.9386233109488148,0.4299641596041771,0.10428496961228935
synthetic,dataset2892,lognormal_3p,interior,0.5220786189915013,0.9421937169594411,0.48363645555571527,0.08658496000920118
synthetic,dataset2898,lognormal_offset,,0.3773564357293718,1.021228873372219,0.5971582386839169,0.12138652711069073
synthetic,dataset2898,lognormal_3p,interior,0.4661032307853502,1.0215224843010913,0.6318738440287125,0.11021573428505341
synthetic,dataset2919,lognormal_offset,,0.14502984315415865,0.9970401333507393,0.21869228382499878,0.03850594210949137
synthetic,dataset2919,lognormal_3p,interior,0.03502401167678545,0.9967621457863123,0.21329675152777222,0.03493736421556127
synthetic,dataset2929,lognormal_offset,,0.4295418054223103,0.8474509925711929,0.598412021729694,0.20567811276263884
synthetic,dataset2929,lognormal_3p,interior,0.6636117665464146,0.8352150705041436,0.7185324514323194,0.1648912870216417
synthetic,dataset2930,lognormal_offset,,0.4364655836140635,0.7987303815189097,0.5826555834281785,0.14381204476275683
synthetic,dataset2930,lognormal_3p,interior,0.9477173989540344,0.8292154310806065,1.370829227382944,0.21751935087486984
synthetic,dataset2932,lognormal_offset,,0.4991984733818114,1.1667809552579613,0.8877647775312193,0.12367470598054565
synthetic,dataset2932,lognormal_3p,interior,0.6164148723006546,1.1674487753993228,1.0086516329234338,0.12414421880498377
synthetic,dataset2933,lognormal_offset,,0.38973389967946576,0.9326786367840824,0.5798261993702951,0.11831738586740086
synthetic,dataset2933,lognormal_3p,interior,0.542120883042101,0.9328517542187232,0.6490177580595539,0.09547993587693568
synthetic,dataset2936,lognormal_offset,,0.3896406283893924,0.7191047172618502,0.48457237726640745,0.1670221135096855
synthetic,dataset2936,lognormal_3p,interior,0.31632747842214026,0.7222953496312927,0.4592012951979587,0.15957842728310762
synthetic,dataset2948,lognormal_offset,,0.27252806005646124,0.9891997060247631,0.4151696657075793,0.06413024210256298
synthetic,dataset2948,lognormal_3p,interior,0.1964213754247701,0.9885660721723654,0.4018625728487375,0.06071923436900103
synthetic,dataset2949,lognormal_offset,,0.29990424910932484,1.0981540279036373,0.49263578760472304,0.12123969542724099
synthetic,dataset2949,lognormal_3p,boundary_normal_limit,0.0009976516563114715,1.0983881788486223,0.4180292052530983,0.0840397634699098
synthetic,dataset2958,lognormal_offset,,0.23906755795016865,0.8482430976130504,0.3280420867683134,0.17794516730094487
synthetic,dataset2958,lognormal_3p,interior,0.2868696983661956,0.8482083554759684,0.33058744856896755,0.17369740856113658
synthetic,dataset296,lognormal_offset,,0.48460654714043644,0.7295139742557697,0.6028353022944694,0.1772102363842357
synthetic,dataset296,lognormal_3p,interior,0.34919548030496295,0.7320899913984367,0.5326352249614876,0.1643662826388235
synthetic,dataset2972,lognormal_offset,,0.29165731463546307,0.6576636076897906,0.3442082710945736,0.14189667168015418
synthetic,dataset2972,lognormal_3p,interior,0.8670610569646929,0.6664875220596806,0.5882991337323625,0.11104828525779384
synthetic,dataset3010,lognormal_offset,,0.32703895242094294,1.0021110303011256,0.5069826259887668,0.13684171730590264
synthetic,dataset3010,lognormal_3p,interior,0.4943646823930015,1.0067594846949248,0.5637386796837827,0.13494424038341538
synthetic,dataset3017,lognormal_offset,,0.24540250520042642,0.7188690232491846,0.30451431106054894,0.10101544388106955
synthetic,dataset3017,lognormal_3p,boundary_guard,1.805537751438554,1.1021690739899386,30.885867502971347,0.15839893093787089
synthetic,dataset3019,lognormal_offset,,0.032130445072052365,0.9916532779910927,0.048003941506195524,0.0131976144612499
synthetic,dataset3019,lognormal_3p,interior,0.32524055141493924,0.9917008337440729,0.049258236794667315,0.010616087802614747
synthetic,dataset3021,lognormal_offset,,0.1931432624828686,1.0652800641758706,0.30594604811999426,0.06515232364095633
synthetic,dataset3021,lognormal_3p,interior,0.19380726310515886,1.0652843268345855,0.30600868299771966,0.0651676017675824
synthetic,dataset3023,lognormal_offset,,0.37086328737079344,0.7678435698911502,0.48269251879261665,0.11217872188248379
synthetic,dataset3023,lognormal_3p,interior,0.5962105050231318,0.7687499826025506,0.5832429690342481,0.1287056783053047
synthetic,dataset3030,lognormal_offset,,0.475652280389487,1.1023533827378689,0.8068622454193473,0.16917254870625553
synthetic,dataset3030,lognormal_3p,interior,0.7144281957009245,1.1030779343662125,1.0381221831189318,0.12195869994480923
synthetic,dataset3034,lognormal_offset,,0.04940442286731798,0.9845057165969453,0.07348703312312557,0.0076146054583860695
synthetic,dataset3034,lognormal_3p,interior,0.14340133547116085,0.9845190665382003,0.073946072917866,0.007172285454794804
synthetic,dataset3039,lognormal_offset,,0.23058900659471043,0.9953703396299209,0.35056028712265797,0.06841597218816332
synthetic,dataset3039,lognormal_3p,boundary_normal_limit,0.000998077680126633,0.9948180051644493,0.323729889612284,0.053200044153100715
synthetic,dataset3051,lognormal_offset,,0.4777113937391787,1.2209326525361999,0.8756923518965736,0.260460109183499
synthetic,dataset3051,lognormal_3p,interior,0.6754759084118417,1.2300083700036242,1.0912286194957441,0.2872246424669482
synthetic,dataset3065,lognormal_offset,,0.002445167686188902,0.9998074706199511,0.0036720803105448076,0.0006905649741024809
synthetic,dataset3065,lognormal_3p,interior,0.0758395489106547,0.9998078156345077,0.0036728623625891504,0.0006858621667373019
synthetic,dataset3066,lognormal_offset,,0.1068913542578047,0.9857602689072383,0.15953276632627636,0.06466228604029364
synthetic,dataset3066,lognormal_3p,interior,0.07976089199355514,0.9857211412738583,0.15870157720648223,0.06448862025982441
synthetic,dataset3071,lognormal_offset,,0.4211114693981801,1.0664970738411124,0.6915373605295301,0.13939566940562473
synthetic,dataset3071,lognormal_3p,interior,0.22141112360044524,1.075320463686542,0.6025673568747799,0.10930921911553726
synthetic,dataset3079,lognormal_offset,,0.044841381608890646,0.9979126388508227,0.06729399604565708,0.022409337201500117
synthetic,dataset3079,lognormal_3p,boundary_normal_limit,0.0009955308570181165,0.9978832719745452,0.06570899318703942,0.021284512648628958
synthetic,dataset3086,lognormal_offset,,0.18237735874691444,0.994122777729402,0.27543683596333246,0.09633831518170625
synthetic,dataset3086,lognormal_3p,interior,0.1209991445733277,0.9938080629589038,0.2704495245161021,0.09593016877162465
synthetic,dataset31,lognormal_offset,,0.13815144010820454,1.1328730834196052,0.2270959357838562,0.08150658149333989
synthetic,dataset31,lognormal_3p,boundary_normal_limit,0.0009967010016705847,1.1316914333777712,0.2038038618398116,0.06811973989087353
synthetic,dataset3100,lognormal_offset,,0.4474585490815821,0.9151097150464073,0.6593058316391849,0.1892175329635266
synthetic,dataset3100,lognormal_3p,interior,0.5932853190871211,0.9068822589657489,0.7437135202270531,0.1725218471055283
synthetic,dataset3114,lognormal_offset,,0.25799769734388805,1.0746083940015427,0.41466540757303794,0.08453903489588899
synthetic,dataset3114,lognormal_3p,interior,0.026409464880512556,1.0739432460003573,0.378213282004229,0.07178368005725372
synthetic,dataset3118,lognormal_offset,,0.17697116402703061,1.0723008004323076,0.28110137663557017,0.11988960049826979
synthetic,dataset3118,lognormal_3p,boundary_normal_limit,0.0009977806428914078,1.070098357442903,0.24337759480924243,0.09215133964436295
synthetic,dataset3125,lognormal_offset,,0.30811885453061955,0.9563679872857044,0.4615451978577179,0.1474929207092667
synthetic,dataset3125,lognormal_3p,boundary_guard,1.4213188887979096,1.1833035120026245,8.809803096241607,0.22375801701049872
synthetic,dataset3140,lognormal_offset,,0.40491408458487427,1.5071361491326236,0.8553342039836399,0.368236512761542
synthetic,dataset3140,lognormal_3p,boundary_normal_limit,0.0009983787379841955,1.5251697102735655,0.678178199087329,0.3044161431244752
synthetic,dataset3147,lognormal_offset,,0.4136217773117618,0.9592204007878152,0.6289831475045011,0.11774165165832048
synthetic,dataset3147,lognormal_3p,interior,0.1976477386506002,0.9684067656050575,0.5402758299588227,0.09199872558648667
synthetic,dataset3152,lognormal_offset,,0.4275128006444298,1.0492776863973203,0.6944480961923789,0.1406454188731866
synthetic,dataset3152,lognormal_3p,interior,0.30348059912854,1.0529879607664254,0.632233843036092,0.12569572003086008
synthetic,dataset3169,lognormal_offset,,0.23603401224726195,1.18402124033594,0.40442444468692484,0.18605753646691137
synthetic,dataset3169,lognormal_3p,boundary_normal_limit,0.0009972867438282369,1.1766163471503923,0.3110647798416526,0.13268333203992894
synthetic,dataset3170,lognormal_offset,,0.4912750307660492,1.2134616592648,0.8988809657075889,0.1934979715116092
synthetic,dataset3170,lognormal_3p,interior,0.33008903617639684,1.2191106427505285,0.7839470188825843,0.16802128119226897
synthetic,dataset3181,lognormal_offset,,0.2752390419442382,0.7780067115648044,0.359538213054758,0.14245328493468973
synthetic,dataset3181,lognormal_3p,interior,0.5945364250653794,0.7759502672158572,0.39614540851566094,0.10380846551472608
synthetic,dataset3184,lognormal_offset,,0.5050069529296398,0.9824560365991798,0.7879670062897028,0.2964309770211173
synthetic,dataset3184,lognormal_3p,boundary_guard,2.469541832724538,29.652480598136254,3638.078044660139,0.6327377469351706
synthetic,dataset3194,lognormal_offset,,0.20450174760079756,0.940185282894681,0.29843153140933154,0.05710898678613302
synthetic,dataset3194,lognormal_3p,interior,0.38465434100730866,0.9412618539348154,0.3168450638302996,0.045939418156960295
synthetic,dataset32,lognormal_offset,,0.17912816254878272,1.194666779401316,0.30673955558596494,0.16090384742944486
synthetic,dataset32,lognormal_3p,boundary_normal_limit,0.0009980762289551787,1.1917803471674275,0.25802494972617146,0.13239088442939045
synthetic,dataset320,lognormal_offset,,0.2851224436752406,0.8578429051695626,0.396549660266513,0.12129183121929397
synthetic,dataset320,lognormal_3p,interior,0.5876609460070069,0.8677661978983505,0.495841900858524,0.14886097368307796
synthetic,dataset3207,lognormal_offset,,0.3711175610070537,0.7363456640599454,0.4696134069951932,0.11768976144893285
synthetic,dataset3207,lognormal_3p,boundary_guard,2.400162421493424,11.393997362168692,1324.191959224509,0.34836889012113875
synthetic,dataset3213,lognormal_offset,,0.08571957687337163,0.9846625895336382,0.12769319458277717,0.02339968210291608
synthetic,dataset3213,lognormal_3p,interior,0.061004459002116616,0.9846453529522129,0.12724968753974478,0.023758133184521996
synthetic,dataset3222,lognormal_offset,,0.1548019107529776,0.9402390086672412,0.22475907833208067,0.0517112973558011
synthetic,dataset3222,lognormal_3p,interior,0.14146928566718617,0.940186297358665,0.22393758489474413,0.0527167952810103
synthetic,dataset3232,lognormal_offset,,0.020279910142314055,1.0023985713436834,0.030511829517102077,0.007655149158902135
synthetic,dataset3232,lognormal_3p,interior,0.03150304723633394,1.0023990949344552,0.03052297327718882,0.007639898827708391
synthetic,dataset325,lognormal_offset,,0.006125815396830893,0.9810105109038589,0.009084350319700101,0.006336613260929895
synthetic,dataset325,lognormal_3p,interior,0.0076941705854767835,0.9810105288291499,0.0090842163570898,0.0063368050087075235
synthetic,dataset3253,lognormal_offset,,0.5522621691686396,1.7582590362664359,1.379051106426676,0.5720914837440683
synthetic,dataset3253,lognormal_3p,interior,0.8932423223866577,1.7830934077765463,2.3053165560540823,0.5916349978147399
synthetic,dataset3273,lognormal_offset,,0.13465612416665088,1.067276464710303,0.2124004332675571,0.03986173592645412
synthetic,dataset3273,lognormal_3p,interior,0.3915904445797659,1.0688073692574125,0.23287539826249928,0.03916883343803405
synthetic,dataset3274,lognormal_offset,,0.366873899617848,0.9964761624719437,0.5699230526013608,0.14171264354982357
synthetic,dataset3274,lognormal_3p,interior,0.5309350635619532,0.9982122842066655,0.6302273235870517,0.1222323007423875
synthetic,dataset3297,lognormal_offset,,0.5182993175672598,1.024312052202585,0.8364055288727404,0.2952967399022765
synthetic,dataset3297,lognormal_3p,interior,0.8396720749904923,1.0111751549086887,1.281382373206778,0.25083288407820825
synthetic,dataset33,lognormal_offset,,0.04443651441357505,1.0580132945238676,0.06936136155536932,0.03879127149526326
synthetic,dataset33,lognormal_3p,boundary_normal_limit,0.0009955714784657724,1.0579525112795227,0.06582384721141342,0.03757713838978319
synthetic,dataset3315,lognormal_offset,,0.25042876406253173,0.8666412416417214,0.3488785664419408,0.10718313736521513
synthetic,dataset3315,lognormal_3p,interior,0.5204262939939613,0.869909748872686,0.3976585380082192,0.1084377549751765
synthetic,dataset3326,lognormal_offset,,0.4435134100030512,1.2119108740157234,0.8029248919076485,0.18227831038823836
synthetic,dataset3326,lognormal_3p,interior,0.4153880659493256,1.2119110834238558,0.7844956683126789,0.17885808832154015
synthetic,dataset334,lognormal_offset,,0.06445074625820138,1.1059703058996404,0.10376156272089286,0.06023309475510066
synthetic,dataset334,lognormal_3p,boundary_normal_limit,0.00099837842200978,1.1058763664593192,0.09972173260959753,0.05764103409126884
synthetic,dataset3341,lognormal_offset,,0.3511064154701496,0.8535765722315796,0.49021154236092934,0.18781595042826602
synthetic,dataset3341,lognormal_3p,interior,0.6124866388279936,0.8506281004347047,0.5599888521824159,0.15266167045376944
synthetic,dataset3358,lognormal_offset,,0.38762923202412036,0.9064014955501278,0.5652690578497831,0.15735094827407833
synthetic,dataset3358,lognormal_3p,interior,0.5555704149176274,0.9039179040183354,0.6303147797155683,0.13331986351613967
synthetic,dataset3368,lognormal_offset,,0.3519851432424386,1.2786300909377506,0.6502646245975174,0.220369312992815
synthetic,dataset3368,lognormal_3p,boundary_normal_limit,0.0009979515777705646,1.2711362378799627,0.4924923677845378,0.1262783397007563
synthetic,dataset3373,lognormal_offset,,0.061839660411029944,1.0890614777111465,0.09850057439851242,0.04764519099438109
synthetic,dataset3373,lognormal_3p,boundary_normal_limit,0.000996335839881403,1.089001682427723,0.09625661795789113,0.04724258268804196
synthetic,dataset3374,lognormal_offset,,0.4326854298143113,0.8088937620778537,0.5829644874627635,0.17897950982202793
synthetic,dataset3374,lognormal_3p,interior,0.6720291909344118,0.7969147630386619,0.7195727846605409,0.13623250642104703
synthetic,dataset3402,lognormal_offset,,0.3722143792792621,1.009974974670152,0.5840680300892704,0.26063140709160654
synthetic,dataset3402,lognormal_3p,boundary_guard,0.7537587191097447,0.9872026785936658,0.6790922795331905,0.18099129022937469
synthetic,dataset342,lognormal_offset,,0.2688286537731666,0.8676473550641223,0.37576447161505727,0.121785734174446
synthetic,dataset342,lognormal_3p,interior,0.43485112665377784,0.8701374189273213,0.4075795582064781,0.12335555466955042
synthetic,dataset3431,lognormal_offset,,0.06257950006406844,0.9660960299630771,0.09196798259539708,0.021815255342748613
synthetic,dataset3431,lognormal_3p,interior,0.2280377567619255,0.9661008350449373,0.09288999913326935,0.021365241783428704
synthetic,dataset3443,lognormal_offset,,0.42005440773721725,1.132599396629584,0.7204090200859558,0.14243376928039073
synthetic,dataset3443,lognormal_3p,interior,0.83084546097513,1.1698167899853236,1.2295076291524214,0.17229098934250026
synthetic,dataset3456,lognormal_offset,,0.3692582938412866,1.003322192107309,0.5765407562011567,0.06750605102678603
synthetic,dataset3456,lognormal_3p,interior,0.22348554172171572,1.0052478984718354,0.5233317947076608,0.05104260005642033
synthetic,dataset3480,lognormal_offset,,0.005499529835520611,0.9986701451097504,0.008252823651069578,0.0014823082268786304
synthetic,dataset3480,lognormal_3p,interior,0.14170802958932924,0.9986722552907749,0.0082842270607519,0.0014099996038338398
synthetic,dataset3482,lognormal_offset,,0.44582094067358274,1.0770544942530142,0.7400079222492597,0.08532797987116457
synthetic,dataset3482,lognormal_3p,interior,0.5140430610900558,1.0769003035228457,0.7867682237410315,0.09179199205061957
synthetic,dataset3488,lognormal_offset,,0.34880610192848593,0.8330837944423636,0.4791185257984318,0.09826996729818108
synthetic,dataset3488,lognormal_3p,interior,0.3664801506052698,0.832899664789303,0.4846836694569132,0.09900988226638771
synthetic,dataset3497,lognormal_offset,,0.22419101142069237,1.0128207981155897,0.34451724430529146,0.07345393897828863
synthetic,dataset3497,lognormal_3p,interior,0.4409313259955823,1.014051956520138,0.3706074205193273,0.056735209881496676
synthetic,dataset3510,lognormal_offset,,0.127676671090473,1.1843065012682967,0.21631690193593936,0.051225565970308494
synthetic,dataset3510,lognormal_3p,boundary_normal_limit,0.0009967636125750832,1.184099403576774,0.21146212772767772,0.04989870935250762
synthetic,dataset3514,lognormal_offset,,0.37181112764000096,0.6771890229136145,0.44475311108101795,0.11244981189973213
synthetic,dataset3514,lognormal_3p,interior,0.7057666001588087,0.6691584051339685,0.5758591136776555,0.07205513084214973
synthetic,dataset3524,lognormal_offset,,0.0867820534472909,0.973623598055417,0.12832131990779452,0.020266903319946683
synthetic,dataset3524,lognormal_3p,interior,0.17810374797909967,0.973675956619316,0.12983320467962262,0.0208158821436604
synthetic,dataset3545,lognormal_offset,,0.4468856232890951,0.8817257974924837,0.6408412082285362,0.10223556874149535
synthetic,dataset3545,lognormal_3p,interior,0.642124225531616,0.8810340008581838,0.7886964966301239,0.12025877193323056
synthetic,dataset3546,lognormal_offset,,0.2255966404786435,1.1771994346844552,0.38442736357311574,0.07994022568643976
synthetic,dataset3546,lognormal_3p,interior,0.2646816460025767,1.1775847502230794,0.38983036805386156,0.07960040849406526
synthetic,dataset3553,lognormal_offset,,0.3101888670572255,1.4132326520660992,0.6113390660439664,0.12303383760600994
synthetic,dataset3553,lognormal_3p,interior,0.09468414555794043,1.4097848371227102,0.5456977047886326,0.10114270836112844
synthetic,dataset3557,lognormal_offset,,0.4022600271136173,1.1592963375974243,0.699413784461836,0.10600596198148735
synthetic,dataset3557,lognormal_3p,interior,0.4010340888071502,1.1592870177820016,0.698787308967946,0.10587802606779531
synthetic,dataset3564,lognormal_offset,,0.3537110614114262,0.8176841500844769,0.48000413312315626,0.060013925113774486
synthetic,dataset3564,lognormal_3p,interior,0.3401250634951258,0.8179082850355727,0.4756757938246833,0.05983463123755789
synthetic,dataset3566,lognormal_offset,,0.4334423327830052,1.11598948988767,0.737050917776576,0.21407953999816037
synthetic,dataset3566,lognormal_3p,interior,0.17489999987412952,1.1197686032423098,0.6013018684912691,0.16273708834159104
synthetic,dataset3585,lognormal_offset,,0.33655757235175104,0.9639955522069383,0.5089705821406161,0.047704884708650454
synthetic,dataset3585,lognormal_3p,interior,0.3238254769711268,0.9639435735861506,0.505162643758882,0.046965164175355324
synthetic,dataset3594,lognormal_offset,,0.27562081217007434,0.6987657309210034,0.3371995746859802,0.09273569409535136
synthetic,dataset3594,lognormal_3p,interior,0.33763978561708863,0.6989814546213882,0.34788922999038374,0.09551987064378274
synthetic,dataset36,lognormal_offset,,0.30865637158390385,1.1362571261888403,0.5199530313042302,0.2634677407960938
synthetic,dataset36,lognormal_3p,interior,1.225377710712996,1.2435448151394182,3.5835611739869973,0.33229621698187434
synthetic,dataset3601,lognormal_offset,,0.7518016542174117,1.8815321174987003,2.2539061816733774,0.6791828420606996
synthetic,dataset3601,lognormal_3p,interior,1.2722049603941805,2.138483981885957,13.534047642835548,0.8083779251118373
synthetic,dataset3636,lognormal_offset,,0.18969736246669655,0.9580348527409013,0.2797883024902827,0.07297281814534085
synthetic,dataset3636,lognormal_3p,boundary_normal_limit,0.0009983827538754242,0.9570636311170239,0.26100737878901575,0.06185489061870696
synthetic,dataset3637,lognormal_offset,,0.15109180743902145,0.8457659233578533,0.204915839344168,0.11404114093229975
synthetic,dataset3637,lognormal_3p,interior,0.6041767724979071,0.8359658575561478,0.17219676966027897,0.07053576791415556
synthetic,dataset3646,lognormal_offset,,0.36715662619423867,0.6845311886727479,0.4425921366279619,0.1925465371576285
synthetic,dataset3646,lognormal_3p,interior,0.8034416334128873,0.6634427661045591,0.583944775374114,0.12460569989226376
synthetic,dataset3651,lognormal_offset,,0.41290413374859725,1.0268762961428926,0.6591161570699315,0.1757517614794372
synthetic,dataset3651,lognormal_3p,interior,0.3467217695346089,1.027895496736032,0.6264220756029039,0.17497591878580415
synthetic,dataset3652,lognormal_offset,,0.3921371953939175,1.1599437840324947,0.6808075317005751,0.18014693947849264
synthetic,dataset3652,lognormal_3p,interior,0.6411343455153301,1.1744257061105134,0.8519443582073389,0.19344499651682118
synthetic,dataset3657,lognormal_offset,,0.36477106027370837,1.259967892071726,0.6685327994251504,0.23025626408410865
synthetic,dataset3657,lognormal_3p,boundary_normal_limit,0.000997974592907621,1.2452678965364534,0.47428416404412055,0.11998678742776551
synthetic,dataset3664,lognormal_offset,,0.47489116615009597,1.7066941025670948,1.1264993883441146,0.3186897495916003
synthetic,dataset3664,lognormal_3p,interior,0.7326391009250725,1.7461757892761758,1.547645102710884,0.37489082035745314
synthetic,dataset3667,lognormal_offset,,0.44628645295465774,1.0596664674539937,0.7320167046312654,0.1901617993154505
synthetic,dataset3667,lognormal_3p,interior,0.15656718129201622,1.0657618140971477,0.5809897076131982,0.13757663183414687
synthetic,dataset3673,lognormal_offset,,0.3353875439599722,0.9987228905027615,0.5194104891302401,0.15552384783832038
synthetic,dataset3673,lognormal_3p,interior,0.4506244606596564,1.0005222136316392,0.5536719104821655,0.15120184425880887
synthetic,dataset3681,lognormal_offset,,0.5613753588485075,0.9642692695721942,0.8688675535853564,0.33339852515580254
synthetic,dataset3681,lognormal_3p,boundary_guard,1.9063456872181885,2.3728933871460764,133.03160241695866,0.40369976362051857
synthetic,dataset3683,lognormal_offset,,0.16474193638773654,1.0287605738386802,0.2541240457900821,0.06582851508917327
synthetic,dataset3683,lognormal_3p,boundary_normal_limit,0.0009979553628189613,1.0275522556409453,0.23186609732583685,0.04715450746737932
synthetic,dataset3689,lognormal_offset,,0.4044544675122064,1.062843786252577,0.6609405163281529,0.15096845217980823
synthetic,dataset3689,lognormal_3p,boundary_normal_limit,0.000998172713984945,1.0798999621111551,0.5082694325325776,0.09472080122365431
synthetic,dataset369,lognormal_offset,,0.14692641049592944,0.9346095441103457,0.21234638242409098,0.08692607436043671
synthetic,dataset369,lognormal_3p,interior,0.09872730129275226,0.934409509969031,0.20921042980899174,0.084194878643158
synthetic,dataset3696,lognormal_offset,,0.33934917072821813,1.089862779641293,0.5584078684905536,0.14733496775823451
synthetic,dataset3696,lognormal_3p,interior,0.6279446752819996,1.0997484459635345,0.6864004029739882,0.13247322741947953
synthetic,dataset3699,lognormal_offset,,0.43138896094411794,1.2855875813284727,0.8139343664121941,0.2794903211923371
synthetic,dataset3699,lognormal_3p,boundary_normal_limit,0.0009983235524655485,1.2836558783841605,0.5724767266434254,0.1626408063329094
synthetic,dataset3705,lognormal_offset,,0.4084015335046205,1.2598479389411357,0.7553644284468456,0.3673261184300093
synthetic,dataset3705,lognormal_3p,boundary_normal_limit,0.000998450650832856,1.2374770533044372,0.49167933533533537,0.2216759997977489
synthetic,dataset3706,lognormal_offset,,0.43709547159186807,1.3385234585894783,0.8510565741898848,0.17225869302092445
synthetic,dataset3706,lognormal_3p,interior,0.45603399349765855,1.3389859352066191,0.8643082579093396,0.1738778330041117
synthetic,dataset3710,lognormal_offset,,0.44153131286064906,0.8790134912321848,0.6316605723078259,0.08015172110229263
synthetic,dataset3710,lognormal_3p,interior,0.5715404120013319,0.8773878313423527,0.7175522131489002,0.10049492092248001
synthetic,dataset3724,lognormal_offset,,0.363096905824755,0.9755502590467351,0.5555880580725849,0.09744508059166734
synthetic,dataset3724,lognormal_3p,interior,0.030198553376907834,0.9897022814133974,0.4605784170396938,0.06957228642881422
synthetic,dataset3725,lognormal_offset,,0.04107762094047323,1.0006437793091176,0.06175249882754223,0.01605829080013101
synthetic,dataset3725,lognormal_3p,boundary_normal_limit,0.0009981684782241504,1.0006324349169793,0.06114768966995522,0.01548928545058962
synthetic,dataset3728,lognormal_offset,,0.3882845260266633,0.9635103928928811,0.5908233012958758,0.0704098999424566
synthetic,dataset3728,lognormal_3p,interior,0.49176605069650087,0.9641735051219441,0.6395388903280722,0.07403095785314262
synthetic,dataset3750,lognormal_offset,,0.030462330210084647,1.0042582641957518,0.04589497633621249,0.015846435794614408
synthetic,dataset3750,lognormal_3p,interior,0.3060860054390432,1.0042774096820823,0.04681444316202447,0.014314326420927389
synthetic,dataset3761,lognormal_offset,,0.025441670910647925,0.9982191661841274,0.03817390708054365,0.00544206396611735
synthetic,dataset3761,lognormal_3p,interior,0.07264521978532888,0.9982223225006456,0.03825458780451727,0.005331882568112891
synthetic,dataset377,lognormal_offset,,0.3275614340311892,1.0187698787365302,0.5135528162271078,0.21461475799103505
synthetic,dataset377,lognormal_3p,boundary_normal_limit,0.0009981114476367396,1.0110705890221598,0.3848023396084552,0.16467695848170766
synthetic,dataset3774,lognormal_offset,,0.3338220413574956,0.7365277178473573,0.42285881013583154,0.11809933044103013
synthetic,dataset3774,lognormal_3p,interior,0.7237702190714621,0.7398440861080986,0.5654789708598209,0.08326256843361418
synthetic,dataset3776,lognormal_offset,,0.34164660667769164,0.9573339324059561,0.5146192731362037,0.10994339519855753
synthetic,dataset3776,lognormal_3p,interior,0.043578629113371424,0.9668221872941019,0.43769148446216877,0.07017066302502663
synthetic,dataset3789,lognormal_offset,,0.4089290659243618,1.1738529504584152,0.718357205722746,0.17866149670577824
synthetic,dataset3789,lognormal_3p,interior,0.4719627272595343,1.1747988653897181,0.752578444537289,0.18269584583661055
synthetic,dataset3790,lognormal_offset,,0.09150723401121366,0.961739000437039,0.13424880537099063,0.04626830238726164
synthetic,dataset3790,lognormal_3p,interior,0.42879649748190196,0.9614304470290558,0.13803783791896349,0.033798699484158354
synthetic,dataset3812,lognormal_offset,,0.31094300520693613,0.8977563252711117,0.4469203562405432,0.10966444087950977
synthetic,dataset3812,lognormal_3p,interior,0.9613492937860904,0.9426326912575471,1.1399792432553468,0.16105506678838238
synthetic,dataset3813,lognormal_offset,,0.27012049090931506,0.8158683932722811,0.3632238547991264,0.08636018650117482
synthetic,dataset3813,lognormal_3p,interior,0.2900029849851722,0.8160344882886402,0.3665508376310471,0.0876242123972467
synthetic,dataset382,lognormal_offset,,0.005084931177744656,1.0043380359691259,0.007659509012314847,0.0025934942774496527
synthetic,dataset382,lognormal_3p,boundary_normal_limit,0.0009975754900807517,1.0043379571253757,0.007640736694404691,0.002578691654125041
synthetic,dataset3828,lognormal_offset,,0.5046512435301151,1.2846051630773705,0.9676208167515404,0.17085061695166417
synthetic,dataset3828,lognormal_3p,interior,0.522353601803266,1.2846995149149758,0.9850678281158413,0.17084237170856448
synthetic,dataset3838,lognormal_offset,,0.2819055691373765,1.0925608811448164,0.46002687654315033,0.08653848659984595
synthetic,dataset3838,lognormal_3p,interior,0.1924531345794231,1.0908224582274821,0.4383949117733642,0.08412636137866361
synthetic,dataset3841,lognormal_offset,,0.3334908238897637,0.9741196276489634,0.5076753403815751,0.1452884545881559
synthetic,dataset3841,lognormal_3p,boundary_normal_limit,0.0009980465559314225,0.9733084490166157,0.39801511832085373,0.07873366928380476
synthetic,dataset3842,lognormal_offset,,0.4166051126301938,1.1752388626071688,0.7335273263696537,0.1395519302841613
synthetic,dataset3842,lognormal_3p,interior,0.5398992951608924,1.1773792471757785,0.804924372412617,0.12611968201855472
synthetic,dataset3848,lognormal_offset,,0.03896519089569845,0.9946774237202716,0.05834120961448155,0.015007505221542872
synthetic,dataset3848,lognormal_3p,boundary_normal_limit,0.0009985641204701809,0.9946702271962354,0.05799578097208793,0.014618931461420332
synthetic,dataset3850,lognormal_offset,,0.32976170183201553,0.7877385400299391,0.4361731449739316,0.12407896335494464
synthetic,dataset3850,lognormal_3p,interior,0.6356564543909009,0.7897249351465065,0.5304428287666114,0.1243658192708353
synthetic,dataset3855,lognormal_offset,,0.6085151643621937,0.9329353831829872,0.9239687996189887,0.35325035016766826
synthetic,dataset3855,lognormal_3p,boundary_guard,2.0769455005524224,5.20227368506386,443.16438586205834,0.6195303013423327
synthetic,dataset3856,lognormal_offset,,0.36203992377418603,0.9387218099452107,0.5395029734605922,0.049080816919019964
synthetic,dataset3856,lognormal_3p,interior,0.31540568129606117,0.9391411101599796,0.5231084519253112,0.04786241186138511
synthetic,dataset3857,lognormal_offset,,0.5418328173261046,1.147897671615822,0.9596381161267405,0.2477812723685138
synthetic,dataset3857,lognormal_3p,interior,0.8720715352659134,1.180176070063403,1.7197083548745138,0.31190292473597453
synthetic,dataset3858,lognormal_offset,,0.30522972139460763,0.9354719713566111,0.4503785156789976,0.08572743962780666
synthetic,dataset3858,lognormal_3p,interior,0.17589708795821493,0.9352403841324922,0.4192641238153988,0.0778360717377113
synthetic,dataset3864,lognormal_offset,,0.1857149605901139,1.0014878068155444,0.2819595042821266,0.06710875632870468
synthetic,dataset3864,lognormal_3p,interior,0.2997160375163361,1.001595357901183,0.2880441012994877,0.05940072805315427
synthetic,dataset3883,lognormal_offset,,0.5509391336736603,1.0399286176290337,0.9040881784465716,0.17059264151262973
synthetic,dataset3883,lognormal_3p,interior,1.6214379382214497,1.9436728627020847,49.044632074213936,0.5515510918658405
synthetic,dataset3891,lognormal_offset,,0.5774691441759155,1.7613639576086997,1.459419096076785,0.2912433401207387
synthetic,dataset3891,lognormal_3p,interior,0.6326569045457854,1.7657591497306593,1.5651472869768472,0.2980257013250227
synthetic,dataset39,lognormal_offset,,0.4391979828729851,1.027419486161997,0.7036380470075418,0.24208423928140882
synthetic,dataset39,lognormal_3p,interior,1.2504139254015036,1.2122399949303373,5.706852269902653,0.3859797229421222
synthetic,dataset390,lognormal_offset,,0.14390775544176704,1.0194429157316423,0.22022724936193036,0.09580077600907154
synthetic,dataset390,lognormal_3p,boundary_normal_limit,0.000997884829958294,1.0181580806324646,0.19438132173254952,0.07803617733054916
synthetic,dataset3925,lognormal_offset,,0.23667747715142454,0.8613471027321533,0.32781771960667555,0.047249742344473655
synthetic,dataset3925,lognormal_3p,interior,0.34506780839233386,0.8624731152843162,0.34281000226210145,0.04938719501615294
synthetic,dataset3931,lognormal_offset,,0.4914456701998374,1.0746061933964244,0.8196962596059291,0.1353789940474226
synthetic,dataset3931,lognormal_3p,interior,0.7783952735741072,1.0832394620276191,1.19050720147569,0.1218681248654852
synthetic,dataset3932,lognormal_offset,,0.09522493218337383,1.0214047939621453,0.145433828481675,0.026173279630910037
synthetic,dataset3932,lognormal_3p,interior,0.13242371470947498,1.0214315801289982,0.14615749492415334,0.025960819981704457
synthetic,dataset3944,lognormal_offset,,0.22474566451488906,1.0769211008687913,0.36003366791297114,0.11140467647613556
synthetic,dataset3944,lognormal_3p,boundary_normal_limit,0.0009982967841301565,1.074608277772738,0.319635006379314,0.08671803930236291
synthetic,dataset3951,lognormal_offset,,0.48507154550516735,1.2897226833918642,0.9286139454592928,0.1523507262457725
synthetic,dataset3951,lognormal_3p,interior,0.6659258636113018,1.3001580805809219,1.1386188196356704,0.1558728215536246
synthetic,dataset3953,lognormal_offset,,0.25101980594301554,0.9914498027012119,0.3817257891932134,0.06181091461966953
synthetic,dataset3953,lognormal_3p,interior,0.3613475219600973,0.9926636686209651,0.3988636350312774,0.05925871217258937
synthetic,dataset3954,lognormal_offset,,0.5100256268139709,1.0109699831222387,0.8139185775344163,0.2360711845688804
synthetic,dataset3954,lognormal_3p,boundary_guard,2.1456209463887372,8.255440622211035,765.3081394472282,0.5502768794473981
synthetic,dataset3955,lognormal_offset,,0.46745975461835865,1.1301821833273071,0.8068742637344296,0.1897758096456569
synthetic,dataset3955,lognormal_3p,interior,0.6405578806116676,1.132181252506662,0.9600561643647583,0.17509135735842007
synthetic,dataset3977,lognormal_offset,,0.46412879250141936,1.3263918495325622,0.9032474144342484,0.2900995740939086
synthetic,dataset3977,lognormal_3p,boundary_normal_limit,0.0009984572151735972,1.3665883309989244,0.6763821890458277,0.21965247009896927
synthetic,dataset3981,lognormal_offset,,0.4308132704907855,0.9472992969989852,0.6502166602881471,0.16156301810263865
synthetic,dataset3981,lognormal_3p,interior,0.6628036121580677,0.9440768096128205,0.7934919799936442,0.129797410995833
synthetic,dataset3986,lognormal_offset,,0.47626347464629376,0.6826968316105214,0.5640811639099202,0.1539589449273576
synthetic,dataset3986,lognormal_3p,boundary_guard,2.214336777697479,6.999132956932666,711.4200840513172,0.43422584909604084
synthetic,dataset3990,lognormal_offset,,0.37593024110755624,1.2834343784231317,0.6999267154570894,0.08455470239588427
synthetic,dataset3990,lognormal_3p,interior,0.4548499941041814,1.286198869707831,0.7371725879605423,0.07868212408889319
synthetic,dataset3991,lognormal_offset,,0.011009224650897272,0.9938751187830293,0.016468459686401253,0.004238515788313317
synthetic,dataset3991,lognormal_3p,interior,0.2726896505706776,0.9938447714965124,0.016001184038208684,0.0030768890718027393
synthetic,dataset3992,lognormal_offset,,0.27216170793102723,0.9971442078723406,0.41680487690217066,0.12547805176818028
synthetic,dataset3992,lognormal_3p,boundary_normal_limit,0.0009982887697707495,0.9946023610026691,0.3503308385178347,0.09042232150981744
synthetic,dataset4001,lognormal_offset,,0.208939021676768,0.8384580691739373,0.2835132983791819,0.09890816903815663
synthetic,dataset4001,lognormal_3p,interior,0.13877370267562153,0.8376176494939898,0.2738688509259611,0.0916955304466352
synthetic,dataset4007,lognormal_offset,,0.05383336613766821,1.013827540771225,0.08166696841111486,0.025966878711839926
synthetic,dataset4007,lognormal_3p,interior,0.08889390666675778,1.0138345947791663,0.08188464702598816,0.025861395887740828
synthetic,dataset4016,lognormal_offset,,0.05101150060414617,1.012216241784867,0.07729734678377886,0.02401594258433483
synthetic,dataset4016,lognormal_3p,boundary_normal_limit,0.0009985076700096353,1.0121945173382558,0.07628576386114003,0.02311327860086169
synthetic,dataset402,lognormal_offset,,0.3512055675758775,0.7323634705990502,0.4431554842928744,0.15493274586986922
synthetic,dataset402,lognormal_3p,interior,0.19197898534864183,0.7365405316446951,0.3970961677524883,0.1441857413680088
synthetic,dataset4022,lognormal_offset,,0.2589094668355678,0.7435315593526991,0.3283470843206165,0.10009100699096271
synthetic,dataset4022,lognormal_3p,interior,0.4960212401883594,0.743382223442076,0.35387422254882117,0.07836497634185775
synthetic,dataset4024,lognormal_offset,,0.16093625034154802,0.9766843091204293,0.23971158060933623,0.04600753272583936
synthetic,dataset4024,lognormal_3p,interior,0.10542663618631892,0.9764400914005255,0.2358179808532219,0.04508063325898229
synthetic,dataset4029,lognormal_offset,,0.23160293676136873,0.9377223940061282,0.33856878062009815,0.04463991075755094
synthetic,dataset4029,lognormal_3p,interior,0.14819562734631314,0.9369300058151735,0.32738500058676934,0.03813074449113786
synthetic,dataset4033,lognormal_offset,,0.333906898054598,0.9225370899484562,0.4901096216520967,0.09501194299823028
synthetic,dataset4033,lognormal_3p,interior,0.4368396143464872,0.9234137947322838,0.5184821726637028,0.09146200519761852
synthetic,dataset4055,lognormal_offset,,0.10537860135018268,1.0063905639443878,0.15944439105701302,0.018860208106447226
synthetic,dataset4055,lognormal_3p,boundary_normal_limit,0.0009978550251539843,1.006262807193729,0.15622262293833206,0.015803663824678044
synthetic,dataset406,lognormal_offset,,0.2666464919372719,1.0707394404234236,0.4280904659373207,0.18072364086523926
synthetic,dataset406,lognormal_3p,boundary_guard,2.3090769825412143,7.399644001137492,754.5214543086905,0.3250085641616006
synthetic,dataset4063,lognormal_offset,,0.21307473758028692,0.8836461171966827,0.29904200602114744,0.08072143056574602
synthetic,dataset4063,lognormal_3p,boundary_normal_limit,0.0009984372782361852,0.8833606899885238,0.2805615818560558,0.06853032130135409
synthetic,dataset4064,lognormal_offset,,0.35574785273968207,1.428410766702101,0.7134366339656395,0.19127726504014778
synthetic,dataset4064,lognormal_3p,interior,0.1791729014109512,1.4259590767226944,0.6433149281740606,0.18001068759225167
synthetic,dataset4070,lognormal_offset,,0.4057911511069665,0.6585864739099965,0.4738419195661853,0.3011076019686207
synthetic,dataset4070,lognormal_3p,boundary_guard,0.7737084979620256,0.591425793783758,0.4667346269534015,0.22051472571342404
synthetic,dataset4074,lognormal_offset,,0.2288021146299148,0.8232456949011815,0.30770487200957963,0.07197339218588791
synthetic,dataset4074,lognormal_3p,boundary_guard,2.108652306412025,3.5400304082644847,275.8661979398547,0.2700459007819672
synthetic,dataset4085,lognormal_offset,,0.3605893066593759,0.9539507817303904,0.5431822821671451,0.08395220581533812
synthetic,dataset4085,lognormal_3p,interior,0.3655065837543166,0.9539452158296488,0.5449421676352628,0.08396070810435155
synthetic,dataset4087,lognormal_offset,,0.17272566574513623,1.056983450029855,0.27156872536117266,0.04240938760080083
synthetic,dataset4087,lognormal_3p,interior,0.2659348589632132,1.0574957329486316,0.2795554402775947,0.04380726010427556
synthetic,dataset410,lognormal_offset,,0.07762699907184206,0.9678864540714831,0.11428891054727884,0.041990633482663825
synthetic,dataset410,lognormal_3p,boundary_normal_limit,0.0009986867676711553,0.9677721446855815,0.11019982531031428,0.03924375767203337
synthetic,dataset4100,lognormal_offset,,0.1573127830720022,1.0440617364622755,0.24492469513154727,0.06613746189302666
synthetic,dataset4100,lognormal_3p,interior,0.31693285923974474,1.0447842786558807,0.25691489466156275,0.06806882146165402
synthetic,dataset4105,lognormal_offset,,0.17926935146362785,0.92329392502521,0.2578223664186916,0.09758594837715363
synthetic,dataset4105,lognormal_3p,interior,0.6541541496045481,0.928559861370792,0.3348689774661505,0.09794899020074979
synthetic,dataset4127,lognormal_offset,,0.5199840710608848,1.5541682517533435,1.1623972632735364,0.40839266954450903
synthetic,dataset4127,lognormal_3p,interior,0.5301672445731613,1.5545231651598974,1.1746022462745056,0.40915643362564136
synthetic,dataset4135,lognormal_offset,,0.33503650746783553,0.47614320029766577,0.3208687430789275,0.2075118796185712
synthetic,dataset4135,lognormal_3p,boundary_guard,2.0873113033439608,0.5892913251552188,27.6641338566941,0.1349072243897187
synthetic,dataset4138,lognormal_offset,,0.13864594843779862,1.0954958584564072,0.22270055832848906,0.04740803596388117
synthetic,dataset4138,lognormal_3p,interior,0.054364656488723094,1.0953163134230983,0.21900903018559945,0.04785872100681995
synthetic,dataset415,lognormal_offset,,0.2910894738121067,0.5199735754882919,0.298548451056223,0.1801156293652684
synthetic,dataset415,lognormal_3p,boundary_guard,1.809444148925206,0.7607529456576447,22.210165689740517,0.16132864002605957
synthetic,dataset4153,lognormal_offset,,0.025554337600831572,0.9972526520621829,0.03831828361080535,0.010159227919032513
synthetic,dataset4153,lognormal_3p,boundary_normal_limit,0.0009972187972134262,0.9972506976923501,0.03823822314809356,0.010162209224604713
synthetic,dataset4156,lognormal_offset,,0.3528259313598667,0.9547448563447852,0.5312714572060968,0.07925433642756863
synthetic,dataset4156,lognormal_3p,interior,0.38106083498000376,0.9548643686748156,0.5409549800728247,0.07961365906940922
synthetic,dataset4164,lognormal_offset,,0.5828593616709021,1.2479620674661918,1.1153205517387579,0.26889270852890784
synthetic,dataset4164,lognormal_3p,interior,0.9851103274231107,1.2775965834755634,2.5285397354404746,0.21595146515196498
synthetic,dataset4166,lognormal_offset,,0.12303359717253211,0.9241914362564058,0.1762002420512329,0.049830305092442594
synthetic,dataset4166,lognormal_3p,boundary_normal_limit,0.0009985197123918907,0.9239557689135345,0.17059274282652703,0.04563023616120552
synthetic,dataset4168,lognormal_offset,,0.42837615588017036,0.833119917769694,0.5895440026017299,0.12352365963824591
synthetic,dataset4168,lognormal_3p,interior,0.4883606107719507,0.8311760125442544,0.6209002152225838,0.12464187439893071
synthetic,dataset4172,lognormal_offset,,0.4540841306749198,1.1562437072838494,0.7954007228080948,0.08465011840338446
synthetic,dataset4172,lognormal_3p,interior,0.42603756745847915,1.156478802490363,0.7764602259862236,0.08208447285474077
synthetic,dataset4185,lognormal_offset,,0.3583323122779787,1.0952384162856772,0.5936555498972126,0.08563691072347089
synthetic,dataset4185,lognormal_3p,interior,0.3820134372950118,1.0956215730056367,0.602584706730983,0.08556774806241915
synthetic,dataset4191,lognormal_offset,,0.48859586692586987,1.2723883914227179,0.9264731508328853,0.17011516775903768
synthetic,dataset4191,lognormal_3p,interior,0.5182431325345058,1.2724607387397797,0.9531435371724003,0.1722204397895175
synthetic,dataset42,lognormal_offset,,0.396735219675573,1.1809547886909257,0.6983680015198878,0.3383997607701277
synthetic,dataset42,lognormal_3p,interior,0.5238825031215244,1.182740059264293,0.7582018430327734,0.33887987156527016
synthetic,dataset4214,lognormal_offset,,0.314259946342516,0.8267984565634606,0.42833918980324137,0.06688228209942929
synthetic,dataset4214,lognormal_3p,interior,0.47947814747647977,0.8285752768720571,0.4691284636095496,0.05985952965295732
synthetic,dataset4221,lognormal_offset,,0.4633039934477453,1.7577097624960345,1.120723524431406,0.4493357743275876
synthetic,dataset4221,lognormal_3p,interior,0.6071656631964617,1.7677484766351665,1.2660499723941074,0.45133149253210303
synthetic,dataset4226,lognormal_offset,,0.3189870332323879,0.7661282598943129,0.41421655968937215,0.13582601240218556
synthetic,dataset4226,lognormal_3p,interior,0.5172510852722063,0.7648673580750875,0.45118796475576256,0.11144076652538759
synthetic,dataset4228,lognormal_offset,,0.27068694612470956,0.7815107132291682,0.3543913751422171,0.16654080296573925
synthetic,dataset4228,lognormal_3p,interior,0.6158999480546765,0.7681316378915648,0.34163597579101135,0.10177974980709784
synthetic,dataset4233,lognormal_offset,,0.39953883891462594,1.055936053829434,0.6494087667495761,0.12939480261123124
synthetic,dataset4233,lognormal_3p,interior,0.4797503998534622,1.0555459065817798,0.6855552580075648,0.11923242154213293
synthetic,dataset4237,lognormal_offset,,0.12194910835905595,1.0270778262858062,0.1872498654788496,0.037934536605564353
synthetic,dataset4237,lognormal_3p,interior,0.1474702017563843,1.0271084322475346,0.18798906642000127,0.03815394769867725
synthetic,dataset424,lognormal_offset,,0.27266793786301347,0.758858764199731,0.3506504145442386,0.1392547464535932
synthetic,dataset424,lognormal_3p,boundary_guard,2.2857652829377866,3.5373291283063617,336.1355099592972,0.18009564194038943
synthetic,dataset4251,lognormal_offset,,0.33742325291319136,1.0594526038181167,0.5442890271763502,0.1632871215470975
synthetic,dataset4251,lognormal_3p,interior,0.21955255648645697,1.0589403073066934,0.5069267740406557,0.15901861171227433
synthetic,dataset4254,lognormal_offset,,0.44349687175346775,1.015773437709743,0.7049869552456092,0.10220787047690903
synthetic,dataset4254,lognormal_3p,interior,0.3557564175902772,1.0175566405853484,0.6550344891684073,0.09484589756050782
synthetic,dataset4275,lognormal_offset,,0.5502077949143672,1.5744132618663746,1.2557032774965442,0.528485432870578
synthetic,dataset4275,lognormal_3p,interior,0.9280267385385997,1.6248933783181738,2.440768956936783,0.594880264669087
synthetic,dataset4277,lognormal_offset,,0.35213221079227003,0.8960165857743169,0.5079189639891484,0.06466044390494731
synthetic,dataset4277,lognormal_3p,interior,0.5494817553014346,0.8996601226435723,0.582499578687818,0.05309648561969106
synthetic,dataset4284,lognormal_offset,,0.28996733309861006,0.9383177694604261,0.42773206999539465,0.0743020178044944
synthetic,dataset4284,lognormal_3p,interior,0.22669596569032543,0.9377714106071434,0.41431449120187147,0.06861289498077512
synthetic,dataset4290,lognormal_offset,,0.19471605487161323,1.155896848678236,0.32635411726334757,0.15171103377666104
synthetic,dataset4290,lognormal_3p,boundary_normal_limit,0.0009973442448320058,1.150621890862354,0.24900739705211655,0.09749262487034015
synthetic,dataset4298,lognormal_offset,,0.30779163531501325,0.893756424978657,0.4409150990862673,0.1017013821018229
synthetic,dataset4298,lognormal_3p,interior,0.3275826246780265,0.8939009763964554,0.4454088275011922,0.10015876181517475
synthetic,dataset4299,lognormal_offset,,0.45573868317054356,0.8051273176634297,0.6114696046547363,0.07928058998568963
synthetic,dataset4299,lognormal_3p,interior,0.6694036644093398,0.8009223205991441,0.7744232701770151,0.0716682040294007
synthetic,dataset4302,lognormal_offset,,0.2724985057270281,1.0067435928168846,0.42002492997801744,0.03968696174118131
synthetic,dataset4302,lognormal_3p,interior,0.17242425269284165,1.0058140087936156,0.4015517207896102,0.03730855209124692
synthetic,dataset4306,lognormal_offset,,0.356822944927883,0.8096634373613061,0.48112402320579084,0.086864349559546
synthetic,dataset4306,lognormal_3p,interior,0.47744090044663584,0.8093886593377021,0.5242418471040058,0.09253626053019973
synthetic,dataset4310,lognormal_offset,,0.35518935016449277,1.230527803045244,0.6387144255118836,0.17103266033102396
synthetic,dataset4310,lognormal_3p,boundary_normal_limit,0.0009979038352317092,1.2264185737832156,0.4921538626324653,0.09620486154647453
synthetic,dataset4311,lognormal_offset,,0.007941105983221626,0.9970443234569298,0.011903935598054628,0.0015734458457682845
synthetic,dataset4311,lognormal_3p,interior,0.11865657797971624,0.9970448924577093,0.011882692317378776,0.0013676106699181524
synthetic,dataset4316,lognormal_offset,,0.34567148241894774,1.1975066869992075,0.6084742512632134,0.11226481994706268
synthetic,dataset4316,lognormal_3p,interior,0.3745797189057772,1.1982098698759343,0.6186809945281372,0.10904515529943917
synthetic,dataset4337,lognormal_offset,,0.5254541323859424,1.4975639245478785,1.1426382441703964,0.34560238258050996
synthetic,dataset4337,lognormal_3p,interior,0.24754677563867394,1.496850090785718,0.8879758168734695,0.28582351288195645
synthetic,dataset4339,lognormal_offset,,0.13267420551041775,0.9849301697994225,0.19824889909558577,0.02398256894442426
synthetic,dataset4339,lognormal_3p,interior,0.12178233753500639,0.9849089795909701,0.1978076552089454,0.023832560652952427
synthetic,dataset4343,lognormal_offset,,0.422371360434612,0.9449219557054062,0.6359136655049759,0.15464888605482968
synthetic,dataset4343,lognormal_3p,interior,0.9866109996290331,0.9892529572455924,1.6166800368129777,0.1558248941784626
synthetic,dataset4346,lognormal_offset,,0.34710215833467667,0.9724595667191916,0.5288187807910693,0.07762955669317789
synthetic,dataset4346,lognormal_3p,interior,0.48139826031169913,0.9749767116059567,0.5754614820242976,0.07545230109916767
synthetic,dataset4347,lognormal_offset,,0.2601925209251653,1.0287310754784484,0.40613629376729826,0.04863395800861074
synthetic,dataset4347,lognormal_3p,interior,0.2542042439851849,1.0286540805151123,0.40511692224594054,0.04842422911381508
synthetic,dataset4379,lognormal_offset,,0.218975088613866,1.025503231255076,0.33909369619760116,0.15595230217330058
synthetic,dataset4379,lognormal_3p,interior,0.18217507751087922,1.025073829092314,0.33401654860076624,0.1574314769405995
synthetic,dataset4381,lognormal_offset,,0.3016090526717568,1.2607050402078586,0.5461118862527603,0.21102087932695374
synthetic,dataset4381,lognormal_3p,interior,0.391816843642923,1.261356984312677,0.5637822468448765,0.2053030568535057
synthetic,dataset4384,lognormal_offset,,0.3682059251763158,0.8246484584103683,0.5028133392371192,0.07616519034623682
synthetic,dataset4384,lognormal_3p,interior,0.2839896917425732,0.8271728033283556,0.47515706901303456,0.07068435467573439
synthetic,dataset4387,lognormal_offset,,0.5235746108672855,0.915466154884522,0.7748291333644977,0.371237945028719
synthetic,dataset4387,lognormal_3p,boundary_guard,2.0482975910928105,3.0349490091370677,226.52123058220556,0.3585193894452954
synthetic,dataset4392,lognormal_offset,,0.4308377503662988,0.9440148964623764,0.6486294255954638,0.07732397666174431
synthetic,dataset4392,lognormal_3p,interior,0.5289843568229687,0.9419496746839574,0.7054658540049398,0.06998226974061299
synthetic,dataset4398,lognormal_offset,,0.08452050721152231,1.0239511292930674,0.12923144617172652,0.0554117180261068
synthetic,dataset4398,lognormal_3p,boundary_normal_limit,0.0009981162654825037,1.0238724014470058,0.12666295523769946,0.053811115993899566
synthetic,dataset4399,lognormal_offset,,0.29986329736111456,0.7618297751163217,0.3875260252224817,0.12130515638147478
synthetic,dataset4399,lognormal_3p,interior,0.479941928028402,0.7607377475062111,0.4132124466550326,0.10347860394671422
synthetic,dataset44,lognormal_offset,,0.04424668821102835,0.9140268441184101,0.06268200039764889,0.02388540237294324
synthetic,dataset44,lognormal_3p,boundary_guard,2.4075054449418456,1.8878043704487129,122.37658700933478,0.03787998570718178
synthetic,dataset4406,lognormal_offset,,0.24833967809525592,1.1377840838630457,0.414558025146492,0.15138005526871565
synthetic,dataset4406,lognormal_3p,boundary_guard,0.5418215907458128,1.1358277028194075,0.4454945233334704,0.1069829397035412
synthetic,dataset4412,lognormal_offset,,0.47630178237117243,1.3146067905598278,0.9233306912561184,0.16984526870517555
synthetic,dataset4412,lognormal_3p,interior,0.8992728583563036,1.36573647907994,1.7834520744975688,0.19475961839516923
synthetic,dataset4413,lognormal_offset,,0.23254029591444206,1.0660154010245961,0.3703322545048016,0.11927740219375142
synthetic,dataset4413,lognormal_3p,interior,0.21485328124152686,1.0658478564133025,0.367960285357561,0.11871022754673194
synthetic,dataset4422,lognormal_offset,,0.3324388749421741,1.405127181044117,0.6553294223980182,0.24745730721061376
synthetic,dataset4422,lognormal_3p,boundary_normal_limit,0.0009981461236181304,1.3967349581679869,0.5094682584200885,0.15942257644674418
synthetic,dataset4429,lognormal_offset,,0.3259150972391207,1.3014361050173477,0.6066206393382748,0.21212388045196984
synthetic,dataset4429,lognormal_3p,boundary_normal_limit,0.0009978007635529397,1.3012182233826708,0.5035068207207758,0.17720645397997448
synthetic,dataset4430,lognormal_offset,,0.49756738462722816,0.8349847052438952,0.685386882984893,0.1674321492575174
synthetic,dataset4430,lognormal_3p,interior,0.9184709520968374,0.8680274545365011,1.4942572122140187,0.23611475171970492
synthetic,dataset4447,lognormal_offset,,0.2671875303746845,0.9623254693815749,0.39933899718606225,0.11723304809431155
synthetic,dataset4447,lognormal_3p,interior,0.5607599830227463,0.9653135148005773,0.4581956233087674,0.09546740138640158
synthetic,dataset4456,lognormal_offset,,0.2959618223153932,0.72410749976468,0.37049630889427976,0.13934124385532187
synthetic,dataset4456,lognormal_3p,interior,0.41548548705363647,0.723991154738182,0.39112097547123087,0.1415847568234861
synthetic,dataset4477,lognormal_offset,,0.3620194250526646,1.0035473201015273,0.5647479041192714,0.1341918684866982
synthetic,dataset4477,lognormal_3p,interior,0.09370992104322606,1.0104319282579008,0.4789690725980833,0.10645317153765789
synthetic,dataset449,lognormal_offset,,0.21986177965421083,1.0653808912704168,0.34940894661936717,0.13538790468036455
synthetic,dataset449,lognormal_3p,interior,0.9122915633605994,1.0903186603806756,0.7455084957819392,0.14993677645067832
synthetic,dataset4490,lognormal_offset,,0.36214250197223563,0.9286539388593598,0.5357113861366526,0.12594309135378406
synthetic,dataset4490,lognormal_3p,boundary_guard,1.3725241886265676,1.1575509037574652,7.991351729504809,0.18263882059507683
synthetic,dataset4492,lognormal_offset,,0.440659532510498,1.256410493155309,0.8189752179601335,0.13722313405902972
synthetic,dataset4492,lognormal_3p,interior,0.49066093015742407,1.2571620787709605,0.8534866608613241,0.1341162832995728
synthetic,dataset4498,lognormal_offset,,0.2668883695348111,1.2995196724810967,0.49093919703099703,0.18378559025183683
synthetic,dataset4498,lognormal_3p,boundary_normal_limit,0.0009968864335070172,1.290154833336001,0.3892331391017586,0.11928212797977104
synthetic,dataset4501,lognormal_offset,,0.02674451699404134,1.022084343411626,0.040768745052719595,0.015220510498540556
synthetic,dataset4501,lognormal_3p,interior,0.0023592276885329617,1.0220826788897828,0.04072734213255515,0.015177835609067363
synthetic,dataset4520,lognormal_offset,,0.14982178983587943,0.9423085098118924,0.21774642485551518,0.04787877633672758
synthetic,dataset4520,lognormal_3p,boundary_normal_limit,0.0009983875013107994,0.9418574509003902,0.20841783772311634,0.04167672018842866
synthetic,dataset4532,lognormal_offset,,0.39160792863644583,0.8261074610187472,0.5357104255308043,0.10710146191613816
synthetic,dataset4532,lognormal_3p,interior,0.5369336768981882,0.8241195050710245,0.6020045155336246,0.10333491202160569
synthetic,dataset4534,lognormal_offset,,0.44160582658099123,0.4479397309926646,0.3848467235803471,0.19820211276740954
synthetic,dataset4534,lognormal_3p,boundary_guard,1.3807013086476234,0.3361666440383544,2.672727470572558,0.1463425617512731
synthetic,dataset4539,lognormal_offset,,0.1110934085962116,1.0323623293011475,0.1710490442490093,0.04714747284936242
synthetic,dataset4539,lognormal_3p,interior,0.15912885278355038,1.032349509436668,0.1714738494285524,0.04610192823378989
synthetic,dataset454,lognormal_offset,,0.11062712447915395,0.967568253248582,0.16312410517478212,0.09814411577779078
synthetic,dataset454,lognormal_3p,boundary_guard,2.215912849640219,1.2565156940872944,40.16198436825953,0.08241378643726732
synthetic,dataset4546,lognormal_offset,,0.01275243587559297,1.0021879610063484,0.019182463975818246,0.002131014473178776
synthetic,dataset4546,lognormal_3p,interior,0.07411789058601316,1.0021889092704672,0.019174918650869618,0.0019076508930079435
synthetic,dataset4558,lognormal_offset,,0.1710418753883327,1.1869464781540875,0.29132003715315186,0.14528347885900497
synthetic,dataset4558,lognormal_3p,interior,0.40985380921918546,1.1866896910292806,0.30440409962580023,0.13702405789798747
synthetic,dataset4568,lognormal_offset,,0.30672166863859057,0.9683930672929919,0.4631907587583664,0.08602108416436684
synthetic,dataset4568,lognormal_3p,interior,0.13868016442065687,0.9690007531201654,0.4243952568937385,0.06662500738181232
synthetic,dataset4575,lognormal_offset,,0.43173029390832846,1.2773042270194184,0.8107310069332697,0.292688250304513
synthetic,dataset4575,lognormal_3p,boundary_normal_limit,0.0009984527555753156,1.288208118182973,0.5921362797203683,0.20755406855489625
synthetic,dataset4579,lognormal_offset,,0.40511088964425096,0.9329422919591633,0.603607027126059,0.14333206193694592
synthetic,dataset4579,lognormal_3p,interior,0.7558316606894213,0.9506542875300102,0.8920573761947748,0.15580422954153522
synthetic,dataset4580,lognormal_offset,,0.4719763061364096,1.1060390126987325,0.8021744006581444,0.15584078821597733
synthetic,dataset4580,lognormal_3p,interior,0.7235274672893676,1.1153182102375325,1.0737445203733995,0.1487352337273729
synthetic,dataset4581,lognormal_offset,,0.4127536553073322,1.074506477127008,0.6806405270061369,0.1872629153328004
synthetic,dataset4581,lognormal_3p,interior,0.6165858892729988,1.0755846158951088,0.789935549290487,0.149488422722793
synthetic,dataset4595,lognormal_offset,,0.08437008253492914,0.9902352287968602,0.12614651908994462,0.023726193007336326
synthetic,dataset4595,lognormal_3p,interior,0.09442083030519542,0.9902408956865124,0.12629385652797104,0.023442458632437185
synthetic,dataset4597,lognormal_offset,,0.6744929563960812,1.6359154806886917,1.68568103043899,0.585456117353703
synthetic,dataset4597,lognormal_3p,interior,1.0714780058845081,1.671874990230042,4.5064459959447065,0.5834490761962416
synthetic,dataset4601,lognormal_offset,,0.3294924899812518,1.0951379205820548,0.5430541939420979,0.11832431421088012
synthetic,dataset4601,lognormal_3p,interior,0.5307122086042957,1.0993268296778695,0.6079657951088178,0.09789076047945854
synthetic,dataset4608,lognormal_offset,,0.2963558688647897,1.057302620312758,0.4740268213665962,0.13509684960881813
synthetic,dataset4608,lognormal_3p,interior,0.5729610734035493,1.0678379112854053,0.5784085067064803,0.15319080814895206
synthetic,dataset462,lognormal_offset,,0.05786095281508505,0.9448386671788532,0.08378727212088292,0.03194150103244338
synthetic,dataset462,lognormal_3p,interior,0.6214747346108594,0.9455353835148705,0.09786651021029999,0.025220250986346757
synthetic,dataset4634,lognormal_offset,,0.26863248648471283,0.790866747758017,0.3542165129337736,0.05073581750637012
synthetic,dataset4634,lognormal_3p,interior,0.5232155820564794,0.7962619629165659,0.413900103721673,0.06698167725900306
synthetic,dataset4639,lognormal_offset,,0.34952665027794005,0.8237513248510525,0.47655683691498624,0.15371748307947322
synthetic,dataset4639,lognormal_3p,interior,0.6948519888790938,0.8230005404083567,0.5997907993987377,0.13227571303849125
synthetic,dataset4643,lognormal_offset,,0.3009100462181154,0.8838558091306864,0.42754692847047265,0.14425688674833267
synthetic,dataset4643,lognormal_3p,boundary_normal_limit,0.0009985978145006151,0.8863373160998846,0.35693805481857993,0.10997337691279464
synthetic,dataset4644,lognormal_offset,,0.32552291682549406,0.9052540419604322,0.4713356870601699,0.12339142866301189
synthetic,dataset4644,lognormal_3p,interior,0.5129849460321568,0.909255002867036,0.5301515884414499,0.12017233633699863
synthetic,dataset4645,lognormal_offset,,0.016885283242187115,1.0021200904860388,0.025398893368443264,0.009388417922015562
synthetic,dataset4645,lognormal_3p,boundary_normal_limit,0.0009943784572570774,1.0021192005077098,0.02534882381932345,0.0093902257757498
synthetic,dataset4654,lognormal_offset,,0.4128158409023008,0.8453257431541688,0.574004144769803,0.1317399223295023
synthetic,dataset4654,lognormal_3p,interior,1.2552029945504255,1.020604488404882,5.11112467286692,0.27142410451143434
synthetic,dataset4660,lognormal_offset,,0.37194816880366954,0.8343356229686844,0.5120193336191542,0.0856528168268848
synthetic,dataset4660,lognormal_3p,interior,0.5085404106596243,0.833444090028214,0.5653026658746376,0.07516914659163502
synthetic,dataset4666,lognormal_offset,,0.35288519523236755,0.8477414212563332,0.49050884855944404,0.13378712876938792
synthetic,dataset4666,lognormal_3p,interior,0.5752975375845981,0.847380122507403,0.5597464427315526,0.11812742242963589
synthetic,dataset467,lognormal_offset,,0.23661884820732385,1.0164904895788673,0.3651131215316534,0.09917118656840813
synthetic,dataset467,lognormal_3p,boundary_normal_limit,0.0009978915089020278,1.0139562059473195,0.32015179158327284,0.07744568350982825
synthetic,dataset4674,lognormal_offset,,0.020134758109473544,1.0025871258989876,0.030297195599512307,0.006501679960499784
synthetic,dataset4674,lognormal_3p,boundary_normal_limit,0.000996826760246718,1.0025852159260604,0.030135737238291768,0.006458325882930901
synthetic,dataset4677,lognormal_offset,,0.6332058057162814,0.9085677447397933,0.9453909530222944,0.6514618833877186
synthetic,dataset4677,lognormal_3p,boundary_guard,1.2753803588748776,0.7204461109596079,3.7307318719185165,0.4570965442563347
synthetic,dataset4679,lognormal_offset,,0.03980367370190134,0.9998818986792274,0.05980525857750101,0.011233568510802601
synthetic,dataset4679,lognormal_3p,boundary_normal_limit,0.000997625461875019,0.9998684731941261,0.0590468684495053,0.010546266413588853
synthetic,dataset4688,lognormal_offset,,0.33874815580724815,1.122517202782436,0.5689447045116721,0.08681766703672399
synthetic,dataset4688,lognormal_3p,interior,0.20615336419734442,1.1209728862481807,0.5235437268605952,0.08146443459600684
synthetic,dataset4697,lognormal_offset,,0.0540731152851462,1.0145629479117668,0.08207111904923778,0.011492225603153008
synthetic,dataset4697,lognormal_3p,interior,0.04226810085182567,1.0145603249073418,0.08199184840287159,0.011501822007030944
synthetic,dataset4701,lognormal_offset,,0.1512220815740123,1.0126151576897038,0.23052280606974163,0.052692988248070845
synthetic,dataset4701,lognormal_3p,interior,0.14824263335588905,1.0126059462341732,0.2303580984175814,0.05283978992789234
synthetic,dataset4722,lognormal_offset,,0.28690170553444955,0.8918778104613041,0.40924022380396785,0.08761474141809318
synthetic,dataset4722,lognormal_3p,interior,0.08435383478330653,0.893383774105593,0.3715673778396856,0.08229086077223599
synthetic,dataset4738,lognormal_offset,,0.04784946826776006,1.0460522933178946,0.0741218003496493,0.042451349836469865
synthetic,dataset4738,lognormal_3p,boundary_normal_limit,0.000994142656825488,1.0459554352577178,0.068950600035613,0.04065986032546148
synthetic,dataset4748,lognormal_offset,,0.3865392778146116,0.9385522320390772,0.5774176988029549,0.05818736451596096
synthetic,dataset4748,lognormal_3p,interior,0.38120357077474715,0.9386295829381543,0.5752047861492819,0.058126759638172446
synthetic,dataset4753,lognormal_offset,,0.4499202358371804,1.1414074979800206,0.7800148342006414,0.3615059803719084
synthetic,dataset4753,lognormal_3p,interior,0.7162336196552189,1.1349376382754037,0.9557497730237868,0.30795897983493326
synthetic,dataset4754,lognormal_offset,,0.5677218115464552,1.298741972062953,1.1167073265437228,0.46168886119665353
synthetic,dataset4754,lognormal_3p,interior,0.8176308628094328,1.2794970847697633,1.5417935211511375,0.3811494160019575
synthetic,dataset4758,lognormal_offset,,0.005727259803902526,1.0038803428861034,0.008624450286661813,0.0036907288524540604
synthetic,dataset4758,lognormal_3p,boundary_normal_limit,0.0009974108564503824,1.003880194078115,0.008581787086475516,0.003662639584079707
synthetic,dataset476,lognormal_offset,,0.43176928227141265,1.2340417548249532,0.7903460852309658,0.3698001287226055
synthetic,dataset476,lognormal_3p,boundary_normal_limit,0.0009987945001838808,1.2470131477500963,0.5783625677822362,0.2939707544359872
synthetic,dataset4781,lognormal_offset,,0.42868880122813935,1.0893524116072488,0.7156911535130446,0.10235232835935906
synthetic,dataset4781,lognormal_3p,interior,0.5926465609100295,1.0910950741279828,0.8207377191087526,0.0783094358068685
synthetic,dataset4796,lognormal_offset,,0.3157966592725384,0.8254524709298195,0.43004618676719836,0.11714585543682501
synthetic,dataset4796,lognormal_3p,interior,0.11759826101111245,0.8303866733547722,0.38809430137369205,0.10128319893494926
synthetic,dataset48,lognormal_offset,,0.2988284649029577,0.9536504165313177,0.44614825253214596,0.24798747465417897
synthetic,dataset48,lognormal_3p,boundary_guard,2.3368930452613887,2.652266946019313,227.525007494668,0.2171788742426168
synthetic,dataset4809,lognormal_offset,,0.3785720292672091,1.1414954553947423,0.6481302076707341,0.10061692121613114
synthetic,dataset4809,lognormal_3p,interior,0.3207355499793555,1.1413941016362086,0.6239744453736525,0.09465175055062476
synthetic,dataset4814,lognormal_offset,,0.3296017410656201,1.115822670609391,0.5503549374118921,0.24873032425786193
synthetic,dataset4814,lognormal_3p,interior,0.515649900254422,1.106529130636156,0.5510050223442187,0.21333080284282763
synthetic,dataset4847,lognormal_offset,,0.4191197551543323,1.0266175017781145,0.6694443436350455,0.1152234682009116
synthetic,dataset4847,lognormal_3p,interior,0.5388849947025003,1.0279367435466482,0.7429096594152712,0.1216037146792192
synthetic,dataset4849,lognormal_offset,,0.023962483430863202,0.9996437075664694,0.03598791615075511,0.005656564589480091
synthetic,dataset4849,lognormal_3p,boundary_normal_limit,0.0009975567667348888,0.9996415151627057,0.03585535348928406,0.005557071952025555
synthetic,dataset4856,lognormal_offset,,0.2811650429977747,1.0047478501470546,0.4334069603947891,0.08500984196460883
synthetic,dataset4856,lognormal_3p,interior,0.39405827725189113,1.0068932074942103,0.45882566738623304,0.08615796547643578
synthetic,dataset4858,lognormal_offset,,0.28308794230010526,0.7778620284397723,0.3700640691165549,0.09564969984986095
synthetic,dataset4858,lognormal_3p,interior,0.3344097481939417,0.7780669027673212,0.3786623539374566,0.0952043636009235
synthetic,dataset4859,lognormal_offset,,0.17563353109949284,0.9221655418611773,0.25230042794501467,0.09418890951078573
synthetic,dataset4859,lognormal_3p,boundary_normal_limit,0.0009983152921977144,0.921128572830287,0.23385447623618746,0.08386583660711576
synthetic,dataset487,lognormal_offset,,0.17232928257801086,0.4685048619489518,0.16844558544809057,0.1389947745027864
synthetic,dataset487,lognormal_3p,boundary_guard,1.5385707608086676,0.4202107938047908,0.24930646135299556,0.06278920564787899
synthetic,dataset4891,lognormal_offset,,0.19096695448048517,0.9122972735593698,0.27286040853574656,0.0537817276509441
synthetic,dataset4891,lognormal_3p,interior,0.468573767598728,0.9152379435223065,0.30886182323168615,0.05527453851942299
synthetic,dataset4893,lognormal_offset,,0.21893651624368796,0.863477916119086,0.3030109629664385,0.08962947930402623
synthetic,dataset4893,lognormal_3p,interior,0.5049315904317906,0.8643164812892458,0.3309565528172002,0.07676451735830167
synthetic,dataset4895,lognormal_offset,,0.208468945274937,0.9379472904097904,0.3038924905524306,0.059825266067917805
synthetic,dataset4895,lognormal_3p,interior,0.5291312662750894,0.9408361643957388,0.3479968111734808,0.049183700261407774
synthetic,dataset491,lognormal_offset,,0.39271141323321285,0.912323995758447,0.5754946968517018,0.20790935800030863
synthetic,dataset491,lognormal_3p,interior,0.6694309971435453,0.9208003599164268,0.7443101587436635,0.21236922303111322
synthetic,dataset4913,lognormal_offset,,0.47314385928450386,0.96352878203544,0.7253987494975335,0.1705235150242111
synthetic,dataset4913,lognormal_3p,interior,0.6944727990025001,0.9577504954283357,0.9178672771210257,0.14640381072996583
synthetic,dataset4946,lognormal_offset,,0.282320695787229,0.9958227708845468,0.43267831270349966,0.14005675061344713
synthetic,dataset4946,lognormal_3p,interior,0.47260161072451473,0.9947527775863463,0.45269251574632874,0.11384196093030693
synthetic,dataset495,lognormal_offset,,0.25759955627236786,1.0308960805178258,0.4024989526689466,0.2204530161840585
synthetic,dataset495,lognormal_3p,interior,0.004977194387989576,1.0271896340939533,0.34352503511393634,0.19754642507798706
synthetic,dataset4960,lognormal_offset,,0.034732224702839085,0.9794534863816989,0.05146918149144612,0.015728455079991526
synthetic,dataset4960,lognormal_3p,interior,0.1786186447450719,0.9794832061324995,0.052186492299262574,0.01570459934050479
synthetic,dataset4961,lognormal_offset,,0.45157546256912373,0.8674033219563133,0.6399276112071919,0.3695739330528995
synthetic,dataset4961,lognormal_3p,boundary_guard,1.796624390808091,1.816201742193142,71.30103939085389,0.3777916186779279
synthetic,dataset4965,lognormal_offset,,0.38504121570138894,2.380390363210308,1.162263852023324,0.5140125209129178
synthetic,dataset4965,lognormal_3p,boundary_normal_limit,0.0009974866133391407,2.326715386313569,0.7335088745375872,0.32561429684643683
synthetic,dataset4975,lognormal_offset,,0.04302751514720914,1.0325145388603028,0.06606058143179618,0.022158508726016747
synthetic,dataset4975,lognormal_3p,boundary_normal_limit,0.0009972499482927691,1.0324731138365593,0.06350180250107151,0.02036614817999456
synthetic,dataset4982,lognormal_offset,,0.3332362829412383,0.995800382123212,0.5148817201126504,0.19360120379619222
synthetic,dataset4982,lognormal_3p,interior,0.13777451535296614,0.993198455594089,0.4467125079595862,0.17795046068045065
synthetic,dataset499,lognormal_offset,,0.23363625121200524,1.112649122231039,0.3832183188396362,0.16218129890941235
synthetic,dataset499,lognormal_3p,boundary_normal_limit,0.0009986569121223806,1.1097192982222197,0.3335880056981053,0.13237428303929977
synthetic,dataset5000,lognormal_offset,,0.5449739003232944,1.498275272475573,1.193140190824829,0.19457253252861215
synthetic,dataset5000,lognormal_3p,interior,0.6205045081287535,1.500605288996735,1.302159904733603,0.1913753845456615
synthetic,dataset5011,lognormal_offset,,0.536166692803947,1.234409577464975,1.0042048486689852,0.16390370324913484
synthetic,dataset5011,lognormal_3p,interior,0.7265641232133407,1.233941667189041,1.2765369265178723,0.11058526367319493
synthetic,dataset5014,lognormal_offset,,0.15956762124601467,0.9736746640864145,0.23715878595713138,0.02014468451369704
synthetic,dataset5014,lognormal_3p,interior,0.17828667075022506,0.973734713445093,0.238245433959884,0.020601315308173756
synthetic,dataset5019,lognormal_offset,,0.09919742258743375,1.004459479683438,0.14984605335896517,0.019433370759874048
synthetic,dataset5019,lognormal_3p,interior,0.10603076567254996,1.0044659486738579,0.15000137946923645,0.019413416185599927
synthetic,dataset5035,lognormal_offset,,0.4869604747759487,0.9939830502761022,0.7651917613358004,0.1549741675953443
synthetic,dataset5035,lognormal_3p,interior,0.7089928742845468,0.988954738406912,0.982479338998657,0.12330958292030293
synthetic,dataset5054,lognormal_offset,,0.3423204076000224,0.9897883417740758,0.5274722966391904,0.06727929846039293
synthetic,dataset5054,lognormal_3p,interior,0.3711021272284606,0.9900438357819565,0.5364682193873255,0.06663666011443055
synthetic,dataset5070,lognormal_offset,,0.08301965296622886,1.009836204465201,0.12575207371383154,0.01916400446453167
synthetic,dataset5070,lognormal_3p,interior,0.189736301561054,1.0098506344884914,0.12683555496943935,0.017416851924249903
synthetic,dataset5076,lognormal_offset,,0.3723388834643943,0.8318620465221959,0.5115345799497273,0.04887337450495952
synthetic,dataset5076,lognormal_3p,interior,0.39473830796486303,0.8314160063170306,0.5196920082107932,0.04998377902874651
synthetic,dataset5094,lognormal_offset,,0.4144270727000283,0.9921985598578539,0.6456215993196212,0.14144315219547882
synthetic,dataset5094,lognormal_3p,interior,0.5618443763703963,0.9896693470538536,0.7179033559644465,0.11232043761050654
synthetic,dataset5100,lognormal_offset,,0.4713051150173687,1.0954966686862468,0.7952170629601419,0.11557690791208378
synthetic,dataset5100,lognormal_3p,interior,0.7043954335081211,1.097658489136536,1.0179972957970713,0.05945470320063969
synthetic,dataset5122,lognormal_offset,,0.6006105830170092,1.1915173801631536,1.112868091628447,0.24937061906654215
synthetic,dataset5122,lognormal_3p,interior,0.9945822185861641,1.2254896236730597,2.6408393697162587,0.14069821532362736
synthetic,dataset5123,lognormal_offset,,0.440775411812537,1.056015035683858,0.7206149316060002,0.07818308258007892
synthetic,dataset5123,lognormal_3p,interior,0.5722053454813838,1.0555814263571324,0.809108405330244,0.0627371841748869
synthetic,dataset5135,lognormal_offset,,0.39939601269679204,0.8828472716653798,0.5722845104689432,0.04556647491714101
synthetic,dataset5135,lognormal_3p,interior,0.3686096942453095,0.883628243926096,0.5590569034460867,0.04174523167237953
synthetic,dataset5139,lognormal_offset,,0.42792215435789693,0.8913966946353568,0.6181273593493378,0.09227407613642315
synthetic,dataset5139,lognormal_3p,interior,0.596496638045323,0.887292513708657,0.7162096695252316,0.06268046923125689
synthetic,dataset5142,lognormal_offset,,0.6061058266617126,0.9701809979693892,0.9500855798623591,0.4768197262707951
synthetic,dataset5142,lognormal_3p,boundary_guard,1.0395326864916763,0.8769145226651154,2.0914669215612283,0.29944629562431174
synthetic,dataset5168,lognormal_offset,,0.41602423432058094,1.000278568721864,0.651992169312464,0.11803580633361983
synthetic,dataset5168,lognormal_3p,interior,0.5458158887906346,0.9993321583349695,0.7214641561544987,0.11170601323739804
synthetic,dataset5187,lognormal_offset,,0.4087507811912763,0.9657260724388299,0.6242800811340188,0.05567162815893723
synthetic,dataset5187,lognormal_3p,interior,0.31039105348388524,0.9684018154303614,0.5802359845504563,0.034369464004521476
synthetic,dataset5189,lognormal_offset,,0.5094311036731091,1.08966532470846,0.8611665770765311,0.22162081645017037
synthetic,dataset5189,lognormal_3p,interior,0.7112034833965469,1.0801735099710017,1.0743004460099415,0.16826611257647858
synthetic,dataset519,lognormal_offset,,0.2527731321203242,1.4451159757542813,0.5014909447960151,0.21947080508905098
synthetic,dataset519,lognormal_3p,boundary_normal_limit,0.0009981761472854691,1.4409982702832735,0.435525029961882,0.18461830908332327
synthetic,dataset5194,lognormal_offset,,0.30658842328915153,1.006238190358059,0.47502931260391695,0.05220141264580888
synthetic,dataset5194,lognormal_3p,interior,0.22359265947450338,1.0054854405491367,0.4543217506820898,0.038511493195681014
synthetic,dataset521,lognormal_offset,,0.4242493138556603,1.4906159531736252,0.8931250519344195,0.4128343558995054
synthetic,dataset521,lognormal_3p,boundary_normal_limit,0.000998776960458473,1.5139135057815134,0.6928124643728282,0.3481487419531252
synthetic,dataset5219,lognormal_offset,,0.060489973793365265,0.9959922754884456,0.09070341842794544,0.010595142794033483
synthetic,dataset5219,lognormal_3p,boundary_normal_limit,0.000997828202802848,0.9959652831066912,0.08969812430694515,0.00974788975341179
synthetic,dataset5222,lognormal_offset,,0.29473950040911184,1.2476003078927698,0.5290351790786599,0.07661767687136663
synthetic,dataset5222,lognormal_3p,interior,0.1265169213775574,1.2457930510709605,0.4888270000253695,0.055267739663271795
synthetic,dataset5229,lognormal_offset,,0.436104026939002,1.0516874574234254,0.7103992559767693,0.07216161855505568
synthetic,dataset5229,lognormal_3p,interior,0.5285463067317018,1.051230734391033,0.7692724424128217,0.07388310718407205
synthetic,dataset5233,lognormal_offset,,0.42185065991686294,1.0218105117930911,0.6717627724438339,0.03851178414863748
synthetic,dataset5233,lognormal_3p,interior,0.48300436810097586,1.0213921846134053,0.7063421826883866,0.040223411101500614
synthetic,dataset5236,lognormal_offset,,0.3551241433210102,0.8268121073827194,0.48552827296754675,0.057066994813803076
synthetic,dataset5236,lognormal_3p,interior,0.24094085991092692,0.8294955521811941,0.45038246782169633,0.04106454373091888
synthetic,dataset5275,lognormal_offset,,0.39863528802968246,1.0906576814665392,0.6629647095814872,0.07007054787762856
synthetic,dataset5275,lognormal_3p,interior,0.5299627865131638,1.0929930278442412,0.7304164350549256,0.04546297364971541
synthetic,dataset5276,lognormal_offset,,0.4525022264893227,0.9560421401896222,0.6886553980748427,0.098062038727319
synthetic,dataset5276,lognormal_3p,interior,0.6357057418173954,0.9522159234574987,0.8211779830166311,0.06144179678298192
synthetic,dataset528,lognormal_offset,,0.26721663085920844,1.0361131613324306,0.4195756466148964,0.18918217476613988
synthetic,dataset528,lognormal_3p,boundary_normal_limit,0.0009980800229406747,1.0284689043000914,0.32295272425791227,0.12857258695121498
synthetic,dataset5287,lognormal_offset,,0.33923766639536274,1.0095052306740706,0.5295457808130151,0.04906717526619722
synthetic,dataset5287,lognormal_3p,interior,0.2896317537349579,1.009179185864986,0.5137754117798277,0.04316731989058009
synthetic,dataset5302,lognormal_offset,,0.13890829519684772,1.0866734283923578,0.22189278298263293,0.03048563350984565
synthetic,dataset5302,lognormal_3p,interior,0.25231814060589425,1.0868055729782433,0.22621028022864378,0.02505708314318556
synthetic,dataset5314,lognormal_offset,,0.4070019751034558,1.0263788486731822,0.6489749608499017,0.049489145403601845
synthetic,dataset5314,lognormal_3p,interior,0.508284593350697,1.026655347359627,0.7020537411371134,0.03268430273451395
synthetic,dataset532,lognormal_offset,,0.1561620981207826,1.070904236738036,0.24733430512889187,0.08808691635564019
synthetic,dataset532,lognormal_3p,boundary_normal_limit,0.0009985859656384106,1.070348656232235,0.23572954687710873,0.08263877535460298
synthetic,dataset5323,lognormal_offset,,0.45277759474884505,1.1674661992569055,0.7986457586680739,0.12804888877043483
synthetic,dataset5323,lognormal_3p,interior,0.5216206422967797,1.1679763717357763,0.8498353434659373,0.13291367159935832
synthetic,dataset5327,lognormal_offset,,0.42513402889427754,0.9916238000001766,0.6627845191672485,0.0887132970030023
synthetic,dataset5327,lognormal_3p,interior,0.29832047590577926,0.9943221966273877,0.5993176280215623,0.07079730941629549
synthetic,dataset5335,lognormal_offset,,0.368444145246313,0.9863639315783087,0.5684653934261381,0.09124426293815324
synthetic,dataset5335,lognormal_3p,interior,0.47964900291389495,0.9873918466239572,0.6108783489140176,0.08478714599763172
synthetic,dataset5342,lognormal_offset,,0.13741043879947226,0.9968330765156159,0.20704720317763842,0.021284231671203545
synthetic,dataset5342,lognormal_3p,interior,0.0734352692325052,0.9966518542721696,0.2037632438907249,0.018312569982442854
synthetic,dataset5351,lognormal_offset,,0.1481246753901105,1.0266056170010194,0.22782921192003655,0.028419567908446547
synthetic,dataset5351,lognormal_3p,interior,0.13630855524533572,1.0265712789314743,0.22719714620889978,0.028730860889247894
synthetic,dataset5353,lognormal_offset,,0.4536689953859184,1.0574288754899697,0.7437036792713867,0.06505665575721765
synthetic,dataset5353,lognormal_3p,interior,0.611969647440479,1.057594973388844,0.865710629599416,0.041153758887708725
synthetic,dataset5356,lognormal_offset,,0.31078961227072993,1.0191350058582682,0.48603362670713457,0.07675951977842704
synthetic,dataset5356,lognormal_3p,interior,0.3630412450923062,1.0199689868545778,0.4987798752480722,0.07646948014832985
synthetic,dataset5367,lognormal_offset,,0.3924745389538722,1.0378188810553273,0.6295037156874043,0.03519831877215965
synthetic,dataset5367,lognormal_3p,interior,0.4579594199182559,1.038166596748582,0.6602934032424373,0.03945222198640517
synthetic,dataset5368,lognormal_offset,,0.36361387426459263,1.004210214072503,0.5676232404470438,0.08618119680057255
synthetic,dataset5368,lognormal_3p,interior,0.1330416074550001,1.0083179880048558,0.4890893982205602,0.03850212654668857
synthetic,dataset5372,lognormal_offset,,0.3664878575779089,0.9530080013905005,0.5520855725090444,0.18395065989358592
synthetic,dataset5372,lognormal_3p,interior,0.5568899935331988,0.9441017999907847,0.5802169571599483,0.13818623432659208
synthetic,dataset5374,lognormal_offset,,0.421152903712382,1.0230888716198459,0.6711979534324859,0.09571680488086763
synthetic,dataset5374,lognormal_3p,interior,0.5233644170836749,1.0221521015200967,0.7275918722876852,0.08356659123621511
synthetic,dataset5387,lognormal_offset,,0.398162792634381,0.8787267797929101,0.5686241956908504,0.0441060985914556
synthetic,dataset5387,lognormal_3p,interior,0.38099416580627704,0.8791592717073768,0.5612717009745154,0.04459251808571099
synthetic,dataset5399,lognormal_offset,,0.3501747831822643,0.9853661037168842,0.5385467683353712,0.06761393618861185
synthetic,dataset5399,lognormal_3p,interior,0.4400696495302754,0.9864470941217756,0.5684870531071576,0.056116269538420256
synthetic,dataset5400,lognormal_offset,,0.37077952809316383,1.097661649588019,0.6165651566354227,0.09059108936763878
synthetic,dataset5400,lognormal_3p,interior,0.2688317285260046,1.0972158436120638,0.5749820828730894,0.07768647165477022
synthetic,dataset541,lognormal_offset,,0.27465154302581196,1.4947150426126394,0.5607487754395287,0.25647814219964216
synthetic,dataset541,lognormal_3p,boundary_normal_limit,0.0009979132973584,1.4904785154274363,0.48497267291588037,0.21873690199551826
synthetic,dataset5417,lognormal_offset,,0.46754153530278525,1.0905634968081588,0.7857594594651937,0.048377294652740474
synthetic,dataset5417,lognormal_3p,interior,0.5844331042092841,1.0903661809404772,0.8814905163497847,0.033088366319126275
synthetic,dataset5424,lognormal_offset,,0.40692299368239643,0.9988331583871447,0.6364071857901816,0.06175856601333508
synthetic,dataset5424,lognormal_3p,interior,0.4208074872009903,0.9986869192333484,0.643267830439319,0.06310400961453455
synthetic,dataset5425,lognormal_offset,,0.08630339530628289,1.0073636263076982,0.13053234292810617,0.024872908154433552
synthetic,dataset5425,lognormal_3p,boundary_normal_limit,0.000997021995910694,1.0071810187226553,0.12478440265074539,0.019022437687147384
synthetic,dataset5426,lognormal_offset,,0.3918179943787993,1.0142763230074852,0.6183067021361829,0.049708189625922425
synthetic,dataset5426,lognormal_3p,interior,0.5292789061679328,1.016098920861498,0.6852050628551521,0.023899618828664624
synthetic,dataset5429,lognormal_offset,,0.40386566986802963,0.9537912787876224,0.6111350066440031,0.08257826454653551
synthetic,dataset5429,lognormal_3p,interior,0.4869542787137806,0.9528808848466614,0.6513086862244213,0.0806421246151721
synthetic,dataset5448,lognormal_offset,,0.08188959942059408,0.9982067621103801,0.12307849785618992,0.015100184526907883
synthetic,dataset5448,lognormal_3p,interior,0.11995694066252807,0.9982252138665918,0.1236177112921293,0.014803965390301939
synthetic,dataset5462,lognormal_offset,,0.3710245912385626,1.0194749473870803,0.5859019474852608,0.04428811884152209
synthetic,dataset5462,lognormal_3p,interior,0.3462893786168125,1.0195079187167067,0.5762784435586226,0.044219657222832595
synthetic,dataset5471,lognormal_offset,,0.387919553571726,0.9207244678047172,0.5718871297609659,0.0651893613577339
synthetic,dataset5471,lognormal_3p,interior,0.4254538014102519,0.9202342150897493,0.587728367031393,0.06574270607261286
synthetic,dataset5474,lognormal_offset,,0.39455423105209525,0.7584242542294031,0.508808379944885,0.07024445216151856
synthetic,dataset5474,lognormal_3p,interior,0.5851667696929316,0.756210796262029,0.6043536011454786,0.07999833450291663
synthetic,dataset5475,lognormal_offset,,0.08246352925954192,1.015176305186329,0.1253482498053031,0.01704185000117555
synthetic,dataset5475,lognormal_3p,interior,0.04400260894880635,1.0151504719141968,0.12467369362149078,0.017022463062920733
synthetic,dataset5483,lognormal_offset,,0.28563457962473987,0.9331233595082596,0.41953149343756035,0.07602312645821796
synthetic,dataset5483,lognormal_3p,interior,0.15509784901272258,0.9326339794182158,0.39307840365501107,0.0564905404981554
synthetic,dataset5486,lognormal_offset,,0.27918179733890414,0.9741137777783461,0.4214244405690925,0.13863255414579392
synthetic,dataset5486,lognormal_3p,interior,0.39190692258763093,0.9749709249137322,0.4389221612635547,0.13059288726499316
synthetic,dataset5499,lognormal_offset,,0.33635862457059973,1.0220286791583253,0.5292487182830607,0.1465927689436311
synthetic,dataset5499,lognormal_3p,interior,0.44087345828357094,1.0234481003271958,0.5590041443833645,0.13424337105995976
synthetic,dataset5503,lognormal_offset,,0.4306319918861947,1.0178029977713818,0.6845212256942874,0.03373612282758246
synthetic,dataset5503,lognormal_3p,interior,0.504592580013329,1.0171822453632806,0.7290772023406719,0.03171174070469471
synthetic,dataset5506,lognormal_offset,,0.3841456792775023,0.9732741246263031,0.5883744152054092,0.055298777671841916
synthetic,dataset5506,lognormal_3p,interior,0.4843243907642729,0.9736521651382035,0.6322817386009209,0.05166590836572158
synthetic,dataset5507,lognormal_offset,,0.26883665411271723,1.0357554586186075,0.42212899369211804,0.03870592515003343
synthetic,dataset5507,lognormal_3p,interior,0.3192776113878184,1.0364547671765114,0.43124630184983803,0.03616099100823186
synthetic,dataset551,lognormal_offset,,0.5022168490597716,1.408311363013441,1.0335074858665663,0.5221747593966357
synthetic,dataset551,lognormal_3p,boundary_guard,2.453455661101962,41.27322179162954,5013.757851204213,0.932943090558437
synthetic,dataset5511,lognormal_offset,,0.07434958474138444,0.9870878278616535,0.1108800325897644,0.027401797223557227
synthetic,dataset5511,lognormal_3p,interior,0.18563226483771178,0.9870859600743808,0.11159722164060543,0.025030589409949074
synthetic,dataset5524,lognormal_offset,,0.415840320614113,0.9706934406609785,0.6378668756921656,0.08477510524755436
synthetic,dataset5524,lognormal_3p,interior,0.4317772447862248,0.9704149794391581,0.645991628720143,0.08351570352054245
synthetic,dataset5526,lognormal_offset,,0.3103042868534448,1.042430070253706,0.4927374517069235,0.05672725095962707
synthetic,dataset5526,lognormal_3p,interior,0.216747146223209,1.0412694675580956,0.46746322254612055,0.04284930307435717
synthetic,dataset5530,lognormal_offset,,0.456395926928941,0.8857231699959851,0.6568140497427266,0.1744089182313772
synthetic,dataset5530,lognormal_3p,interior,0.7235563156044946,0.87594922707427,0.860548991966488,0.118818148083117
synthetic,dataset5541,lognormal_offset,,0.16355209257332443,0.9439244742260506,0.23826136222108213,0.054814747911286814
synthetic,dataset5541,lognormal_3p,interior,0.2437373264431346,0.9440002706306307,0.2413976430220354,0.052794692495292735
synthetic,dataset555,lognormal_offset,,0.2027610383192571,1.0787581849126466,0.32430328314980505,0.21326854097907966
synthetic,dataset555,lognormal_3p,boundary_normal_limit,0.0009984632725711761,1.0744428803726103,0.2588279947578801,0.1716185873730559
synthetic,dataset5560,lognormal_offset,,0.11514406538618668,1.0341427462372876,0.17753774936511557,0.03266067172569229
synthetic,dataset5560,lognormal_3p,interior,0.0320723964347868,1.0339903518772755,0.17433829116754754,0.028904456099392746
synthetic,dataset5562,lognormal_offset,,0.2986410932191702,1.0104805135921078,0.46342427439634887,0.07394643309151329
synthetic,dataset5562,lognormal_3p,interior,0.528322950249844,1.0149064147182918,0.5251352273507468,0.04582295379593728
synthetic,dataset5563,lognormal_offset,,0.5615559061011237,1.3767095309649668,1.1552547717486998,0.4362245636959238
synthetic,dataset5563,lognormal_3p,interior,0.773826455724876,1.3736404602405032,1.5263823990519672,0.3937015247578546
synthetic,dataset5568,lognormal_offset,,0.022431563421633022,0.9936809400647686,0.03355409803024044,0.0041613741124363985
synthetic,dataset5568,lognormal_3p,interior,0.13250024936397234,0.993684109020886,0.03361694455116215,0.003637049192499741
synthetic,dataset5571,lognormal_offset,,0.3455255919515655,0.7169968368356755,0.43006193919835894,0.1755221983709441
synthetic,dataset5571,lognormal_3p,interior,0.5906117710602349,0.7075514006668807,0.4692104614689601,0.13417321105995336
synthetic,dataset558,lognormal_offset,,0.44890391082436965,1.2312615607203443,0.8232266860690676,0.3492660569430233
synthetic,dataset558,lognormal_3p,boundary_normal_limit,0.0009984907183688532,1.2427394137067083,0.5853363466015943,0.2527192639992566
synthetic,dataset5580,lognormal_offset,,0.37607248323560144,0.9346650323502322,0.5595967385594733,0.09052774061484394
synthetic,dataset5580,lognormal_3p,interior,0.47908848335553206,0.9342080847836737,0.5988157696656707,0.08413908344823404
synthetic,dataset5588,lognormal_offset,,0.0525655451051068,0.9981863177608038,0.07891673735513823,0.012485129885692243
synthetic,dataset5588,lognormal_3p,boundary_normal_limit,0.0009973245909786121,0.9981658096844132,0.07809794522457901,0.011169977603087846
synthetic,dataset5603,lognormal_offset,,0.3300824649111194,0.8560339738574241,0.4608975008158958,0.04462138735636503
synthetic,dataset5603,lognormal_3p,interior,0.3302040322952964,0.8560335901813954,0.4609305838002486,0.04461700873417378
synthetic,dataset5608,lognormal_offset,,0.4321842110806711,0.9686543148288157,0.662937566513647,0.08939059296921908
synthetic,dataset5608,lognormal_3p,interior,0.5673056258086414,0.9665927390178963,0.7448239603723479,0.07842345089310143
synthetic,dataset5609,lognormal_offset,,0.11459052215636543,0.9968088850112088,0.17237838766945862,0.02477224937335687
synthetic,dataset5609,lognormal_3p,interior,0.18024819953894608,0.9968677219145567,0.17404668386456495,0.02229164577914636
synthetic,dataset5612,lognormal_offset,,0.05335568610914633,0.9918807427758798,0.0797677051348571,0.011311484343381474
synthetic,dataset5612,lognormal_3p,interior,0.16452725845842367,0.991898957377328,0.08041730274530749,0.010406783914053417
synthetic,dataset5616,lognormal_offset,,0.34374703866877265,0.8899834879064475,0.49316645627041034,0.13911338100744275
synthetic,dataset5616,lognormal_3p,interior,0.4903039839891165,0.8895887616278929,0.5303448903475252,0.12049409759101586
synthetic,dataset5618,lognormal_offset,,0.1852704081248747,1.0730089314362787,0.29467174060235685,0.03676396113444949
synthetic,dataset5618,lognormal_3p,interior,0.1522145584097024,1.0728354740474173,0.29185120038519763,0.03689646233198784
synthetic,dataset5623,lognormal_offset,,0.38146021731376795,1.0063056008744535,0.5978182224424569,0.10321661467075788
synthetic,dataset5623,lognormal_3p,interior,0.5117631294012991,1.0071992477265044,0.6517791533261897,0.08906774527891292
synthetic,dataset5633,lognormal_offset,,0.18413893183392274,0.9609546257481844,0.271972375551279,0.06354861579823942
synthetic,dataset5633,lognormal_3p,interior,0.13174377398290943,0.9605562238512662,0.26671312752103005,0.059873482696968336
synthetic,dataset565,lognormal_offset,,0.2725010447339586,1.2031442457255517,0.4748443203403497,0.19957900481549584
synthetic,dataset565,lognormal_3p,interior,0.033524353991949966,1.2015074689427234,0.4264784529352487,0.18089472541029086
synthetic,dataset5655,lognormal_offset,,0.47495561059777613,0.8462610973402432,0.6609657610694643,0.12204929538875733
synthetic,dataset5655,lognormal_3p,interior,0.6984472632531751,0.8395366804167042,0.8529059758576314,0.09489112294127396
synthetic,dataset5658,lognormal_offset,,0.3873685238961838,1.019909842919136,0.613304282012751,0.08727992793615927
synthetic,dataset5658,lognormal_3p,interior,0.29851286262561794,1.0213078031781455,0.57676132554137,0.07517741628620532
synthetic,dataset5661,lognormal_offset,,0.5260983500855784,1.0854097448512425,0.889104430042754,0.3426655319755578
synthetic,dataset5661,lognormal_3p,interior,0.8046628611801909,1.0534922086789404,1.1936669913114295,0.2683616402145425
synthetic,dataset5665,lognormal_offset,,0.01083593322748914,0.996722766108054,0.016240117977414502,0.003181804735284651
synthetic,dataset5665,lognormal_3p,interior,0.013715852996617563,0.9967228297980569,0.016240873163122886,0.0031857186178708133
synthetic,dataset5666,lognormal_offset,,0.4805383812720271,1.0950313060238377,0.8116824761335929,0.1422615914332955
synthetic,dataset5666,lognormal_3p,interior,0.6875053723843827,1.0953148252308564,1.014618277242302,0.12014060073573492
synthetic,dataset5668,lognormal_offset,,0.43106455211726075,0.853651975847139,0.6036882981267205,0.18012001918355705
synthetic,dataset5668,lognormal_3p,interior,0.608387759210564,0.843987143441405,0.6950313381134596,0.15758943893551225
synthetic,dataset5681,lognormal_offset,,0.18760364358433,0.9664409970966746,0.27823305046085667,0.051211549642560146
synthetic,dataset5681,lognormal_3p,interior,0.07081175223216579,0.9657095944095996,0.26727171372475733,0.04086860370244083
synthetic,dataset5687,lognormal_offset,,0.3864156313704064,0.833255226637151,0.5317019775841938,0.04829734807200144
synthetic,dataset5687,lognormal_3p,interior,0.5472124386150081,0.8326557372540099,0.6062696256807051,0.056867645933925674
synthetic,dataset5691,lognormal_offset,,0.060277851690485974,1.0107905451749977,0.09127877843879333,0.019586192920852924
synthetic,dataset5691,lognormal_3p,boundary_normal_limit,0.000996615118655283,1.0107623719321277,0.09032704781583602,0.019944608137782524
synthetic,dataset572,lognormal_offset,,0.2565154447021769,0.9445169252910333,0.3781005640098676,0.19150469470880316
synthetic,dataset572,lognormal_3p,interior,0.8109215951454275,0.9361613508473898,0.5024071955389672,0.1597945007086391
synthetic,dataset5726,lognormal_offset,,0.559112331584726,1.2584388594262408,1.069681822746879,0.08888922084117055
synthetic,dataset5726,lognormal_3p,interior,0.6972849643675554,1.262266757520394,1.2880695630215764,0.0926838617055879
synthetic,dataset5738,lognormal_offset,,0.30397071718127694,1.0791041981746665,0.493689083214165,0.03816375273109559
synthetic,dataset5738,lognormal_3p,interior,0.2103949784103269,1.0780650803119363,0.4705631648457564,0.031888768707711394
synthetic,dataset574,lognormal_offset,,0.24044346320274862,0.792880792642532,0.3164050466308334,0.07153489666441387
synthetic,dataset574,lognormal_3p,interior,0.25651331625522356,0.7930082631841607,0.3184314955270879,0.07195209179318367
synthetic,dataset5742,lognormal_offset,,0.029832798574384693,1.0245503576836998,0.0455523509062819,0.010350007901733696
synthetic,dataset5742,lognormal_3p,interior,0.1264938851166647,1.0245338305978209,0.04517334526072481,0.008595302569746032
synthetic,dataset5743,lognormal_offset,,0.04551940231098728,0.9787323527504318,0.06743795672125029,0.010850378901661045
synthetic,dataset5743,lognormal_3p,interior,0.05670951763498561,0.9787340366642886,0.0674874295313171,0.010787693633893387
synthetic,dataset5748,lognormal_offset,,0.40044156500348954,1.047859148361195,0.6474157339319551,0.04519033479343375
synthetic,dataset5748,lognormal_3p,interior,0.408653738133462,1.0478364619890626,0.6513864443710153,0.04464654312393755
synthetic,dataset5751,lognormal_offset,,0.44176869180167566,1.0956523031846366,0.7421219587771085,0.07089163457540297
synthetic,dataset5751,lognormal_3p,interior,0.5582648196099032,1.0969219301041706,0.8254803580214553,0.06938639087414963
synthetic,dataset5765,lognormal_offset,,0.5704897218579796,1.2013781193715323,1.0549157485187752,0.1484827164214756
synthetic,dataset5765,lognormal_3p,interior,0.8958795988268085,1.2168612647682264,1.8864423573655829,0.11088579811763978
synthetic,dataset5772,lognormal_offset,,0.3502379393717631,0.6434899782225526,0.4061242579759261,0.07758280778551184
synthetic,dataset5772,lognormal_3p,interior,0.5108038900720712,0.6379805401321575,0.45216015006824983,0.06175588612590974
synthetic,dataset5778,lognormal_offset,,0.331494757250711,1.011505676311103,0.5175234428828074,0.060194259306512794
synthetic,dataset5778,lognormal_3p,interior,0.15271795103550892,1.012237125442346,0.46561707052825835,0.02889886012236352
synthetic,dataset578,lognormal_offset,,0.02980552755118055,0.9959478995890534,0.04465685248725187,0.016310634509379487
synthetic,dataset578,lognormal_3p,boundary_normal_limit,0.0009986438463006609,0.9959441157720411,0.04444289396591177,0.016179861997571876
synthetic,dataset5793,lognormal_offset,,0.22706810940744435,0.9698624280249821,0.33915617986940094,0.033399503167632454
synthetic,dataset5793,lognormal_3p,interior,0.2190947680976944,0.9697899487810014,0.3381676722389974,0.03360032237304461
synthetic,dataset5795,lognormal_offset,,0.595335135044857,1.2165090975000772,1.120113338492893,0.2712921247591505
synthetic,dataset5795,lognormal_3p,interior,0.9359852983860969,1.2118047100625255,2.101321344950162,0.14793409277570524
synthetic,dataset580,lognormal_offset,,0.15459521496379827,0.7572396213360287,0.1959324543621297,0.10889533424853945
synthetic,dataset580,lognormal_3p,interior,0.47450320849695254,0.7544149956984357,0.18966022465480945,0.09038470358098995
synthetic,dataset5807,lognormal_offset,,0.1703833571518148,1.007091448490079,0.25924169932491925,0.021806830801838626
synthetic,dataset5807,lognormal_3p,interior,0.12540940960421645,1.0069117774923548,0.2561436268475696,0.020521587173317046
synthetic,dataset5809,lognormal_offset,,0.43290097556759205,0.9358781917773019,0.6477752413899427,0.06552985730994712
synthetic,dataset5809,lognormal_3p,interior,0.5823657551262351,0.9334274533408311,0.7402193570595824,0.040593248568383956
synthetic,dataset5815,lognormal_offset,,0.25464966203349015,1.0869547276207379,0.4122841353332825,0.02042488532551484
synthetic,dataset5815,lognormal_3p,interior,0.263450117656366,1.0870727372650253,0.4137820009382057,0.020273680999056527
synthetic,dataset5816,lognormal_offset,,0.36550841462202655,0.963801864800554,0.5548153021780708,0.09870421034862899
synthetic,dataset5816,lognormal_3p,interior,0.1538425092827963,0.967041706772665,0.48074930711885283,0.07142132493349697
synthetic,dataset5819,lognormal_offset,,0.48225672291173444,1.0327829366786905,0.7796048844868875,0.07604645830388408
synthetic,dataset5819,lognormal_3p,interior,0.6908551665716678,1.0329212218090886,0.9884438798850416,0.05625524439554982
synthetic,dataset5839,lognormal_offset,,0.04588460526274835,1.0000754222076385,0.06896082066789987,0.009815301122420518
synthetic,dataset5839,lognormal_3p,interior,0.06991543958383985,1.0000781334535107,0.06904174815826647,0.009428631970034632
synthetic,dataset5856,lognormal_offset,,0.36089818703267257,0.8713206597463274,0.5112568487485658,0.028278294415443377
synthetic,dataset5856,lognormal_3p,interior,0.32547368661738424,0.8718688382982503,0.4992887761217283,0.027783978152540408
synthetic,dataset5862,lognormal_offset,,0.3521244266080467,1.057093548004191,0.5685353617788342,0.06529350846026226
synthetic,dataset5862,lognormal_3p,interior,0.4073320757720524,1.0579430388932918,0.5877186070670202,0.06378413751339901
synthetic,dataset5868,lognormal_offset,,0.3640885441020938,0.9384629246464004,0.5425793487209251,0.07096016437244346
synthetic,dataset5868,lognormal_3p,interior,0.4942621384345461,0.9394998813015847,0.590629665110618,0.06847382930110901
synthetic,dataset5869,lognormal_offset,,0.4254214408917021,0.7136356331496018,0.5242727738941432,0.0792583800031862
synthetic,dataset5869,lognormal_3p,interior,0.6413800055172388,0.7055742196912106,0.6480440176353816,0.0500271785655185
synthetic,dataset5874,lognormal_offset,,0.37248697493120786,0.877507399651962,0.5306550176032845,0.08917550293846846
synthetic,dataset5874,lognormal_3p,interior,0.4891590667546249,0.8763750559154818,0.573178132058689,0.07460811881076182
synthetic,dataset5876,lognormal_offset,,0.40203875828347985,0.8336775533287518,0.5535379215429769,0.07880731507534879
synthetic,dataset5876,lognormal_3p,interior,0.6145378581406923,0.8300362920194775,0.657074177531018,0.05088424794641013
synthetic,dataset5884,lognormal_offset,,0.03634337549815995,0.9927718982310044,0.05434329043333245,0.006907058906443388
synthetic,dataset5884,lognormal_3p,boundary_normal_limit,0.0009969526228362114,0.992767533128081,0.05419731180458787,0.006534006099605643
synthetic,dataset5887,lognormal_offset,,0.29371461691505796,0.8982841317067654,0.4213166351848737,0.06734639328455078
synthetic,dataset5887,lognormal_3p,interior,0.6266357222743297,0.9095400834896862,0.5413233517114172,0.09058626550661253
synthetic,dataset5889,lognormal_offset,,0.4132472274336752,0.8846737210991942,0.5933690444052829,0.1120747038585163
synthetic,dataset5889,lognormal_3p,interior,0.6805892406971374,0.8843141992716418,0.7519109904656331,0.07813175466400803
synthetic,dataset5892,lognormal_offset,,0.3550286878616615,1.17662953242148,0.6183066832500661,0.19773382764338887
synthetic,dataset5892,lognormal_3p,interior,0.07697900455716931,1.1776682697757777,0.5179152716764605,0.1511772798076253
synthetic,dataset5893,lognormal_offset,,0.3697613075473335,0.7835952883022541,0.4878815782738312,0.05311330754185537
synthetic,dataset5893,lognormal_3p,interior,0.6164480689495296,0.7849494511915935,0.5950935091963401,0.026844384238145006
synthetic,dataset5907,lognormal_offset,,0.4393959182004181,1.3100576257201568,0.8423053556697736,0.061862104801767355
synthetic,dataset5907,lognormal_3p,interior,0.35136757529397666,1.3096557407250895,0.7853265448201219,0.04588154139114838
synthetic,dataset5917,lognormal_offset,,0.07520131353996631,0.9983311761531535,0.11300220794031922,0.016756839626181755
synthetic,dataset5917,lognormal_3p,interior,0.12098372212058849,0.998342975011153,0.11343305177772911,0.015712906692159696
synthetic,dataset5922,lognormal_offset,,0.27749001843768484,0.9547596179869298,0.413239801769148,0.039085909923003065
synthetic,dataset5922,lognormal_3p,interior,0.43887419182910165,0.957263712445522,0.44646381874962016,0.02529484341966479
synthetic,dataset5923,lognormal_offset,,0.4311080619585377,1.1252288144078617,0.7372336155012865,0.08725014412866987
synthetic,dataset5923,lognormal_3p,interior,0.5349215002300992,1.1264757221647876,0.8052349684776045,0.0910836242363103
synthetic,dataset5925,lognormal_offset,,0.4081001358557063,1.0089109041521933,0.6429096856395728,0.06892261090389598
synthetic,dataset5925,lognormal_3p,interior,0.4926260548775492,1.0085374249598935,0.6860672217514111,0.06626778613769015
synthetic,dataset5926,lognormal_offset,,0.46752303722842947,1.2716949370667379,0.8819542164350528,0.10572908020976884
synthetic,dataset5926,lognormal_3p,interior,0.6928849640726807,1.288293069109292,1.137230891602836,0.13918376008777733
synthetic,dataset5927,lognormal_offset,,0.3056978820044626,1.0304931548639265,0.4812650567776113,0.10896359764877078
synthetic,dataset5927,lognormal_3p,interior,0.14580784614346953,1.0288146994830483,0.43780941067571577,0.08953043096901768
synthetic,dataset5939,lognormal_offset,,0.40834573089556264,0.9966180713057323,0.6377304211220929,0.05342100933347647
synthetic,dataset5939,lognormal_3p,interior,0.5075040019348056,0.9961555805084432,0.6886091163086784,0.04169384069221648
synthetic,dataset5942,lognormal_offset,,0.5273622795245368,1.0002588727204071,0.8364477565856829,0.09143433853990393
synthetic,dataset5942,lognormal_3p,interior,0.5780047263239022,1.0005458426033271,0.8867861911853003,0.10141188398127947
synthetic,dataset5947,lognormal_offset,,0.056798838702333224,0.9925984563635791,0.08496513860569278,0.01628796145137485
synthetic,dataset5947,lognormal_3p,interior,0.06029819132368456,0.9925993483542326,0.08499124894738701,0.016243593859042494
synthetic,dataset5958,lognormal_offset,,0.14855518621674185,1.000211304448043,0.22454905881458076,0.024982377218404708
synthetic,dataset5958,lognormal_3p,interior,0.1147846831511108,1.000111096166291,0.22273611854360997,0.02423740497993633
synthetic,dataset597,lognormal_offset,,0.6471223943734358,1.059991622693055,1.1047176476498808,0.3244892951075107
synthetic,dataset597,lognormal_3p,boundary_guard,2.3220844262080194,15.316253199183912,1722.835071172714,0.6316801044644953
synthetic,dataset598,lognormal_offset,,0.1270014419418492,0.9239530545299415,0.1819034390741166,0.07761425687010876
synthetic,dataset598,lognormal_3p,boundary_guard,2.5421285936782665,11.801809724669873,1410.139486811015,0.19063182329298586
synthetic,dataset5989,lognormal_offset,,0.2266200167459429,1.0238169935072816,0.3508948907148134,0.045182062802649824
synthetic,dataset5989,lognormal_3p,interior,0.266778494265728,1.0241702073964205,0.355890823177831,0.04346686303322924
synthetic,dataset6004,lognormal_offset,,0.34706931499403754,1.0084316731318144,0.5420329942667546,0.04934402622223708
synthetic,dataset6004,lognormal_3p,interior,0.23656514585279934,1.00915256573368,0.5072096257375823,0.03293109663907088
synthetic,dataset6006,lognormal_offset,,0.47425101898265193,0.965921034444592,0.7285095701778221,0.14372750549302418
synthetic,dataset6006,lognormal_3p,interior,0.7027825629348351,0.9599767973704746,0.930115322499865,0.11290576471115928
synthetic,dataset6010,lognormal_offset,,0.05231572628889426,0.9997879238070145,0.07862507168959143,0.009902784599185008
synthetic,dataset6010,lognormal_3p,boundary_normal_limit,0.0009971393313745833,0.999774761963736,0.07818312504663207,0.009373701725731624
synthetic,dataset6021,lognormal_offset,,0.36232459352312957,0.8380157744343137,0.5000383233210395,0.04982487124926406
synthetic,dataset6021,lognormal_3p,interior,0.46711735469072857,0.8371717842199874,0.5366040803825297,0.0366043565381604
synthetic,dataset6028,lognormal_offset,,0.3798459476645719,0.8595065208972946,0.5337674028351547,0.026371270002680285
synthetic,dataset6028,lognormal_3p,interior,0.428321333764609,0.858771653222669,0.5530973656240844,0.02828007190967662
synthetic,dataset6042,lognormal_offset,,0.5666108701682223,1.3406631847302646,1.1429345891951477,0.1608854274529326
synthetic,dataset6042,lognormal_3p,interior,0.8896294719297526,1.3699754025704494,2.013610047172413,0.10358097656161568
synthetic,dataset6047,lognormal_offset,,0.38080894526552334,0.9597064531865676,0.5773823128321244,0.09425956973705137
synthetic,dataset6047,lognormal_3p,interior,0.3677361131852048,0.9598650693091639,0.5721378348299128,0.0929774579176497
synthetic,dataset6050,lognormal_offset,,0.22589752644819588,0.9484252693445995,0.33243326605926427,0.03698941368851208
synthetic,dataset6050,lognormal_3p,interior,0.31304765477146723,0.9490854508960795,0.3425145594387255,0.033021987180132724
synthetic,dataset6059,lognormal_offset,,0.24307618228375136,0.9373042249596698,0.3558044511489347,0.10530380891859534
synthetic,dataset6059,lognormal_3p,interior,0.28129635734399516,0.9375976608665877,0.3602466992625303,0.10306973002926512
synthetic,dataset6062,lognormal_offset,,0.24030113757236823,0.9783464154118784,0.36165157941657683,0.07698656031380066
synthetic,dataset6062,lognormal_3p,interior,0.3579689434536689,0.9789230342254001,0.3747253788240071,0.06503594582141663
synthetic,dataset6063,lognormal_offset,,0.28822127283260346,1.0548916277355707,0.4596685092437935,0.04911886159889333
synthetic,dataset6063,lognormal_3p,interior,0.1566760944955437,1.0539601554090945,0.4321149447005585,0.034353652169820954
synthetic,dataset6066,lognormal_offset,,0.2484666400472903,0.9256452333040697,0.3610195314915279,0.06540052175905045
synthetic,dataset6066,lognormal_3p,interior,0.36834556153890996,0.9263131298597829,0.3749718795260774,0.05892095948922034
synthetic,dataset6072,lognormal_offset,,0.33942304889597336,1.099752194014025,0.5620558060399213,0.05233172578687019
synthetic,dataset6072,lognormal_3p,interior,0.20984818294291696,1.0993913707382015,0.5210146473326963,0.0442767377700233
synthetic,dataset6079,lognormal_offset,,0.4753372168555351,1.069732601747525,0.7882917796204297,0.0714934250681893
synthetic,dataset6079,lognormal_3p,interior,0.640544195330247,1.0698719889472685,0.9386203859722113,0.06544298184073293
synthetic,dataset6085,lognormal_offset,,0.4044378333740986,0.988464498829979,0.627678315564878,0.05065333245022935
synthetic,dataset6085,lognormal_3p,interior,0.47114294666973716,0.9880768145711089,0.6608075611443913,0.045560990161533164
synthetic,dataset6093,lognormal_offset,,0.5386147623571073,1.6723211941769471,1.2848434593676177,0.15065465597271038
synthetic,dataset6093,lognormal_3p,interior,0.6575330463522226,1.6816096284875095,1.478869256334487,0.14889895638249265
synthetic,dataset6102,lognormal_offset,,0.4396569691763189,1.126060585859918,0.7533326552019451,0.1345129765801907
synthetic,dataset6102,lognormal_3p,interior,0.5965825611025779,1.1268379228394596,0.858630762767343,0.10343011815962071
synthetic,dataset6108,lognormal_offset,,0.4490642680917255,0.9112971349193528,0.6597083215627484,0.09492564670597256
synthetic,dataset6108,lognormal_3p,interior,0.7035239164258194,0.9087827057334106,0.8607438119085687,0.04621617264366507
synthetic,dataset6110,lognormal_offset,,0.45617781275230884,1.1178631702840867,0.7795377038943386,0.11492493418650668
synthetic,dataset6110,lognormal_3p,interior,0.25367709431310465,1.1242514611308856,0.6639977874693608,0.06653032951744729
synthetic,dataset6112,lognormal_offset,,0.3853599312295857,1.023327269501284,0.6113894308747292,0.10105547151975205
synthetic,dataset6112,lognormal_3p,interior,0.5007616901909064,1.0244862277198772,0.6627075232367038,0.09185828531980939
synthetic,dataset6126,lognormal_offset,,0.11648733434804961,0.9896882690941766,0.17441976788032013,0.020712777928473213
synthetic,dataset6126,lognormal_3p,interior,0.15022593555935113,0.9897279821713456,0.17537792040138747,0.020614748234683337
synthetic,dataset6130,lognormal_offset,,0.45109555294115616,1.0199204055482902,0.7198298570710262,0.07742514159765732
synthetic,dataset6130,lognormal_3p,interior,0.6337857388518756,1.0209643083102284,0.86382040282742,0.06236361980514269
synthetic,dataset6139,lognormal_offset,,0.47415267092180124,1.3319343744739873,0.9279182506303574,0.10490047020011022
synthetic,dataset6139,lognormal_3p,interior,0.5759758354233484,1.3340875709614308,1.019827704195835,0.09431045350146357
synthetic,dataset6151,lognormal_offset,,0.40316617427551643,0.967665478023634,0.6162831515095202,0.10054833428962975
synthetic,dataset6151,lognormal_3p,interior,0.5432829168046486,0.9668175012155145,0.6838051841189231,0.07816939997352952
synthetic,dataset6153,lognormal_offset,,0.3453307724284279,0.9482286847807535,0.5170758423534566,0.08940262691138964
synthetic,dataset6153,lognormal_3p,interior,0.4234053790816045,0.9486580368062641,0.5404178055279362,0.08915646227177702
synthetic,dataset6179,lognormal_offset,,0.3237142071602009,1.2349677475972978,0.5799746905696535,0.07555030302227138
synthetic,dataset6179,lognormal_3p,interior,0.1949955865768089,1.232478342903257,0.538050825726594,0.050146018789717584
synthetic,dataset620,lognormal_offset,,0.17678418528857368,0.8098064334774032,0.23390990904572598,0.11135898437438899
synthetic,dataset620,lognormal_3p,interior,0.3642886593459306,0.8088914041150086,0.2354785597314767,0.10185397285479247
synthetic,dataset6215,lognormal_offset,,0.34638932129858907,0.9796293275121091,0.5303224785444215,0.11299363320694863
synthetic,dataset6215,lognormal_3p,boundary_normal_limit,0.0009980038082972823,0.9849845444645672,0.4238978760632674,0.05189990410033453
synthetic,dataset6225,lognormal_offset,,0.4465813090023348,1.2953497997973769,0.8502458646855156,0.11687864226556356
synthetic,dataset6225,lognormal_3p,interior,0.5440840121906286,1.2980688555468642,0.9244779372746693,0.10924927901412824
synthetic,dataset6269,lognormal_offset,,0.4594123456725776,1.0632250891309765,0.756757245529365,0.1054447253558013
synthetic,dataset6269,lognormal_3p,interior,0.7035388560617766,1.0707244902825324,0.9918898221234527,0.10959844969642837
synthetic,dataset6273,lognormal_offset,,0.4372375219237497,0.9203430458558782,0.6465729448755979,0.17616001519912453
synthetic,dataset6273,lognormal_3p,interior,0.766957759360383,0.9209626507604908,0.9106124981280789,0.11442404532980234
synthetic,dataset6276,lognormal_offset,,0.38189287122150617,0.93914746801212,0.5704695908957965,0.08463090722072701
synthetic,dataset6276,lognormal_3p,interior,0.2935358899351528,0.940521936348608,0.535528349378659,0.07308292034527858
synthetic,dataset6278,lognormal_offset,,0.26318603109602307,0.9984502275830154,0.40284733361921116,0.053267421648662286
synthetic,dataset6278,lognormal_3p,interior,0.31933926634371296,0.9991550879681521,0.41227041517798696,0.051700709306986475
synthetic,dataset628,lognormal_offset,,0.10675531169116459,0.9938074925447531,0.1601913791220045,0.08496064923283385
synthetic,dataset628,lognormal_3p,boundary_normal_limit,0.0009988021155408454,0.9934319202980558,0.14980752258803823,0.07822811953863368
synthetic,dataset6285,lognormal_offset,,0.4372089634999934,1.0303490495895002,0.7017380687035262,0.08033420365746347
synthetic,dataset6285,lognormal_3p,interior,0.5328983712379955,1.0293472993673178,0.7619328391181283,0.07551521537821022
synthetic,dataset6333,lognormal_offset,,0.36898742506757715,0.9837495010377675,0.5683021254911195,0.03225902114115624
synthetic,dataset6333,lognormal_3p,interior,0.37947804765614696,0.9837475636595755,0.5723261478552525,0.032378175711955726
synthetic,dataset6354,lognormal_offset,,0.41318332170053845,0.8655182319524156,0.5841701829211805,0.10729090301333223
synthetic,dataset6354,lognormal_3p,interior,0.5557769968558768,0.8615247822267739,0.6550656164800156,0.09784054168656374
synthetic,dataset6369,lognormal_offset,,0.3983709652627079,0.9310731916912471,0.5924046121468551,0.09512937236951387
synthetic,dataset6369,lognormal_3p,interior,0.38666822655905714,0.9312806239561242,0.587196129528836,0.09293289929569691
synthetic,dataset6376,lognormal_offset,,0.4491441747147856,0.9568294215647696,0.6837822961582276,0.07178264547734177
synthetic,dataset6376,lognormal_3p,interior,0.6280916079597826,0.9558293828996968,0.8177183497535085,0.07003664224636107
synthetic,dataset6377,lognormal_offset,,0.3836196098060044,0.8850028060366391,0.5501147178974246,0.04563248861955858
synthetic,dataset6377,lognormal_3p,interior,0.493684343341128,0.8840556046916769,0.5962458416710524,0.03417105550722358
synthetic,dataset6388,lognormal_offset,,0.3702084742547116,1.059764129771573,0.6005574344977214,0.05556459674996787
synthetic,dataset6388,lognormal_3p,interior,0.34284156162499974,1.0596303583240905,0.5896611727623919,0.052367975254960786
synthetic,dataset6393,lognormal_offset,,0.1139169418925312,0.99388464451927,0.17102289188076678,0.05069032238840409
synthetic,dataset6393,lognormal_3p,interior,0.169717442925066,0.993886033575243,0.171782098156339,0.04923471996080612
synthetic,dataset6395,lognormal_offset,,0.28376560316128474,0.9998829337414038,0.436178855812257,0.04290745923145543
synthetic,dataset6395,lognormal_3p,interior,0.3598633209514989,1.0010501458179553,0.4516861100501002,0.03834078814163752
synthetic,dataset6409,lognormal_offset,,0.5095464571341192,1.2819139844627156,0.976575567407869,0.2324339452216244
synthetic,dataset6409,lognormal_3p,interior,0.7354763784125428,1.2866644686893278,1.2720442253596758,0.22565632501040855
synthetic,dataset6412,lognormal_offset,,0.40141636737183034,1.3356607098092443,0.7739345247105717,0.192482425131142
synthetic,dataset6412,lognormal_3p,interior,0.032456635013858724,1.3453093925024702,0.6112962887621058,0.11068385929814822
synthetic,dataset6413,lognormal_offset,,0.3819268335285248,0.8698510820155355,0.5411691040061619,0.07705149373263585
synthetic,dataset6413,lognormal_3p,interior,0.4297654771163902,0.8690143645357897,0.5600959530375313,0.08031581598317543
synthetic,dataset6420,lognormal_offset,,0.3870410083620784,0.9709122717276798,0.5920023065632103,0.08642994140549232
synthetic,dataset6420,lognormal_3p,interior,0.24773175463819555,0.9733314212934774,0.5357811277905488,0.06131187070851902
synthetic,dataset6426,lognormal_offset,,0.5202291818260167,1.1716566989731547,0.9320418001017985,0.09377241920519132
synthetic,dataset6426,lognormal_3p,interior,0.6112899175198451,1.1713996685363353,1.032364692544103,0.08832097836079748
synthetic,dataset6427,lognormal_offset,,0.45414936942849266,1.3292536826252708,0.883181434505951,0.083943424466074
synthetic,dataset6427,lognormal_3p,interior,0.5878366044763387,1.3358195724741555,1.0013031354101876,0.08986373450785247
synthetic,dataset6428,lognormal_offset,,0.4345757941072121,0.8903450776604978,0.6273623166072813,0.1362512026492322
synthetic,dataset6428,lognormal_3p,interior,0.6072584108548915,0.8844855218809135,0.7289764799207568,0.11212591448471698
synthetic,dataset6435,lognormal_offset,,0.0191741605176938,1.0017452577679875,0.028835295604991814,0.004198334472447075
synthetic,dataset6435,lognormal_3p,interior,0.013242248514941747,1.001744992431157,0.02882943379862152,0.0041856388835069995
synthetic,dataset6444,lognormal_offset,,0.31247965149938417,0.7843488101188091,0.4117166081041634,0.10403307557368635
synthetic,dataset6444,lognormal_3p,interior,0.46454483263049784,0.7830908229030854,0.4355689417024247,0.0841548694255767
synthetic,dataset6451,lognormal_offset,,0.5060237562316231,0.9313985808512685,0.757980534775826,0.20345660784624903
synthetic,dataset6451,lognormal_3p,interior,0.8413106929329129,0.9220042394304088,1.208750642597967,0.13036462585119324
synthetic,dataset6452,lognormal_offset,,0.31350841397741025,0.9944672831397322,0.4824583003105608,0.13688497117088289
synthetic,dataset6452,lognormal_3p,boundary_normal_limit,0.0009976730117719301,0.9953489841751072,0.3968782320379758,0.08758590490441753
synthetic,dataset6453,lognormal_offset,,0.573241811628307,1.3690846676774624,1.1785480724201216,0.15272020658045143
synthetic,dataset6453,lognormal_3p,interior,0.6535511067065802,1.372722796987959,1.3106098428499793,0.1707450911122654
synthetic,dataset6456,lognormal_offset,,0.43625436912526455,0.9938464283293122,0.6820050077446095,0.17581389120402383
synthetic,dataset6456,lognormal_3p,interior,0.5881058110674692,0.9897649480576357,0.7704440937955249,0.1581772906510923
synthetic,dataset6487,lognormal_offset,,0.23870440527767597,0.7691297583137466,0.3082544596689993,0.0601783935089228
synthetic,dataset6487,lognormal_3p,interior,0.2666616038506978,0.7693080924386401,0.31128874767712633,0.05948855416015646
synthetic,dataset6489,lognormal_offset,,0.4157999492268494,0.9361441495216389,0.6215527460566909,0.09610776225932978
synthetic,dataset6489,lognormal_3p,interior,0.5653302031103762,0.9334544972296626,0.6992866478319051,0.07081838963336357
synthetic,dataset6493,lognormal_offset,,0.3084929764401582,0.9084949949101448,0.4467199229458876,0.034746018255165725
synthetic,dataset6493,lognormal_3p,interior,0.32831391148872346,0.9086707167988916,0.4514067613209181,0.03523428771882337
synthetic,dataset6498,lognormal_offset,,0.4338825050878688,0.940636364050318,0.6516691926366762,0.07308648619332143
synthetic,dataset6498,lognormal_3p,interior,0.5023769941641891,0.9390479588002463,0.691203030305166,0.07138347675757534
synthetic,dataset6503,lognormal_offset,,0.19167845694329572,0.9897087543680939,0.2889162122962144,0.039139336506094635
synthetic,dataset6503,lognormal_3p,interior,0.2704369178248376,0.9901308303748939,0.2957878971927099,0.03861764066479585
synthetic,dataset651,lognormal_offset,,0.4180323492194306,0.6188737957466292,0.46598817082632626,0.17507227124338995
synthetic,dataset651,lognormal_3p,boundary_guard,1.9855858779636406,1.633506932633603,104.97011311850413,0.23071816359940733
synthetic,dataset6521,lognormal_offset,,0.331458979467506,0.8699623811281665,0.4678207799180647,0.07622997707944264
synthetic,dataset6521,lognormal_3p,interior,0.44988084875689005,0.8707776577638278,0.5000573631966814,0.0677748503684215
synthetic,dataset6527,lognormal_offset,,0.3728884167491962,0.9809131837516935,0.5734540074293483,0.04746431826402654
synthetic,dataset6527,lognormal_3p,interior,0.41549659024119584,0.9810202810118144,0.5905917133525499,0.04831340826210861
synthetic,dataset655,lognormal_offset,,0.09991169320461844,1.0927081155680696,0.15978438556926539,0.06787061478239106
synthetic,dataset655,lognormal_3p,boundary_normal_limit,0.0009979482164883082,1.0924171198086645,0.1516944392167134,0.06376312198203946
synthetic,dataset6553,lognormal_offset,,0.0263092588863441,0.9769186448197898,0.03891493029938006,0.012406356179786995
synthetic,dataset6553,lognormal_3p,interior,0.25578101053399327,0.9766527511075161,0.03517339979369366,0.008001854863278944
synthetic,dataset6555,lognormal_offset,,0.40273198578791825,0.9927961757680501,0.6268468313435661,0.07201280018003474
synthetic,dataset6555,lognormal_3p,interior,0.3404400053344138,0.993983886490792,0.5986435704087503,0.06420744931926789
synthetic,dataset6562,lognormal_offset,,0.45405988253271634,1.042160716151883,0.7364303147711044,0.14338951083178422
synthetic,dataset6562,lognormal_3p,interior,0.7061629252251638,1.044952299916997,0.9513289128405056,0.09179376120418337
synthetic,dataset6576,lognormal_offset,,0.4334273544968045,0.9868247784033796,0.6739197278160755,0.2034670118761221
synthetic,dataset6576,lognormal_3p,interior,0.575414389786088,0.9834365213280489,0.7563017494635318,0.18648274512281757
synthetic,dataset6592,lognormal_offset,,0.3710287146313099,1.0703790680704477,0.6061855630467009,0.21552984992243096
synthetic,dataset6592,lognormal_3p,interior,0.44834765665552945,1.070915520017261,0.6337433022199933,0.2185587048383242
synthetic,dataset660,lognormal_offset,,0.21065558694889822,0.8376276284536285,0.2857246955897306,0.16530205790720273
synthetic,dataset660,lognormal_3p,boundary_guard,2.3631790701605175,2.0333752289400007,161.27243487709006,0.1574255999481681
synthetic,dataset6626,lognormal_offset,,0.5538842992826615,1.2129494815118744,1.0276204069748227,0.404005821667841
synthetic,dataset6626,lognormal_3p,interior,0.8237068260957342,1.194165800696799,1.454979259153692,0.3178201448696506
synthetic,dataset6633,lognormal_offset,,0.3988460541254173,1.1237630755007562,0.67769260378445,0.07459459899681202
synthetic,dataset6633,lognormal_3p,interior,0.45014264546235017,1.1243514211418548,0.7034390339183764,0.07582752916983776
synthetic,dataset6643,lognormal_offset,,0.013492041949799572,1.0008365342361,0.02027684543559886,0.0026989599591741454
synthetic,dataset6643,lognormal_3p,interior,0.13893369962158797,1.0008376660360019,0.020271045920581893,0.0022715659019462995
synthetic,dataset6649,lognormal_offset,,0.4639496709716241,1.0074116245756808,0.7346555734376309,0.08715948884767001
synthetic,dataset6649,lognormal_3p,interior,0.5457486680226694,1.0059963783057293,0.7943925384629025,0.08878947556501829
synthetic,dataset665,lognormal_offset,,0.33415393327320614,1.1696190968990232,0.5771729820318383,0.18992086295152733
synthetic,dataset665,lognormal_3p,boundary_guard,2.129229683413194,6.472384830986231,549.2202575071293,0.4633736672560741
synthetic,dataset6652,lognormal_offset,,0.3757138323384445,1.0354770933323356,0.6001978750505794,0.0769993189196732
synthetic,dataset6652,lognormal_3p,interior,0.2533575605979765,1.0364088517648908,0.5518099606228068,0.05676985641934489
synthetic,dataset6653,lognormal_offset,,0.3754686853498357,0.9466732510014375,0.5635984964259811,0.08617013695664974
synthetic,dataset6653,lognormal_3p,interior,0.35880854697118675,0.9468154576984282,0.5570947754818095,0.08689000837847724
synthetic,dataset6666,lognormal_offset,,0.3329871747513106,1.016432424991709,0.521701049000119,0.16732062080360924
synthetic,dataset6666,lognormal_3p,boundary_normal_limit,0.0009979784250735582,1.0122965650193099,0.3998079244955369,0.09561463438673165
synthetic,dataset6668,lognormal_offset,,0.371470322316039,1.0327808367020461,0.5919640023054656,0.094541519679996
synthetic,dataset6668,lognormal_3p,interior,0.6009805176557037,1.0380394386875527,0.694800809306929,0.060630903320702076
synthetic,dataset6672,lognormal_offset,,0.12105003372241331,1.005822914426402,0.18327095897365567,0.021687138821923663
synthetic,dataset6672,lognormal_3p,interior,0.22134406677442345,1.0059494881939415,0.18650811076553603,0.018513101948305744
synthetic,dataset6679,lognormal_offset,,0.3677192045369468,1.0034173296942719,0.5740519262123571,0.16982731057955863
synthetic,dataset6679,lognormal_3p,interior,0.5302442797518319,1.0043567548666514,0.6301457988796133,0.14569986979238217
synthetic,dataset6686,lognormal_offset,,0.46413445894597105,1.0113549132488604,0.737097771404323,0.07149651372056685
synthetic,dataset6686,lognormal_3p,interior,0.6275975826759848,1.0089094838842618,0.8669216819490674,0.036253684006533074
synthetic,dataset6695,lognormal_offset,,0.3839193277459083,0.991780097301711,0.5957848305622684,0.07150451201936378
synthetic,dataset6695,lognormal_3p,interior,0.4953943611296709,0.9925896382433128,0.6448055533430127,0.05962475480970874
synthetic,dataset6700,lognormal_offset,,0.4606726661637967,1.2482384541811127,0.8556290335000388,0.2079571391586804
synthetic,dataset6700,lognormal_3p,interior,0.6912785734706544,1.252498026741567,1.0563741637679367,0.1485513001875514
synthetic,dataset6707,lognormal_offset,,0.039608881857626226,1.0018670035230424,0.059591090743581515,0.015307900982281557
synthetic,dataset6707,lognormal_3p,interior,0.017369679892659615,1.001863282225592,0.059468710049603184,0.015225993244227819
synthetic,dataset671,lognormal_offset,,0.016820143906773395,0.9990246752404088,0.02524875761150694,0.008299486414271893
synthetic,dataset671,lognormal_3p,boundary_normal_limit,0.000998389696411188,0.9990237030167793,0.02517138676295713,0.008255568350939154
synthetic,dataset6713,lognormal_offset,,0.46312470083811275,1.0767083326725042,0.7704498144448749,0.07551377224118098
synthetic,dataset6713,lognormal_3p,interior,0.5463044057075634,1.076324153387076,0.8342935258582412,0.08150000012534159
synthetic,dataset6715,lognormal_offset,,0.23196302548123018,0.9772949930374967,0.34845009998389137,0.05033699379353302
synthetic,dataset6715,lognormal_3p,interior,0.20627216532616677,0.9770099958764229,0.34491035444321716,0.04933430896588216
synthetic,dataset6716,lognormal_offset,,0.045657962245159375,1.0031289297771868,0.06875947748770259,0.009690514254938538
synthetic,dataset6716,lognormal_3p,boundary_normal_limit,0.0009972103197479995,1.0031101995372296,0.06781950769257711,0.008374939483444874
synthetic,dataset6719,lognormal_offset,,0.3951536292999208,0.7971525681999674,0.5274017193122514,0.09025728865946739
synthetic,dataset6719,lognormal_3p,interior,0.704904913703428,0.798722554999816,0.7043077038050689,0.05669869186456734
synthetic,dataset6722,lognormal_offset,,0.43783037075254966,0.9632080368186834,0.6691872989662981,0.07476067076732389
synthetic,dataset6722,lognormal_3p,interior,0.5729054473954798,0.9609418920560476,0.7547658575735405,0.051588530943971124
synthetic,dataset6727,lognormal_offset,,0.4202462126401522,0.9105811277026733,0.6161209491698671,0.08910020074343795
synthetic,dataset6727,lognormal_3p,interior,0.567541761577783,0.9079296352659227,0.6976119617784275,0.060375350514787804
synthetic,dataset6728,lognormal_offset,,0.42316368158449963,0.9562233991737056,0.6425947688491517,0.10741713391578202
synthetic,dataset6728,lognormal_3p,interior,0.6453912203156057,0.9546522416569634,0.7741920813372856,0.0565587362998727
synthetic,dataset6735,lognormal_offset,,0.49807301059542375,1.1547693998688762,0.8785809114273324,0.10976360376146997
synthetic,dataset6735,lognormal_3p,interior,0.6883551329416948,1.1543716826210508,1.0854273886669492,0.04356605971424077
synthetic,dataset6741,lognormal_offset,,0.43353488504783866,0.867602340680658,0.6142846589043439,0.0855398304030567
synthetic,dataset6741,lognormal_3p,interior,0.6435992269848503,0.8640588359261016,0.7520849797295477,0.08214842546080474
synthetic,dataset6749,lognormal_offset,,0.44531147917561936,0.9679536388422423,0.6834895768666384,0.0781218294878425
synthetic,dataset6749,lognormal_3p,interior,0.6516347871939019,0.9663234585556064,0.8337054181568786,0.03531870032850031
synthetic,dataset6756,lognormal_offset,,0.3676951326413607,1.0084110807309183,0.5759886094557625,0.12719299142449314
synthetic,dataset6756,lognormal_3p,interior,0.38677339631306734,1.008463883453231,0.583184575462838,0.12844919216826162
synthetic,dataset6757,lognormal_offset,,0.05964754144746851,1.0023922237767808,0.08982029720402468,0.01197502685730829
synthetic,dataset6757,lognormal_3p,interior,0.006760592790584166,1.0023722778208286,0.08920213568446224,0.01098000519824087
synthetic,dataset6760,lognormal_offset,,0.01993915149021234,1.005060901163763,0.030052191561867444,0.007780292522341973
synthetic,dataset6760,lognormal_3p,boundary_normal_limit,0.0009962457202289984,1.0050572690696105,0.029642769474603616,0.007439447384695855
synthetic,dataset6769,lognormal_offset,,0.37375417217408735,1.0545312611001587,0.6045524270822472,0.08880846126882978
synthetic,dataset6769,lognormal_3p,interior,0.35706191320292885,1.0544489259653755,0.5977208998987352,0.08923309039044544
synthetic,dataset6777,lognormal_offset,,0.4884385932732741,1.1252980551343454,0.843313001100136,0.06436486296213877
synthetic,dataset6777,lognormal_3p,interior,0.5933726817251449,1.1252237773018268,0.9409958456672365,0.06530488522631216
synthetic,dataset6781,lognormal_offset,,0.4535532639654447,0.9668247123859782,0.6960226472517157,0.10440425593164825
synthetic,dataset6781,lognormal_3p,interior,0.6733807735206732,0.9644364083189697,0.8670547999101732,0.05754522600397488
synthetic,dataset6797,lognormal_offset,,0.09172360075089324,0.9576812323360107,0.1341941756052683,0.01496638179946383
synthetic,dataset6797,lognormal_3p,interior,0.09028759694084972,0.957680177896934,0.13416666092168703,0.01495793422958535
synthetic,dataset6814,lognormal_offset,,0.42758540770293724,0.9766175827260712,0.6594898077595021,0.10333855665820604
synthetic,dataset6814,lognormal_3p,interior,0.6031593149048088,0.9762623203456964,0.769295564714463,0.10777753897684023
synthetic,dataset6821,lognormal_offset,,0.3765506454729573,0.9629124936854025,0.5719694169015912,0.08773582199977087
synthetic,dataset6821,lognormal_3p,interior,0.5319443739834833,0.9638170467477994,0.633880689177031,0.05428576802653344
synthetic,dataset6824,lognormal_offset,,0.1656485319265113,1.0112867470512101,0.2526236073485592,0.04008989314719574
synthetic,dataset6824,lognormal_3p,interior,0.09125037383916969,1.010933215166443,0.24700842092767922,0.03656687120635969
synthetic,dataset6829,lognormal_offset,,0.09585976046492188,1.0455727190633444,0.14873411546053258,0.029507247532724108
synthetic,dataset6829,lognormal_3p,boundary_normal_limit,0.0009966037081560973,1.045349132982903,0.14271330638675614,0.02402524287272837
synthetic,dataset683,lognormal_offset,,0.16422045545407954,1.133778351953174,0.2707080344549273,0.15956634773623343
synthetic,dataset683,lognormal_3p,boundary_normal_limit,0.0009988952012938046,1.132560498144491,0.2467789837779008,0.14534228429868165
synthetic,dataset6831,lognormal_offset,,0.46709278700432333,1.1798518340510566,0.8326321059900798,0.06489600159664032
synthetic,dataset6831,lognormal_3p,interior,0.5446805800022078,1.1800358172104632,0.8952868466720986,0.056735317448709605
synthetic,dataset6834,lognormal_offset,,0.09191841390584068,0.9731843652324043,0.13591081024250698,0.015623848489971864
synthetic,dataset6834,lognormal_3p,interior,0.1272523920300182,0.9732120262940879,0.13661942727224616,0.01640587938155691
synthetic,dataset6837,lognormal_offset,,0.43783012934372983,1.0521557931830616,0.7136063378522775,0.054345753239407726
synthetic,dataset6837,lognormal_3p,interior,0.43341571229285164,1.0522266410517669,0.7109831741301817,0.053602587715301984
synthetic,dataset6846,lognormal_offset,,0.2795586364491008,0.9449462411756102,0.41363092450674577,0.05413089148755198
synthetic,dataset6846,lognormal_3p,interior,0.33253061911297666,0.9456736399547641,0.42372027712815086,0.05789470679081699
synthetic,dataset6848,lognormal_offset,,0.2593268140799894,0.9722929508207857,0.3897709347748177,0.04511203842254132
synthetic,dataset6848,lognormal_3p,interior,0.3391465532917738,0.9732643049810709,0.40289092732529963,0.03955926317438268
synthetic,dataset6869,lognormal_offset,,0.06384839848862917,0.9860827542179875,0.0951162351668059,0.008466734666759367
synthetic,dataset6869,lognormal_3p,interior,0.06411173987023404,0.9860828409101784,0.09511873199175852,0.008468800122808803
synthetic,dataset6874,lognormal_offset,,0.13500334529012306,1.0195913429655494,0.20647457572213784,0.0434357918768883
synthetic,dataset6874,lognormal_3p,interior,0.2090647952697402,1.0196805472058006,0.20900417642941768,0.039323655764244236
synthetic,dataset6877,lognormal_offset,,0.18217138016766246,1.0170506774998367,0.2793425022618048,0.03738601272701334
synthetic,dataset6877,lognormal_3p,interior,0.24635944221306738,1.017312600802714,0.28409322706755785,0.03514623797556344
synthetic,dataset6880,lognormal_offset,,0.4265114433970459,0.920940627366137,0.6306134773635247,0.15912647854575093
synthetic,dataset6880,lognormal_3p,interior,0.7118392158699164,0.9175900834512403,0.8100782583843277,0.10113641336721275
synthetic,dataset6882,lognormal_offset,,0.5215880894253122,0.9704122891350664,0.8074980757306763,0.24059992942685154
synthetic,dataset6882,lognormal_3p,interior,0.7775428357759258,0.9554816812846261,1.1184664355480134,0.1777270976303392
synthetic,dataset6883,lognormal_offset,,0.015726004167494284,1.0010057561000014,0.023637304963905797,0.0038410658814537727
synthetic,dataset6883,lognormal_3p,boundary_normal_limit,0.000996601012156952,1.0010051502460597,0.023610649717855453,0.0038089164378288442
synthetic,dataset6887,lognormal_offset,,0.30732452147866507,0.7470745328119524,0.3925192538033772,0.10554349136974961
synthetic,dataset6887,lognormal_3p,interior,0.3827376320339031,0.7463423991278715,0.4056712869688028,0.10218779086833164
synthetic,dataset6902,lognormal_offset,,0.3422964883602091,0.8027754706911261,0.4586569303400381,0.11500892124703424
synthetic,dataset6902,lognormal_3p,interior,0.5506367139327434,0.8012114376633592,0.510924752016079,0.08315235714158269
synthetic,dataset692,lognormal_offset,,0.3868361921382107,0.9508512207048435,0.5831317925182935,0.21952123048546024
synthetic,dataset692,lognormal_3p,boundary_guard,2.2554838179369545,8.668886337081169,887.0662944105192,0.430716871620448
synthetic,dataset6920,lognormal_offset,,0.447093688005143,1.0821619787569448,0.7448463407453466,0.13580741667232168
synthetic,dataset6920,lognormal_3p,interior,0.6252816144214322,1.0813930058954202,0.8698634066737259,0.09421537858304133
synthetic,dataset6924,lognormal_offset,,0.03096762078272518,0.9990608359704032,0.046495452683237876,0.009218426989226383
synthetic,dataset6924,lognormal_3p,interior,0.2223834938112794,0.9990050252611549,0.04583026505962284,0.005959796074974598
synthetic,dataset6925,lognormal_offset,,0.013717004189776203,0.9990759633142828,0.02059078801368924,0.0023161402851460946
synthetic,dataset6925,lognormal_3p,interior,0.1793310794400579,0.99908040073554,0.02067064673234582,0.0015528057241006353
synthetic,dataset6929,lognormal_offset,,0.31183026269402786,0.9315542820875735,0.4592865235932433,0.10986144909295431
synthetic,dataset6929,lognormal_3p,interior,0.2528962635299033,0.9310149104326911,0.4437296016820914,0.10318704835406256
synthetic,dataset693,lognormal_offset,,0.03244933308260551,0.988763599107253,0.04838673087536656,0.019459912156757058
synthetic,dataset693,lognormal_3p,interior,0.3681481556615137,0.9890118149815571,0.051774791740417506,0.01920706221546561
synthetic,dataset6935,lognormal_offset,,0.46698071894006526,0.9661811807777482,0.7170613166840965,0.1316898352833541
synthetic,dataset6935,lognormal_3p,interior,0.6709629518943174,0.9589672921455283,0.8766791096127758,0.085923069304952
synthetic,dataset6937,lognormal_offset,,0.34822500265827433,0.9539300016238462,0.5237271147609829,0.026745792911577377
synthetic,dataset6937,lognormal_3p,interior,0.35272698828240967,0.9539401924163272,0.5252013560055411,0.02692442775899652
synthetic,dataset6939,lognormal_offset,,0.2855839635432881,0.7486361150942501,0.36466323575577597,0.07376048454726544
synthetic,dataset6939,lognormal_3p,interior,0.42592714428615003,0.7489689530696154,0.38586662463126664,0.07197108309282318
synthetic,dataset6941,lognormal_offset,,0.36357572360258816,0.9459807098882234,0.5447447465365837,0.04122089261497036
synthetic,dataset6941,lognormal_3p,interior,0.33303425544801185,0.9461986799386066,0.5338063201062719,0.04052356793631195
synthetic,dataset6959,lognormal_offset,,0.42381687485173086,0.8370502896875467,0.5852421474494569,0.05810208701775724
synthetic,dataset6959,lognormal_3p,interior,0.6101481638901023,0.8338753027731828,0.6973175848532328,0.048621051799521114
synthetic,dataset6963,lognormal_offset,,0.4248372373148942,0.9837685461537279,0.6585235357934298,0.08122654963054456
synthetic,dataset6963,lognormal_3p,interior,0.5067966857370348,0.9826549700427809,0.7048797215604147,0.07835843128090003
synthetic,dataset6968,lognormal_offset,,0.42189806396353796,0.9615880855492953,0.6431751648831872,0.05059782182650188
synthetic,dataset6968,lognormal_3p,interior,0.47352179541528017,0.960637051732756,0.6709020111032241,0.04721485199778765
synthetic,dataset6970,lognormal_offset,,0.15167423712806866,1.0540159191322533,0.23754972549733866,0.03200365648711638
synthetic,dataset6970,lognormal_3p,interior,0.18296765787940178,1.0541006471418526,0.2392036704923555,0.03049925472322558
synthetic,dataset6984,lognormal_offset,,0.45123985946670475,0.9934933978690357,0.7063089148437289,0.06203848239619057
synthetic,dataset6984,lognormal_3p,interior,0.6153833649538407,0.9921639188562937,0.8279283512951698,0.04203175150105589
synthetic,dataset6985,lognormal_offset,,0.14553955144620992,0.9917761442865833,0.2186984404787042,0.04454556741020764
synthetic,dataset6985,lognormal_3p,interior,0.29076192460114036,0.9915714172767265,0.2214790110949507,0.031033231071014935
synthetic,dataset7011,lognormal_offset,,0.4140360802464409,0.8526521743000883,0.5792282356940818,0.074835132894017
synthetic,dataset7011,lognormal_3p,interior,0.4493945982672739,0.851632937077971,0.5961401353916843,0.07632884189345679
synthetic,dataset7032,lognormal_offset,,0.1900761790033003,0.9587493594245522,0.28049601780490796,0.03560829368523593
synthetic,dataset7032,lognormal_3p,interior,0.10427203741339705,0.9581901812541949,0.27241270310961674,0.03090272690271742
synthetic,dataset7037,lognormal_offset,,0.4570077464981099,1.0222382784165769,0.7309781239550658,0.10056809552376225
synthetic,dataset7037,lognormal_3p,interior,0.6311190032121665,1.0217446027211905,0.8685019276196608,0.1013544846284683
synthetic,dataset704,lognormal_offset,,0.033508591105360384,0.9863992850537582,0.04988786101081286,0.02568616357062261
synthetic,dataset704,lognormal_3p,boundary_guard,2.5771327392616143,4.929589142628338,515.5043069010342,0.056906142791508685
synthetic,dataset7041,lognormal_offset,,0.477023655972367,0.9766926057068348,0.7390498552746929,0.13423264191424172
synthetic,dataset7041,lognormal_3p,interior,0.7184740714970945,0.9730996614865159,0.9695495839505727,0.08651594255494996
synthetic,dataset7045,lognormal_offset,,0.06181557128388627,1.0068186186605297,0.09336615425669026,0.009977805047507178
synthetic,dataset7045,lognormal_3p,interior,0.18527210635690597,1.0068247462013555,0.09404639743981417,0.006740970346490393
synthetic,dataset7046,lognormal_offset,,0.41888120020981967,0.991800198319323,0.6526877689102121,0.15741484206778172
synthetic,dataset7046,lognormal_3p,interior,0.5886990781208159,0.9897235797323709,0.7424612619453973,0.1329767051216461
synthetic,dataset7049,lognormal_offset,,0.39299001523295074,1.091658228321399,0.6534037705070601,0.0589394584088088
synthetic,dataset7049,lognormal_3p,interior,0.3259775164039155,1.0922305236254275,0.6236220546386999,0.05087831794069935
synthetic,dataset7053,lognormal_offset,,0.403460269783247,0.9478257424839726,0.6078044869893393,0.08832028099389191
synthetic,dataset7053,lognormal_3p,interior,0.5955989561249455,0.9475329526587478,0.7039997393985378,0.05043850270336029
synthetic,dataset7055,lognormal_offset,,0.05185453801894006,0.958914746479339,0.07580708487327872,0.022953061794379233
synthetic,dataset7055,lognormal_3p,interior,0.1998591035968582,0.9587983547616681,0.07444178243422563,0.019958310222264464
synthetic,dataset7057,lognormal_offset,,0.17813371421153149,1.021400927787443,0.2738201362194299,0.05421122633802677
synthetic,dataset7057,lognormal_3p,interior,0.2151078669809979,1.0215496860347895,0.2764310060723179,0.05169189026292961
synthetic,dataset7061,lognormal_offset,,0.28049020730653856,1.0397710891180114,0.44241075907449573,0.0989953857884264
synthetic,dataset7061,lognormal_3p,interior,0.3981404383096733,1.039625590226681,0.4555044584609625,0.08575133354533766
synthetic,dataset7062,lognormal_offset,,0.031198593833250035,0.9801095715388158,0.04625024191205872,0.00379089608745194
synthetic,dataset7062,lognormal_3p,interior,0.12855888636271265,0.9801196372098957,0.04652663745649963,0.0032550464530429492
synthetic,dataset7065,lognormal_offset,,0.467541302275338,1.0847465718690574,0.7826245013068538,0.053000403719393206
synthetic,dataset7065,lognormal_3p,interior,0.6041080939449988,1.0851615841961078,0.8979819391481395,0.053126800814069605
synthetic,dataset7069,lognormal_offset,,0.5009115919717402,1.0851000740477905,0.8429013299112186,0.11187283424549654
synthetic,dataset7069,lognormal_3p,interior,0.6580819518860834,1.0840820512384501,1.0069434209780264,0.11273304323465029
synthetic,dataset7073,lognormal_offset,,0.11308676579201728,0.9916863530259911,0.16951769193498528,0.05374151049291166
synthetic,dataset7073,lognormal_3p,interior,0.14801499138607135,0.9917028412585344,0.17014165492346753,0.05304128879730574
synthetic,dataset7075,lognormal_offset,,0.10099168055342062,0.9813818760010555,0.15023149932640312,0.017545934976596168
synthetic,dataset7075,lognormal_3p,interior,0.14906933458394367,0.981405335832703,0.1510381510525471,0.017469963052385053
synthetic,dataset7080,lognormal_offset,,0.08373041977107998,1.0025455921404185,0.12622046786202706,0.02022142232337664
synthetic,dataset7080,lognormal_3p,interior,0.07978421924614007,1.0025429933590606,0.12615331505030275,0.02021838424761571
synthetic,dataset7100,lognormal_offset,,0.39377712247059576,0.8247431258218119,0.5380764419616852,0.09870395329217505
synthetic,dataset7100,lognormal_3p,interior,0.5445047547819326,0.8212579443164252,0.603570212154442,0.08175089532895671
synthetic,dataset7105,lognormal_offset,,0.037305497116662194,1.0005954929080574,0.05607538637626919,0.015022631298219343
synthetic,dataset7105,lognormal_3p,interior,0.02436978088069503,1.0005933811146062,0.05600663549539227,0.014881634140924463
synthetic,dataset7114,lognormal_offset,,0.14128718371757493,1.013658438931716,0.2153478663655705,0.04260412180446953
synthetic,dataset7114,lognormal_3p,interior,0.11083466467887448,1.0135492710120888,0.21356050380077363,0.04240988386018682
synthetic,dataset713,lognormal_offset,,0.1676521329012936,0.7711522447788368,0.21508654392749949,0.08448688077940375
synthetic,dataset713,lognormal_3p,boundary_guard,2.585357353396853,14.18954999927055,1761.4303354746876,0.18607729004738036
synthetic,dataset7132,lognormal_offset,,0.1628286953854926,0.9380698287570067,0.23622970393870507,0.057776951619667526
synthetic,dataset7132,lognormal_3p,interior,0.19362632504350122,0.9381271063046976,0.2375125849985563,0.057705118285135804
synthetic,dataset7144,lognormal_offset,,0.3796605072895259,1.0148906179868502,0.5983917735381857,0.08682874298836236
synthetic,dataset7144,lognormal_3p,interior,0.24729282576026812,1.0179377394348206,0.5491752355368714,0.07350182468723428
synthetic,dataset7158,lognormal_offset,,0.4959949870184992,0.964921743408944,0.7626978234168565,0.16606913547247007
synthetic,dataset7158,lognormal_3p,interior,0.7391053155544437,0.9543219923723438,1.0101775022177963,0.10455677863626786
synthetic,dataset7174,lognormal_offset,,0.11864881962728258,0.999913547537362,0.17890138730794114,0.03240869384443616
synthetic,dataset7174,lognormal_3p,interior,0.01008788079511404,0.9997093096494215,0.1745844728653721,0.029133948025595234
synthetic,dataset7176,lognormal_offset,,0.5148694292367821,1.2791687309810351,0.9864146286225554,0.14852225613946915
synthetic,dataset7176,lognormal_3p,interior,0.7151907407057306,1.2913544452687757,1.2781029767299183,0.18056671032571736
synthetic,dataset7178,lognormal_offset,,0.33147361205901,1.308982421906826,0.6202504615055248,0.12041471493670473
synthetic,dataset7178,lognormal_3p,interior,0.31404639569658677,1.3084307295047035,0.6140798698861523,0.11979617856990221
synthetic,dataset7188,lognormal_offset,,0.3752350573711801,0.8763305877980371,0.5341796858228539,0.15063136683672512
synthetic,dataset7188,lognormal_3p,interior,0.5566764102415319,0.8730351533585144,0.5917122290210705,0.11461544987378214
synthetic,dataset7191,lognormal_offset,,0.03594871421406971,1.0332753707806166,0.05521121226454723,0.009233119591217458
synthetic,dataset7191,lognormal_3p,boundary_normal_limit,0.0009974696025961904,1.0332680674556898,0.054810717687986656,0.008749544768522934
synthetic,dataset7199,lognormal_offset,,0.35260221853820084,1.0137419383613566,0.553127973752931,0.16837259338252955
synthetic,dataset7199,lognormal_3p,boundary_normal_limit,0.000998063635001948,1.0142170774749308,0.42629997152479515,0.10486188530891409
synthetic,dataset7204,lognormal_offset,,0.39353550596905196,1.0058214791289906,0.6175051597317633,0.1025590506997137
synthetic,dataset7204,lognormal_3p,interior,0.551676104947891,1.007534444111191,0.6935213972852399,0.08262673805237702
synthetic,dataset7219,lognormal_offset,,0.008211074858754917,1.0037124944656082,0.012363466746512855,0.001769071648895288
synthetic,dataset7219,lognormal_3p,interior,0.013914830248280307,1.0037125863819762,0.012363931380385695,0.0017703651899179656
synthetic,dataset722,lognormal_offset,,0.2980366954303458,1.4811039250437439,0.6068387439003807,0.3981937295682634
synthetic,dataset722,lognormal_3p,boundary_normal_limit,0.0009985454084596552,1.465635824841808,0.43325108499588877,0.29572575804643764
synthetic,dataset7227,lognormal_offset,,0.3517058242536717,0.9541547738998449,0.5292861981903086,0.06446088893585324
synthetic,dataset7227,lognormal_3p,interior,0.4093493798549632,0.9545010899202528,0.5485470665234352,0.0611452103844878
synthetic,dataset7230,lognormal_offset,,0.21139557121203129,0.9740888699399359,0.3160193088538666,0.03538954586096982
synthetic,dataset7230,lognormal_3p,interior,0.25777845538167243,0.9743994688884915,0.32075873754874457,0.035797193345555464
synthetic,dataset7237,lognormal_offset,,0.28546363061578534,1.0021276903312153,0.43956852521035455,0.028690364803929693
synthetic,dataset7237,lognormal_3p,interior,0.2654090987487037,1.0018554180992998,0.435411568365039,0.026976599375059484
synthetic,dataset7241,lognormal_offset,,0.350391197838909,0.9628068884017286,0.530460366401018,0.05160581575626084
synthetic,dataset7241,lognormal_3p,interior,0.37510571276274685,0.9629265096869664,0.5387370135617396,0.050196667051473985
synthetic,dataset7242,lognormal_offset,,0.38032501556503495,1.0616813772989002,0.6187454571090812,0.03564797763321934
synthetic,dataset7242,lognormal_3p,interior,0.3191127085930134,1.061846003600067,0.593190404368897,0.027089260999680755
synthetic,dataset7252,lognormal_offset,,0.0026581158895909677,1.000112063373141,0.0039926915179599965,0.0005511944956704417
synthetic,dataset7252,lognormal_3p,interior,0.08627798528250559,1.0001121085391103,0.003975268629825113,0.00044563680574553156
synthetic,dataset7268,lognormal_offset,,0.2085703247637726,1.0421587118366622,0.32608518820924953,0.050965390459838444
synthetic,dataset7268,lognormal_3p,interior,0.11423950223612746,1.0413388166929856,0.31491544095401813,0.0401331702252275
synthetic,dataset7274,lognormal_offset,,0.4073976648749387,0.913362249902088,0.598107957096926,0.05502459752610317
synthetic,dataset7274,lognormal_3p,interior,0.5313636465785785,0.9118334232058514,0.6608163293980382,0.049274046890569835
synthetic,dataset7277,lognormal_offset,,0.38678710100647484,0.9380245542916493,0.5775758825721852,0.07112536277055297
synthetic,dataset7277,lognormal_3p,interior,0.48590299898614303,0.9372224370454806,0.6187254302586466,0.0693932246607396
synthetic,dataset728,lognormal_offset,,0.5676597456679287,1.1574925576256003,1.018062630907041,0.3626902252316379
synthetic,dataset728,lognormal_3p,interior,0.6130781542656945,1.1590828626275205,1.0789217642647593,0.3730678966408625
synthetic,dataset7309,lognormal_offset,,0.3948775372974971,0.9581418748676702,0.5989260560570876,0.057569182654169396
synthetic,dataset7309,lognormal_3p,interior,0.2918060984201806,0.9603878084401044,0.5558083499125336,0.042071850753843225
synthetic,dataset7318,lognormal_offset,,0.3311628658491314,0.9746400802486446,0.504139252223025,0.059219110519561045
synthetic,dataset7318,lognormal_3p,interior,0.3558624710248769,0.9748994671431601,0.5113281241044129,0.059630013248725536
synthetic,dataset7324,lognormal_offset,,0.39767828786458387,0.9846443984832358,0.6150320534088426,0.02660139979120438
synthetic,dataset7324,lognormal_3p,interior,0.4710715562499143,0.9844590595902991,0.6502137615711431,0.02072603683506552
synthetic,dataset7325,lognormal_offset,,0.41945825919327506,1.1814553895044373,0.7418002057119037,0.24409058692574012
synthetic,dataset7325,lognormal_3p,interior,0.5957038902498933,1.1797705510328242,0.826421914531422,0.1968330109424491
synthetic,dataset7334,lognormal_offset,,0.32218844416818027,1.0689197375118757,0.5215332836488834,0.08935021808058918
synthetic,dataset7334,lognormal_3p,interior,0.14635440619044407,1.0689131223453823,0.4731816859868217,0.05641595454142818
synthetic,dataset7338,lognormal_offset,,0.298603963371023,1.013614481802054,0.46433120613984824,0.07305983894250934
synthetic,dataset7338,lognormal_3p,interior,0.37259799805660776,1.0146030052971435,0.4798269352250378,0.06702506066774855
synthetic,dataset7342,lognormal_offset,,0.4015074121037214,0.9862072496163748,0.6219186583284892,0.054554198311664095
synthetic,dataset7342,lognormal_3p,interior,0.44833707029038444,0.9859153291691592,0.6447219072837012,0.05993628844116499
synthetic,dataset7346,lognormal_offset,,0.3351935336719073,1.0661297026588596,0.5428325252236413,0.15859412175210114
synthetic,dataset7346,lognormal_3p,interior,0.4243088894484492,1.067281370331138,0.5671168294435801,0.1484620514482344
synthetic,dataset735,lognormal_offset,,0.06593436796696418,0.9418950413018061,0.0953103477781836,0.03855171017030662
synthetic,dataset735,lognormal_3p,interior,0.24023801635144704,0.9418379191140751,0.09586882894125266,0.03582247059738483
synthetic,dataset7357,lognormal_offset,,0.18909497952857518,1.0029323830197139,0.2874717775495292,0.03842767668442258
synthetic,dataset7357,lognormal_3p,interior,0.08755490056094556,1.0022937306300213,0.2779657708576923,0.03269076562926534
synthetic,dataset7359,lognormal_offset,,0.1381865867651254,0.997752662345559,0.20835729300026656,0.03990897926673645
synthetic,dataset7359,lognormal_3p,boundary_normal_limit,0.000997274843967068,0.9973705280298922,0.20047551957861734,0.031024318149983906
synthetic,dataset7373,lognormal_offset,,0.21476625422868667,1.0475427394146888,0.33720218745162966,0.04077840166321069
synthetic,dataset7373,lognormal_3p,interior,0.19570234334536787,1.0473578109067447,0.33485563779363875,0.04047571576623302
synthetic,dataset7398,lognormal_offset,,0.3413979155826866,0.9550663093254126,0.5134043640032856,0.0619990485770347
synthetic,dataset7398,lognormal_3p,interior,0.4543855792425761,0.9564670373679603,0.5482653900536156,0.050779223310788976
synthetic,dataset7415,lognormal_offset,,0.6118217815191446,1.435064238451792,1.326172848547719,0.20684337527380944
synthetic,dataset7415,lognormal_3p,interior,0.8939294868895158,1.4446703575389435,2.215574204139767,0.14055049941427017
synthetic,dataset7421,lognormal_offset,,0.434221071013649,0.9500044950055807,0.6568805609437269,0.24901214435687583
synthetic,dataset7421,lognormal_3p,interior,0.660309323256735,0.9374276024077506,0.7618015715406308,0.19559148048740063
synthetic,dataset7439,lognormal_offset,,0.3080989470152581,0.9473440035546477,0.45861783199714234,0.04384966374396625
synthetic,dataset7439,lognormal_3p,interior,0.29647178058200424,0.9472243154292123,0.45579085362208965,0.04383031478920925
synthetic,dataset7450,lognormal_offset,,0.26484916544764875,1.0141542901185165,0.4097534286994344,0.039286459069769075
synthetic,dataset7450,lognormal_3p,interior,0.22667551903811636,1.0136292283162605,0.40281049905175054,0.03837523333192034
synthetic,dataset7467,lognormal_offset,,0.4479063496567003,0.9371870919322778,0.6715725530323744,0.07504170090332819
synthetic,dataset7467,lognormal_3p,interior,0.6149323319663105,0.935314706394864,0.7918671292076233,0.0836245753645478
synthetic,dataset7471,lognormal_offset,,0.4180235125858499,0.9908639858254068,0.6508513297669389,0.12313627814189616
synthetic,dataset7471,lognormal_3p,interior,0.557014305212708,0.9894120244572012,0.7256268271394343,0.10335307528473311
synthetic,dataset7473,lognormal_offset,,0.4961486885646309,0.9694913379271115,0.7656910881090234,0.11266714118728936
synthetic,dataset7473,lognormal_3p,interior,0.7652125193095136,0.9654931043666102,1.076220489974535,0.07151043017522075
synthetic,dataset7481,lognormal_offset,,0.5671536777198731,1.307974345718793,1.121759900231046,0.1434389571648498
synthetic,dataset7481,lognormal_3p,interior,0.7890761625472839,1.312452387803371,1.556923971171371,0.09572526674264788
synthetic,dataset7497,lognormal_offset,,0.4582691342314578,1.0824223919967275,0.7648430813128789,0.09402751228442127
synthetic,dataset7497,lognormal_3p,interior,0.693264187676675,1.0889812167202595,0.9826538202282198,0.07025928674590094
synthetic,dataset7509,lognormal_offset,,0.034253696314638406,0.9991591637994348,0.051435685410551706,0.0053698466489300965
synthetic,dataset7509,lognormal_3p,interior,0.015096696963184745,0.999157052765533,0.05137141528619464,0.005269992551523816
synthetic,dataset7530,lognormal_offset,,0.3452070193214559,0.8428575632580665,0.47773611647707054,0.07886540343318005
synthetic,dataset7530,lognormal_3p,interior,0.47843577774379537,0.8424300167710793,0.5152725890224977,0.0604936667490424
synthetic,dataset7531,lognormal_offset,,0.37375573015295904,1.0319261846645331,0.5954654232557389,0.06381908528516507
synthetic,dataset7531,lognormal_3p,interior,0.4574522945492632,1.0328464304677338,0.629584795807793,0.05025376679932538
synthetic,dataset7537,lognormal_offset,,0.36212810519145905,0.9662729910620039,0.550416765047633,0.03409942172308565
synthetic,dataset7537,lognormal_3p,interior,0.36170341382354637,0.9662734786776037,0.5502630865887942,0.034115805920408415
synthetic,dataset7556,lognormal_offset,,0.45665589224688785,1.0782997871719158,0.7598193537221207,0.05569994661240396
synthetic,dataset7556,lognormal_3p,interior,0.5441021595232326,1.07773936660844,0.8238400249566187,0.04774960461979791
synthetic,dataset7557,lognormal_offset,,0.09260291211466726,1.0263642869972207,0.14187067890562347,0.04789113862121188
synthetic,dataset7557,lognormal_3p,boundary_normal_limit,0.0009962704410687417,1.0261156137990897,0.135055423576876,0.042454407742767535
synthetic,dataset7562,lognormal_offset,,0.04250642976325041,1.010291035022343,0.06431338849309738,0.010395146672957422
synthetic,dataset7562,lognormal_3p,interior,0.040434325389713664,1.0102907218064097,0.06430422749831041,0.010404039058004503
synthetic,dataset7569,lognormal_offset,,0.3551702759682647,1.1634897062486529,0.6136600081151686,0.09848287668899637
synthetic,dataset7569,lognormal_3p,interior,0.1238894103372095,1.164044150470677,0.5305532289306835,0.04281093451813375
synthetic,dataset7570,lognormal_offset,,0.026141187103895416,1.002616662152196,0.03933901737514342,0.005146864754129054
synthetic,dataset7570,lognormal_3p,interior,0.05259860884000014,1.002618014020469,0.039364520309048606,0.00509808143703819
synthetic,dataset7577,lognormal_offset,,0.3843653832279706,0.9222800318370863,0.567137993847718,0.08022599419921114
synthetic,dataset7577,lognormal_3p,interior,0.2527505140363878,0.9258805249284338,0.5178675835552521,0.0595396916831693
synthetic,dataset7579,lognormal_offset,,0.06365545510959718,0.9958739814059822,0.09545293686852813,0.02306585396600835
synthetic,dataset7579,lognormal_3p,interior,0.09045836594485583,0.9958785372187094,0.09561216733836428,0.022950030475868022
synthetic,dataset7583,lognormal_offset,,0.5274118241867892,1.2972000224421547,1.0247980542949926,0.22989697087118086
synthetic,dataset7583,lognormal_3p,interior,0.7262807833265937,1.2965123800210023,1.2943902066311772,0.16591440376020578
synthetic,dataset7590,lognormal_offset,,0.45371389400381434,1.032849138588789,0.7309808619465761,0.08707748692961266
synthetic,dataset7590,lognormal_3p,interior,0.4427071644992062,1.0330766238636477,0.7239657808509424,0.08558469182020248
synthetic,dataset7610,lognormal_offset,,0.4015098421291578,1.0078479941420486,0.6315446571663336,0.049050670238698114
synthetic,dataset7610,lognormal_3p,interior,0.45677680497656875,1.007575440605798,0.6582385505568435,0.04926328994111122
synthetic,dataset7612,lognormal_offset,,0.08941000146028356,1.0026319034604723,0.13482720931518016,0.020593527379885672
synthetic,dataset7612,lognormal_3p,interior,0.1302305483693957,1.002653455295803,0.135466111533098,0.02032182575711684
synthetic,dataset7631,lognormal_offset,,0.11300766636100722,0.9798492810296672,0.16805402856661625,0.01501351554254008
synthetic,dataset7631,lognormal_3p,interior,0.15827084946227354,0.979910291470236,0.16944017237607625,0.015166064849441755
synthetic,dataset7648,lognormal_offset,,0.4237884724471812,0.974415319346595,0.6523378824578218,0.1527234352747088
synthetic,dataset7648,lognormal_3p,interior,0.594925019014328,0.9707051238123534,0.7428151750051318,0.12912121237277127
synthetic,dataset7655,lognormal_offset,,0.4076926809590225,1.1163426696994743,0.6904760434972756,0.014738933643124561
synthetic,dataset7655,lognormal_3p,interior,0.4345011792722935,1.1164741775513995,0.7046110532034252,0.01574506506399522
synthetic,dataset7683,lognormal_offset,,0.44368091401660453,1.0022873751394392,0.6984374365231787,0.0653511380208586
synthetic,dataset7683,lognormal_3p,interior,0.5752500599522299,1.0005943467115157,0.7864305168752538,0.042047148768140676
synthetic,dataset7684,lognormal_offset,,0.3000851087473156,1.103520538059267,0.49460953706648775,0.052241284558013225
synthetic,dataset7684,lognormal_3p,interior,0.17689865687844653,1.1028863828749143,0.4674317855534797,0.03887264112692794
synthetic,dataset7692,lognormal_offset,,0.1634366901532962,1.0122391768414039,0.24935535303964979,0.03756494528693937
synthetic,dataset7692,lognormal_3p,interior,0.22243876064075943,1.0124096724631029,0.2527515738286936,0.035759718443714616
synthetic,dataset7699,lognormal_offset,,0.3095518275535223,1.0036665777255769,0.4790261580562189,0.08140474426300852
synthetic,dataset7699,lognormal_3p,interior,0.47521936624962297,1.0057851604584418,0.517925055370203,0.049559697933312406
synthetic,dataset7704,lognormal_offset,,0.5648439856176818,1.3513019139236704,1.1459840843732583,0.17543293651201777
synthetic,dataset7704,lognormal_3p,interior,0.785317157743531,1.355465182394927,1.572893452514694,0.07910251560113822
synthetic,dataset7721,lognormal_offset,,0.4431071347327687,0.9983259640045463,0.6954780607791713,0.06933226211467804
synthetic,dataset7721,lognormal_3p,interior,0.5890551644786961,0.9968044113148865,0.7944027697980874,0.0394369429787894
synthetic,dataset7722,lognormal_offset,,0.45749948281095854,1.0198525086203185,0.7305428737018811,0.07886079168779836
synthetic,dataset7722,lognormal_3p,interior,0.6406551721867964,1.0188629745706128,0.8756165390695424,0.040168886392824975
synthetic,dataset7732,lognormal_offset,,0.41900245064538005,1.007616289500175,0.660331006043751,0.0679136308827198
synthetic,dataset7732,lognormal_3p,interior,0.5370828544139443,1.007023170026955,0.7264497981482062,0.056437326525271496
synthetic,dataset7736,lognormal_offset,,0.2114057842175818,1.0817463102047078,0.33912237528214106,0.07096004520541443
synthetic,dataset7736,lognormal_3p,interior,0.14972182153891953,1.0810774508547811,0.33086335501604497,0.06638336611668563
synthetic,dataset776,lognormal_offset,,0.25623106744489654,1.211131195494344,0.4474254582946397,0.20614639733295523
synthetic,dataset776,lognormal_3p,boundary_normal_limit,0.0009983076169707294,1.2066331902917684,0.37586908408517083,0.1648915765213069
synthetic,dataset7760,lognormal_offset,,0.4369273510487842,0.9790592527968401,0.6757095834920391,0.05247674592335241
synthetic,dataset7760,lognormal_3p,interior,0.5723996344096917,0.9775804082383207,0.7629528531866688,0.03540704652425059
synthetic,dataset7764,lognormal_offset,,0.23718308372360944,0.9690302166900714,0.35455277705998983,0.04040782084913972
synthetic,dataset7764,lognormal_3p,interior,0.25500779375627075,0.9692014988220619,0.3568803954043565,0.039304069847221415
synthetic,dataset7772,lognormal_offset,,0.4421386722292373,1.0491332255082284,0.7195225651374807,0.08754652706924235
synthetic,dataset7772,lognormal_3p,interior,0.5419815318699748,1.0481693220331756,0.7849260688079918,0.073556762153153
synthetic,dataset7780,lognormal_offset,,0.08894438152947519,0.9992244397721883,0.13381779626153725,0.01842516584691232
synthetic,dataset7780,lognormal_3p,interior,0.11331402129751113,0.9992390856258783,0.13421942129498327,0.018142714069098224
synthetic,dataset779,lognormal_offset,,0.1612141218047579,0.9680746937392395,0.23873156298647036,0.08252824903924556
synthetic,dataset779,lognormal_3p,boundary_guard,2.3759047210623105,5.783945850840296,592.2882224743503,0.1689969722612977
synthetic,dataset7805,lognormal_offset,,0.08649281868503907,0.9932106932630524,0.1295917502141748,0.016628080185250423
synthetic,dataset7805,lognormal_3p,interior,0.16496676074749472,0.9932368267120766,0.13061040802835577,0.014683436583090787
synthetic,dataset7810,lognormal_offset,,0.04694460515918396,1.0052959276507498,0.07080139868358278,0.005094166903013966
synthetic,dataset7810,lognormal_3p,interior,0.0348127063944241,1.005293838924656,0.07073868983864287,0.005066898436383057
synthetic,dataset7837,lognormal_offset,,0.32886570910730656,1.0012248880563992,0.5096561826815095,0.10844585362430216
synthetic,dataset7837,lognormal_3p,boundary_normal_limit,0.0009978420628169186,1.0040001634205222,0.41467481251692534,0.0426588957182266
synthetic,dataset7841,lognormal_offset,,0.3862036472894857,0.9227976167065697,0.5701628931808145,0.1049990243000094
synthetic,dataset7841,lognormal_3p,interior,0.46662913810194057,0.9217116337849536,0.6025983149725774,0.10392282798655676
synthetic,dataset7844,lognormal_offset,,0.46167975283903145,1.066124249726868,0.7622677845915212,0.12413661618401521
synthetic,dataset7844,lognormal_3p,interior,0.662869606965992,1.0658221338236253,0.9297287691920411,0.09270180525255113
synthetic,dataset7857,lognormal_offset,,0.40907483047847093,1.0284109945563775,0.6533773083680955,0.02465066378692993
synthetic,dataset7857,lognormal_3p,interior,0.42753698893182324,1.0282728221408959,0.6627373508034188,0.02487036146201188
synthetic,dataset7858,lognormal_offset,,0.4105487749151984,1.0390430061239324,0.6606967783370145,0.030698610964278193
synthetic,dataset7858,lognormal_3p,interior,0.41890508475955857,1.0389749713674694,0.6649573752420256,0.03129419201447521
synthetic,dataset7859,lognormal_offset,,0.32357895528650316,1.0998380892866213,0.5343271412584438,0.07038152710023776
synthetic,dataset7859,lognormal_3p,interior,0.43628674656303745,1.102070600933019,0.5662145484456128,0.056596182109469775
synthetic,dataset7904,lognormal_offset,,0.2038686806074186,0.9942315312183462,0.30865251686791584,0.03828776178280155
synthetic,dataset7904,lognormal_3p,interior,0.30224110884079125,0.994748315478933,0.31774512031118907,0.03310564570804643
synthetic,dataset7915,lognormal_offset,,0.2233931380976762,0.9187586497381461,0.32190553118806764,0.06606339891044198
synthetic,dataset7915,lognormal_3p,interior,0.2789952712493949,0.9190529867962641,0.32709677330779874,0.06441076212178531
synthetic,dataset7923,lognormal_offset,,0.0493792913722577,1.0004657280651008,0.07423926125567072,0.00914346270078021
synthetic,dataset7923,lognormal_3p,interior,0.038226643942841365,1.0004633536545904,0.07416812607015169,0.009074054112545964
synthetic,dataset7925,lognormal_offset,,0.3852763827698126,0.8915767794051225,0.555376530608194,0.08335374789638797
synthetic,dataset7925,lognormal_3p,interior,0.564039559764819,0.8909741684078477,0.6317718322137265,0.04308387730340534
synthetic,dataset7937,lognormal_offset,,0.23309449915999889,0.9640435987578267,0.34706126494138934,0.04550472762858565
synthetic,dataset7937,lognormal_3p,interior,0.1512697590011397,0.9631493461538492,0.33530101650937455,0.04287376621737278
synthetic,dataset7945,lognormal_offset,,0.20919174126473947,1.0018820281532295,0.31853673980512687,0.031701340958807105
synthetic,dataset7945,lognormal_3p,interior,0.19776318499930515,1.0017954527537143,0.3173096861725653,0.031360703085577694
synthetic,dataset7947,lognormal_offset,,0.414459752738162,1.019534508474619,0.6583399844910055,0.058955118871924166
synthetic,dataset7947,lognormal_3p,interior,0.5139583194870669,1.019179915370046,0.7120098008592467,0.05071107131399593
synthetic,dataset7953,lognormal_offset,,0.28007794256856827,0.9307606836943179,0.41034162402788915,0.13278502468823844
synthetic,dataset7953,lognormal_3p,interior,0.3264661247677518,0.9311192413608305,0.4172458892746089,0.13157636261059863
synthetic,dataset7975,lognormal_offset,,0.3663302290551002,0.878446993139644,0.5220317066292989,0.1183887261122537
synthetic,dataset7975,lognormal_3p,interior,0.4970218762956496,0.8768805908806744,0.5636689685767902,0.10233097640012474
synthetic,dataset7976,lognormal_offset,,0.09209148522053438,1.0013421098787678,0.13877058261344952,0.02425635123134954
synthetic,dataset7976,lognormal_3p,interior,0.03011293997901345,1.0012784784152016,0.13723322060419926,0.022381184515263282
synthetic,dataset7977,lognormal_offset,,0.3153547689379117,0.7562058020928352,0.4060449992143996,0.0663283506675926
synthetic,dataset7977,lognormal_3p,interior,0.4052248525770193,0.7558262456987751,0.42610165815828327,0.05564153417498975
synthetic,dataset7978,lognormal_offset,,0.08366195804160877,1.0003706419306264,0.12593430311149606,0.015328534197770376
synthetic,dataset7978,lognormal_3p,interior,0.08303938517430291,1.000370256550824,0.1259241643404645,0.015317128170198889
synthetic,dataset7980,lognormal_offset,,0.5505758293771568,1.1770847243962443,0.9966214530715422,0.1477135577164921
synthetic,dataset7980,lognormal_3p,interior,0.8027618625274838,1.1786660792616839,1.4429434126789964,0.05132661047123844
synthetic,dataset7981,lognormal_offset,,0.5461232944888954,1.1875298165933226,0.9944604960204121,0.2637391995716308
synthetic,dataset7981,lognormal_3p,interior,0.7944781998164145,1.1766753448400469,1.376804270574806,0.17464073273437272
synthetic,dataset7986,lognormal_offset,,0.21062049507008399,0.9585949166597113,0.3115205516416365,0.04249679988981628
synthetic,dataset7986,lognormal_3p,interior,0.2181535673764927,0.9586478977663786,0.31228658168084134,0.04185692325936459
synthetic,dataset799,lognormal_offset,,0.07812860838851302,1.043833944177582,0.12098151648241035,0.05081118658260291
synthetic,dataset799,lognormal_3p,interior,0.04215993241792525,1.043814908667847,0.12045813267603858,0.05065909489365933
synthetic,dataset7991,lognormal_offset,,0.4539304456905601,1.0328906913039162,0.7313705179405926,0.08736251335124437
synthetic,dataset7991,lognormal_3p,interior,0.607085846006637,1.031121987408629,0.8436320748703839,0.06123229427496185
synthetic,dataset8001,lognormal_offset,,0.3834515212320409,1.0095187463956088,0.6024402069470727,0.04646566612169645
synthetic,dataset8001,lognormal_3p,interior,0.347410948008777,1.0097430843071278,0.587308045391898,0.04355244298761639
synthetic,dataset8006,lognormal_offset,,0.4391507889256714,1.3148293215319309,0.8440842984637863,0.07965077466658464
synthetic,dataset8006,lognormal_3p,interior,0.49933334633968385,1.316278517358555,0.8862893215810831,0.07414449124467402
synthetic,dataset8018,lognormal_offset,,0.354281994524802,1.037839865731856,0.564984804069114,0.042283836492475614
synthetic,dataset8018,lognormal_3p,interior,0.28879137491258555,1.037657715958536,0.5419547562248782,0.03242531242724171
synthetic,dataset8025,lognormal_offset,,0.4041588252604122,0.9860219192164984,0.6261280144006108,0.06144700667028844
synthetic,dataset8025,lognormal_3p,interior,0.4606722778393977,0.9856987079753686,0.654306080652368,0.06526553251299902
synthetic,dataset8045,lognormal_offset,,0.3865441873436722,0.8504149392434066,0.5393866872676559,0.046022127538486994
synthetic,dataset8045,lognormal_3p,interior,0.47516521828474023,0.8491547949695706,0.5772731685126573,0.042607778146419535
synthetic,dataset8046,lognormal_offset,,0.14006810346187457,1.0005656256651194,0.21162243833950417,0.024558101297054866
synthetic,dataset8046,lognormal_3p,interior,0.14545037947019052,1.000578784078684,0.21187322451119717,0.02459284937210328
synthetic,dataset8051,lognormal_offset,,0.08628820043882637,0.9990625569460121,0.12979054874613458,0.015130299214971056
synthetic,dataset8051,lognormal_3p,interior,0.0795674495778179,0.9990578989596423,0.12967139463471986,0.015048049714764405
synthetic,dataset8057,lognormal_offset,,0.17948302715247455,1.0006360710878635,0.2721658939067685,0.05146489345237558
synthetic,dataset8057,lognormal_3p,interior,0.19945590297202806,1.000723544266118,0.27362417639309244,0.051241600493382826
synthetic,dataset8061,lognormal_offset,,0.2042769154413921,1.0049783031678534,0.31151056184963954,0.036865959133547004
synthetic,dataset8061,lognormal_3p,interior,0.25968678390721167,1.0052493290229085,0.3162997593604665,0.03428647148640455
synthetic,dataset8070,lognormal_offset,,0.4295818284768974,1.0899015992107635,0.7175428328280653,0.022846799409975197
synthetic,dataset8070,lognormal_3p,interior,0.46832005503192875,1.0897485966762024,0.7407339707260159,0.023315294631165023
synthetic,dataset8078,lognormal_offset,,0.3953603627954781,1.0075668407450518,0.6212706572915185,0.02970057976392603
synthetic,dataset8078,lognormal_3p,interior,0.4042503784076696,1.007509080462891,0.6253506851910482,0.030029502320451373
synthetic,dataset8083,lognormal_offset,,0.2837070117895001,0.9515367679586147,0.4219634921481868,0.033578080837638316
synthetic,dataset8083,lognormal_3p,interior,0.21113128208209722,0.9509156896879785,0.40748124104138567,0.027525743625713757
synthetic,dataset8092,lognormal_offset,,0.41391760344378825,1.0012419370923253,0.648981593756705,0.0543642639322849
synthetic,dataset8092,lognormal_3p,interior,0.5118145413977927,1.0006191346579998,0.701158756775344,0.046591815432968614
synthetic,dataset8098,lognormal_offset,,0.02382663597811133,0.9739308020636116,0.035170279792958205,0.007225584977425401
synthetic,dataset8098,lognormal_3p,interior,0.11703955412661313,0.9739187572579044,0.034813966652677386,0.006211204099062846
synthetic,dataset8110,lognormal_offset,,0.5246114658420569,1.1545720790515748,0.9300407605471448,0.14569248517537997
synthetic,dataset8110,lognormal_3p,interior,0.7396637072737462,1.1539389400266515,1.2219542660964167,0.07701656103151915
synthetic,dataset8114,lognormal_offset,,0.3113462099252983,1.0088747917478735,0.4836293692154634,0.04562917394565587
synthetic,dataset8114,lognormal_3p,interior,0.3227001815897946,1.0090407272685091,0.48650043457467834,0.04554250634655819
synthetic,dataset8123,lognormal_offset,,0.43825149530330093,1.0718926159312907,0.7241011121737385,0.053034038935096534
synthetic,dataset8123,lognormal_3p,interior,0.5329731765736296,1.0714939201502642,0.7854388185127723,0.03630239968548825
synthetic,dataset8125,lognormal_offset,,0.07523184046789025,1.000556391449833,0.11321611637501318,0.023658353661328558
synthetic,dataset8125,lognormal_3p,interior,0.08078688358600807,1.0005590238192579,0.1132872701912031,0.0236323827293647
synthetic,dataset8128,lognormal_offset,,0.33345382702553383,0.946354481245245,0.49783377401939327,0.07571190394225003
synthetic,dataset8128,lognormal_3p,interior,0.39094728441357757,0.9468665824379289,0.5141113796950973,0.07518168515398625
synthetic,dataset8130,lognormal_offset,,0.46300648034999664,0.9548777769898937,0.7045623972782513,0.11353323308717202
synthetic,dataset8130,lognormal_3p,interior,0.697201597647617,0.950877987313564,0.9006907510516626,0.05295503201884251
synthetic,dataset8131,lognormal_offset,,0.19832722982857154,1.0958530731162914,0.32048259687359687,0.06235909873100626
synthetic,dataset8131,lognormal_3p,interior,0.08055905918619692,1.0947545211103562,0.30575203317250027,0.04803207929647778
synthetic,dataset8137,lognormal_offset,,0.28428309430740456,1.0214361840386492,0.4433134029405948,0.03761768957491924
synthetic,dataset8137,lognormal_3p,interior,0.25091128382382943,1.0209799146397078,0.4363972239510612,0.03642547435439552
synthetic,dataset8144,lognormal_offset,,0.4463076025652853,0.9931131908446529,0.6980518230499307,0.0917651125381181
synthetic,dataset8144,lognormal_3p,interior,0.6041339892519418,0.9905968796795722,0.8058866531362051,0.06618456577903883
synthetic,dataset8148,lognormal_offset,,0.02188437029990667,1.0000793466768207,0.03287558856722599,0.004824964837274357
synthetic,dataset8148,lognormal_3p,boundary_normal_limit,0.0009966319964767104,1.000077507429698,0.03275408093817714,0.004689710623244121
synthetic,dataset8164,lognormal_offset,,0.43869551634204235,0.9451747365491178,0.6614240211555499,0.10579390802508415
synthetic,dataset8164,lognormal_3p,interior,0.6358865791513579,0.9413646108727873,0.7893741420050124,0.0583222577712082
synthetic,dataset8176,lognormal_offset,,0.22049091515593375,0.9202788327987261,0.3179443247079474,0.08180177080320968
synthetic,dataset8176,lognormal_3p,interior,0.24364785323121554,0.9204336392481187,0.32022939878199946,0.08185878198239119
synthetic,dataset8185,lognormal_offset,,0.08514170331473232,0.994542317207248,0.12767282699431887,0.01956235264257199
synthetic,dataset8185,lognormal_3p,interior,0.10606202884966462,0.9945538010993721,0.12798978959053492,0.0196452535091292
synthetic,dataset8187,lognormal_offset,,0.2903950149963453,1.0608947579510166,0.46509855714546516,0.07506095212379542
synthetic,dataset8187,lognormal_3p,interior,0.05292128223043109,1.0609803599553085,0.4145227084247464,0.0371801732591524
synthetic,dataset8195,lognormal_offset,,0.41016674242727225,1.066613765757391,0.6725437237706764,0.06460837297838752
synthetic,dataset8195,lognormal_3p,interior,0.25799167677505774,1.0701228653794799,0.6023709944003793,0.029203419678781525
synthetic,dataset8199,lognormal_offset,,0.17220878752414814,0.8568283413406745,0.23593238340221578,0.041119863710737344
synthetic,dataset8199,lognormal_3p,interior,0.13414493375635217,0.8566377604693074,0.23310589307325183,0.04048530156930211
synthetic,dataset8204,lognormal_offset,,0.4027935741194606,0.922748421090408,0.5954262089975884,0.05645788008393232
synthetic,dataset8204,lognormal_3p,interior,0.40598548017195457,0.9226852050214106,0.5968909850064962,0.056560811968832655
synthetic,dataset8205,lognormal_offset,,0.3620653084391249,1.092224148057342,0.5990726099534631,0.12197065777548027
synthetic,dataset8205,lognormal_3p,interior,0.16334518590455832,1.0936196256079942,0.526999976205531,0.09016125755693928
synthetic,dataset8207,lognormal_offset,,0.4167317421149846,1.0293695388271304,0.6667093243477965,0.022835111372948382
synthetic,dataset8207,lognormal_3p,interior,0.4500359650863835,1.0291094893292947,0.6846115024680856,0.021720192522867714
synthetic,dataset8211,lognormal_offset,,0.41368403390157094,0.9371778046283723,0.6187747524276853,0.05126755719693997
synthetic,dataset8211,lognormal_3p,interior,0.4934647734389139,0.9361026728297956,0.6605803478780179,0.05405820359468916
synthetic,dataset8213,lognormal_offset,,0.14766518460803157,1.0049507321185152,0.2238920508214653,0.03470934909498896
synthetic,dataset8213,lognormal_3p,boundary_normal_limit,0.0009970520177885861,1.0043251193194747,0.21192140100525794,0.019845418114849616
synthetic,dataset8221,lognormal_offset,,0.4044013364805059,0.8810704396110176,0.5787782123838934,0.03566348035379303
synthetic,dataset8221,lognormal_3p,interior,0.5042172386860257,0.87941233265052,0.6273032745092995,0.02539157514437602
synthetic,dataset8240,lognormal_offset,,0.36897628828130014,0.9074471646744614,0.5376626577011899,0.11871439725835911
synthetic,dataset8240,lognormal_3p,interior,0.43892495915358887,0.9066916803618754,0.5619382292093222,0.11503114161118141
synthetic,dataset8243,lognormal_offset,,0.2607415117313155,1.0666281185804651,0.4171268409090614,0.0469251662248671
synthetic,dataset8243,lognormal_3p,interior,0.36372027148958763,1.067953286489663,0.4351943768144714,0.03760122751147534
synthetic,dataset8251,lognormal_offset,,0.3877336625660729,0.9998653313115278,0.6054222655511418,0.039797911452055926
synthetic,dataset8251,lognormal_3p,interior,0.41800589094091073,0.9997729904908965,0.6186755192948193,0.039955919631041496
synthetic,dataset8259,lognormal_offset,,0.32229761641290716,1.1905245582902788,0.5624339062512206,0.16339795643204863
synthetic,dataset8259,lognormal_3p,boundary_normal_limit,0.000997652953202002,1.187261545360618,0.4530999835047009,0.08997221126534516
synthetic,dataset8264,lognormal_offset,,0.40456881616143664,1.0165202685498682,0.6404805590002982,0.03012693089774176
synthetic,dataset8264,lognormal_3p,interior,0.48603933668639027,1.0165494894713776,0.6820540820703654,0.030789565120802845
synthetic,dataset8265,lognormal_offset,,0.050253216654522356,1.0009646771958545,0.07558012571190578,0.010835650875595102
synthetic,dataset8265,lognormal_3p,interior,0.09418512201580977,1.000968269099953,0.07571710080059553,0.01042390279902194
synthetic,dataset8278,lognormal_offset,,0.4048090611566656,1.0238763529533252,0.6441737424986635,0.10738244064397452
synthetic,dataset8278,lognormal_3p,interior,0.5442205314063365,1.0258169062253006,0.7209699690806831,0.11455584985147607
synthetic,dataset8281,lognormal_offset,,0.4942740935985242,1.0336878110070449,0.8007517340726038,0.10322120119737237
synthetic,dataset8281,lognormal_3p,interior,0.6864221225104556,1.0310899998569072,0.9969624451666367,0.05857416803014535
synthetic,dataset8301,lognormal_offset,,0.488391342184247,1.141448674359704,0.8524067112525343,0.15448619070780664
synthetic,dataset8301,lognormal_3p,interior,0.6520385436465075,1.1402001259997896,1.010402759067225,0.13634190615034109
synthetic,dataset8302,lognormal_offset,,0.47159756299636413,1.0282008129091176,0.758864058294835,0.13208010793169295
synthetic,dataset8302,lognormal_3p,interior,0.6511994511465407,1.0245246597232942,0.9084353920900287,0.10182124098394452
synthetic,dataset8310,lognormal_offset,,0.13972505513223732,0.967809390646525,0.20649024937134927,0.051542823060556395
synthetic,dataset8310,lognormal_3p,interior,0.13580713642417297,0.9677985973193357,0.20630456576407719,0.051533969677454494
synthetic,dataset8314,lognormal_offset,,0.3128753460145119,1.0004459529384286,0.48338232252106883,0.04995126506768809
synthetic,dataset8314,lognormal_3p,interior,0.31926930711753376,1.0005333097672031,0.4850143489646241,0.04970934347718313
synthetic,dataset8316,lognormal_offset,,0.36011316707759716,1.0057513988859923,0.5624697384762071,0.057067377354176566
synthetic,dataset8316,lognormal_3p,interior,0.4279927135812066,1.0064632502071345,0.5871379606970903,0.05348421647037918
synthetic,dataset8322,lognormal_offset,,0.3047900881763388,1.0027620525779608,0.4710057384104746,0.08374679833960366
synthetic,dataset8322,lognormal_3p,interior,0.19520129631379643,1.0016601858539496,0.4428202992109669,0.06770302620196925
synthetic,dataset8330,lognormal_offset,,0.4952845091609764,1.271199370300833,0.9399275920652177,0.10785407896227392
synthetic,dataset8330,lognormal_3p,interior,0.6612918422852716,1.2742295414393718,1.121692607169416,0.05648339646072078
synthetic,dataset834,lognormal_offset,,0.4715922151313156,0.9164402887864761,0.6964266291835741,0.198403836873363
synthetic,dataset834,lognormal_3p,boundary_guard,2.3305437110869587,11.519721309663026,1280.947413535629,0.43401452776695226
synthetic,dataset8350,lognormal_offset,,0.30538964296287124,0.9592179365211617,0.45817115304367056,0.10138517174613502
synthetic,dataset8350,lognormal_3p,interior,0.24014673321718816,0.9583498236827535,0.44104649405030516,0.09625208417070248
synthetic,dataset8356,lognormal_offset,,0.39148147257601607,0.9646356770031786,0.5963787857136326,0.06575740770747802
synthetic,dataset8356,lognormal_3p,interior,0.5230345341950058,0.9645336961368389,0.6552925909453168,0.043364922985310014
synthetic,dataset836,lognormal_offset,,0.14558426224019852,1.1200699331439115,0.23758050544839773,0.07432212160138817
synthetic,dataset836,lognormal_3p,boundary_normal_limit,0.0009975456971659724,1.1196594637639519,0.22920284025854554,0.07099244901467244
synthetic,dataset8362,lognormal_offset,,0.35284728143695404,1.0141449853133506,0.5536843206199349,0.07518550815544577
synthetic,dataset8362,lognormal_3p,interior,0.14918779557541448,1.0167037235019323,0.4874198679457429,0.03507401712012167
synthetic,dataset8363,lognormal_offset,,0.43054150567375127,1.0451874073404261,0.6976698759629646,0.06380930679008069
synthetic,dataset8363,lognormal_3p,interior,0.48439994224955746,1.0446396715878317,0.7294229701916799,0.06040262346095931
synthetic,dataset8375,lognormal_offset,,0.08918683264647206,1.0002121747625343,0.13427260013679523,0.013560848792718029
synthetic,dataset8375,lognormal_3p,interior,0.05196820362854808,1.0001797811062967,0.13347795771519363,0.01276356841671403
synthetic,dataset839,lognormal_offset,,0.3275972704909757,1.1225743405556123,0.5491115687373247,0.22267376237980852
synthetic,dataset839,lognormal_3p,boundary_normal_limit,0.0009979882804038113,1.1261885780257872,0.4590953074862296,0.19440252057354457
synthetic,dataset8393,lognormal_offset,,0.42547599247671003,1.0033699878899762,0.6689907855434594,0.026498449188357025
synthetic,dataset8393,lognormal_3p,interior,0.5011651456167837,1.0026064169834232,0.7125816705639494,0.02349676144963779
synthetic,dataset8396,lognormal_offset,,0.33053316335283983,0.7495222404651141,0.4234120495342062,0.061950120303916445
synthetic,dataset8396,lognormal_3p,interior,0.42500244505640394,0.7484750512276624,0.44715305347871015,0.05902428156099991
synthetic,dataset841,lognormal_offset,,0.25516667241206836,0.8422235510106172,0.3493357117141455,0.18231318075537128
synthetic,dataset841,lognormal_3p,interior,0.6823271548737939,0.8426104454394393,0.4223811410466135,0.15335259350436733
synthetic,dataset8410,lognormal_offset,,0.017806205039955916,0.9993016197369304,0.026734128856390312,0.003294048479228062
synthetic,dataset8410,lognormal_3p,interior,0.022033724878516257,0.9993017827879185,0.02673697340210036,0.003292018814017079
synthetic,dataset8412,lognormal_offset,,0.46749854349999287,1.0166073306926624,0.7455807543034356,0.07744465317852445
synthetic,dataset8412,lognormal_3p,interior,0.6415726468838687,1.0146665014193168,0.8904839138643453,0.03161877271971326
synthetic,dataset8415,lognormal_offset,,0.009328079146922068,0.9985112776354514,0.01399684179888723,0.002310839360053178
synthetic,dataset8415,lognormal_3p,interior,0.07872652271763429,0.9985111905868616,0.013945417975297178,0.0021076312270723874
synthetic,dataset8425,lognormal_offset,,0.3544102306562419,0.8567007280985721,0.4961537832442293,0.055766595694794134
synthetic,dataset8425,lognormal_3p,interior,0.4967196026890707,0.8569625957313947,0.5435805765403352,0.036397031095387604
synthetic,dataset843,lognormal_offset,,0.26546880563423686,0.9704822437693519,0.3988834913420372,0.17027937606432397
synthetic,dataset843,lognormal_3p,boundary_guard,2.4089087166867507,11.378987198413324,1294.320205211469,0.3354633257019638
synthetic,dataset8434,lognormal_offset,,0.3086449260055546,0.9858365316049129,0.4718344315835761,0.0838269548611127
synthetic,dataset8434,lognormal_3p,interior,0.42105562223072956,0.9871105448661377,0.4962326565217216,0.06642544962973429
synthetic,dataset8442,lognormal_offset,,0.1504734435150034,0.996401874183449,0.22690825256260488,0.025039016715523586
synthetic,dataset8442,lognormal_3p,interior,0.12521433580473948,0.9963188089483856,0.22547147949121704,0.024709209170615382
synthetic,dataset8445,lognormal_offset,,0.43878508572022046,0.8700817104704197,0.6230677724412759,0.07853086178305321
synthetic,dataset8445,lognormal_3p,interior,0.651741921081784,0.8655909388611918,0.7667473157161054,0.041794578958758544
synthetic,dataset8447,lognormal_offset,,0.4616471361803992,0.9038994747446676,0.6745095654606031,0.09387824505705417
synthetic,dataset8447,lognormal_3p,interior,0.7357941835183505,0.9004819750323612,0.9195577187577321,0.04213770498958254
synthetic,dataset8451,lognormal_offset,,0.25799947296675324,0.7339054128622848,0.32459314455545174,0.02504921398024731
synthetic,dataset8451,lognormal_3p,interior,0.20596191811488498,0.7338272967354922,0.3171008092058941,0.02300030502864992
synthetic,dataset8461,lognormal_offset,,0.35991852590660406,1.0814653224642923,0.5911895992697236,0.0626850110910513
synthetic,dataset8461,lognormal_3p,interior,0.26092640488292773,1.0813749896165172,0.5549465414382729,0.045876545210865885
synthetic,dataset8463,lognormal_offset,,0.46625722407166226,1.0857829732693067,0.7808845779472073,0.06735839500480507
synthetic,dataset8463,lognormal_3p,interior,0.6006234118105965,1.085147670453064,0.8901323801310522,0.03729101820891111
synthetic,dataset8472,lognormal_offset,,0.4720653878696405,1.0449572649998378,0.7688995694789025,0.05456239362442081
synthetic,dataset8472,lognormal_3p,interior,0.5989372453233112,1.0442409453130082,0.8751256228977102,0.058339867658614764
synthetic,dataset8480,lognormal_offset,,0.14477745807958842,0.9723271516407055,0.2147033610405902,0.040780711624976346
synthetic,dataset8480,lognormal_3p,interior,0.11004665373122849,0.9722134357269935,0.2127775017255306,0.040479457982497996
synthetic,dataset8481,lognormal_offset,,0.4089313589613944,0.9646876738502598,0.6240906674172997,0.05491953712305312
synthetic,dataset8481,lognormal_3p,interior,0.4999705595917676,0.9642705832516008,0.6719482030728801,0.06383830021346275
synthetic,dataset8482,lognormal_offset,,0.3485903789058805,1.035576946634451,0.5545655030393056,0.07600988862508382
synthetic,dataset8482,lognormal_3p,interior,0.2780421837878447,1.0351412361852972,0.5301766440291731,0.06969047093494297
synthetic,dataset8486,lognormal_offset,,0.37502946724872915,0.814771500265684,0.5080699602922895,0.037883262663039895
synthetic,dataset8486,lognormal_3p,interior,0.4902590748954231,0.8129863432828466,0.5522181182941279,0.02950522315275021
synthetic,dataset8497,lognormal_offset,,0.33209231130615396,0.9813843843047585,0.5079839863416684,0.05335468540997817
synthetic,dataset8497,lognormal_3p,interior,0.42504317593202734,0.9827487836200786,0.5347676599297096,0.04365050923579713
synthetic,dataset8517,lognormal_offset,,0.1680262636708867,1.0377788471255203,0.2608012451963475,0.020233970367315297
synthetic,dataset8517,lognormal_3p,interior,0.1185455012225846,1.0375819314331864,0.25740481300570384,0.017459538141199136
synthetic,dataset8520,lognormal_offset,,0.06748808663833514,1.0008381310583008,0.10155018884860038,0.015878309921441545
synthetic,dataset8520,lognormal_3p,interior,0.11763860628479486,1.000845757298866,0.10188051440245548,0.015215117834972553
synthetic,dataset8526,lognormal_offset,,0.5022815929133071,0.9491877271298591,0.7631393608534734,0.10736801026645164
synthetic,dataset8526,lognormal_3p,interior,0.7940502095370691,0.9476087510615957,1.1377108169486265,0.04222121879469583
synthetic,dataset8529,lognormal_offset,,0.415822894270694,0.9181047123639869,0.6130519196035416,0.1649687873636005
synthetic,dataset8529,lognormal_3p,interior,0.5817911805857778,0.9132930424264823,0.6935155453656537,0.1347146245232578
synthetic,dataset8531,lognormal_offset,,0.07128223363830911,1.008486162044925,0.10782176621655001,0.02102377771800996
synthetic,dataset8531,lognormal_3p,interior,0.030272983377085592,1.0084609727067497,0.10713498670568636,0.02019800717174545
synthetic,dataset8544,lognormal_offset,,0.44119611184074625,1.0120627214802227,0.6992774568093767,0.09490343589565829
synthetic,dataset8544,lognormal_3p,interior,0.5693967886837574,1.0105306615345524,0.7832675705264792,0.08302359016170852
synthetic,dataset8562,lognormal_offset,,0.38232192183111513,0.9476409223658192,0.5747077212678997,0.09765599141677264
synthetic,dataset8562,lognormal_3p,interior,0.4649047381565781,0.9470366745917079,0.6077706120108347,0.08928817596472521
synthetic,dataset8565,lognormal_offset,,0.4602941857809075,0.976640582174058,0.7120549810927228,0.0698457507715892
synthetic,dataset8565,lognormal_3p,interior,0.6429183793927977,0.9741669698131578,0.8564570712640036,0.03537014954683803
synthetic,dataset8589,lognormal_offset,,0.4331570728558447,1.0665818257061057,0.7125798438964254,0.058768853998828585
synthetic,dataset8589,lognormal_3p,interior,0.5149562067222215,1.0660752211419178,0.7628560415493905,0.05344113506453069
synthetic,dataset8594,lognormal_offset,,0.21071477304386071,1.0046363922665835,0.3215042749280575,0.039820941545763135
synthetic,dataset8594,lognormal_3p,boundary_normal_limit,0.0009976429870674412,1.0036173003642699,0.29970502227718326,0.013253965082546646
synthetic,dataset8607,lognormal_offset,,0.46148079349583215,0.9964566681826402,0.7246616689576606,0.08630044007429383
synthetic,dataset8607,lognormal_3p,interior,0.651818789948217,0.9942758978851927,0.8781378076839829,0.03922731652777772
synthetic,dataset8633,lognormal_offset,,0.3377373924164141,0.8810631253322868,0.48100811217664274,0.10343666357732778
synthetic,dataset8633,lognormal_3p,interior,0.39989355693679424,0.8809718833374779,0.4978543101675502,0.10236828687695027
synthetic,dataset8643,lognormal_offset,,0.017908403486332776,1.0027853069638308,0.026950070743310777,0.0027642441632724168
synthetic,dataset8643,lognormal_3p,interior,0.06887253423776922,1.0027874733313795,0.02699639953293262,0.0026262080635913857
synthetic,dataset8655,lognormal_offset,,0.32195319957719454,0.9642572047498046,0.48593489000135237,0.04836323332279501
synthetic,dataset8655,lognormal_3p,interior,0.3352253359463384,0.9643973232151682,0.48951142709903545,0.048471138372759785
synthetic,dataset8659,lognormal_offset,,0.5493233463190776,1.2919125752636924,1.0702361096771822,0.18300532623979243
synthetic,dataset8659,lognormal_3p,interior,0.7490177576935673,1.292541143384257,1.3935270501278774,0.11561073204128859
synthetic,dataset8662,lognormal_offset,,0.4835343737438339,0.9396276189990783,0.728050454612612,0.10711237626437829
synthetic,dataset8662,lognormal_3p,interior,0.669657273086756,0.9378757266299028,0.9016705727921652,0.10499148802589847
synthetic,dataset8668,lognormal_offset,,0.37842040985629516,0.9461834156716914,0.5680054418532207,0.07430722865385911
synthetic,dataset8668,lognormal_3p,interior,0.46166243652374933,0.9459022938718291,0.6011315187779648,0.06918686383744643
synthetic,dataset8676,lognormal_offset,,0.5419908261075648,1.2189628737864855,1.0065205594932753,0.16255638144295975
synthetic,dataset8676,lognormal_3p,interior,0.7672396937830259,1.219182282288253,1.3632114350817168,0.08809886836187364
synthetic,dataset8682,lognormal_offset,,0.41218904330543216,1.009129003599718,0.6497706237449199,0.04166812588837851
synthetic,dataset8682,lognormal_3p,interior,0.47229692078254687,1.008689797779553,0.6811741218253957,0.038602186900695105
synthetic,dataset8690,lognormal_offset,,0.4447783519809395,1.0741205631775,0.7366884314220628,0.08424159435770111
synthetic,dataset8690,lognormal_3p,interior,0.4134594178590454,1.074646540282635,0.7175376543061909,0.07870366576875758
synthetic,dataset8696,lognormal_offset,,0.47336620558471565,1.1106834691096434,0.8072502896734771,0.21390204855866188
synthetic,dataset8696,lognormal_3p,interior,0.7159198651640861,1.1061121386846045,1.015821203484257,0.1435083131752622
synthetic,dataset8711,lognormal_offset,,0.4115509578066206,0.9622171396286578,0.6271031344859941,0.11361427302108187
synthetic,dataset8711,lognormal_3p,interior,0.5427792844852563,0.9603168780108317,0.6926163995991398,0.09886397427854474
synthetic,dataset8717,lognormal_offset,,0.41234994721648455,0.9127035484942309,0.60526147906657,0.15730320743825182
synthetic,dataset8717,lognormal_3p,interior,0.5715040753208672,0.9084971984077546,0.6809388128121034,0.13830750322942628
synthetic,dataset8726,lognormal_offset,,0.4089207555214832,0.9155958473909415,0.6014394986444483,0.030518132846290465
synthetic,dataset8726,lognormal_3p,interior,0.4737253456540199,0.9144320593086942,0.6333582955822596,0.031797921265311994
synthetic,dataset8748,lognormal_offset,,0.11803004966951397,0.9996445362742418,0.17792909780810887,0.02365440826570211
synthetic,dataset8748,lognormal_3p,interior,0.12810712964539203,0.9996587146469714,0.17824392839533953,0.02352293703315604
synthetic,dataset8750,lognormal_offset,,0.43504049534486655,1.1223967619799904,0.7430720793671763,0.07759737655511843
synthetic,dataset8750,lognormal_3p,interior,0.5373838849196039,1.123145537251478,0.8103990927954244,0.06383411111728353
synthetic,dataset8772,lognormal_offset,,0.18137649761031727,1.0001123040672284,0.27499493697343524,0.04758779188157537
synthetic,dataset8772,lognormal_3p,interior,0.32865623443549374,1.0003235940238833,0.2836108351418984,0.032669674381726854
synthetic,dataset8782,lognormal_offset,,0.42864469566063323,0.9991262287999435,0.672148288855906,0.07300987579765235
synthetic,dataset8782,lognormal_3p,interior,0.5387054434504458,0.9977691001517413,0.7367489284053714,0.06087812214080388
synthetic,dataset8783,lognormal_offset,,0.2178937247705437,0.9585311673560872,0.32255716211356117,0.042225230221010074
synthetic,dataset8783,lognormal_3p,interior,0.2724331338024322,0.9588703007712828,0.32805392473177125,0.03571537759003706
synthetic,dataset8786,lognormal_offset,,0.43552811729676855,1.0083574539172795,0.6880212826247503,0.06946652227482834
synthetic,dataset8786,lognormal_3p,interior,0.5397077815750514,1.007021362945982,0.7524257805355962,0.05815878820529974
synthetic,dataset8789,lognormal_offset,,0.009587401400034905,0.9992259749840916,0.014392837365103646,0.0014961887154269805
synthetic,dataset8789,lognormal_3p,interior,0.11403958551225257,0.9992270224408433,0.014380223231677485,0.0014490572599962573
synthetic,dataset8792,lognormal_offset,,0.4243775426671557,0.9850889936844998,0.6584151660828877,0.053822293180919786
synthetic,dataset8792,lognormal_3p,interior,0.5256315824074269,0.983954451766489,0.716383432741534,0.04467807595841463
synthetic,dataset8803,lognormal_offset,,0.4961739917305543,1.115161642915945,0.8518981172835386,0.14634301551940837
synthetic,dataset8803,lognormal_3p,interior,0.7544405160232374,1.113552823776949,1.1465467659650899,0.04959191700961
synthetic,dataset8804,lognormal_offset,,0.3055844661694644,1.170597347480434,0.5253242422330132,0.0719496119830588
synthetic,dataset8804,lognormal_3p,interior,0.23042998901082815,1.1690052732119918,0.5041906952101047,0.06358752479925428
synthetic,dataset8815,lognormal_offset,,0.2670904963721888,0.9954096108840255,0.40823942813293773,0.05174777774823767
synthetic,dataset8815,lognormal_3p,interior,0.324127336327665,0.9961001798666795,0.4177563001588739,0.05021009543433533
synthetic,dataset883,lognormal_offset,,0.20980980751280082,1.1037771779848806,0.3411843493698664,0.1186077325385757
synthetic,dataset883,lognormal_3p,boundary_normal_limit,0.0009978275307460957,1.1027335256811888,0.31942181786771046,0.10894386055529866
synthetic,dataset8838,lognormal_offset,,0.3626956615662527,1.219105287311043,0.6488448247399269,0.14302523323311417
synthetic,dataset8838,lognormal_3p,interior,0.1154074830885166,1.217672022394504,0.5490631822849558,0.0848593124247588
synthetic,dataset8845,lognormal_offset,,0.3365671309537382,0.7430379589038063,0.42876895929944386,0.049699999134303
synthetic,dataset8845,lognormal_3p,interior,0.5043360790284432,0.7422066869922482,0.47562000868340903,0.026925897237639405
synthetic,dataset885,lognormal_offset,,0.02633244252457081,0.9944100214559723,0.03941051710572781,0.017303515703034688
synthetic,dataset885,lognormal_3p,interior,0.038582408762983224,0.994410667156819,0.039421658102744665,0.017292050840844637
synthetic,dataset8850,lognormal_offset,,0.454059702097571,1.0006064306368414,0.7146645854050989,0.09655626716618357
synthetic,dataset8850,lognormal_3p,interior,0.6149994035420241,0.997312749520375,0.8298035011166479,0.062412489693167435
synthetic,dataset8865,lognormal_offset,,0.38851232495313087,1.0136750478124315,0.6125661117380418,0.039462310940888784
synthetic,dataset8865,lognormal_3p,interior,0.3055627851578926,1.014890648741184,0.5779429204188021,0.023051622093588187
synthetic,dataset8876,lognormal_offset,,0.14077953476834928,0.9885484067114815,0.2110059413240631,0.06155287304481157
synthetic,dataset8876,lognormal_3p,interior,0.1704872428197479,0.9885804206842265,0.21189423463801776,0.06113112062347918
synthetic,dataset888,lognormal_offset,,0.042890592133864,0.9208054058880545,0.0610501504959487,0.03257305670262108
synthetic,dataset888,lognormal_3p,boundary_guard,2.373667375218974,1.1517444642860866,31.28762406505781,0.024749105443824276
synthetic,dataset8885,lognormal_offset,,0.41012111784437744,0.9787389858892422,0.6324385391416251,0.06445242966562832
synthetic,dataset8885,lognormal_3p,interior,0.5184005249979156,0.9781084131769752,0.6888767878018469,0.05805582988554633
synthetic,dataset8894,lognormal_offset,,0.43133514453413313,1.0323683808792663,0.6927954243970235,0.10105805586162377
synthetic,dataset8894,lognormal_3p,interior,0.5571433299718488,1.031409564722903,0.769454842430476,0.08466583820658093
synthetic,dataset8899,lognormal_offset,,0.4150347375082153,1.0174370781812778,0.6583288194799102,0.05631258777159957
synthetic,dataset8899,lognormal_3p,interior,0.4855623136932795,1.0170285551762495,0.696242494227755,0.05159112533418005
synthetic,dataset8920,lognormal_offset,,0.42225257769409763,0.9971124343884995,0.6607070948557047,0.10532521923442381
synthetic,dataset8920,lognormal_3p,interior,0.5468122117040729,0.9956958610958334,0.7301029684032019,0.08533593173810972
synthetic,dataset8926,lognormal_offset,,0.3642745913422832,0.7534698477899617,0.46821586418150474,0.07597848963973831
synthetic,dataset8926,lognormal_3p,interior,0.5685446844270099,0.750073848750995,0.5370974945315261,0.03715141264360409
synthetic,dataset8928,lognormal_offset,,0.06602449350256133,1.0136582401176337,0.10019104633239397,0.015573219780106846
synthetic,dataset8928,lognormal_3p,interior,0.06514140400925988,1.0136579066034503,0.10018167083109586,0.015574144703668833
synthetic,dataset893,lognormal_offset,,0.01889818797542409,1.0272638588127407,0.02890312142366803,0.014278752856894507
synthetic,dataset893,lognormal_3p,boundary_normal_limit,0.0009979090286969937,1.0272616410495097,0.02866791355358745,0.014124432805346018
synthetic,dataset8939,lognormal_offset,,0.4434541338522391,0.9752931928599262,0.6842906821858883,0.08084557008920026
synthetic,dataset8939,lognormal_3p,interior,0.625050610494068,0.9729972205635075,0.8095664177789726,0.030800508458993226
synthetic,dataset8941,lognormal_offset,,0.4017558229184075,0.9551336330200805,0.6084244432661087,0.10507110152076832
synthetic,dataset8941,lognormal_3p,interior,0.5139119347242718,0.9537186425527694,0.6603283821511372,0.09302285190795379
synthetic,dataset8960,lognormal_offset,,0.038145551065507,0.9900365354545506,0.05693565183715802,0.012879557622668526
synthetic,dataset8960,lognormal_3p,interior,0.11044090744363087,0.9900244430732067,0.05666121566717441,0.011942593615342192
synthetic,dataset8972,lognormal_offset,,0.3773291328825281,0.8326653743280403,0.5188181459818177,0.06724320946332268
synthetic,dataset8972,lognormal_3p,interior,0.5054553822131179,0.8307147623930399,0.5679797825013917,0.05648428984342826
synthetic,dataset8973,lognormal_offset,,0.2523625010430904,0.937187275725319,0.3698622858957447,0.08972509764035487
synthetic,dataset8973,lognormal_3p,interior,0.10619337714866646,0.9352247354991889,0.3414113340372358,0.07070178220413603
synthetic,dataset8978,lognormal_offset,,0.39937899019067935,1.0006661773896455,0.6248600952754849,0.035487739852862604
synthetic,dataset8978,lognormal_3p,interior,0.44268899931850964,1.000422280069337,0.6454626331739638,0.03369129336179204
synthetic,dataset898,lognormal_offset,,0.2384676140075017,1.1543506130574,0.40153116383372334,0.21623573413436722
synthetic,dataset898,lognormal_3p,boundary_normal_limit,0.0009988791260900443,1.1517460498859922,0.35251028980904603,0.18769314315148675
synthetic,dataset8981,lognormal_offset,,0.3969089926112432,0.9899579296190416,0.6161188569217086,0.05864497962958549
synthetic,dataset8981,lognormal_3p,interior,0.4515870473876187,0.989664361803854,0.6415923845188826,0.05660521786012102
synthetic,dataset8986,lognormal_offset,,0.1780830197427806,0.986980370957334,0.26754679440878026,0.03009863066143243
synthetic,dataset8986,lognormal_3p,interior,0.22477796869498612,0.9871225410765716,0.27041826481755143,0.026026368537731187
synthetic,dataset8998,lognormal_offset,,0.42602067567326457,0.9138114068601038,0.6263718868429637,0.07768751320079165
synthetic,dataset8998,lognormal_3p,interior,0.6000200230127132,0.9109340075393987,0.7291076881292712,0.052886034354009945
synthetic,dataset9,lognormal_offset,,0.011041201728819082,0.9614523672690711,0.016157830514389473,0.008620709638805764
synthetic,dataset9,lognormal_3p,boundary_guard,2.285525351760872,1.126160381547593,19.412037752811216,0.018827493817446472
synthetic,dataset9020,lognormal_offset,,0.4360958646874093,1.0007633682279782,0.6851880725632525,0.12483599299738508
synthetic,dataset9020,lognormal_3p,interior,0.5859434474434675,0.9978638204524662,0.7762619199327851,0.09231072668802781
synthetic,dataset9027,lognormal_offset,,0.0776312660683854,0.99897976536526,0.11671625731330314,0.015792914408529694
synthetic,dataset9027,lognormal_3p,interior,0.25586275714587203,0.9989493726014087,0.11803785821020621,0.006695935389276931
synthetic,dataset9029,lognormal_offset,,0.08869115930203594,0.9976999591864719,0.13329945069462523,0.02254921893527881
synthetic,dataset9029,lognormal_3p,interior,0.050477234788018716,0.9976671664379946,0.13249200525641058,0.021771459419514253
synthetic,dataset9032,lognormal_offset,,0.4271912033294335,0.9873948316957022,0.6640858108455223,0.10163155775241414
synthetic,dataset9032,lognormal_3p,interior,0.591864828694449,0.985504112838623,0.7606106814091497,0.06646168092903634
synthetic,dataset9036,lognormal_offset,,0.020817838282775832,1.0020056762577734,0.03131316319510136,0.005959485103942234
synthetic,dataset9036,lognormal_3p,interior,0.014328789732921435,1.0020053499846326,0.03130543926364633,0.0059724460128047
synthetic,dataset9037,lognormal_offset,,0.44969720977873306,1.0169508434166366,0.7159489047370545,0.07906820934742047
synthetic,dataset9037,lognormal_3p,interior,0.5853397035044179,1.0151256758040992,0.8107287010970543,0.060950828057545176
synthetic,dataset9052,lognormal_offset,,0.39919433815487165,1.00718710097753,0.6274307291965644,0.05106400608857546
synthetic,dataset9052,lognormal_3p,interior,0.4560744817041205,1.0071509320228151,0.6552921886358413,0.05763188410432424
synthetic,dataset9054,lognormal_offset,,0.019620872822146595,1.0003609164255864,0.029480031483252365,0.0026201366345694104
synthetic,dataset9054,lognormal_3p,interior,0.017482086134935095,1.00036082090224,0.029478056264792003,0.0026182084537312287
synthetic,dataset9056,lognormal_offset,,0.46151768458421183,1.1759694143423425,0.8198047253752531,0.05714753100337181
synthetic,dataset9056,lognormal_3p,interior,0.5376197297180049,1.1762461964675357,0.8790351392061644,0.05508952805682814
synthetic,dataset9069,lognormal_offset,,0.038573018316886,1.0029351220623137,0.05807260634899837,0.008949838386900614
synthetic,dataset9069,lognormal_3p,interior,0.16738432689598434,1.0029197812234265,0.05796264779411422,0.006231024040707447
synthetic,dataset9071,lognormal_offset,,0.10694894133600376,1.0009116967260132,0.16124702745243694,0.01641149173019697
synthetic,dataset9071,lognormal_3p,interior,0.06836872560504714,1.000858980754965,0.16008872430502355,0.016246026469556654
synthetic,dataset9073,lognormal_offset,,0.22938156947363092,0.9862958301323477,0.3465510448766935,0.09446464233097579
synthetic,dataset9073,lognormal_3p,interior,0.24602061253305657,0.9864456374893033,0.3485506198685205,0.09477700052126654
synthetic,dataset9083,lognormal_offset,,0.11103809156271852,1.0057072283850534,0.16798941179737875,0.03492617977101923
synthetic,dataset9083,lognormal_3p,interior,0.12795646932000185,1.0057253371549375,0.16842394653168716,0.034793066907703764
synthetic,dataset9089,lognormal_offset,,0.2536557369846772,0.9681268184407528,0.379844292842938,0.050467332217434956
synthetic,dataset9089,lognormal_3p,interior,0.31071344933348166,0.9687318413839975,0.38830383954369874,0.047041372964449824
synthetic,dataset9119,lognormal_offset,,0.3738547913517882,0.8560869920716849,0.5237609590438206,0.08294967410497685
synthetic,dataset9119,lognormal_3p,interior,0.22306010212886596,0.8607192111814486,0.47296962015589283,0.0597286053417163
synthetic,dataset9144,lognormal_offset,,0.3600202087720033,0.9414322307430706,0.5374233487798719,0.08159376008786524
synthetic,dataset9144,lognormal_3p,interior,0.44240435866698424,0.9415602827787775,0.5655814687513453,0.0746718151995254
synthetic,dataset9146,lognormal_offset,,0.47064256189160397,1.1782520612712173,0.8386652330928336,0.07923326075097922
synthetic,dataset9146,lognormal_3p,interior,0.6976547036852733,1.1864055253349906,1.0714230149850992,0.034481470498959776
synthetic,dataset915,lognormal_offset,,0.1737177475983481,1.069598426254958,0.2753687781561076,0.07794601038976988
synthetic,dataset915,lognormal_3p,interior,0.246221975007898,1.070006869064519,0.28169241685947716,0.07973185154372946
synthetic,dataset9151,lognormal_offset,,0.5266978119617386,1.1930725842403298,0.9583660655663753,0.12880947567959816
synthetic,dataset9151,lognormal_3p,interior,0.7247130513870498,1.1925125959821792,1.2252968122379768,0.060630606171082235
synthetic,dataset9167,lognormal_offset,,0.2768727818712675,1.0028408142604261,0.4259551487541778,0.03697250862567418
synthetic,dataset9167,lognormal_3p,interior,0.23980986048845593,1.0023470752300545,0.41869594630579793,0.035859709515308306
synthetic,dataset9172,lognormal_offset,,0.41845353948429814,1.1894207698335628,0.7435255922977992,0.1178282892104392
synthetic,dataset9172,lognormal_3p,interior,0.43456417722074775,1.189562049359014,0.752761079605767,0.11990669672715396
synthetic,dataset9175,lognormal_offset,,0.09030141420891911,0.9892232788128188,0.13496239122947545,0.014198967489595593
synthetic,dataset9175,lognormal_3p,interior,0.06833480148969244,0.9892050463973974,0.13451299608195572,0.013570743506738297
synthetic,dataset9180,lognormal_offset,,0.20040951103226734,0.9539470337753215,0.2951135726998239,0.07411228234764472
synthetic,dataset9180,lognormal_3p,interior,0.1795582733702781,0.9537911837874513,0.2930202497001879,0.07335807281511042
synthetic,dataset920,lognormal_offset,,0.09795046566418313,0.9165870489664114,0.13931058891733739,0.07347549731707481
synthetic,dataset920,lognormal_3p,boundary_guard,2.428171981966413,1.816141941717376,119.83850258474429,0.06746462326074337
synthetic,dataset9203,lognormal_offset,,0.43192070709530417,1.2215898555129756,0.7847387395975789,0.09543682595413681
synthetic,dataset9203,lognormal_3p,interior,0.3726171308063642,1.221639779285663,0.7489100022740647,0.08932314778751954
synthetic,dataset9204,lognormal_offset,,0.03326140323498052,0.9929077836631416,0.04973644934862244,0.010393790469111147
synthetic,dataset9204,lognormal_3p,interior,0.03398887131765893,0.9929078510253259,0.04973822702148686,0.010394390798460242
synthetic,dataset9218,lognormal_offset,,0.41538580220906096,0.9706249981764096,0.6371096564889905,0.053072046947640374
synthetic,dataset9218,lognormal_3p,interior,0.5083998283148725,0.9695273508216223,0.6864282409688246,0.0450898919868427
synthetic,dataset9228,lognormal_offset,,0.023040412134284937,0.9999873900465411,0.03461062078384475,0.006203194586186781
synthetic,dataset9228,lognormal_3p,boundary_normal_limit,0.000996632448245887,0.9999837247668777,0.03427808318901593,0.0057917030798537526
synthetic,dataset9230,lognormal_offset,,0.4796468551037428,0.9968964293737823,0.7548055580233185,0.10165924042458525
synthetic,dataset9230,lognormal_3p,interior,0.7388103757848151,0.9968168162550095,1.0251600687632325,0.029295393288886584
synthetic,dataset9232,lognormal_offset,,0.40958196585652096,0.9630451146973165,0.624367737433834,0.058420154349025144
synthetic,dataset9232,lognormal_3p,interior,0.5118495109952177,0.9624580054235639,0.6781104106672008,0.05350346329995019
synthetic,dataset9242,lognormal_offset,,0.47875124026970023,1.0906717374379102,0.8060155190615513,0.0884844133493541
synthetic,dataset9242,lognormal_3p,interior,0.6405294660226309,1.0897857380530076,0.9528943526179587,0.05287599849997158
synthetic,dataset9243,lognormal_offset,,0.24915572594552507,0.9552730060922091,0.36959062184702196,0.08811284687051084
synthetic,dataset9243,lognormal_3p,boundary_normal_limit,0.0009978505762729642,0.954289013112879,0.3273002834982817,0.05762741040891138
synthetic,dataset9250,lognormal_offset,,0.39910390852686123,1.0154409613030004,0.6309130106436779,0.10076602960377967
synthetic,dataset9250,lognormal_3p,interior,0.21984342654634245,1.0198180092114724,0.5555537563641308,0.06908917160442991
synthetic,dataset9253,lognormal_offset,,0.4725067602684447,1.087689988704775,0.7931240837739537,0.06407066484980732
synthetic,dataset9253,lognormal_3p,interior,0.5863073650989619,1.0868943137518896,0.8874533408631864,0.04630724261592969
synthetic,dataset9262,lognormal_offset,,0.36681943464636213,0.724513525181407,0.459270469932605,0.09697964199427643
synthetic,dataset9262,lognormal_3p,interior,0.5479795852035755,0.7191353367231053,0.5179656912045656,0.07405028149036
synthetic,dataset9264,lognormal_offset,,0.09547624521550205,0.9879401244722873,0.14261218336109124,0.01460683998904664
synthetic,dataset9264,lognormal_3p,interior,0.17100646403258324,0.9880176712199531,0.14443603586004253,0.014038072326719945
synthetic,dataset9268,lognormal_offset,,0.43921685211821093,0.9998109660440496,0.6898409181800123,0.04167912550815716
synthetic,dataset9268,lognormal_3p,interior,0.5489913969591081,0.998486068917497,0.7603735882651373,0.017613766019075185
synthetic,dataset9276,lognormal_offset,,0.37647819860652354,0.9950275772740663,0.5850094869621361,0.04225654835048113
synthetic,dataset9276,lognormal_3p,interior,0.344495962358238,0.9951973813520438,0.5722197958359933,0.03865074440870086
synthetic,dataset9291,lognormal_offset,,0.013170354627763513,0.9998464263240368,0.019780284716523242,0.004829683992388676
synthetic,dataset9291,lognormal_3p,interior,0.29529648463725444,0.9997633035752458,0.018889891003037288,0.0021259140720992042
synthetic,dataset9298,lognormal_offset,,0.202173642289096,0.9719966512584938,0.3014701957431655,0.08590358002424096
synthetic,dataset9298,lognormal_3p,interior,0.37148424741859554,0.9715413326046916,0.3090802853796278,0.06674497085493027
synthetic,dataset9306,lognormal_offset,,0.4322836484597599,0.9975052224263136,0.6773213175829947,0.07428178400907864
synthetic,dataset9306,lognormal_3p,interior,0.5574452237446731,0.9960541621045684,0.7536940685284076,0.0636126193853842
synthetic,dataset9321,lognormal_offset,,0.11130597610902615,0.9972155878870002,0.16744782675159417,0.021147710682862857
synthetic,dataset9321,lognormal_3p,boundary_normal_limit,0.0009969668097967786,0.9969612276257177,0.16115383886000215,0.012584465488056775
synthetic,dataset9331,lognormal_offset,,0.44996232581928175,1.0800799026056478,0.7488738981006511,0.08402585497487325
synthetic,dataset9331,lognormal_3p,interior,0.5876603415621019,1.0796894230130278,0.8484540018524843,0.057526938452949795
synthetic,dataset9333,lognormal_offset,,0.39285775636899467,1.226682008019776,0.7102929286140706,0.1427789721449087
synthetic,dataset9333,lognormal_3p,interior,0.6104656343604814,1.2348984986062086,0.8370137256269484,0.11459677839418048
synthetic,dataset9334,lognormal_offset,,0.3191895509204214,1.0875521280574505,0.5225910946912693,0.03377073855779571
synthetic,dataset9334,lognormal_3p,interior,0.3665062363320594,1.088509213420836,0.5358695197045966,0.02710005312080333
synthetic,dataset9335,lognormal_offset,,0.07318819916483639,0.9987546361707996,0.1099990468209162,0.012640754380751105
synthetic,dataset9335,lognormal_3p,interior,0.05832378210168307,0.9987471190771766,0.10979553722584773,0.012539121743366447
synthetic,dataset9349,lognormal_offset,,0.3961466679689506,1.0540832561578266,0.6427708961438963,0.03328043871577048
synthetic,dataset9349,lognormal_3p,interior,0.41464884062275337,1.0540826923934734,0.6515304517242935,0.03323398396657865
synthetic,dataset9354,lognormal_offset,,0.11206634253335988,1.0049842658002637,0.1694746285820057,0.019040687389326384
synthetic,dataset9354,lognormal_3p,interior,0.14853576030449872,1.0050261878998494,0.17048984169859913,0.01895224337931435
synthetic,dataset9366,lognormal_offset,,0.4320725182411233,1.001923544079717,0.6791449725737728,0.04341065332734016
synthetic,dataset9366,lognormal_3p,interior,0.5368203061931074,1.0008375848422635,0.7431170672745905,0.023585097136622442
synthetic,dataset9368,lognormal_offset,,0.46418409220192935,0.8988098108940766,0.6754553488661367,0.079131469329069
synthetic,dataset9368,lognormal_3p,interior,0.6887706638223646,0.8945265910706062,0.8639256668956897,0.038034049014900866
synthetic,dataset9371,lognormal_offset,,0.3974251885425814,0.9835920276147131,0.6141602674239608,0.04945466156033419
synthetic,dataset9371,lognormal_3p,interior,0.45662352365361913,0.9832114226945069,0.6417668077924126,0.047698588425076086
synthetic,dataset9380,lognormal_offset,,0.0390005121912148,1.0012460068658846,0.05865076159205529,0.01060615973262052
synthetic,dataset9380,lognormal_3p,interior,0.043863215714594964,1.0012465769541328,0.05866687927152047,0.010595849738918934
synthetic,dataset9382,lognormal_offset,,0.33269329253293706,0.8953337645704909,0.4786320909657935,0.06665452766491828
synthetic,dataset9382,lognormal_3p,interior,0.380720340638724,0.8954750650784926,0.4918127227896149,0.060964125464064975
synthetic,dataset9383,lognormal_offset,,0.38017713119320906,0.7159513036814538,0.47176715874954417,0.05231842401926782
synthetic,dataset9383,lognormal_3p,interior,0.617495010088482,0.7120398987435416,0.5759281563784416,0.03127871104882495
synthetic,dataset9391,lognormal_offset,,0.05929179815140472,0.9998274540112624,0.0891311261893838,0.010044240958218858
synthetic,dataset9391,lognormal_3p,interior,0.029712944356991865,0.9998177966751645,0.08884651189352667,0.009765080097144486
synthetic,dataset9407,lognormal_offset,,0.0677110348751883,0.9970464002637995,0.10162911485234682,0.01515945197811842
synthetic,dataset9407,lognormal_3p,interior,0.15709779634542068,0.9970395284518621,0.10195241358402317,0.013300189138744341
synthetic,dataset9416,lognormal_offset,,0.02582139922915814,1.0009575908262778,0.03881469552685156,0.0059261030029588305
synthetic,dataset9416,lognormal_3p,interior,0.09521210971807649,1.0009577678717,0.0387876676155677,0.005254278869464786
synthetic,dataset9435,lognormal_offset,,0.40602327892381074,0.8474994424472811,0.565520071867915,0.08387319082370488
synthetic,dataset9435,lognormal_3p,interior,0.6550162327916427,0.8450606892529691,0.6985738388788635,0.03554927196642117
synthetic,dataset9441,lognormal_offset,,0.3689941944894164,0.9303418131946048,0.5469223957210948,0.05951677765442143
synthetic,dataset9441,lognormal_3p,interior,0.373351962001938,0.9303102778657643,0.5485444320692182,0.05993165335025603
synthetic,dataset9447,lognormal_offset,,0.4076873991609569,1.00678842383646,0.641265965343212,0.04251735922658087
synthetic,dataset9447,lognormal_3p,interior,0.4358985422902696,1.0065386220984156,0.65534759209324,0.04531049581541894
synthetic,dataset9459,lognormal_offset,,0.5299546558776898,1.1319950006560118,0.9261284189496097,0.17251275341892885
synthetic,dataset9459,lognormal_3p,interior,0.7622267966300477,1.129585003640045,1.2561345629616922,0.10295421500344142
synthetic,dataset9474,lognormal_offset,,0.007051165861390773,0.9986506925206935,0.010581193399370192,0.0011805818464969463
synthetic,dataset9474,lognormal_3p,interior,0.13267013984491907,0.99864993554682,0.010521909251517757,0.0009754866775426461
synthetic,dataset9477,lognormal_offset,,0.4550187790434029,1.0114953189501095,0.7219825961907599,0.080215068075342
synthetic,dataset9477,lognormal_3p,interior,0.6321050971281218,1.0099734228255948,0.8572484447730866,0.039732767738443815
synthetic,dataset9482,lognormal_offset,,0.23834855140774022,0.993179807406608,0.3622142605345926,0.08125232209672642
synthetic,dataset9482,lognormal_3p,interior,0.23168323769000032,0.9931042425357132,0.3612705572428115,0.0810156796588031
synthetic,dataset9490,lognormal_offset,,0.183723471788898,0.9504616541216875,0.2693974452001145,0.04519796684939747
synthetic,dataset9490,lognormal_3p,interior,0.25378033962040547,0.9506455516454652,0.2736759407821292,0.03923136705151608
synthetic,dataset9492,lognormal_offset,,0.42178023987928825,1.3542609950518285,0.8254817642248741,0.10973158352276575
synthetic,dataset9492,lognormal_3p,interior,0.295924094416663,1.3527563627786474,0.750154136329424,0.08203051652866931
synthetic,dataset9495,lognormal_offset,,0.3693841452761972,0.9756694822640393,0.5657140674724521,0.03385725922652335
synthetic,dataset9495,lognormal_3p,interior,0.39355426105507324,0.9756647620437733,0.5749768139749618,0.03571954088669232
synthetic,dataset9506,lognormal_offset,,0.40010537750318526,0.9402204973524909,0.5991662138196906,0.10496219635250158
synthetic,dataset9506,lognormal_3p,interior,0.5149018453953074,0.9387297458378966,0.6517040529614133,0.09468448848137132
synthetic,dataset9517,lognormal_offset,,0.5527842925242412,1.1835615867461233,1.0055130625324231,0.21126877169038483
synthetic,dataset9517,lognormal_3p,interior,0.8085694352898093,1.182874494658408,1.4611278236387721,0.13416910317457229
synthetic,dataset9523,lognormal_offset,,0.13258136151408972,0.9830895586794558,0.1978632187851474,0.03707565032410898
synthetic,dataset9523,lognormal_3p,interior,0.1543525098998606,0.9831243954928042,0.1986311638962991,0.03654717367244008
synthetic,dataset9534,lognormal_offset,,0.5673589050404387,1.1662321626040124,1.0235990836557527,0.1573333648743061
synthetic,dataset9534,lognormal_3p,interior,0.8612972848570001,1.1715844622065343,1.670791126393523,0.031792448940423414
synthetic,dataset9538,lognormal_offset,,0.40827206394153415,0.9183628029983921,0.6017392753212448,0.03314534704844974
synthetic,dataset9538,lognormal_3p,interior,0.5134109256392914,0.9169571766420226,0.6548750651377009,0.021001515081892144
synthetic,dataset9543,lognormal_offset,,0.417423906809877,1.0437496471506165,0.6745659313022954,0.04541484474997004
synthetic,dataset9543,lognormal_3p,interior,0.4929086870325672,1.0434384118662605,0.7159852892636448,0.04404574365166351
synthetic,dataset9545,lognormal_offset,,0.39707016961046926,0.9834574588088594,0.6135278062195836,0.03874520774923747
synthetic,dataset9545,lognormal_3p,interior,0.4190880145346989,0.9832622670958329,0.6236847817353892,0.038746122966745615
synthetic,dataset9547,lognormal_offset,,0.31083889981677654,1.0303945153453324,0.4897487636301198,0.06214457469728962
synthetic,dataset9547,lognormal_3p,interior,0.4490920313105674,1.0327295034640995,0.5245854620098194,0.04408758140213205
synthetic,dataset9557,lognormal_offset,,0.07490488490569852,0.9977660027733564,0.11251291553696446,0.03177303505454064
synthetic,dataset9557,lognormal_3p,interior,0.025985928378921767,0.9977261619646873,0.11145760042174065,0.031105006495640637
synthetic,dataset9569,lognormal_offset,,0.03459031213601826,0.9991346830730071,0.051940638621730525,0.011609886389738661
synthetic,dataset9569,lognormal_3p,interior,0.04428229256732439,0.999135538928106,0.05196252205162628,0.011569949047821063
synthetic,dataset9582,lognormal_offset,,0.41824639874906133,0.9928456164652488,0.652145908428283,0.056523021256536535
synthetic,dataset9582,lognormal_3p,interior,0.4835082877642074,0.9920677478593148,0.6872450147750179,0.05494727814403935
synthetic,dataset9584,lognormal_offset,,0.5481514402883242,1.3627894868711217,1.1138969998980774,0.11408402929196194
synthetic,dataset9584,lognormal_3p,interior,0.7608947370625618,1.3706153091507234,1.4891070740625205,0.05959825275682182
synthetic,dataset9617,lognormal_offset,,0.36209388187420477,0.7170757537268075,0.4503714871835167,0.03955121865332489
synthetic,dataset9617,lognormal_3p,interior,0.4871194575002672,0.7140355491076051,0.49259100406258677,0.02462236827825058
synthetic,dataset9620,lognormal_offset,,0.44743790608707545,0.9622218475596946,0.6838994832680712,0.0492207069523795
synthetic,dataset9620,lognormal_3p,interior,0.5621474838915289,0.9603674040114074,0.761233283374134,0.04528232935302021
synthetic,dataset9630,lognormal_offset,,0.230356773689736,1.0080715477069782,0.35317165828313113,0.03876624626572042
synthetic,dataset9630,lognormal_3p,interior,0.35241743485915655,1.008933832568109,0.3678750539946302,0.02585672994887021
synthetic,dataset9641,lognormal_offset,,0.39234748481711584,1.013820032086958,0.6189892606950885,0.06922325140677522
synthetic,dataset9641,lognormal_3p,interior,0.43125053069514396,1.0137466018565156,0.6366832732296821,0.07040814314652438
synthetic,dataset9674,lognormal_offset,,0.18662326555470782,0.9684114533171106,0.27712198661558035,0.06406051631117143
synthetic,dataset9674,lognormal_3p,interior,0.1716565584165523,0.9683163422838748,0.2757860475953107,0.06348001039994955
synthetic,dataset9678,lognormal_offset,,0.04342473424251272,0.9765313146808718,0.06423556038431273,0.016664125948459837
synthetic,dataset9678,lognormal_3p,interior,0.00839651804347169,0.9765227637227146,0.06392591290942091,0.01656738188350769
synthetic,dataset9680,lognormal_offset,,0.11294965378020759,1.0061534286387097,0.17095273176900297,0.02190160410703823
synthetic,dataset9680,lognormal_3p,interior,0.1686969400919319,1.006197056236431,0.1722587562104726,0.02062169287432145
synthetic,dataset9691,lognormal_offset,,0.4062417235504069,0.7680999917203619,0.5281945114746825,0.06271350600518004
synthetic,dataset9691,lognormal_3p,interior,0.6670923343415623,0.7646234975389177,0.6763135575824107,0.026238663486092353
synthetic,dataset9695,lognormal_offset,,0.06446039305737217,0.9974185344821254,0.09676255949473901,0.011841086109531582
synthetic,dataset9695,lognormal_3p,interior,0.0039442153967606695,0.9973925754574634,0.09598276734446884,0.010761160903999359
synthetic,dataset9698,lognormal_offset,,0.20009104482704185,0.9342286091423284,0.29063674100142456,0.09431530044565542
synthetic,dataset9698,lognormal_3p,interior,0.33102330176616634,0.9337615828384912,0.29444266453406914,0.08128690228768341
synthetic,dataset9719,lognormal_offset,,0.07018120906718095,1.0023185565631962,0.10571770789261954,0.01104154962431702
synthetic,dataset9719,lognormal_3p,interior,0.03281075848286616,1.0022993936417102,0.10518729792565726,0.01053561456578305
synthetic,dataset9726,lognormal_offset,,0.10926031140001492,0.9958145242210964,0.16419560517388032,0.022312960960325867
synthetic,dataset9726,lognormal_3p,interior,0.1331713129803654,0.9958418957058363,0.16484489400609223,0.022299756969767125
synthetic,dataset974,lognormal_offset,,0.4385662429489021,1.3232365159749229,0.8468837529267765,0.3655914913700914
synthetic,dataset974,lognormal_3p,interior,0.47369501396241853,1.324058778151291,0.8716101856792902,0.36975681530456195
synthetic,dataset9742,lognormal_offset,,0.13752502416214565,1.0083095069446903,0.2088105144138165,0.01922434392239031
synthetic,dataset9742,lognormal_3p,interior,0.10852929827578406,1.0082401276596862,0.20747512311250174,0.01926660408693933
synthetic,dataset9759,lognormal_offset,,0.36023706925783494,0.9300579326591415,0.5333292678151786,0.10119095588569355
synthetic,dataset9759,lognormal_3p,interior,0.4609353201086715,0.9299147779346552,0.5660735333704595,0.09194504724166129
synthetic,dataset9773,lognormal_offset,,0.4975150693943611,1.42371398046239,1.031182653285445,0.06934407524928256
synthetic,dataset9773,lognormal_3p,interior,0.5900725467266886,1.4267856635187643,1.1324462833149511,0.05079831484941372
synthetic,dataset9778,lognormal_offset,,0.32302781061863406,0.9971406422424639,0.4987649871670573,0.04014404907053088
synthetic,dataset9778,lognormal_3p,interior,0.33247087633752415,0.9972602004533592,0.5013790712523251,0.04033165509459357
synthetic,dataset9790,lognormal_offset,,0.43134709921425,1.0032624854216103,0.6786071832510963,0.0858548159505825
synthetic,dataset9790,lognormal_3p,interior,0.5556749941019136,1.001982565101564,0.7542055217380109,0.06800203108176202
synthetic,dataset9796,lognormal_offset,,0.429761003857581,0.981613422171552,0.6654271789072138,0.06932759617052352
synthetic,dataset9796,lognormal_3p,interior,0.5860914849018996,0.9804167963011768,0.7620481074403348,0.038687878570132415
synthetic,dataset9802,lognormal_offset,,0.2875871061398547,0.9862022156125982,0.4382719191137095,0.057363395454041934
synthetic,dataset9802,lognormal_3p,interior,0.33677593988643284,0.9869185824721393,0.4482197423166539,0.057271624310754395
synthetic,dataset982,lognormal_offset,,0.25112833462954814,0.9233364890600387,0.36443528903158334,0.10447662108574889
synthetic,dataset982,lognormal_3p,interior,0.44984837099412167,0.9276484220824216,0.40864773286736367,0.11391876112888968
synthetic,dataset9822,lognormal_offset,,0.2770609402016676,0.9970802345800556,0.4246188041114119,0.035218498505212026
synthetic,dataset9822,lognormal_3p,interior,0.30838609909215925,0.9975342599177763,0.4306302039070141,0.036034279918748593
synthetic,dataset9827,lognormal_offset,,0.41520016439438434,0.9055241869322197,0.6061465438030639,0.06528753747418176
synthetic,dataset9827,lognormal_3p,interior,0.5884292018113028,0.903219542458206,0.700460150423866,0.028847881657655877
synthetic,dataset9862,lognormal_offset,,0.2072401481634518,0.9806004397390203,0.31101880592665665,0.039736617419221326
synthetic,dataset9862,lognormal_3p,interior,0.22418128320349456,0.9807181069634708,0.31273995442341135,0.03960434568420119
synthetic,dataset9866,lognormal_offset,,0.2460643293698171,1.0729282597099141,0.3943563223159675,0.06890424199672332
synthetic,dataset9866,lognormal_3p,interior,0.31288937997415706,1.0734778160017198,0.40319234009683447,0.06616013953925498
synthetic,dataset9870,lognormal_offset,,0.3539979392837534,0.7546576937417974,0.45555616720449804,0.03356487519476323
synthetic,dataset9870,lognormal_3p,interior,0.44016996921498697,0.7533703857298473,0.4839415114611406,0.0362225877541988
synthetic,dataset9874,lognormal_offset,,0.29495198070086137,1.0056881516444347,0.45596319897511706,0.08329894855651485
synthetic,dataset9874,lognormal_3p,interior,0.47939981888432,1.0070221539367967,0.49091373950034123,0.05712795138847246
synthetic,dataset9885,lognormal_offset,,0.5203436564363549,1.0508699930133047,0.8567678212382478,0.12005815372531214
synthetic,dataset9885,lognormal_3p,interior,0.7798867979453978,1.0496751766570327,1.2189498181251301,0.04092804174976424
synthetic,dataset9892,lognormal_offset,,0.5601245578867378,1.2445293504063308,1.06244658245981,0.2360003562019297
synthetic,dataset9892,lognormal_3p,interior,0.8415953156104649,1.2385546336973279,1.6030725568815238,0.1285037164299149
synthetic,dataset992,lognormal_offset,,0.25944613920506465,0.6735009779658769,0.3101711118139403,0.12099119665900529
synthetic,dataset992,lognormal_3p,boundary_guard,2.408818378769806,4.171876532099127,447.845185070043,0.17632898968342234
synthetic,dataset9925,lognormal_offset,,0.35311430426110035,0.9317579403184949,0.5230069717260518,0.1005426726228911
synthetic,dataset9925,lognormal_3p,interior,0.3751976766969884,0.9317474126458415,0.53030260341735,0.10177152151287244
synthetic,dataset994,lognormal_offset,,0.4170382299374188,0.7439101825335845,0.5297881675742641,0.13178433336560036
synthetic,dataset994,lognormal_3p,boundary_guard,2.117612846995759,5.141739305383108,453.6924554626839,0.3842122654580736
synthetic,dataset9946,lognormal_offset,,0.3958999775908542,1.0170505736755353,0.6262886304465429,0.054901151778365416
synthetic,dataset9946,lognormal_3p,interior,0.4123778375380721,1.0169694301524506,0.6339146290017589,0.056014738767923455
synthetic,dataset9964,lognormal_offset,,0.08928552508868437,1.0177159373774538,0.13599021938793682,0.0288997307301407
synthetic,dataset9964,lognormal_3p,interior,0.026005682562943833,1.0176394088725402,0.134149938047072,0.02654039308548433
synthetic,dataset9965,lognormal_offset,,0.0052281072254747605,0.9997052349402274,0.007850927882187289,0.001458209699624371
synthetic,dataset9965,lognormal_3p,interior,0.005864760030515288,0.9997052415294212,0.007850964814292075,0.0014584217424937621
synthetic,dataset9970,lognormal_offset,,0.47748791919670086,0.9783603229936312,0.740746273230967,0.1742012981465697
synthetic,dataset9970,lognormal_3p,interior,0.7201109107848932,0.9683871709973815,0.9512818828516605,0.10421828968611817
synthetic,dataset9980,lognormal_offset,,0.3894072896021043,0.782846368184564,0.5133434749972335,0.06054116578853803
synthetic,dataset9980,lognormal_3p,interior,0.5915363058152936,0.7792107867762231,0.6033490605940744,0.02011987320243559
synthetic,dataset9983,lognormal_offset,,0.541306621396447,1.1129050137342986,0.9355093663240805,0.20011750397321984
synthetic,dataset9983,lognormal_3p,interior,0.8238400795406556,1.1080368658541935,1.405680727046159,0.09401104822437602
synthetic,dataset9994,lognormal_offset,,0.4428420566996399,1.0015835072781991,0.6966979910418618,0.06947895925764903
synthetic,dataset9994,lognormal_3p,interior,0.5924154428490891,0.9999771070647672,0.7978980728254796,0.03424795511267838
