material1,material2,material3,material4
dataset822,dataset3253,dataset2406,dataset7760
dataset8193,dataset4359,dataset4003,dataset4564
dataset1653,dataset5045,dataset6708,dataset8905
dataset7330,dataset1719,dataset986,dataset6783
dataset3577,dataset8259,dataset3501,dataset9211
dataset4309,dataset7835,dataset939,dataset8076
dataset4078,dataset1988,dataset1283,dataset9850
dataset8340,dataset9022,dataset2094,dataset9828
dataset814,dataset5823,dataset1619,dataset4456
dataset7074,dataset6018,dataset1921,dataset6580
dataset4298,dataset3995,dataset8522,dataset9143
dataset1951,dataset240,dataset2179,dataset7973
dataset82,dataset2850,dataset1171,dataset1127
dataset3837,dataset4571,dataset5343,dataset3238
dataset1047,dataset6599,dataset2552,dataset6343
dataset4555,dataset1740,dataset3793,dataset6591
dataset8124,dataset1328,dataset5965,dataset1008
dataset1263,dataset4253,dataset8737,dataset2797
dataset3348,dataset5897,dataset8202,dataset9818
dataset78,dataset6846,dataset5794,dataset8519
dataset1616,dataset4689,dataset3700,dataset1153
dataset9462,dataset7391,dataset5732,dataset4540
dataset8777,dataset8287,dataset7252,dataset9182
dataset2101,dataset752,dataset8875,dataset4409
dataset1006,dataset6253,dataset8709,dataset4618
dataset4995,dataset8452,dataset2809,dataset4870
dataset135,dataset3169,dataset1357,dataset3570
dataset8097,dataset3769,dataset6322,dataset5692
dataset9490,dataset7124,dataset284,dataset5556
dataset3270,dataset7737,dataset8916,dataset7742
dataset4762,dataset5092,dataset8994,dataset9512
dataset1486,dataset607,dataset7550,dataset1245
dataset4193,dataset4344,dataset9243,dataset7648
dataset8569,dataset1210,dataset3387,dataset4254
dataset8686,dataset3330,dataset5521,dataset528
dataset1415,dataset9636,dataset2579,dataset85
dataset1456,dataset6431,dataset4772,dataset5629
dataset7199,dataset8504,dataset2085,dataset4499
dataset1438,dataset7250,dataset2835,dataset7824
dataset6268,dataset6719,dataset6109,dataset8144
dataset8010,dataset3831,dataset3332,dataset1658
dataset8657,dataset2910,dataset5750,dataset7874
dataset6478,dataset9712,dataset6331,dataset8834
dataset7400,dataset4245,dataset7204,dataset6898
dataset9467,dataset7050,dataset8986,dataset9031
dataset9035,dataset5722,dataset6933,dataset8576
dataset921,dataset10,dataset7168,dataset1501
dataset2752,dataset2097,dataset1458,dataset6187
dataset7326,dataset7390,dataset6994,dataset6660
dataset2589,dataset7512,dataset5454,dataset2433
dataset6499,dataset669,dataset973,dataset9535
dataset7580,dataset9414,dataset8961,dataset2405
dataset3281,dataset6257,dataset6143,dataset3192
dataset9034,dataset9533,dataset540,dataset3552
dataset8502,dataset2301,dataset9947,dataset5227
dataset3613,dataset307,dataset2845,dataset1846
dataset2370,dataset1368,dataset1002,dataset3317
dataset4795,dataset5931,dataset6855,dataset9080
dataset2759,dataset8003,dataset3863,dataset4756
dataset3522,dataset707,dataset2472,dataset8455
dataset5703,dataset6286,dataset3608,dataset9594
dataset7971,dataset8132,dataset30,dataset7946
dataset6505,dataset9949,dataset3829,dataset4924
dataset5572,dataset8384,dataset684,dataset1764
dataset4210,dataset2164,dataset2743,dataset5159
dataset2407,dataset5054,dataset2608,dataset6710
dataset923,dataset4229,dataset6436,dataset1121
dataset1281,dataset188,dataset5867,dataset8578
dataset5964,dataset6306,dataset143,dataset3984
dataset4280,dataset9606,dataset4782,dataset5146
dataset3359,dataset1724,dataset8243,dataset4130
dataset3428,dataset4179,dataset246,dataset8385
dataset1590,dataset4550,dataset4283,dataset9460
dataset3236,dataset428,dataset4574,dataset366
dataset6292,dataset1692,dataset116,dataset5327
dataset3788,dataset9237,dataset2664,dataset6707
dataset1898,dataset4952,dataset2110,dataset8827
dataset2965,dataset2598,dataset4510,dataset3224
dataset5977,dataset5403,dataset5952,dataset8311
dataset546,dataset9834,dataset2055,dataset6859
dataset4646,dataset530,dataset9407,dataset8797
dataset2860,dataset6171,dataset4151,dataset2056
dataset8547,dataset5282,dataset7771,dataset9724
dataset113,dataset4516,dataset9179,dataset6457
dataset5193,dataset8095,dataset7879,dataset5350
dataset3488,dataset4315,dataset6922,dataset6294
dataset7645,dataset916,dataset1571,dataset3229
dataset6402,dataset2402,dataset8640,dataset2650
dataset6095,dataset5895,dataset6080,dataset9226
dataset8408,dataset3078,dataset9844,dataset122
dataset2550,dataset507,dataset3562,dataset9618
dataset9185,dataset5384,dataset9694,dataset7662
dataset7272,dataset7056,dataset9835,dataset1380
dataset2206,dataset3486,dataset5865,dataset4097
dataset3163,dataset1936,dataset2557,dataset245
dataset5836,dataset2338,dataset8944,dataset2009
dataset1337,dataset2756,dataset8233,dataset2528
dataset1573,dataset7479,dataset1993,dataset8607
dataset2555,dataset6597,dataset5573,dataset5653
dataset4490,dataset4301,dataset903,dataset4392
dataset4145,dataset6244,dataset1552,dataset3924
dataset2916,dataset6508,dataset9078,dataset9796
dataset4599,dataset3566,dataset3204,dataset7982
dataset4341,dataset7068,dataset9328,dataset6377
dataset7416,dataset9668,dataset232,dataset1487
dataset8949,dataset4678,dataset6453,dataset5447
dataset7829,dataset8127,dataset3652,dataset152
dataset6768,dataset9939,dataset5969,dataset7653
dataset8120,dataset751,dataset4299,dataset2522
dataset5873,dataset4686,dataset7715,dataset8984
dataset987,dataset6564,dataset4022,dataset5566
dataset9836,dataset129,dataset4815,dataset4422
dataset683,dataset3175,dataset3176,dataset6325
dataset3123,dataset8410,dataset118,dataset2188
dataset2854,dataset8883,dataset3905,dataset1508
dataset9681,dataset3822,dataset3499,dataset8660
dataset2455,dataset2735,dataset4064,dataset8288
dataset3288,dataset8236,dataset8216,dataset4318
dataset6873,dataset2492,dataset1025,dataset3452
dataset3870,dataset6258,dataset6871,dataset774
dataset3934,dataset750,dataset3836,dataset7410
dataset7689,dataset3633,dataset4963,dataset524
dataset2951,dataset6961,dataset1352,dataset6193
dataset7096,dataset6697,dataset1115,dataset8963
dataset5374,dataset905,dataset16,dataset3655
dataset2569,dataset829,dataset6248,dataset3707
dataset5833,dataset5349,dataset5743,dataset8887
dataset532,dataset288,dataset9441,dataset2309
dataset2244,dataset1788,dataset5316,dataset5963
dataset6263,dataset6301,dataset3935,dataset2762
dataset4865,dataset9204,dataset3923,dataset2725
dataset8691,dataset1270,dataset5800,dataset2594
dataset8813,dataset1363,dataset9719,dataset3563
dataset2403,dataset5529,dataset3325,dataset2089
dataset4482,dataset4932,dataset4953,dataset6015
dataset8669,dataset9833,dataset5986,dataset1068
dataset2633,dataset5353,dataset7526,dataset3218
dataset4400,dataset9923,dataset180,dataset2665
dataset9357,dataset2918,dataset1796,dataset7003
dataset2531,dataset4394,dataset4620,dataset4940
dataset6562,dataset598,dataset3067,dataset7839
dataset4918,dataset5131,dataset8336,dataset1454
dataset2696,dataset7992,dataset7238,dataset7531
dataset9743,dataset3767,dataset1396,dataset3165
dataset8062,dataset5438,dataset6895,dataset5309
dataset3691,dataset9933,dataset108,dataset4358
dataset3109,dataset4716,dataset5480,dataset1398
dataset9764,dataset9314,dataset8054,dataset4518
dataset262,dataset9224,dataset7267,dataset6764
dataset9260,dataset5274,dataset5644,dataset1565
dataset3059,dataset4554,dataset914,dataset1979
dataset1675,dataset5498,dataset1359,dataset1957
dataset4098,dataset3776,dataset8099,dataset6596
dataset2280,dataset713,dataset5558,dataset7694
dataset3862,dataset9445,dataset1561,dataset2004
dataset6395,dataset3604,dataset1102,dataset4675
dataset4147,dataset878,dataset9727,dataset6423
dataset1105,dataset1228,dataset5195,dataset7562
dataset3415,dataset4751,dataset693,dataset2140
dataset6049,dataset3646,dataset6805,dataset9394
dataset6350,dataset4047,dataset2562,dataset4000
dataset5829,dataset7397,dataset2128,dataset4872
dataset7700,dataset6525,dataset3203,dataset6952
dataset6830,dataset9852,dataset5593,dataset7582
dataset9883,dataset1768,dataset5033,dataset5892
dataset8026,dataset3061,dataset7806,dataset2571
dataset6267,dataset4426,dataset6946,dataset287
dataset4549,dataset6026,dataset7364,dataset5815
dataset1790,dataset1903,dataset5223,dataset6613
dataset3199,dataset2343,dataset2636,dataset4655
dataset9216,dataset6658,dataset9579,dataset2274
dataset1061,dataset6828,dataset886,dataset3806
dataset8232,dataset8434,dataset590,dataset9526
dataset2566,dataset837,dataset6691,dataset8853
dataset2792,dataset1134,dataset5348,dataset6841
dataset3247,dataset5124,dataset1841,dataset4418
dataset3456,dataset3225,dataset2435,dataset5168
dataset2317,dataset899,dataset3611,dataset918
dataset5992,dataset8954,dataset3998,dataset7605
dataset7044,dataset7433,dataset4906,dataset807
dataset7100,dataset7429,dataset5727,dataset181
dataset6346,dataset4090,dataset7614,dataset2911
dataset4543,dataset5044,dataset6850,dataset4747
dataset3299,dataset1133,dataset4108,dataset2503
dataset1516,dataset4342,dataset1942,dataset1926
dataset2551,dataset5695,dataset8956,dataset472
dataset4087,dataset3314,dataset9266,dataset5728
dataset8166,dataset1410,dataset3414,dataset2596
dataset689,dataset3517,dataset9795,dataset5355
dataset4284,dataset6321,dataset3047,dataset8716
dataset7807,dataset7795,dataset4530,dataset7040
dataset9020,dataset978,dataset9154,dataset7754
dataset7581,dataset2742,dataset172,dataset4519
dataset9161,dataset4748,dataset656,dataset1499
dataset2245,dataset1603,dataset8177,dataset6975
dataset4109,dataset2264,dataset64,dataset8274
dataset1385,dataset1867,dataset6971,dataset8046
dataset1041,dataset6576,dataset6921,dataset2567
dataset4614,dataset398,dataset9626,dataset3929
dataset8475,dataset4161,dataset9188,dataset6772
dataset6615,dataset2237,dataset4334,dataset733
dataset1614,dataset2731,dataset7560,dataset2456
dataset4579,dataset3881,dataset3231,dataset3574
dataset9503,dataset9450,dataset217,dataset9960
dataset2578,dataset912,dataset1150,dataset3675
dataset5850,dataset8892,dataset8513,dataset2687
dataset9500,dataset7962,dataset8094,dataset5524
dataset1986,dataset4789,dataset8611,dataset7414
dataset4754,dataset7597,dataset8530,dataset5633
dataset4111,dataset5804,dataset3425,dataset3159
dataset1596,dataset1857,dataset24,dataset4411
dataset1983,dataset9898,dataset3202,dataset7472
dataset9641,dataset182,dataset8376,dataset4035
dataset9068,dataset8672,dataset9497,dataset5784
dataset865,dataset383,dataset7224,dataset9687
dataset4033,dataset1820,dataset5942,dataset3590
dataset6220,dataset4687,dataset8589,dataset3508
dataset5234,dataset3531,dataset7764,dataset719
dataset1775,dataset8123,dataset7636,dataset2242
dataset7953,dataset4619,dataset2496,dataset2824
dataset282,dataset13,dataset5650,dataset8497
dataset6312,dataset4308,dataset3386,dataset8676
dataset1030,dataset105,dataset9155,dataset4361
dataset9657,dataset7303,dataset487,dataset5735
dataset9803,dataset6430,dataset223,dataset3835
dataset1910,dataset9501,dataset9145,dataset8060
dataset4760,dataset5247,dataset3021,dataset1427
dataset7699,dataset757,dataset8987,dataset8051
dataset8627,dataset8612,dataset8531,dataset8869
dataset4262,dataset9371,dataset5765,dataset4711
dataset1233,dataset2197,dataset642,dataset4915
dataset6386,dataset3615,dataset2610,dataset1278
dataset8511,dataset792,dataset3479,dataset3491
dataset3681,dataset4557,dataset686,dataset6211
dataset4701,dataset3106,dataset9212,dataset967
dataset8381,dataset2425,dataset3143,dataset7547
dataset3856,dataset510,dataset5814,dataset9164
dataset5559,dataset2348,dataset2320,dataset2923
dataset4448,dataset2100,dataset7707,dataset3994
dataset1881,dataset8742,dataset6558,dataset8622
dataset7602,dataset9754,dataset5647,dataset3411
dataset6085,dataset6218,dataset9192,dataset4744
dataset4812,dataset1578,dataset5339,dataset8830
dataset7613,dataset9755,dataset7230,dataset5518
dataset3113,dataset2941,dataset866,dataset602
dataset7786,dataset8590,dataset8086,dataset5265
dataset3692,dataset6196,dataset8857,dataset6398
dataset1009,dataset47,dataset8312,dataset7215
dataset5909,dataset8990,dataset9515,dataset211
dataset9117,dataset1295,dataset9590,dataset2286
dataset2077,dataset4340,dataset4677,dataset2235
dataset9720,dataset2867,dataset753,dataset6781
dataset1662,dataset1955,dataset9326,dataset270
dataset8608,dataset9017,dataset6132,dataset1511
dataset1077,dataset2513,dataset7784,dataset1977
dataset5435,dataset6173,dataset2788,dataset1425
dataset1305,dataset1818,dataset9892,dataset3167
dataset6354,dataset6840,dataset5118,dataset2524
dataset9922,dataset9129,dataset3455,dataset5249
dataset9381,dataset3921,dataset5083,dataset6901
dataset7067,dataset6854,dataset2256,dataset5679
dataset9876,dataset8855,dataset1451,dataset365
dataset3618,dataset6400,dataset7425,dataset2671
dataset954,dataset1959,dataset416,dataset7502
dataset2708,dataset9585,dataset7520,dataset720
dataset2638,dataset4120,dataset1202,dataset4938
dataset1706,dataset1238,dataset6820,dataset8619
dataset4432,dataset6281,dataset7909,dataset1941
dataset5105,dataset1721,dataset3952,dataset1784
dataset9152,dataset7162,dataset7228,dataset2995
dataset6056,dataset147,dataset9739,dataset2423
dataset3153,dataset5725,dataset932,dataset5279
dataset3996,dataset5583,dataset445,dataset9484
dataset9190,dataset8346,dataset9741,dataset7587
dataset7430,dataset6033,dataset6087,dataset9993
dataset5354,dataset6001,dataset1048,dataset308
dataset4084,dataset4627,dataset6704,dataset5058
dataset4112,dataset9151,dataset9843,dataset9422
dataset379,dataset1463,dataset2853,dataset8447
dataset9907,dataset5797,dataset3223,dataset1963
dataset5713,dataset7257,dataset4595,dataset9698
dataset976,dataset2739,dataset3933,dataset4648
dataset9622,dataset4085,dataset2377,dataset1168
dataset559,dataset6297,dataset3033,dataset324
dataset4818,dataset5034,dataset2680,dataset8190
dataset6519,dataset8117,dataset9631,dataset7719
dataset6905,dataset2108,dataset4476,dataset2029
dataset9086,dataset9692,dataset3319,dataset3492
dataset5293,dataset9148,dataset3458,dataset6303
dataset5989,dataset9010,dataset9183,dataset1535
dataset8745,dataset9014,dataset569,dataset3930
dataset4548,dataset5747,dataset8943,dataset1797
dataset8369,dataset6556,dataset4816,dataset7966
dataset3077,dataset7533,dataset1665,dataset4649
dataset3580,dataset2117,dataset4681,dataset2462
dataset9320,dataset2251,dataset5496,dataset3809
dataset3327,dataset4094,dataset4469,dataset9300
dataset3336,dataset2956,dataset1773,dataset6405
dataset5834,dataset3451,dataset7566,dataset6548
dataset7445,dataset1338,dataset6648,dataset9069
dataset6323,dataset4001,dataset7086,dataset6341
dataset7846,dataset3693,dataset5303,dataset3155
dataset2181,dataset1546,dataset6774,dataset2502
dataset6827,dataset9737,dataset4647,dataset8847
dataset4278,dataset5082,dataset9676,dataset5866
dataset6522,dataset3896,dataset3005,dataset4081
dataset4589,dataset364,dataset498,dataset8147
dataset5716,dataset7164,dataset1078,dataset1806
dataset705,dataset2026,dataset1101,dataset3979
dataset2171,dataset5734,dataset7432,dataset3950
dataset1321,dataset6819,dataset5670,dataset9071
dataset6616,dataset6449,dataset1543,dataset2886
dataset4954,dataset31,dataset2143,dataset3057
dataset5503,dataset1748,dataset3688,dataset4864
dataset3394,dataset8861,dataset2993,dataset1333
dataset7316,dataset6604,dataset4329,dataset6
dataset4670,dataset2141,dataset6739,dataset1574
dataset2881,dataset8602,dataset7892,dataset8974
dataset1437,dataset6512,dataset2175,dataset4103
dataset8628,dataset5801,dataset6543,dataset3936
dataset3000,dataset9652,dataset8024,dataset7419
dataset5307,dataset2040,dataset9443,dataset5799
dataset3480,dataset4876,dataset5637,dataset6504
dataset313,dataset3937,dataset87,dataset1028
dataset9489,dataset3891,dataset5786,dataset6861
dataset8750,dataset6552,dataset9389,dataset7615
dataset6009,dataset5570,dataset966,dataset4758
dataset8482,dataset3703,dataset4226,dataset3938
dataset7832,dataset6744,dataset6899,dataset7878
dataset7179,dataset8071,dataset6561,dataset8251
dataset5346,dataset1132,dataset4352,dataset2862
dataset3944,dataset7493,dataset4591,dataset8407
dataset418,dataset186,dataset8582,dataset2480
dataset2947,dataset8523,dataset350,dataset5158
dataset7933,dataset1429,dataset3911,dataset2878
dataset9916,dataset1434,dataset648,dataset9333
dataset7081,dataset4919,dataset3553,dataset9499
dataset636,dataset7383,dataset1647,dataset1339
dataset2630,dataset4459,dataset3744,dataset8614
dataset2848,dataset5379,dataset4028,dataset9802
dataset5846,dataset4107,dataset1160,dataset7123
dataset4922,dataset5831,dataset1261,dataset9730
dataset2679,dataset8882,dataset5136,dataset9434
dataset5150,dataset7484,dataset2165,dataset18
dataset1015,dataset7338,dataset5944,dataset8824
dataset7451,dataset7375,dataset4781,dataset1188
dataset2439,dataset8510,dataset594,dataset7798
dataset6351,dataset8593,dataset48,dataset6086
dataset1577,dataset7634,dataset5900,dataset8566
dataset6566,dataset6462,dataset2885,dataset7057
dataset1196,dataset6394,dataset8910,dataset920
dataset137,dataset3582,dataset7261,dataset6219
dataset3792,dataset6372,dataset9375,dataset4525
dataset6974,dataset8012,dataset2529,dataset566
dataset891,dataset6724,dataset6299,dataset538
dataset7220,dataset4881,dataset3309,dataset6250
dataset2162,dataset4030,dataset187,dataset8449
dataset8588,dataset5854,dataset5691,dataset7495
dataset2257,dataset3323,dataset7727,dataset4911
dataset88,dataset2033,dataset7524,dataset4390
dataset4190,dataset2834,dataset9213,dataset2644
dataset2431,dataset8915,dataset7940,dataset7402
dataset2599,dataset321,dataset6675,dataset1604
dataset6848,dataset1880,dataset6483,dataset8423
dataset8508,dataset1845,dataset5591,dataset7282
dataset5882,dataset5466,dataset6082,dataset800
dataset629,dataset6838,dataset1081,dataset7924
dataset8486,dataset6129,dataset3599,dataset3593
dataset9372,dataset7435,dataset1584,dataset5267
dataset2811,dataset8668,dataset149,dataset8955
dataset6490,dataset5490,dataset6203,dataset4240
dataset1370,dataset56,dataset134,dataset2740
dataset894,dataset5602,dataset6705,dataset2632
dataset5285,dataset1254,dataset7104,dataset969
dataset362,dataset295,dataset8884,dataset6136
dataset222,dataset3098,dataset6559,dataset9159
dataset8625,dataset8872,dataset3074,dataset7306
dataset1646,dataset6818,dataset7059,dataset7948
dataset2813,dataset4828,dataset831,dataset848
dataset5048,dataset8693,dataset1842,dataset9563
dataset3006,dataset5813,dataset390,dataset1727
dataset2054,dataset7404,dataset8333,dataset5469
dataset4820,dataset651,dataset1654,dataset254
dataset8321,dataset3943,dataset2167,dataset8285
dataset953,dataset1539,dataset3852,dataset4501
dataset6054,dataset5211,dataset3914,dataset9801
dataset8440,dataset2037,dataset3779,dataset9783
dataset9416,dataset5032,dataset9356,dataset5444
dataset455,dataset8278,dataset9747,dataset4451
dataset9062,dataset3172,dataset6669,dataset7372
dataset3666,dataset8253,dataset3573,dataset2898
dataset8247,dataset8973,dataset9029,dataset7381
dataset3254,dataset4276,dataset7623,dataset2422
dataset1290,dataset3133,dataset759,dataset2806
dataset5395,dataset8418,dataset7293,dataset1631
dataset9158,dataset2219,dataset2582,dataset440
dataset1446,dataset1520,dataset7501,dataset1391
dataset3420,dataset8846,dataset7284,dataset5012
dataset2372,dataset2278,dataset3147,dataset9672
dataset4443,dataset5668,dataset6215,dataset1301
dataset6758,dataset4652,dataset1551,dataset4014
dataset7831,dataset7738,dataset7412,dataset9773
dataset1116,dataset8862,dataset9286,dataset1497
dataset3658,dataset6908,dataset7543,dataset8681
dataset5221,dataset4867,dataset3018,dataset9448
dataset8401,dataset6133,dataset7667,dataset7014
dataset4387,dataset5051,dataset1109,dataset7216
dataset4830,dataset1428,dataset6546,dataset3857
dataset8477,dataset9242,dataset5494,dataset8860
dataset8979,dataset6185,dataset72,dataset8042
dataset596,dataset5628,dataset6421,dataset4909
dataset2191,dataset2221,dataset7624,dataset2723
dataset1312,dataset7163,dataset722,dataset6214
dataset4018,dataset2032,dataset1661,dataset3840
dataset6577,dataset98,dataset6414,dataset8241
dataset7731,dataset9728,dataset6549,dataset7603
dataset6192,dataset8435,dataset1629,dataset1720
dataset4750,dataset7677,dataset8980,dataset8481
dataset4118,dataset1575,dataset7626,dataset6399
dataset5040,dataset3614,dataset301,dataset407
dataset6800,dataset3699,dataset7657,dataset8836
dataset9480,dataset9716,dataset7300,dataset8327
dataset2262,dataset2446,dataset7972,dataset377
dataset8153,dataset5528,dataset9056,dataset4095
dataset3371,dataset8924,dataset5605,dataset9931
dataset7476,dataset647,dataset7000,dataset7099
dataset7122,dataset1148,dataset6680,dataset7226
dataset83,dataset5242,dataset4761,dataset7357
dataset965,dataset7149,dataset3251,dataset3888
dataset1801,dataset4291,dataset231,dataset8197
dataset9735,dataset2421,dataset3719,dataset2829
dataset2147,dataset9643,dataset5331,dataset1174
dataset1586,dataset514,dataset2901,dataset1405
dataset1079,dataset7833,dataset6888,dataset1894
dataset2515,dataset2560,dataset5934,dataset9392
dataset3507,dataset5665,dataset3261,dataset5351
dataset3381,dataset7475,dataset6068,dataset8218
dataset8809,dataset6227,dataset1833,dataset1024
dataset1779,dataset4332,dataset4057,dataset1636
dataset8189,dataset6441,dataset618,dataset726
dataset9469,dataset7403,dataset6690,dataset6945
dataset509,dataset622,dataset2975,dataset4127
dataset1184,dataset1945,dataset3807,dataset3601
dataset9000,dataset7111,dataset8200,dataset9905
dataset771,dataset2409,dataset5262,dataset4076
dataset5698,dataset160,dataset6061,dataset1868
dataset9906,dataset7486,dataset5828,dataset2538
dataset6732,dataset8310,dataset1606,dataset6740
dataset6428,dataset8472,dataset6890,dataset448
dataset8126,dataset424,dataset5077,dataset3880
dataset3136,dataset1893,dataset3932,dataset2767
dataset5360,dataset8575,dataset2419,dataset9568
dataset861,dataset1644,dataset1242,dataset7983
dataset549,dataset2364,dataset7932,dataset6794
dataset3088,dataset1666,dataset1952,dataset4630
dataset1716,dataset8499,dataset277,dataset9549
dataset4346,dataset2263,dataset9620,dataset5863
dataset6083,dataset133,dataset6583,dataset2202
dataset971,dataset628,dataset9550,dataset4523
dataset1444,dataset8322,dataset2396,dataset2365
dataset5226,dataset2749,dataset6139,dataset8856
dataset438,dataset9099,dataset8854,dataset4450
dataset1637,dataset7214,dataset8383,dataset120
dataset8416,dataset9293,dataset3365,dataset2118
dataset9919,dataset911,dataset436,dataset7638
dataset812,dataset801,dataset1866,dataset7189
dataset1693,dataset8453,dataset1011,dataset3529
dataset9383,dataset8544,dataset5899,dataset84
dataset6467,dataset7126,dataset58,dataset9482
dataset1465,dataset2520,dataset3345,dataset291
dataset4769,dataset387,dataset5357,dataset5592
dataset8728,dataset3368,dataset2627,dataset4220
dataset9082,dataset994,dataset7344,dataset7276
dataset3770,dataset1755,dataset860,dataset4444
dataset6163,dataset9846,dataset7313,dataset7002
dataset36,dataset4319,dataset1767,dataset8488
dataset4343,dataset9669,dataset8509,dataset9810
dataset7036,dataset4708,dataset8413,dataset8945
dataset5545,dataset5121,dataset7461,dataset6089
dataset3023,dataset4602,dataset1033,dataset3490
dataset4946,dataset8733,dataset3713,dataset504
dataset3729,dataset4969,dataset7436,dataset2134
dataset7703,dataset7192,dataset1976,dataset6181
dataset5571,dataset2122,dataset2662,dataset3741
dataset9871,dataset4605,dataset35,dataset789
dataset8023,dataset4693,dataset5179,dataset1682
dataset527,dataset2273,dataset4925,dataset5382
dataset4162,dataset1548,dataset3393,dataset9705
dataset2328,dataset9927,dataset8443,dataset8157
dataset3820,dataset7366,dataset2178,dataset97
dataset1670,dataset4988,dataset5984,dataset3286
dataset9215,dataset3054,dataset3586,dataset942
dataset5104,dataset7925,dataset7808,dataset1851
dataset55,dataset9337,dataset5492,dataset7401
dataset5063,dataset1394,dataset8498,dataset1016
dataset2474,dataset6663,dataset274,dataset8330
dataset9336,dataset7195,dataset7349,dataset3408
dataset7249,dataset4883,dataset1960,dataset1831
dataset7262,dataset5755,dataset1701,dataset3476
dataset4049,dataset6657,dataset9106,dataset9660
dataset7563,dataset4799,dataset4252,dataset4029
dataset9128,dataset9252,dataset8690,dataset6205
dataset6358,dataset1865,dataset6239,dataset6112
dataset2815,dataset2155,dataset7691,dataset5990
dataset2802,dataset9124,dataset4631,dataset6149
dataset4702,dataset6333,dataset4556,dataset2849
dataset9805,dataset419,dataset3082,dataset9418
dataset8909,dataset41,dataset3873,dataset7140
dataset1069,dataset2224,dataset6644,dataset3126
dataset235,dataset2861,dataset1371,dataset3644
dataset432,dataset4385,dataset658,dataset8689
dataset1066,dataset8526,dataset8167,dataset9776
dataset5671,dataset3815,dataset1053,dataset400
dataset5835,dataset9395,dataset4739,dataset5849
dataset4150,dataset5853,dataset4855,dataset5123
dataset9032,dataset7815,dataset4534,dataset3278
dataset857,dataset3802,dataset8554,dataset4942
dataset1807,dataset5542,dataset6102,dataset7274
dataset6959,dataset9798,dataset6726,dataset8829
dataset571,dataset3796,dataset3182,dataset4625
dataset662,dataset1814,dataset7869,dataset5182
dataset1813,dataset179,dataset3814,dataset2733
dataset66,dataset804,dataset6849,dataset773
dataset46,dataset7783,dataset9524,dataset2300
dataset4908,dataset4699,dataset5424,dataset7828
dataset7367,dataset7617,dataset6539,dataset4819
dataset1404,dataset163,dataset250,dataset276
dataset2185,dataset4206,dataset7054,dataset3180
dataset1594,dataset5298,dataset2989,dataset5788
dataset6990,dataset8642,dataset8799,dataset478
dataset6198,dataset7361,dataset7092,dataset459
dataset7273,dataset6396,dataset6995,dataset6228
dataset8164,dataset3148,dataset3795,dataset2023
dataset666,dataset7374,dataset729,dataset723
dataset6230,dataset4538,dataset9945,dataset4657
dataset69,dataset2265,dataset9168,dataset9364
dataset2615,dataset4520,dataset2962,dataset738
dataset9880,dataset1848,dataset1714,dataset3536
dataset9369,dataset5929,dataset185,dataset7757
dataset1850,dataset2789,dataset5923,dataset4568
dataset1589,dataset3134,dataset4839,dataset4013
dataset5504,dataset2489,dataset2239,dataset3453
dataset9693,dataset8639,dataset9291,dataset8506
dataset8165,dataset8370,dataset8826,dataset6090
dataset591,dataset8648,dataset331,dataset927
dataset2135,dataset6335,dataset5651,dataset7186
dataset5824,dataset9475,dataset1111,dataset8377
dataset5009,dataset5841,dataset2290,dataset4752
dataset4191,dataset8758,dataset9595,dataset8442
dataset6412,dataset9946,dataset4037,dataset6972
dataset7993,dataset2893,dataset3162,dataset3634
dataset2383,dataset3,dataset4606,dataset2865
dataset4234,dataset5142,dataset7923,dataset7302
dataset9332,dataset2805,dataset404,dataset1533
dataset7920,dataset3842,dataset3800,dataset7481
dataset1065,dataset8934,dataset6076,dataset2870
dataset7687,dataset9046,dataset6269,dataset7903
dataset4880,dataset8744,dataset412,dataset7665
dataset5827,dataset8886,dataset7312,dataset7454
dataset2346,dataset515,dataset9141,dataset5921
dataset2322,dataset6538,dataset6013,dataset2619
dataset1262,dataset8567,dataset7905,dataset2647
dataset7579,dataset3642,dataset3474,dataset9940
dataset4380,dataset5625,dataset1630,dataset8265
dataset9974,dataset2192,dataset2154,dataset3511
dataset9455,dataset7612,dataset7964,dataset4402
dataset7556,dataset4757,dataset5411,dataset5451
dataset8250,dataset2683,dataset2976,dataset2601
dataset1994,dataset3468,dataset1580,dataset8082
dataset3864,dataset980,dataset9992,dataset1690
dataset9619,dataset8134,dataset4910,dataset9744
dataset8320,dataset49,dataset3755,dataset9208
dataset1623,dataset2791,dataset8674,dataset263
dataset2232,dataset6892,dataset7740,dataset8154
dataset2915,dataset4996,dataset6310,dataset3875
dataset3363,dataset4285,dataset1510,dataset5669
dataset3418,dataset2293,dataset1192,dataset2592
dataset7716,dataset2295,dataset600,dataset3812
dataset5256,dataset1099,dataset257,dataset4228
dataset8950,dataset9219,dataset6897,dataset1517
dataset9147,dataset1387,dataset4015,dataset4700
dataset3956,dataset3808,dataset1717,dataset8045
dataset8651,dataset6113,dataset3636,dataset7151
dataset8939,dataset5618,dataset5170,dataset9607
dataset3017,dataset6947,dataset539,dataset2855
dataset103,dataset1674,dataset8280,dataset7494
dataset9842,dataset8848,dataset6665,dataset1621
dataset5908,dataset4137,dataset1020,dataset2674
dataset7620,dataset610,dataset4039,dataset220
dataset2412,dataset9097,dataset4376,dataset5599
dataset3445,dataset1639,dataset4248,dataset2691
dataset8888,dataset3762,dataset6611,dataset8174
dataset784,dataset8788,dataset3498,dataset2151
dataset6875,dataset8552,dataset8835,dataset5184
dataset6985,dataset4431,dataset4852,dataset6207
dataset3086,dataset8022,dataset9365,dataset6150
dataset9817,dataset5390,dataset1351,dataset1918
dataset8698,dataset1137,dataset285,dataset8008
dataset9565,dataset4021,dataset9198,dataset3784
dataset8696,dataset2007,dataset7881,dataset9573
dataset8647,dataset1249,dataset7670,dataset8540
dataset8172,dataset5037,dataset4692,dataset1635
dataset6138,dataset6190,dataset4068,dataset2935
dataset4745,dataset6484,dataset4369,dataset2012
dataset8061,dataset6287,dataset4433,dataset1056
dataset200,dataset1103,dataset3362,dataset9999
dataset7574,dataset6277,dataset2553,dataset8398
dataset7281,dataset671,dataset5740,dataset763
dataset4967,dataset9459,dataset6368,dataset7467
dataset7516,dataset1698,dataset8841,dataset4935
dataset7180,dataset37,dataset192,dataset9897
dataset3794,dataset3712,dataset2692,dataset4901
dataset1064,dataset2718,dataset6454,dataset1990
dataset1287,dataset6547,dataset7333,dataset8538
dataset3825,dataset3190,dataset1985,dataset1019
dataset3882,dataset5896,dataset5946,dataset7290
dataset8055,dataset9196,dataset4612,dataset9331
dataset4569,dataset8373,dataset2546,dataset4729
dataset9162,dataset9187,dataset6246,dataset9591
dataset3092,dataset79,dataset5937,dataset7804
dataset5336,dataset9125,dataset3378,dataset8695
dataset8816,dataset1645,dataset5796,dataset6699
dataset8419,dataset1118,dataset7792,dataset1991
dataset5871,dataset3385,dataset8275,dataset6554
dataset1140,dataset9180,dataset8201,dataset5904
dataset3048,dataset7926,dataset8009,dataset913
dataset5971,dataset5080,dataset2041,dataset6282
dataset1642,dataset2844,dataset5916,dataset7592
dataset5445,dataset7049,dataset1457,dataset2119
dataset1012,dataset2345,dataset7327,dataset8652
dataset627,dataset2678,dataset5531,dataset397
dataset9525,dataset2726,dataset175,dataset2836
dataset2819,dataset3158,dataset3685,dataset449
dataset1605,dataset4512,dataset869,dataset8256
dataset946,dataset7018,dataset3607,dataset1108
dataset7568,dataset6762,dataset6942,dataset9706
dataset4641,dataset8952,dataset7022,dataset9100
dataset9911,dataset2139,dataset667,dataset4735
dataset8308,dataset7116,dataset5847,dataset5183
dataset329,dataset2766,dataset696,dataset1419
dataset5389,dataset125,dataset1595,dataset9433
dataset2353,dataset9277,dataset8811,dataset9633
dataset7458,dataset2271,dataset714,dataset8347
dataset297,dataset5623,dataset5358,dataset6970
dataset5134,dataset6245,dataset7354,dataset6860
dataset870,dataset4978,dataset8414,dataset2330
dataset8468,dataset4955,dataset177,dataset7573
dataset2744,dataset7106,dataset2970,dataset2642
dataset8753,dataset4513,dataset1534,dataset8277
dataset7780,dataset6791,dataset1798,dataset9478
dataset9729,dataset6434,dataset9956,dataset57
dataset81,dataset1974,dataset1046,dataset2990
dataset6291,dataset708,dataset1839,dataset6654
dataset7085,dataset6104,dataset6978,dataset1484
dataset7664,dataset6226,dataset9075,dataset8928
dataset4672,dataset6390,dataset6392,dataset9696
dataset6666,dataset9306,dataset4417,dataset1206
dataset3333,dataset2210,dataset8041,dataset8170
dataset9523,dataset9969,dataset296,dataset6932
dataset572,dataset4669,dataset5511,dataset1050
dataset6903,dataset4539,dataset868,dataset5004
dataset7950,dataset7945,dataset2929,dataset8014
dataset1424,dataset871,dataset2542,dataset1703
dataset4435,dataset1769,dataset8064,dataset3913
dataset1751,dataset5209,dataset5399,dataset6016
dataset7591,dataset1562,dataset5663,dataset9666
dataset9384,dataset2688,dataset8365,dataset9258
dataset1754,dataset5116,dataset9461,dataset2685
dataset3297,dataset3648,dataset5219,dataset4613
dataset1930,dataset4025,dataset3233,dataset456
dataset112,dataset6145,dataset9305,dataset990
dataset8923,dataset229,dataset6748,dataset3659
dataset7439,dataset5066,dataset5113,dataset9925
dataset7683,dataset7572,dataset4509,dataset796
dataset8637,dataset6271,dataset9848,dataset695
dataset3515,dataset5230,dataset657,dataset3537
dataset2243,dataset8303,dataset7177,dataset2948
dataset9839,dataset8119,dataset4715,dataset5792
dataset6438,dataset5620,dataset5410,dataset3708
dataset7799,dataset9037,dataset7037,dataset577
dataset9047,dataset5988,dataset7882,dataset2559
dataset4007,dataset3032,dataset6635,dataset3144
dataset2787,dataset7329,dataset5368,dataset9045
dataset4259,dataset5509,dataset633,dataset2038
dataset5046,dataset6389,dataset157,dataset6114
dataset9763,dataset3734,dataset6276,dataset692
dataset6524,dataset312,dataset573,dataset311
dataset1107,dataset6608,dataset2843,dataset5112
dataset2753,dataset3191,dataset7389,dataset6756
dataset3217,dataset8653,dataset6375,dataset3523
dataset286,dataset3761,dataset3628,dataset1199
dataset4896,dataset6551,dataset4185,dataset4738
dataset8927,dataset5638,dataset4862,dataset1348
dataset7203,dataset2879,dataset9767,dataset3650
dataset2030,dataset8756,dataset1649,dataset1860
dataset5811,dataset4621,dataset5437,dataset4269
dataset9400,dataset4671,dataset5165,dataset1728
dataset9645,dataset8268,dataset6206,dataset1401
dataset4875,dataset6373,dataset563,dataset4768
dataset1995,dataset4266,dataset1861,dataset332
dataset9274,dataset5533,dataset938,dataset9903
dataset8815,dataset5241,dataset2972,dataset4633
dataset4363,dataset7539,dataset3384,dataset3349
dataset5359,dataset7705,dataset6511,dataset890
dataset8773,dataset9600,dataset221,dataset273
dataset3991,dataset1678,dataset9717,dataset4304
dataset7935,dataset4092,dataset6609,dataset8807
dataset3413,dataset8421,dataset3311,dataset5152
dataset8271,dataset7448,dataset2649,dataset3540
dataset9838,dataset3955,dataset731,dataset8699
dataset3043,dataset2373,dataset4486,dataset6917
dataset917,dataset7951,dataset7658,dataset344
dataset6169,dataset3782,dataset8790,dataset5455
dataset2985,dataset2203,dataset1808,dataset3786
dataset4583,dataset9609,dataset7118,dataset3025
dataset7686,dataset5229,dataset2721,dataset6332
dataset5759,dataset1279,dataset1889,dataset1113
dataset5810,dataset7886,dataset6833,dataset1421
dataset4927,dataset7535,dataset9027,dataset2554
dataset2799,dataset6311,dataset4987,dataset6481
dataset9307,dataset5731,dataset8704,dataset1895
dataset8838,dataset9794,dataset2268,dataset121
dataset8683,dataset3564,dataset6883,dataset1892
dataset1906,dataset9604,dataset3141,dataset9721
dataset5452,dataset1185,dataset5505,dataset9292
dataset9707,dataset8722,dataset6984,dataset6500
dataset2018,dataset9033,dataset8122,dataset6232
dataset9019,dataset2944,dataset5565,dataset294
dataset158,dataset2748,dataset9984,dataset9756
dataset8396,dataset7722,dataset3028,dataset9868
dataset33,dataset3589,dataset2931,dataset2133
dataset1549,dataset8239,dataset2535,dataset3612
dataset7984,dataset2236,dataset3706,dataset8806
dataset4696,dataset2945,dataset836,dataset9691
dataset4287,dataset4742,dataset5128,dataset1413
dataset9387,dataset7305,dataset1967,dataset1205
dataset452,dataset80,dataset7542,dataset7681
dataset6413,dataset1494,dataset8148,dataset1824
dataset1307,dataset9072,dataset3358,dataset4841
dataset9851,dataset9199,dataset8969,dataset4350
dataset3838,dataset9295,dataset1482,dataset863
dataset3948,dataset3277,dataset427,dataset717
dataset6839,dataset7724,dataset198,dataset735
dataset4326,dataset12,dataset1927,dataset4061
dataset855,dataset1383,dataset762,dataset8584
dataset8156,dataset6568,dataset6256,dataset1331
dataset6775,dataset8161,dataset3813,dataset9344
dataset1876,dataset5064,dataset6521,dataset3572
dataset9624,dataset9195,dataset6579,dataset59
dataset7489,dataset2025,dataset7803,dataset3049
dataset2828,dataset6284,dataset2530,dataset6099
dataset430,dataset3787,dataset4507,dataset1602
dataset8325,dataset8764,dataset5491,dataset4730
dataset768,dataset4062,dataset2334,dataset7079
dataset974,dataset2959,dataset2772,dataset8081
dataset4585,dataset9440,dataset155,dataset8217
dataset5371,dataset6602,dataset8409,dataset7496
dataset6100,dataset2225,dataset9166,dataset5148
dataset5488,dataset3460,dataset3606,dataset2872
dataset9442,dataset4740,dataset5314,dataset3198
dataset4780,dataset2943,dataset9366,dataset4609
dataset7178,dataset1524,dataset1372,dataset2418
dataset5231,dataset3673,dataset7119,dataset1389
dataset2400,dataset1354,dataset1293,dataset7236
dataset3258,dataset9982,dataset9077,dataset1460
dataset4182,dataset5579,dataset1004,dataset4497
dataset1958,dataset360,dataset9847,dataset422
dataset1664,dataset1220,dataset7822,dataset6313
dataset4307,dataset5388,dataset5000,dataset6274
dataset8343,dataset8496,dataset7093,dataset8394
dataset1890,dataset4158,dataset937,dataset992
dataset1622,dataset2476,dataset1904,dataset3759
dataset1709,dataset679,dataset9481,dataset8858
dataset4493,dataset6480,dataset4913,dataset957
dataset5660,dataset7159,dataset2252,dataset3945
dataset8492,dataset4188,dataset102,dataset1450
dataset1095,dataset9127,dataset5062,dataset8356
dataset9094,dataset7130,dataset9710,dataset791
dataset5958,dataset8629,dataset3257,dataset9447
dataset2386,dataset5478,dataset6273,dataset6523
dataset2146,dataset6110,dataset2228,dataset4704
dataset4218,dataset5945,dataset9551,dataset7928
dataset7957,dataset7843,dataset9376,dataset3045
dataset1366,dataset4117,dataset7709,dataset6479
dataset6570,dataset2161,dataset5404,dataset9493
dataset9411,dataset8235,dataset3372,dataset7158
dataset7826,dataset2344,dataset7758,dataset5506
dataset7810,dataset2768,dataset3954,dataset5271
dataset2887,dataset1141,dataset7317,dataset2491
dataset623,dataset1640,dataset5639,dataset7142
dataset5822,dataset5970,dataset483,dataset7836
dataset5777,dataset1091,dataset7244,dataset5420
dataset5881,dataset5042,dataset1289,dataset8878
dataset5855,dataset874,dataset3240,dataset1729
dataset4032,dataset1083,dataset4904,dataset9675
dataset5299,dataset3173,dataset4386,dataset9537
dataset3481,dataset8112,dataset6074,dataset2906
dataset9109,dataset40,dataset7483,dataset4485
dataset819,dataset3584,dataset9528,dataset4006
dataset337,dataset5981,dataset9965,dataset5432
dataset4563,dataset3435,dataset7837,dataset979
dataset2205,dataset9699,dataset6115,dataset743
dataset244,dataset9557,dataset6866,dataset9486
dataset5212,dataset8873,dataset2712,dataset9323
dataset9070,dataset6847,dataset2955,dataset6696
dataset5614,dataset3085,dataset6473,dataset7413
dataset421,dataset2016,dataset541,dataset1258
dataset6042,dataset4502,dataset6567,dataset5071
dataset6482,dataset5236,dataset6941,dataset7358
dataset1811,dataset6645,dataset2782,dataset1541
dataset744,dataset5840,dataset8116,dataset6349
dataset2115,dataset8917,dataset3753,dataset7128
dataset7994,dataset1819,dataset9329,dataset8456
dataset3454,dataset4325,dataset1970,dataset887
dataset4311,dataset1152,dataset4349,dataset6626
dataset7411,dataset576,dataset9105,dataset8626
dataset1909,dataset3171,dataset9132,dataset9479
dataset5110,dataset8056,dataset7343,dataset909
dataset5888,dataset6233,dataset3355,dataset7805
dataset5276,dataset6796,dataset3207,dataset4126
dataset4999,dataset8037,dataset3625,dataset4808
dataset6808,dataset6107,dataset665,dataset1426
dataset5894,dataset6170,dataset5460,dataset3331
dataset3957,dataset8302,dataset413,dataset4505
dataset7927,dataset3442,dataset9527,dataset219
dataset6485,dataset394,dataset1334,dataset849
dataset4561,dataset8821,dataset765,dataset7377
dataset2706,dataset3121,dataset9780,dataset7529
dataset6388,dataset6606,dataset7082,dataset2310
dataset6958,dataset3926,dataset2574,dataset6014
dataset5405,dataset7246,dataset3443,dataset9393
dataset5717,dataset2967,dataset8316,dataset9451
dataset1345,dataset7860,dataset2925,dataset1361
dataset4835,dataset828,dataset4410,dataset3326
dataset2379,dataset8362,dataset6495,dataset7324
dataset8798,dataset4101,dataset6595,dataset9474
dataset2241,dataset7442,dataset6270,dataset6231
dataset8617,dataset2846,dataset6144,dataset9001
dataset8825,dataset5315,dataset3627,dataset7217
dataset9615,dataset6418,dataset9971,dataset6186
dataset1901,dataset119,dataset3872,dataset7279
dataset3178,dataset3430,dataset310,dataset5709
dataset357,dataset9902,dataset758,dataset8768
dataset9781,dataset9502,dataset8013,dataset9864
dataset8935,dataset9142,dataset6973,dataset9209
dataset6063,dataset3768,dataset6447,dataset2631
dataset8820,dataset5674,dataset2212,dataset3722
dataset3255,dataset7652,dataset5055,dataset7182
dataset6135,dataset3058,dataset634,dataset4544
dataset3298,dataset3433,dataset7335,dataset6387
dataset9350,dataset4972,dataset6166,dataset9112
dataset3284,dataset6025,dataset9084,dataset4046
dataset1886,dataset8168,dataset6799,dataset7588
dataset9701,dataset1409,dataset7015,dataset6878
dataset6682,dataset6889,dataset4885,dataset1763
dataset9887,dataset1782,dataset3521,dataset7183
dataset9092,dataset9653,dataset8490,dataset5178
dataset8299,dataset1042,dataset9702,dataset1162
dataset5176,dataset7245,dataset9538,dataset3011
dataset9318,dataset8999,dataset676,dataset7855
dataset9439,dataset2116,dataset3670,dataset161
dataset4665,dataset1285,dataset678,dataset2075
dataset9429,dataset3426,dataset466,dataset2505
dataset587,dataset3066,dataset3090,dataset975
dataset7779,dataset4195,dataset6869,dataset9238
dataset8603,dataset1827,dataset9942,dataset6445
dataset9184,dataset529,dataset1374,dataset787
dataset617,dataset7902,dataset6560,dataset550
dataset5284,dataset892,dataset6040,dataset4776
dataset2876,dataset7359,dataset2668,dataset3016
dataset2801,dataset2729,dataset6162,dataset2173
dataset2938,dataset7073,dataset7362,dataset5143
dataset9561,dataset3847,dataset9427,dataset7137
dataset2534,dataset216,dataset2022,dataset9004
dataset1124,dataset1087,dataset970,dataset1931
dataset8038,dataset8822,dataset2220,dataset8546
dataset3053,dataset3745,dataset351,dataset9138
dataset3252,dataset348,dataset9449,dataset1468
dataset1344,dataset9570,dataset7206,dataset6939
dataset5036,dataset4135,dataset9053,dataset8970
dataset2591,dataset7845,dataset2621,dataset4231
dataset2420,dataset2994,dataset9370,dataset3781
dataset6491,dataset799,dataset6982,dataset4170
dataset8725,dataset1144,dataset8005,dataset9518
dataset8182,dataset9621,dataset7440,dataset2755
dataset4683,dataset1422,dataset2102,dataset2079
dataset8059,dataset5232,dataset6081,dataset1149
dataset4275,dataset7438,dataset584,dataset6027
dataset7150,dataset9713,dataset7347,dataset8609
dataset7490,dataset7776,dataset1588,dataset8194
dataset2459,dataset5694,dataset93,dataset6011
dataset4986,dataset8946,dataset293,dataset6255
dataset4787,dataset8774,dataset3740,dataset3034
dataset716,dataset2626,dataset5598,dataset4823
dataset7101,dataset4888,dataset5806,dataset9269
dataset3843,dataset196,dataset4836,dataset3291
dataset3276,dataset6502,dataset5968,dataset7732
dataset9225,dataset7253,dataset1669,dataset9463
dataset5401,dataset2044,dataset638,dataset818
dataset7248,dataset1104,dataset5479,dataset2595
dataset1021,dataset8080,dataset2074,dataset2974
dataset9663,dataset9829,dataset9294,dataset3660
dataset7818,dataset5918,dataset3811,dataset6164
dataset2483,dataset8044,dataset1618,dataset5943
dataset7337,dataset7234,dataset9473,dataset8720
dataset5456,dataset4912,dataset5953,dataset3630
dataset22,dataset3987,dataset2282,dataset5214
dataset6507,dataset1558,dataset5393,dataset8437
dataset4680,dataset5575,dataset2882,dataset8470
dataset8718,dataset9282,dataset612,dataset2136
dataset1323,dataset5872,dataset7089,dataset9959
dataset6229,dataset645,dataset7395,dataset9632
dataset153,dataset9748,dataset8760,dataset8655
dataset655,dataset7156,dataset1373,dataset2859
dataset3854,dataset1170,dataset4959,dataset7210
dataset8478,dataset7985,dataset6862,dataset5129
dataset6571,dataset8831,dataset8344,dataset8074
dataset8572,dataset928,dataset1044,dataset5714
dataset9011,dataset8650,dataset1473,dataset7033
dataset2303,dataset9052,dataset4645,dataset6451
dataset7094,dataset6427,dataset391,dataset0
dataset2183,dataset5081,dataset5304,dataset3683
dataset4943,dataset5915,dataset5525,dataset9904
dataset2713,dataset1673,dataset9207,dataset265
dataset7838,dataset8517,dataset6059,dataset3041
dataset358,dataset1643,dataset2482,dataset1324
dataset1873,dataset8845,dataset9412,dataset7586
dataset6825,dataset8839,dataset1911,dataset5024
dataset8794,dataset5213,dataset1697,dataset8975
dataset7702,dataset537,dataset2763,dataset9351
dataset1397,dataset8018,dataset3928,dataset5330
dataset4454,dataset1954,dataset4192,dataset4219
dataset4038,dataset5927,dataset8445,dataset5543
dataset8778,dataset199,dataset3105,dataset2658
dataset6260,dataset6337,dataset4225,dataset6863
dataset9673,dataset5597,dataset1554,dataset8717
dataset9044,dataset9248,dataset3115,dataset8489
dataset7952,dataset3629,dataset5551,dataset9146
dataset1817,dataset8066,dataset6527,dataset4931
dataset3645,dataset4370,dataset4921,dataset8770
dataset4928,dataset7704,dataset3376,dataset6923
dataset2866,dataset8700,dataset2152,dataset6134
dataset1470,dataset1265,dataset893,dataset3364
dataset1825,dataset8324,dataset4113,dataset9121
dataset7678,dataset7987,dataset5362,dataset8289
dataset2635,dataset2339,dataset6536,dataset8173
dataset178,dataset4221,dataset5459,dataset7541
dataset2624,dataset3310,dataset1522,dataset6199
dataset1680,dataset7340,dataset7555,dataset1471
dataset1309,dataset7161,dataset7088,dataset6685
dataset2900,dataset302,dataset2741,dataset5563
dataset4668,dataset9571,dataset3354,dataset1201
dataset2605,dataset843,dataset1919,dataset6620
dataset3947,dataset9799,dataset8675,dataset1005
dataset6131,dataset2314,dataset7876,dataset9886
dataset5825,dataset5366,dataset7980,dataset8348
dataset6784,dataset5960,dataset5696,dataset2663
dataset403,dataset453,dataset9813,dataset767
dataset3117,dataset9918,dataset7153,dataset3664
dataset1070,dataset5135,dataset90,dataset7848
dataset8662,dataset8084,dataset4658,dataset1154
dataset2913,dataset5837,dataset4070,dataset8832
dataset6240,dataset1490,dataset9123,dataset1441
dataset1591,dataset1783,dataset508,dataset1878
dataset747,dataset3322,dataset4445,dataset802
dataset9363,dataset1633,dataset5442,dataset7197
dataset8186,dataset4124,dataset4149,dataset4333
dataset2757,dataset873,dataset5302,dataset7311
dataset4034,dataset1392,dataset3318,dataset4408
dataset3686,dataset4051,dataset269,dataset6822
dataset3022,dataset7285,dataset3765,dataset9272
dataset7975,dataset3473,dataset5642,dataset5406
dataset8111,dataset1620,dataset7674,dataset2227
dataset6678,dataset6779,dataset6987,dataset1972
dataset9315,dataset2616,dataset4119,dataset9908
dataset6202,dataset5485,dataset3738,dataset347
dataset5634,dataset2704,dataset7769,dataset8210
dataset9555,dataset8705,dataset6403,dataset1213
dataset7915,dataset6949,dataset6382,dataset8237
dataset5758,dataset8528,dataset2842,dataset698
dataset3265,dataset9958,dataset3561,dataset5465
dataset4339,dataset7360,dataset9276,dataset7801
dataset3004,dataset523,dataset3197,dataset4072
dataset4477,dataset9051,dataset8169,dataset8091
dataset972,dataset5997,dataset6842,dataset781
dataset3367,dataset374,dataset9567,dataset7734
dataset9513,dataset575,dataset5217,dataset3070
dataset7241,dataset9494,dataset6713,dataset3060
dataset2634,dataset3127,dataset9244,dataset3567
dataset399,dataset4079,dataset660,dataset8930
dataset5186,dataset1139,dataset8404,dataset6305
dataset2132,dataset780,dataset8814,dataset9564
dataset5738,dataset5994,dataset2501,dataset4449
dataset6296,dataset595,dataset7051,dataset3858
dataset6582,dataset568,dataset3142,dataset1096
dataset8279,dataset5756,dataset8706,dataset417
dataset6347,dataset2275,dataset7237,dataset3434
dataset794,dataset9522,dataset1791,dataset7428
dataset7851,dataset5448,dataset4882,dataset1617
dataset664,dataset5340,dataset5686,dataset7577
dataset4662,dataset5323,dataset8991,dataset9102
dataset3131,dataset2270,dataset3940,dataset1821
dataset2052,dataset7048,dataset9101,dataset9285
dataset6651,dataset7464,dataset6686,dataset1217
dataset6592,dataset1914,dataset6646,dataset3535
dataset2509,dataset4902,dataset5238,dataset131
dataset3874,dataset8615,dataset5380,dataset5928
dataset101,dataset8618,dataset3747,dataset517
dataset2198,dataset8345,dataset8579,dataset1514
dataset2656,dataset5021,dataset8487,dataset543
dataset3193,dataset4777,dataset2485,dataset411
dataset4666,dataset2095,dataset6249,dataset6979
dataset3704,dataset8803,dataset484,dataset977
dataset688,dataset8810,dataset5962,dataset4263
dataset7134,dataset4040,dataset1208,dataset9361
dataset4398,dataset867,dataset5718,dataset6535
dataset9261,dataset7386,dataset5038,dataset5701
dataset1540,dataset1917,dataset6929,dataset1161
dataset2473,dataset5933,dataset1455,dataset7569
dataset3640,dataset9268,dataset7941,dataset2711
dataset9153,dataset8315,dataset5283,dataset8257
dataset8818,dataset6920,dataset9860,dataset2356
dataset6801,dataset4261,dataset5604,dataset401
dataset1462,dataset5766,dataset1672,dataset6677
dataset8305,dataset2593,dataset3250,dataset2946
dataset4016,dataset5031,dataset3999,dataset1984
dataset3290,dataset948,dataset615,dataset6266
dataset3861,dataset5978,dataset1566,dataset6618
dataset702,dataset5139,dataset7654,dataset4522
dataset4629,dataset902,dataset1864,dataset3228
dataset8534,dataset4401,dataset437,dataset6342
dataset8142,dataset2216,dataset8885,dataset3179
dataset4036,dataset6810,dataset1521,dataset5568
dataset8751,dataset9312,dataset4294,dataset5793
dataset5188,dataset5626,dataset3990,dataset6437
dataset2289,dataset4596,dataset9628,dataset415
dataset8550,dataset3353,dataset8563,dataset8380
dataset5333,dataset2362,dataset2514,dataset1650
dataset7318,dataset8787,dataset4783,dataset6361
dataset4362,dataset624,dataset7169,dataset963
dataset3216,dataset7491,dataset3170,dataset3654
dataset7567,dataset8129,dataset5723,dataset9157
dataset6252,dataset6415,dataset5173,dataset9593
dataset8551,dataset3901,dataset4611,dataset2920
dataset3075,dataset3108,dataset2998,dataset3477
dataset2655,dataset5520,dataset8027,dataset267
dataset7321,dataset8436,dataset100,dataset766
dataset5950,dataset7871,dataset6960,dataset110
dataset1039,dataset2580,dataset1634,dataset3282
dataset4765,dataset9542,dataset4492,dataset5887
dataset3717,dataset4976,dataset2646,dataset5586
dataset9297,dataset7861,dataset1809,dataset2908
dataset2063,dataset2247,dataset7867,dataset2758
dataset2438,dataset3623,dataset2389,dataset3024
dataset3320,dataset8048,dataset3833,dataset9345
dataset9758,dataset8335,dataset9975,dataset1659
dataset2921,dataset4176,dataset1386,dataset5200
dataset7949,dataset314,dataset7611,dataset5059
dataset292,dataset7866,dataset7223,dataset1946
dataset8906,dataset3493,dataset9972,dataset7827
dataset574,dataset5891,dataset1146,dataset6157
dataset5443,dataset5522,dataset4889,dataset755
dataset280,dataset396,dataset9061,dataset4462
dataset7748,dataset1741,dataset5911,dataset1509
dataset9228,dataset260,dataset7701,dataset8313
dataset7789,dataset2349,dataset897,dataset2360
dataset2960,dataset2510,dataset6200,dataset2190
dataset9139,dataset5682,dataset5567,dataset8743
dataset4194,dataset6379,dataset6637,dataset9714
dataset2340,dataset2172,dataset6472,dataset7934
dataset1358,dataset3669,dataset9170,dataset6280
dataset7549,dataset9910,dataset9176,dataset2795
dataset9076,dataset9689,dataset497,dataset7387
dataset2720,dataset2169,dataset5991,dataset555
dataset585,dataset9050,dataset2214,dataset8034
dataset3450,dataset5595,dataset4257,dataset834
dataset4201,dataset6513,dataset7629,dataset4951
dataset4685,dataset1260,dataset5073,dataset7565
dataset7873,dataset7600,dataset8262,dataset9917
dataset8638,dataset1488,dataset326,dataset7726
dataset7287,dataset4764,dataset2329,dataset2158
dataset8138,dataset2432,dataset8222,dataset2590
dataset5244,dataset7813,dataset4604,dataset4129
dataset283,dataset2997,dataset6957,dataset3035
dataset1294,dataset5119,dataset2761,dataset3677
dataset6963,dataset4196,dataset6703,dataset1663
dataset2358,dataset7759,dataset1844,dataset5462
dataset5787,dataset2622,dataset943,dataset925
dataset7211,dataset3366,dataset6594,dataset5278
dataset2986,dataset2888,dataset4803,dataset8938
dataset7938,dataset8685,dataset8951,dataset5746
dataset290,dataset5398,dataset3989,dataset423
dataset1271,dataset5885,dataset8432,dataset3239
dataset682,dataset1131,dataset6655,dataset1480
dataset7929,dataset6943,dataset1126,dataset2157
dataset2499,dataset1556,dataset9496,dataset136
dataset4834,dataset7243,dataset4321,dataset2917
dataset7437,dataset1498,dataset6824,dataset9059
dataset6785,dataset7396,dataset1375,dataset739
dataset7868,dataset6718,dataset9358,dataset7942
dataset1538,dataset461,dataset9841,dataset5220
dataset864,dataset6317,dataset1671,dataset20
dataset7314,dataset2261,dataset7669,dataset5985
dataset8819,dataset677,dataset1223,dataset2125
dataset3997,dataset8542,dataset1353,dataset8283
dataset6668,dataset9317,dataset5769,dataset9562
dataset5149,dataset8077,dataset5612,dataset6712
dataset7470,dataset5141,dataset6224,dataset8620
dataset5661,dataset1625,dataset7814,dataset5288
dataset6927,dataset2255,dataset6885,dataset9597
dataset2277,dataset1732,dataset239,dataset9402
dataset3910,dataset4695,dataset1367,dataset1870
dataset1244,dataset4407,dataset9677,dataset145
dataset9884,dataset4634,dataset8562,dataset6275
dataset2002,dataset3622,dataset8866,dataset4891
dataset8754,dataset8125,dataset3951,dataset7350
dataset852,dataset5764,dataset3534,dataset3988
dataset5296,dataset2977,dataset9816,dataset5658
dataset9218,dataset4144,dataset3145,dataset547
dataset8721,dataset1216,dataset3920,dataset4142
dataset4958,dataset1852,dataset3019,dataset2737
dataset6424,dataset704,dataset6563,dataset9257
dataset6725,dataset5662,dataset8694,dataset6542
dataset6140,dataset7650,dataset4381,dataset8765
dataset4167,dataset2940,dataset2,dataset218
dataset5772,dataset1752,dataset9617,dataset6928
dataset2971,dataset8282,dataset1073,dataset7443
dataset5189,dataset2617,dataset5818,dataset1390
dataset3846,dataset1726,dataset7747,dataset9779
dataset1747,dataset7891,dataset6050,dataset8902
dataset228,dataset6111,dataset1442,dataset6380
dataset8664,dataset5606,dataset8215,dataset619
dataset6723,dataset3514,dataset4654,dataset9026
dataset6670,dataset5472,dataset3463,dataset6858
dataset6288,dataset8712,dataset7655,dataset1400
dataset3062,dataset3635,dataset238,dataset6896
dataset1483,dataset9505,dataset6672,dataset3111
dataset1448,dataset9541,dataset2337,dataset7463
dataset8594,dataset1725,dataset9083,dataset8245
dataset7958,dataset7584,dataset2586,dataset8922
dataset2786,dataset2297,dataset1408,dataset7893
dataset6777,dataset8137,dataset4243,dataset2597
dataset2583,dataset5268,dataset6881,dataset9658
dataset2385,dataset7280,dataset935,dataset8713
dataset3039,dataset9006,dataset5864,dataset1598
dataset778,dataset7797,dataset5097,dataset3416
dataset5259,dataset3983,dataset3899,dataset5436
dataset1810,dataset1239,dataset5407,dataset1922
dataset9936,dataset9,dataset8659,dataset7196
dataset1965,dataset8732,dataset8183,dataset5617
dataset1003,dataset8269,dataset9516,dataset2891
dataset8430,dataset3777,dataset7415,dataset565
dataset4773,dataset8358,dataset9302,dataset7103
dataset6749,dataset349,dataset3071,dataset3272
dataset6605,dataset2902,dataset2969,dataset1040
dataset7446,dataset9865,dataset5177,dataset2450
dataset7688,dataset9990,dataset7990,dataset6051
dataset5008,dataset1772,dataset593,dataset5352
dataset9587,dataset1550,dataset5419,dataset9697
dataset8521,dataset214,dataset8139,dataset2800
dataset6425,dataset2168,dataset1838,dataset1950
dataset9548,dataset7042,dataset6126,dataset9002
dataset3342,dataset2841,dataset7504,dataset4463
dataset7269,dataset5383,dataset3963,dataset1567
dataset1117,dataset6540,dataset5711,dataset8389
dataset144,dataset8284,dataset5967,dataset2424
dataset4545,dataset505,dataset2851,dataset1624
dataset8597,dataset2912,dataset7131,dataset5094
dataset6060,dataset816,dataset7459,dataset6537
dataset9825,dataset3042,dataset9759,dataset8004
dataset4594,dataset3369,dataset1054,dataset7785
dataset7125,dataset985,dataset2111,dataset9382
dataset74,dataset8634,dataset258,dataset5266
dataset2793,dataset8146,dataset2899,dataset1346
dataset278,dataset3596,dataset431,dataset215
dataset809,dataset289,dataset9330,dataset6435
dataset764,dataset826,dataset5103,dataset3949
dataset8966,dataset6278,dataset5538,dataset7954
dataset8053,dataset4236,dataset6656,dataset3626
dataset1587,dataset1969,dataset9966,dataset7649
dataset4810,dataset475,dataset4638,dataset8896
dataset2754,dataset5693,dataset1761,dataset6629
dataset4105,dataset361,dataset3243,dataset7392
dataset8371,dataset1737,dataset1001,dataset9115
dataset7069,dataset9830,dataset8656,dataset380
dataset1314,dataset8933,dataset8198,dataset6730
dataset3095,dataset5166,dataset721,dataset9417
dataset7751,dataset9831,dataset3137,dataset5423
dataset1900,dataset8983,dataset1579,dataset2942
dataset6926,dataset4470,dataset3188,dataset3597
dataset3568,dataset7791,dataset1336,dataset2603
dataset589,dataset6494,dataset1722,dataset4290
dataset1700,dataset9725,dataset5015,dataset732
dataset6826,dataset94,dataset8581,dataset9544
dataset114,dataset3340,dataset8752,dataset4971
dataset4560,dataset4494,dataset603,dataset2249
dataset5512,dataset203,dataset4926,dataset5311
dataset6035,dataset5156,dataset7675,dataset6983
dataset6175,dataset614,dataset4886,dataset1742
dataset2540,dataset156,dataset5920,dataset373
dataset4268,dataset7509,dataset8206,dataset213
dataset9529,dataset3009,dataset9926,dataset6152
dataset9734,dataset2934,dataset1100,dataset7755
dataset3189,dataset1122,dataset1059,dataset5553
dataset2556,dataset7120,dataset1157,dataset6039
dataset6634,dataset7465,dataset7642,dataset4849
dataset8160,dataset4794,dataset9508,dataset1474
dataset338,dataset9144,dataset2999,dataset6293
dataset1142,dataset2460,dataset9637,dataset1086
dataset7478,dataset4050,dataset3206,dataset6674
dataset4484,dataset4156,dataset4907,dataset8631
dataset884,dataset5086,dataset2497,dataset8880
dataset9656,dataset7728,dataset115,dataset7256
dataset6630,dataset4811,dataset3125,dataset9025
dataset9352,dataset9921,dataset7988,dataset5381
dataset6497,dataset5196,dataset725,dataset2199
dataset5057,dataset4800,dataset4804,dataset9572
dataset3549,dataset4008,dataset9771,dataset3823
dataset9998,dataset2331,dataset3974,dataset5590
dataset2080,dataset1998,dataset2532,dataset1795
dataset7005,dataset2703,dataset6829,dataset5748
dataset3550,dataset3249,dataset9514,dataset1145
dataset6319,dataset7405,dataset7450,dataset7121
dataset5489,dataset2414,dataset3737,dataset649
dataset8319,dataset8386,dataset5001,dataset2434
dataset1243,dataset6357,dataset4679,dataset3884
dataset1155,dataset8898,dataset3403,dataset5295
dataset8995,dataset5206,dataset3361,dataset469
dataset4565,dataset3748,dataset500,dataset4806
dataset1739,dataset783,dataset9281,dataset1712
dataset9049,dataset3579,dataset7076,dataset6370
dataset1585,dataset2926,dataset2506,dataset7606
dataset1476,dataset5705,dataset599,dataset3110
dataset728,dataset9081,dataset6053,dataset5782
dataset8908,dataset2937,dataset9339,dataset991
dataset4826,dataset4255,dataset5578,dataset7422
dataset3790,dataset701,dataset8755,dataset4639
dataset8959,dataset6664,dataset2774,dataset1847
dataset4980,dataset4265,dataset8476,dataset495
dataset1200,dataset1823,dataset1180,dataset6913
dataset8701,dataset2020,dataset8102,dataset9899
dataset6155,dataset5320,dataset7521,dataset2701
dataset1313,dataset2651,dataset3538,dataset4468
dataset1738,dataset8779,dataset5569,dataset8108
dataset8759,dataset5181,dataset6264,dataset2652
dataset4622,dataset8130,dataset8962,dataset8843
dataset7146,dataset3927,dataset8069,dataset8296
dataset3832,dataset4099,dataset4590,dataset3724
dataset6151,dataset2318,dataset141,dataset1089
dataset8792,dataset6108,dataset6247,dataset6022
dataset5125,dataset9359,dataset5269,dataset6105
dataset9957,dataset4083,dataset9342,dataset3973
dataset4096,dataset2584,dataset2719,dataset8431
dataset7766,dataset3013,dataset9367,dataset9837
dataset8823,dataset9118,dataset4080,dataset3917
dataset4209,dataset8746,dataset2068,dataset830
dataset4481,dataset6557,dataset6116,dataset9487
dataset1194,dataset3877,dataset2927,dataset7718
dataset6488,dataset9095,dataset1120,dataset1362
dataset9586,dataset1158,dataset4796,dataset5527
dataset4840,dataset1106,dataset5005,dataset8573
dataset5720,dataset7167,dataset2398,dataset3296
dataset6631,dataset5954,dataset434,dataset7202
dataset5585,dataset6773,dataset3448,dataset5874
dataset6119,dataset6940,dataset9638,dataset8599
dataset3560,dataset1169,dataset513,dataset5019
dataset907,dataset1989,dataset3196,dataset2734
dataset2821,dataset6208,dataset1074,dataset4491
dataset6210,dataset7352,dataset5205,dataset6872
dataset2659,dataset4793,dataset7066,dataset4442
dataset7393,dataset3975,dataset2781,dataset5817
dataset3304,dataset7908,dataset5532,dataset8229
dataset1071,dataset2892,dataset2525,dataset854
dataset493,dataset7075,dataset1393,dataset1576
dataset6344,dataset8539,dataset6442,dataset2093
dataset5199,dataset5473,dataset8805,dataset248
dataset1379,dataset7604,dataset1277,dataset8900
dataset8735,dataset4527,dataset7063,dataset346
dataset9613,dataset4471,dataset2653,dataset9267
dataset6316,dataset6307,dataset7452,dataset488
dataset2909,dataset6650,dataset7053,dataset782
dataset1130,dataset3844,dataset3044,dataset9784
dataset8786,dataset7323,dataset5425,dataset8460
dataset659,dataset9063,dataset6261,dataset817
dataset7205,dataset5664,dataset3166,dataset4110
dataset940,dataset7712,dataset91,dataset104
dataset1128,dataset7453,dataset5060,dataset2457
dataset3063,dataset6914,dataset7181,dataset2283
dataset1915,dataset3234,dataset2046,dataset7730
dataset2561,dataset9642,dataset8101,dataset6458
dataset1029,dataset5627,dataset5949,dataset5415
dataset9700,dataset6717,dataset6729,dataset4405
dataset9321,dataset6721,dataset3585,dataset7858
dataset7729,dataset8334,dataset3313,dataset2448
dataset7842,dataset8281,dataset4973,dataset7710
dataset9472,dataset6528,dataset3886,dataset2395
dataset9605,dataset2015,dataset3160,dataset6520
dataset8741,dataset6852,dataset5791,dataset6967
dataset6324,dataset4503,dataset7240,dataset4713
dataset9877,dataset8016,dataset1453,dataset5481
dataset2064,dataset4169,dataset6128,dataset3789
dataset1829,dataset8379,dataset4945,dataset1172
dataset3328,dataset3429,dataset3209,dataset2484
dataset8559,dataset2170,dataset5070,dataset5622
dataset1736,dataset6433,dataset5373,dataset5726
dataset2036,dataset7268,dataset6792,dataset724
dataset8877,dataset998,dataset2978,dataset4171
dataset7635,dataset5372,dataset60,dataset9577
dataset6737,dataset7265,dataset8802,dataset5761
dataset760,dataset3773,dataset252,dataset5581
dataset2088,dataset2408,dataset1707,dataset2449
dataset7194,dataset844,dataset1163,dataset6555
dataset8548,dataset681,dataset8258,dataset7266
dataset6440,dataset5845,dataset2490,dataset2778
dataset7456,dataset4487,dataset9932,dataset2922
dataset8297,dataset8852,dataset5851,dataset5475
dataset2810,dataset3544,dataset6733,dataset1869
dataset3687,dataset7676,dataset8591,dataset4580
dataset2324,dataset4467,dataset4102,dataset5270
dataset8088,dataset9283,dataset7746,dataset7232
dataset2775,dataset6693,dataset6900,dataset354
dataset5126,dataset8840,dataset1583,dataset9009
dataset5753,dataset889,dataset9404,dataset7898
dataset9338,dataset6765,dataset9753,dataset38
dataset5737,dataset7095,dataset9976,dataset5780
dataset6122,dataset7684,dataset6004,dataset1505
dataset2045,dataset2830,dataset3226,dataset7894
dataset9096,dataset204,dataset8688,dataset7028
dataset2648,dataset4798,dataset4060,dataset7708
dataset1227,dataset96,dataset6182,dataset6778
dataset4172,dataset6487,dataset4644,dataset5053
dataset5783,dataset8876,dataset7065,dataset5530
dataset6469,dataset3161,dataset7919,dataset4217
dataset6936,dataset5428,dataset2527,dataset7659
dataset3154,dataset9263,dataset1875,dataset5030
dataset5914,dataset3402,dataset5641,dataset8307
dataset7518,dataset2826,dataset174,dataset1491
dataset480,dataset458,dataset1581,dataset4368
dataset811,dataset9924,dataset9055,dataset4075
dataset9284,dataset4056,dataset1286,dataset4059
dataset3287,dataset7213,dataset5516,dataset8264
dataset7129,dataset8491,dataset1236,dataset8465
dataset392,dataset1052,dataset5477,dataset2641
dataset4154,dataset2784,dataset2645,dataset8595
dataset2880,dataset1774,dataset4933,dataset9379
dataset2924,dataset6189,dataset4997,dataset7571
dataset8919,dataset4397,dataset9311,dataset8114
dataset2724,dataset3089,dataset5685,dataset4461
dataset7736,dataset7184,dataset1062,dataset1187
dataset7457,dataset1098,dataset1037,dataset3758
dataset4562,dataset3866,dataset7209,dataset4766
dataset882,dataset8028,dataset7607,dataset5795
dataset5020,dataset4322,dataset7906,dataset7863
dataset467,dataset1195,dataset6141,dataset1668
dataset5544,dataset3581,dataset6030,dataset1885
dataset736,dataset2355,dataset3725,dataset3495
dataset5652,dataset941,dataset3855,dataset7143
dataset1799,dataset4586,dataset5502,dataset6653
dataset2585,dataset8948,dataset6444,dataset4650
dataset4709,dataset481,dataset5061,dataset3156
dataset7170,dataset7921,dataset4982,dataset124
dataset5890,dataset2376,dataset1273,dataset5600
dataset2211,dataset9015,dataset4577,dataset9797
dataset3244,dataset9309,dataset703,dataset1834
dataset8505,dataset4975,dataset1058,dataset4041
dataset6184,dataset1395,dataset1159,dataset1204
dataset2368,dataset5243,dataset5768,dataset3766
dataset5615,dataset3389,dataset2963,dataset7097
dataset9013,dataset1933,dataset1221,dataset1382
dataset6450,dataset1961,dataset6584,dataset5535
dataset1311,dataset1179,dataset3893,dataset9866
dataset2988,dataset2084,dataset3404,dataset1110
dataset8988,dataset8549,dataset9811,dataset7862
dataset2312,dataset740,dataset8085,dataset5745
dataset1962,dataset4425,dataset9950,dataset3602
dataset7793,dataset5975,dataset3883,dataset8145
dataset1182,dataset2831,dataset3484,dataset7107
dataset9110,dataset6700,dataset3324,dataset1733
dataset7348,dataset5164,dataset8039,dataset4610
dataset8291,dataset2654,dataset9388,dataset1612
dataset652,dataset2572,dataset8357,dataset5367
dataset5601,dataset9093,dataset4288,dataset4584
dataset3909,dataset7039,dataset6823,dataset5067
dataset9695,dataset4581,dataset7706,dataset6643
dataset4174,dataset8587,dataset1135,dataset8286
dataset8565,dataset429,dataset1856,dataset2137
dataset7656,dataset1420,dataset2010,dataset334
dataset1992,dataset8439,dataset6617,dataset3347
dataset640,dataset7913,dataset382,dataset685
dataset45,dataset8783,dataset5006,dataset2980
dataset2877,dataset323,dataset5576,dataset3242
dataset7578,dataset167,dataset8078,dataset1478
dataset7907,dataset4966,dataset6661,dataset9772
dataset4517,dataset3728,dataset8942,dataset6904
dataset3667,dataset6834,dataset4395,dataset2028
dataset6007,dataset6093,dataset6968,dataset8537
dataset7188,dataset1978,dataset9650,dataset3985
dataset162,dataset7943,dataset2517,dataset8231
dataset7853,dataset7331,dataset4536,dataset4947
dataset2427,dataset3965,dataset5646,dataset2573
dataset435,dataset4357,dataset5609,dataset6673
dataset8065,dataset2471,dataset8351,dataset4237
dataset8388,dataset7407,dataset9098,dataset2369
dataset1934,dataset8623,dataset1388,dataset1956
dataset7320,dataset3300,dataset1222,dataset3194
dataset997,dataset2957,dataset32,dataset5802
dataset2673,dataset3264,dataset1319,dataset7887
dataset4048,dataset3094,dataset3424,dataset5935
dataset3046,dataset7009,dataset7601,dataset6598
dataset2129,dataset1600,dataset225,dataset2469
dataset7778,dataset1982,dataset2153,dataset1531
dataset6925,dataset2747,dataset674,dataset7325
dataset4846,dataset1555,dataset8228,dataset3892
dataset9424,dataset7930,dataset2565,dataset8425
dataset668,dataset9909,dataset5301,dataset9777
dataset4977,dataset6750,dataset944,dataset5880
dataset3543,dataset128,dataset6045,dataset4024
dataset8331,dataset5699,dataset5631,dataset7492
dataset1043,dataset9845,dataset9205,dataset7809
dataset1377,dataset4779,dataset6371,dataset6304
dataset4335,dataset6217,dataset3804,dataset1340
dataset7012,dataset8971,dataset7761,dataset8424
dataset1330,dataset2361,dataset5883,dataset2399
dataset4351,dataset5088,dataset8290,dataset247
dataset7455,dataset6992,dataset4244,dataset372
dataset6510,dataset7292,dataset1862,dataset646
dataset3010,dataset4345,dataset7991,dataset4784
dataset6769,dataset3379,dataset7717,dataset363
dataset4019,dataset6065,dataset9347,dataset341
dataset6384,dataset7744,dataset6911,dataset5857
dataset5774,dataset2675,dataset5453,dataset3184
dataset6671,dataset1615,dataset7749,dataset7376
dataset9967,dataset8171,dataset6028,dataset7212
dataset8661,dataset2279,dataset9647,dataset8149
dataset6864,dataset5347,dataset8450,dataset4017
dataset4770,dataset9299,dataset2442,dataset54
dataset6156,dataset9278,dataset4199,dataset6986
dataset4230,dataset1677,dataset5027,dataset769
dataset3263,dataset2000,dataset6154,dataset502
dataset4553,dataset6120,dataset4874,dataset7888
dataset5041,dataset5807,dataset1607,dataset2159
dataset6221,dataset2189,dataset5995,dataset5306
dataset4365,dataset949,dataset8036,dataset7291
dataset5010,dataset9289,dataset6887,dataset9944
dataset7070,dataset2204,dataset3647,dataset3377
dataset6079,dataset9324,dataset5050,dataset339
dataset5007,dataset5760,dataset2764,dataset5225
dataset8738,dataset8103,dataset5930,dataset7796
dataset5028,dataset3139,dataset7939,dataset6159
dataset7692,dataset8960,dataset5338,dataset3555
dataset6612,dataset1816,dataset5252,dataset5862
dataset6466,dataset3895,dataset2640,dataset934
dataset4788,dataset2623,dataset9680,dataset7038
dataset209,dataset465,dataset2930,dataset4177
dataset1176,dataset5924,dataset3177,dataset8150
dataset4939,dataset7024,dataset5482,dataset9863
dataset3754,dataset7690,dataset5207,dataset7922
dataset6103,dataset5548,dataset1652,dataset8727
dataset3868,dataset1280,dataset4184,dataset8092
dataset8666,dataset9088,dataset3012,dataset5039
dataset7963,dataset2689,dataset9745,dataset4186
dataset1088,dataset3187,dataset1493,dataset4558
dataset9060,dataset6476,dataset2875,dataset7207
dataset877,dataset2319,dataset3248,dataset3027
dataset4616,dataset2526,dataset9313,dataset5072
dataset9368,dataset3496,dataset9552,dataset1237
dataset5091,dataset7379,dataset6177,dataset9937
dataset3093,dataset8352,dataset367,dataset7008
dataset955,dataset9769,dataset1303,dataset8851
dataset6234,dataset1356,dataset479,dataset9058
dataset2231,dataset4575,dataset7006,dataset450
dataset8349,dataset5328,dataset4031,dataset3541
dataset1369,dataset9360,dataset6738,dataset9790
dataset9511,dataset1651,dataset4703,dataset1756
dataset6084,dataset3132,dataset6314,dataset7632
dataset3972,dataset8958,dataset2415,dataset4504
dataset9611,dataset1332,dataset9519,dataset4588
dataset6052,dataset7743,dataset7859,dataset3302
dataset8592,dataset309,dataset6622,dataset3007
dataset5461,dataset5120,dataset3638,dataset2684
dataset5391,dataset6348,dataset126,dataset8019
dataset1207,dataset7365,dataset4155,dataset9114
dataset2745,dataset8438,dataset5258,dataset8586
dataset6383,dataset7166,dataset5049,dataset8600
dataset356,dataset1350,dataset8965,dataset4688
dataset7165,dataset1519,dataset6302,dataset3271
dataset1750,dataset5763,dataset1298,dataset389
dataset106,dataset6290,dataset5329,dataset2193
dataset9970,dataset4743,dataset5426,dataset832
dataset4065,dataset6419,dataset5421,dataset5280
dataset7485,dataset2904,dataset165,dataset1525
dataset8859,dataset1837,dataset26,dataset1804
dataset7251,dataset9785,dataset3068,dataset795
dataset7850,dataset8464,dataset4664,dataset5677
dataset5514,dataset5932,dataset2495,dataset9235
dataset6807,dataset4506,dataset5138,dataset4755
dataset6391,dataset5297,dataset6845,dataset195
dataset3138,dataset7999,dataset3462,dataset3285
dataset3410,dataset4330,dataset5588,dataset6802
dataset4160,dataset7596,dataset1537,dataset6072
dataset8,dataset9738,dataset4984,dataset8598
dataset8658,dataset5976,dataset2035,dataset9016
dataset2043,dataset5137,dataset6550,dataset8604
dataset9322,dataset4121,dataset9575,dataset242
dataset2342,dataset1315,dataset4960,dataset6532
dataset9355,dataset3072,dataset6698,dataset1553
dataset2092,dataset2105,dataset4965,dataset5554
dataset2798,dataset7765,dataset551,dataset3946
dataset6742,dataset2607,dataset9941,dataset5607
dataset2863,dataset8420,dataset8678,dataset6948
dataset5334,dataset770,dataset206,dataset6146
dataset3406,dataset7301,dataset2375,dataset6786
dataset4832,dataset788,dataset4559,dataset4452
dataset3506,dataset4656,dataset8644,dataset1943
dataset3083,dataset1266,dataset6811,dataset626
dataset6876,dataset2272,dataset3826,dataset2625
dataset1276,dataset1730,dataset2933,dataset140
dataset2371,dataset6969,dataset3015,dataset2776
dataset4310,dataset6374,dataset9545,dataset2062
dataset8881,dataset710,dataset9646,dataset7767
dataset5539,dataset608,dataset2722,dataset4053
dataset2463,dataset3715,dataset3337,dataset3594
dataset7319,dataset8451,dataset2707,dataset171
dataset2451,dataset9733,dataset7627,dataset5582
dataset9690,dataset7021,dataset2357,dataset1526
dataset3335,dataset5501,dataset1466,dataset675
dataset5377,dataset1123,dataset5803,dataset6782
dataset4989,dataset5980,dataset6183,dataset2730
dataset5239,dataset9559,dataset6965,dataset2138
dataset299,dataset7774,dataset2732,dataset9895
dataset561,dataset7630,dataset9043,dataset8155
dataset4128,dataset9085,dataset9861,dataset6874
dataset8673,dataset2871,dataset5065,dataset806
dataset443,dataset3705,dataset275,dataset9048
dataset5779,dataset1231,dataset3672,dataset1777
dataset4440,dataset8703,dataset2500,dataset9234
dataset6075,dataset7157,dataset5632,dataset4399
dataset9378,dataset5003,dataset7787,dataset7800
dataset6980,dataset4165,dataset2209,dataset7233
dataset2807,dataset6851,dataset4929,dataset7219
dataset3559,dataset9246,dataset4391,dataset7830
dataset4949,dataset5993,dataset3925,dataset9580
dataset7608,dataset7341,dataset2363,dataset4628
dataset6212,dataset4116,dataset5215,dataset4475
dataset2316,dataset8208,dataset4138,dataset9766
dataset3449,dataset3839,dataset5169,dataset7663
dataset1459,dataset2467,dataset3774,dataset1641
dataset1447,dataset1055,dataset4608,dataset4148
dataset3860,dataset2657,dataset5687,dataset4203
dataset9169,dataset3763,dataset6254,dataset4429
dataset6409,dataset68,dataset9245,dataset924
dataset6882,dataset2468,dataset9893,dataset8610
dataset6176,dataset8480,dataset1284,dataset6534
dataset3841,dataset8837,dataset5519,dataset9827
dataset846,dataset3307,dataset8400,dataset5275
dataset5555,dataset9826,dataset8273,dataset8641
dataset1376,dataset5237,dataset7102,dataset5133
dataset7532,dataset2511,dataset4256,dataset6593
dataset1032,dataset2639,dataset544,dataset5317
dataset4473,dataset3578,dataset8422,dataset1264
dataset1269,dataset4964,dataset6446,dataset7193
dataset7622,dataset5541,dataset3680,dataset2895
dataset7500,dataset9599,dataset5861,dataset6821
dataset328,dataset4067,dataset9804,dataset2070
dataset3485,dataset9891,dataset7847,dataset9470
dataset7534,dataset6300,dataset4636,dataset6581
dataset28,dataset3409,dataset9221,dataset2006
dataset8100,dataset1757,dataset1597,dataset2570
dataset6416,dataset5216,dataset2618,dataset2487
dataset8006,dataset4887,dataset8564,dataset7514
dataset9765,dataset4786,dataset3283,dataset318
dataset3732,dataset1883,dataset2613,dataset3440
dataset879,dataset3679,dataset4213,dataset2177
dataset1250,dataset1297,dataset5907,dataset7777
dataset8532,dataset3421,dataset7739,dataset5412
dataset631,dataset9517,dataset111,dataset7937
dataset5434,dataset8868,dataset5515,dataset2790
dataset9578,dataset9520,dataset8184,dataset6993
dataset570,dataset7264,dataset9629,dataset637
dataset7294,dataset1715,dataset5160,dataset5397
dataset5667,dataset8033,dataset3894,dataset4898
dataset5678,dataset8997,dataset1940,dataset4567
dataset4842,dataset1544,dataset3992,dataset7996
dataset2606,dataset4089,dataset1971,dataset5905
dataset776,dataset7536,dataset7254,dataset1699
dataset7308,dataset9421,dataset7052,dataset5704
dataset5982,dataset8890,dataset7790,dataset9413
dataset9688,dataset3026,dataset3803,dataset6688
dataset4884,dataset2486,dataset6223,dataset7720
dataset4856,dataset1229,dataset1007,dataset173
dataset3329,dataset4854,dataset5109,dataset5101
dataset3668,dataset4746,dataset6010,dataset4941
dataset6330,dataset5947,dataset433,dataset7671
dataset1355,dataset5203,dataset7176,dataset5300
dataset2950,dataset5910,dataset451,dataset2637
dataset3201,dataset2008,dataset3772,dataset4879
dataset5611,dataset1304,dataset405,dataset4821
dataset6868,dataset4139,dataset7200,dataset1224
dataset673,dataset2126,dataset2479,dataset4894
dataset895,dataset7525,dataset6130,dataset9872
dataset1518,dataset4320,dataset6915,dataset9532
dataset1599,dataset1296,dataset9156,dataset1696
dataset931,dataset1582,dataset1084,dataset4458
dataset8621,dataset5240,dataset1306,dataset7506
dataset6369,dataset5457,dataset5839,dataset3819
dataset8191,dataset3519,dataset4388,dataset5487
dataset9792,dataset7883,dataset5324,dataset2308
dataset9736,dataset6417,dataset5117,dataset2299
dataset388,dataset4389,dataset1879,dataset6640
dataset109,dataset2452,dataset7278,dataset4146
dataset4813,dataset8485,dataset3904,dataset984
dataset2323,dataset1569,dataset6501,dataset6165
dataset1513,dataset2833,dataset9574,dataset2769
dataset625,dataset9041,dataset5363,dataset6078
dataset5939,dataset3760,dataset4937,dataset5095
dataset5906,dataset1939,dataset2770,dataset9087
dataset1648,dataset426,dataset3764,dataset3465
dataset7408,dataset3600,dataset5898,dataset1609
dataset6736,dataset1403,dataset6588,dataset7955
dataset1656,dataset1888,dataset6614,dataset2065
dataset1802,dataset3785,dataset6179,dataset7160
dataset8001,dataset4930,dataset8031,dataset7660
dataset1151,dataset3968,dataset6751,dataset5736
dataset9808,dataset9995,dataset4736,dataset5172
dataset8596,dataset6997,dataset3850,dataset2575
dataset8260,dataset3598,dataset7043,dataset712
dataset4143,dataset999,dataset300,dataset9601
dataset6057,dataset7109,dataset1859,dataset8428
dataset9435,dataset6916,dataset6518,dataset3471
dataset4300,dataset6362,dataset3500,dataset6142
dataset5264,dataset995,dataset959,dataset8601
dataset9458,dataset5608,dataset3432,dataset1702
dataset3556,dataset4651,dataset4691,dataset741
dataset4714,dataset1211,dataset1093,dataset3532
dataset5052,dataset5785,dataset7283,dataset5035
dataset5174,dataset6624,dataset3621,dataset7270
dataset8736,dataset2327,dataset6008,dataset1240
dataset6477,dataset6509,dataset4258,dataset3003
dataset5375,dataset552,dataset1060,dataset929
dataset4542,dataset7811,dataset2874,dataset2454
dataset6002,dataset7046,dataset3374,dataset2335
dataset5147,dataset8364,dataset9521,dataset7515
dataset3215,dataset7380,dataset3643,dataset343
dataset306,dataset6327,dataset8972,dataset6715
dataset2347,dataset1218,dataset5089,dataset4859
dataset7077,dataset4141,dataset8507,dataset653
dataset5344,dataset2660,dataset3069,dataset5826
dataset6121,dataset5325,dataset2677,dataset2905
dataset6893,dataset3510,dataset9255,dataset9679
dataset7844,dataset7315,dataset3375,dataset1034
dataset1198,dataset2992,dataset2982,dataset5657
dataset4724,dataset9327,dataset1027,dataset511
dataset4187,dataset3697,dataset4396,dataset8996
dataset2523,dataset7979,dataset5996,dataset6695
dataset5938,dataset4990,dataset8158,dataset9964
dataset680,dataset5100,dataset3981,dataset1500
dataset4723,dataset6463,dataset4168,dataset6048
dataset1018,dataset9240,dataset9625,dataset5313
dataset3467,dataset6865,dataset6443,dataset8684
dataset4328,dataset9873,dataset2276,dataset6034
dataset7424,dataset3259,dataset5742,dataset824
dataset4073,dataset3306,dataset4541,dataset5830
dataset7368,dataset4726,dataset3993,dataset9396
dataset9039,dataset518,dataset3546,dataset9409
dataset9954,dataset4916,dataset6158,dataset315
dataset7976,dataset6553,dataset2017,dataset2182
dataset9116,dataset3900,dataset5145,dataset8842
dataset3964,dataset2436,dataset1467,dataset6891
dataset1325,dataset1760,dataset2302,dataset7713
dataset1076,dataset9054,dataset915,dataset2039
dataset2441,dataset6641,dataset9107,dataset4207
dataset9722,dataset7355,dataset5832,dataset7609
dataset8382,dataset8448,dataset821,dataset1523
dataset3052,dataset8466,dataset1908,dataset6533
dataset9301,dataset7171,dataset7633,dataset9890
dataset1803,dataset8402,dataset2394,dataset9319
dataset6194,dataset5961,dataset4312,dataset910
dataset5941,dataset9711,dataset5688,dataset6352
dataset6747,dataset6950,dataset8240,dataset1230
dataset5499,dataset4962,dataset210,dataset5305
dataset556,dataset3876,dataset8556,dataset3084
dataset6815,dataset50,dataset779,dataset1835
dataset8687,dataset8397,dataset5715,dataset8461
dataset6058,dataset6880,dataset5643,dataset2090
dataset5364,dataset489,dataset5322,dataset8049
dataset9275,dataset7936,dataset9935,dataset9456
dataset4082,dataset5074,dataset4573,dataset7639
dataset1679,dataset9133,dataset5394,dataset8850
dataset7304,dataset29,dataset253,dataset2048
dataset7289,dataset6195,dataset3810,dataset8643
dataset9415,dataset9667,dataset5879,dataset6912
dataset1660,dataset3798,dataset7640,dataset7322
dataset6684,dataset454,dataset7222,dataset2429
dataset1710,dataset6835,dataset6628,dataset6088
dataset9788,dataset92,dataset9859,dataset5197
dataset3391,dataset9822,dataset8525,dataset4472
dataset6422,dataset1855,dataset7583,dataset810
dataset8932,dataset7651,dataset4771,dataset6745
dataset2548,dataset862,dataset961,dataset7084
dataset9610,dataset7628,dataset5222,dataset7286
dataset9961,dataset8110,dataset3475,dataset1975
dataset1023,dataset146,dataset521,dataset1017
dataset3735,dataset5655,dataset644,dataset7441
dataset2073,dataset1980,dataset376,dataset1987
dataset4833,dataset926,dataset3676,dataset3099
dataset9220,dataset8073,dataset7477,dataset6565
dataset1186,dataset9849,dataset7989,dataset988
dataset2869,dataset9476,dataset7513,dataset370
dataset8375,dataset2393,dataset9901,dataset1897
dataset8214,dataset6012,dataset5337,dataset2612
dataset5376,dataset2629,dataset8309,dataset7528
dataset5739,dataset9362,dataset4424,dataset6964
dataset1310,dataset7530,dataset7398,dataset6632
dataset2816,dataset8677,dataset3118,dataset4447
dataset4455,dataset1830,dataset7231,dataset2682
dataset6338,dataset5228,dataset3470,dataset883
dataset9582,dataset5635,dataset7229,dataset7986
dataset4242,dataset5706,dataset6516,dataset8295
dataset8360,dataset8098,dataset9855,dataset872
dataset4091,dataset4303,dataset3001,dataset522
dataset881,dataset6918,dataset5603,dataset3091
dataset2284,dataset8889,dataset4123,dataset6178
dataset7351,dataset9193,dataset6043,dataset6101
dataset4115,dataset525,dataset4272,dataset9882
dataset2498,dataset6814,dataset3631,dataset4763
dataset2366,dataset9119,dataset5680,dataset2321
dataset5321,dataset9662,dataset8301,dataset8067
dataset15,dataset4531,dataset7817,dataset2478
dataset7135,dataset9963,dataset6366,dataset2979
dataset5948,dataset9223,dataset89,dataset7488
dataset4694,dataset3055,dataset4719,dataset3220
dataset6486,dataset9556,dataset7363,dataset9466
dataset2494,dataset7127,dataset9298,dataset1381
dataset5798,dataset7449,dataset5093,dataset3711
dataset184,dataset7031,dataset3879,dataset212
dataset8543,dataset3525,dataset9870,dataset823
dataset8793,dataset8209,dataset8068,dataset7139
dataset9005,dataset6813,dataset2716,dataset8731
dataset2746,dataset7144,dataset8715,dataset1759
dataset6514,dataset1384,dataset6017,dataset7643
dataset4979,dataset2313,dataset4286,dataset4551
dataset592,dataset2549,dataset2804,dataset6831
dataset8940,dataset7552,dataset5056,dataset6529
dataset7968,dataset8985,dataset3853,dataset4347
dataset8527,dataset4710,dataset9495,dataset3038
dataset7733,dataset4181,dataset581,dataset4246
dataset6289,dataset5973,dataset3232,dataset7298
dataset3619,dataset3392,dataset7469,dataset958
dataset3308,dataset4010,dataset5002,dataset3694
dataset7594,dataset5902,dataset930,dataset9648
dataset7695,dataset3135,dataset7865,dataset132
dataset3542,dataset9492,dataset1085,dataset6806
dataset8030,dataset6569,dataset4817,dataset9968
dataset2304,dataset952,dataset1489,dataset5870
dataset9241,dataset9953,dataset632,dataset371
dataset9334,dataset4208,dataset9150,dataset6041
dataset9172,dataset1247,dataset8433,dataset3316
dataset4737,dataset3444,dataset8192,dataset5513
dataset1547,dataset1291,dataset3915,dataset8781
dataset7034,dataset4899,dataset9126,dataset9280
dataset8107,dataset9558,dataset579,dataset1342
dataset4002,dataset6397,dataset1515,dataset4204
dataset5441,dataset4673,dataset259,dataset9878
dataset3469,dataset5877,dataset6763,dataset8711
dataset9703,dataset4991,dataset5185,dataset3212
dataset123,dataset261,dataset4873,dataset4106
dataset4712,dataset850,dataset2936,dataset754
dataset1257,dataset6853,dataset5253,dataset3980
dataset8978,dataset2269,dataset5402,dataset3533
dataset5901,dataset1949,dataset3587,dataset2873
dataset2907,dataset6692,dataset3273,dataset7877
dataset3494,dataset5702,dataset3065,dataset65
dataset1805,dataset8707,dataset2676,dataset5754
dataset8871,dataset355,dataset9988,dataset9485
dataset8606,dataset6125,dataset8796,dataset385
dataset6031,dataset4914,dataset8671,dataset3295
dataset3859,dataset5781,dataset5789,dataset139
dataset1744,dataset1136,dataset9616,dataset1090
dataset8976,dataset6843,dataset5805,dataset9598
dataset6326,dataset9979,dataset3547,dataset7961
dataset1251,dataset4718,dataset4375,dataset9229
dataset7260,dataset9986,dataset3595,dataset650
dataset825,dataset6439,dataset4515,dataset7610
dataset9655,dataset8747,dataset9373,dataset491
dataset3407,dataset583,dataset3289,dataset1785
dataset4827,dataset9406,dataset2818,dataset700
dataset6318,dataset9546,dataset9250,dataset4281
dataset3487,dataset9659,dataset7148,dataset8636
dataset6073,dataset5144,dataset9881,dataset2253
dataset9437,dataset9651,dataset8682,dataset5263
dataset4920,dataset851,dataset9353,dataset3520
dataset1771,dataset5584,dataset2847,dataset805
dataset5450,dataset7385,dataset8714,dataset1713
dataset7255,dataset3149,dataset2082,dataset6976
dataset6907,dataset5878,dataset5926,dataset8234
dataset8913,dataset5115,dataset8429,dataset4498
dataset9775,dataset441,dataset3269,dataset9510
dataset545,dataset6213,dataset6460,dataset4100
dataset8624,dataset7918,dataset4721,dataset2397
dataset4697,dataset1929,dataset8188,dataset7145
dataset3370,dataset6906,dataset7644,dataset7420
dataset3260,dataset6127,dataset506,dataset395
dataset9951,dataset6573,dataset1267,dataset9122
dataset6235,dataset8501,dataset5210,dataset9247
dataset711,dataset6160,dataset4993,dataset4371
dataset4537,dataset6770,dataset8998,dataset9980
dataset3718,dataset8261,dataset462,dataset4601
dataset6404,dataset7825,dataset4377,dataset8926
dataset2160,dataset7589,dataset8977,dataset2890
dataset533,dataset8196,dataset3213,dataset8306
dataset5281,dataset922,dataset9201,dataset6237
dataset1308,dataset2576,dataset8558,dataset2507
dataset4023,dataset5616,dataset7221,dataset1181
dataset6771,dataset9644,dataset7474,dataset7821
dataset6243,dataset880,dataset2060,dataset3569
dataset298,dataset1300,dataset3739,dataset6328
dataset833,dataset8226,dataset7426,dataset7108
dataset2208,dataset4302,dataset6652,dataset1545
dataset7152,dataset8121,dataset6812,dataset202
dataset7275,dataset2558,dataset457,dataset3710
dataset2604,dataset2896,dataset3588,dataset856
dataset6096,dataset2832,dataset2114,dataset5180
dataset3380,dataset4423,dataset2823,dataset1770
dataset3751,dataset9869,dataset2401,dataset813
dataset5130,dataset9913,dataset2817,dataset4775
dataset503,dataset4731,dataset8426,dataset8047
dataset320,dataset7029,dataset279,dataset597
dataset7723,dataset9103,dataset8457,dataset1542
dataset620,dataset4178,dataset8512,dataset3266
dataset1411,dataset8784,dataset9008,dataset4546
dataset4607,dataset8789,dataset7019,dataset5312
dataset5439,dataset4508,dataset4956,dataset5560
dataset2387,dataset564,dataset6776,dataset6702
dataset8390,dataset4871,dataset5096,dataset2049
dataset3637,dataset5132,dataset1916,dataset9530
dataset9774,dataset520,dataset9566,dataset6578
dataset9862,dataset8135,dataset2050,dataset3791
dataset4197,dataset4667,dataset1365,dataset1166
dataset1010,dataset2120,dataset5370,dataset901
dataset1191,dataset8782,dataset2541,dataset9683
dataset5319,dataset8093,dataset6667,dataset9914
dataset7904,dataset1407,dataset9194,dataset8090
dataset5979,dataset5016,dataset4903,dataset1529
dataset5484,dataset3395,dataset7147,dataset2005
dataset983,dataset8493,dataset3939,dataset9678
dataset8663,dataset3104,dataset7621,dataset4224
dataset3423,dataset6238,dataset4615,dataset7310
dataset2808,dataset148,dataset6816,dataset5773
dataset5966,dataset7872,dataset3397,dataset7309
dataset4436,dataset1316,dataset535,dataset3961
dataset6649,dataset9135,dataset494,dataset3352
dataset8199,dataset4570,dataset6023,dataset964
dataset8337,dataset190,dataset7421,dataset1094
dataset3146,dataset7503,dataset8105,dataset6188
dataset8021,dataset6798,dataset4974,dataset8057
dataset2024,dataset6731,dataset8143,dataset8570
dataset3388,dataset8936,dataset5912,dataset5414
dataset3151,dataset7641,dataset6401,dataset996
dataset3867,dataset442,dataset8514,dataset4593
dataset6367,dataset7508,dataset7618,dataset8680
dataset3978,dataset1711,dataset1343,dataset7956
dataset4313,dataset6767,dataset7721,dataset1626
dataset4054,dataset1968,dataset5589,dataset8328
dataset3575,dataset5858,dataset5913,dataset9410
dataset9569,dataset6755,dataset7399,dataset9453
dataset6931,dataset9746,dataset3405,dataset1347
dataset8665,dataset1259,dataset1973,dataset8083
dataset8128,dataset3620,dataset6216,dataset4412
dataset9576,dataset6780,dataset1138,dataset4944
dataset3730,dataset859,dataset6006,dataset8729
dataset4069,dataset393,dataset2780,dataset3357
dataset3969,dataset3916,dataset2837,dataset6934
dataset9708,dataset815,dataset9491,dataset3279
dataset8185,dataset2521,dataset5922,dataset6627
dataset6930,dataset5540,dataset2267,dataset2939
dataset2107,dataset6003,dataset4420,dataset8007
dataset5724,dataset4198,dataset7517,dataset8730
dataset2751,dataset27,dataset4488,dataset7187
dataset786,dataset2672,dataset4012,dataset4074
dataset9978,dataset8897,dataset1913,dataset7852
dataset7378,dataset797,dataset9786,dataset9661
dataset3527,dataset5449,dataset697,dataset4905
dataset6734,dataset4985,dataset1688,dataset5972
dataset6681,dataset4961,dataset4790,dataset908
dataset2333,dataset7091,dataset1193,dataset8263
dataset8444,dataset73,dataset8879,dataset8391
dataset9934,dataset8989,dataset9787,dataset8613
dataset5102,dataset4948,dataset4533,dataset1778
dataset5261,dataset2350,dataset8180,dataset2109
dataset7756,dataset2581,dataset9074,dataset827
dataset5326,dataset8341,dataset6938,dataset7208
dataset3478,dataset9807,dataset4460,dataset6753
dataset7080,dataset9823,dataset7185,dataset6147
dataset4465,dataset1863,dataset1638,dataset4216
dataset2246,dataset176,dataset9553,dataset166
dataset8545,dataset5838,dataset1255,dataset8708
dataset4994,dataset1274,dataset255,dataset3183
dataset7916,dataset8118,dataset4682,dataset8740
dataset4414,dataset5610,dataset2057,dataset3339
dataset962,dataset464,dataset485,dataset2066
dataset5712,dataset2958,dataset4936,dataset9202
dataset3457,dataset5107,dataset7544,dataset9588
dataset2693,dataset9840,dataset7198,dataset4215
dataset1335,dataset7788,dataset2609,dataset7890
dataset1399,dataset687,dataset3396,dataset8632
dataset1506,dataset4306,dataset237,dataset8828
dataset77,dataset9175,dataset7752,dataset8724
dataset5681,dataset1627,dataset1924,dataset7468
dataset5951,dataset2536,dataset9742,dataset6071
dataset9815,dataset2794,dataset5741,dataset2213
dataset7725,dataset3205,dataset5497,dataset9554
dataset4305,dataset446,dataset3752,dataset2690
dataset5889,dataset2374,dataset9089,dataset6197
dataset5869,dataset1853,dataset7460,dataset2051
dataset21,dataset6795,dataset4233,dataset5510
dataset7328,dataset4406,dataset1378,dataset7775
dataset8993,dataset2380,dataset1183,dataset4066
dataset5190,dataset2545,dataset2130,dataset9812
dataset6545,dataset1439,dataset4374,dataset1780
dataset6991,dataset2466,dataset7090,dataset8163
dataset2196,dataset3805,dataset4632,dataset3649
dataset2417,dataset5564,dataset8411,dataset1477
dataset4164,dataset6728,dataset4663,dataset1322
dataset2341,dataset63,dataset9894,dataset5987
dataset5936,dataset562,dataset715,dataset4152
dataset5812,dataset6603,dataset718,dataset8367
dataset7770,dataset4419,dataset4241,dataset7553
dataset4923,dataset6024,dataset2069,dataset9230
dataset7561,dataset1928,dataset8354,dataset6456
dataset1436,dataset1683,dataset5365,dataset9983
dataset2796,dataset4749,dataset9718,dataset8899
dataset7960,dataset4970,dataset9762,dataset5486
dataset4058,dataset2493,dataset5011,dataset8267
dataset6877,dataset1031,dataset956,dataset6496
dataset1568,dataset4802,dataset5273,dataset8630
dataset1036,dataset9438,dataset8159,dataset639
dataset9090,dataset5218,dataset839,dataset9167
dataset8020,dataset9900,dataset6381,dataset470
dataset2694,dataset3906,dataset9426,dataset8469
dataset9420,dataset6962,dataset2547,dataset8473
dataset7768,dataset117,dataset7133,dataset749
dataset1475,dataset727,dataset7505,dataset6625
dataset7595,dataset1248,dataset8957,dataset2984
dataset2091,dataset2426,dataset3736,dataset1232
dataset2061,dataset6411,dataset981,dataset4603
dataset3073,dataset1907,dataset6955,dataset4134
dataset888,dataset4968,dataset9399,dataset4292
dataset1731,dataset9583,dataset4547,dataset3505
dataset8220,dataset7466,dataset3274,dataset6222
dataset9273,dataset5470,dataset4214,dataset641
dataset9346,dataset4917,dataset4235,dataset8002
dataset1282,dataset1684,dataset8772,dataset5656
dataset8553,dataset1219,dataset8244,dataset1694
dataset4950,dataset7590,dataset3671,dataset1925
dataset2600,dataset8252,dataset1129,dataset2112
dataset1165,dataset7061,dataset8089,dataset2072
dataset4957,dataset9539,dataset4934,dataset5536
dataset9239,dataset1234,dataset5974,dataset3797
dataset7026,dataset7007,dataset1190,dataset5361
dataset1570,dataset4837,dataset3037,dataset7235
dataset5341,dataset3464,dataset8298,dataset2666
dataset2411,dataset6996,dataset3624,dataset7679
dataset8535,dataset7132,dataset4528,dataset6988
dataset1432,dataset8248,dataset2315,dataset745
dataset8901,dataset3551,dataset9178,dataset5171
dataset4372,dataset2667,dataset8403,dataset5153
dataset1849,dataset9465,dataset2195,dataset205
dataset3419,dataset1275,dataset2254,dataset3103
dataset9814,dataset402,dataset2443,dataset2294
dataset9405,dataset5287,dataset9640,dataset3656
dataset1063,dataset5844,dataset6077,dataset7431
dataset4317,dataset2034,dataset138,dataset169
dataset4814,dataset4373,dataset3743,dataset896
dataset6356,dataset6817,dataset3338,dataset2200
dataset8795,dataset9425,dataset6517,dataset6148
dataset7558,dataset6464,dataset9457,dataset8276
dataset5233,dataset8223,dataset9391,dataset6498
dataset6393,dataset2381,dataset4705,dataset919
dataset842,dataset8865,dataset9684,dataset6106
dataset4500,dataset3124,dataset6029,dataset3208
dataset5630,dataset2031,dataset4348,dataset4430
dataset8474,dataset5248,dataset4860,dataset492
dataset142,dataset2465,dataset7035,dataset3526
dataset6600,dataset898,dataset7242,dataset9203
dataset9654,dataset5122,dataset7064,dataset6236
dataset4805,dataset342,dataset5751,dataset3726
dataset5191,dataset8635,dataset7522,dataset5464
dataset7672,dataset4323,dataset476,dataset8211
dataset8463,dataset6363,dataset6295,dataset1557
dataset8723,dataset8670,dataset107,dataset9635
dataset2512,dataset6298,dataset8800,dataset4785
dataset5413,dataset4289,dataset4027,dataset3799
dataset1787,dataset6515,dataset9670,dataset2964
dataset8254,dataset1560,dataset1302,dataset3661
dataset8518,dataset3908,dataset8454,dataset5175
dataset7388,dataset9377,dataset272,dataset5463
dataset1762,dataset7519,dataset9885,dataset4850
dataset8780,dataset5255,dataset3816,dataset1209
dataset501,dataset519,dataset7637,dataset3128
dataset7995,dataset4336,dataset947,dataset1608
dataset7763,dataset2771,dataset1253,dataset9310
dataset7259,dataset2968,dataset7173,dataset9985
dataset6365,dataset5809,dataset3227,dataset5194
dataset3087,dataset5730,dataset6526,dataset5690
dataset6610,dataset473,dataset3245,dataset7011
dataset6000,dataset5272,dataset8133,dataset9821
dataset8749,dataset1452,dataset2058,dataset9104
dataset333,dataset6944,dataset5369,dataset6804
dataset4635,dataset9867,dataset8529,dataset3966
dataset6066,dataset86,dataset9264,dataset2897
dataset7288,dataset2543,dataset798,dataset613
dataset8920,dataset663,dataset1414,dataset6334
dataset9214,dataset1022,dataset7714,dataset4674
dataset2390,dataset5471,dataset3727,dataset9723
dataset5621,dataset7969,dataset1235,dataset2217
dataset1349,dataset8387,dataset2563,dataset9854
dataset2367,dataset1708,dataset2803,dataset3439
dataset2488,dataset1423,dataset7585,dataset8230
dataset9981,dataset6355,dataset7138,dataset3775
dataset2715,dataset4844,dataset1765,dataset7947
dataset7884,dataset803,dataset3665,dataset8761
dataset7191,dataset6720,dataset7570,dataset8804
dataset4722,dataset8483,dataset7271,dataset7480
dataset4077,dataset9279,dataset2773,dataset9768
dataset340,dataset9386,dataset6981,dataset7745
dataset5757,dataset9543,dataset317,dataset4535
dataset6468,dataset5767,dataset9915,dataset838
dataset9731,dataset2587,dataset2238,dataset6429
dataset7394,dataset8195,dataset3096,dataset1317
dataset6676,dataset3757,dataset67,dataset359
dataset9091,dataset7055,dataset2825,dataset643
dataset9531,dataset1318,dataset2856,dataset7201
dataset9996,dataset2250,dataset4441,dataset8516
dataset3040,dataset5392,dataset4131,dataset611
dataset6735,dataset5356,dataset3246,dataset737
dataset9584,dataset1272,dataset742,dataset5260
dataset1212,dataset1601,dataset4439,dataset5640
dataset3801,dataset945,dataset6492,dataset7559
dataset858,dataset5744,dataset9938,dataset4725
dataset6385,dataset4043,dataset7406,dataset9749
dataset2067,dataset2961,dataset8921,dataset5335
dataset3120,dataset9483,dataset7849,dataset6345
dataset4026,dataset9732,dataset1226,dataset5672
dataset5187,dataset477,dataset5495,dataset5087
dataset8104,dataset305,dataset4496,dataset9271
dataset2047,dataset4659,dataset4009,dataset2311
dataset3195,dataset3716,dataset3662,dataset3346
dataset6879,dataset3262,dataset5202,dataset2544
dataset2928,dataset53,dataset8374,dataset8000
dataset6870,dataset8131,dataset4824,dataset9468
dataset7,dataset1528,dataset4260,dataset2076
dataset7427,dataset3958,dataset8353,dataset234
dataset3609,dataset3967,dataset1828,dataset5875
dataset1329,dataset4071,dataset7482,dataset3709
dataset635,dataset3971,dataset3466,dataset560
dataset4180,dataset6662,dataset2103,dataset3733
dataset8893,dataset2123,dataset1246,dataset1256
dataset4890,dataset2779,dataset7218,dataset6572
dataset325,dataset7666,dataset9236,dataset6937
dataset1167,dataset6590,dataset7885,dataset5017
dataset2384,dataset4267,dataset7004,dataset5940
dataset164,dataset3122,dataset3885,dataset9038
dataset4159,dataset4552,dataset2391,dataset1173
dataset8914,dataset4296,dataset8300,dataset183
dataset3982,dataset4847,dataset7369,dataset52
dataset241,dataset5868,dataset1944,dataset1564
dataset9627,dataset1723,dataset5127,dataset2611
dataset4239,dataset1479,dataset4741,dataset9603
dataset2184,dataset4316,dataset5433,dataset3031
dataset2285,dataset557,dataset6265,dataset2736
dataset9751,dataset3100,dataset9955,dataset1035
dataset9296,dataset2306,dataset5676,dataset853
dataset9130,dataset9806,dataset4114,dataset7444
dataset9879,dataset319,dataset9160,dataset5684
dataset2470,dataset2215,dataset5708,dataset8205
dataset5649,dataset2709,dataset6475,dataset8864
dataset4437,dataset8366,dataset3020,dataset9024
dataset8762,dataset8467,dataset3210,dataset5876
dataset8227,dataset5547,dataset7299,dataset5318
dataset2437,dataset8817,dataset691,dataset5387
dataset414,dataset6259,dataset6340,dataset7023
dataset5917,dataset2121,dataset4983,dataset5294
dataset1695,dataset420,dataset1178,dataset4247
dataset9419,dataset4981,dataset9064,dataset7136
dataset5198,dataset281,dataset9506,dataset5594
dataset9782,dataset8175,dataset8332,dataset2352
dataset8266,dataset7781,dataset2577,dataset8649
dataset2447,dataset2413,dataset4464,dataset3422
dataset8903,dataset1026,dataset8141,dataset499
dataset8417,dataset5860,dataset7510,dataset7646
dataset9977,dataset1786,dataset1781,dataset3698
dataset5778,dataset6315,dataset820,dataset439
dataset6019,dataset7345,dataset6585,dataset9715
dataset9943,dataset6787,dataset8035,dataset3350
dataset6727,dataset5659,dataset1593,dataset6167
dataset7900,dataset6364,dataset3783,dataset8361
dataset5903,dataset7434,dataset3438,dataset4728
dataset2201,dataset8560,dataset9390,dataset6541
dataset3119,dataset1402,dataset1964,dataset5733
dataset8929,dataset8350,dataset23,dataset8533
dataset11,dataset5468,dataset793,dataset7997
dataset9265,dataset4125,dataset3516,dataset5587
dataset6407,dataset2710,dataset9191,dataset7896
dataset3152,dataset2207,dataset6746,dataset582
dataset4088,dataset9820,dataset4478,dataset8029
dataset2884,dataset4093,dataset9189,dataset8070
dataset3690,dataset982,dataset490,dataset2481
dataset3828,dataset7154,dataset6638,dataset2230
dataset790,dataset6452,dataset6706,dataset8106
dataset3524,dataset352,dataset8874,dataset6465
dataset7047,dataset5808,dataset1667,dataset875
dataset4640,dataset6376,dataset4617,dataset4684
dataset7105,dataset7912,dataset4166,dataset3663
dataset4314,dataset7864,dataset5427,dataset5201
dataset8140,dataset2588,dataset3293,dataset1495
dataset8645,dataset2150,dataset7978,dataset4
dataset6070,dataset3907,dataset3674,dataset3398
dataset7823,dataset4404,dataset5820,dataset4526
dataset8585,dataset3977,dataset4393,dataset4479
dataset5257,dataset9380,dataset4643,dataset4282
dataset3865,dataset3869,dataset2903,dataset2919
dataset4877,dataset1504,dataset6790,dataset8844
dataset8427,dataset5251,dataset2078,dataset5507
dataset3181,dataset5776,dataset616,dataset2458
dataset3341,dataset8925,dataset9066,dataset7974
dataset2145,dataset408,dataset2326,dataset7899
dataset2840,dataset951,dataset2539,dataset5534
dataset9173,dataset709,dataset4825,dataset4878
dataset9920,dataset8355,dataset7545,dataset7661
dataset2669,dataset8326,dataset3953,dataset3959
dataset6741,dataset8242,dataset7041,dataset7334
dataset9581,dataset8766,dataset4271,dataset9140
dataset7616,dataset4427,dataset9335,dataset5596
dataset5919,dataset1067,dataset1443,dataset5636
dataset7417,dataset2991,dataset8555,dataset7027
dataset1749,dataset4295,dataset3942,dataset1794
dataset8568,dataset6455,dataset2388,dataset9210
dataset3576,dataset7741,dataset1097,dataset4753
dataset3064,dataset1164,dataset9856,dataset3222
dataset2354,dataset9349,dataset1431,dataset6410
dataset3941,dataset4136,dataset6919,dataset6575
dataset9547,dataset2661,dataset6459,dataset4474
dataset6241,dataset7225,dataset5022,dataset9504
dataset2814,dataset8524,dataset2564,dataset5417
dataset3321,dataset3221,dataset8304,dataset1592
dataset5204,dataset9989,dataset2777,dataset7409
dataset3962,dataset7711,dataset9800,dataset8734
dataset3305,dataset4338,dataset4202,dataset4273
dataset7965,dataset989,dataset9290,dataset8079
dataset4133,dataset3497,dataset7190,dataset3241
dataset7816,dataset5957,dataset1905,dataset6809
dataset9928,dataset5771,dataset1563,dataset6623
dataset4734,dataset9348,dataset6471,dataset1882
dataset8849,dataset7794,dataset2106,dataset4845
dataset7911,dataset542,dataset5163,dataset7870
dataset7875,dataset4893,dataset4466,dataset2292
dataset4132,dataset9589,dataset3701,dataset9065
dataset386,dataset6124,dataset6902,dataset3512
dataset8702,dataset4360,dataset5161,dataset6153
dataset8763,dataset4895,dataset8911,dataset1812
dataset5246,dataset2858,dataset6117,dataset5700
dataset2714,dataset6689,dataset7857,dataset4157
dataset7897,dataset3174,dataset5816,dataset7471
dataset1449,dataset876,dataset227,dataset4578
dataset6279,dataset2428,dataset5843,dataset8895
dataset8115,dataset621,dataset3417,dataset9929
dataset5114,dataset8415,dataset5562,dataset3610
dataset4690,dataset2351,dataset327,dataset8833
dataset5770,dataset3565,dataset1843,dataset808
dataset7820,dataset8771,dataset3268,dataset6067
dataset7155,dataset9809,dataset8293,dataset1953
dataset6844,dataset3315,dataset271,dataset1215
dataset526,dataset3545,dataset6204,dataset1469
dataset3399,dataset777,dataset4366,dataset7072
dataset5090,dataset2083,dataset7382,dataset6064
dataset9206,dataset8393,dataset5842,dataset6956
dataset3301,dataset2949,dataset3749,dataset1418
dataset7841,dataset4274,dataset1718,dataset6679
dataset5078,dataset151,dataset3280,dataset44
dataset9231,dataset5476,dataset4858,dataset6642
dataset2259,dataset7631,dataset1572,dataset2325
dataset7117,dataset1461,dataset4706,dataset1996
dataset3401,dataset3605,dataset3102,dataset8981
dataset4791,dataset1793,dataset4104,dataset4676
dataset7239,dataset4868,dataset5079,dataset9113
dataset7895,dataset4249,dataset4205,dataset9778
dataset70,dataset1705,dataset2614,dataset5018
dataset4576,dataset5500,dataset2021,dataset9857
dataset5762,dataset1735,dataset42,dataset1114
dataset6687,dataset2932,dataset1981,dataset201
dataset1628,dataset6262,dataset7423,dataset5821
dataset3483,dataset2298,dataset4183,dataset3214
dataset3897,dataset2670,dataset7523,dataset4383
dataset6977,dataset170,dataset7697,dataset601
dataset835,dataset6789,dataset6788,dataset266
dataset841,dataset7735,dataset3821,dataset3695
dataset9704,dataset7551,dataset9896,dataset5245
dataset8219,dataset6966,dataset5099,dataset1800
dataset4598,dataset5431,dataset7499,dataset3230
dataset8270,dataset4337,dataset7277,dataset447
dataset7030,dataset1920,dataset7307,dataset9232
dataset7698,dataset840,dataset4356,dataset6329
dataset4524,dataset4446,dataset233,dataset8459
dataset2186,dataset8769,dataset1613,dataset4727
dataset9509,dataset5025,dataset4900,dataset6951
dataset5549,dataset3818,dataset7507,dataset7017
dataset3008,dataset6353,dataset6069,dataset5192
dataset9197,dataset5151,dataset1412,dataset9067
dataset9042,dataset8894,dataset1753,dataset9874
dataset7258,dataset8050,dataset7856,dataset9134
dataset7447,dataset4495,dataset1877,dataset2702
dataset62,dataset3912,dataset5155,dataset8246
dataset9030,dataset496,dataset1527,dataset7625
dataset2519,dataset5385,dataset9630,dataset6766
dataset5154,dataset8580,dataset3616,dataset7854
dataset3731,dataset8017,dataset3412,dataset4853
dataset4592,dataset6714,dataset2099,dataset2738
dataset5430,dataset5422,dataset3824,dataset4011
dataset8918,dataset2914,dataset7931,dataset5098
dataset2444,dataset2839,dataset1685,dataset8536
dataset7540,dataset8719,dataset9036,dataset8494
dataset8791,dataset8272,dataset2868,dataset8867
dataset6251,dataset2416,dataset1822,dataset8221
dataset5458,dataset1045,dataset6636,dataset3459
dataset6953,dataset1691,dataset1512,dataset4382
dataset3756,dataset2404,dataset5697,dataset6038
dataset4052,dataset4759,dataset950,dataset2440
dataset9012,dataset7538,dataset1836,dataset1000
dataset3360,dataset1051,dataset6621,dataset7682
dataset7263,dataset8207,dataset8151,dataset4600
dataset3275,dataset474,dataset1745,dataset2081
dataset7889,dataset3441,dataset6935,dataset5546
dataset2695,dataset4642,dataset8471,dataset4483
dataset5085,dataset9770,dataset1935,dataset8931
dataset3591,dataset1197,dataset3513,dataset7802
dataset9889,dataset3502,dataset7384,dataset8329
dataset1364,dataset264,dataset4653,dataset3682
dataset3235,dataset208,dataset5577,dataset189
dataset5707,dataset7058,dataset4020,dataset8399
dataset5574,dataset6036,dataset8203,dataset2194
dataset7332,dataset661,dataset8040,dataset9991
dataset5719,dataset9385,dataset8967,dataset3030
dataset9397,dataset1445,dataset8187,dataset5673
dataset7497,dataset558,dataset9671,dataset3632
dataset1704,dataset2953,dataset2883,dataset6098
dataset251,dataset2288,dataset8338,dataset4869
dataset4212,dataset1999,dataset1147,dataset9431
dataset3919,dataset9287,dataset8785,dataset2966
dataset8152,dataset9757,dataset9649,dataset7356
dataset2104,dataset2086,dataset7060,dataset4140
dataset9432,dataset1430,dataset2475,dataset2240
dataset8339,dataset3211,dataset7342,dataset2477
dataset9181,dataset463,dataset9987,dataset5290
dataset9948,dataset9018,dataset9477,dataset8574
dataset2260,dataset51,dataset2785,dataset384
dataset4251,dataset9602,dataset7959,dataset8982
dataset3168,dataset4044,dataset2533,dataset8176
dataset5277,dataset409,dataset1854,dataset2166
dataset2305,dataset8520,dataset6711,dataset6359
dataset3931,dataset7016,dataset6683,dataset322
dataset8515,dataset4480,dataset534,dataset2681
dataset7910,dataset8692,dataset4866,dataset3076
dataset3696,dataset3427,dataset690,dataset410
dataset1112,dataset7247,dataset3256,dataset4211
dataset7576,dataset5140,dataset9454,dataset6489
dataset14,dataset2699,dataset3356,dataset3461
dataset3742,dataset6406,dataset3116,dataset5111
dataset8907,dataset1681,dataset6161,dataset9288
dataset2222,dataset2987,dataset6886,dataset8870
dataset9888,dataset9251,dataset2042,dataset5446
dataset4222,dataset8748,dataset2568,dataset6832
dataset4004,dataset353,dataset4838,dataset8484
dataset960,dataset425,dataset345,dataset4511
dataset316,dataset654,dataset5408,dataset4801
dataset3157,dataset4045,dataset9789,dataset6426
dataset8992,dataset7098,dataset6587,dataset5396
dataset3036,dataset2698,dataset9534,dataset936
dataset3097,dataset4892,dataset2727,dataset7174
dataset6586,dataset2226,dataset7557,dataset8063
dataset1485,dataset7371,dataset6097,dataset5552
dataset9793,dataset5014,dataset2894,dataset9832
dataset2504,dataset730,dataset6694,dataset1826
dataset2864,dataset9186,dataset7819,dataset2307
dataset9262,dataset5666,dataset6999,dataset9962
dataset2144,dataset9374,dataset2453,dataset9254
dataset9073,dataset5342,dataset7619,dataset4353
dataset8255,dataset3617,dataset8032,dataset1686
dataset130,dataset2430,dataset2156,dataset1746
dataset4227,dataset3431,dataset7172,dataset3518
dataset336,dataset8775,dataset4998,dataset2087
dataset9930,dataset4624,dataset3014,dataset6856
dataset1502,dataset567,dataset3447,dataset5043
dataset4223,dataset3887,dataset9233,dataset3050
dataset8446,dataset406,dataset76,dataset6752
dataset4637,dataset3771,dataset7773,dataset7673
dataset5749,dataset4529,dataset3721,dataset9316
dataset4354,dataset2013,dataset5654,dataset5023
dataset2223,dataset1125,dataset6032,dataset8043
dataset2954,dataset5752,dataset6619,dataset2410
dataset6793,dataset127,dataset8317,dataset7967
dataset2686,dataset3400,dataset7087,dataset1932
dataset6837,dataset5310,dataset7693,dataset7013
dataset444,dataset6589,dataset4055,dataset4279
dataset7914,dataset1175,dataset4778,dataset847
dataset2234,dataset9750,dataset1776,dataset2697
dataset1938,dataset8179,dataset1559,dataset4364
dataset4413,dataset3746,dataset5557,dataset4086
dataset1417,dataset7981,dataset3489,dataset8808
dataset4434,dataset9171,dataset2981,dataset1832
dataset2229,dataset6709,dataset2717,dataset9912
dataset3834,dataset906,dataset3684,dataset7753
dataset9023,dataset5068,dataset9752,dataset1536
dataset5561,dataset4822,dataset1013,dataset1288
dataset8679,dataset3750,dataset8776,dataset3200
dataset8181,dataset3237,dataset6857,dataset1214
dataset375,dataset3373,dataset3294,dataset1887
dataset6123,dataset9308,dataset2359,dataset5859
dataset3898,dataset2124,dataset4720,dataset2602
dataset3960,dataset7772,dataset4661,dataset1937
dataset1416,dataset1902,dataset3848,dataset4122
dataset1075,dataset2336,dataset369,dataset2537
dataset4063,dataset4572,dataset4660,dataset6531
dataset9428,dataset1766,dataset5162,dataset230
dataset8372,dataset7599,dataset9222,dataset2149
dataset2019,dataset330,dataset5645,dataset6574
dataset516,dataset249,dataset6803,dataset1225
dataset6094,dataset6757,dataset536,dataset5013
dataset4992,dataset8323,dataset8136,dataset1435
dataset7418,dataset9612,dataset7295,dataset5292
dataset6118,dataset4807,dataset1687,dataset9726
dataset1792,dataset3472,dataset845,dataset5925
dataset4175,dataset3539,dataset486,dataset699
dataset6754,dataset1057,dataset5956,dataset6309
dataset8947,dataset3029,dataset3639,dataset8904
dataset5580,dataset9021,dataset2291,dataset5517
dataset150,dataset5286,dataset6037,dataset6320
dataset1189,dataset6639,dataset1689,dataset5999
dataset3334,dataset3986,dataset2014,dataset5106
dataset1080,dataset7498,dataset6797,dataset756
dataset168,dataset2760,dataset3344,dataset6044
dataset6209,dataset1884,dataset3845,dataset5790
dataset193,dataset2142,dataset5550,dataset1815
dataset6493,dataset5235,dataset1299,dataset5084
dataset9131,dataset9824,dataset8162,dataset5289
dataset7071,dataset5429,dataset5386,dataset4897
dataset630,dataset1,dataset8667,dataset6283
dataset8072,dataset1406,dataset3150,dataset1655
dataset9446,dataset6408,dataset8213,dataset5224
dataset3002,dataset605,dataset6308,dataset968
dataset2071,dataset6716,dataset3592,dataset9761
dataset672,dataset3112,dataset5537,dataset4453
dataset5,dataset4851,dataset6647,dataset9709
dataset4829,dataset8225,dataset3922,dataset8654
dataset7370,dataset8395,dataset7346,dataset9136
dataset6021,dataset6272,dataset9973,dataset3780
dataset2180,dataset9401,dataset95,dataset7548
dataset39,dataset8015,dataset1049,dataset6378
dataset706,dataset1676,dataset4378,dataset2176
dataset7141,dataset5254,dataset7336,dataset5886
dataset3723,dataset9997,dataset8697,dataset5648
dataset1038,dataset8294,dataset3970,dataset8204
dataset236,dataset3186,dataset1177,dataset4200
dataset4626,dataset4774,dataset9608,dataset8406
dataset224,dataset6191,dataset6894,dataset6242
dataset3720,dataset8109,dataset4733,dataset2266
dataset7668,dataset3164,dataset6470,dataset9079
dataset3871,dataset8405,dataset7554,dataset2233
dataset3382,dataset5075,dataset772,dataset1657
dataset2857,dataset512,dataset7750,dataset9760
dataset6836,dataset785,dataset7487,dataset2628
dataset4532,dataset2983,dataset8605,dataset9952
dataset2973,dataset75,dataset3383,dataset19
dataset7762,dataset4153,dataset1241,dataset7462
dataset4717,dataset7083,dataset8557,dataset5983
dataset3778,dataset8726,dataset6701,dataset1840
dataset6092,dataset2822,dataset335,dataset3509
dataset3918,dataset4270,dataset3080,dataset7546
dataset4415,dataset9028,dataset2705,dataset553
dataset904,dataset7901,dataset4189,dataset5378
dataset885,dataset3657,dataset2131,dataset9819
dataset6530,dataset7032,dataset304,dataset8633
dataset8392,dataset8479,dataset6174,dataset3548
dataset9592,dataset5467,dataset6759,dataset9057
dataset1119,dataset2518,dataset3903,dataset3101
dataset2820,dataset3889,dataset9304,dataset5998
dataset7078,dataset2027,dataset6339,dataset2461
dataset548,dataset3851,dataset8964,dataset2011
dataset6432,dataset7511,dataset4327,dataset7353
dataset3446,dataset2281,dataset6020,dataset6503
dataset588,dataset9614,dataset8212,dataset1966
dataset7782,dataset8646,dataset8412,dataset734
dataset9108,dataset9423,dataset8087,dataset7114
dataset1874,dataset5852,dataset5069,dataset2382
dataset8378,dataset694,dataset3436,dataset1092
dataset8801,dataset9040,dataset25,dataset9665
dataset4582,dataset4232,dataset191,dataset4324
dataset3219,dataset3678,dataset2445,dataset3056
dataset6448,dataset3528,dataset9507,dataset4489
dataset5619,dataset7373,dataset5848,dataset7598
dataset2332,dataset9623,dataset9858,dataset1156
dataset6607,dataset154,dataset8359,dataset993
dataset9408,dataset1923,dataset2258,dataset8583
dataset1440,dataset5624,dataset6659,dataset4331
dataset6172,dataset4707,dataset5474,dataset5047
dataset6633,dataset3558,dataset9341,dataset761
dataset3902,dataset1292,dataset746,dataset9682
dataset2001,dataset71,dataset61,dataset3830
dataset9163,dataset4843,dataset5076,dataset1327
dataset1203,dataset368,dataset1532,dataset9340
dataset1082,dataset2187,dataset303,dataset7001
dataset4521,dataset3653,dataset2728,dataset1072
dataset6005,dataset5167,dataset554,dataset3503
dataset9596,dataset2464,dataset7020,dataset8968
dataset8891,dataset7564,dataset43,dataset4861
dataset9398,dataset9325,dataset7045,dataset9634
dataset2700,dataset7812,dataset1496,dataset1326
dataset3312,dataset8441,dataset3292,dataset5157
dataset6743,dataset8075,dataset9354,dataset6168
dataset4297,dataset3079,dataset604,dataset4005
dataset3129,dataset3130,dataset8616,dataset2148
dataset8096,dataset3081,dataset3651,dataset4384
dataset1014,dataset9685,dataset9177,dataset3583
dataset1341,dataset1610,dataset1734,dataset5345
dataset3603,dataset5418,dataset5959,dataset5710
dataset6420,dataset2838,dataset1464,dataset1503
dataset8941,dataset9149,dataset4698,dataset6909
dataset256,dataset7680,dataset3878,dataset578
dataset8249,dataset3641,dataset5108,dataset775
dataset1252,dataset1891,dataset6091,dataset3689
dataset6046,dataset7647,dataset8292,dataset3343
dataset3571,dataset8224,dataset5440,dataset9791
dataset7062,dataset9270,dataset3504,dataset2516
dataset8577,dataset5332,dataset4173,dataset8318
dataset2053,dataset7917,dataset4857,dataset9488
dataset6047,dataset2098,dataset1320,dataset5856
dataset6954,dataset3303,dataset4250,dataset2113
dataset5483,dataset9444,dataset3817,dataset3890
dataset4623,dataset9560,dataset531,dataset2378
dataset3557,dataset4163,dataset8541,dataset482
dataset8500,dataset8052,dataset9303,dataset5523
dataset8757,dataset4514,dataset2827,dataset34
dataset6201,dataset6884,dataset2643,dataset4293
dataset5291,dataset9436,dataset6761,dataset5721
dataset4421,dataset8912,dataset6910,dataset1872
dataset3390,dataset8863,dataset9740,dataset197
dataset9471,dataset3185,dataset9498,dataset5208
dataset7944,dataset7527,dataset9227,dataset4438
dataset4848,dataset1360,dataset9639,dataset194
dataset5675,dataset9430,dataset6336,dataset1632
dataset6601,dataset7115,dataset9256,dataset9994
dataset4457,dataset5689,dataset586,dataset7685
dataset6360,dataset6474,dataset6506,dataset6225
dataset1912,dataset1871,dataset5409,dataset8503
dataset3351,dataset7998,dataset933,dataset5613
dataset6989,dataset6055,dataset1947,dataset4367
dataset5893,dataset4264,dataset1743,dataset9540
dataset2059,dataset5508,dataset8368,dataset7593
dataset1858,dataset3530,dataset8058,dataset9259
dataset7297,dataset6760,dataset1481,dataset606
dataset4767,dataset8937,dataset6544,dataset1758
dataset9875,dataset7110,dataset8462,dataset460
dataset4355,dataset9120,dataset3437,dataset7010
dataset8710,dataset6062,dataset99,dataset1611
dataset243,dataset8113,dataset2003,dataset8812
dataset9536,dataset4403,dataset9253,dataset2750
dataset7840,dataset5400,dataset9249,dataset4809
dataset1530,dataset5493,dataset3702,dataset9664
dataset1472,dataset4597,dataset9003,dataset8363
dataset8238,dataset2783,dataset609,dataset226
dataset9007,dataset17,dataset1997,dataset9174
dataset5955,dataset3976,dataset3714,dataset2852
dataset4732,dataset2127,dataset4042,dataset4238
dataset9165,dataset4379,dataset7575,dataset9403
dataset5250,dataset9853,dataset9217,dataset7339
dataset7970,dataset2248,dataset5526,dataset2952
dataset8458,dataset159,dataset3051,dataset2096
dataset5884,dataset5308,dataset7113,dataset9137
dataset4863,dataset5683,dataset3267,dataset4277
dataset7227,dataset3554,dataset4587,dataset1268
dataset1948,dataset8571,dataset9686,dataset748
dataset1899,dataset670,dataset8314,dataset3849
dataset2812,dataset1433,dataset378,dataset471
dataset8011,dataset6867,dataset7025,dataset6722
dataset3114,dataset6461,dataset8739,dataset5029
dataset8561,dataset2889,dataset7880,dataset1896
dataset900,dataset8342,dataset9464,dataset4428
dataset2765,dataset6180,dataset7112,dataset3482
dataset9452,dataset2218,dataset9200,dataset2392
dataset5416,dataset1492,dataset4831,dataset2508
dataset8025,dataset5729,dataset6285,dataset8178
dataset7977,dataset9674,dataset7696,dataset1789
dataset7834,dataset3140,dataset2287,dataset5026
dataset9343,dataset4797,dataset8495,dataset7537
dataset6137,dataset6998,dataset8953,dataset2996
dataset2174,dataset4792,dataset1143,dataset7296
dataset9111,dataset268,dataset4416,dataset6924
dataset207,dataset7473,dataset3827,dataset468
dataset5819,dataset3107,dataset381,dataset8767
dataset1507,dataset580,dataset5775,dataset2163
dataset2620,dataset7175,dataset4566,dataset2296
